"matrix_id";"baseline";"ceof_cor";"stat_nodf_columns";"stat_nodf_rows";"stat_nodf_general";"stat_temp"
"vanschaik2009_habitualcustomary_only";"c0";0,958457273269907;27,2072829131653;31,1607142857143;27,3849652220439;37,0415253660719
"vanschaik2009_habitualcustomary_only";"c0";0,989432462899601;24,3165266106443;25,8801020408163;24,3867996636857;48,568643855944
"vanschaik2009_habitualcustomary_only";"c0";0,9612300297036;24,6106442577031;30,7501030715316;24,8865749909089;43,4234673708347
"vanschaik2009_habitualcustomary_only";"c0";0,982866776828559;25,6470588235294;28,3021541950113;25,7663889525848;39,4430733580916
"vanschaik2009_habitualcustomary_only";"c0";0,988921390791823;25,6470588235294;26,8707482993197;25,7020561033402;40,8775159568021
"vanschaik2009_habitualcustomary_only";"c0";0,978446217462042;23,2100840336134;27,4234693877551;23,3994496675075;38,6694620733488
"vanschaik2009_habitualcustomary_only";"c0";0,968122905276339;26,1428571428571;29,5713512677798;26,2969467664492;40,6910459109658
"vanschaik2009_habitualcustomary_only";"c0";0,957461622678907;26,7955182072829;31,6539115646258;27,0138729649163;40,9948345989564
"vanschaik2009_habitualcustomary_only";"c0";0,975127723536842;24,7142857142857;28,4623015873016;24,8827358658819;44,5796818777526
"vanschaik2009_habitualcustomary_only";"c0";0,985748448657441;23,9383753501401;25,0042517006803;23,9862799052205;52,8988994521399
"vanschaik2009_habitualcustomary_only";"c0";0,979594247671379;25,0448179271709;26,8027210884354;25,1238248108232;44,5880612415915
"vanschaik2009_habitualcustomary_only";"c0";0,976794518797376;22,7450980392157;26,2556689342404;22,9028765064078;44,1572813993601
"vanschaik2009_habitualcustomary_only";"c0";0,984207552666644;24,6806722689076;26,0416666666667;24,7418405564473;43,3112766590247
"vanschaik2009_habitualcustomary_only";"c0";0,98916582495035;23,1596638655462;25,843253968254;23,2802746566791;44,0156640863372
"vanschaik2009_habitualcustomary_only";"c0";0,980123717466765;23,9775910364146;21,8948412698413;23,8839843053326;48,7504307232674
"vanschaik2009_habitualcustomary_only";"c0";0,983714971215425;23,5574229691877;27,9761904761905;23,7560192616372;47,814820491579
"vanschaik2009_habitualcustomary_only";"c0";0,995713025643285;23,0896358543417;19,9192176870748;22,9471451501949;55,1256007262685
"vanschaik2009_habitualcustomary_only";"c0";0,985772367702422;23,187675070028;26,0841836734694;23,3178552319804;40,9939629013153
"vanschaik2009_habitualcustomary_only";"c0";0,961773000786224;26,0028011204482;27,4617346938775;26,0683711686922;45,2528708587625
"vanschaik2009_habitualcustomary_only";"c0";0,98614539295078;24,3921568627451;25,8843537414966;24,4592218910036;48,8574170101646
"vanschaik2009_habitualcustomary_only";"c0";0,986507635204901;23,9243697478992;22,2293083900227;23,8481872149609;49,3829858149233
"vanschaik2009_habitualcustomary_only";"c0";0,981257170241925;26,1148459383754;27,172619047619;26,1623863028357;40,5911028639185
"vanschaik2009_habitualcustomary_only";"c0";0,977271915781525;24,890756302521;27,9662698412698;25,0289816301052;46,6635998912651
"vanschaik2009_habitualcustomary_only";"c0";0,973497424240292;23,3921568627451;28,1462585034014;23,6058243522128;43,7806616850405
"vanschaik2009_habitualcustomary_only";"c0";0,958889907372397;25,8207282913165;27,9081632653061;25,9145455935183;40,6553033586379
"vanschaik2009_habitualcustomary_only";"c0";0,992615091526548;24,0420168067227;20,4577664399093;23,8809269025962;51,5392781480319
"vanschaik2009_habitualcustomary_only";"c0";0,980487860629777;24,2521008403361;27,4589002267574;24,3962266554562;52,8675328834759
"vanschaik2009_habitualcustomary_only";"c0";0,973965198704157;25,8851540616247;27,4447278911565;25,9552472674463;48,0570699977002
"vanschaik2009_habitualcustomary_only";"c0";0,968826366057833;26,0112044817927;28,0045351473923;26,1007923768758;46,9909703840047
"vanschaik2009_habitualcustomary_only";"c0";0,97207218570395;26,0112044817927;33,8311688311688;26,3626635536748;35,0689416961497
"vanschaik2009_habitualcustomary_only";"c0";0,992149811646004;23,9243697478992;20,4931972789116;23,770159749293;50,9451945865153
"vanschaik2009_habitualcustomary_only";"c0";0,976903276865476;26,4453781512605;30,6859410430839;26,6359652475222;37,4313360567176
"vanschaik2009_habitualcustomary_only";"c0";0,952875093781441;27,109243697479;30,4464285714286;27,2592295345104;44,2338785170738
"vanschaik2009_habitualcustomary_only";"c0";0,976887155369598;23,7759103641457;30,5725623582766;24,0813778694999;45,0692366379648
"vanschaik2009_habitualcustomary_only";"c0";0,958184409538395;26,0868347338936;26,6071428571429;26,1102193686463;43,9844933800264
"vanschaik2009_habitualcustomary_only";"c0";0,959092632805821;26,4145658263305;31,7018398268398;26,6521961184883;38,61932302269
"vanschaik2009_habitualcustomary_only";"c0";0,949997268920468;25,4145658263305;29,2857142857143;25,5885500267523;38,8202185618017
"vanschaik2009_habitualcustomary_only";"c0";0,97391092386454;25,96918767507;31,2103174603175;26,2047440699126;37,1495497174164
"vanschaik2009_habitualcustomary_only";"c0";0,971248545649095;25,4145658263305;29,2006802721088;25,5847282733318;41,774466384827
"vanschaik2009_habitualcustomary_only";"c0";0,979347513981745;25,1624649859944;31,4880952380952;25,4467629748529;39,6170536615076
"vanschaik2009_habitualcustomary_only";"c0";0,985125490282047;23,8823529411765;28,125;24,0730337078652;44,4124652102723
"vanschaik2009_habitualcustomary_only";"c0";0,988720861293652;23,1456582633053;18,6862244897959;22,9452342734847;53,3389828509167
"vanschaik2009_habitualcustomary_only";"c0";0,983876210573758;24,5966386554622;30,4336734693878;24,8589772987847;39,537178723168
"vanschaik2009_habitualcustomary_only";"c0";0,981000170877781;23,7198879551821;22,4603174603175;23,6632780453005;48,9372074419631
"vanschaik2009_habitualcustomary_only";"c0";0,952704048811432;26,7254901960784;28,9965986394558;26,8275624856684;42,0368849474826
"vanschaik2009_habitualcustomary_only";"c0";0,988805074900748;21,2408963585434;26,8211451247166;21,4916940558995;41,8474442560094
"vanschaik2009_habitualcustomary_only";"c0";0,988188849087418;24,5966386554622;23,7740929705215;24,5596703100716;50,177774197326
"vanschaik2009_habitualcustomary_only";"c0";0,982457281573892;24,6778711484594;25,187074829932;24,7007567071773;53,1033803978319
"vanschaik2009_habitualcustomary_only";"c0";0,995431203959525;22,9495798319328;17,8571428571429;22,7207062600321;58,8943247882549
"vanschaik2009_habitualcustomary_only";"c0";0,951401506305488;26,7591036414566;30,6207482993197;26,9326607047313;41,4130544347156
"vanschaik2009_habitualcustomary_only";"c0";0,971607605897755;25,672268907563;27,012987012987;25,7325259010652;42,1598763866117
"vanschaik2009_habitualcustomary_only";"c0";0,966255595145006;25,7226890756302;28,5817357245929;25,8511855542353;46,1583638175902
"vanschaik2009_habitualcustomary_only";"c0";0,981883045985265;24,2380952380952;25,6660997732426;24,302275217203;51,3084709110576
"vanschaik2009_habitualcustomary_only";"c0";0,980516803502193;24,9887955182073;29,640022675737;25,1978394353996;41,8883667785898
"vanschaik2009_habitualcustomary_only";"c0";0,970818565625539;25,0140056022409;28,8636363636364;25,1870227151126;43,2892815127487
"vanschaik2009_habitualcustomary_only";"c0";0,975956881255647;25,5546218487395;30,6354359925788;25,7829730462154;40,8749969035118
"vanschaik2009_habitualcustomary_only";"c0";0,988059146928419;25,0364145658263;26,9416099773243;25,1220413258937;44,9246950352024
"vanschaik2009_habitualcustomary_only";"c0";0,957551805956379;25,6666666666667;35,1592455163884;26,0932994239575;31,5887257759161
"vanschaik2009_habitualcustomary_only";"c0";0,971768569314092;25,6330532212885;28,3234126984127;25,7539682539683;44,2569409329518
"vanschaik2009_habitualcustomary_only";"c0";0,977528174680158;25,5070028011204;25,9424603174603;25,5265739254503;42,2843563795927
"vanschaik2009_habitualcustomary_only";"c0";0,975508725153767;24,7086834733894;28,3645124716553;24,8729903946597;43,1441074028336
"vanschaik2009_habitualcustomary_only";"c0";0,959210068720436;25,2689075630252;30,5541383219955;25,5064460241025;42,3219867996569
"vanschaik2009_habitualcustomary_only";"c0";0,970072414349284;24,0840336134454;29,875283446712;24,3443145048281;41,3610698662964
"vanschaik2009_habitualcustomary_only";"c0";0,989411120988219;23,327731092437;24,7945011337868;23,3936533414864;54,580305176144
"vanschaik2009_habitualcustomary_only";"c0";0,96133638111819;25,4929971988796;32,3260667903525;25,8001014501817;39,2457488931478
"vanschaik2009_habitualcustomary_only";"c0";0,987400924438488;23,8739495798319;25,4818594104308;23,9462151901959;51,8787189952038
"vanschaik2009_habitualcustomary_only";"c0";0,961753568419867;26,3613445378151;29,4117192331478;26,4984400297402;47,1965072603815
"vanschaik2009_habitualcustomary_only";"c0";0,979513327479428;22,515406162465;22,6658163265306;22,5221661698387;45,8371864986124
"vanschaik2009_habitualcustomary_only";"c0";0,978067031077191;23,0896358543417;23,6819727891156;23,1162577390507;47,6677108207384
"vanschaik2009_habitualcustomary_only";"c0";0,952445260690371;26,7254901960784;27,7551020408163;26,7717648857296;42,7859724159092
"vanschaik2009_habitualcustomary_only";"c0";0,970773575962633;24,0504201680672;30;24,3178170144462;35,3370716508608
"vanschaik2009_habitualcustomary_only";"c0";0,978808839261822;24,624649859944;31,2216553287982;24,9211444877576;37,3884100210749
"vanschaik2009_habitualcustomary_only";"c0";0,978394975916353;25,0644257703081;24,5606575963719;25,0417845040638;49,6901443874488
"vanschaik2009_habitualcustomary_only";"c0";0,980500677070766;23,8263305322129;29,4642857142857;24,079721776351;44,9675318153844
"vanschaik2009_habitualcustomary_only";"c0";0,984431436973751;24,9243697478992;30,218253968254;25,1622971285893;43,8847916365739
"vanschaik2009_habitualcustomary_only";"c0";0,95457032497478;26,3109243697479;30,0091475984333;26,4771366496888;43,212015886372
"vanschaik2009_habitualcustomary_only";"c0";0,991981816788205;23,7619047619048;24,156746031746;23,7796504369538;55,4413044878016
"vanschaik2009_habitualcustomary_only";"c0";0,964547756763076;25,5070028011204;29,7392290249433;25,6972152156743;47,2436500967847
"vanschaik2009_habitualcustomary_only";"c0";0,970282844183952;24,2100840336134;26,3566790352505;24,3065602134623;47,5834190978897
"vanschaik2009_habitualcustomary_only";"c0";0,969794790209262;26,0868347338936;28,6734693877551;26,2030879767637;43,6243741362176
"vanschaik2009_habitualcustomary_only";"c0";0,989049018721109;22,9355742296919;26,5376984126984;23,0974674514;48,7371639722663
"vanschaik2009_habitualcustomary_only";"c0";0,985786623121726;23,4257703081233;26,4810090702948;23,5630844097939;44,3515791753825
"vanschaik2009_habitualcustomary_only";"c0";0,971499702024111;25,5210084033613;25,765306122449;25,5319880761293;40,1990362414181
"vanschaik2009_habitualcustomary_only";"c0";0,984916314827679;23,0616246498599;27,8670634920635;23,2775994292848;43,1399362647369
"vanschaik2009_habitualcustomary_only";"c0";0,951085654159806;27,0056022408964;31,0339363017934;27,1866509627344;39,3612793893378
"vanschaik2009_habitualcustomary_only";"c0";0,981162001294153;23,6778711484594;24,2233560090703;23,70238732197;44,3149375812403
"vanschaik2009_habitualcustomary_only";"c0";0,983036996363139;24,5126050420168;29,030612244898;24,7156615455171;43,7833311258523
"vanschaik2009_habitualcustomary_only";"c0";0,982540067585703;23,859943977591;28,9243197278912;24,087556370863;43,7811207307307
"vanschaik2009_habitualcustomary_only";"c0";0,978585108762719;26,563025210084;29,8511904761905;26,7108079186731;36,3543150196902
"vanschaik2009_habitualcustomary_only";"c0";0,984589057740237;23,6414565826331;25,3613945578231;23,7187571657877;48,546785607893
"vanschaik2009_habitualcustomary_only";"c0";0,973192204128853;24,9719887955182;29,269351680066;25,1651287004417;45,3267127167971
"vanschaik2009_habitualcustomary_only";"c0";0,953556598555973;25,6890756302521;27,152133580705;25,7548310437556;41,6276345119837
"vanschaik2009_habitualcustomary_only";"c0";0,951540458148201;26,5266106442577;34,9408627087198;26,9047792763684;35,2468796379042
"vanschaik2009_habitualcustomary_only";"c0";0,960271992286559;25,9383753501401;23,5331632653061;25,830275930597;46,2221370318106
"vanschaik2009_habitualcustomary_only";"c0";0,979663429067987;26,9131652661064;21,6964285714286;26,6787051899411;38,8673640708514
"vanschaik2009_habitualcustomary_only";"c0";0,967382956296904;25,436974789916;28,968253968254;25,5956839664705;42,6417835297956
"vanschaik2009_habitualcustomary_only";"c0";0,964846049791895;26,563025210084;30,3869047619048;26,734884965222;40,8610105400999
"vanschaik2009_habitualcustomary_only";"c0";0,984763537780684;23,9159663865546;27,2619047619048;24,0663456393793;48,7325954799745
"vanschaik2009_habitualcustomary_only";"c0";0,984538751650288;21,5994397759104;24,1071428571429;21,7121455323703;46,5707099378606
"vanschaik2009_habitualcustomary_only";"c0";0,972132197534449;25,3725490196078;24,3820861678005;25,3280338352569;41,7998718734227
"vanschaik2009_habitualcustomary_only";"c0";0,974479633403716;23,3417366946779;26,047335600907;23,4633366455196;50,9169399998481
"vanschaik2009_habitualcustomary_only";"c0";0,961366526665624;25,6162464985994;30,5189651618223;25,8365934048117;41,5241061451489
"vanschaik2009_habitualcustomary_only";"c0";0,966928748882697;23,2717086834734;27,6360544217687;23,4678590537339;42,7960886469963
"vanschaik2009_habitualcustomary_only";"c0";0,971355398107524;25,2324929971989;28,8392857142857;25,3945960406635;42,2721447011168
"vanschaik2009_habitualcustomary_only";"c0";0,960622136714289;26,249299719888;33,5227272727273;26,5761953402403;35,3253305973813
"vanschaik2009_habitualcustomary_only";"c0";0,977463307770467;25,6386554621849;25,4960317460317;25,6322454075263;44,4349625978362
"vanschaik2009_habitualcustomary_only";"c0";0,98099620406043;25;21,9345238095238;24,8622257891921;51,709344353199
"vanschaik2009_habitualcustomary_only";"c0";0,975469446684529;23,9635854341737;28,9767573696145;24,1888965323957;46,6869895690836
"vanschaik2009_habitualcustomary_only";"c0";0,980394605516815;24,3585434173669;28,156179138322;24,5292236744885;44,7691224463735
"vanschaik2009_habitualcustomary_only";"c0";0,987378660609378;23,249299719888;24,2063492063492;23,2923131799536;47,434064746372
"vanschaik2009_habitualcustomary_only";"c0";0,953772371111487;24,7282913165266;26,7899659863946;24,820950852251;42,3589104963988
"vanschaik2009_habitualcustomary_only";"c0";0,986644070064106;24,3865546218487;21,6836734693878;24,2650768172438;49,0066270823994
"vanschaik2009_habitualcustomary_only";"c0";0,98969286590688;21,6610644257703;26,6581632653061;21,8856531376596;48,6457328817713
"vanschaik2009_habitualcustomary_only";"c0";0,989999411134998;23,672268907563;25,0566893424036;23,7344900507019;51,4775029514726
"vanschaik2009_habitualcustomary_only";"c0";0,963068314998277;28,2212885154062;31,3559059987631;28,3621702000514;42,3871219950654
"vanschaik2009_habitualcustomary_only";"c0";0,978243836510297;24,5322128851541;26,2755102040816;24,6105633264542;48,2660104284555
"vanschaik2009_habitualcustomary_only";"c0";0,979318543279864;25,4285714285714;26,0345804988662;25,4558077912813;45,823830779532
"vanschaik2009_habitualcustomary_only";"c0";0,988172182357532;24,7226890756303;24,7732426303855;24,7249611455069;44,0009577820655
"vanschaik2009_habitualcustomary_only";"c0";0,992749593974319;22,109243697479;24,5748299319728;22,2200565619506;56,6899036588094
"vanschaik2009_habitualcustomary_only";"c0";0,979557382679684;24,1764705882353;22,3356009070295;24,093734872226;53,2544369005671
"vanschaik2009_habitualcustomary_only";"c0";0,988609914123827;23;28,9795918367347;23,2687457005274;42,5276847129104
"vanschaik2009_habitualcustomary_only";"c0";0,956945587551939;25,7226890756302;32,5892857142857;26,0313001605136;34,6819352019994
"vanschaik2009_habitualcustomary_only";"c0";0,972440484654064;25,2128851540616;27,2378117913832;25,3038930928176;41,7167318999746
"vanschaik2009_habitualcustomary_only";"c0";0,964910942854929;25,4285714285714;27,0634920634921;25,502051007669;47,6622216317454
"vanschaik2009_habitualcustomary_only";"c0";0,956554712020277;25,2745098039216;25,8999433106576;25,3026191750108;44,342098824186
"vanschaik2009_habitualcustomary_only";"c0";0,969886561345229;25,6386554621849;29,2156256441971;25,7994181669944;47,4809662788894
"vanschaik2009_habitualcustomary_only";"c0";0,989835561116452;22,0392156862745;24,3480725623583;22,1429845346378;45,2075679908277
"vanschaik2009_habitualcustomary_only";"c0";0,978049071400719;25,2128851540616;30,9948979591837;25,4727508981121;39,8047115885468
"vanschaik2009_habitualcustomary_only";"c0";0,971986914539461;26,6610644257703;29,3154761904762;26,7803638309256;38,7959673462242
"vanschaik2009_habitualcustomary_only";"c0";0,989793280020426;23,5238095238095;16,6666666666667;23,2156233279829;54,9629300801589
"vanschaik2009_habitualcustomary_only";"c0";0,988772318482894;24,5042016806723;22,4702380952381;24,4127875869449;47,9618024293067
"vanschaik2009_habitualcustomary_only";"c0";0,979011792540855;24,8403361344538;24,546485260771;24,8271293536141;55,0328797657182
"vanschaik2009_habitualcustomary_only";"c0";0,980827249188705;25,3305322128852;21,547619047619;25,1605136436597;48,5239738467381
"vanschaik2009_habitualcustomary_only";"c0";0,964455471526054;26,624649859944;26,0714285714286;26,5997859818085;42,1606021834635
"vanschaik2009_habitualcustomary_only";"c0";0,979894691727581;25,484593837535;27,1995464852608;25,5616703610283;48,6732240565158
"vanschaik2009_habitualcustomary_only";"c0";0,961516288091574;25,0224089635854;27,172619047619;25,1190476190476;41,4790103446322
"vanschaik2009_habitualcustomary_only";"c0";0,953768524974562;26,8011204481793;31,1528550814265;26,9967040272016;38,9528434089234
"vanschaik2009_habitualcustomary_only";"c0";0,972419181076181;24,7787114845938;27,9251700680272;24,9201253535122;46,11007809892
"vanschaik2009_habitualcustomary_only";"c0";0,971928570405586;24,266106442577;30,6604308390023;24,5534918087085;41,1158448331901
"vanschaik2009_habitualcustomary_only";"c0";0,989427487425093;21,9355742296919;19,4515306122449;21,823931819919;49,3183974808147
"vanschaik2009_habitualcustomary_only";"c0";0,963542358920201;26,2633053221289;28,4863945578231;26,3632194450814;49,1765115835324
"vanschaik2009_habitualcustomary_only";"c0";0,967659762961702;27,109243697479;29,6405380333952;27,2230097350483;36,6999822758504
"vanschaik2009_habitualcustomary_only";"c0";0,973269665667307;24,5266106442577;23,9285714285714;24,4997324772606;46,0629749878363
"vanschaik2009_habitualcustomary_only";"c0";0,985418353231229;22,9439775910364;23,4566326530612;22,9670182679813;43,931266805664
"vanschaik2009_habitualcustomary_only";"c0";0,980369694251786;25,9467787114846;28,516156462585;26,0622563632194;46,9572985224429
"vanschaik2009_habitualcustomary_only";"c0";0,976915258996875;24,5966386554622;27,6332199546485;24,7331142194706;51,290138508002
"vanschaik2009_habitualcustomary_only";"c0";0,982485785564488;23,1820728291317;24,5096371882086;23,2417386430228;51,5758166201755
"vanschaik2009_habitualcustomary_only";"c0";0,984446392517183;24,6638655462185;24,4189342403628;24,6528573976407;50,671252133817
"vanschaik2009_habitualcustomary_only";"c0";0,953818915296074;26,624649859944;29,1104926819213;26,7363731328418;37,7636484832632
"vanschaik2009_habitualcustomary_only";"c0";0,987822281762288;23,9579831932773;24,5606575963719;23,985069683304;52,3031998879604
"vanschaik2009_habitualcustomary_only";"c0";0,982523787768636;24,5826330532213;26,0912698412698;24,6504369538077;49,1476081273743
"vanschaik2009_habitualcustomary_only";"c0";0,94419808241291;24,4565826330532;27,1258503401361;24,576549721012;44,7396855976475
"vanschaik2009_habitualcustomary_only";"c0";0,989161565164319;23,4817927170868;22,6232993197279;23,4432087441718;49,9818366289176
"vanschaik2009_habitualcustomary_only";"c0";0,965578785037562;23,9019607843137;29,2361111111111;24,1416978776529;40,0270602935353
"vanschaik2009_habitualcustomary_only";"c0";0,975700965117722;24,6302521008403;24,5280612244898;24,625659252465;48,0915652574064
"vanschaik2009_habitualcustomary_only";"c0";0,984009309789412;23,7422969187675;24,6428571428571;23,7827715355805;46,3020514966977
"vanschaik2009_habitualcustomary_only";"c0";0,981403399205495;23,8459383753501;26,8353174603175;23,9802924915284;44,2904605041638
"vanschaik2009_habitualcustomary_only";"c0";0,979858638189754;23,2016806722689;26,062925170068;23,330275930597;46,8788537594322
"vanschaik2009_habitualcustomary_only";"c0";0,982583861530447;24,7647058823529;28,4013605442177;24,9281510356952;47,9403874350293
"vanschaik2009_habitualcustomary_only";"c0";0,990856014540835;23,4313725490196;24,2913832199546;23,4700247140055;58,8651688461697
"vanschaik2009_habitualcustomary_only";"c0";0,990712142113595;23,5098039215686;21,7261904761905;23,4296415195292;56,9604270234273
"vanschaik2009_habitualcustomary_only";"c0";0,992237172105669;23,7759103641457;18,218537414966;23,526140793396;55,7772250885444
"vanschaik2009_habitualcustomary_only";"c0";0,9292555097256;31,1288515406162;36,8452380952381;31,3857677902622;27,8483718439104
"vanschaik2009_habitualcustomary_only";"c0";0,972304020740932;23,7198879551821;31,5746753246753;24,07291210662;35,6609446031258
"vanschaik2009_habitualcustomary_only";"c0";0,970635107684554;25,2408963585434;29,2663883735312;25,4218173479811;40,9107718377886
"vanschaik2009_habitualcustomary_only";"c0";0,96706447230063;24,1540616246499;29,4118480725624;24,3903666335448;40,3615130112274
"vanschaik2009_habitualcustomary_only";"c0";0,919251747484128;26,6974789915966;27,8996598639456;26,7515095926011;42,0418919259708
"vanschaik2009_habitualcustomary_only";"c0";0,974742304542751;24,140056022409;29,5082199546485;24,3813218171164;40,2372949207644
"vanschaik2009_habitualcustomary_only";"c0";0,992878960606807;23,3137254901961;24,1850907029478;23,3528879716681;49,2053821490243
"vanschaik2009_habitualcustomary_only";"c0";0,991365664972518;23,4901960784314;26,0983560090703;23,6074167494713;52,23589544457
"vanschaik2009_habitualcustomary_only";"c0";0,98799151295817;24,1680672268908;25,9566326530612;24,2484521898647;50,3030837359332
"vanschaik2009_habitualcustomary_only";"c0";0,978004559623771;23,8039215686275;26,672335600907;23,9328390532243;46,7051576575981
"vanschaik2009_habitualcustomary_only";"c0";0,985866308587653;23,5098039215686;23,4977324263039;23,5092613824556;54,9765753971168
"vanschaik2009_habitualcustomary_only";"c0";0,973987031655269;24,8403361344538;24,6754535147392;24,8329256796351;46,2979136884149
"vanschaik2009_habitualcustomary_only";"c0";0,970888389896208;24,672268907563;29,1666666666667;24,8742643124666;47,2824894952726
"vanschaik2009_habitualcustomary_only";"c0";0,978503266045213;24,1540616246499;29,1269841269841;24,3775637595862;41,4900981356026
"vanschaik2009_habitualcustomary_only";"c0";0,974161568235525;24,7703081232493;26,5433673469388;24,8499961782466;42,3751642771521
"vanschaik2009_habitualcustomary_only";"c0";0,977988543292543;24,6526610644258;30,6930272108844;24,9241381946037;46,21182723201
"vanschaik2009_habitualcustomary_only";"c0";0,960470320465024;25,5266106442577;24,95670995671;25,5009971302106;45,3352421521243
"vanschaik2009_habitualcustomary_only";"c0";0,978838834707557;24,6806722689076;25,6547619047619;24,7244515783842;44,317893837808
"vanschaik2009_habitualcustomary_only";"c0";0,965846252333802;25,703081232493;28,0456349206349;25,8083645443196;42,2331757816691
"vanschaik2009_habitualcustomary_only";"c0";0,969988516181043;23,672268907563;23,1349206349206;23,6481184233993;44,3166570627398
"vanschaik2009_habitualcustomary_only";"c0";0,993874825711342;23,4117647058824;21,0104875283447;23,3038421361054;53,3229626225168
"vanschaik2009_habitualcustomary_only";"c0";0,951531232215296;27,4593837535014;29,7420634920635;27,5619761013019;42,6769147867091
"vanschaik2009_habitualcustomary_only";"c0";0,99096330634039;24,9887955182073;23,5119047619048;24,9224184055645;45,2681398123116
"vanschaik2009_habitualcustomary_only";"c0";0,981297183242704;25,2268907563025;28,0527210884354;25,3538943667355;46,0236699542705
"vanschaik2009_habitualcustomary_only";"c0";0,984819272057577;24,3865546218487;24,5351473922902;24,3932329486102;49,7307938505936
"vanschaik2009_habitualcustomary_only";"c0";0,985651367304502;23,8039215686275;23,327664399093;23,7825167520192;53,7494859273275
"vanschaik2009_habitualcustomary_only";"c0";0,969574990244715;25,4145658263305;25,952380952381;25,4387372926699;42,5092209638525
"vanschaik2009_habitualcustomary_only";"c0";0,978765923371936;23,6918767507003;24,5323129251701;23,729649163036;45,8185934397227
"vanschaik2009_habitualcustomary_only";"c0";0,935052102826976;26,7170868347339;30,5751391465677;26,8904824442545;35,7208837214389
"vanschaik2009_habitualcustomary_only";"c0";0,978866841638105;24,2380952380952;26,1706349206349;24,3249509541644;41,136612749454
"vanschaik2009_habitualcustomary_only";"c0";0,965602420653911;23,4033613445378;28,1751185322614;23,6178223417389;45,7706056448375
"vanschaik2009_habitualcustomary_only";"c0";0,968682666636651;25,7647058823529;33,0952380952381;26,0941680042804;36,6311902823081
"vanschaik2009_habitualcustomary_only";"c0";0,971461032264005;27,2212885154062;29,5779220779221;27,3272046305754;43,7464427342826
"vanschaik2009_habitualcustomary_only";"c0";0,975521110836463;24,1540616246499;26,8452380952381;24,275013376137;46,6781716216426
"vanschaik2009_habitualcustomary_only";"c0";0,985247164459143;23,9243697478992;23,983843537415;23,9270427272032;54,6985798509606
"vanschaik2009_habitualcustomary_only";"c0";0,968754126551654;24,8823529411765;29,9829931972789;25,1115951998777;40,2176137663564
"vanschaik2009_habitualcustomary_only";"c0";0,979817339912173;23,3081232492997;28,9384920634921;23,5611735330836;41,2375881367984
"vanschaik2009_habitualcustomary_only";"c0";0,952866398648417;27,375350140056;33,6008039579468;27,6551458172646;39,4874572829575
"vanschaik2009_habitualcustomary_only";"c0";0,985608839450693;24,7282913165266;26,7800453514739;24,8205049810186;50,9670390972727
"vanschaik2009_habitualcustomary_only";"c0";0,966009803527681;24,8963585434174;27,4617346938775;25,0116563479324;52,1626971663194
"vanschaik2009_habitualcustomary_only";"c0";0,992072261669973;23,6134453781513;24,7732426303855;23,6655710973528;51,467861363313
"vanschaik2009_habitualcustomary_only";"c0";0,965486174579922;23,4481792717087;25,2299783549784;23,5282601293837;44,6678244232968
"vanschaik2009_habitualcustomary_only";"c0";0,977243929138691;25,3865546218487;29,2517006802721;25,5602690514408;40,2654050890991
"vanschaik2009_habitualcustomary_only";"c0";0,984705641068593;25,078431372549;25,7227891156463;25,1073912711152;45,1690782419699
"vanschaik2009_habitualcustomary_only";"c0";0,97394085959915;25,3389355742297;30,422335600907;25,567402991159;44,1578521760324
"vanschaik2009_habitualcustomary_only";"c0";0,977876721837024;24,187675070028;23,8662131519274;24,1732273433718;49,7429693154417
"vanschaik2009_habitualcustomary_only";"c0";0,984374203430394;24,0840336134454;25,0127551020408;24,1257739050676;49,3087912831572
"vanschaik2009_habitualcustomary_only";"c0";0,98448828280991;23,4117647058824;26,4229024943311;23,5470967413182;51,0409231358843
"vanschaik2009_habitualcustomary_only";"c0";0,98398563529866;24,1820728291317;26,4923469387755;24,2859053733853;53,7001674659097
"vanschaik2009_habitualcustomary_only";"c0";0,981938551854797;24,4285714285714;27,3228458049887;24,5586511758261;46,3383990241231
"vanschaik2009_habitualcustomary_only";"c0";0,955571252924611;28,0896358543417;30,4024943310658;28,1935845499248;43,4011058551533
"vanschaik2009_habitualcustomary_only";"c0";0,981401025021824;23,1176470588235;19,3877551020408;22,9500114652603;48,2971962135817
"vanschaik2009_habitualcustomary_only";"c0";0,992530436319777;22,2128851540616;18,3035714285714;22,0371856607812;55,9196352137705
"vanschaik2009_habitualcustomary_only";"c0";0,986332452637815;24,8767507002801;24,9433106575964;24,8797421590359;53,8990324918399
"vanschaik2009_habitualcustomary_only";"c0";0,983504824150312;23,0336134453782;22,7692743764172;23,0217330377844;51,985598407605
"vanschaik2009_habitualcustomary_only";"c0";0,975948286066263;23,8879551820728;27,1995464852608;24,0367907462611;45,6186198981199
"vanschaik2009_habitualcustomary_only";"c0";0,968602760077691;23,3417366946779;26,4299886621315;23,4805345359117;45,5703802277433
"vanschaik2009_habitualcustomary_only";"c0";0,960986905942852;26,0952380952381;31,597866419295;26,342547233398;36,7028352552488
"vanschaik2009_habitualcustomary_only";"c0";0,993654294477881;24,0560224089636;21,2585034013605;23,9302912176106;56,2034748052132
"vanschaik2009_habitualcustomary_only";"c0";0,984026343500884;24,3221288515406;25,4464285714286;24,37265917603;47,8394578820575
"vanschaik2009_habitualcustomary_only";"c0";0,989004147750799;23,6302521008403;24,1284013605442;23,6526408316135;56,7680218024231
"vanschaik2009_habitualcustomary_only";"c0";0,984632769838122;23,7478991596639;25,9155328798186;23,8453208998955;51,2201955452836
"vanschaik2009_habitualcustomary_only";"c0";0,969334455489425;24,812324929972;27,8103741496599;24,9470687151265;45,4276780681477
"vanschaik2009_habitualcustomary_only";"c0";0,974541086059709;24,0140056022409;29,141156462585;24,2444393487732;44,3301567518661
"vanschaik2009_habitualcustomary_only";"c0";0,95349609992473;26,2689075630252;34,2352092352092;26,6269435932357;34,3960621489459
"vanschaik2009_habitualcustomary_only";"c0";0,974082617750855;26,1624649859944;27,9719387755102;26,2437896506917;43,1759104709251
"vanschaik2009_habitualcustomary_only";"c0";0,973405934762958;25,1988795518207;25,7993197278912;25,2258656271497;51,4676931458683
"vanschaik2009_habitualcustomary_only";"c0";0,967054501207079;26,1428571428571;27,0323129251701;26,1828326836353;42,5153642982083
"vanschaik2009_habitualcustomary_only";"c0";0,935080894421816;29,5238095238095;37,7834467120181;29,8950291727178;29,0848658765413
"vanschaik2009_habitualcustomary_only";"c0";0,979451719880872;23,0896358543417;29,0603741496599;23,3579836428954;44,3586126217059
"vanschaik2009_habitualcustomary_only";"c0";0,981762711170446;24,5322128851541;26,4030612244898;24,6162959565849;52,1134487595834
"vanschaik2009_habitualcustomary_only";"c0";0,98698784461507;24,5182072829132;25,1629818594104;24,5471859155647;52,0253562552196
"vanschaik2009_habitualcustomary_only";"c0";0,983775962099775;24,4005602240896;27,0734126984127;24,5206884251828;47,4740030625873
"vanschaik2009_habitualcustomary_only";"c0";0,975144534338118;24,6386554621849;20,9183673469388;24,4714515019491;44,28475446927
"vanschaik2009_habitualcustomary_only";"c0";0,964097792415289;26,156862745098;32,4659863945578;26,4404188641749;32,6407510358096
"vanschaik2009_habitualcustomary_only";"c0";0,969945619977063;23,859943977591;29,3183106575964;24,1052638283778;38,6824242384609
"vanschaik2009_habitualcustomary_only";"c0";0,979806249636175;23,2156862745098;28,4750566893424;23,4520624729292;42,1277472816537
"vanschaik2009_habitualcustomary_only";"c0";0,972301942393935;25,1764705882353;30,4265873015873;25,412430889959;39,6744541540394
"vanschaik2009_habitualcustomary_only";"c0";0,984242614611797;24,2941176470588;23,7670068027211;24,2704272720324;51,5635034630989
"vanschaik2009_habitualcustomary_only";"c0";0,979291421627381;25,1764705882353;27,2548185941043;25,2698794873755;49,1241340796969
"vanschaik2009_habitualcustomary_only";"c0";0,984599151520047;24,4425770308123;28,5416666666667;24,6268057784912;49,0163049106739
"vanschaik2009_habitualcustomary_only";"c0";0,992817302656753;23,6162464985994;19,812925170068;23,4453107085531;52,3033954412386
"vanschaik2009_habitualcustomary_only";"c0";0,970982052176685;24,812324929972;22,6190476190476;24,7137506688068;45,6186751043366
"vanschaik2009_habitualcustomary_only";"c0";0,972536605943208;27,1596638655462;31,756338899196;27,36625600189;35,4421424861262
"vanschaik2009_habitualcustomary_only";"c0";0,972517463800623;25,8207282913165;31,9534632034632;26,0963568266939;39,7953259651657
"vanschaik2009_habitualcustomary_only";"c0";0,971263397136075;24,1680672268908;26,7200061842919;24,2827611126167;48,0040031534728
"vanschaik2009_habitualcustomary_only";"c0";0,952730858886225;28,7478991596639;28,4651360544218;28,7351907054957;36,0074502711825
"vanschaik2009_habitualcustomary_only";"c0";0,995709389176201;21,9411764705882;23,8166099773243;22,0254656169584;54,0796005309977
"vanschaik2009_habitualcustomary_only";"c0";0,984825577741447;24,5182072829132;25,4336734693878;24,5593518306199;49,4139015401689
"vanschaik2009_habitualcustomary_only";"c0";0,96478581539292;24,8067226890756;29,2389455782313;25,0059237178017;40,8006393923319
"vanschaik2009_habitualcustomary_only";"c0";0,975010233570137;25,8627450980392;26,4625850340136;25,8897041962853;44,0756146140968
"vanschaik2009_habitualcustomary_only";"c0";0,970308013424059;25,4089635854342;31,0702690166976;25,6634042789741;40,9325130986244
"vanschaik2009_habitualcustomary_only";"c0";0,987625234515003;24,7086834733894;26,0912698412698;24,7708221865525;40,4355848920795
"vanschaik2009_habitualcustomary_only";"c0";0,980962249152015;23,7535014005602;27,2959183673469;23,9127111518765;54,1322038468695
"vanschaik2009_habitualcustomary_only";"c0";0,975840723898809;26,2689075630252;22,1130952380952;26,0821294810059;46,0862909288517
"vanschaik2009_habitualcustomary_only";"c0";0,968337418444778;26,1708683473389;27,0833333333333;26,2118780096308;47,5669790073289
"vanschaik2009_habitualcustomary_only";"c0";0,981543944213665;24,9747899159664;31,3988095238095;25,2635098983414;39,2147707396644
"vanschaik2009_habitualcustomary_only";"c0";0,967819531020921;25,6750700280112;29,4378736343022;25,8441847968333;43,3812068311369
"vanschaik2009_habitualcustomary_only";"c0";0,97577042549255;24,4145658263305;30,124716553288;24,671201814059;42,6171212833289
"vanschaik2009_habitualcustomary_only";"c0";0,983578465973334;23,812324929972;27,96910430839;23,9991464750694;52,5045618344056
"vanschaik2009_habitualcustomary_only";"c0";0,981400595883736;22,1316526610644;29,077380952381;22,4438202247191;41,9783887137749
"vanschaik2009_habitualcustomary_only";"c0";0,974760495745639;25,8767507002801;28,1547619047619;25,9791332263242;39,1845531645681
"vanschaik2009_habitualcustomary_only";"c0";0,954281630995614;23,3977591036415;25,2423469387755;23,4806619276924;40,4094750760579
"vanschaik2009_habitualcustomary_only";"c0";0,972409299343966;24,6022408963585;28,6479591836735;24,7840709317435;45,7898828076586
"vanschaik2009_habitualcustomary_only";"c0";0,959413229563969;25,4145658263305;27,4801587301587;25,5074014624576;35,4024150043814
"vanschaik2009_habitualcustomary_only";"c0";0,956990727253569;24,9019607843137;26,0119047619048;24,9518459069021;43,200941158133
"vanschaik2009_habitualcustomary_only";"c0";0,968433932194805;27,1932773109244;27,8571428571429;27,223113964687;37,1593698318547
"vanschaik2009_habitualcustomary_only";"c0";0,998475711514068;22,655462184874;11,8622448979592;22,1703737674845;60,5182056367458
"vanschaik2009_habitualcustomary_only";"c0";0,94211328174234;28,0896358543417;25,2840909090909;27,96354394669;39,0958736493285
"vanschaik2009_habitualcustomary_only";"c0";0,96662075589584;25,344537815126;26,1394557823129;25,3802644653367;44,9295992921449
"vanschaik2009_habitualcustomary_only";"c0";0,974735729558909;25,1764705882353;20,7837301587302;24,9790440520778;52,3567686832327
"vanschaik2009_habitualcustomary_only";"c0";0,970706671469716;26,2352941176471;31,6609977324263;26,4791459655023;36,7039798698974
"vanschaik2009_habitualcustomary_only";"c0";0,98185184610397;20,4229691876751;25,4464285714286;20,6487426431247;45,3568917578715
"vanschaik2009_habitualcustomary_only";"c0";0,982410475033087;23,7478991596639;28,8832199546485;23,9787000942699;39,0899219703461
"vanschaik2009_habitualcustomary_only";"c0";0,988723488121921;26,484593837535;21,1238662131519;26,2436622589111;39,3231604825032
"vanschaik2009_habitualcustomary_only";"c0";0,978785496109432;24,1344537815126;20,5357142857143;23,9727126805778;46,2938729744228
"vanschaik2009_habitualcustomary_only";"c0";0,969737736121221;27,3473389355742;23,1331168831169;27,1579356972615;41,890176400884
"vanschaik2009_habitualcustomary_only";"c0";0,981474550694847;24,3417366946779;27,1130952380952;24,4662921348315;47,5800125153015
"vanschaik2009_habitualcustomary_only";"c0";0,99011018842278;24,3781512605042;26,7602040816327;24,4852098142628;44,0008114287056
"vanschaik2009_habitualcustomary_only";"c0";0,979409173457619;24,7142857142857;26,0912698412698;24,7761726413412;47,4183386989156
"vanschaik2009_habitualcustomary_only";"c0";0,97824437151192;24,9243697478992;27,0833333333333;25,0214018191546;46,6167389829211
"vanschaik2009_habitualcustomary_only";"c0";0,982047414859179;24,1960784313726;26,5277777777778;24,3008739076155;51,8964580302263
"vanschaik2009_habitualcustomary_only";"c0";0,95777374880225;24,4201680672269;31,1933106575964;24,7245789701648;36,7948711432349
"vanschaik2009_habitualcustomary_only";"c0";0,958792701372448;24,9803921568627;28,3390022675737;25,1313409258835;46,3362853353912
"vanschaik2009_habitualcustomary_only";"c0";0,986647647233577;22,9439775910364;27,6516439909297;23,1555581033912;47,8044961001952
"vanschaik2009_habitualcustomary_only";"c0";0,984984214986117;24,859943977591;26,7219387755102;24,9436291370481;43,9504367085867
"vanschaik2009_habitualcustomary_only";"c0";0,987026144424974;22,7058823529412;25,2834467120181;22,8217279421132;43,234930835765
"vanschaik2009_habitualcustomary_only";"c0";0,979329689901695;25,2605042016807;24,8979591836735;25,244210043568;50,4420007091067
"vanschaik2009_habitualcustomary_only";"c0";0,992856545245367;23,1540616246499;26,2570861678005;23,2935234018701;48,8802472832322
"vanschaik2009_habitualcustomary_only";"c0";0,971749853195682;27,3697478991597;30,0892857142857;27,491974317817;33,9566647057275
"vanschaik2009_habitualcustomary_only";"c0";0,987821728770034;23,047619047619;26,1394557823129;23,1865780019873;44,0702501531081
"vanschaik2009_habitualcustomary_only";"c0";0,983010127961759;23,6974789915966;23,4481292517007;23,6862722617137;49,1660789111771
"vanschaik2009_habitualcustomary_only";"c0";0,971268036744114;26,4733893557423;31,4234178519893;26,6958625465849;43,1112622171612
"vanschaik2009_habitualcustomary_only";"c0";0,980919046801688;23,9019607843137;29,9773242630385;24,1750108283014;38,3166489206303
"vanschaik2009_habitualcustomary_only";"c0";0,985425677696952;24,0224089635854;26,5093537414966;24,1341817625927;46,8209307429968
"vanschaik2009_habitualcustomary_only";"c0";0,987117106777322;23,3501400560224;24,6952947845805;23,4105964483172;47,7807401306872
"vanschaik2009_habitualcustomary_only";"c0";0,990685444183225;22,3893557422969;27,3242630385488;22,6111493286453;47,6594386715565
"vanschaik2009_habitualcustomary_only";"c0";0,987111936971627;24,624649859944;23,796768707483;24,5874417182603;48,5242403541667
"vanschaik2009_habitualcustomary_only";"c0";0,982239605309828;24,4145658263305;24,0702947845805;24,3990929705215;49,8488505042383
"vanschaik2009_habitualcustomary_only";"c0";0,972808458987699;26,1652661064426;30,8333333333333;26,3750668806849;43,9950545748229
"vanschaik2009_habitualcustomary_only";"c0";0,98479527727209;21,7871148459384;26,4384920634921;21,9961655074015;47,8248958029131
"vanschaik2009_habitualcustomary_only";"c0";0,994492373947077;23,0196078431373;22,2576530612245;22,9853626843996;51,5760585663405
"vanschaik2009_habitualcustomary_only";"c0";0,964261562783521;23,733893557423;28,0555555555556;23,928125557339;39,3732822442805
"vanschaik2009_habitualcustomary_only";"c0";0,99686393377008;22,7535014005602;21,0459183673469;22,6767560956967;55,4427898634959
"vanschaik2009_habitualcustomary_only";"c0";0,976190005846106;24,1204481792717;24,4614512471655;24,1357741598512;41,8670979904798
"vanschaik2009_habitualcustomary_only";"c0";0,947329847685401;26,8571428571429;30;26,9983948635634;44,9987615347825
"vanschaik2009_habitualcustomary_only";"c0";0,983817525010687;24,1624649859944;25,4251700680272;24,2192157761981;52,9024393287598
"vanschaik2009_habitualcustomary_only";"c0";0,971338970848658;25,4145658263305;31,2400793650794;25,6763866595327;41,5944426804373
"vanschaik2009_habitualcustomary_only";"c0";0,99518837208807;22,4873949579832;18,5586734693878;22,3108232056868;53,4887219558818
"vanschaik2009_habitualcustomary_only";"c0";0,987468135495357;24,2997198879552;26,4611678004535;24,3968636143596;54,9065109202671
"vanschaik2009_habitualcustomary_only";"c0";0,980038313523518;25,1260504201681;23,469387755102;25,0515936711763;50,3222800535779
"vanschaik2009_habitualcustomary_only";"c0";0,960365131539015;26,7591036414566;34,2577561327561;27,0961217309532;32,2162443290015
"vanschaik2009_habitualcustomary_only";"c0";0,982667935452264;24,6442577030812;28,7287414965986;24,8278300084079;41,6184750328932
"vanschaik2009_habitualcustomary_only";"c0";0,98251450278401;23,9159663865546;24,6130952380952;23,9472980203317;53,1557879200661
"vanschaik2009_habitualcustomary_only";"c0";0,976542904354812;25,9887955182073;28,2142857142857;26,0888175494917;37,831165852503
"vanschaik2009_habitualcustomary_only";"c0";0,974952653095097;26,436974789916;26,3407029478458;26,4326479655533;43,4526636538965
"vanschaik2009_habitualcustomary_only";"c0";0,993170347187069;22,921568627451;23,0513038548753;22,9273994241892;51,4352802035782
"vanschaik2009_habitualcustomary_only";"c0";0,934329500252256;27,96918767507;34,2757936507937;28,2526306402711;32,9730807455403
"vanschaik2009_habitualcustomary_only";"c0";0,989804887015583;24,1596638655462;27,1045918367347;24,2920201788581;53,3953572467684
"vanschaik2009_habitualcustomary_only";"c0";0,970478073248373;26,1708683473389;29,5039682539683;26,3206705903335;46,9303767053252
"vanschaik2009_habitualcustomary_only";"c0";0,975903867783091;25,5686274509804;26,6935941043084;25,6191877500064;41,8609183364833
"vanschaik2009_habitualcustomary_only";"c0";0,943661469191675;27,563025210084;35,2489177489177;27,9084585826159;37,0155106337544
"vanschaik2009_habitualcustomary_only";"c0";0,994287399285421;23,1456582633053;22,2151360544218;23,1038370404342;49,0241424013057
"vanschaik2009_habitualcustomary_only";"c0";0,992934998766744;22,1176470588235;20,8049886621315;22,0586511758261;50,8072525580963
"vanschaik2009_habitualcustomary_only";"c0";0,970534566880382;25,0084033613445;29,2290249433107;25,198094218961;44,3845187613146
"vanschaik2009_habitualcustomary_only";"c0";0,981004348372571;22,8515406162465;27,4206349206349;23,0568931692527;46,6646990474031
"vanschaik2009_habitualcustomary_only";"c0";0,966605710814851;24,3361344537815;28,4608843537415;24,5215164717572;41,4358266857103
"vanschaik2009_habitualcustomary_only";"c0";0,974471136780049;24,9663865546218;26,6156462585034;25,040510586257;45,7292673938635
"vanschaik2009_habitualcustomary_only";"c0";0,957024199252925;27,7591036414566;29,0900072150072;27,8189195324027;36,6908713515342
"vanschaik2009_habitualcustomary_only";"c0";0,970755048753453;26,4649859943978;31,0430839002268;26,6707432036485;40,6089100738681
"vanschaik2009_habitualcustomary_only";"c0";0,976917691513389;25,3809523809524;26,577380952381;25,4347244515784;46,9590384072367
"vanschaik2009_habitualcustomary_only";"c0";0,952588263851291;26,3389355742297;30,2380952380952;26,5141787051899;43,8884156990014
"vanschaik2009_habitualcustomary_only";"c0";0,957218870073449;26,5994397759104;32,9015924551639;26,8826825929555;36,7852739926416
"vanschaik2009_habitualcustomary_only";"c0";0,954905229302941;24,7843137254902;33,3125901875902;25,1676070496295;32,8879416180673
"vanschaik2009_habitualcustomary_only";"c0";0,977429348436676;25,0364145658263;27,7210884353741;25,1570740655813;44,5124630409135
"vanschaik2009_habitualcustomary_only";"c0";0,967953840409084;25,2044817927171;27,8812358276644;25,3247853448496;39,6501702668795
"vanschaik2009_habitualcustomary_only";"c0";0,974067192578554;26,03081232493;31,3888888888889;26,2716247547708;37,6877455629161
"vanschaik2009_habitualcustomary_only";"c0";0,971158343133332;26,1372549019608;31,9462481962482;26,3983332522658;41,3554029740286
"vanschaik2009_habitualcustomary_only";"c0";0,990285819940892;24,0924369747899;21,9600340136054;23,9965986394558;59,2469570890685
"vanschaik2009_habitualcustomary_only";"c0";0,965257063513402;25,3949579831933;29,172335600907;25,5647277637647;37,5866476039509
"vanschaik2009_habitualcustomary_only";"c0";0,913662273829141;26,8935574229692;29,5516388373531;27,0130217561999;39,3850128051518
"vanschaik2009_habitualcustomary_only";"c0";0,946019648763208;26,4229691876751;22,9591836734694;26,2672934342276;43,7152428773532
"vanschaik2009_habitualcustomary_only";"c0";0,969018011291179;23,2380952380952;27,8571428571429;23,4456928838951;45,8248314308049
"vanschaik2009_habitualcustomary_only";"c0";0,984608309784715;23,8823529411765;28,1065759637188;24,0722056612907;43,1633661908987
"vanschaik2009_habitualcustomary_only";"c0";0,958325595703481;25,3109243697479;29,5042259327974;25,4993873613456;42,6212424145456
"vanschaik2009_habitualcustomary_only";"c0";0,980733538113546;24,3165266106443;25,1133786848073;24,3523401870111;51,6861560368139
"vanschaik2009_habitualcustomary_only";"c0";0,957163873450454;25,3249299719888;29,9603174603175;25,5332619939362;38,2627925831278
"vanschaik2009_habitualcustomary_only";"c0";0,985440208134073;23,4397759103641;25,8290816326531;23,5471604372086;51,6340414037919
"vanschaik2009_habitualcustomary_only";"c0";0,965663993785781;26,7310924369748;28,0357142857143;26,7897271268058;39,0850966358834
"vanschaik2009_habitualcustomary_only";"c0";0,977772217744303;23,4957983193277;23,3701814058957;23,4901526153533;49,4774969286662
"vanschaik2009_habitualcustomary_only";"c0";0,97587850072399;24,7086834733894;25,9013605442177;24,7622869372468;47,4453583937149
"vanschaik2009_habitualcustomary_only";"c0";0,972061111787538;25,1428571428571;24,0891053391053;25,0954975112279;44,5806602064518
"vanschaik2009_habitualcustomary_only";"c0";0,974205698785147;25,1484593837535;28,6210317460317;25,3045300517211;44,283624026639
"vanschaik2009_habitualcustomary_only";"c0";0,974593482554488;25,6526610644258;30,7417285095857;25,8813831967925;40,0410119447154
"vanschaik2009_habitualcustomary_only";"c0";0,958470203513482;25,0728291316527;31,0122912801484;25,3397712506862;38,9790039978871
"vanschaik2009_habitualcustomary_only";"c0";0,970509065152807;25,4005602240896;26,3251133786848;25,442113174858;46,2804766385056
"vanschaik2009_habitualcustomary_only";"c0";0,991980275277149;24,0700280112045;23,1788548752834;24,0299752859945;55,2563304705898
"vanschaik2009_habitualcustomary_only";"c0";0,991332404319087;23,546218487395;23,3248299319728;23,5362684399603;52,1621034481883
"vanschaik2009_habitualcustomary_only";"c0";0,969964528908024;24,9243697478992;27,8713151927438;25,0568167341843;42,0757665466788
"vanschaik2009_habitualcustomary_only";"c0";0,990301742547493;24,2885154061625;23,3333333333333;24,2455858747994;51,9478963447125
"vanschaik2009_habitualcustomary_only";"c0";0,969308023319047;25,6470588235294;29,015022675737;25,7984279854264;44,8099468053724
"vanschaik2009_habitualcustomary_only";"c0";0,943085197735732;27,3557422969188;33,0357142857143;27,6110219368646;37,7900318518694
"vanschaik2009_habitualcustomary_only";"c0";0,964238944643262;23,6442577030812;27,0195578231293;23,7959565848811;44,7710508820372
"vanschaik2009_habitualcustomary_only";"c0";0,974438419268141;24,4481792717087;27,7983920841064;24,5987506340636;44,9909185909948
"vanschaik2009_habitualcustomary_only";"c0";0,989600865892008;24,2240896358543;27,5170068027211;24,3720859130169;48,5990405390178
"vanschaik2009_habitualcustomary_only";"c0";0,981458316199726;23,8739495798319;24,1000566893424;23,8841116971133;44,1776726422951
"vanschaik2009_habitualcustomary_only";"c0";0,9631852547395;28,6218487394958;31,3988095238095;28,7466559657571;37,1361616623261
"vanschaik2009_habitualcustomary_only";"c0";0,98090015899205;23,672268907563;25,7312925170068;23,7648092945043;44,8275225062148
"vanschaik2009_habitualcustomary_only";"c0";0,953442294022332;24,2605042016807;31,5263605442177;24,5870595429183;38,3043662802993
"vanschaik2009_habitualcustomary_only";"c0";0,981804820155297;23,7563025210084;23,9030612244898;23,7628984177941;53,0943299413423
"vanschaik2009_habitualcustomary_only";"c0";0,973470270188182;24,8767507002801;26,7431972789116;24,9606359397692;42,3636131710255
"vanschaik2009_habitualcustomary_only";"c0";0,984992277276612;23,0672268907563;27,18679138322;23,2523758567097;45,6844449135101
"vanschaik2009_habitualcustomary_only";"c0";0,98854140953159;23,266106442577;25,8418367346939;23,3818696017733;54,011840642981
"vanschaik2009_habitualcustomary_only";"c0";0,974343495786998;24,078431372549;27,5410997732426;24,2340569186476;51,4792379310238
"vanschaik2009_habitualcustomary_only";"c0";0,984825174300565;24,8543417366947;27,4773242630386;24,9722285918113;54,1845828912736
"vanschaik2009_habitualcustomary_only";"c0";0,954930606699929;25,8711484593838;30,137987012987;26,0629164842648;39,7772579761287
"vanschaik2009_habitualcustomary_only";"c0";0,994689777864891;23,7619047619048;21,4427437641723;23,6576728069505;54,3614284700056
"vanschaik2009_habitualcustomary_only";"c0";0,976398434608952;23,9579831932773;26,3860544217687;24,0671099900634;52,9949788420169
"vanschaik2009_habitualcustomary_only";"c0";0,987187176312103;23,0140056022409;24,6938775510204;23,0895054651074;50,0213640579932
"vanschaik2009_habitualcustomary_only";"c0";0,963316715624117;25,0028011204482;28,656462585034;25,1670106244745;41,5220501575117
"vanschaik2009_habitualcustomary_only";"c0";0,981287723281587;24,546218487395;26,9742063492063;24,655341537364;45,8398370550422
"vanschaik2009_habitualcustomary_only";"c0";0,979706344677885;25,1344537815126;22,6757369614512;25,0239496547683;41,5274516175802
"vanschaik2009_habitualcustomary_only";"c0";0,945140409307615;26,4593837535014;33,240182436611;26,7641387504951;32,0526489610875
"vanschaik2009_habitualcustomary_only";"c0";0,982472844548021;24,0840336134454;22,2789115646259;24,0029045325996;54,3983399574906
"vanschaik2009_habitualcustomary_only";"c0";0,962708617002043;27,4677871148459;28,516156462585;27,5149048383398;40,8963824942457
"vanschaik2009_habitualcustomary_only";"c0";0,984759729617168;23,6862745098039;25,5031179138322;23,767930393131;50,763804884881
"vanschaik2009_habitualcustomary_only";"c0";0,970823495598017;24,5686274509804;29,0504535147392;24,7700578358684;41,3710474229037
"vanschaik2009_habitualcustomary_only";"c0";0,977863300915143;24,7927170868347;28,4920634920635;24,9589798466203;47,3260935086146
"vanschaik2009_habitualcustomary_only";"c0";0,951831387916956;27,3977591036415;29,9296536796537;27,5115521182937;40,3607749502381
"vanschaik2009_habitualcustomary_only";"c0";0,969107268143832;25,4425770308123;27,4178004535147;25,5313511172259;45,0084986114112
"vanschaik2009_habitualcustomary_only";"c0";0,971047892156507;24,5742296918768;25,5555555555556;24,6183342250758;38,705313700125
"vanschaik2009_habitualcustomary_only";"c0";0,976634689100935;23,3417366946779;30,8106575963719;23,6774185329563;35,7629666103455
"vanschaik2009_habitualcustomary_only";"c0";0,965795242902356;22,5294117647059;29,1485003092146;22,8268988903018;42,0804989639888
"vanschaik2009_habitualcustomary_only";"c0";0,976056270546246;25,5966386554622;29,2800453514739;25,7621850238223;40,2705076860325
"vanschaik2009_habitualcustomary_only";"c0";0,97427538825265;26,0252100840336;28,4920634920635;26,1360799001248;43,6472823679995
"vanschaik2009_habitualcustomary_only";"c0";0,960045272929124;25,0364145658263;27,4163832199546;25,1433794491579;41,7269018825204
"vanschaik2009_habitualcustomary_only";"c0";0,989614776726868;22,6218487394958;22,172619047619;22,6016586409845;46,615895139468
"vanschaik2009_habitualcustomary_only";"c0";0,973426648520659;26,6890756302521;30,0099206349206;26,8383270911361;37,8890297325562
"vanschaik2009_habitualcustomary_only";"c0";0,972935393110693;24,4341736694678;28,390022675737;24,6119646360417;43,3594301231913
"vanschaik2009_habitualcustomary_only";"c0";0,982492440783429;24,0700280112045;27,2463151927438;24,2127824912737;46,1165557928505
"vanschaik2009_habitualcustomary_only";"c0";0,913955884150025;26,5994397759104;29,512987012987;26,7303857191498;37,3218682593929
"vanschaik2009_habitualcustomary_only";"c0";0,972510452118617;28,1736694677871;36,0969387755102;28,5297714591455;33,9428423728463
"vanschaik2009_habitualcustomary_only";"c0";0,972451510484064;26,0252100840336;29,0376984126984;26,1606028179062;40,8890221032195
"vanschaik2009_habitualcustomary_only";"c0";0,968964101927463;24,1820728291317;25,7993197278912;24,2547580830085;42,038488727585
"vanschaik2009_habitualcustomary_only";"c0";0,971127495191382;26,4789915966387;31,3095238095238;26,6960941680043;35,9694806607567
"vanschaik2009_habitualcustomary_only";"c0";0,962395780532488;24,2156862745098;28,5997732426304;24,4127238910546;38,990366657874
"vanschaik2009_habitualcustomary_only";"c0";0,938304942080931;26,0728291316527;33,5515873015873;26,4089530943464;35,128982239493
"vanschaik2009_habitualcustomary_only";"c0";0,965969879079953;27,6890756302521;29,6428571428571;27,776886035313;45,4790787448992
"vanschaik2009_habitualcustomary_only";"c0";0,975119043577408;24,5042016806723;26,1989795918367;24,5803714744325;49,6674277404768
"vanschaik2009_habitualcustomary_only";"c0";0,978110875608542;25,0504201680672;30,4676870748299;25,2938928380341;43,8924542999719
"vanschaik2009_habitualcustomary_only";"c0";0,969788268044899;25,2408963585434;25,1133786848073;25,2351652271395;49,198574660913
"vanschaik2009_habitualcustomary_only";"c0";0,985232081601264;23,7703081232493;24,015022675737;23,7813065301027;47,5349231852194
"vanschaik2009_habitualcustomary_only";"c0";0,986409998651301;24,1120448179272;20,890022675737;23,9672348340085;51,0249053310397
"vanschaik2009_habitualcustomary_only";"c0";0,968936030054603;25,9187675070028;30,5569727891156;26,1272261713674;37,6132831885315
"vanschaik2009_habitualcustomary_only";"c0";0,968096203418635;29,1540616246499;36,064084724799;29,4646244606116;32,6143989747219
"vanschaik2009_habitualcustomary_only";"c0";0,96805263704891;26,0588235294118;27,849025974026;26,1392820662484;45,0292355483556
"vanschaik2009_habitualcustomary_only";"c0";0,97584654140918;24,3221288515406;28,6082766439909;24,5147647073811;46,6478746696609
"vanschaik2009_habitualcustomary_only";"c0";0,985380108348727;23,5182072829132;26,5093537414966;23,6526408316135;50,5700468528068
"vanschaik2009_habitualcustomary_only";"c0";0,968200930397377;25,436974789916;28,1746031746032;25,5600142678794;49,778036070789
"vanschaik2009_habitualcustomary_only";"c0";0,978776245804536;23,9383753501401;27,062074829932;24,0787663379959;50,6222148504535
"vanschaik2009_habitualcustomary_only";"c0";0,954628465540883;27,2773109243697;29,213048855906;27,3643103819669;38,4096376466297
"vanschaik2009_habitualcustomary_only";"c0";0,973542046262143;25,9831932773109;31,0572562358277;26,2112410507274;40,8009197228691
"vanschaik2009_habitualcustomary_only";"c0";0,988929190880835;22,6498599439776;21,0742630385488;22,5790465999134;52,8682901377132
"vanschaik2009_habitualcustomary_only";"c0";0,978850737780697;23,6918767507003;29,1468253968254;23,9370429819868;41,5027750640799
"vanschaik2009_habitualcustomary_only";"c0";0,984927330338169;23,4341736694678;23,469387755102;23,4357563250019;58,605282441042
"vanschaik2009_habitualcustomary_only";"c0";0,969220559969996;24,8683473389356;30,3050917336632;25,11269540162;37,5062992255637
"vanschaik2009_habitualcustomary_only";"c0";0,961854124636054;26,2913165266106;30;26,457998929909;40,3728365101563
"vanschaik2009_habitualcustomary_only";"c0";0,991640905954598;23,8403361344538;25,0708616780045;23,895640653265;59,8268179894089
"vanschaik2009_habitualcustomary_only";"c0";0,983810204077449;24,5602240896359;25,3472222222222;24,595594792224;48,4079865668791
"vanschaik2009_habitualcustomary_only";"c0";0,981306320116117;24,3221288515406;23,0612244897959;24,2654589925858;44,2202231902323
"vanschaik2009_habitualcustomary_only";"c0";0,978166882177643;22,9299719887955;23,8095238095238;22,9695024077047;45,4665708703747
"vanschaik2009_habitualcustomary_only";"c0";0,990407451547878;23,4341736694678;26,7672902494331;23,5839766618258;51,668098339789
"vanschaik2009_habitualcustomary_only";"c0";0,978634094658368;21,8515406162465;25,3316326530612;22,0079492471146;41,0586701123427
"vanschaik2009_habitualcustomary_only";"c0";0,974423765126127;25,6162464985994;30,5768140589569;25,8391933552447;42,7785663420155
"vanschaik2009_habitualcustomary_only";"c0";0,966848692169994;25,0084033613445;24,7052154195011;24,994776936992;48,9196835609681
"vanschaik2009_habitualcustomary_only";"c0";0,966386043506102;24,8487394957983;24,4827097505669;24,8322887207317;43,0593550060765
"vanschaik2009_habitualcustomary_only";"c0";0,949104689067387;26,0168067226891;30,3508297258297;26,211594273392;39,0169731284888
"vanschaik2009_habitualcustomary_only";"c0";0,977235570646619;23,0952380952381;28,1420068027211;23,322059160743;45,6823267924019
"vanschaik2009_habitualcustomary_only";"c0";0,974194224092809;25,0644257703081;27,4574829931973;25,1719789039211;46,6242607217229
"vanschaik2009_habitualcustomary_only";"c0";0,975222778890713;23,8879551820728;25,3401360544218;23,9532217381335;47,3525144836759
"vanschaik2009_habitualcustomary_only";"c0";0,957017355107521;25,1288515406162;27,4025974025974;25,2310423658738;43,6160046854324
"vanschaik2009_habitualcustomary_only";"c0";0,993267384667142;24,0056022408964;22,8528911564626;23,9537950011465;56,7833996126106
"vanschaik2009_habitualcustomary_only";"c0";0,971863581910439;25,1624649859944;27,2510822510822;25,2563354248748;45,7077148276307
"vanschaik2009_habitualcustomary_only";"c0";0,980927522593395;24,8263305322129;26,56179138322;24,9043287727076;44,554909993835
"vanschaik2009_habitualcustomary_only";"c0";0,987417487764804;24,5826330532213;25,9637188208617;24,644704323677;51,0509773462237
"vanschaik2009_habitualcustomary_only";"c0";0,975032857571784;25,3725490196078;28,0357142857143;25,4922418405564;46,3414613245897
"vanschaik2009_habitualcustomary_only";"c0";0,978175994738807;26,0028011204482;29,0051020408163;26,1377359932737;42,1252980049049
"vanschaik2009_habitualcustomary_only";"c0";0,982866881408137;25,0868347338936;27,6488095238095;25,2019796682718;47,889347208709
"vanschaik2009_habitualcustomary_only";"c0";0,980695829753026;23,6442577030812;24,9178004535147;23,7014955795052;47,7644829116998
"vanschaik2009_habitualcustomary_only";"c0";0,994106650728032;23,6442577030812;20,8545918367347;23,5188794618971;56,2669979695521
"vanschaik2009_habitualcustomary_only";"c0";0,993872369630607;23,733893557423;20,0396825396825;23,5678616015695;54,4507759071681
"vanschaik2009_habitualcustomary_only";"c0";0,973430754663755;25,4005602240896;28,4098639455782;25,5358098295498;45,2335711993019
"vanschaik2009_habitualcustomary_only";"c0";0,971649779053631;25,7871148459384;22,5;25,6393793472445;42,2655268191794
"vanschaik2009_habitualcustomary_only";"c0";0,975200711777149;26,6050420168067;30,3869047619048;26,775013376137;36,6853885201576
"vanschaik2009_habitualcustomary_only";"c0";0,956301900140239;24,7899159663866;29,3849206349206;24,9964330301409;39,0044493902769
"vanschaik2009_habitualcustomary_only";"c0";0,97612278121529;24,624649859944;29,0858843537415;24,8251547810135;43,9799124591936
"vanschaik2009_habitualcustomary_only";"c0";0,965660749686064;24,3025210084034;27,6573129251701;24,4532981732019;42,2858907427262
"vanschaik2009_habitualcustomary_only";"c0";0,984483442803514;25,218487394958;25,5668934240363;25,2341460928941;44,6819642984303
"vanschaik2009_habitualcustomary_only";"c0";0,960794632691787;25,5350140056022;29,1361317254174;25,6968619930097;42,7423385784965
"vanschaik2009_habitualcustomary_only";"c0";0,971932341058691;25,2324929971989;31,2859461966605;25,5045583095342;40,216196681546
"vanschaik2009_habitualcustomary_only";"c0";0,991394752156472;24,0560224089636;22,3922902494331;23,9812479298836;57,1923302624988
"vanschaik2009_habitualcustomary_only";"c0";0,976454317446768;27,1512605042017;28,1746031746032;27,1972534332085;39,0465330592832
"vanschaik2009_habitualcustomary_only";"c0";0,94253977747963;27,453781512605;31,6071428571429;27,6404494382022;33,3729697615351
"vanschaik2009_habitualcustomary_only";"c0";0,980306952128109;24,140056022409;27,5099206349206;24,2915106117353;44,8015776842234
"vanschaik2009_habitualcustomary_only";"c0";0,948217829460299;26,4873949579832;31,0122912801484;26,6907610848221;36,7751549253334
"vanschaik2009_habitualcustomary_only";"c0";0,989098078642216;24,0364145658263;25,1417233560091;24,0860913653851;48,2221439812877
"vanschaik2009_habitualcustomary_only";"c0";0,965632243794896;25,9607843137255;29,0593434343434;26,1000453977982;43,3311689534784
"vanschaik2009_habitualcustomary_only";"c0";0,976685429428913;25,078431372549;27,8613945578231;25,20350836964;43,6851090351456
"vanschaik2009_habitualcustomary_only";"c0";0,95814484973932;24,6442577030812;29,5879715522573;24,8664470895611;38,3652529701103
"vanschaik2009_habitualcustomary_only";"c0";0,966514930030884;26,1008403361344;29,3324829931973;26,246082702744;38,9841996871634
"vanschaik2009_habitualcustomary_only";"c0";0,982187182746994;23,8319327731092;24,6173469387755;23,8672322861729;49,922655455178
"vanschaik2009_habitualcustomary_only";"c0";0,985843834807269;22,6778711484594;25,6590136054422;22,8118550791103;45,189365887268
"vanschaik2009_habitualcustomary_only";"c0";0,985624342285694;24,6918767507003;23,2142857142857;24,625468164794;57,7743035969302
"vanschaik2009_habitualcustomary_only";"c0";0,995876506217918;23,1456582633053;25,140306122449;23,2353053580983;45,1512033486563
"vanschaik2009_habitualcustomary_only";"c0";0,980666852002757;24,0224089635854;30,0850340136054;24,2948864939234;47,0611385451417
"vanschaik2009_habitualcustomary_only";"c0";0,961447217873169;26,03081232493;25,4960317460317;26,0067772427323;42,4222166864712
"vanschaik2009_habitualcustomary_only";"c0";0,945426910629192;28,4117647058824;31,390306122449;28,5456317358404;39,2139036783254
"vanschaik2009_habitualcustomary_only";"c0";0,970832544010396;25,2885154061625;30,2083333333333;25,5096308186196;43,0981770872893
"vanschaik2009_habitualcustomary_only";"c0";0,969621347204769;25,4621848739496;26,6964285714286;25,5176565008026;41,823778455797
"vanschaik2009_habitualcustomary_only";"c0";0,974190118055272;23,1820728291317;28,7074829931973;23,4304058702133;41,7806811736319
"vanschaik2009_habitualcustomary_only";"c0";0,955336851315744;25,7086834733894;24,9503968253968;25,6746031746032;44,4049050906996
"vanschaik2009_habitualcustomary_only";"c0";0,972345913476272;23,6498599439776;27,7678571428571;23,8349384697699;43,4290950315748
"vanschaik2009_habitualcustomary_only";"c0";0,985222901448283;23,7899159663866;26,2244897959184;23,8993350149048;51,4441967207667
"vanschaik2009_habitualcustomary_only";"c0";0,959179426545786;23,6862745098039;27,3639455782313;23,851563097149;39,5790395016545
"vanschaik2009_habitualcustomary_only";"c0";0,956795494574809;25,1848739495798;26,7162698412698;25,2537007312288;40,7200771585507
"vanschaik2009_habitualcustomary_only";"c0";0,981446400766957;25,3305322128852;29,4571995464853;25,5160004076537;44,2879647516383
"vanschaik2009_habitualcustomary_only";"c0";0,942833622179041;25,750700280112;28,8265306122449;25,8889398456012;37,8920914304022
"vanschaik2009_habitualcustomary_only";"c0";0,974151135449467;24,1764705882353;22,4773242630385;24,1001044612602;51,0466114284628
"vanschaik2009_habitualcustomary_only";"c0";0,988278448333852;23,9019607843137;23,5558390022676;23,8864047491656;57,6898251434583
"vanschaik2009_habitualcustomary_only";"c0";0,990047873500836;23,2941176470588;26,0416666666667;23,4176029962547;48,9155824076522
"vanschaik2009_habitualcustomary_only";"c0";0,970185983472522;25,7927170868347;35,0028344671202;26,2066549466228;35,3042920564917
"vanschaik2009_habitualcustomary_only";"c0";0,9796332836569;24,8963585434174;28,9654195011338;25,0792376875844;39,4139856501721
"vanschaik2009_habitualcustomary_only";"c0";0,990348145444977;25,3249299719888;24,1142290249433;25,2705164462789;48,5888997662545
"vanschaik2009_habitualcustomary_only";"c0";0,940690569471115;27,7058823529412;30,3302154195011;27,8238299064944;36,0876473078204
"vanschaik2009_habitualcustomary_only";"c0";0,956606604619265;26,6134453781513;31,5218511647083;26,8340478854122;39,4783166336892
"vanschaik2009_habitualcustomary_only";"c0";0,946972841118213;26,3109243697479;31,6468253968254;26,5507401462458;36,8051177970477
"vanschaik2009_habitualcustomary_only";"c0";0,972243931430245;25,2408963585434;32,8869047619048;25,5845371856608;37,7177531398208
"vanschaik2009_habitualcustomary_only";"c0";0,972607278663627;25,1260504201681;28,2383786848073;25,2659303421743;48,4289335921224
"vanschaik2009_habitualcustomary_only";"c0";0,978340028783859;25,3025210084034;23,2142857142857;25,2086677367576;44,5458221073125
"vanschaik2009_habitualcustomary_only";"c0";0,9943731996764;22,3557422969188;25,687358276644;22,5054778465693;53,7357752857313
"vanschaik2009_habitualcustomary_only";"c0";0,993457201529219;22,6414565826331;18,1547619047619;22,4398073836276;53,3498889165908
"vanschaik2009_habitualcustomary_only";"c0";0,963118396906681;24,1120448179272;26,4745670995671;24,2182255946301;42,6858335748931
"vanschaik2009_habitualcustomary_only";"c0";0,974694854399445;24,7983193277311;27,0337301587302;24,8987872302479;44,6710555689664
"vanschaik2009_habitualcustomary_only";"c0";0,98024586047567;24,4005602240896;26,6992630385488;24,5038727101327;48,9861178862115
"vanschaik2009_habitualcustomary_only";"c0";0,979946784923723;24,5126050420168;26,2740929705215;24,5917730388035;49,7376855091123
"vanschaik2009_habitualcustomary_only";"c0";0,966379592512521;24,5266106442577;26,2585034013605;24,6044485209814;45,6691564234147
"vanschaik2009_habitualcustomary_only";"c0";0,966586413438647;25,6022408963585;25,9424603174603;25,6175316568575;45,3438161750188
"vanschaik2009_habitualcustomary_only";"c0";0,990953155972614;22,4453781512605;24,0575396825397;22,5178348492955;50,1752883790451
"vanschaik2009_habitualcustomary_only";"c0";0,966161653447281;25,8347338935574;32,3106060606061;26,1257843280315;37,5739349661015
"vanschaik2009_habitualcustomary_only";"c0";0,979636393512996;23,3137254901961;26,7899659863946;23,4699610181151;42,3275328271863
"vanschaik2009_habitualcustomary_only";"c0";0,974527122955541;24,406162464986;31,4880952380952;24,7244515783842;37,9600941987011
"vanschaik2009_habitualcustomary_only";"c0";0,972704459323717;25,6946778711485;29,1312358276644;25,8491299141379;43,5077400119455
"vanschaik2009_habitualcustomary_only";"c0";0,990491155107898;24,218487394958;22,8316326530612;24,1561568447604;55,0600180274982
"vanschaik2009_habitualcustomary_only";"c0";0,978766067842584;25,5266106442577;26,0912698412698;25,5519885856965;43,4517924375698
"vanschaik2009_habitualcustomary_only";"c0";0,979090944175317;25,5910364145658;26,0416666666667;25,6112894596041;39,7323424168229
"vanschaik2009_habitualcustomary_only";"c0";0,990152481650736;24,2885154061625;23,7103174603175;24,2625289816301;55,0200798970419
"vanschaik2009_habitualcustomary_only";"c0";0,986042453867992;24,4761904761905;24,8511904761905;24,4930444087747;51,8413728329822
"vanschaik2009_habitualcustomary_only";"c0";0,940078761690787;26,1344537815126;27,4801587301587;26,1949349028001;35,4705444960896
"vanschaik2009_habitualcustomary_only";"c0";0,994642669809711;23,7198879551821;19,3239795918367;23,5223190399755;56,6799636138593
"vanschaik2009_habitualcustomary_only";"c0";0,963220448275505;26,703081232493;29,4444444444444;26,8262885678616;36,8970895015625
"vanschaik2009_habitualcustomary_only";"c0";0,98512121842933;23,453781512605;26,5873015873016;23,5946138755127;43,1750793897299
"vanschaik2009_habitualcustomary_only";"c0";0,977070908727089;24,453781512605;25,9934807256236;24,5229814772351;47,9174630663161
"vanschaik2009_habitualcustomary_only";"c0";0,981183605763604;26,8935574229692;28,6139455782313;26,970878238936;42,7788739535284
"vanschaik2009_habitualcustomary_only";"c0";0,978832022759425;25,1484593837535;26,140873015873;25,193062243624;45,3479473051696
"vanschaik2009_habitualcustomary_only";"c0";0,976759682683658;25,1344537815126;25,4464285714286;25,1484751203852;43,9581562094379
"vanschaik2009_habitualcustomary_only";"c0";0,98500236132452;24,5182072829132;27,0337301587302;24,6312644908151;45,2550054114851
"vanschaik2009_habitualcustomary_only";"c0";0,963600463903665;27,0756302521008;31,6280148423006;27,2802318067166;37,2775406706086
"vanschaik2009_habitualcustomary_only";"c0";0,993600600646911;23,3613445378151;20,280612244898;23,2228846594818;50,0415177054553
"vanschaik2009_habitualcustomary_only";"c0";0,970165838351708;25,9411764705882;28,5714285714286;26,0593900481541;39,9415467433098
"vanschaik2009_habitualcustomary_only";"c0";0,987040556981278;23,7759103641457;18,9980158730159;23,5611735330836;45,659746348208
"vanschaik2009_habitualcustomary_only";"c0";0,981486994061454;23,515406162465;29,8143424036281;23,7985044204948;42,3015828365541
"vanschaik2009_habitualcustomary_only";"c0";0,975099673175316;24,546218487395;25,0198412698413;24,5675049045836;47,6829010805865
"vanschaik2009_habitualcustomary_only";"c0";0,973653406526438;27,3053221288515;29,6758400329829;27,4118622593743;36,0639448018873
"vanschaik2009_habitualcustomary_only";"c0";0,956840407737831;27,1176470588235;30,297619047619;27,2605671482076;40,3618793844472
"vanschaik2009_habitualcustomary_only";"c0";0,981495427400238;24,484593837535;23,9243197278912;24,4594129786746;47,1797201931434
"vanschaik2009_habitualcustomary_only";"c0";0,952837339954577;25,6666666666667;27,797619047619;25,7624398073836;42,0756844385945
"vanschaik2009_habitualcustomary_only";"c0";0,975057303088451;23,4957983193277;25,9155328798186;23,604550434406;42,4605842801995
"vanschaik2009_habitualcustomary_only";"c0";0,991555734641289;24,2240896358543;24,7519841269841;24,2478152309613;43,4391394462763
"vanschaik2009_habitualcustomary_only";"c0";0,981151401096244;23,6442577030812;30,4421768707483;23,949782160055;41,5793209203833
"vanschaik2009_habitualcustomary_only";"c0";0,975553042175779;24,7927170868347;32,3696145124717;25,1332518025937;37,3867597157459
"vanschaik2009_habitualcustomary_only";"c0";0,972388100454533;25,2128851540616;26,7261904761905;25,2808988764045;42,938126106333
"vanschaik2009_habitualcustomary_only";"c0";0,994526673288789;22,8459383753501;23,3630952380952;22,8691813804173;52,1302820712105
"vanschaik2009_habitualcustomary_only";"c0";0,949160028758441;27,0672268907563;34,0589569160998;27,3814619480751;32,5979978980989
"vanschaik2009_habitualcustomary_only";"c0";0,97710880573148;24,2577030812325;27,5297619047619;24,4047619047619;43,1131940832495
"vanschaik2009_habitualcustomary_only";"c0";0,96898876568787;24,5182072829132;29,0348639455782;24,7212030879768;42,2586598917739
"vanschaik2009_habitualcustomary_only";"c0";0,987671175689695;24,5742296918768;25,4549319727891;24,6138118168616;55,7669031496726
"vanschaik2009_habitualcustomary_only";"c0";0,961052608855567;26,2549019607843;31,5452999381571;26,4926726563966;37,121987779814
"vanschaik2009_habitualcustomary_only";"c0";0,984954295694886;23,5098039215686;23,1760204081633;23,4948024153482;57,3404394450037
"vanschaik2009_habitualcustomary_only";"c0";0,970431387476302;25,0588235294118;28,405612244898;25,2092409997707;43,8140383948313
"vanschaik2009_habitualcustomary_only";"c0";0,977215042136929;25,4285714285714;27,593537414966;25,5258732706566;46,1262771311018
"vanschaik2009_habitualcustomary_only";"c0";0,976748173936222;24,6386554621849;26,8197278911565;24,7366811893297;45,8306471146228
"vanschaik2009_habitualcustomary_only";"c0";0,985243962847589;23,4593837535014;21,7715419501134;23,3835256949222;48,0990534417319
"vanschaik2009_habitualcustomary_only";"c0";0,979362591335812;24,5182072829132;23,0484693877551;24,4521516471757;48,7471743557552
"vanschaik2009_habitualcustomary_only";"c0";0,978361061940877;24,3725490196078;25,3571428571429;24,4168004280364;41,3210861827898
"vanschaik2009_habitualcustomary_only";"c0";0,990430842883622;22,5574229691877;22,6119614512472;22,5598741369207;50,6358533787875
"vanschaik2009_habitualcustomary_only";"c0";0,994170491319415;22,4313725490196;20,9963151927438;22,366875589187;52,5986261297579
"vanschaik2009_habitualcustomary_only";"c0";0,982853803312624;25,2268907563025;26,0714285714286;25,2648475120385;43,2857677891571
"vanschaik2009_habitualcustomary_only";"c0";0,969064929696303;25,4929971988796;28,5643424036281;25,6310351856098;46,0116777737439
"vanschaik2009_habitualcustomary_only";"c0";0,96832200424412;25,1148459383754;29,9801587301587;25,3335116818263;38,8035213778743
"vanschaik2009_habitualcustomary_only";"c0";0,980927808629498;24,5042016806723;28,1845238095238;24,6696094168004;41,4956548959425
"vanschaik2009_habitualcustomary_only";"c0";0,978357197508011;25,5910364145658;32,5014172335601;25,9016153277791;38,0200922449468
"vanschaik2009_habitualcustomary_only";"c0";0,985850171969818;24,1820728291317;24,156746031746;24,1809345461031;46,2461936645359
"vanschaik2009_habitualcustomary_only";"c0";0,970462059440803;24,3305322128852;29,0901360544218;24,5444469922801;42,2989693129212
"vanschaik2009_habitualcustomary_only";"c0";0,963150805166582;25,7731092436975;29,3199855699856;25,9325194156655;42,6026880720984
"vanschaik2009_habitualcustomary_only";"c0";0,987089828008759;24,9887955182073;27,1754535147392;25,0870722820964;49,5875306420994
"vanschaik2009_habitualcustomary_only";"c0";0,978049335919009;23,6498599439776;31,0813492063492;23,9838594613876;41,1647655904108
"vanschaik2009_habitualcustomary_only";"c0";0,984455947514449;24,9383753501401;28,1802721088435;25,0840785752503;47,8312590145868
"vanschaik2009_habitualcustomary_only";"c0";0,960103575838784;25,9747899159664;30,2840909090909;26,1684663650956;34,7382111003173
"vanschaik2009_habitualcustomary_only";"c0";0,981058638890459;24,9663865546218;25,0496031746032;24,97012662743;49,4537124744581
"vanschaik2009_habitualcustomary_only";"c0";0,996530236690429;23,2857142857143;18,1760204081633;23,0560651226783;53,5044779115862
"vanschaik2009_habitualcustomary_only";"c0";0,994743811513629;23,7198879551821;16,8367346938775;23,4105327524268;54,0413418417615
"vanschaik2009_habitualcustomary_only";"c0";0,954523880157759;23,1456582633053;26,5277777777778;23,2976636347423;39,3713692963621
"vanschaik2009_habitualcustomary_only";"c0";0,95426483711804;27,436974789916;39,9466604823748;27,9992078547456;30,3594660672803
"vanschaik2009_habitualcustomary_only";"c0";0,989478202124706;24,2885154061625;24,2276077097506;24,2857779816046;51,7586918119826
"vanschaik2009_habitualcustomary_only";"c0";0,956870676660664;25,7226890756302;29,8979591836735;25,9103416647558;35,5921567056727
"vanschaik2009_habitualcustomary_only";"c0";0,987992653105543;23,5238095238095;25,7397959183673;23,623404417947;51,0660925273206
"vanschaik2009_habitualcustomary_only";"c0";0,971940654491343;24,4005602240896;16,6666666666667;24,0529695024077;45,8314189729812
"vanschaik2009_habitualcustomary_only";"c0";0,973631821644112;24,6778711484594;28,0569727891156;24,8297408851181;43,8145860716566
"vanschaik2009_habitualcustomary_only";"c0";0,984312970810069;23,5854341736695;27,3738662131519;23,7557007821855;50,6054488551844
"vanschaik2009_habitualcustomary_only";"c0";0,97862898243104;23,515406162465;24,156746031746;23,5442304262529;44,1684576256654
"vanschaik2009_habitualcustomary_only";"c0";0,943249544785234;23,7619047619048;31,7602040816327;24,1213788886341;34,3131975711841
"vanschaik2009_habitualcustomary_only";"c0";0,95009396632752;24,8683473389356;29,3990929705215;25,0719763560855;42,0124587558303
"vanschaik2009_habitualcustomary_only";"c0";0,926552753392271;28,546218487395;30,7242063492064;28,6441055823078;41,385715372235
"vanschaik2009_habitualcustomary_only";"c0";0,97249748738798;25,0168067226891;28,0612244897959;25,1536344875029;42,1805813052911
"vanschaik2009_habitualcustomary_only";"c0";0,994014091874971;22,0896358543417;22,2363945578231;22,0962317511274;50,7405289240894
"vanschaik2009_habitualcustomary_only";"c0";0,966248615124624;25,8207282913165;30,5206400742115;26,031960281559;42,3507226789083
"vanschaik2009_habitualcustomary_only";"c0";0,979079941552206;25,4985994397759;28,2780612244898;25,6235190705496;45,6898837455795
"vanschaik2009_habitualcustomary_only";"c0";0,972910870860082;25,3389355742297;28,5147392290249;25,4816683227598;43,6479736068343
"vanschaik2009_habitualcustomary_only";"c0";0,980529855811397;24,5546218487395;28,4722222222222;24,7306937756376;51,2183763622785
"vanschaik2009_habitualcustomary_only";"c0";0,953083205316728;24,3501400560224;21,6836734693878;24,2302988611175;43,8797564777993
"vanschaik2009_habitualcustomary_only";"c0";0,970065076219977;25,5490196078431;30,1383735312307;25,7552827055235;41,6384116933158
"vanschaik2009_habitualcustomary_only";"c0";0,989064475004023;23,6078431372549;25,7001133786848;23,7018777548473;49,7247355290427
"vanschaik2009_habitualcustomary_only";"c0";0,969511721892555;25,3109243697479;29,6768707482993;25,5071466788963;37,7595638816215
"vanschaik2009_habitualcustomary_only";"c0";0,994048462625151;23,6022408963585;22,4702380952381;23,5513643659711;55,6294816124984
"vanschaik2009_habitualcustomary_only";"c0";0,987659478522568;23,9803921568627;25,0708616780045;24,0294020229815;57,4903102846357
"vanschaik2009_habitualcustomary_only";"c0";0,98680717830854;22,2352941176471;23,8236961451247;22,3066829728146;49,9371119027613
"vanschaik2009_habitualcustomary_only";"c0";0,973857940649028;25,8627450980392;27,5226757369614;25,9373487222604;37,3578242059397
"vanschaik2009_habitualcustomary_only";"c0";0,983127555367241;24,2801120448179;26,9047619047619;24,3980738362761;48,8633761011513
"vanschaik2009_habitualcustomary_only";"c0";0,965317851040014;23,3641456582633;28,60853432282;23,5998485195917;40,5259180049903
"vanschaik2009_habitualcustomary_only";"c0";0,991703917061256;24,6442577030812;23,5189909297052;24,5936839155138;54,3764756147788
"vanschaik2009_habitualcustomary_only";"c0";0,974678626744923;25,7170868347339;30,3869047619048;25,9269662921348;41,3836937559684
"vanschaik2009_habitualcustomary_only";"c0";0,973731313059299;26,1288515406162;29,8809523809524;26,2974852862493;43,0235634744059
"vanschaik2009_habitualcustomary_only";"c0";0,980621404726596;25,7927170868347;32,1924603174603;26,0803459960763;36,4904131019284
"vanschaik2009_habitualcustomary_only";"c0";0,964991494684839;25,7226890756302;29,7420634920635;25,9033351168183;43,1717284549291
"vanschaik2009_habitualcustomary_only";"c0";0,991574510575411;22,9355742296919;22,8032879818594;22,9296287803511;49,5223028449527
"vanschaik2009_habitualcustomary_only";"c0";0,981881652669397;26,2408963585434;26,2329931972789;26,2405411602843;48,4581898103865
"vanschaik2009_habitualcustomary_only";"c0";0,964213039533256;24,484593837535;28,1150793650794;24,6477617264134;38,9043971287777
"vanschaik2009_habitualcustomary_only";"c0";0,985354873601535;19,9243697478992;25,1488095238095;20,1591760299625;42,1025111540713
"vanschaik2009_habitualcustomary_only";"c0";0,987407559001223;22,7478991596639;25,375566893424;22,8659965859003;50,8579721163759
"vanschaik2009_habitualcustomary_only";"c0";0,961488214672299;26,3473389355742;31,0037878787879;26,5566175397636;43,1729324526729
"vanschaik2009_habitualcustomary_only";"c0";0,976635072755668;25,563025210084;27,7990362811791;25,6635200896838;42,2456844569484
"vanschaik2009_habitualcustomary_only";"c0";0,91545309721058;24,9887955182073;28,4920634920635;25,1462457642233;37,0426273268832
"vanschaik2009_habitualcustomary_only";"c0";0,98178300328442;23,7619047619048;24,4472789115646;23,7927080944737;44,5537807858849
"vanschaik2009_habitualcustomary_only";"c0";0,988645395754601;22,4649859943978;22,406462585034;22,4623557288084;55,4509259863884
"vanschaik2009_habitualcustomary_only";"c0";0,971492768439443;24,2997198879552;27,0833333333333;24,4248261102194;49,8043709623363
"vanschaik2009_habitualcustomary_only";"c0";0,953167408848307;28,0336134453782;29,3154761904762;28,0912252541466;38,1024772116709
"vanschaik2009_habitualcustomary_only";"c0";0,983219834551927;24,546218487395;26,1337868480726;24,6175698743917;47,3050515360628
"vanschaik2009_habitualcustomary_only";"c0";0,976408351405155;26,0448179271709;21,9005102040816;25,8585569059084;47,5578874786729
"vanschaik2009_habitualcustomary_only";"c0";0,940334458508749;25,6526610644258;31,2391774891775;25,9037404543023;38,0150803500037
"vanschaik2009_habitualcustomary_only";"c0";0,958854755762208;26,3333333333333;31,6403834260977;26,5718524386261;38,4727672163982
"vanschaik2009_habitualcustomary_only";"c0";0,949801635173793;27,781512605042;31,9146825396825;27,9672730515427;36,6441861578481
"vanschaik2009_habitualcustomary_only";"c0";0,993107846762151;23,3837535014006;25,2551020408163;23,4678590537339;49,7922524794344
"vanschaik2009_habitualcustomary_only";"c0";0,984650225899455;24,3921568627451;25,4464285714286;24,4395398608882;52,2996770604147
"vanschaik2009_habitualcustomary_only";"c0";0,967451021852939;24,3585434173669;27,3426870748299;24,4926622334327;45,9523042342357
"vanschaik2009_habitualcustomary_only";"c0";0,973385875004392;24,6022408963585;23,2525510204082;24,5415806772147;48,7212043627921
"vanschaik2009_habitualcustomary_only";"c0";0,954660226511269;25,6386554621849;26,6964285714286;25,6861958266453;44,6410097484432
"vanschaik2009_habitualcustomary_only";"c0";0,966706554244876;26,2072829131653;31,6978458049887;26,4540497847079;32,3537498323575
"vanschaik2009_habitualcustomary_only";"c0";0,989484999512207;23,8963585434174;28,6465419501134;24,1098499324824;47,0443947654291
"vanschaik2009_habitualcustomary_only";"c0";0,980469216946606;26,0028011204482;34,0223665223665;26,3632310261524;37,4635257409169
"vanschaik2009_habitualcustomary_only";"c0";0,976773198862117;24,7843137254902;22,1230158730159;24,6647048332442;48,6380371146625
"vanschaik2009_habitualcustomary_only";"c0";0,973952204338493;26,078431372549;26,8320964749536;26,1123039614211;39,56879040032
"vanschaik2009_habitualcustomary_only";"c0";0,976225372322956;24,9383753501401;31,1479591836735;25,2174577696247;42,6446249305904
"vanschaik2009_habitualcustomary_only";"c0";0,976907981977267;25,436974789916;26,3038548752834;25,4759356926291;44,2685800617974
"vanschaik2009_habitualcustomary_only";"c0";0,985600849206608;24,5182072829132;22,7891156462585;24,4404952992433;48,515604771573
"vanschaik2009_habitualcustomary_only";"c0";0,99274819428756;23,2857142857143;22,7678571428571;23,2624398073836;51,3403732303681
"vanschaik2009_habitualcustomary_only";"c0";0,934076644666497;28,8459383753501;38,5756802721088;29,283230145991;32,1484999310708
"vanschaik2009_habitualcustomary_only";"c0";0,980920566539537;24,3081232492997;29,1468253968254;24,5255930087391;50,0599064579026
"vanschaik2009_habitualcustomary_only";"c0";0,955825170387217;26,5266106442577;30,3826530612245;26,6999159214247;40,9498130596325
"vanschaik2009_habitualcustomary_only";"c0";0,983998165206103;23,9943977591036;30,5428004535147;24,2887079925603;40,1015836892332
"vanschaik2009_habitualcustomary_only";"c0";0,991696417021712;23,8963585434174;22,2576530612245;23,8227088588244;48,2016935015085
"vanschaik2009_habitualcustomary_only";"c0";0,966187626948838;26,2268907563025;27,9251700680272;26,30321791638;46,3953929232855
"vanschaik2009_habitualcustomary_only";"c0";0,972327925424883;25,4285714285714;31,6161616161616;25,7066653695867;40,546754437741
"vanschaik2009_habitualcustomary_only";"c0";0,995113693331831;23,7759103641457;21,3931405895692;23,6688195877602;59,4559666430473
"vanschaik2009_habitualcustomary_only";"c0";0,959593168078339;26,4733893557423;26,9387755102041;26,4943055874035;44,1801010344939
"vanschaik2009_habitualcustomary_only";"c0";0,98193876743725;23,546218487395;26,2202380952381;23,6663991439272;51,5375244497883
"vanschaik2009_habitualcustomary_only";"c0";0,985204134693414;24,2380952380952;20,453514739229;24,0680017325282;51,9483319597463
"vanschaik2009_habitualcustomary_only";"c0";0,961523404354114;26,5574229691877;34,5762471655329;26,9178195622818;38,9251408402851
"vanschaik2009_habitualcustomary_only";"c0";0,976617462372032;24,7422969187675;28,5515873015873;24,9135009809167;44,108282706886
"vanschaik2009_habitualcustomary_only";"c0";0,977410110907838;24,406162464986;29,3948412698413;24,6303727483503;45,1116225695585
"vanschaik2009_habitualcustomary_only";"c0";0,967205536861724;23,593837535014;24,3253968253968;23,6267166042447;47,161329756486
"vanschaik2009_habitualcustomary_only";"c0";0,99266818155326;23,1960784313725;25,0212585034014;23,2781089964076;48,4272595752973
"vanschaik2009_habitualcustomary_only";"c0";0,966207828133606;28,7058823529412;35,351800976801;29,0045753248;32,1448909319836
"vanschaik2009_habitualcustomary_only";"c0";0,964163531666952;24,8403361344538;26,0912698412698;24,896557874086;50,7797078186167
"vanschaik2009_habitualcustomary_only";"c0";0,995360321313745;23,593837535014;14,7321428571429;23,1955591225254;53,3949574333005
"vanschaik2009_habitualcustomary_only";"c0";0,968266169015173;28,1232492997199;30,5916305916306;28,2341877847496;38,5037267620183
"vanschaik2009_habitualcustomary_only";"c0";0,950673836806644;28,2521008403361;38,0862193362193;28,6940836940837;32,3787994763896
"vanschaik2009_habitualcustomary_only";"c0";0,983924591291154;24,9719887955182;29,3877551020408;25,1704502025529;46,9621323344199
"vanschaik2009_habitualcustomary_only";"c0";0,968015204020168;24,8767507002801;23,0867346938775;24,796300542689;50,3523693039624
"vanschaik2009_habitualcustomary_only";"c0";0,98403185291568;23,0616246498599;26,9812925170068;23,2377894978216;46,0202532151887
"vanschaik2009_habitualcustomary_only";"c0";0,967162789493259;24,9943977591036;25,1190476190476;25;44,8630593954281
"vanschaik2009_habitualcustomary_only";"c0";0,958011537948478;27,0616246498599;27,984693877551;27,1031109072843;41,7540440053334
"vanschaik2009_habitualcustomary_only";"c0";0,982206757041125;24,5182072829132;26,3874716553288;24,6022191648195;48,6322141621934
"vanschaik2009_habitualcustomary_only";"c0";0,977844502180572;24,8487394957983;24,8341836734694;24,8480853015363;49,2161568772578
"vanschaik2009_habitualcustomary_only";"c0";0,960439086663783;25,1708683473389;29,9447278911565;25,3854238324543;43,9350283105506
"vanschaik2009_habitualcustomary_only";"c0";0,967056070752436;24,1204481792717;26,2400793650794;24,2157125022294;49,2035008287923
"vanschaik2009_habitualcustomary_only";"c0";0,99472876608414;23,3053221288515;21,4569160997732;23,2222477005784;53,2133399769295
"vanschaik2009_habitualcustomary_only";"c0";0,962660867117099;25,436974789916;30,8140074211503;25,6786391778366;38,3218515869718
"vanschaik2009_habitualcustomary_only";"c0";0,979666389284267;24,8319327731092;24,4047619047619;24,812734082397;42,9641383267173
"vanschaik2009_habitualcustomary_only";"c0";0,989685365066186;24,0364145658263;25,4251700680272;24,0988305434533;51,5870768653541
"vanschaik2009_habitualcustomary_only";"c0";0,978867371423571;22,5714285714286;26,4540816326531;22,7459298326072;47,4165889650609
"vanschaik2009_habitualcustomary_only";"c0";0,974837082590811;24,6582633053221;25,952380952381;24,7164258962012;40,8681316169336
"vanschaik2009_habitualcustomary_only";"c0";0,975268708524242;23,0700280112045;27,8188775510204;23,2834594511962;44,507201646839
"vanschaik2009_habitualcustomary_only";"c0";0,978039142659634;25,8207282913165;24,7066326530612;25,7706565772376;46,2573456997779
"vanschaik2009_habitualcustomary_only";"c0";0,973411976050051;24,5882352941176;26,7559523809524;24,6856607811664;44,5591299947813
"vanschaik2009_habitualcustomary_only";"c0";0,946385892251141;28,1456582633053;27,4447278911565;28,1141557746694;42,626138477841
"vanschaik2009_habitualcustomary_only";"c0";0,964463312187294;24,9327731092437;30,7230467944754;25,1930101288047;36,9110294760816
"vanschaik2009_habitualcustomary_only";"c0";0,984746733675775;24,7422969187675;28,0201247165533;24,8896150220388;53,477620956571
"vanschaik2009_habitualcustomary_only";"c0";0,994146556833331;21,9075630252101;19,8200113378685;21,8137404774644;57,0381493157938
"vanschaik2009_habitualcustomary_only";"c0";0,93627994784849;26,1652661064426;34,8317357245929;26,5547703589437;34,3239084384314
"vanschaik2009_habitualcustomary_only";"c0";0,98040781299595;24,0056022408964;26,140873015873;24,101569466738;46,8852857431804
"vanschaik2009_habitualcustomary_only";"c0";0,978980100796664;24,7983193277311;25,3401360544218;24,8226706412902;48,5655725927083
"vanschaik2009_habitualcustomary_only";"c0";0,978196679475804;24,7843137254902;30,1984126984127;25,0276440164081;43,9104166876102
"vanschaik2009_habitualcustomary_only";"c0";0,967101789377149;24,4145658263305;30,762987012987;24,6998881268544;39,248711526028
"vanschaik2009_habitualcustomary_only";"c0";0,975147388703438;23,7759103641457;31,0544217687075;24,1030344722159;36,4608255234187
"vanschaik2009_habitualcustomary_only";"c0";0,97162495217969;26,6750700280112;29,4264069264069;26,7987256189503;41,4858650589524
"vanschaik2009_habitualcustomary_only";"c0";0,955302389353303;24,7422969187675;29,9305555555556;24,9754770822187;35,146814439288
"vanschaik2009_habitualcustomary_only";"c0";0,96490269980523;24,140056022409;24,672619047619;24,1639914392723;44,8088514077226
"vanschaik2009_habitualcustomary_only";"c0";0,979685198277839;24,5266106442577;29,1142290249433;24,7327957400189;44,3821986787025
"vanschaik2009_habitualcustomary_only";"c0";0,982490015804863;24,6442577030812;23,7797619047619;24,6054039593365;48,7796186389044
"vanschaik2009_habitualcustomary_only";"c0";0,977667647666944;23,5882352941176;29,5762471655329;23,85735942317;42,5767609246887
"vanschaik2009_habitualcustomary_only";"c0";0,980740832441791;23,0560224089636;28,1462585034014;23,2847970648934;46,2628499741325
"vanschaik2009_habitualcustomary_only";"c0";0,938256534134601;26,515406162465;29,3650793650794;26,6434813625825;35,933101891695
"vanschaik2009_habitualcustomary_only";"c0";0,99408153366786;23,4481792717087;20,1275510204082;23,2989375525491;53,5223769147442
"vanschaik2009_habitualcustomary_only";"c0";0,976965456761642;25,703081232493;26,6156462585034;25,7440953909654;45,4746154199237
"vanschaik2009_habitualcustomary_only";"c0";0,987217807354078;23,7058823529412;25,7936507936508;23,7997146424113;47,4710310662972
"vanschaik2009_habitualcustomary_only";"c0";0,961752672748448;27,5014005602241;30,2465986394558;27,6247802491783;41,2708272525698
"vanschaik2009_habitualcustomary_only";"c0";0,968488223062254;27,2773109243697;33,4268707482993;27,5536956355576;36,6336921769714
"vanschaik2009_habitualcustomary_only";"c0";0,970261669427245;25,3165266106443;28,9342403628118;25,4791204871462;44,6904688368108
"vanschaik2009_habitualcustomary_only";"c0";0,979886703132126;25,7086834733894;27,3912595341167;25,7843048693771;48,9148295998612
"vanschaik2009_habitualcustomary_only";"c0";0,923320609413062;28,2296918767507;30,3869047619048;28,3266452648475;35,9079083220889
"vanschaik2009_habitualcustomary_only";"c0";0,926048604016441;27,9719887955182;31,3736263736264;28,1248713832984;36,3553321245612
"vanschaik2009_habitualcustomary_only";"c0";0,991683787483411;23,8263305322129;23,358843537415;23,8053198807613;50,6138133213549
"vanschaik2009_habitualcustomary_only";"c0";0,984570814484749;25,3361344537815;27,2420634920635;25,4217941858391;52,8452163038086
"vanschaik2009_habitualcustomary_only";"c0";0,963226034313631;26,109243697479;31,4401669758813;26,3488357549353;40,5989261029623
"vanschaik2009_habitualcustomary_only";"c0";0,960838406051496;24,5966386554622;27,3100907029478;24,7185915564728;40,3410821762682
"vanschaik2009_habitualcustomary_only";"c0";0,984806251537591;23,6582633053221;25,3741496598639;23,7353817931667;54,0162461474923
"vanschaik2009_habitualcustomary_only";"c0";0,949020991968894;25,750700280112;29,1964285714286;25,9055644729802;38,7555838222687
"vanschaik2009_habitualcustomary_only";"c0";0,958093962370859;25,5350140056022;29,9319727891156;25,732630130704;37,7635635139602
"vanschaik2009_habitualcustomary_only";"c0";0,978930435080207;24,6526610644258;28,7259070294785;24,8357282988102;50,8185069089893
"vanschaik2009_habitualcustomary_only";"c0";0,979028273923276;25,7226890756302;26,7715419501134;25,7698285306632;46,7576732018558
"vanschaik2009_habitualcustomary_only";"c0";0,956817954269954;28,3697478991597;31,9322047000618;28,5298583171777;36,1243068500073
"vanschaik2009_habitualcustomary_only";"c0";0,987224276092206;23,187675070028;30,6320861678005;23,5222553440852;43,4008328507397
"vanschaik2009_habitualcustomary_only";"c0";0,992063100431215;23,4621848739496;24,8866213151927;23,5262044892864;50,3748804063735
"vanschaik2009_habitualcustomary_only";"c0";0,972563550402765;24,140056022409;23,4821428571429;24,1104868913858;45,1310636625332
"vanschaik2009_habitualcustomary_only";"c0";0,983967547584456;24,6302521008403;29,3452380952381;24,8421615837346;43,0488257244185
"vanschaik2009_habitualcustomary_only";"c0";0,985321949802655;22,7899159663866;26,4739229024943;22,9554893118296;48,5159811310568
"vanschaik2009_habitualcustomary_only";"c0";0,937756460806768;28,5238095238095;36,8452380952381;28,8978063135366;30,032900137158
"vanschaik2009_habitualcustomary_only";"c0";0,980454734605153;25,2044817927171;26,2953514739229;25,2535096435578;51,2046392592917
"vanschaik2009_habitualcustomary_only";"c0";0,977133809655399;24,0644257703081;31,0119047619048;24,3766720171215;37,7747659632762
"vanschaik2009_habitualcustomary_only";"c0";0,970457931146948;25,296918767507;31,530612244898;25,5770847664909;43,7198459033274
"vanschaik2009_habitualcustomary_only";"c0";0,97577000011716;23,5098039215686;24,7378117913832;23,5649952865041;49,6262617947868
"vanschaik2009_habitualcustomary_only";"c0";0,972444434183147;24,2296918767507;27,6082251082251;24,3815360669293;42,0046572359631
"vanschaik2009_habitualcustomary_only";"c0";0,949451141231757;26,0588235294118;29,1839311482169;26,1992778044142;36,674818213427
"vanschaik2009_habitualcustomary_only";"c0";0,989411120988219;24,3865546218487;24,9149659863946;24,4103034472216;55,146817649761
"vanschaik2009_habitualcustomary_only";"c0";0,986785159443757;24,4565826330532;24,8412698412698;24,4738719457821;49,7977727828155
"vanschaik2009_habitualcustomary_only";"c0";0,977904549126813;24,3081232492997;25,0141723356009;24,3398557925043;49,482580761514
"vanschaik2009_habitualcustomary_only";"c0";0,990289460800255;24,484593837535;26,5419501133787;24,5770592881347;46,8074966269294
"vanschaik2009_habitualcustomary_only";"c0";0,97331361499758;24,9859943977591;25,6632653061225;25,016433539708;46,687115928917
"vanschaik2009_habitualcustomary_only";"c0";0,969604174506017;24,9159663865546;29,1298185941043;25,1053530026243;44,1751617447627
"vanschaik2009_habitualcustomary_only";"c0";0,953139679649572;22,6050420168067;29,2053184910328;22,9016836560978;41,7116970695211
"vanschaik2009_habitualcustomary_only";"c0";0,942742440945623;26,9495798319328;31,703514739229;27,1632398277663;35,6947045860997
"vanschaik2009_habitualcustomary_only";"c0";0,956862789759642;26,5686274509804;27,2907647907648;26,6010830617572;39,2531259043755
"vanschaik2009_habitualcustomary_only";"c0";0,9825273791119;21,0028011204482;26,5022675736961;21,2499681520548;46,7685747770579
"vanschaik2009_habitualcustomary_only";"c0";0,974543204331824;26,2408963585434;30,3968253968254;26,4276796861067;42,3192576752111
"vanschaik2009_habitualcustomary_only";"c0";0,970951823478736;24,3781512605042;32,6776695526696;24,7511633185791;37,5270822796625
"vanschaik2009_habitualcustomary_only";"c0";0,960224481824747;25,7787114845938;29,6768707482993;25,9539096537491;35,1468663112695
"vanschaik2009_habitualcustomary_only";"c0";0,962227771480539;26,5910364145658;31,2175324675325;26,7989688214407;39,5373304826461
"vanschaik2009_habitualcustomary_only";"c0";0,981540535853863;25,6190476190476;25,8857709750567;25,6310351856098;43,9253655194919
"vanschaik2009_habitualcustomary_only";"c0";0,956473858430238;26,8851540616247;27,3979591836735;26,9082014828403;40,9236902197151
"vanschaik2009_habitualcustomary_only";"c0";0,948353265394667;26,2268907563025;29,092970521542;26,3557033300211;41,3268008137487
"vanschaik2009_habitualcustomary_only";"c0";0,96928885256557;23,4957983193277;26,1394557823129;23,6146143850799;44,4628067206425
"vanschaik2009_habitualcustomary_only";"c0";0,968704503467863;25,3025210084034;29,6683673469388;25,4987388213712;42,8246708518296
"vanschaik2009_habitualcustomary_only";"c0";0,966450434965551;24,0980392156863;22,3639455782313;24,0201024229917;50,2906424725962
"vanschaik2009_habitualcustomary_only";"c0";0,966309184864425;27,8711484593838;23,8732993197279;27,6914698463655;37,5261612660821
"vanschaik2009_habitualcustomary_only";"c0";0,959581263016685;24,750700280112;26,8154761904762;24,8434991974318;47,0358847901039
"vanschaik2009_habitualcustomary_only";"c0";0,970757964018586;25,1344537815126;26,3818027210884;25,1905144080104;49,8519251316949
"vanschaik2009_habitualcustomary_only";"c0";0,981028899196452;25,8487394957983;27,4574829931973;25,9210425743331;48,17303093986
"vanschaik2009_habitualcustomary_only";"c0";0,982347740229883;24,8263305322129;28,5204081632653;24,9923564931591;47,5662653596842
"vanschaik2009_habitualcustomary_only";"c0";0,991803769090136;23,2997198879552;23,5260770975057;23,3098932456878;54,0925925288087
"vanschaik2009_habitualcustomary_only";"c0";0,95349723478581;25,4229691876751;28,0612244897959;25,5415424596805;43,2001644253412
"vanschaik2009_habitualcustomary_only";"c0";0,967988553544951;26,03081232493;25,8971088435374;26,0248031796988;44,9747226257566
"vanschaik2009_habitualcustomary_only";"c0";0,943271541042655;24,8263305322129;31,5085807050093;25,1266563826756;38,1632470331155
"vanschaik2009_habitualcustomary_only";"c0";0,989309526890858;23,5378151260504;23,327664399093;23,528370149558;52,900668791192
"vanschaik2009_habitualcustomary_only";"c0";0,967849551322343;25,9047619047619;27,8930890538033;25,9941249226963;40,4349489923167
"vanschaik2009_habitualcustomary_only";"c0";0,990775862472033;23,0140056022409;26,0062358276644;23,1484878595633;52,8680154561405
"vanschaik2009_habitualcustomary_only";"c0";0,982865595898877;24,218487394958;24,5294784580499;24,2324645213891;49,8468849507435
"vanschaik2009_habitualcustomary_only";"c0";0,988052769730496;22,6778711484594;18,4948979591837;22,4898723534358;51,8599206517557
"vanschaik2009_habitualcustomary_only";"c0";0,968037473512596;26,5070028011204;26,0416666666667;26,4860888175495;41,5222526471444
"vanschaik2009_habitualcustomary_only";"c0";0,976417404493188;23,453781512605;28,5657596371882;23,683533338429;43,4870200024756
"vanschaik2009_habitualcustomary_only";"c0";0,975755214394896;24,9103641456583;21,5986394557823;24,7615225865627;50,6708454073146
"vanschaik2009_habitualcustomary_only";"c0";0,982408273535581;24,5882352941176;24,0291950113379;24,56310988815;48,8175125587296
"vanschaik2009_habitualcustomary_only";"c0";0,992827897780099;24,0084033613445;20,5144557823129;23,8513720094779;56,212174977101
"vanschaik2009_habitualcustomary_only";"c0";0,976171546281987;25,8403361344538;28,4098639455782;25,9558205304594;44,7197787557708
"vanschaik2009_habitualcustomary_only";"c0";0,967429559474087;25,9467787114846;27,6757369614512;26,0244847002471;44,4826593761318
"vanschaik2009_habitualcustomary_only";"c0";0,9415794508969;28,9019607843137;34,6617965367965;29,1608298068972;34,8610384355084
"vanschaik2009_habitualcustomary_only";"c0";0,977384800598134;24,0420168067227;26,8806689342404;24,1695966776224;46,6896571079762
"vanschaik2009_habitualcustomary_only";"c0";0,961007131367203;25,8207282913165;29,3424036281179;25,9790058345436;41,8957805500511
"vanschaik2009_habitualcustomary_only";"c0";0,973988532015776;26,8375350140056;31,8542568542569;27,0630056585113;43,5984431025712
"vanschaik2009_habitualcustomary_only";"c0";0,978337414605477;27,2913165266106;39,5691609977324;27,8431297612678;30,2901463641213
"vanschaik2009_habitualcustomary_only";"c0";0,972836939284146;26,0588235294118;26,7857142857143;26,091492776886;42,9573597002226
"vanschaik2009_habitualcustomary_only";"c0";0,98119225956672;23,0196078431373;24,9362244897959;23,1057479171444;47,6816609326216
"vanschaik2009_habitualcustomary_only";"c0";0,984743541066235;24,8767507002801;23,5331632653061;24,8163647481464;41,9343976461394
"vanschaik2009_habitualcustomary_only";"c0";0,985426288508674;24,3865546218487;26,1422902494331;24,465464088257;49,0545000260652
"vanschaik2009_habitualcustomary_only";"c0";0,973724811530344;24,7366946778711;29,5918367346939;24,9549033096385;41,9056811003168
"vanschaik2009_habitualcustomary_only";"c0";0,973533709953587;24,1260504201681;30,1374716553288;24,3962266554562;39,9957762209085
"vanschaik2009_habitualcustomary_only";"c0";0,963904609705792;24,8347338935574;27,1116780045351;24,9370684603429;49,1557386348556
"vanschaik2009_habitualcustomary_only";"c0";0,977290565857741;24,3921568627451;22,8571428571429;24,3231674692349;44,5721130680687
"vanschaik2009_habitualcustomary_only";"c0";0,980860371479913;24,2100840336134;16,3690476190476;23,8576779026217;49,6545029073364
"vanschaik2009_habitualcustomary_only";"c0";0,982393711168231;25,6526610644258;19,9404761904762;25,3959336543606;51,1126486920847
"vanschaik2009_habitualcustomary_only";"c0";0,987518919760091;23,8039215686275;27,6360544217687;23,9761522586563;47,7122141068196
"vanschaik2009_habitualcustomary_only";"c0";0,981277313629665;25,8347338935574;28,5119047619048;25,9550561797753;44,6007333756261
"vanschaik2009_habitualcustomary_only";"c0";0,967635235561017;24,7086834733894;23,8307823129252;24,6692272414584;45,2445737714579
"vanschaik2009_habitualcustomary_only";"c0";0,956174709464587;26,0448179271709;29,0816326530612;26,1813039822671;39,375485809987
"vanschaik2009_habitualcustomary_only";"c0";0,948419635793493;27,0616246498599;29,6130952380952;27,1762974852862;37,0799399916381
"vanschaik2009_habitualcustomary_only";"c0";0,993948542829732;22,249299719888;22,3001700680272;22,2515860276695;52,0710021566009
"vanschaik2009_habitualcustomary_only";"c0";0,981712402299477;23,047619047619;20,7695578231293;22,9452342734847;52,5356045740045
"vanschaik2009_habitualcustomary_only";"c0";0,996915081446812;22,9075630252101;17,7295918367347;22,6748452189865;55,5016294223827
"vanschaik2009_habitualcustomary_only";"c0";0,995161593184809;23,2577030812325;23,3630952380952;23,2624398073836;49,1404473318096
"vanschaik2009_habitualcustomary_only";"c0";0,976321263152665;24,9803921568627;22,3696145124717;24,8630538357665;51,0219480750988
"vanschaik2009_habitualcustomary_only";"c0";0,994295038240812;22,4453781512605;25,7086167800454;22,592040561543;50,3801742863832
"vanschaik2009_habitualcustomary_only";"c0";0,987198316551127;23,2801120448179;30,2083333333333;23,591492776886;44,0789715080319
"vanschaik2009_habitualcustomary_only";"c0";0,980233467454775;25,1624649859944;29,5408163265306;25,3592448215241;42,8383467877921
"vanschaik2009_habitualcustomary_only";"c0";0,9724841807026;25,4425770308123;29,5280612244898;25,6261942979439;41,7661151944758
"vanschaik2009_habitualcustomary_only";"c0";0,963456039523774;25,6946778711485;28,795609152752;25,8340455691981;42,481335722742
"vanschaik2009_habitualcustomary_only";"c0";0,969529022793408;23,0756302521008;28,1079931972789;23,3018038676145;38,7016222744356
"vanschaik2009_habitualcustomary_only";"c0";0,968185257066585;25,1288515406162;28,7755102040816;25,2927463120079;41,2756951116842
"vanschaik2009_habitualcustomary_only";"c0";0,979758538894624;26,2913165266106;30,4978354978355;26,4803735590252;47,3566820546028
"vanschaik2009_habitualcustomary_only";"c0";0,977815306391472;26,8991596638655;28,6147186147186;26,9762634369376;43,3847270275738
"vanschaik2009_habitualcustomary_only";"c0";0,981888077616125;23,5798319327731;26,1621315192744;23,6958903411552;49,2751593610936
"vanschaik2009_habitualcustomary_only";"c0";0,980339390550323;24,1120448179272;29,6258503401361;24,3598563020714;44,5043624292366
"vanschaik2009_habitualcustomary_only";"c0";0,982790366617357;24,7086834733894;26,0459183673469;24,7687839180616;42,413770881974
"vanschaik2009_habitualcustomary_only";"c0";0,932610001165914;25,2745098039216;29,2207792207792;25,4518702271511;35,2723947897299
"vanschaik2009_habitualcustomary_only";"c0";0,965880093676706;24,952380952381;26,3497217068646;25,0151827840431;42,7630028457957
"vanschaik2009_habitualcustomary_only";"c0";0,956415873339076;26,3865546218487;30,347866419295;26,5645911071272;42,5367172711939
"vanschaik2009_habitualcustomary_only";"c0";0,969028963538051;24,4005602240896;23,1292517006803;24,3434227623634;45,2138042927756
"vanschaik2009_habitualcustomary_only";"c0";0,980583047122432;25,3865546218487;28,1377551020408;25,5102040816327;51,5429189825707
"vanschaik2009_habitualcustomary_only";"c0";0,987707570268945;24,4565826330532;25,0496031746032;24,4832352416622;48,19527277262
"vanschaik2009_habitualcustomary_only";"c0";0,975571635626723;25,0084033613445;29,4146825396825;25,2064383805957;48,5533812548062
"vanschaik2009_habitualcustomary_only";"c0";0,987647189508455;23,3781512605042;23,9583333333333;23,404226859283;50,0052253430755
"vanschaik2009_habitualcustomary_only";"c0";0,986770544448387;24,3305322128852;24,2063492063492;24,3249509541644;51,4052330302391
"vanschaik2009_habitualcustomary_only";"c0";0,985461765250496;24;28,0031179138322;24,1799154118576;47,8300101574891
"vanschaik2009_habitualcustomary_only";"c0";0,931727898850608;24,7282913165266;32,8472222222222;25,0931870875691;34,8073844307028
"vanschaik2009_habitualcustomary_only";"c0";0,976798638886123;24,7787114845938;28,9544681508967;24,9663859415063;43,2074792560734
"vanschaik2009_habitualcustomary_only";"c0";0,978602463060493;24,8319327731092;24,8015873015873;24,8305689316925;48,8847197710809
"vanschaik2009_habitualcustomary_only";"c0";0,979462861955808;24,7703081232493;25,6802721088435;24,8112053810288;53,3696689144579
"vanschaik2009_habitualcustomary_only";"c0";0,982833974988285;23,5098039215686;26,6865079365079;23,6525771357232;46,3208718911321
"vanschaik2009_habitualcustomary_only";"c0";0,989137003930659;24,5322128851541;22,2576530612245;24,429985477337;54,0515729606898
"vanschaik2009_habitualcustomary_only";"c0";0,976049997829794;22,4817927170868;27,6785714285714;22,7153558052434;37,85035256662
"vanschaik2009_habitualcustomary_only";"c0";0,979452388334058;22,1232492997199;24,3409863945578;22,222922877016;42,7348974303489
"vanschaik2009_habitualcustomary_only";"c0";0,94928147144951;26,0252100840336;29,1156462585034;26,164106091875;40,2527448879082
"vanschaik2009_habitualcustomary_only";"c0";0,985809563237664;23,3557422969188;26,2103174603175;23,4840378098805;44,8676054272287
"vanschaik2009_habitualcustomary_only";"c0";0,957913953100081;26,8851540616247;30,7784477427335;27,0601335529104;36,602357390572
"vanschaik2009_habitualcustomary_only";"c0";0,96258675571018;25,9663865546219;27,1834415584416;26,0210856559171;45,7237843852917
"vanschaik2009_habitualcustomary_only";"c0";0,977862660628721;23,8879551820728;29,8469387755102;24,1557746694183;40,5377929364847
"vanschaik2009_habitualcustomary_only";"c0";0,981780234495911;25,5686274509804;28,9554988662132;25,7208463909909;46,9508365730013
"vanschaik2009_habitualcustomary_only";"c0";0,991925624779177;22,9775910364146;24,8015873015873;23,059568396647;43,5651613479358
"vanschaik2009_habitualcustomary_only";"c0";0,959642916262964;25,9831932773109;32,3415275200989;26,2689611084475;41,6999026632586
"vanschaik2009_habitualcustomary_only";"c0";0,95510254673627;25,9887955182073;30,7936507936508;26,2047440699126;37,2807565787901
"vanschaik2009_habitualcustomary_only";"c0";0,984552854583669;23,4397759103641;24,8270975056689;23,5021274427374;52,0227380911093
"vanschaik2009_habitualcustomary_only";"c0";0,982940859590174;25,2689075630252;27,484410430839;25,3684807256236;51,0370591175705
"vanschaik2009_habitualcustomary_only";"c0";0,962437075542913;25,2100840336134;28,1168831168831;25,3407266890413;38,6306962778797
"vanschaik2009_habitualcustomary_only";"c0";0,911486434572891;25,8991596638655;34,498556998557;26,2856494317168;32,6048771644768
"vanschaik2009_habitualcustomary_only";"c0";0,983752934854737;25,2605042016807;28,43679138322;25,4032586817499;49,3076726023326
"vanschaik2009_habitualcustomary_only";"c0";0,973152640340094;24,672268907563;29,0844671201814;24,8705699508268;43,7427123878689
"vanschaik2009_habitualcustomary_only";"c0";0,953101399112917;25,9271708683473;28,015873015873;26,0210451221687;39,8683188704951
"vanschaik2009_habitualcustomary_only";"c0";0,955808410493107;25,9607843137255;32,4068491032777;26,250495090784;39,5681511295258
"vanschaik2009_habitualcustomary_only";"c0";0,986718281137057;24,484593837535;24,1553287981859;24,4697954088002;53,0968904931221
"vanschaik2009_habitualcustomary_only";"c0";0,97807802003632;23,9579831932773;22,891156462585;23,9100359244822;51,0098923029147
"vanschaik2009_habitualcustomary_only";"c0";0,98940153432491;22,9299719887955;25,6802721088435;23,053580982955;56,4598869355174
"vanschaik2009_habitualcustomary_only";"c0";0,980135551359955;24,1260504201681;27,5595238095238;24,2803638309256;41,2091579295082
"vanschaik2009_habitualcustomary_only";"c0";0,964086656274741;23,3837535014006;27,1272675736961;23,5520013248745;43,9284893219808
"vanschaik2009_habitualcustomary_only";"c0";0,980111772246828;25,4985994397759;31,4101473922902;25,7642869882035;39,7963037917114
"vanschaik2009_habitualcustomary_only";"c0";0,972010457871615;24,7142857142857;29,1794217687075;24,9149659863946;43,3603493965472
"vanschaik2009_habitualcustomary_only";"c0";0,976054852745412;24,4705882352941;26,8452380952381;24,5773140716961;45,0496173421731
"vanschaik2009_habitualcustomary_only";"c0";0,964941702198923;26,3109243697479;30,0637755102041;26,4795918367347;44,9978086582254
"vanschaik2009_habitualcustomary_only";"c0";0,959652454735365;25,4565826330532;27,6948051948052;25,5571769054915;44,5262514111538
"vanschaik2009_habitualcustomary_only";"c0";0,979006175852832;24,0420168067227;25,3727324263039;24,1018242502994;55,979050005589
"vanschaik2009_habitualcustomary_only";"c0";0,980052310405959;24,2997198879552;21,4880952380952;24,1733547351525;45,0491834089319
"vanschaik2009_habitualcustomary_only";"c0";0,955232273216509;27,3473389355742;32,1338383838384;27,5624625062827;38,0049702025474
"vanschaik2009_habitualcustomary_only";"c0";0,96438381772224;24,5518207282913;24,84410430839;24,5649570689699;41,168828151234
"vanschaik2009_habitualcustomary_only";"c0";0,981095285584994;24,5882352941176;29,9900793650794;24,8310148029249;40,4687868970265
"vanschaik2009_habitualcustomary_only";"c0";0,996426734965369;24,3921568627451;15,0297619047619;23,9713750668807;59,4527818490517
"vanschaik2009_habitualcustomary_only";"c0";0,993662879667983;23,3977591036415;22,4135487528345;23,3535249305715;55,577218898268
"vanschaik2009_habitualcustomary_only";"c0";0,970385325681165;26,3949579831933;31,5849824778396;26,6282175110425;39,6883875030904
"vanschaik2009_habitualcustomary_only";"c0";0,984019854739842;24,4285714285714;25,5017006802721;24,4768019567377;51,4360394022245
"vanschaik2009_habitualcustomary_only";"c0";0,989454717708614;24,4341736694678;24,6952947845805;24,4459094499223;53,6608709650732
"vanschaik2009_habitualcustomary_only";"c0";0,98741878479487;22,8879551820728;24,5890022675737;22,9644067364774;49,20005764873
"vanschaik2009_habitualcustomary_only";"c0";0,975389979806252;21,921568627451;26,4328231292517;22,1243216387679;45,2418968729437
"vanschaik2009_habitualcustomary_only";"c0";0,955544175720599;27,1792717086835;28,9611678004535;27,2593569262911;39,0169702097974
"vanschaik2009_habitualcustomary_only";"c0";0,991302555485032;24,2324929971989;27,8826530612245;24,3965451349079;48,0271931590025
"vanschaik2009_habitualcustomary_only";"c0";0,976013857165977;24,5882352941176;31,600185528757;24,903379124888;38,9767642350548
"vanschaik2009_habitualcustomary_only";"c0";0,976393942406258;24,6946778711485;30,7979024943311;24,9689801014039;40,2878764317461
"vanschaik2009_habitualcustomary_only";"c0";0,980548096090421;25,2605042016807;25,8843537414966;25,2885423832454;43,2510945018969
"vanschaik2009_habitualcustomary_only";"c0";0,988726755461237;22,3893557422969;18,75;22,2257891920813;47,787432784478
"vanschaik2009_habitualcustomary_only";"c0";0,9807241380763;23,7619047619048;23,3460884353741;23,7432163876787;47,5801637891265
"vanschaik2009_habitualcustomary_only";"c0";0,965909040252882;26,1204481792717;25,2409297052154;26,0809192590894;44,7403809758672
"vanschaik2009_habitualcustomary_only";"c0";0,986928300841163;24,3585434173669;27,0734126984127;24,4805600142679;45,3269928587962
"vanschaik2009_habitualcustomary_only";"c0";0,975677343378781;25,4509803921569;29,1284013605442;25,6162577390507;47,5949357400986
"vanschaik2009_habitualcustomary_only";"c0";0,983997332470026;22,8011204481793;24,5535714285714;22,8798822899946;42,4427394781646
"vanschaik2009_habitualcustomary_only";"c0";0,985658426369822;23,2857142857143;25,1062925170068;23,3675380264465;51,8388043494162
"vanschaik2009_habitualcustomary_only";"c0";0,974480582664486;24,3361344537815;26,2925170068027;24,4240617595353;45,9023591038564
"vanschaik2009_habitualcustomary_only";"c0";0,97938163177721;22,4257703081232;29,4557823129252;22,7417259038447;42,075612506463
"vanschaik2009_habitualcustomary_only";"c0";0,978583912629555;25,5966386554622;25,7865646258503;25,6051746541313;49,2448249273512
"vanschaik2009_habitualcustomary_only";"c0";0,975226726160615;25,5686274509804;28,3390022675737;25,6931386786925;49,7325411333639
"vanschaik2009_habitualcustomary_only";"c0";0,973894610800981;24;25,7723922902494;24,0796580804606;52,2854722400823
"vanschaik2009_habitualcustomary_only";"c0";0,962400353692651;27,4257703081232;34,0754483611626;27,7246322430913;33,7983912950922
"vanschaik2009_habitualcustomary_only";"c0";0,984242836668203;23,1820728291317;24,8809523809524;23,2584269662921;43,7252198252729
"vanschaik2009_habitualcustomary_only";"c0";0,976310237555177;23,9915966386555;28,7797619047619;24,2067950775816;39,9252875890095
"vanschaik2009_habitualcustomary_only";"c0";0,986589217665518;25,2268907563025;25,5725623582766;25,2424265586384;49,1122218760916
"vanschaik2009_habitualcustomary_only";"c0";0,983972121639206;24,4257703081232;26,7517006802721;24,5303065046243;48,7249337840397
"vanschaik2009_habitualcustomary_only";"c0";0,982923658209518;24,4005602240896;24,9829931972789;24,4267369869296;54,3355837801951
"vanschaik2009_habitualcustomary_only";"c0";0,986974832544179;24,6022408963585;27,5510204081633;24,7347703126194;45,2263701229064
"vanschaik2009_habitualcustomary_only";"c0";0,976776889312651;23,3921568627451;28,1632653061224;23,6065887028969;44,3389144772719
"vanschaik2009_habitualcustomary_only";"c0";0,968650056005217;26,703081232493;36,7687074829932;27,1554689291447;31,4693916053292
"vanschaik2009_habitualcustomary_only";"c0";0,974646938396498;23,9159663865546;26,6014739229025;24,0366633544804;40,8707523384814
"vanschaik2009_habitualcustomary_only";"c0";0,971616303038908;25,4649859943978;22,797619047619;25,3451043338684;47,1157124903806
"vanschaik2009_habitualcustomary_only";"c0";0,986673857478808;23,5322128851541;25,7695578231293;23,6327677138271;52,5725577315759
"vanschaik2009_habitualcustomary_only";"c0";0,935682190500029;23,859943977591;32,0011337868481;24,2258401487936;35,0823881272528
"vanschaik2009_habitualcustomary_only";"c0";0,988029429794329;24,1484593837535;23,4963151927438;24,1191495324722;57,0381956729959
"vanschaik2009_habitualcustomary_only";"c0";0,975057303088451;22,9019607843137;29,4501133786848;23,1962597773192;44,180650764643
"vanschaik2009_habitualcustomary_only";"c0";0,97086706542253;26,0588235294118;29,2559523809524;26,2025147137507;38,8081666721094
"vanschaik2009_habitualcustomary_only";"c0";0,975425471683897;24,9187675070028;24,0249433106576;24,8785956330098;49,3306212617238
"vanschaik2009_habitualcustomary_only";"c0";0,986855065078738;23,9439775910364;26,8948412698413;24,0766006777243;44,4278158953611
"vanschaik2009_habitualcustomary_only";"c0";0,981422289258324;24,1820728291317;27,7905328798186;24,3442508089378;49,0397964499957
"vanschaik2009_habitualcustomary_only";"c0";0,990918813805306;22,1736694677871;23,7386621315193;22,2440062167189;48,1172261592667
"vanschaik2009_habitualcustomary_only";"c0";0,978887480536188;24,9103641456583;29,4827097505669;25,1158628245306;48,2532533411517
"vanschaik2009_habitualcustomary_only";"c0";0,980934981760608;24,4341736694678;27,7947845804989;24,5852123620984;43,795637809862
"vanschaik2009_habitualcustomary_only";"c0";0,979003148742766;25,0868347338936;24,8526077097506;25,0763076766287;48,18038115633
"vanschaik2009_habitualcustomary_only";"c0";0,978094149445553;25,0280112044818;20,3174603174603;24,8163010522561;50,0894491182778
"vanschaik2009_habitualcustomary_only";"c0";0,965220634421209;24,6218487394958;23,8095238095238;24,5853397538791;45,8052676102014
"vanschaik2009_habitualcustomary_only";"c0";0,9708881757238;24,7282913165266;27,1003401360544;24,8349002522357;43,3376338550259
"vanschaik2009_habitualcustomary_only";"c0";0,958803314393878;27,3193277310924;28,2738095238095;27,3622257891921;41,8346554159679
"vanschaik2009_habitualcustomary_only";"c0";0,987764950055868;22,4397759103641;23,4027777777778;22,4830568931693;44,846312628509
"vanschaik2009_habitualcustomary_only";"c0";0,986633969080762;24,1596638655462;24,3976757369614;24,1703610283065;48,180672754268
"vanschaik2009_habitualcustomary_only";"c0";0,961373969864125;24,4761904761905;20,9183673469388;24,316288313078;51,4236098728021
"vanschaik2009_habitualcustomary_only";"c0";0,961284710366378;25,8711484593838;28,7939342403628;26,0025096180794;41,0275468228389
"vanschaik2009_habitualcustomary_only";"c0";0,992887252419406;23,0756302521008;26,0062358276644;23,2073428622385;49,9435224726942
"vanschaik2009_habitualcustomary_only";"c0";0,958396474352161;25,9747899159664;29,1964285714286;26,1195826645265;42,0309018081593
"vanschaik2009_habitualcustomary_only";"c0";0,970365086443591;25,5210084033613;29,4345238095238;25,6968967362226;45,1168124595395
"vanschaik2009_habitualcustomary_only";"c0";0,944788609909536;25,5546218487395;28,0612244897959;25,6672781472139;35,2534721355632
"vanschaik2009_habitualcustomary_only";"c0";0,942144125657358;27,8319327731092;32,7083333333333;28,0510968432317;36,1259202055451
"vanschaik2009_habitualcustomary_only";"c0";0,981553340697382;25,9103641456583;29,672619047619;26,0794542536116;38,5250213768189
"vanschaik2009_habitualcustomary_only";"c0";0,982538865445751;24,3081232492997;27,359693877551;24,4452724910189;49,6278157210946
"vanschaik2009_habitualcustomary_only";"c0";0,94716821634157;27,7619047619048;32,354797979798;27,9683269290011;38,3597638526727
"vanschaik2009_habitualcustomary_only";"c0";0,973214601320304;25,1904761904762;26,2662337662338;25,2388248455664;48,0740407317544
"vanschaik2009_habitualcustomary_only";"c0";0,978909095071544;25,5546218487395;27,6530612244898;25,6489337307957;47,2626805803756
"vanschaik2009_habitualcustomary_only";"c0";0,949652019269295;25,8207282913165;29,0575396825397;25,966202960585;40,597109200471
"vanschaik2009_habitualcustomary_only";"c0";0,976133836212146;25,1764705882353;24,7519841269841;25,157392545033;48,2570392463481
"vanschaik2009_habitualcustomary_only";"c0";0,967763251690086;25,2464985994398;28,7910997732426;25,4058065173635;41,3003960234743
"vanschaik2009_habitualcustomary_only";"c0";0,984377036498757;25,078431372549;22,6190476190476;24,9678972712681;53,1517846685032
"vanschaik2009_habitualcustomary_only";"c0";0,967884473489555;26,8991596638655;31,6964285714286;27,1147672552167;36,4317193527442
"vanschaik2009_habitualcustomary_only";"c0";0,982576425780051;23,8095238095238;26,8069727891156;23,9442406175954;42,8117395713154
"vanschaik2009_habitualcustomary_only";"c0";0,974820047348908;25,2745098039216;23,2247217068646;25,1823844961887;46,956787965254
"vanschaik2009_habitualcustomary_only";"c0";0,969058525050406;26,9915966386555;28,5082972582973;27,0597629586394;45,6309057282568
"vanschaik2009_habitualcustomary_only";"c0";0,976678355905141;29,4201680672269;37,6082251082251;29,7881706308673;30,8020764267724
"vanschaik2009_habitualcustomary_only";"c0";0,971393095716829;25,5882352941176;26,182745825603;25,6149548685664;44,3674778654675
"vanschaik2009_habitualcustomary_only";"c0";0,990806951038371;24,6582633053221;25,4322562358277;24,693049504446;55,2163292173286
"vanschaik2009_habitualcustomary_only";"c0";0,973664593815292;25,1288515406162;28,8095238095238;25,2942750133761;37,1932600366934
"vanschaik2009_habitualcustomary_only";"c0";0,971712468723235;25,1960784313725;26,4285714285714;25,2514713750669;44,8024084994836
"vanschaik2009_habitualcustomary_only";"c0";0,980666065363227;23,2857142857143;26,1337868480726;23,4137175469439;44,1530784262462
"vanschaik2009_habitualcustomary_only";"c0";0,987039881650138;23,6778711484594;26,6581632653061;23,8118168615761;47,5043735547248
"vanschaik2009_habitualcustomary_only";"c0";0,980270604427764;25,2549019607843;28,0484693877551;25,3804555530077;51,5370095844859
"vanschaik2009_habitualcustomary_only";"c0";0,981853068106622;24,6022408963585;29,0550917336632;24,8023690238779;47,0255788593319
"vanschaik2009_habitualcustomary_only";"c0";0,98191238983276;23,9943977591036;25,0637755102041;24,0424596805014;49,3956254847655
"vanschaik2009_habitualcustomary_only";"c0";0,944371598809966;25,5686274509804;28,2001133786848;25,686896481439;38,4021167179031
"vanschaik2009_habitualcustomary_only";"c0";0,979227375084498;24,0700280112045;25,4506802721088;24,1320797982114;48,0214560817987
"vanschaik2009_habitualcustomary_only";"c0";0,956926993767182;24,1176470588235;25,9456813028242;24,1998059012505;41,2760299588591
"vanschaik2009_habitualcustomary_only";"c0";0,960843771763539;24,4761904761905;29,5238095238095;24,7030497592295;35,8009063515303
"vanschaik2009_habitualcustomary_only";"c0";0,982012235105354;25,5546218487395;24,812925170068;25,521287166552;48,0579704303134
"vanschaik2009_habitualcustomary_only";"c0";0,976658429710671;25,6050420168067;26,6439909297052;25,6517363499707;42,7964012085992
"vanschaik2009_habitualcustomary_only";"c0";0,969681224866404;24,8403361344538;34,4565553494125;25,2725257620924;39,8223345595594
"vanschaik2009_habitualcustomary_only";"c0";0,965761509828396;25,2745098039216;31,9472789115646;25,5744095390965;41,3526408697177
"vanschaik2009_habitualcustomary_only";"c0";0,975986344948066;25,812324929972;25,8786848072562;25,8153073963668;44,3899057019098
"vanschaik2009_habitualcustomary_only";"c0";0,977513883425126;24,5546218487395;29,8412698412698;24,7922240057072;42,5326588469174
"vanschaik2009_habitualcustomary_only";"c0";0,98364542388484;24,7647058823529;22,2746598639456;24,6527937017504;45,8194059662683
"vanschaik2009_habitualcustomary_only";"c0";0,968752186787691;26,4509803921569;29,3274582560297;26,5802602961511;43,4460383051893
"vanschaik2009_habitualcustomary_only";"c0";0,985256492834379;24,8347338935574;23,1009070294785;24,7568090906775;42,2776860329467
"vanschaik2009_habitualcustomary_only";"c0";0,974167895068384;24,7226890756303;29,9648268398268;24,9582907728975;41,221586048134
"vanschaik2009_habitualcustomary_only";"c0";0,981728689840202;24,8767507002801;29,2219387755102;25,0720400519758;42,1717550598048
"vanschaik2009_habitualcustomary_only";"c0";0,983006196781491;23,6918767507003;28,2015306122449;23,8945578231293;46,9848421157303
"vanschaik2009_habitualcustomary_only";"c0";0,985579560063744;23,4257703081233;25,4039115646258;23,5146755331346;48,1442894250057
"vanschaik2009_habitualcustomary_only";"c0";0,969743272975904;24,484593837535;27,9974489795918;24,6424749675151;48,4387290754326
"vanschaik2009_habitualcustomary_only";"c0";0,952585123674693;27,8375350140056;32,5726654298083;28,050349864154;36,6929076130278
"vanschaik2009_habitualcustomary_only";"c0";0,99645646144702;21,249299719888;18,1760204081633;21,1111748070015;55,004416709278
"vanschaik2009_habitualcustomary_only";"c0";0,964518201876064;27,781512605042;29,0816326530612;27,8399449667507;35,7651708161206
"vanschaik2009_habitualcustomary_only";"c0";0,977868373442101;24,6666666666667;26,7134353741497;24,7586562714974;46,6326277131355
"vanschaik2009_habitualcustomary_only";"c0";0,982241853837676;25,0168067226891;23,9880952380952;24,9705724986624;50,6893499166092
"vanschaik2009_habitualcustomary_only";"c0";0,978827071530498;25,6526610644258;30,5484693877551;25,8726973935642;43,9796087370851
"vanschaik2009_habitualcustomary_only";"c0";0,975062070487507;24,3585434173669;27,3398526077098;24,492534841652;47,383881683886
"vanschaik2009_habitualcustomary_only";"c0";0,977434497187547;24,6526610644258;25,9013605442177;24,7087823893602;50,7486163667015
"vanschaik2009_habitualcustomary_only";"c0";0,96173586470575;24,8347338935574;27,18820861678;24,9405080384214;39,548396024676
"vanschaik2009_habitualcustomary_only";"c0";0,983014940153276;24,0224089635854;23,0725623582766;23,9797192285154;45,9934830171028
"vanschaik2009_habitualcustomary_only";"c0";0,981502017417928;23,3697478991597;28,1448412698413;23,5843588371678;44,4008963144244
"vanschaik2009_habitualcustomary_only";"c0";0,968249259141059;24,1120448179272;28,5946196660482;24,313508856045;44,0361133606101
"vanschaik2009_habitualcustomary_only";"c0";0,977914269745352;24,7927170868347;25,5952380952381;24,828785446763;46,7726406968712
"vanschaik2009_habitualcustomary_only";"c0";0,974146467289894;26,563025210084;35,2451814058957;26,9532344773115;36,7289768601434
"vanschaik2009_habitualcustomary_only";"c0";0,980246378554342;24,2521008403361;29,1751700680272;24,4733623786593;44,2107605545923
"vanschaik2009_habitualcustomary_only";"c0";0,965750217613475;25,03081232493;27,9542877757163;25,1622044800215;50,772265455825
"vanschaik2009_habitualcustomary_only";"c0";0,982307307765054;24,140056022409;21,6836734693878;24,0296568065428;54,4665009074819
"vanschaik2009_habitualcustomary_only";"c0";0,972911921245133;25,5070028011204;27,6700680272109;25,6042192157762;46,1036302356948
"vanschaik2009_habitualcustomary_only";"c0";0,982698498012354;24,0980392156863;27,5992063492064;24,2553950419119;49,2908381225037
"vanschaik2009_habitualcustomary_only";"c0";0,990507752094291;22,8515406162465;23,6748866213152;22,888544931081;51,6263565365212
"vanschaik2009_habitualcustomary_only";"c0";0,991757245341369;24,5126050420168;26,4880952380952;24,6013911182451;52,414086840901
"vanschaik2009_habitualcustomary_only";"c0";0,966990980279997;25,1120448179272;31,9515306122449;25,4194374378965;38,8982473309085
"vanschaik2009_habitualcustomary_only";"c0";0,990296522740071;23,5378151260504;20,0325963718821;23,3802772045148;54,3422853973472
"vanschaik2009_habitualcustomary_only";"c0";0,98072172073621;24,4341736694678;22,093253968254;24,3289637952559;37,4717371876958
"vanschaik2009_habitualcustomary_only";"c0";0,984886655770278;23,952380952381;25,7950680272109;24,0351983490025;48,5672050958964
"vanschaik2009_habitualcustomary_only";"c0";0,979541438759657;23,8263305322129;28,640873015873;24,0427144640628;50,9267222678354
"vanschaik2009_habitualcustomary_only";"c0";0,979685715371233;25,1008403361345;27,2619047619048;25,1979668271803;46,4154899549021
"vanschaik2009_habitualcustomary_only";"c0";0,978497834679153;24,9747899159664;28,452380952381;25,1310861423221;44,4722543934441
"vanschaik2009_habitualcustomary_only";"c0";0,992106086814394;22,0812324929972;20,4719387755102;22,0089046854697;51,4114640852868
"vanschaik2009_habitualcustomary_only";"c0";0,983186041820136;23;19,8341836734694;22,8577161201559;54,3337599328235
"vanschaik2009_habitualcustomary_only";"c0";0,984288383092113;24,9803921568627;26,2882653061224;25,0391729725598;55,061919721712
"vanschaik2009_habitualcustomary_only";"c0";0,971289200532199;24,1820728291317;29,077380952381;24,4020866773676;40,4007227865011
"vanschaik2009_habitualcustomary_only";"c0";0,971487871464069;25,624649859944;27,0833333333333;25,6902086677368;44,6187274927761
"vanschaik2009_habitualcustomary_only";"c0";0,980902154567908;25,1204481792717;26,8395691609977;25,1977120436189;46,5208917683269
"vanschaik2009_habitualcustomary_only";"c0";0,972600060412774;26,0448179271709;29,234693877551;26,1881831384239;39,5200577038418
"vanschaik2009_habitualcustomary_only";"c0";0,962224483836798;28,2380952380952;30,7738095238095;28,3520599250936;40,4444855675667
"vanschaik2009_habitualcustomary_only";"c0";0,989535374691685;23,8039215686275;26,9628684807256;23,9458967107442;46,4592762057536
"vanschaik2009_habitualcustomary_only";"c0";0,960672117609848;26,0868347338936;30,4761904761905;26,2841091492777;44,1800055228798
"vanschaik2009_habitualcustomary_only";"c0";0,982990756386697;23,7563025210084;25,2834467120181;23,8249382149864;50,8564162292364
"vanschaik2009_habitualcustomary_only";"c0";0,965036298395316;27,3809523809524;36,6017316017316;27,7953694245829;34,2865106743345
"vanschaik2009_habitualcustomary_only";"c0";0,967414251089001;25,4145658263305;28,1590136054422;25,5379117939311;43,3685217982151
"vanschaik2009_habitualcustomary_only";"c0";0,94919840362852;25,6890756302521;23,8307823129252;25,6055568294734;47,4303578727388
"vanschaik2009_habitualcustomary_only";"c0";0,947065943895559;25,750700280112;31,7077664399093;26,0184335906647;40,5391133350298
"vanschaik2009_habitualcustomary_only";"c0";0,979386655410529;23,1820728291317;27,6884920634921;23,384608525058;46,0059344215621
"vanschaik2009_habitualcustomary_only";"c0";0,995890306349892;23,8739495798319;16,5178571428571;23,5433386837881;54,0197809884236
"vanschaik2009_habitualcustomary_only";"c0";0,957619254705078;25,6330532212885;30,5272108843537;25,8530153634488;37,4419640690191
