"matrix_id";"baseline";"ceof_cor";"stat_nodf_columns";"stat_nodf_rows";"stat_nodf_general";"stat_temp"
"welsch_etal1992";"swap";0,986793783991943;63,6206597909733;64,8370710397143;63,9865273399154;36,613597090313
"welsch_etal1992";"swap";0,986688266913148;63,6262012536637;64,8509716013809;63,9945830206032;36,6320708249139
"welsch_etal1992";"swap";0,986604094758883;63,6206971986684;64,8359328766647;63,9862111639131;36,9010514887541
"welsch_etal1992";"swap";0,98640190711978;63,5854965066685;64,8260905991617;63,9586376793783;36,9984565520838
"welsch_etal1992";"swap";0,986728281729848;63,5787593273643;64,8265872507103;63,9540762642051;36,6300352918938
"welsch_etal1992";"swap";0,986930008700952;63,5676056700626;64,8278448750579;63,9466556249932;36,4430848319422
"welsch_etal1992";"swap";0,986951223303905;63,6385455105263;64,8790289366516;64,0116533974268;37,0347566502241
"welsch_etal1992";"swap";0,987719418174752;63,6760338923445;64,941889587563;64,056773153843;36,7940227786835
"welsch_etal1992";"swap";0,987953307841129;63,6553087123169;64,8944950180787;64,028026456288;37,0729876696526
"welsch_etal1992";"swap";0,987932723319902;63,6553087123169;64,8944950180787;64,028026456288;37,0840677074219
"welsch_etal1992";"swap";0,988150595847266;63,6586541276046;64,8942301735424;64,0302859913569;36,9791632525935
"welsch_etal1992";"swap";0,988262238170438;63,8374710964308;64,890090372545;64,1540739188067;36,8889134429357
"welsch_etal1992";"swap";0,988255509833754;63,8396862658624;64,8865061431543;64,1545447671177;36,659494596842
"welsch_etal1992";"swap";0,988039603567905;63,8597328258093;64,8953193585586;64,1712126044176;36,817800202997
"welsch_etal1992";"swap";0,9880222665188;63,8577382123439;64,8951157091614;64,1697566703129;36,8970460429265
"welsch_etal1992";"swap";0,987509768716938;63,8739061089895;64,9214840148166;64,1889926071846;37,2854929825362
"welsch_etal1992";"swap";0,988272474371538;63,8765380340273;64,8880307988507;64,1807709807562;37,311742278917
"welsch_etal1992";"swap";0,987825827988331;63,8248416062901;64,8544988048115;64,1345379823008;37,4755355450971
"welsch_etal1992";"swap";0,988272319249141;63,7935710417837;64,8343532644954;64,1066135602578;37,4564189274218
"welsch_etal1992";"swap";0,988931294283175;63,7935710417837;64,8464810565953;64,1102613114391;37,2770369739198
"welsch_etal1992";"swap";0,988867892689826;63,7141692533162;64,83269300223;64,0505945723621;37,0836390264401
"welsch_etal1992";"swap";0,98909472093219;63,7008485604776;64,8081842399933;64,0339087745622;37,3122053939114
"welsch_etal1992";"swap";0,989171038103835;63,7065001802787;64,8068549241478;64,0374606950905;37,2793250532185
"welsch_etal1992";"swap";0,989171038103835;63,7065001802787;64,8068549241478;64,0374606950905;37,461367706859
"welsch_etal1992";"swap";0,989133866189576;63,705819982205;64,8161550686255;64,0397823464906;37,4011074453211
"welsch_etal1992";"swap";0,989310795082761;63,7912754353755;64,8305443387933;64,1038627834281;37,3551637053796
"welsch_etal1992";"swap";0,989705007880004;63,8869383293733;64,8651218731633;64,1811526552868;37,3893784713031
"welsch_etal1992";"swap";0,989783369089298;63,9016229971569;64,8608100182572;64,1901236212265;37,3447450613599
"welsch_etal1992";"swap";0,989688003880401;63,9040253408297;64,86916199138;64,1943154718167;37,2584855112772
"welsch_etal1992";"swap";0,989657828091047;63,9248394018843;64,8582231094733;64,2055790034554;37,160879399923
"welsch_etal1992";"swap";0,989512484618073;63,9186905704089;64,8613088623044;64,2022077151252;37,0794735192706
"welsch_etal1992";"swap";0,990112836269405;64,0469154650537;64,8758475197938;64,2962384957485;36,9022147039179
"welsch_etal1992";"swap";0,989813869230204;64,0980912909752;64,8785928786385;64,3328475899813;36,9666320126236
"welsch_etal1992";"swap";0,989478029096522;64,1181906042126;64,8760935796714;64,3461497785906;37,188664638385
"welsch_etal1992";"swap";0,989110466285211;64,0885229751001;64,8548223734306;64,3190075936147;37,297093667756
"welsch_etal1992";"swap";0,989017875223174;64,0992618805028;64,8294340819132;64,3188802981327;37,2687285700212
"welsch_etal1992";"swap";0,988998950687427;64,0656425791847;64,7813101628216;64,280898353047;37,141174605669
"welsch_etal1992";"swap";0,988790312963478;64,0671179689458;64,7805486667368;64,2817009407911;37,0521291405324
"welsch_etal1992";"swap";0,988758038471271;64,0615365167871;64,781398681612;64,2780539208256;37,0720769467221
"welsch_etal1992";"swap";0,988478245106281;64,0057612562722;64,7740578286557;64,2368465772026;37,1264208948703
"welsch_etal1992";"swap";0,988598177162554;64,0053732340899;64,8391732295096;64,2561604254678;37,1297863072262
"welsch_etal1992";"swap";0,988448367628361;63,9778547560627;64,8358981815924;64,2359337941424;37,1618455379034
"welsch_etal1992";"swap";0,988441616390393;63,9831376146547;64,8092410369386;64,2316098600377;37,0937571441286
"welsch_etal1992";"swap";0,988610630021156;63,9758133583408;64,8333720295805;64,2337465938689;37,1457793824104
"welsch_etal1992";"swap";0,98866124025386;63,972478427646;64,8389854100186;64,233103102163;37,2928985889523
"welsch_etal1992";"swap";0,989233862882693;63,961906206158;64,8609441981942;64,2323154340343;37,3826674914718
"welsch_etal1992";"swap";0,989291870517404;63,9565013346447;64,8683598452094;64,230766669323;37,2524858080656
"welsch_etal1992";"swap";0,989370798304894;63,962464169711;64,8769970588606;64,2375338938084;37,2350975191066
"welsch_etal1992";"swap";0,989463819698255;63,9534569152196;64,8667951938201;64,2281673288995;37,2192407963334
"welsch_etal1992";"swap";0,990017210154599;63,9663333388268;64,9007765623035;64,2473916175569;37,2199815455758
"welsch_etal1992";"swap";0,989893984846728;63,9942332834705;64,8913563230446;64,2640665392286;37,1912204522939
"welsch_etal1992";"swap";0,99034530982715;64,0375556718438;64,8973671425196;64,2961664958181;37,0542460238256
"welsch_etal1992";"swap";0,990307666565621;64,0375556718438;64,8822030950975;64,2916055113088;37,3012588011637
"welsch_etal1992";"swap";0,989751649363813;64,0256280373444;64,848221726614;64,2730446385801;37,3150721931038
"welsch_etal1992";"swap";0,990084957807128;64,0463319710918;64,8720269821865;64,2946813761106;37,225416344214
"welsch_etal1992";"swap";0,990084957807128;64,0567998614468;64,8720269821865;64,3020007742178;37,2310934006926
"welsch_etal1992";"swap";0,990240941469956;64,0522051020205;64,8458936173434;64,2909277149734;36,9642579240799
"welsch_etal1992";"swap";0,990255043599959;64,0498100256198;64,8463140548086;64,2893794781249;36,876958311387
"welsch_etal1992";"swap";0,990010084626131;64,0536103837461;64,8300410898939;64,287142258493;36,8872460022119
"welsch_etal1992";"swap";0,989855015388932;64,1220737339361;64,8426309609191;64,3388001961269;36,9029755084926
"welsch_etal1992";"swap";0,989684199708417;64,1434553741891;64,8600219729337;64,3589815503963;36,9316325911207
"welsch_etal1992";"swap";0,989654422620245;64,1375084996021;64,8581018500459;64,3542458268701;37,0026931455305
"welsch_etal1992";"swap";0,989492287798203;64,2224500253392;64,8690211138387;64,4169232181932;36,9724066191507
"welsch_etal1992";"swap";0,989755048443353;64,2112267571235;64,8725677666309;64,4101423906428;36,9744828718591
"welsch_etal1992";"swap";0,989751321181875;64,225219599516;64,8631355840239;64,4170895431099;36,9706651791599
"welsch_etal1992";"swap";0,990147249139806;64,238883856936;64,8755473563677;64,4303770828323;37,1846605099175
"welsch_etal1992";"swap";0,990175557590292;64,3282544770652;64,8862509545123;64,4960865352883;37,1052570713204
"welsch_etal1992";"swap";0,99013655668341;64,295663468526;64,8942159087138;64,4756937949732;37,273719746771
"welsch_etal1992";"swap";0,989974213751736;64,2856005537452;64,8930638349811;64,4683110490716;37,4599412121031
"welsch_etal1992";"swap";0,990143472634102;64,2897119732128;64,8945258232852;64,4716255827106;37,3851049839456
"welsch_etal1992";"swap";0,990143472634102;64,2766667174585;64,8945258232852;64,4625040293663;37,3525320287802
"welsch_etal1992";"swap";0,989769422541657;64,3119011855044;64,9027347780321;64,48960986631;37,2662585500808
"welsch_etal1992";"swap";0,989324794996254;64,3196835152109;64,9051849979007;64,4957884242994;37,3015707441263
"welsch_etal1992";"swap";0,989545027757591;64,303973687984;64,863429560984;64,4722446976509;37,3197881630813
"welsch_etal1992";"swap";0,989704333113465;64,2919698115028;64,8913440045132;64,4722473016385;37,4288226203594
"welsch_etal1992";"swap";0,98968857607034;64,2671248368421;64,8857500260839;64,4531925684058;37,6523616005819
"welsch_etal1992";"swap";0,989106985538681;64,2694375102926;64,8498364175896;64,4440076861614;38,1338806071489
"welsch_etal1992";"swap";0,989573766920443;64,2477606716814;64,8628164691867;64,4327548151743;37,3785664166203
"welsch_etal1992";"swap";0,989364948011886;64,1495734302294;64,8034060286491;64,346230712419;37,2850774542402
"welsch_etal1992";"swap";0,990250933371391;64,1443510205748;64,8314872707323;64,3510252484682;37,2788129389058
"welsch_etal1992";"swap";0,990283948518199;64,1922563991925;64,824071623717;64,382291379402;37,1826445646634
"welsch_etal1992";"swap";0,989810252916297;64,1892637210538;64,8172930284834;64,3781599875187;37,4136016093816
"welsch_etal1992";"swap";0,98964553205664;64,1886029572108;64,8054922999927;64,3741485874783;37,2743050242893
"welsch_etal1992";"swap";0,989681219655484;64,2050032885429;64,8080075486879;64,3863726164649;37,2791027785529
"welsch_etal1992";"swap";0,989910230214729;64,2056712766028;64,8026685557846;64,3852338476374;37,5125813880137
"welsch_etal1992";"swap";0,99051525005804;64,2080746431298;64,8167865607862;64,3911606985698;37,7786033079638
"welsch_etal1992";"swap";0,990913380058113;64,2534203961536;64,8513830319652;64,4332733234838;37,7635448896743
"welsch_etal1992";"swap";0,990852512554556;64,1811044912753;64,8143605557034;64,371572841831;37,2874271249512
"welsch_etal1992";"swap";0,990804522826124;64,1811044912753;64,8295246031255;64,3761338263402;37,9471178084229
"welsch_etal1992";"swap";0,990794297634739;64,1220076097487;64,7473082184806;64,3100831485976;37,5431533069144
"welsch_etal1992";"swap";0,991231274132625;64,1066493332345;64,726205127381;64,292996968602;38,0495687714165
"welsch_etal1992";"swap";0,991135556826978;64,0998806085125;64,7143611370423;64,2847017247909;37,234201289181
"welsch_etal1992";"swap";0,991156076228556;64,0998806085125;64,6978185398546;64,2797261053262;37,3367930288397
"welsch_etal1992";"swap";0,991182596193699;64,1048595788565;64,6942815410729;64,2821436748659;38,0108884694485
"welsch_etal1992";"swap";0,990936153030997;64,1294880493684;64,6859922785752;64,2968712748413;38,0857800650041
"welsch_etal1992";"swap";0,991836306231425;64,1294880493684;64,7048225479197;64,3025349716364;38,0382885679283
"welsch_etal1992";"swap";0,991961306542232;64,1335994688359;64,7057442069059;64,3056869870782;37,3246278112086
"welsch_etal1992";"swap";0,99187759351245;64,1836673473035;64,7049334883532;64,3404517946438;37,371748534367
"welsch_etal1992";"swap";0,992131578134449;64,1843097565953;64,713943218581;64,3436108949027;37,3697013754186
"welsch_etal1992";"swap";0,991318507370636;64,1596879604656;64,6966192133759;64,3211841005712;37,318056576412
"welsch_etal1992";"swap";0,991469112850443;64,1107817189681;64,6543932666508;64,2742871327278;37,1726763100995
"welsch_etal1992";"swap";0,991325507467212;64,1102811402991;64,677149184568;64,2807815546491;37,9486450231937
"welsch_etal1992";"swap";0,991360090290261;64,1017312566336;64,6711754689169;64,2730065210008;37,774495957319
"welsch_etal1992";"swap";0,991437074623409;64,0953894248013;64,6778318949282;64,2705742557256;37,0159935038356
"welsch_etal1992";"swap";0,991202318682162;64,1104409741899;64,6941221601665;64,2859983813562;37,2284323086947
"welsch_etal1992";"swap";0,99092809224764;64,1692861882707;64,7250420032883;64,3364443085703;37,3497581503993
"welsch_etal1992";"swap";0,990740195903846;64,1577228210181;64,7242375704426;64,3281169726885;37,2412234724128
"welsch_etal1992";"swap";0,989943847211813;64,2486535779988;64,7247427507724;64,3918498686455;37,2729638688009
"welsch_etal1992";"swap";0,990744254158517;64,2032487823628;64,7276965631634;64,3609901912064;37,1246877499359
"welsch_etal1992";"swap";0,990900594439677;64,1306942683189;64,7204541728787;64,3080800093411;37,2203256179452
"welsch_etal1992";"swap";0,990761117306225;64,0420795219798;64,7067473400858;64,2419957803364;37,3402144179813
"welsch_etal1992";"swap";0,990621419544852;64,0416940764047;64,7081246352304;64,2421405252106;37,4813411225417
"welsch_etal1992";"swap";0,990462046276966;64,0629594963342;64,7796002610538;64,2785079799013;37,2279871836211
"welsch_etal1992";"swap";0,99072478740241;64,0629594963342;64,7810380904487;64,278940444758;37,3606590980865
"welsch_etal1992";"swap";0,991111018114804;64,0630523487697;64,7871054441862;64,2808302849719;37,3340639852951
"welsch_etal1992";"swap";0,991706327927256;64,1318291624586;64,8345261243946;64,3431836820577;37,3426280360686
"welsch_etal1992";"swap";0,991630132101701;64,1323623875625;64,847020311337;64,3473144797715;37,3483623697314
"welsch_etal1992";"swap";0,991607339149964;64,1409823522417;64,857772999509;64,3565759169113;37,5371161437497
"welsch_etal1992";"swap";0,991660263236649;64,1246699295496;64,8031600497348;64,3287436073543;37,4757274527905
"welsch_etal1992";"swap";0,991281162221925;64,1064165209169;64,7723733631909;64,3067204870601;37,4428943867372
"welsch_etal1992";"swap";0,990597146063748;63,8490736248923;64,6881790187581;64,1014565538364;37,5624952476188
"welsch_etal1992";"swap";0,990385888765942;63,8737421416978;64,6911727407911;64,1196058083073;37,8222955830886
"welsch_etal1992";"swap";0,990805190471871;63,8449814042687;64,6130801607608;64,0760072268876;37,7344617964103
"welsch_etal1992";"swap";0,990787052425823;63,8399990967336;64,6657156972673;64,0883549953417;37,5491455728452
"welsch_etal1992";"swap";0,990599732776748;63,8560748733137;64,691596626374;64,1073799284063;37,6260933055513
"welsch_etal1992";"swap";0,990566894470394;63,8560748733137;64,6948821699822;64,1083681417166;37,6982388798977
"welsch_etal1992";"swap";0,990535897067936;63,8556687559307;64,6759908556749;64,1024021171086;37,7653249579151
"welsch_etal1992";"swap";0,990523781888664;63,8509788836374;64,6937150669475;64,1044538676214;37,7166891240293
"welsch_etal1992";"swap";0,991232676530867;64,2685038501911;64,7584997990119;64,4158829680447;37,1683129249792
"welsch_etal1992";"swap";0,990484439658597;64,2798460536255;64,7712303344943;64,4276427487122;37,1980828962928
"welsch_etal1992";"swap";0,990084584553868;64,2676473365239;64,7474193003615;64,4119513230598;37,1855167680008
"welsch_etal1992";"swap";0,990079039672708;64,271904014408;64,7788502350182;64,4243813705423;37,0343081122712
"welsch_etal1992";"swap";0,989735820453305;64,2736796893792;64,7894210168114;64,4288024042925;37,2369471463554
"welsch_etal1992";"swap";0,989747117899595;64,2688109031676;64,822964826468;64,4354872125691;37,0397839061248
"welsch_etal1992";"swap";0,989305801384964;64,3102287822358;64,8258796935701;64,4653243021391;37,0114522312258
"welsch_etal1992";"swap";0,989427592701569;64,3038335284619;64,7933951530211;64,451082011916;37,1258316632223
"welsch_etal1992";"swap";0,988946082646719;64,3217742679567;64,7805930912201;64,4597760485631;37,2220502834753
"welsch_etal1992";"swap";0,989173750089739;64,3152825530079;64,7816989087613;64,4555694905405;37,1800200734821
"welsch_etal1992";"swap";0,989114789519535;64,3062554510114;64,779501680016;64,4485966518439;37,2167111743429
"welsch_etal1992";"swap";0,988921488902703;64,3062554510114;64,7631294490575;64,4436722744858;37,4351582593439
"welsch_etal1992";"swap";0,988783530167089;64,3154911274533;64,7511820177553;64,4465365763475;37,068510745165
"welsch_etal1992";"swap";0,988356202691819;64,2453250154279;64,7002600853725;64,3821586554823;37,2569966237373
"welsch_etal1992";"swap";0,98845753479148;64,2464262884995;64,7024302054514;64,3835814122916;37,2543446458204
"welsch_etal1992";"swap";0,988552710934875;64,1602631183433;64,6507980062986;64,30780433626;37,2359695420179
"welsch_etal1992";"swap";0,988829196303927;64,1744030296122;64,6769743654939;64,3255645245573;37,3139001871947
"welsch_etal1992";"swap";0,989267622243912;64,1611017761703;64,6619413333021;64,3117423932895;37,2983948662632
"welsch_etal1992";"swap";0,988811494319875;64,1531589719976;64,6396019873524;64,2994694520364;37,2973027011991
"welsch_etal1992";"swap";0,988809334497821;64,1608678834993;64,6396019873524;64,3048597064564;37,2557406089734
"welsch_etal1992";"swap";0,988710996150552;64,1771246480585;64,6693168960996;64,3251643604382;37,2192011564795
"welsch_etal1992";"swap";0,988675496054661;64,1556498231609;64,6634114514845;64,308372434526;37,1458107540846
"welsch_etal1992";"swap";0,988400281382469;64,1595209442036;64,6573979656415;64,3092705011044;37,1202602489974
"welsch_etal1992";"swap";0,988360495960212;64,154652157992;64,6305162452114;64,2977807482618;37,0956058348391
"welsch_etal1992";"swap";0,988560955538601;64,2150980137935;64,6738956162648;64,3530934116908;37,0732179401442
"welsch_etal1992";"swap";0,988421007790409;64,1729616118051;64,656986028304;64,3185446348788;37,244311939449
"welsch_etal1992";"swap";0,988548190235811;64,1830476302167;64,6649356912327;64,3279880884136;37,2221794740898
"welsch_etal1992";"swap";0,988018699021996;64,2409851352048;64,7668655321268;64,3991574408767;37,0603003040703
"welsch_etal1992";"swap";0,987199896808447;64,2361395336895;64,7634406018202;64,3947391434442;37,00227786934
"welsch_etal1992";"swap";0,987382434695097;64,2762959545119;64,7645230623032;64,4231430470882;37,2708497154508
"welsch_etal1992";"swap";0,987284564108423;64,2674011376907;64,7843150982243;64,4228765527283;37,2139154341022
"welsch_etal1992";"swap";0,987381240608814;64,2755082017645;64,798652015787;64,4328574084401;37,2060394074603
"welsch_etal1992";"swap";0,987473266258736;64,2740892537683;64,7965480265863;64,4312324163559;37,258451231219
"welsch_etal1992";"swap";0,987196349572476;64,2722419789998;64,7958385564986;64,4297273661517;37,1920662045216
"welsch_etal1992";"swap";0,987192352133018;64,285943168452;64,7840224156502;64,4357535500478;36,8606482268217
"welsch_etal1992";"swap";0,987017971598742;64,2840159405766;64,7758719350751;64,4319545158947;36,9221539471853
"welsch_etal1992";"swap";0,986960506772663;64,2794435754591;64,7561586734264;64,4228281295049;36,9190226175912
"welsch_etal1992";"swap";0,987022309144442;64,2982546800704;64,7800535360309;64,44316830751;36,8828770635465
"welsch_etal1992";"swap";0,987253432641032;64,3129716929373;64,7864427168683;64,4553805067328;36,8286642538651
"welsch_etal1992";"swap";0,987103985753667;64,3413749347215;64,8014558754065;64,4797563302057;36,9902005507886
"welsch_etal1992";"swap";0,987050804465816;64,4017340648811;64,818586444615;64,5271133382164;36,9601058357615
"welsch_etal1992";"swap";0,987010166605684;64,3977936893736;64,8244945150392;64,526135140819;36,8360111983454
"welsch_etal1992";"swap";0,987134510923583;64,3881440728785;64,8290940031054;64,5207713157993;37,0102065850748
"welsch_etal1992";"swap";0,987228509792309;64,3798822144779;64,8262778228699;64,5141473877652;37,1607574725224
"welsch_etal1992";"swap";0,988028122228568;64,3648975208345;64,8057463171608;64,4974943450853;37,0302698142163
"welsch_etal1992";"swap";0,988000272683136;64,3624680456945;64,8048153484879;64,4955155850211;37,0293472086216
"welsch_etal1992";"swap";0,987900681504111;64,3405560487594;64,8017076813218;64,4792594828742;37,1548987381183
"welsch_etal1992";"swap";0,987859963125078;64,3405560487594;64,8004500569742;64,4788812194062;37,0568869608297
"welsch_etal1992";"swap";0,988028065394642;64,2361533416862;64,7755702145678;64,398397097113;36,9971880878331
"welsch_etal1992";"swap";0,988000121416102;64,2576281665838;64,7791368385786;64,4144855614593;37,0568032633288
"welsch_etal1992";"swap";0,988211988442806;64,2670991150001;64,7814991715861;64,4218184075697;37,2180912834043
"welsch_etal1992";"swap";0,988224442656332;64,2670991150001;64,7851148415855;64,4229059150404;37,189574378729
"welsch_etal1992";"swap";0,988400999028185;64,2856005026042;64,7933362301232;64,4383153236238;37,188221919506
"welsch_etal1992";"swap";0,988434732493767;64,3221059175181;64,8325738243562;64,4756425130419;37,144927648758
"welsch_etal1992";"swap";0,988457003917742;64,3312768131912;64,8338351367518;64,4824343943397;37,2542873091136
"welsch_etal1992";"swap";0,988651297806706;64,3748129781019;64,8542807168434;64,5190254609704;37,3076614238818
"welsch_etal1992";"swap";0,988650127433425;64,4712298288112;64,9179309795481;64,605586901963;37,2106082484493
"welsch_etal1992";"swap";0,989237741267949;64,447855149112;64,9082484958467;64,5863305088996;37,2508657378395
"welsch_etal1992";"swap";0,989278090875112;64,3996552234408;64,8439166602925;64,5332784887293;37,2554457137324
"welsch_etal1992";"swap";0,989517453525759;64,3996552234408;64,872077929875;64,5417487282868;37,263522649311
"welsch_etal1992";"swap";0,989454770660909;64,4330242676121;64,9055621781301;64,5751524231042;37,6248377558332
"welsch_etal1992";"swap";0,98949440539832;64,4366488084585;64,922213608194;64,5826951421435;37,4238781618982
"welsch_etal1992";"swap";0,989255772646625;64,4538531083939;64,9197103368736;64,5939718737516;37,7314378046554
"welsch_etal1992";"swap";0,989213305398709;64,4444856129025;64,9256660864626;64,5892132456356;37,7366510876524
"welsch_etal1992";"swap";0,989190824494751;64,4218215454943;64,9361986903738;64,5765339467679;37,6523624440316
"welsch_etal1992";"swap";0,988832886627061;64,4475179171666;64,9275420139894;64,5918977393028;37,8829552936041
"welsch_etal1992";"swap";0,988870167196598;64,3931884456308;64,9084957088289;64,5481806043547;37,8002708253244
"welsch_etal1992";"swap";0,988845301292884;64,3914409353128;64,9111838808719;64,5477672417067;37,8081658287711
"welsch_etal1992";"swap";0,988788322259069;64,6713781042424;64,9752650554462;64,7627800656329;37,3955497603462
"welsch_etal1992";"swap";0,988203250452127;64,6598147369898;64,9500998085067;64,747125576741;37,6127960055953
"welsch_etal1992";"swap";0,988704654994043;64,6392482698461;64,9506277889048;64,7329038172991;37,6126906596432
"welsch_etal1992";"swap";0,988584228278846;64,6392482698461;64,9466299945844;64,7317013759285;37,6398704944945
"welsch_etal1992";"swap";0,988745248288494;64,6330642370462;64,9371770819057;64,7245341418714;37,4542795072878
"welsch_etal1992";"swap";0,988968145793384;64,6554567895035;64,95330742197;64,7450431699026;37,3861120276752
"welsch_etal1992";"swap";0,98854355788891;64,639736931629;64,9257286183301;64,7257564234246;37,5042833870023
"welsch_etal1992";"swap";0,988497825250732;64,6367084306819;64,8962375001293;64,7147685971069;37,5518882834738
"welsch_etal1992";"swap";0,988156301702536;64,6918154677501;64,8961985312651;64,753289028251;37,9552915755799
"welsch_etal1992";"swap";0,988129078111286;64,6783753060124;64,8841963851373;64,7402813873792;37,8410351152539
"welsch_etal1992";"swap";0,988069312088965;64,68256020051;64,8973657128228;64,74716858552;37,9696214331104
"welsch_etal1992";"swap";0,988104368843433;64,6853557398458;64,897630557359;64,7492029520991;37,9890080838871
"welsch_etal1992";"swap";0,988201760038563;64,6933161960031;64,9210735919418;64,7618201993094;38,0637620657176
"welsch_etal1992";"swap";0,9879662410856;64,6835428236813;64,8907118252522;64,7458543280347;38,000218094402
"welsch_etal1992";"swap";0,988388831199809;64,6933229756908;64,9481963109717;64,7699828081007;38,0156724647118
"welsch_etal1992";"swap";0,988385584649889;64,6799305332431;64,9344108133152;64,7564721440021;38,1108071520434
"welsch_etal1992";"swap";0,988892934659729;64,5757997504214;64,8475155656439;64,65752539989;38,3291904841574
"welsch_etal1992";"swap";0,988657467832892;64,5817504891244;64,8255520547161;64,6550801967571;38,3968510061547
"welsch_etal1992";"swap";0,988901212961459;64,5319257876972;64,8139668017096;64,6167570111873;38,3918078918479
"welsch_etal1992";"swap";0,988996478248544;64,5595418294886;64,858957653152;64,6495989821428;38,1167024353944
"welsch_etal1992";"swap";0,989014337467072;64,5466043069696;64,8350627905475;64,6333657525477;37,857121352241
"welsch_etal1992";"swap";0,989433625823434;64,6224902135814;64,9016813719603;64,7064642683331;37,7147399543487
"welsch_etal1992";"swap";0,989187243417524;64,6318180760538;64,8582097015601;64,6999112881239;37,794772256116
"welsch_etal1992";"swap";0,989363149406576;64,6842810309219;64,8925964219683;64,7469373419417;37,5401298810873
"welsch_etal1992";"swap";0,989562666256695;64,6861068257513;64,8702531738186;64,7414936639475;37,5139165806675
"welsch_etal1992";"swap";0,989868267519147;64,7085121082536;64,903870208789;64,7672711747147;37,5279558942204
"welsch_etal1992";"swap";0,98992717444744;64,707362953744;64,9355768533989;64,7760042625018;37,6717353644038
"welsch_etal1992";"swap";0,990352170123239;64,6702865640257;64,9350989092339;64,7499358140398;37,6855691610042
"welsch_etal1992";"swap";0,99042089498052;64,6554377321093;64,9337429331234;64,7391453119745;38,1000697894593
"welsch_etal1992";"swap";0,99028498947512;64,6645756937831;64,9363477123617;64,7463182478834;37,7241917736219
"welsch_etal1992";"swap";0,989961086470015;64,670695487563;64,9497344009938;64,7546237506583;37,6309626737723
"welsch_etal1992";"swap";0,990004232330763;64,7600687762321;65,0593366614117;64,8500814325119;37,7647535267168
"welsch_etal1992";"swap";0,990132289944578;64,7739448169352;65,0647350014967;64,8614075826668;37,6126587386238
"welsch_etal1992";"swap";0,99008849658804;64,7590275726007;65,0733115503959;64,8535567121057;37,5588123081502
"welsch_etal1992";"swap";0,990168084193284;64,7741547655181;65,093290006744;64,8701430495867;37,4115284871081
"welsch_etal1992";"swap";0,990108717202734;64,7707871883884;65,0757475269335;64,862511999141;37,3565794054545
"welsch_etal1992";"swap";0,99010223214037;64,7669327326376;65,0813154357272;64,8614915663612;37,2418973702286
"welsch_etal1992";"swap";0,990279617559694;64,7950429203222;65,0846623692985;64,8821535566573;37,1799013827842
"welsch_etal1992";"swap";0,990248364593324;64,775257061444;65,0747576721568;64,8653397160245;37,1937119605681
"welsch_etal1992";"swap";0,990284870225035;64,7109460512496;65,0430116404108;64,8108234761913;37,4349272011703
"welsch_etal1992";"swap";0,990226945692493;64,7182830415823;65,0569481220892;64,8201454364308;37,3415269157083
"welsch_etal1992";"swap";0,989835974651412;64,7254990756254;65,0555546634235;64,8247719400019;37,3437793659801
"welsch_etal1992";"swap";0,989570594211747;64,5639773565181;65,0193114348279;64,7009310087911;37,8132898691894
"welsch_etal1992";"swap";0,989940408423807;64,8867274731968;65,1007322684227;64,9510950215668;37,5661204910883
"welsch_etal1992";"swap";0,989792363110971;64,8128720963812;65,0501912971736;64,8842520629844;37,5180644902762
"welsch_etal1992";"swap";0,989763636902441;64,8393298383937;65,0595381214573;64,9055632482414;37,4858592805849
"welsch_etal1992";"swap";0,989778415920065;64,8337335445166;65,0569880768315;64,9008831936281;37,4521056764711
"welsch_etal1992";"swap";0,989794938195589;64,8305079736514;65,0806203585283;64,9057358255064;37,6987752156379
"welsch_etal1992";"swap";0,989990235310252;64,8363505171054;65,0883603138397;64,9121490652822;37,7846322342003
"welsch_etal1992";"swap";0,990754321952346;64,8225822933464;65,1080950451101;64,9084577329131;37,3307964121863
"welsch_etal1992";"swap";0,990817924350823;64,743976978771;65,0952487040795;64,8496311522952;37,5075574571109
"welsch_etal1992";"swap";0,990799246479977;64,7663220404315;65,0839839831374;64,8618671913747;37,1799462860699
"welsch_etal1992";"swap";0,990838191407923;64,7663220404315;65,0848744749115;64,8621350301037;36,9930547460873
"welsch_etal1992";"swap";0,990740837697465;64,7663220404315;65,0824310904647;64,8614001182229;37,0449977888965
"welsch_etal1992";"swap";0,990693252992932;64,7663220404315;65,096643878871;64,8656749866633;37,0502107119987
"welsch_etal1992";"swap";0,990540181049701;64,788722526566;65,1260857631516;64,8901933577512;37,0527023955057
"welsch_etal1992";"swap";0,990722395390242;64,7573362440234;65,1332977607696;64,870416519112;37,2167731805912
"welsch_etal1992";"swap";0,99009021812479;64,728795943744;65,0362205940829;64,8212619608252;37,6191248658762
"welsch_etal1992";"swap";0,990221282766686;64,8585392603513;65,0488430277251;64,9157781037076;37,4667428245935
"welsch_etal1992";"swap";0,989787463121302;64,8416197013411;65,0298659566717;64,8982396940505;37,4642553055493
"welsch_etal1992";"swap";0,98985469486891;64,8437855952073;65,0347814712647;64,9012326083811;37,5595012680213
"welsch_etal1992";"swap";0,989814909494275;64,8385569421887;65,0356775286123;64,897846122452;37,4375383839592
"welsch_etal1992";"swap";0,989603924184454;64,8476357706478;65,0439204368238;64,9066735259983;37,4976340061172
"welsch_etal1992";"swap";0,989681166317911;64,9128109416761;65,0405355463108;64,951227462475;37,6997897936488
"welsch_etal1992";"swap";0,989662850404996;64,9044012200378;65,0363998970139;64,9441032800597;37,5664701626868
"welsch_etal1992";"swap";0,989841401310438;64,8998029219491;65,0502117124386;64,9450423058932;37,5508504208439
"welsch_etal1992";"swap";0,990200034135823;64,896489442444;65,0823073442795;64,9523790442251;37,5060309136202
"welsch_etal1992";"swap";0,990356442999531;64,8954155086689;65,0809339504644;64,951215039998;37,035705234275
"welsch_etal1992";"swap";0,990465154819262;64,8712020483525;65,0943748106795;64,9383271029981;37,0900894030037
"welsch_etal1992";"swap";0,990483244072798;64,8716811109207;65,054180505205;64,926572584622;37,4771200715628
"welsch_etal1992";"swap";0,990597133517375;64,846159300015;65,0522575376907;64,9081487440766;37,4879043374694
"welsch_etal1992";"swap";0,990689587233802;64,8535474898853;65,0506595097252;64,9128340935241;37,4245716016296
"welsch_etal1992";"swap";0,990755667649472;64,7988310758468;65,0474002132548;64,8735947555976;37,3948166878844
"welsch_etal1992";"swap";0,990467921207363;64,7946262150277;65,0394548771671;64,8682648488535;37,0668721442428
"welsch_etal1992";"swap";0,990349874260123;64,6219465973897;65,0223972036578;64,7423926076838;36,9364828834222
"welsch_etal1992";"swap";0,990914070472697;64,6085200506606;65,0217442025272;64,7328080394174;36,9311012459896
"welsch_etal1992";"swap";0,990931239280176;64,6085200506606;65,0187573447016;64,7319096636807;36,968075734829
"welsch_etal1992";"swap";0,990172841630248;64,6096290249426;64,9926633124156;64,7248366211101;37,0661811646854
"welsch_etal1992";"swap";0,990264572937872;64,6672289437821;65,0408169132007;64,779595312333;37,0194396240173
"welsch_etal1992";"swap";0,990461590403343;64,8522428198228;65,0674211333533;64,9169633345652;37,1779201912375
"welsch_etal1992";"swap";0,990415060348968;64,8353710083164;65,0528085058375;64,9007710318269;37,1935873862167
"welsch_etal1992";"swap";0,99043781656138;64,8453671861683;65,0626994129185;64,9107355467368;37,0534080000658
"welsch_etal1992";"swap";0,991365203888513;64,8007656267656;65,0708789927369;64,8820092976431;37,2602036392742
"welsch_etal1992";"swap";0,991534604078596;64,7706340712613;65,0533985509927;64,8556828960188;37,2778533221103
"welsch_etal1992";"swap";0,991542122027652;64,7630776437233;65,0687224302717;64,8550083201431;37,3177466923809
"welsch_etal1992";"swap";0,991523709468136;64,7676481446137;65,0852650274595;64,8631797426236;37,3516691515413
"welsch_etal1992";"swap";0,991230468882214;64,6599136034841;65,0272402272162;64,7703967082936;37,1977168348215
"welsch_etal1992";"swap";0,991237639200721;64,6687237880575;65,0242533693907;64,7756586233226;37,2274405567194
"welsch_etal1992";"swap";0,991511952552859;64,6130817735811;65,0169224726271;64,7345474430871;37,3545086066564
"welsch_etal1992";"swap";0,991392525814291;64,6130817735811;65,0153709410197;64,7340807793113;37,4801732659029
"welsch_etal1992";"swap";0,991013675643069;64,579576317848;64,9884902040967;64,7025678813057;37,3618951917301
"welsch_etal1992";"swap";0,991053841768452;64,5701030590686;64,9877105178331;64,6957094422028;37,265583977995
"welsch_etal1992";"swap";0,99100629963737;64,5966823476172;65,0217661429284;64,7245374348227;37,0430370787295
"welsch_etal1992";"swap";0,990984731280597;64,6064076549292;65,0217661429284;64,7313376011903;37,0777998385211
"welsch_etal1992";"swap";0,99093391290363;64,6263279905294;65,0279105361696;64,7471144612427;37,2006270869756
"welsch_etal1992";"swap";0,99093391290363;64,6333761381881;65,0279105361696;64,7520426938553;36,9605907051493
"welsch_etal1992";"swap";0,990982573884831;64,6336195774987;65,028476467126;64,7523831309765;37,0423212469213
"welsch_etal1992";"swap";0,991211968879993;64,6264293667503;65,0256430842085;64,7465033503325;36,8740478517936
"welsch_etal1992";"swap";0,991469903898423;64,635539898525;65,0334497224983;64,755221701984;36,8556691902173
"welsch_etal1992";"swap";0,991234073420289;64,6612129098595;65,0324700429405;64,7728782183218;36,894033263249
"welsch_etal1992";"swap";0,991008661740266;64,6613957298951;65,0420999590221;64,7759024999753;37,0056689050514
"welsch_etal1992";"swap";0,990987488377769;64,7117477830223;65,0474427204642;64,8127168295362;36,959821165769
"welsch_etal1992";"swap";0,990675693013473;64,7007824715741;65,0694517193783;64,8116694057455;36,9512570096026
"welsch_etal1992";"swap";0,990724101647759;64,7427882192317;65,1191764727831;64,8559968465935;36,8748800129105
"welsch_etal1992";"swap";0,991336807748538;64,7678857975637;65,1647350905717;64,8872486185525;36,9488317136773
"welsch_etal1992";"swap";0,991048357749448;64,7752303456529;65,1351992142616;64,8835004128605;36,7310854902947
"welsch_etal1992";"swap";0,99111846697264;64,7752303456529;65,1454076940796;64,8865708805936;36,8062037790212
"welsch_etal1992";"swap";0,991229227182113;64,7410317350185;65,0813279330559;64,8433847311941;37,2049640537199
"welsch_etal1992";"swap";0,991167172107578;64,730129131609;65,0720227221377;64,8329625854226;37,0867448701332
"welsch_etal1992";"swap";0,991410698593913;64,730129131609;65,0779987708324;64,8347600386199;37,0148280924089
"welsch_etal1992";"swap";0,991397827865517;64,7256004444342;65,0795967987979;64,8320741215229;37,1491555566457
"welsch_etal1992";"swap";0,991051014880551;64,6863076690447;65,0092792014816;64,7834498181929;37,0216483565278
"welsch_etal1992";"swap";0,991040043792522;64,7455104664529;65,0315769131202;64,8315524442668;37,1608632738568
"welsch_etal1992";"swap";0,991070429284595;64,7350277073577;64,989251442022;64,8114921553648;37,214808831436
"welsch_etal1992";"swap";0,991066875058524;64,7275331613096;64,9728237239814;64,8013107238208;37,2708930290533
"welsch_etal1992";"swap";0,991424107966475;64,7606287274763;65,0614004305547;64,8510936963841;37,1821024251126
"welsch_etal1992";"swap";0,99145622443027;64,7647068318579;65,0584359775068;64,8530535671275;36,9317670372672
"welsch_etal1992";"swap";0,99145931773485;64,7461168123836;65,074706492504;64,8449487666242;36,9286829306957
"welsch_etal1992";"swap";0,991273327648439;64,7166823933653;65,0346995606576;64,8123343874086;36,9193610598137
"welsch_etal1992";"swap";0,991560108800686;64,7217514110445;65,0498045273754;64,8204219796693;36,9624453308769
"welsch_etal1992";"swap";0,991332365278211;64,7647010608397;65,0461663997984;64,8493591349767;36,8088584219744
"welsch_etal1992";"swap";0,991309671334316;64,7082425801817;65,0038040722352;64,7971404416338;36,6867332543066
"welsch_etal1992";"swap";0,991408413385434;64,6606954846764;64,9504768375539;64,7478548178511;36,6806661257623
"welsch_etal1992";"swap";0,991245730474105;64,6648069041439;64,9451004934679;64,7491125438824;36,5866538209661
"welsch_etal1992";"swap";0,991335272948095;64,6811457918982;64,9774865661766;64,770278042894;36,8150742170372
"welsch_etal1992";"swap";0,991331621499505;64,7009687071883;64,9890112422174;64,7876050453439;36,4547594268315
"welsch_etal1992";"swap";0,991331621499505;64,6927168305576;64,9890112422174;64,7818351367813;36,6082843068489
"welsch_etal1992";"swap";0,991046676719355;64,7290380788558;65,0153917947292;64,8151664604089;36,4637623030867
"welsch_etal1992";"swap";0,99144602440924;64,7655763089526;65,0528288609075;64,8519750390037;36,70963906184
"welsch_etal1992";"swap";0,991472975156269;64,7693884080468;65,071262040631;64,8601848111203;36,7125686119978
"welsch_etal1992";"swap";0,991692674403199;64,7460269365781;65,0029352061751;64,8232988287919;36,6066037196776
"welsch_etal1992";"swap";0,991688510476386;64,7373245689488;64,9669875374084;64,8064017231103;36,4000884549075
"welsch_etal1992";"swap";0,991585309016773;65,1570197365625;65,0657767012513;65,1295760034321;36,5040596895002
"welsch_etal1992";"swap";0,991155785415086;65,1444051541052;65,0444846718948;65,1143514514999;36,5507711623267
"welsch_etal1992";"swap";0,991182788308248;65,0574163804286;65,0209669104359;65,0464532474748;36,5046343038645
"welsch_etal1992";"swap";0,991201484966437;65,0755019404279;65,0266217257367;65,0607999353623;36,5729705479137
"welsch_etal1992";"swap";0,991149539424865;65,0530059350457;65,0327661189779;65,0469182801482;36,5969291430063
"welsch_etal1992";"swap";0,991011619573293;65,0483805881447;65,0345920957947;65,0442333378583;36,6198996716266
"welsch_etal1992";"swap";0,990989662655713;65,030760218998;65,0258522260982;65,0292840115604;36,624326409204
"welsch_etal1992";"swap";0,990954161018146;65,0129883927155;65,0250184562618;65,0166067494742;36,5810048376997
"welsch_etal1992";"swap";0,991341659675304;64,9206305486163;65,0035298742801;64,9455646924932;36,6549159890083
"welsch_etal1992";"swap";0,991025232081907;64,9162092611374;65,0010628072969;64,9417311880224;36,6868924607569
"welsch_etal1992";"swap";0,990497674911947;64,6687258626364;64,9187608892565;64,7439304469691;36,7067265828925
"welsch_etal1992";"swap";0,991499865080552;64,6910957573224;64,9738707940234;64,7761477573651;36,6193683103431
"welsch_etal1992";"swap";0,991621811123895;64,6538727274999;64,9714977869785;64,7494067848463;36,6222561317758
"welsch_etal1992";"swap";0,992588879701994;64,6504916259641;65,0239469412952;64,7628180953231;36,5710202473196
"welsch_etal1992";"swap";0,992588879701994;64,6551401575614;65,0239469412952;64,7660684592666;36,5479042120758
"welsch_etal1992";"swap";0,991807118348725;64,6288898121621;64,9811266928612;64,7348342814539;36,5508183306094
"welsch_etal1992";"swap";0,991882256647045;64,6168786195311;64,9767524719191;64,7251201081213;36,5385041611916
"welsch_etal1992";"swap";0,991451874553657;64,5624423578793;64,9376762062158;64,6753037676312;36,7427830301945
"welsch_etal1992";"swap";0,991654324327671;64,4995872142023;64,915579310037;64,6247077346183;36,8177062880039
"welsch_etal1992";"swap";0,991692789608706;64,5081739826119;64,915579310037;64,6307118074842;36,7802944085462
"welsch_etal1992";"swap";0,992317908398682;64,4728625106698;64,9017610631856;64,6018649860384;36,8970808661078
"welsch_etal1992";"swap";0,992242712438871;64,471073858881;64,8862523783221;64,5959496748836;36,8799375388495
"welsch_etal1992";"swap";0,992303592174737;64,5193496428039;64,928466799578;64,6424023451971;36,8889932721209
"welsch_etal1992";"swap";0,992414275377676;64,5254444334799;64,9391729393164;64,6498841199055;36,9093473497511
"welsch_etal1992";"swap";0,992408245146669;64,5414229045926;64,9304257128272;64,6584256897343;36,862527983215
"welsch_etal1992";"swap";0,992341600761101;64,54647256553;64,9346701950004;64,6632331720654;36,8155835128099
"welsch_etal1992";"swap";0,99217687111924;64,5153659044754;64,8930009218936;64,6289495287312;36,8503092817872
"welsch_etal1992";"swap";0,992283029099859;64,5343145285419;64,8944215189704;64,6426261395052;36,8404076849664
"welsch_etal1992";"swap";0,992273005468723;64,5073333382859;64,8944215189704;64,6237602490351;36,9008176103444
"welsch_etal1992";"swap";0,992232635166458;64,4293632048116;64,9002586925495;64,5709973586267;36,8431598514888
"welsch_etal1992";"swap";0,992036300092696;64,435530334013;64,900046503651;64,5752457407929;36,9028365094602
"welsch_etal1992";"swap";0,991928076962565;64,3682071575438;64,8018118922585;64,4986251404949;36,9942485553377
"welsch_etal1992";"swap";0,991839159537835;64,3305806423194;64,7673924023514;64,461963222148;37,0840893465544
"welsch_etal1992";"swap";0,991896906887527;64,3681307776713;64,8119819227474;64,50163063696;36,9588071576321
"welsch_etal1992";"swap";0,992135709675697;64,3738235123187;64,8279262532079;64,5104068076056;36,884712204448
"welsch_etal1992";"swap";0,992129615392559;64,3422203123529;64,8273573279078;64,4881379787391;36,8949534224126
"welsch_etal1992";"swap";0,992046169539214;64,3514837062582;64,8333310435589;64,496411915731;37,0314926218454
"welsch_etal1992";"swap";0,991826965075638;64,305152958901;64,7864088057531;64,4499032621263;36,7460871195681
"welsch_etal1992";"swap";0,992006854421135;64,2958147542357;64,8010103929353;64,4477655770011;37,301064484808
"welsch_etal1992";"swap";0,992079382437233;64,1777983272461;64,7555674845892;64,3515775369256;37,3489681586424
"welsch_etal1992";"swap";0,992161632219142;64,2022135986127;64,7590978157935;64,3697111154232;37,41231946277
"welsch_etal1992";"swap";0,992019619228578;64,1645463750609;64,7474823999371;64,3398796555056;37,3243041517352
"welsch_etal1992";"swap";0,991998502300649;64,1512009477469;64,7339136439654;64,3264670562473;37,3347190206397
"welsch_etal1992";"swap";0,991929203117783;64,1468127981229;64,7378881640689;64,3245941986177;37,5831891762404
"welsch_etal1992";"swap";0,992042548212536;64,1480872745136;64,7026635320701;64,3148906120063;37,553496711233
"welsch_etal1992";"swap";0,992362940047291;64,1454954755044;64,7019683151624;64,3128692597482;37,9001868706635
"welsch_etal1992";"swap";0,992180609790712;64,1524335526811;64,7012203020722;64,3174955439275;37,824457644016
"welsch_etal1992";"swap";0,992172280685021;64,1087345071728;64,6958773514277;64,2853330987501;37,9190742669429
"welsch_etal1992";"swap";0,992348605725912;64,1174514260362;64,6416842327184;64,2751281757822;37,7988985398225
"welsch_etal1992";"swap";0,992401110758857;64,1206177281804;64,6803441987978;64,2889701271694;37,7478120684195
"welsch_etal1992";"swap";0,99255325816802;64,1343967113805;64,6950426833604;64,3030256744922;37,8582772368568
"welsch_etal1992";"swap";0,99247070889532;64,1370424943638;64,687362191809;64,3025655598955;37,7882374501317
"welsch_etal1992";"swap";0,992424252743356;64,1404951956969;64,6769353426724;64,3018436228273;37,8025398062361
"welsch_etal1992";"swap";0,992323401837337;64,1414777040255;64,6851016089032;64,3049868345353;37,7911526118983
"welsch_etal1992";"swap";0,992263117477419;64,1109100601369;64,6931661250322;64,2860388248046;37,884964214976
"welsch_etal1992";"swap";0,992450290344439;64,2053014843156;64,709552710907;64,356968250399;37,8934941601499
"welsch_etal1992";"swap";0,992623952368318;64,2149726641995;64,7146451095478;64,3652622418754;37,9132521894246
"welsch_etal1992";"swap";0,992865710679742;64,2446436833547;64,7301880494931;64,3906838711;37,986957802961
"welsch_etal1992";"swap";0,992869831543537;64,2446436833547;64,7315665992587;64,3910985060554;37,9606774747044
"welsch_etal1992";"swap";0,992869831543537;64,2411967122307;64,7315665992587;64,3886883017961;37,9355968938793
"welsch_etal1992";"swap";0,992806890408484;64,2460336763102;64,7114805418212;64,386029014255;37,8994162433959
"welsch_etal1992";"swap";0,992872406571166;64,2506590232112;64,712973970734;64,3897123547753;37,8918602306206
"welsch_etal1992";"swap";0,992796321955831;64,2824674604313;64,7296439260161;64,4169674969752;37,9976904207534
"welsch_etal1992";"swap";0,992800969778422;64,2888993733761;64,7386044994928;64,4241599708174;38,0051593403512
"welsch_etal1992";"swap";0,992905981865055;64,3140476513425;64,7708756930543;64,4514506522455;37,7884053839704
"welsch_etal1992";"swap";0,992130665570378;64,2596573779965;64,6922933035104;64,3897839662009;37,96172138207
"welsch_etal1992";"swap";0,992831393229418;64,2801561313149;64,735988067325;64,4172595273334;37,7443947407153
"welsch_etal1992";"swap";0,992661342094433;64,3196941449509;64,7703947001187;64,4552541437563;37,7229656896529
"welsch_etal1992";"swap";0,992704538955915;64,503344136649;64,8217706146525;64,5991192416113;37,7699394055718
"welsch_etal1992";"swap";0,99259489478127;64,6038710504323;64,878425762885;64,6864505726124;37,7632545068952
"welsch_etal1992";"swap";0,992573176733923;64,5534994875723;64,8630296098544;64,6465987804967;37,7335206876476
"welsch_etal1992";"swap";0,992577472715789;64,5571725571701;64,8803678177699;64,6543819984243;37,6767813303389
"welsch_etal1992";"swap";0,993156075959119;64,5765849979517;64,9520668640574;64,6895210055449;37,5976272231139
"welsch_etal1992";"swap";0,993039515878223;64,560896092346;64,9305024070091;64,6720648739232;37,7601139260055
"welsch_etal1992";"swap";0,992953030934624;64,5186072063939;64,9089562563552;64,6360149090019;37,7605636076972
"welsch_etal1992";"swap";0,992887474290856;64,5078421532968;64,8924999683702;64,6235380679211;37,8161157059129
"welsch_etal1992";"swap";0,99269113905052;64,520318417964;64,8937444924642;64,6326360923771;37,766067597719
"welsch_etal1992";"swap";0,992687201736502;64,5172591539006;64,8842915797855;64,6276537710005;37,685551517708
"welsch_etal1992";"swap";0,99273900947637;64,50766119367;64,8620259123585;64,6142456659793;37,5652584613459
"welsch_etal1992";"swap";0,992558682472155;64,6935761113148;64,8966110804858;64,7546441971263;37,6733677517327
"welsch_etal1992";"swap";0,992149943070301;64,689721655564;64,8891792555667;64,749713753883;37,6406462125338
"welsch_etal1992";"swap";0,992437387093749;64,7116793463468;64,8958767282163;64,7670815342959;37,5662686812126
"welsch_etal1992";"swap";0,99245496225822;64,688016992666;64,8915011754536;64,7492201912405;37,6390746738149
"welsch_etal1992";"swap";0,991968394102472;64,6405231734022;64,8411738936889;64,7008741339024;37,6816779630231
"welsch_etal1992";"swap";0,992401800987773;64,6234156549293;64,7878779159447;64,6728819882878;37,6027512034014
"welsch_etal1992";"swap";0,992514756143024;64,6216344959859;64,7527517517862;64,6610714454989;37,6520732283202
"welsch_etal1992";"swap";0,990985918599026;64,6353617682214;64,7481921381102;64,6692984577416;37,8039974028528
"welsch_etal1992";"swap";0,991155635036218;64,6020247933521;64,7574369944723;64,6487690841159;37,6636331462222
"welsch_etal1992";"swap";0,991571632301352;64,5695615680785;64,738191534178;64,6202814479208;37,5977253040019
"welsch_etal1992";"swap";0,991499858132649;64,5791953133837;64,7458362192421;64,6293169312518;37,639767059533
"welsch_etal1992";"swap";0,991399926856317;64,5699214348854;64,7465615989997;64,6230505916209;37,642324068574
"welsch_etal1992";"swap";0,991607233797882;64,570121666353;64,7576927461757;64,6265385823411;37,6419797661339
"welsch_etal1992";"swap";0,991863109601775;64,5873731248761;64,773499424909;64,643355485494;37,6004780501882
"welsch_etal1992";"swap";0,991945651965774;64,6002947289171;64,7801506732503;64,6543911157961;37,4757048671144
"welsch_etal1992";"swap";0,992021204648759;64,6135100057771;64,7812232471582;64,6639541566453;37,7516244031223
"welsch_etal1992";"swap";0,99199390298298;64,6357190695477;64,7915525236165;64,6825900631713;37,5253084511606
"welsch_etal1992";"swap";0,991808576972984;64,6346791183176;64,7966635416307;64,6834001770761;37,7317638644193
"welsch_etal1992";"swap";0,991421288536306;64,7086446224403;64,8071479450566;64,7382720771729;37,5453886449328
"welsch_etal1992";"swap";0,991031910297322;64,7559014971603;64,8288052707321;64,7778292168957;37,5637863868728
"welsch_etal1992";"swap";0,990917596479842;64,6934442966365;64,8134063955709;64,7295260404945;37,5992943441566
"welsch_etal1992";"swap";0,991128515118592;64,7219666842505;64,8142371762262;64,7497194518887;37,55231392444
"welsch_etal1992";"swap";0,991295796133299;64,7444665402379;64,8279605451905;64,7695795494895;37,5632238714524
"welsch_etal1992";"swap";0,991324712842213;64,8448225517872;64,9023275165404;64,8621186763734;37,3488192906015
"welsch_etal1992";"swap";0,991284312521003;64,8371697267933;64,9001573964615;64,8561149185111;37,435470774503
"welsch_etal1992";"swap";0,991268253376907;64,8256488067999;64,9166999936493;64,8530348364797;37,4898182479236
"welsch_etal1992";"swap";0,991219360794964;64,7992182530798;64,9228443868904;64,8364020514122;37,6649549319852
"welsch_etal1992";"swap";0,991762511061414;64,8344189450797;64,9722032854804;64,8758611949415;37,6783077434707
"welsch_etal1992";"swap";0,991737961201545;64,8228465930818;64,9599144989981;64,8640733565042;37,9591403595224
"welsch_etal1992";"swap";0,992023270883752;64,7264795517564;64,9328215504518;64,7885423133304;38,0153269332599
"welsch_etal1992";"swap";0,992072927770046;64,7219050328433;64,9355534263019;64,7861653840453;38,0083258864674
"welsch_etal1992";"swap";0,992402774736525;64,698069519417;64,9247463216918;64,7662485058709;37,980719818347
"welsch_etal1992";"swap";0,992417094084099;64,710031169582;64,9907294425136;64,7944585285168;37,8826757586365
"welsch_etal1992";"swap";0,992322401222346;64,7263754144062;64,994771806488;64,8071026604075;37,7532961409992
"welsch_etal1992";"swap";0,99206948953456;64,6986783966537;64,9293533539728;64,7680599329754;37,9103866957597
"welsch_etal1992";"swap";0,992413547709459;64,6403028483136;64,8833876709104;64,7134169767143;38,1254200585694
"welsch_etal1992";"swap";0,992163623587872;64,6452585771361;64,8693015872148;64,7126453815905;38,1237256322377
"welsch_etal1992";"swap";0,992201275233152;64,6652356787627;64,8914357757327;64,7332712836081;38,0842776897886
"welsch_etal1992";"swap";0,992167571159188;64,6213859573663;64,806698673277;64,6771236112463;38,3076186743973
"welsch_etal1992";"swap";0,992078447987183;64,6234686590871;64,8017971643114;64,6771056286403;38,3333506790213
"welsch_etal1992";"swap";0,992039639420186;64,6144525617147;64,7831276617709;64,6651860167769;38,4284944702953
"welsch_etal1992";"swap";0,991873982903731;64,6111487424997;64,7815435134646;64,6623994336373;38,3558087474793
"welsch_etal1992";"swap";0,991849219792237;64,612783263585;64,8027230507732;64,6699126303654;38,0909578771267
"welsch_etal1992";"swap";0,991654138760029;64,6117320483802;64,8235489990185;64,6754415451763;38,3039073353263
"welsch_etal1992";"swap";0,991545846786308;64,6160045961411;64,8595882286061;64,6892687546768;38,2955523061056
"welsch_etal1992";"swap";0,991952118010335;64,7041388851107;64,9312315593953;64,772442955966;38,0392388553746
"welsch_etal1992";"swap";0,991349724397649;64,6393525214861;64,8807365782866;64,7119551000192;38,1735182405295
"welsch_etal1992";"swap";0,991042120802623;64,6734819751345;64,8702133941309;64,7326541030991;38,1634096106623
"welsch_etal1992";"swap";0,990407326056687;64,6817048140696;64,8651846552626;64,7368911828631;38,1755410292677
"welsch_etal1992";"swap";0,989390921964874;64,6267174704198;64,7619035950612;64,6673782388275;38,2385449539839
"welsch_etal1992";"swap";0,989398268265029;64,6423855827577;64,7729862599073;64,6816671577089;38,1795423218189
"welsch_etal1992";"swap";0,989284761955753;64,4582527251743;64,7626204409393;64,5497992891011;38,5555686029995
"welsch_etal1992";"swap";0,989268948640588;64,4748904198879;64,7698479804249;64,5636066331154;38,5448649299723
"welsch_etal1992";"swap";0,989321564705292;64,4866784057739;64,7843129061802;64,5761997787939;38,6050438801865
"welsch_etal1992";"swap";0,98930438460554;64,5190106631844;64,7986498237429;64,6031194663278;38,2121694325342
"welsch_etal1992";"swap";0,989232686468742;64,5239272888327;64,7927207234796;64,6047739557866;38,2684885449395
"welsch_etal1992";"swap";0,989118280666088;64,5277817445835;64,7854591678309;64,605284979907;38,315036840079
"welsch_etal1992";"swap";0,988941084506363;64,5381984922262;64,7821701831424;64,6115793695069;38,4938601070449
"welsch_etal1992";"swap";0,988941084506363;64,5307489385131;64,7821701831424;64,6063704642263;38,3670239762544
"welsch_etal1992";"swap";0,9887889690965;64,5403594991221;64,7845502247931;64,6138062568433;38,3856170179303
"welsch_etal1992";"swap";0,988285502077792;64,5974067386371;64,8089518591268;64,661034475395;38,4255690436012
"welsch_etal1992";"swap";0,988303633181038;64,6516582769448;64,8485855682548;64,710889318639;38,3409204638445
"welsch_etal1992";"swap";0,988580517158146;64,6515181149175;64,8502552403313;64,7112935116299;38,3804799575758
"welsch_etal1992";"swap";0,988572254771845;64,6581257533475;64,8500515909341;64,7158524768131;38,3176026291711
"welsch_etal1992";"swap";0,989072984743857;64,711851835057;64,9137787500538;64,7725866445483;38,2170818595022
"welsch_etal1992";"swap";0,989324179790267;64,7577232485346;64,9753980839991;64,8231946576491;38,1635604569114
"welsch_etal1992";"swap";0,989632485460154;64,8140963363608;65,0503280871641;64,8851492238922;38,0287254177885
"welsch_etal1992";"swap";0,98976892574176;64,8176106930748;65,0303981962665;64,8816121089766;38,0412639625341
"welsch_etal1992";"swap";0,989667324057346;64,8043615308895;65,0223542702294;64,8699285579225;38,074546042048
"welsch_etal1992";"swap";0,989667324057346;64,8011494844304;65,0223542702294;64,8676826185808;38,0269597829961
"welsch_etal1992";"swap";0,989693430312275;64,8036106428961;65,1158416823785;64,8975223074235;37,9516309204303
"welsch_etal1992";"swap";0,989670274299195;64,8116991039185;65,1255134124804;64,9060869780978;37,8937075015802
"welsch_etal1992";"swap";0,989957876219079;64,8877720442375;65,1447778260682;64,9650732658101;37,8680647254089
"welsch_etal1992";"swap";0,989939270801229;64,8877720442375;65,1469960422883;64,9657404524481;37,8141026925391
"welsch_etal1992";"swap";0,990033382259073;64,8933858792304;65,1491810097124;64,9703229656949;37,828781999267
"welsch_etal1992";"swap";0,989286270604644;64,8611789421288;65,1005436794582;64,9331741574316;37,8403371010754
"welsch_etal1992";"swap";0,988734110063503;64,9209510779334;65,1128701498598;64,9786757664495;37,9006858134188
"welsch_etal1992";"swap";0,988763258019573;64,9154698603249;65,1182150533372;64,9764507883655;37,8278574333285
"welsch_etal1992";"swap";0,988726659110163;64,9235966921688;65,089856315301;64,9736036292687;38,0385442656602
"welsch_etal1992";"swap";0,989263754090876;64,8973396723873;65,0920048633653;64,9558903281471;37,9829201563235
"welsch_etal1992";"swap";0,989223029393847;64,8711825398464;65,0698236551392;64,9309290589998;37,9846552712348
"welsch_etal1992";"swap";0,989615295809726;64,7845203339068;65,0281989965698;64,8578130752641;37,8955117080845
"welsch_etal1992";"swap";0,989409785490519;64,798659042706;65,0440062977948;64,8724536569468;37,9339984493243
"welsch_etal1992";"swap";0,989334343094852;64,7783278475367;65,0190447002526;64,8507297469629;37,9390559671893
"welsch_etal1992";"swap";0,989713832346585;64,7032060066887;65,0003580544988;64,7925822694518;37,8792955858217
"welsch_etal1992";"swap";0,990241832373963;64,6675247591666;65,0095222490401;64,77038946343;37,9278536106926
"welsch_etal1992";"swap";0,990671806191525;64,6676019278369;64,9742630887717;64,759838305479;38,0601367235549
"welsch_etal1992";"swap";0,9903772159833;64,680685732957;65,0111197562502;64,7800724217224;38,0134464830326
"welsch_etal1992";"swap";0,990343987388674;64,687179436789;65,0133254358752;64,7852763899424;38,040149061494
"welsch_etal1992";"swap";0,990444065426896;64,6618868084178;65,0050665596197;64,7651071087469;38,0029492800171
"welsch_etal1992";"swap";0,990343987388674;64,687179436789;65,0133254358752;64,7852763899424;38,040149061494
"welsch_etal1992";"swap";0,990483510523385;64,6214057100532;65,0080745808273;64,7377065023624;38,1145473581861
"welsch_etal1992";"swap";0,99033807958449;64,6214057100532;64,9902969730052;64,7323594210963;38,0842362212324
"welsch_etal1992";"swap";0,990411855200728;64,6314272950054;65,0222226653723;64,7489692401675;38,138987145364
"welsch_etal1992";"swap";0,99034647825476;64,6474698713422;65,0309095661615;64,7627994043894;38,0869576560324
"welsch_etal1992";"swap";0,990032425210984;64,644904098291;65,0439837021227;64,7649377436867;38,0058991904155
"welsch_etal1992";"swap";0,989895461929923;64,6325098892644;65,0451702056451;64,7566282897282;38,0121601873113
"welsch_etal1992";"swap";0,989938049752261;64,2519466247974;65,0339106623729;64,4871427939259;38,5091147045338
"welsch_etal1992";"swap";0,98985305111682;64,2460675208609;65,0004601004843;64,4729708517308;38,5144112886495
"welsch_etal1992";"swap";0,989765943081252;64,2526200956374;65,0146573727461;64,4818227695414;38,5850657677448
"welsch_etal1992";"swap";0,989676999419312;64,2367617634053;65,0141789439064;64,4705903461563;38,606945150141
"welsch_etal1992";"swap";0,989796953552234;64,1951336412961;65,0081775881597;64,4396779073321;38,6479275107537
"welsch_etal1992";"swap";0,990307847857107;64,2829114850325;65,1225857450644;64,5354655153784;38,5160272430582
"welsch_etal1992";"swap";0,990324339594988;64,3135759074638;65,121744870134;64,5566538942954;38,392044902263
"welsch_etal1992";"swap";0,989839891341521;64,2864681632955;65,0551764955467;64,5176773317928;38,6478306336292
"welsch_etal1992";"swap";0,989176938260475;64,2093456763673;64,9747463677813;64,4395599852338;38,7616409121179
"welsch_etal1992";"swap";0,989245660378983;64,2001085069714;64,9661442172437;64,4305138143948;38,6524531949903
"welsch_etal1992";"swap";0,989271096025847;64,1557610195565;64,9725446268699;64,4014300864393;38,7894726301475
"welsch_etal1992";"swap";0,988946903209632;64,1627039268783;64,9900760860305;64,411557778111;38,7594141104719
"welsch_etal1992";"swap";0,988961457105925;64,1663581511616;64,9877128578609;64,4134020959321;38,7561627316396
"welsch_etal1992";"swap";0,989492903927103;64,1220895663037;64,9002414567866;64,3561391323287;38,9297643644448
"welsch_etal1992";"swap";0,989282042286104;64,1297984778054;64,8924458195689;64,359184644636;38,9906974890385
"welsch_etal1992";"swap";0,988914498174138;64,2037951003016;64,9358071057515;64,4239668871931;39,0248357270226
"welsch_etal1992";"swap";0,988903629685193;64,1922317330491;64,9425406745298;64,41790680277;38,9818970029155
"welsch_etal1992";"swap";0,988676241206276;64,1922317330491;64,9278767746367;64,4134962507323;38,9375577227205
"welsch_etal1992";"swap";0,988528656498463;64,1929826010525;64,9395996301626;64,4175472314123;38,8750111373696
"welsch_etal1992";"swap";0,988289191320046;64,2255502492538;64,9691882769322;64,4492188668932;38,8313366128289
"welsch_etal1992";"swap";0,988505131494196;64,1875349309969;64,9269452429198;64,4099319523708;38,6550726076076
"welsch_etal1992";"swap";0,988732200935264;64,0176979016057;64,898571077084;64,2826435850452;38,1935724661682
"welsch_etal1992";"swap";0,988247421308999;63,8552878478913;64,8103230049649;64,14253969009;38,011407146825
"welsch_etal1992";"swap";0,987133106580089;63,9075958059074;64,8569286045367;64,1931325144214;38,0967406824131
"welsch_etal1992";"swap";0,987316394522676;63,9232229830143;64,8946434998954;64,2154031514164;37,9740241317273
"welsch_etal1992";"swap";0,987030013572442;63,9136856420587;64,9001084650378;64,2103781470298;38,0543903407496
"welsch_etal1992";"swap";0,986575491676247;63,8683232030792;64,8805028668622;64,1727627526646;38,167978522206
"welsch_etal1992";"swap";0,986333918276679;63,8683232030792;64,8772313378362;64,171778754607;38,1511155158815
"welsch_etal1992";"swap";0,986276472852153;63,8708657914342;64,8591802824337;64,1681272651177;38,1344452637473
"welsch_etal1992";"swap";0,98630100246929;63,879781097528;64,8832458226283;64,1815994010025;38,040036674288
"welsch_etal1992";"swap";0,98611409686908;63,9077984019198;64,9388134864302;64,2179031977137;37,8612051196608
"welsch_etal1992";"swap";0,98575015988865;63,952033049914;64,9566000252079;64,2541828840096;37,8164524023734
"welsch_etal1992";"swap";0,984995881158196;63,9424336616406;64,9546445826752;64,2468826126633;37,8585885410333
"welsch_etal1992";"swap";0,985078988435546;63,9146734128983;64,94684731172;64,2251267524533;38,0005393861006
"welsch_etal1992";"swap";0,985564296542475;63,985239987859;65,0170083974959;64,2955713659192;37,9493447118828
"welsch_etal1992";"swap";0,985382096298348;64,0018869240249;65,0214773005656;64,3085554396079;37,9267358537048
"welsch_etal1992";"swap";0,986391239278523;64,0018869240249;65,040756756673;64,3143542410891;37,8796668723856
"welsch_etal1992";"swap";0,986730225057258;63,9953424355192;65,0319448647874;64,3071277716186;37,8960593274484
"welsch_etal1992";"swap";0,987260952269816;64,057208483114;65,0789457177256;64,3645227225023;37,9600519091835
"welsch_etal1992";"swap";0,987383262786545;64,1084543900491;65,082397240069;64,4013932162194;37,9296807723355
"welsch_etal1992";"swap";0,987398526193894;64,0959085144679;65,090481968018;64,3950525351023;37,8946982398074
"welsch_etal1992";"swap";0,987308418148098;64,1048958026378;65,11941517089;64,4100390796348;37,8565157064813
"welsch_etal1992";"swap";0,98734387289357;64,1128418303511;65,1203368298762;64,4158723444385;37,8258689596373
"welsch_etal1992";"swap";0,987626140111053;64,0899721577154;65,0989687357421;64,3934543108735;37,7460779780045
"welsch_etal1992";"swap";0,987717040831416;64,0869889464814;65,0578413446147;64,3789982382873;37,829372048135
"welsch_etal1992";"swap";0,987803678555676;64,0711334311327;65,0176189593159;64,3558137484711;37,8679119698342
"welsch_etal1992";"swap";0,987497310787501;64,0919987876315;65,0594664094825;64,3829900193008;38,3009138295097
"welsch_etal1992";"swap";0,987417413286962;64,0801669211393;65,0127569522517;64,3606678037184;38,3525949483411
"welsch_etal1992";"swap";0,987104313082143;64,0801669211393;65,0272106492181;64,3650151317193;38,1381853895471
"welsch_etal1992";"swap";0,986881278891533;64,0962551062846;65,0209706620783;64,3743875341269;38,0392674652565
"welsch_etal1992";"swap";0,988467708405601;64,5134874268472;65,1466559439234;64,7039294452433;37,7949790487109
"welsch_etal1992";"swap";0,988642110509059;64,5092962889857;65,1424901072448;64,6997459173754;37,96200085099
"welsch_etal1992";"swap";0,989224483895472;64,5244137647877;65,1843924736655;64,722919650705;37,860531978178
"welsch_etal1992";"swap";0,989935115430525;64,604048129806;65,2127993898137;64,7871460184888;37,912403210934
"welsch_etal1992";"swap";0,990110302264966;64,6076522962224;65,2188045460735;64,7914723454984;37,9370780341036
"welsch_etal1992";"swap";0,989566567200248;64,6085596609254;65,2208953465514;64,7927356595128;37,9227357487287
"welsch_etal1992";"swap";0,989653820774416;64,5921603524476;65,1882362493762;64,7714457936325;38,0167907975137
"welsch_etal1992";"swap";0,989582882633291;64,5859365329984;65,2321887126835;64,7803138056721;37,6628518600093
"welsch_etal1992";"swap";0,989444558544535;64,5922588415871;65,2415725390548;64,7875569459354;37,3897173669868
"welsch_etal1992";"swap";0,989438984540194;64,5922588415871;65,2415725390548;64,7875569459354;37,359228623096
"welsch_etal1992";"swap";0,989665881951013;64,712740425991;65,2585482356004;64,8769064230598;37,3146232443878
"welsch_etal1992";"swap";0,989783734954261;64,7038103401699;65,2338337089666;64,863228753165;37,4340987325976
"welsch_etal1992";"swap";0,989777068279818;64,7717169781713;65,2837967780299;64,9257383927472;37,4628216669007
"welsch_etal1992";"swap";0,989946278878042;64,7460673271748;65,2749763630015;64,9051505753374;37,5999097198994
"welsch_etal1992";"swap";0,989998308163421;64,7198019644155;65,2509144034556;64,8795479438163;37,6142382265399
"welsch_etal1992";"swap";0,989983802935081;64,7441551166594;65,2725904573897;64,9030958886126;37,7832774387064
"welsch_etal1992";"swap";0,989741450660709;64,7667829410912;65,3090544806959;64,9298853123177;37,5975180837965
"welsch_etal1992";"swap";0,989791386960986;64,7867158350685;65,362701550472;64,9599586278645;37,6013513819855
"welsch_etal1992";"swap";0,989453332524837;64,6695380698797;65,3356219190993;64,8698802366889;37,735339753068
"welsch_etal1992";"swap";0,989428442354443;64,6541669635783;65,3247524515235;64,8558631161621;37,6676984213709
"welsch_etal1992";"swap";0,989503158563365;64,685175207298;65,3235788057762;64,8771918135673;37,5937728590998
"welsch_etal1992";"swap";0,988948751609789;65,124286935186;65,4020334518752;65,2078264761048;37,5604868967934
"welsch_etal1992";"swap";0,988459826600715;65,0909483958346;65,3705853936889;65,175056548488;37,5797484992989
"welsch_etal1992";"swap";0,98848665968665;65,0877947502202;65,3670405514344;65,1717852402361;37,5305352012625
"welsch_etal1992";"swap";0,98922337865935;65,0702503610615;65,3528061841096;65,1552364268554;37,55616232864
"welsch_etal1992";"swap";0,989243588589838;65,3083455991567;65,3625239598231;65,324641160418;37,499739650326
"welsch_etal1992";"swap";0,988649620153296;65,2609010096215;65,3309315658232;65,2819645339642;37,5874082544756
"welsch_etal1992";"swap";0,988682999265233;65,264923050405;65,3313747959697;65,2849101536958;37,5804088735291
"welsch_etal1992";"swap";0,98824520295653;64,7576426950222;65,1659392348573;64,8804485753736;37,4443589141933
"welsch_etal1992";"swap";0,988234457530424;64,7522011104328;65,1739041890589;64,8790393585318;37,5133912608994
"welsch_etal1992";"swap";0,989185967754787;64,7507500625364;65,2041518187689;64,8871225183243;37,3936078781805
"welsch_etal1992";"swap";0,989716314997566;64,7177018088813;65,1640434698037;64,8519507560539;37,0898409926208
"welsch_etal1992";"swap";0,989739083283651;64,7237480139807;65,1640434698037;64,8561784065794;37,0740164304096
"welsch_etal1992";"swap";0,98979955720237;64,7237480139807;65,1647867431796;64,8564019655185;37,0475614433209
"welsch_etal1992";"swap";0,990038202498784;64,7299378732764;65,1743280841351;64,8635998707209;37,1048804051595
"welsch_etal1992";"swap";0,990212991555406;64,7641642811091;65,1818282005061;64,8897876462576;37,181471411659
"welsch_etal1992";"swap";0,990159644681916;64,7739444331187;65,2150909353818;64,9066308002289;37,2282952366931
"welsch_etal1992";"swap";0,990600099092725;64,7523594809139;65,2203004809139;64,8931049951442;37,1961323878097
"welsch_etal1992";"swap";0,991082678556801;64,7566216009071;65,2175967491404;64,8952719527366;37,1514449034894
"welsch_etal1992";"swap";0,991119290654401;64,7253510403744;65,1951414172623;64,8666528031512;36,9114122060363
"welsch_etal1992";"swap";0,99112276457911;64,7346794710991;65,2158534350549;64,8794051458982;36,7732582371981
"welsch_etal1992";"swap";0,990868236283372;64,7755293521311;65,2341228402043;64,913463357276;36,8866903770909
"welsch_etal1992";"swap";0,991574283805664;64,7790550525548;65,225410757605;64,9133082238668;36,9366590453453
"welsch_etal1992";"swap";0,991447681183548;64,7970810620912;65,2519356067105;64,9338904820446;37,009204852278
"welsch_etal1992";"swap";0,991492279342547;64,7917991870128;65,2549484892883;64,9311034726261;36,9248386788471
"welsch_etal1992";"swap";0,991552901308623;64,7957760920073;65,2370273423349;64,9284939648419;36,9127189511003
"welsch_etal1992";"swap";0,991552901308623;64,7936120952298;65,2370273423349;64,9269808467847;36,8853256191202
"welsch_etal1992";"swap";0,991691251410672;64,7976341360132;65,2556476109552;64,9353936870146;36,8916964083064
"welsch_etal1992";"swap";0,991788528265781;64,8197330156515;65,2479671194037;64,9485356406481;36,9353300418591
"welsch_etal1992";"swap";0,991512603908959;64,627010228109;65,2265953168258;64,8073511506532;36,9455151787868
"welsch_etal1992";"swap";0,992107645184677;64,7136116213709;65,2602493085741;64,8780272258661;36,948563538643
"welsch_etal1992";"swap";0,992112986842125;64,7717588395552;65,263813919851;64,9197572951422;36,7783094083816
"welsch_etal1992";"swap";0,99202950752989;64,6459751002192;65,2420488057335;64,8252598822788;36,8809615346985
"welsch_etal1992";"swap";0,9921449004693;64,6459751002192;65,2362272419309;64,8235088944597;36,9714482182641
"welsch_etal1992";"swap";0,992130449369729;64,6404687348608;65,2444985405248;64,8221465224635;37,0801737746365
"welsch_etal1992";"swap";0,992325403385825;64,6358433879598;65,242964342471;64,818450919556;37,060756341111
"welsch_etal1992";"swap";0,992283821271977;64,6392072766151;65,2344893173108;64,8182539447415;37,0353929910823
"welsch_etal1992";"swap";0,992615725527208;64,6494404787458;65,2344893173108;64,8254092432559;37,0370751239596
"welsch_etal1992";"swap";0,992950835182978;64,5929440904896;65,1946406457876;64,7739200919214;36,9657623303243
"welsch_etal1992";"swap";0,99336690567472;64,5548667397388;65,1980028706318;64,7483067791083;36,9896580126348
"welsch_etal1992";"swap";0,993193649689061;64,5515629205237;65,2296489132852;64,755515046419;36,9102358732337
"welsch_etal1992";"swap";0,993169466680138;64,5504809680323;65,2281528871048;64,7543085504182;36,896520315759
"welsch_etal1992";"swap";0,993268390712054;64,5529805241859;65,2371449011902;64,7587608833754;37,1452766653776
"welsch_etal1992";"swap";0,99329325294076;64,5500228648363;65,2328330462841;64,7553959142369;36,9128241514241
"welsch_etal1992";"swap";0,993278477769896;64,5483709552288;65,2322438707469;64,7540636497411;36,8008252274852
"welsch_etal1992";"swap";0,993252169061488;64,5775536648001;65,2567437280659;64,7818378688224;36,7688176815403
"welsch_etal1992";"swap";0,993156925284759;64,5775536648001;65,255257181314;64,7813907509443;36,7710398759528
"welsch_etal1992";"swap";0,992922633831073;64,5567587888194;65,2003916261937;64,7503482256752;36,9874584402671
"welsch_etal1992";"swap";0,992953433286406;64,5529570026502;65,201015158208;64,7478774698781;36,8630323085781
"welsch_etal1992";"swap";0,992998927531351;64,503432452119;65,1928344438759;64,7107881611532;36,987171291443
"welsch_etal1992";"swap";0,99301330933526;64,527522260722;65,2055553114041;64,7314584629;36,9638807589816
"welsch_etal1992";"swap";0,993148909910351;64,5357339273217;65,1947894941866;64,7339621540954;37,0194813417163
"welsch_etal1992";"swap";0,99319433727762;64,5359341587892;65,1814102073827;64,7300779897051;37,1738521977529
"welsch_etal1992";"swap";0,993228963489047;64,5590608932943;65,1735129277633;64,7438734392374;37,1341790740321
"welsch_etal1992";"swap";0,99326479089169;64,5716831769619;65,1837141960291;64,7557675391005;37,1291946797155
"welsch_etal1992";"swap";0,992945255087585;64,5580374024466;65,1664871379418;64,7410445997333;37,168844200148
"welsch_etal1992";"swap";0,992688836503511;64,5500414396566;65,1549831741019;64,7319935137297;37,1342043219103
"welsch_etal1992";"swap";0,991909942075583;64,5532912748975;65,1724068141296;64,7395064920663;36,9388433026719
"welsch_etal1992";"swap";0,991940843365065;64,5499273862422;65,1881401847016;64,7418866044076;36,9053181212216
"welsch_etal1992";"swap";0,991758096144352;64,5630142380691;65,1916095349452;64,7520807406871;36,2509258323478
"welsch_etal1992";"swap";0,991788314560069;64,5586091457825;65,1892717011133;64,7482974305359;36,2525298662678
"welsch_etal1992";"swap";0,991821819788496;64,5521174308337;65,172514265001;64,7387180310198;36,8224345687531
"welsch_etal1992";"swap";0,991889684961517;64,551009834663;65,1708445929246;64,737441375796;36,7593153871509
"welsch_etal1992";"swap";0,991927907706838;64,534490738588;65,1698961685891;64,7256055671459;36,6516595123787
"welsch_etal1992";"swap";0,991368075851741;64,5347859611862;65,2059752826252;64,7366637325117;36,1062391384937
"welsch_etal1992";"swap";0,99152161389593;64,3889192432851;65,1438311040912;64,6159787615741;36,3817731053258
"welsch_etal1992";"swap";0,991238808876874;64,4210397078755;65,1453672024015;64,6389001767983;36,3379821462897
"welsch_etal1992";"swap";0,991211313779978;64,4014153554574;65,1423803445759;64,6242799867253;36,3555648857377
"welsch_etal1992";"swap";0,991189900299885;64,4024973079489;65,1363996058278;64,6232376498077;36,4306308798296
"welsch_etal1992";"swap";0,991643920859995;64,3501087035373;65,1279647865197;64,5840692977073;36,5244937090104
"welsch_etal1992";"swap";0,99168075117084;64,3535642461322;65,1268596695402;64,5861531024613;36,6384766267026
"welsch_etal1992";"swap";0,991660718673046;64,3586706983901;65,1358629124144;64,5924316165798;36,4337224009399
"welsch_etal1992";"swap";0,991693565225075;64,3592539813608;65,1544831810347;64,598439995493;36,3946300813028
"welsch_etal1992";"swap";0,991402686894306;64,4568624577852;65,1598836953441;64,6683145117728;36,6946115579874
"welsch_etal1992";"swap";0,991171066100684;64,51195948328;65,1650573039023;64,7083957617984;36,5594986123652
"welsch_etal1992";"swap";0,991406633315781;64,4759047648098;65,1661325727195;64,6835088596856;36,5406057118936
"welsch_etal1992";"swap";0,991422828580402;64,4769771150285;65,1420998551384;64,6770302030952;36,831809104122
"welsch_etal1992";"swap";0,991422828580402;64,4702937480306;65,1420998551384;64,6723570338037;36,8563657398686
"welsch_etal1992";"swap";0,991382594884612;64,5063534762614;65,1465879336798;64,6989207613193;36,8553406684527
"welsch_etal1992";"swap";0,991248561170642;64,4996989415139;65,1325070325021;64,6900325523221;36,7706466160704
"welsch_etal1992";"swap";0,990687877351838;64,55863579046;65,1385007902514;64,7330453796599;36,6825346539511
"welsch_etal1992";"swap";0,990705150789916;64,557221523989;65,1001081792781;64,7205089073716;36,7799779503597
"welsch_etal1992";"swap";0,989934255789496;64,609250700836;65,1017166918848;64,7573727485965;36,7831198934591
"welsch_etal1992";"swap";0,990217096217473;64,6217670928621;65,1135863884226;64,7696946300132;36,7143108942716
"welsch_etal1992";"swap";0,990169920344302;64,6322769345468;65,1145945063349;64,7773465793601;36,6366836975588
"welsch_etal1992";"swap";0,990306973706822;64,6569454513522;65,1245991814167;64,7976045616239;36,631816123861
"welsch_etal1992";"swap";0,990394245539973;64,6233644426929;65,1283267441361;64,7752450831658;36,614936679017
"welsch_etal1992";"swap";0,990227562620557;64,6368198256462;65,100894813054;64,7764025353129;36,6561762759463
"welsch_etal1992";"swap";0,990909029619351;64,653516819679;65,1107553581724;64,7910432882427;36,5968746897093
"welsch_etal1992";"swap";0,990916171922827;64,6413315041934;65,1168997514135;64,7843711128333;36,5944741917488
"welsch_etal1992";"swap";0,990704465454177;64,7590969082864;65,2145530254408;64,8960872669389;36,7706814079629
"welsch_etal1992";"swap";0,990379570246411;64,7078622964597;65,1947679868293;64,8543119381297;36,8522850865353
"welsch_etal1992";"swap";0,990485556503892;64,7083628751287;65,2039123669414;64,8574123665212;36,4628420189678
"welsch_etal1992";"swap";0,990827518862742;64,6976794859945;65,1896294972822;64,8456463393249;36,6378175677658
"welsch_etal1992";"swap";0,99077394736651;64,6920264352307;65,1738851079988;64,8369580541422;36,702802973831
"welsch_etal1992";"swap";0,990428256320197;65,1446661550917;65,2273117840673;65,1695239930436;37,0268412315453
"welsch_etal1992";"swap";0,990095590071516;65,2567604419697;65,2938720302209;65,267922724335;37,1985448231194
"welsch_etal1992";"swap";0,98996336889124;65,2567604419697;65,2940617094662;65,267979775337;37,196066665829
"welsch_etal1992";"swap";0,989989198915708;65,2585519866796;65,2987881658055;65,2706540716043;37,2395526328789
"welsch_etal1992";"swap";0,989871319630048;65,2501958925662;65,2995361788957;65,2650362762294;37,2307578769888
"welsch_etal1992";"swap";0,989688545042162;65,2639935161715;65,3288614198792;65,2835042375325;37,0569196418347
"welsch_etal1992";"swap";0,98943482858114;65,262507820379;65,287366962001;65,2699848584477;37,0690304315066
"welsch_etal1992";"swap";0,990370937194137;65,2457267747904;65,2577461490702;65,2493419164722;37,1031032414273
"welsch_etal1992";"swap";0,990383721520314;65,2016758519236;65,2580109936065;65,2186201215759;37,1616027040989
"welsch_etal1992";"swap";0,989971898655549;65,2013271154509;65,2472869506244;65,2151507398724;37,0202128002404
"welsch_etal1992";"swap";0,9899105798983;65,2075165201447;65,234742147757;65,215705340869;37,1787097978892
"welsch_etal1992";"swap";0,990082247513223;65,3099554297203;65,2593538562397;65,2947356809049;37,0312161976603
"welsch_etal1992";"swap";0,990191400329642;65,3110851154099;65,243155399181;65,290653473724;37,1627777943004
"welsch_etal1992";"swap";0,990599307986993;65,2280082820931;65,1931498823976;65,2175237052119;37,251032754983
"welsch_etal1992";"swap";0,990668050477629;65,2456686975334;65,1931498823976;65,229872288065;37,2339920937956
"welsch_etal1992";"swap";0,990596858230929;65,2502262737838;65,1835492679583;65,2301714175685;36,7784208074196
"welsch_etal1992";"swap";0,99072435058296;65,2477060458223;65,1643480390797;65,222633941595;37,2855089281761
"welsch_etal1992";"swap";0,990682534970486;65,3214913416242;65,1652469053845;65,2744967343464;37,2845000984607
"welsch_etal1992";"swap";0,990597595791559;65,3266717419317;65,1470930162629;65,2726587358282;37,2187189592966
"welsch_etal1992";"swap";0,990418671804217;65,3233078532764;65,1441354741415;65,2694170665379;37,2266937395609
"welsch_etal1992";"swap";0,990388876705182;65,3062296493342;65,1203653374681;65,2503260885207;37,1072987504981
"welsch_etal1992";"swap";0,99073288508237;65,3062296493342;65,1307635414147;65,2534536207556;37,4831073031168
"welsch_etal1992";"swap";0,990581650241603;65,2809681393363;65,1244635487724;65,2338952838303;37,4688878319705
"welsch_etal1992";"swap";0,990686015959739;65,2750813341896;65,1402900162117;65,2345393142286;37,4534694493657
"welsch_etal1992";"swap";0,990648803401467;65,2842929665249;65,1623468124621;65,2476144661114;37,4521033706526
"welsch_etal1992";"swap";0,990564686303557;65,2830750467417;65,1775647771892;65,2513400691596;37,3101633294645
"welsch_etal1992";"swap";0,990408562253054;65,2989600765028;65,17618427828;65,2620320388743;37,3121356115499
"welsch_etal1992";"swap";0,990213996145733;65,3090845632149;65,1838811811382;65,2714263661478;37,2813354566328
"welsch_etal1992";"swap";0,989969026338332;65,3093048178292;65,182148544997;65,2710592377082;37,4206681102605
"welsch_etal1992";"swap";0,990167318933229;65,319853854621;65,1894764525796;65,2806394355076;37,4185790838055
"welsch_etal1992";"swap";0,990215383864134;65,3094228219883;65,20373459587;65,2776343193072;37,4431190875953
"welsch_etal1992";"swap";0,990158115853638;65,3328133203024;65,2223450177062;65,2995870843986;37,2512133361618
"welsch_etal1992";"swap";0,990372965051523;65,3328133203024;65,2244664269003;65,3002251537876;37,2666566092009
"welsch_etal1992";"swap";0,990436851830551;65,3063200017184;65,1901175619063;65,2713690738318;37,1614818714983
"welsch_etal1992";"swap";0,991360279389186;65,3063200017184;65,2028761353341;65,275206549022;37,1000505496409
"welsch_etal1992";"swap";0,992055015957538;65,6716823606053;65,3111217968289;65,5632343255756;36,8126536466502
"welsch_etal1992";"swap";0,991992763190329;65,6735960601008;65,303447736607;65,562264255169;36,7767360632102
"welsch_etal1992";"swap";0,991976293586228;65,6561714733633;65,2956814979409;65,5477446696302;36,7814636647196
"welsch_etal1992";"swap";0,992115435563798;65,7389927577545;65,3343342183753;65,6172811013435;36,7492226120834
"welsch_etal1992";"swap";0,992463650069701;65,734037028932;65,3412030918875;65,615881931438;36,8639869812297
"welsch_etal1992";"swap";0,992073494461574;65,7348605896638;65,3296558421915;65,6129846468601;36,6369386973537
"welsch_etal1992";"swap";0,992772585289125;65,733046728134;65,3420047437878;65,6154306073572;36,8615128392423
"welsch_etal1992";"swap";0,993411599921268;65,7082680840214;65,3460213564065;65,5993128910454;36,7950823722385
"welsch_etal1992";"swap";0,993448431283213;65,7119940579139;65,3396805602574;65,6000110201324;36,747772716523
"welsch_etal1992";"swap";0,993469970049253;65,7014509877719;65,3531214204725;65,5966817453435;36,7612144048366
"welsch_etal1992";"swap";0,99351589422006;65,6925406874647;65,3501921452689;65,589570395019;36,8128348582737
"welsch_etal1992";"swap";0,993460811288952;65,6835923039177;65,3506576296053;65,5834534788496;36,8516955984089
"welsch_etal1992";"swap";0,993336091146805;65,6566482320648;65,3380813861293;65,5608309077698;36,8364306240231
"welsch_etal1992";"swap";0,993202422574607;65,6681216274842;65,3388293992195;65,5690783634848;36,8702579624652
"welsch_etal1992";"swap";0,99312253483958;65,6763145600527;65,3459664173921;65,5769537021373;36,8731276694247
"welsch_etal1992";"swap";0,9932291888387;65,7116410384874;65,352625487584;65,6036577065533;36,8634559620174
"welsch_etal1992";"swap";0,993161404829064;65,7116410384874;65,3514940872498;65,6033174082639;36,8653579967888
"welsch_etal1992";"swap";0,99270011783155;65,7256251150905;65,3701582409402;65,6187091406533;36,8434461094348
"welsch_etal1992";"swap";0,992665466009361;65,715124173112;65,3710798999263;65,6116438451487;36,8557963273072
"welsch_etal1992";"swap";0,992390959292921;65,6681365220541;65,3619213097811;65,5760342751544;36,9180611647587
"welsch_etal1992";"swap";0,992251510506067;65,6268331343122;65,3487815063501;65,5432018231852;36,838297717754
"welsch_etal1992";"swap";0,992131896276814;65,5252557108106;65,3352174900927;65,4680967375675;36,9477299784849
"welsch_etal1992";"swap";0,992062934082767;65,5210508499915;65,3471649213949;65,4687501017396;36,9721091597142
"welsch_etal1992";"swap";0,99213229102522;65,5371196009062;65,3950740015621;65,4943956657865;36,8535099779282
"welsch_etal1992";"swap";0,992664274598097;65,5357526698567;65,4023361833008;65,4956241664618;36,6995975783874
"welsch_etal1992";"swap";0,992777273267398;65,5323937869881;65,371244565367;65,483923937018;36,6578598052776
"welsch_etal1992";"swap";0,993214361360961;65,5175913244642;65,3597149998886;65,4701058840194;36,7597057810338
"welsch_etal1992";"swap";0,993042399302744;65,5226021169403;65,3515561619335;65,4711555651433;36,728632447515
"welsch_etal1992";"swap";0,993017176141281;65,5184124911242;65,3549697137342;65,4692527941731;36,7086018027092
"welsch_etal1992";"swap";0,993118608781354;65,4944104694248;65,3459776996488;65,4497654254753;36,7233506036453
"welsch_etal1992";"swap";0,993118608781354;65,4955117424965;65,3459776996488;65,4505354618211;36,8128805308082
"welsch_etal1992";"swap";0,993095623143918;65,4955723617714;65,3546822567404;65,4531959718365;36,6714491580375
"welsch_etal1992";"swap";0,992825300894375;65,4963138248614;65,4095667390443;65,47022236632;36,2382236192105
"welsch_etal1992";"swap";0,992797718863421;65,4991275500004;65,4436169182558;65,4824312733113;36,2156745721127
"welsch_etal1992";"swap";0,992879407493003;65,4579632406325;65,4106970462018;65,4437466944422;36,2276337816629
"welsch_etal1992";"swap";0,993066955035653;65,4924430993492;65,4124314621976;65,4683775034401;36,2164646404837
"welsch_etal1992";"swap";0,992863496956709;65,4745153613094;65,3885747077791;65,4486664584041;36,1702110186633
"welsch_etal1992";"swap";0,992534476303189;64,9585355553203;65,3140313192194;65,0654602191063;36,0130962895046
"welsch_etal1992";"swap";0,992527145331068;64,9373911123443;65,3017425327371;65,0469793468091;36,0070880146417
"welsch_etal1992";"swap";0,992459018372054;64,9385402668538;65,2966109614531;65,0462394085024;36,0375216686589
"welsch_etal1992";"swap";0,992579924367271;64,9433394421515;65,3082465779274;65,0530948225756;36,0578953097701
"welsch_etal1992";"swap";0,992098654146674;64,9970563336705;65,3306622995979;65,0973970672774;35,9136027597732
"welsch_etal1992";"swap";0,992069441575204;65,0072807847148;65,3566130513551;65,1123516152373;35,9034321047641
"welsch_etal1992";"swap";0,991119888549923;64,9560715868821;65,3331858655857;65,0694985853279;35,9562458431641
"welsch_etal1992";"swap";0,991119605534515;64,9477321218992;65,3471324924356;65,0678622462843;35,9534460308643
"welsch_etal1992";"swap";0,990867397867071;64,9442544174623;65,3558403317886;65,0680496633625;36,0482214040425
"welsch_etal1992";"swap";0,99164614532711;64,8725339687332;65,3382691026804;65,0126160109618;35,7881330150604
"welsch_etal1992";"swap";0,991627880573105;64,8695799088451;65,3449091173849;65,0125476203399;35,8255024022008
"welsch_etal1992";"swap";0,991023217599563;64,8697627288807;65,3347891204228;65,0096315982643;36,0486913107183
"welsch_etal1992";"swap";0,991354616907471;64,8544112186815;65,3129861323542;64,9923396370889;35,876882080321
"welsch_etal1992";"swap";0,991306528401341;64,8501625013582;65,3189598480053;64,991165584276;35,8885012721142
"welsch_etal1992";"swap";0,991086668501117;64,8782862984882;65,3208685923872;65,0114045175458;35,9906227780379
"welsch_etal1992";"swap";0,991570144270063;64,9006031223776;65,3590369617529;65,0384891089944;36,0898781211184
"welsch_etal1992";"swap";0,991526065666334;64,9284735552523;65,3743979448558;65,0625969971447;35,9712042147146
"welsch_etal1992";"swap";0,991606878077161;64,941533358267;65,3710452582532;65,0707203139549;36,0935949086734
"welsch_etal1992";"swap";0,991444766361796;64,9345045880137;65,3838301530415;65,0696510225143;36,0206703561593
"welsch_etal1992";"swap";0,991301774067006;64,9302391079196;65,3838301530415;65,0666684972998;35,9872967131525
"welsch_etal1992";"swap";0,991215348558;65,0667168762198;65,3917242288964;65,1644713516368;36,0172173644149
"welsch_etal1992";"swap";0,991434685495888;65,0879747836942;65,4152418058393;65,1864089138995;36,1609105157704
"welsch_etal1992";"swap";0,991045622527886;65,078237211271;65,4066012528439;65,1770012988075;36,1729543596564
"welsch_etal1992";"swap";0,991157041556285;65,0784374427385;65,4025105562567;65,1759109212547;36,1316647912386
"welsch_etal1992";"swap";0,99122816380046;65,08371468066;65,3870018713932;65,1749362483773;36,2908886614464
"welsch_etal1992";"swap";0,991207461988851;65,0778710456225;65,3415589630471;65,1571820945244;36,5381700178992
"welsch_etal1992";"swap";0,991272051115808;65,07807127709;65,341046930277;65,1571680938636;36,5384493775501
"welsch_etal1992";"swap";0,991338234363373;65,0821643988317;65,386952637473;65,1738374460297;36,4546554077621
"welsch_etal1992";"swap";0,991554347032476;65,0147664868454;65,3695260676271;65,1214697242733;36,6020212694335
"welsch_etal1992";"swap";0,991825358675883;65,0088429725963;65,374374431315;65,1187861345007;36,5441304894384
"welsch_etal1992";"swap";0,992012873050224;65,1457253624056;65,3919817600176;65,2197934250768;36,4990778434562
"welsch_etal1992";"swap";0,992044224533507;65,1435052791203;65,3887478688381;65,2172684125089;36,552747765371
"welsch_etal1992";"swap";0,992033914786627;65,1982138123331;65,3843053153267;65,2541857068299;36,540976632781
"welsch_etal1992";"swap";0,991623677381287;64,9869466463127;65,3499773670803;65,0961376457674;36,5936718600303
"welsch_etal1992";"swap";0,992584182089519;64,8934158661614;65,3081925835676;65,0181708296762;36,6399677910594
"welsch_etal1992";"swap";0,99256888204859;64,905006225401;65,3153041498189;65,0284140745952;36,6344668858939
"welsch_etal1992";"swap";0,992206389480165;64,9077057185641;65,3165290557991;65,0306700470339;36,650040209441
"welsch_etal1992";"swap";0,9928212514994;64,9218020138815;65,3194598529872;65,0414080262904;36,609797422408
"welsch_etal1992";"swap";0,992882830014856;64,9135054094321;65,3139190152818;65,033940290881;36,6788124835218
"welsch_etal1992";"swap";0,992712038343626;64,9511684485801;65,3314393053372;65,0655448705672;36,7281718863057
"welsch_etal1992";"swap";0,992569570044546;64,9517953445825;65,3255634607517;65,0642158969878;36,6821430985547
"welsch_etal1992";"swap";0,992822054966276;64,9569393302456;65,3479648944434;65,0745505122326;36,5412632650379
"welsch_etal1992";"swap";0,992795499864045;64,9534853374299;65,3388073852859;65,0693810374642;36,6115899995856
"welsch_etal1992";"swap";0,992816251048269;64,9843209834367;65,3449517785271;65,092790142374;36,4846133721476
"welsch_etal1992";"swap";0,992924906986774;65,0413118648957;65,3784577493845;65,1427173217439;36,4219513948234
"welsch_etal1992";"swap";0,992313001264514;65,0823949980232;65,407705561318;65,1802406719767;36,3889802573919
"welsch_etal1992";"swap";0,992498259619303;65,0396923003714;65,404949156197;65,149552868262;36,3246936664362
"welsch_etal1992";"swap";0,992401844828872;65,0399946106264;65,4164698935242;65,153229414344;36,3860275106004
"welsch_etal1992";"swap";0,992503552315746;65,0235489327561;65,4083692839727;65,1392937343833;36,3247929789704
"welsch_etal1992";"swap";0,992468596767064;65,0266324973567;65,4085268325174;65,1414972230034;36,3415357036541
"welsch_etal1992";"swap";0,992500034273895;65,1042778964637;65,4150936527938;65,1977638775074;36,2711601546918
"welsch_etal1992";"swap";0,992651993786196;65,1022078111374;65,4472253956549;65,2059808879813;36,2950149685791
"welsch_etal1992";"swap";0,992674862776799;65,1022774220514;65,4537421763652;65,2079896541057;36,354436542514
"welsch_etal1992";"swap";0,992911755158172;65,1916025974896;65,4952834082017;65,2829425567271;36,2401919967564
"welsch_etal1992";"swap";0,993268118130434;65,2053334083875;65,5410202538551;65,3063000210282;36,0657854028909
"welsch_etal1992";"swap";0,993310463752972;65,2024423740441;65,5414452612927;65,3044063731196;36,0899928907409
"welsch_etal1992";"swap";0,993316161354687;65,2024423740441;65,5399422901286;65,3039543151692;36,0883709553259
"welsch_etal1992";"swap";0,993360879980375;65,2446271935178;65,5732636188659;65,3434732076102;36,0703321294924
"welsch_etal1992";"swap";0,993368691007432;65,2476222037372;65,5712056410014;65,3449483992921;36,0032289958015
"welsch_etal1992";"swap";0,993420709419789;65,2553311152389;65,5706936082314;65,350184646443;35,9604327301203
"welsch_etal1992";"swap";0,99362536503323;65,2660173849754;65,5724545557146;65,3581863916984;36,0151784054749
"welsch_etal1992";"swap";0,99362536503323;65,2632767038481;65,5724545557146;65,3562700422167;35,976802243286
"welsch_etal1992";"swap";0,993616270923936;65,2632767038481;65,584999358582;65,3600432203108;36,0600884766753
"welsch_etal1992";"swap";0,993087934773217;65,3496790681121;65,609299422376;65,427766690837;36,4099747532241
"welsch_etal1992";"swap";0,993037152891846;65,3672961069614;65,6258160919524;65,4450527648015;36,3376346954219
"welsch_etal1992";"swap";0,993219592927465;65,3431827945665;65,6039994932307;65,42163024921;36,3513311126439
"welsch_etal1992";"swap";0,993246604613386;65,3565513445856;65,6481196502541;65,4442481506243;36,4404174332127
"welsch_etal1992";"swap";0,993233534664257;65,3517457893637;65,64886292363;65,4411115509639;36,3797369814263
"welsch_etal1992";"swap";0,993458305980445;65,3588706924183;65,6549012755006;65,4479096452859;36,1909527287028
"welsch_etal1992";"swap";0,993477151448872;65,3595715025549;65,6549012755006;65,448399668415;36,2946206759937
"welsch_etal1992";"swap";0,993608244942275;65,3342957679686;65,6268832767511;65,4222991260435;36,3587072601339
"welsch_etal1992";"swap";0,993684598406065;65,3371115927214;65,6237188784254;65,4233162420438;36,2866583518585
"welsch_etal1992";"swap";0,993684598406065;65,3371115927214;65,6244140953331;65,4235253467411;36,3294031437227
"welsch_etal1992";"swap";0,993646527683253;65,3360103196498;65,6275009914591;65,4236837752716;36,3383489138308
"welsch_etal1992";"swap";0,993693973348748;65,3501254602817;65,6763804274353;65,448255188436;36,3516188177296
"welsch_etal1992";"swap";0,993814950353916;65,3200216859597;65,657473143363;65,4215190518669;36,3597389079125
"welsch_etal1992";"swap";0,993769679595812;65,320806101516;65,6734679012933;65,426878376352;36,3455650875209
"welsch_etal1992";"swap";0,993815871427735;65,3258869750057;65,6728307049571;65,4302393905474;36,3047811976531
"welsch_etal1992";"swap";0,993781576775101;65,2820162604597;65,6508117001191;65,3929411501373;36,319927620182
"welsch_etal1992";"swap";0,993491192090309;65,2736497466645;65,6486079992736;65,3864282637817;36,2538557794116
"welsch_etal1992";"swap";0,993729929531892;65,2740440282269;65,6298268998473;65,3810550471813;36,4233694472401
"welsch_etal1992";"swap";0,992810821512197;65,2445365842883;65,5824831102759;65,3461828550414;36,5185809737411
"welsch_etal1992";"swap";0,992751824551377;65,2621138713021;65,6303286339279;65,3728641071501;36,4867677194825
"welsch_etal1992";"swap";0,992906077136837;65,2672978504073;65,6274771980433;65,3756312246963;36,3333892135895
"welsch_etal1992";"swap";0,992257100495581;65,1327352825042;65,5403945612609;65,2553494898922;36,2586296113221
"welsch_etal1992";"swap";0,991391069489394;65,1142338949001;65,4943831734809;65,2285737490657;36,4121621431836
"welsch_etal1992";"swap";0,991203764499551;65,1142338949001;65,4909696216802;65,2275470339381;36,4523684447272
"welsch_etal1992";"swap";0,991272648341323;65,1155187134837;65,4929785540796;65,2290496487212;36,3974978884352
"welsch_etal1992";"swap";0,991264398759447;65,109792093511;65,4810311227774;65,2214519567768;36,4064354773895
"welsch_etal1992";"swap";0,991359781568832;65,1206898099503;65,4776175709767;65,2280451843858;36,3973558219865
"welsch_etal1992";"swap";0,990815246402796;65,1228731572497;65,4766771576941;65,2292889788581;36,3963806307672
"welsch_etal1992";"swap";0,990815358970285;65,1301783254503;65,4954845152111;65,2400537318143;36,3735747141305
"welsch_etal1992";"swap";0,990634628467552;65,1314360952217;65,4954845152111;65,2409331943776;36,3502504280691
"welsch_etal1992";"swap";0,991251365352185;65,1168783177924;65,4871835128007;65,2282573059417;36,2461716721938
"welsch_etal1992";"swap";0,991273660071847;65,1168783177924;65,487931525891;65,228482290474;36,2470973359344
"welsch_etal1992";"swap";0,991088132285426;65,1131280795242;65,5108411133167;65,232750693181;36,1770081871441
"welsch_etal1992";"swap";0,99116169271035;65,1168626908525;65,5072883245347;65,2342934280208;36,0503584206548
"welsch_etal1992";"swap";0,991146437604665;65,114337758456;65,4505150500195;65,215451885608;36,2974769084957
"welsch_etal1992";"swap";0,991291947182799;65,1165624812653;65,4113244473646;65,2052198643418;36,226949511192
"welsch_etal1992";"swap";0,991187733761267;65,1221264300592;65,4330366061736;65,2156408103265;36,0631677963864
"welsch_etal1992";"swap";0,99084918960292;64,9550633050868;65,4311281203941;65,0982522695874;36,1494618963368
"welsch_etal1992";"swap";0,990789766520074;64,9249985502301;65,412140238503;65,0715191744519;36,2073801446635
"welsch_etal1992";"swap";0,990776502717027;64,9249985502301;65,4006195011758;65,0680540108962;36,2013644442145
"welsch_etal1992";"swap";0,99023843601787;64,9238509645912;65,3996338380934;65,066955127708;36,1753274639997
"welsch_etal1992";"swap";0,990356848952078;64,9226443523562;65,3981442882167;65,0656634145652;36,1738901609218
"welsch_etal1992";"swap";0,990286937105519;64,9367773567759;65,3976626556125;65,0754006840457;36,1972326431013
"welsch_etal1992";"swap";0,99042608076806;64,9656307112537;65,4264644989305;65,1042385451927;36,2428513477449
"welsch_etal1992";"swap";0,991699485994308;64,9728568717128;65,4350896707043;65,1118854949541;36,4540212228177
"welsch_etal1992";"swap";0,991734352986091;64,9682747326547;65,4066414164496;65,1001249965387;36,4356795383324
"welsch_etal1992";"swap";0,991549351526084;64,9874769303953;65,4173527430304;65,1167733423457;36,502437347457
"welsch_etal1992";"swap";0,991548110850464;64,9869573554077;65,415956290021;65,1159900233218;36,5021263501558
"welsch_etal1992";"swap";0,991669609209377;64,9884737574913;65,3786007637011;65,1058146746243;36,2321450179285
"welsch_etal1992";"swap";0,992162119200349;65,0310196071602;65,4496878112959;65,1569450372527;36,1598191256313
"welsch_etal1992";"swap";0,992137213612266;65,0272587293211;65,4487917539482;65,1540458292251;36,0226466481239
"welsch_etal1992";"swap";0,993286315692098;65,1203035968803;65,543684392037;65,2476464621765;35,9952544450067
"welsch_etal1992";"swap";0,992989116094036;65,1288935836646;65,5476414172164;65,2548429643901;35,9228208075339
"welsch_etal1992";"swap";0,992693407186746;65,1328581667226;65,5415764092931;65,2557908852189;35,9205249679809
"welsch_etal1992";"swap";0,992475509688134;65,1186710646783;65,5108744791522;65,2366365159916;36,0318401378498
"welsch_etal1992";"swap";0,992251356391383;65,155188663638;65,5224244946369;65,2656444601545;35,9452803794592
"welsch_etal1992";"swap";0,991596393165705;65,1354024574503;65,5131130713183;65,2490088193188;35,9640210004348
"welsch_etal1992";"swap";0,992018548400563;65,1354024574503;65,5212634847383;65,2514602696682;35,7484015229203
"welsch_etal1992";"swap";0,991767399431657;65,0062231261434;65,4924680328532;65,1524740198174;35,9720849824714
"welsch_etal1992";"swap";0,991765393487565;64,9989490763161;65,4872309257485;65,145812633875;36,0062044591573
"welsch_etal1992";"swap";0,991743463399784;64,9921707654756;65,4829864435753;65,139796438384;35,9942400196278
"welsch_etal1992";"swap";0,991956211664974;64,9962493967821;65,5136883737162;65,1518827242558;36,1841981733046
"welsch_etal1992";"swap";0,992150596454089;64,9905691462019;65,5289810857831;65,1525106416128;35,9026985047853
"welsch_etal1992";"swap";0,992257592330798;64,9678551397432;65,5262100372898;65,1357950022006;36,2048050646437
"welsch_etal1992";"swap";0,992099644683487;64,9636655139271;65,519510941881;65,1308505876648;36,0076644512709
"welsch_etal1992";"swap";0,992507174471236;64,9719250619646;65,5300743387114;65,1398030785799;35,9969088832625
"welsch_etal1992";"swap";0,992157672690999;64,9295811123589;65,4673517727255;65,0913297262466;36,1300600993008
"welsch_etal1992";"swap";0,992136664098949;64,9408179049807;65,5059511661636;65,1107965378721;36,124499517722
"welsch_etal1992";"swap";0,99209969644205;64,9328142409804;65,4998145309947;65,1033544317027;36,1654425003965
"welsch_etal1992";"swap";0,99243558866567;64,9244619977314;65,4872054649051;65,09372183747;36,1193583500858
"welsch_etal1992";"swap";0,992229438048471;64,9720002853252;65,4878042944528;65,1271418534005;36,121162276701
"welsch_etal1992";"swap";0,992312055445023;64,9682695381129;65,4952685943902;65,126778309891;36,1505921517903
"welsch_etal1992";"swap";0,992312055445023;64,9682695381129;65,4952685943902;65,126778309891;36,0332046329371
"welsch_etal1992";"swap";0,992253964940709;64,9710928018057;65,4927880800818;65,1280063234088;36,044764376022
"welsch_etal1992";"swap";0,992272248565751;64,9712603868384;65,4938121456219;65,128431517391;36,0445566214583
"welsch_etal1992";"swap";0,992309736903417;65,0009947597735;65,4938121456219;65,1492224987253;35,9845944099731
"welsch_etal1992";"swap";0,992340374401119;64,9912803720465;65,4786480981998;65,1378689830823;35,9291650150535
"welsch_etal1992";"swap";0,992200027829265;64,8671245402126;65,448897112493;65,0421078818105;36,0299654808901
"welsch_etal1992";"swap";0,992211070159723;64,8671245402126;65,448897112493;65,0421078818105;35,9182402288174
"welsch_etal1992";"swap";0,99219164315144;64,8530368823311;65,4750895580402;65,0401355202384;36,2667823670448
"welsch_etal1992";"swap";0,992244642795998;64,8338766979114;65,4765676585038;65,027182840651;36,4478579355438
"welsch_etal1992";"swap";0,992356355310327;64,831084491793;65,5179241514732;65,0376695123307;36,5523055210916
"welsch_etal1992";"swap";0,992490795909962;65,045615796462;65,5971702841998;65,2115102575216;36,6385346118286
"welsch_etal1992";"swap";0,992526035354894;65,034029187688;65,5861846188323;65,2001043982198;36,6192042717173
"welsch_etal1992";"swap";0,992526035354894;65,0217954803049;65,5861846188323;65,1915502988141;36,4595598988658
"welsch_etal1992";"swap";0,992414855123516;65,0464820194524;65,5984223517549;65,2124925333726;36,4093713066252
"welsch_etal1992";"swap";0,991913150223778;65,0850959824298;65,600206500239;65,2400289648239;36,4697343768105
"welsch_etal1992";"swap";0,992152763244077;65,1955542512947;65,6458575603606;65,3309947679284;36,0769129863653
"welsch_etal1992";"swap";0,99181042603341;65,1459084706795;65,604470099969;65,2838328934606;36,1014533399113
"welsch_etal1992";"swap";0,992222032135383;65,0959173476079;65,6030962206147;65,2484646800452;35,9951590896573
"welsch_etal1992";"swap";0,992281737808789;65,1086520689457;65,62378699937;65,2635923940733;35,976800791028
"welsch_etal1992";"swap";0,992532611126662;65,0955160672635;65,6212427831475;65,2536421493373;36,0538776189155
"welsch_etal1992";"swap";0,99232781910633;65,1032121056637;65,6150721318156;65,2571674175399;35,9948513131269
"welsch_etal1992";"swap";0,992178724580672;65,0899968288037;65,6016164307538;65,2438798268029;35,9826504878886
"welsch_etal1992";"swap";0,991733153995723;65,101948150684;65,6053091382333;65,2533471540543;36,0613246924077
"welsch_etal1992";"swap";0,991733153995723;65,101948150684;65,6053091382333;65,2533471540543;36,1770408294163
"welsch_etal1992";"swap";0,991550353901585;65,0540427720663;65,5977207091395;65,2175681541744;36,4188636980204
"welsch_etal1992";"swap";0,992507701104914;64,9983639037032;65,5668327790201;65,1693458099273;36,5351243795767
"welsch_etal1992";"swap";0,992511372170393;64,9934680266781;65,5650780344441;65,1653947107733;36,5203573441486
"welsch_etal1992";"swap";0,992608278669367;64,9831576558771;65,6054006150893;65,1703135265328;36,3862698253235
"welsch_etal1992";"swap";0,992549520730341;64,9685050764696;65,5933951920011;65,1564571487349;36,5079484434076
"welsch_etal1992";"swap";0,99249670405634;64,946204766868;65,6038491943906;65,1440085565174;36,6525700065225
"welsch_etal1992";"swap";0,992828847274005;64,9087999789455;65,5707891885504;65,1079105756249;36,5161633664265
"welsch_etal1992";"swap";0,992865899340324;64,9008708128295;65,5704168010812;65,1022543086491;36,5185003242013
"welsch_etal1992";"swap";0,992817077993986;64,8964831319748;65,5905102082714;65,105229956346;36,571441552157
"welsch_etal1992";"swap";0,993180176567525;64,8915089349506;65,6023625827723;65,1053167915076;36,6784335738112
"welsch_etal1992";"swap";0,993334110731162;64,8915089349506;65,6089297909524;65,1072920514065;36,5668398416284
"welsch_etal1992";"swap";0,99315809320073;64,8883129326797;65,6085035136666;65,1049291164823;36,4970378849791
"welsch_etal1992";"swap";0,993169246690558;64,895362451556;65,6913418223114;65,1347740992929;36,3010844331643
"welsch_etal1992";"swap";0,993106438489674;64,8856887787737;65,7349541239882;65,1411275792425;36,4136827953352
"welsch_etal1992";"swap";0,993057353776401;64,8751165572856;65,7454507957752;65,136892379341;36,5095491501464
"welsch_etal1992";"swap";0,993011185934101;64,8751165572856;65,7459192897086;65,1370332911645;36,3944558026755
"welsch_etal1992";"swap";0,992779703449952;64,8496948621137;65,7234153197503;65,1124891782851;36,4709577980957
"welsch_etal1992";"swap";0,992794038378635;64,8360891338919;65,7145926012501;65,1003220655358;36,5096790184405
"welsch_etal1992";"swap";0,992486320542463;64,5116484394234;65,6456756853043;64,8527368413216;36,6101734200415
"welsch_etal1992";"swap";0,992945906669475;64,7110422720272;65,6667638867609;64,9985005843501;36,1652272305138
"welsch_etal1992";"swap";0,992952485833057;64,7161705079603;65,6716045860084;65,0035423360925;36,2475123427096
"welsch_etal1992";"swap";0,992787442118229;64,7116753115132;65,6823301209275;65,0036251733357;35,9909934199875
"welsch_etal1992";"swap";0,99268527770896;64,7097728949283;65,6847971879107;65,0030369933997;36,0678069776561
"welsch_etal1992";"swap";0,99285937929213;64,6968053025816;65,6823335916441;64,9932287530435;36,301895302215
"welsch_etal1992";"swap";0,992789911431306;64,7182801274792;65,6890135405283;65,0102536314041;36,1721936962964
"welsch_etal1992";"swap";0,99278966775021;64,7541121943433;65,6827254187903;65,0334169481388;36,0237114954795
"welsch_etal1992";"swap";0,99291010032132;64,7717726097836;65,6965102054153;65,0499116666845;35,9534798058227
"welsch_etal1992";"swap";0,993006487693338;64,7642800887802;65,6925053091541;65,0434681401863;36,0016213701688
"welsch_etal1992";"swap";0,993087296669492;64,9074080698099;65,7479642971258;65,160227374921;35,9548883815502
"welsch_etal1992";"swap";0,993082768161663;64,883404733718;65,7354194942584;65,1396704928715;36,0407574163513
"welsch_etal1992";"swap";0,992956177611062;64,8906343301947;65,7415638874996;65,1465736860464;36,0381668376016
"welsch_etal1992";"swap";0,993119949360148;64,8951295266418;65,7308383525805;65,1464908488032;35,9781652015277
"welsch_etal1992";"swap";0,99287568320644;64,8834927411845;65,7188217098759;65,1347398113277;35,8554283647216
"welsch_etal1992";"swap";0,992923140168039;64,8613571524439;65,7174365004495;65,1188454427561;35,8644884219298
"welsch_etal1992";"swap";0,993016583321784;64,9682011543061;65,7337418716355;65,1984575796348;35,9138091099141
"welsch_etal1992";"swap";0,992961655206968;64,9717252281355;65,7301942401075;65,199854652823;35,9091741578076
"welsch_etal1992";"swap";0,993007559719478;64,9067274849652;65,7220817031795;65,1519666256312;35,8572022652676
"welsch_etal1992";"swap";0,993073084378279;64,8668891241278;65,7190843575736;65,1232091652354;35,7778780504209
"welsch_etal1992";"swap";0,992739870262279;64,8668891241278;65,7174838075859;65,1227277578975;35,9325213526339
"welsch_etal1992";"swap";0,99276738190855;64,8629994562022;65,7140882218474;65,118986698133;35,8401080766381
"welsch_etal1992";"swap";0,992530007909526;64,8468658057023;65,6797025003883;65,0973632591492;35,8350968001023
"welsch_etal1992";"swap";0,992434145433008;64,8208334045542;65,6692484979988;65,0760164695295;35,8528232726917
"welsch_etal1992";"swap";0,992243608019799;64,8218612594211;65,6555496462113;65,0726148815799;35,9161188015737
"welsch_etal1992";"swap";0,992330609706357;64,8205549247368;65,6363484173327;65,0659261886806;36,04879044453
"welsch_etal1992";"swap";0,991952789364981;64,8072711734675;65,6398007594947;65,0576762559401;36,0053604670754
"welsch_etal1992";"swap";0,992150328861115;64,8754456241582;65,6402461938225;65,1054794306872;35,9869361894626
"welsch_etal1992";"swap";0,992229095908567;64,8530178595262;65,6123568191589;65,0814089437624;35,8551067263599
"welsch_etal1992";"swap";0,992216128433256;64,8665492684253;65,5839980811228;65,0823407935898;35,8687315280955
"welsch_etal1992";"swap";0,992016867084235;64,8647272957107;65,5773726874006;65,0790740661737;35,8789774276918
"welsch_etal1992";"swap";0,992016867084235;64,8698984910038;65,5773726874006;65,0826898890145;35,8671299038279
"welsch_etal1992";"swap";0,992289767543862;64,8709280144662;65,5725368223497;65,0819552432281;35,8033793113313
"welsch_etal1992";"swap";0,992778033461864;64,9995300387301;65,6228820486353;65,1870194854351;35,7256153049737
"welsch_etal1992";"swap";0,992952109502412;64,9990895295015;65,6219045315288;65,1864174570194;35,7314676613346
"welsch_etal1992";"swap";0,992965078658636;64,9994296285383;65,6270248592297;65,1881953350529;35,6817061330289
"welsch_etal1992";"swap";0,992770355559356;64,9886922160895;65,616027791781;65,1773798245608;35,6935810279671
"welsch_etal1992";"swap";0,992525234212892;64,9842871238028;65,617571239844;65,174763911616;35,770060089891
"welsch_etal1992";"swap";0,992909700998968;64,9460187937661;65,5744609252283;65,1350392278734;35,8055303536147
"welsch_etal1992";"swap";0,993303754082169;65,1232720318426;65,6063205334841;65,2685615229573;35,7000682126999
"welsch_etal1992";"swap";0,993275080763363;65,1420499332906;65,6265458279029;65,2877747657581;35,6642187772209
"welsch_etal1992";"swap";0,992059612497664;65,136139767806;65,5774924063522;65,2688881358034;35,8629680312311
"welsch_etal1992";"swap";0,992106000596154;65,1372919998625;65,5337547819695;65,2565385675725;35,958312192626
"welsch_etal1992";"swap";0,992263501414395;65,1364670110878;65,528445022382;65,25436466649;35,9758032383445
"welsch_etal1992";"swap";0,992430719238853;65,0757154963162;65,5207659967236;65,2095760931399;35,9474417248667
"welsch_etal1992";"swap";0,992435220654725;65,0763956943899;65,5380897721119;65,2152622830967;35,9776621752743
"welsch_etal1992";"swap";0,992215394749857;65,0781498045211;65,5574931191893;65,2223248635901;35,947718472053
"welsch_etal1992";"swap";0,99236790418404;64,8490437417326;65,5086562479793;65,0474394826154;36,1617145431783
"welsch_etal1992";"swap";0,992573707175021;64,8559043041217;65,5118394447109;65,0531939809484;36,0852999212609
"welsch_etal1992";"swap";0,9929410542738;64,8798843327271;65,5384324067656;65,0779599177387;36,1391033972522
"welsch_etal1992";"swap";0,992970048242877;65,0847912050715;65,5639788985024;65,2289194569767;35,9477842103352
"welsch_etal1992";"swap";0,992950395858234;65,0925558053044;65,5656919165298;65,2348638853301;36,0990161591414
"welsch_etal1992";"swap";0,992933040507327;65,0887013495535;65,5852422586608;65,2380490356692;35,9581219732128
"welsch_etal1992";"swap";0,992849514603415;65,1157248964661;65,5779061166331;65,2547380060247;35,9758088468369
"welsch_etal1992";"swap";0,992535600642657;65,1566899972206;65,6515096243622;65,3055199626933;35,8842041091228
"welsch_etal1992";"swap";0,992566941660387;65,1592195880943;65,6453652311211;65,3054406256153;35,8672813179782
"welsch_etal1992";"swap";0,992204207168157;65,1676993907462;65,6376639685294;65,3090535490057;35,8345723251793
"welsch_etal1992";"swap";0,992081271732425;65,171856156752;65,6415609079102;65,3131321653475;35,9093037156883
"welsch_etal1992";"swap";0,992015883738491;65,192892782784;65,6547156189378;65,3317980989622;35,9818019578107
"welsch_etal1992";"swap";0,991783129571867;65,1408703371445;65,635087696084;65,2895191546781;35,8093386317185
"welsch_etal1992";"swap";0,991728491400761;65,1061802353869;65,6303181681729;65,2638284493232;35,8212508889174
"welsch_etal1992";"swap";0,991827939085281;65,1008572832132;65,6368578147804;65,2620734844931;35,8164591927361
"welsch_etal1992";"swap";0,991123698737484;65,1272878369333;65,6238163015313;65,2766317800368;35,87361068506
"welsch_etal1992";"swap";0,991058533275841;65,1227950765593;65,6388550262475;65,278013625463;35,6815182279853
"welsch_etal1992";"swap";0,991358342761278;65,0914087940167;65,6348658302615;65,2548677344138;35,6814872084004
"welsch_etal1992";"swap";0,99075486349206;65,0505642700547;65,576124169346;65,2086401776682;35,6523135738814
"welsch_etal1992";"swap";0,990872605022368;65,0262916765237;65,6117104468677;65,2023717077073;35,567606304801
"welsch_etal1992";"swap";0,991078342555153;65,0183810826017;65,5300339488075;65,1722740856973;35,7430853015712
"welsch_etal1992";"swap";0,991848354129955;65,0150772633867;65,5457392814342;65,1746877668745;35,9431881511172
"welsch_etal1992";"swap";0,991872300091994;65,0116404731197;65,5396341600899;65,1704484061347;36,0981114543325
"welsch_etal1992";"swap";0,992093692573771;65,0128418619252;65,5542697634352;65,1756904868942;35,9526061099817
"welsch_etal1992";"swap";0,992214200036765;64,9904857900771;65,5378935216568;65,1551330055911;36,1326164866799
"welsch_etal1992";"swap";0,992296281429199;64,9860981092224;65,5431845269478;65,1536564431437;36,1052967286724
"welsch_etal1992";"swap";0,992407024268757;64,9748066581356;65,524421220833;65,1401176359198;36,0172490940064
"welsch_etal1992";"swap";0,992390719391317;64,9219455506954;65,4995502733815;65,0956753023442;36,0669719767571
"welsch_etal1992";"swap";0,992669370510267;64,8927595039331;65,4892760140491;65,0721774710766;35,9407263015113
"welsch_etal1992";"swap";0,992658723634341;64,8862803473614;65,4901294019993;65,0679037693579;35,8493069281184
"welsch_etal1992";"swap";0,992191026307849;64,8406175611806;65,4046679697636;65,0102704977854;35,7323883228483
"welsch_etal1992";"swap";0,992512920644406;64,9186634232227;65,460747981272;65,0817095548482;35,603593387527
"welsch_etal1992";"swap";0,992292298818239;64,9348251453893;65,4801082506323;65,0988333238744;35,702644196246
"welsch_etal1992";"swap";0,992149521080715;64,9377705678415;65,4867427454909;65,1028883314941;35,8730561734898
"welsch_etal1992";"swap";0,991579691904527;65,0085734646526;65,5248708607787;65,1638634317927;35,6732943920177
