"matrix_id";"baseline";"ceof_cor";"stat_nodf_columns";"stat_nodf_rows";"stat_nodf_general";"stat_temp"
"Kartvelian";"c0";0,998476802325109;55,4223744292237;34,6846846846847;55,3751359560016;34,1548077846066
"Kartvelian";"c0";0,999893181392901;55,6887366818874;53,6662168241116;55,6841295751498;37,9013696989168
"Kartvelian";"c0";0,9998674823535;55,365296803653;54,7932547932548;55,3639937466817;36,214662572949
"Kartvelian";"c0";0,995024390053095;56,62100456621;70,4720345345345;56,6525558873224;29,9092302760066
"Kartvelian";"c0";0,997177724730341;56,1643835616438;68,4483791953304;56,1923653284632;32,9131171119626
"Kartvelian";"c0";0,995710342553335;56,468797564688;70,1812930951098;56,5000333176046;31,8321396707077
"Kartvelian";"c0";0,997626823063556;56,3546423135464;67,9547764227642;56,3810663092394;33,3557087227299
"Kartvelian";"c0";0,998311398101902;55,6887366818874;67,8160592794739;55,7163615625197;32,8736028191224
"Kartvelian";"c0";0,997199484938908;56,544901065449;69,1317941317941;56,5735728036411;31,6441857632092
"Kartvelian";"c0";0,995434510646314;55,6887366818874;69,4344111913771;55,7200480133441;31,686323647674
"Kartvelian";"c0";0,997174334029251;56,4117199391172;68,3611807296018;56,4389396675693;32,0760180915481
"Kartvelian";"c0";0,99878615873005;54,6803652968037;53,8051209103841;54,6783715738278;35,5904867366528
"Kartvelian";"c0";0,99858158487922;55,5365296803653;66,8016194331984;55,5621904770688;34,9683661777606
"Kartvelian";"c0";0,998700459386737;55,6316590563166;68,0908522371937;55,6600399063869;33,8528902962139
"Kartvelian";"c0";0,998116675448402;56,2785388127854;68,2246080834014;56,3057508156797;32,1130313369206
"Kartvelian";"c0";0,998603582387439;55,6697108066971;67,3182110682111;55,6962449758577;34,3307079260002
"Kartvelian";"c0";0,996493199540228;56,0502283105023;70,2048341946598;56,0824711485072;30,5798796058308
"Kartvelian";"c0";0,997991235495595;55,8409436834094;55,1503759398496;55,8393706361576;34,4103127939663
"Kartvelian";"c0";0,998617396795247;55,6697108066971;66,9011520231032;55,6952949552538;33,5781195523239
"Kartvelian";"c0";0,999560051912494;55,6697108066971;55,8445945945946;55,6701091752345;35,4495018027961
"Kartvelian";"c0";0,997929605048397;55,9741248097412;67,6785714285714;56,0007864193513;33,5610998890485
"Kartvelian";"c0";0,997018150603775;56,2785388127854;70,4610989840192;56,3108453279818;31,20439243732
"Kartvelian";"c0";0,99920770696163;55,6316590563166;56,7293233082707;55,6341594304668;34,9237494580824
"Kartvelian";"c0";0,999057540640458;55,9931506849315;55,5713608345187;55,9921898880057;34,7290525293524
"Kartvelian";"c0";0,999253233347075;55,6506849315068;55,8558558558559;55,6511522912434;36,1870133067319
"Kartvelian";"c0";0,99319770002829;55,87899543379;72,0287899235268;55,9157831205547;29,9229795087456
"Kartvelian";"c0";0,999746326458507;55,441400304414;55,2157420578473;55,4408862765175;37,4116577700464
"Kartvelian";"c0";0,99750849279554;56,1263318112633;68,563246504423;56,1546619130701;31,8465830178897
"Kartvelian";"c0";0,997326761876919;56,5258751902588;68,6647992530345;56,5535264979188;31,4683850931655
"Kartvelian";"c0";0,999380870456747;55,6506849315068;55,2631578947368;55,6498021819926;35,5704085466988
"Kartvelian";"c0";0,999223304796306;54,927701674277;66,0650022492128;54,9530713794591;36,0819385701997
"Kartvelian";"c0";0,999896895325704;55,5555555555556;54,9595141700405;55,5541978303038;37,4122471755633
"Kartvelian";"c0";0,998311302805638;56,2404870624049;56,3857975622682;56,2408180658214;32,8855214529174
"Kartvelian";"c0";0,999389759804585;55,1560121765601;66,1137351926826;55,1809728212438;35,0820767854205
"Kartvelian";"c0";0,996395978942145;56,3546423135464;68,7696984910607;56,3829226237458;32,1299126636978
"Kartvelian";"c0";0,998476802325109;55,6697108066971;34,6846846846847;55,6219089248702;34,1578595530802
"Kartvelian";"c0";0,999626863171798;55,3272450532725;55,2706552706553;55,3271161471617;35,7535982089015
"Kartvelian";"c0";0,99981043320491;55,8028919330289;54,2273042273042;55,7993028949749;37,0443986867263
"Kartvelian";"c0";0,996942139637817;56,5068493150685;58,9808558558559;56,5124848652753;32,2086657286555
"Kartvelian";"c0";0,999633294498251;55,5745814307458;65,0341637183742;55,59612945418;37,1839495192368
"Kartvelian";"c0";0,99814345419326;56,1643835616438;68,4560625510561;56,1923828304124;32,1369296647689
"Kartvelian";"c0";0,997877879441698;56,3356164383562;69,0048141267653;56,3644756586031;31,0062547793618
"Kartvelian";"c0";0,997619871674079;56,1834094368341;67,6984126984127;56,2096395126008;33,6123638366005
"Kartvelian";"c0";0,99870175942236;56,0692541856925;66,480903980904;56,0929709278229;34,9498152468496
"Kartvelian";"c0";0,998237643930261;56,1073059360731;67,6189663994542;56,1335283972653;32,7756596678331
"Kartvelian";"c0";0,999231006464236;55,7077625570776;65,8644474433948;55,7308985135385;35,0947580563295
"Kartvelian";"c0";0,999786728892371;55,2130898021309;55,3105737316264;55,2133118611958;36,7382699483244
"Kartvelian";"c0";0,992020588185673;57,8576864535769;63,5057471264368;57,8705521954285;28,3756485310972
"Kartvelian";"c0";0,999515844914134;55,6126331811263;55,4279279279279;55,6122124402307;35,8775300220542
"Kartvelian";"c0";0,998564549251985;54,3188736681887;66,5396165396165;54,3467113512672;36,7910936723508
"Kartvelian";"c0";0,997404925159627;55,517503805175;67,51554001554;55,5448341837863;33,5893690635073
"Kartvelian";"c0";0,997900270290777;55,9360730593607;68,2392686804452;55,9640985619144;32,7925199615772
"Kartvelian";"c0";0,997805278044782;56,2595129375951;68,1834349593496;56,2866744911754;33,4964713510273
"Kartvelian";"c0";0,998942622004479;55,7838660578387;54,6467520151731;55,7812758208394;35,3541321151812
"Kartvelian";"c0";0,998539100298762;55,6316590563166;55,787037037037;55,6320129924914;35,1004595699903
"Kartvelian";"c0";0,999782132232347;55,2511415525114;53,3033033033033;55,2467045633333;37,8363411357484
"Kartvelian";"c0";0,998199257787619;55,3272450532725;66,7964016648227;55,3533706947566;35,4363411419387
"Kartvelian";"c0";0,999657685241261;55,6887366818874;65,0235255498413;55,7100004378508;36,1862365943692
"Kartvelian";"c0";0,999903552262784;55,7267884322679;54,5321637426901;55,7240671915171;37,6542141172967
"Kartvelian";"c0";0,999254276683953;55,0228310502283;54,4005544005544;55,0214135635548;35,9181678785498
"Kartvelian";"c0";0,998188882456531;55,2321156773212;57,3809523809524;55,2370105217486;36,1147798977924
"Kartvelian";"c0";0,997727781759435;56,031202435312;69,0487605121751;56,0608551871955;31,6587274352105
"Kartvelian";"c0";0,999559334739549;55,4604261796043;53,7749287749288;55,4565867777713;37,5792208872553
"Kartvelian";"c0";0,996761915736506;56,2024353120244;69,5470969861214;56,2328331746077;30,9795867864817
"Kartvelian";"c0";0,995058755152485;57,1727549467275;71,2859580942981;57,2049034732596;29,6572348168077
"Kartvelian";"c0";0,998647582850474;55,4223744292237;56,8686868686869;55,4256689905893;34,0268321055922
"Kartvelian";"c0";0,997901814059234;56,3165905631659;68,1631097560976;56,3435758005074;32,6519062881071
"Kartvelian";"c0";0,997563432038398;56,1643835616438;69,0382819794584;56,1937090705682;31,9120267742741
"Kartvelian";"c0";0,998552274425136;56,0692541856925;67,3223589821038;56,0948876818119;33,8069960665038
"Kartvelian";"c0";0,999746326458507;55,7077625570776;54,3859649122807;55,7047516285018;37,0660237004206
"Kartvelian";"c0";0,998400842694971;55,5745814307458;67,5923175923176;55,6019566839612;32,6508197320393
"Kartvelian";"c0";0,998101498929139;55,7648401826484;55,026455026455;55,7631582119054;35,0520314970421
"Kartvelian";"c0";0,999758522497156;55,7458143074581;54,3741109530583;55,7426896984504;37,0197206387755
"Kartvelian";"c0";0,999657624020691;55,6126331811263;55,2350427350427;55,611773066215;36,7255632537321
"Kartvelian";"c0";0,999879983338383;55,0989345509893;53,6774628879892;55,095696574536;37,6080665433398
"Kartvelian";"c0";0,999389944872493;55,8599695585997;65,6335282651072;55,8822327902774;35,8321617123648
"Kartvelian";"c0";0,999483461072452;55,5555555555556;55,0213675213675;55,5543387263205;35,7803221287455
"Kartvelian";"c0";0,999642301332806;55,4033485540335;54,7720797720798;55,4019105841429;37,5161472953447
"Kartvelian";"c0";0,998581554252365;56,2024353120244;67,457091237579;56,2280723414675;32,7014768955241
"Kartvelian";"c0";0,998314658206225;55,517503805175;68,3008744038156;55,5466231003883;31,719313506529
"Kartvelian";"c0";0,999915400037447;55,5365296803653;53,6887089518669;55,5323205215305;36,5980116027995
"Kartvelian";"c0";0,999676342114616;55,6126331811263;65,0697255960414;55,6341755328687;35,363579215401
"Kartvelian";"c0";0,997183251489633;56,4497716894977;70,3622139509236;56,4814629019383;29,9132115722848
"Kartvelian";"c0";0,999085627063528;55,4794520547945;56,913021618904;55,4827175891091;34,9059896088505
"Kartvelian";"c0";0,999374692714999;55,6887366818874;53,8999525841631;55,6846620028493;36,182668301467
"Kartvelian";"c0";0,998832448817769;56,0502283105023;55,7017543859649;56,0494345202414;34,8515367787438
"Kartvelian";"c0";0,99902611500559;55,7267884322679;56,2155388471178;55,7279017589532;35,16500370206
"Kartvelian";"c0";0,99785816021581;56,1453576864536;67,771164021164;56,1718401610201;32,8428870375998
"Kartvelian";"c0";0,999519226017261;55,7458143074581;55,8445945945946;55,7460393195017;35,5851792672392
"Kartvelian";"c0";0,996610551093666;56,4307458143075;70,5733865898907;56,4629613969398;30,8313066852962
"Kartvelian";"c0";0,997701213821753;56,1834094368341;56,7738791423002;56,1847544703317;33,743169618278
"Kartvelian";"c0";0,997995973835621;55,8599695585997;68,0808080808081;55,8878074595614;33,601261400223
"Kartvelian";"c0";0,999305933914357;55,6697108066971;65,6578947368421;55,6924629341006;37,0941552315119
"Kartvelian";"c0";0,996880274110238;56,4497716894977;68,5977564102564;56,4774436364698;31,5790107533139
"Kartvelian";"c0";0,995781055490472;56,7732115677321;59,7916666666667;56,7800873196659;31,5145719652065
"Kartvelian";"c0";0,999677951433048;55,517503805175;65,1046795783638;55,5393424743623;35,8586983971292
"Kartvelian";"c0";0,996505081519748;55,6887366818874;69,2244846656611;55,7195698208026;32,3285803472263
"Kartvelian";"c0";0,99767112807038;56,1263318112633;55,8433433433433;56,1256871906075;33,8344467252427
"Kartvelian";"c0";0,998411417742127;55,1940639269406;56,5740740740741;55,1972074580275;34,7329205576156
"Kartvelian";"c0";0,998437711888099;55,7267884322679;68,2148407148407;55,7552350206109;32,9576211474147
"Kartvelian";"c0";0,998564576313341;55,8409436834094;55,920060331825;55,8411239035653;35,2927309414338
"Kartvelian";"c0";0,999466147352718;55,0799086757991;65,6993177387914;55,1040986736647;35,2867875201067
"Kartvelian";"c0";0,998277555172702;56,2595129375951;67,4457974457974;56,2849942234908;32,8560303261821
"Kartvelian";"c0";0,997272393586603;56,5068493150685;68,7118736383442;56,534651192798;31,3656057129701
"Kartvelian";"c0";0,999275008537509;55,4033485540335;66,1462148962149;55,4278197757697;35,8251274847118
"Kartvelian";"c0";0,99854476672244;55,7267884322679;66,5328054298643;55,7514035051553;34,2277887456569
"Kartvelian";"c0";0,997042651256702;56,1453576864536;68,2428662521919;56,1729146535737;33,143411042828
"Kartvelian";"c0";0,998896791917846;55,6316590563166;67,1625188536953;55,6579252517548;33,1775639524147
"Kartvelian";"c0";0,999105109772966;55,8980213089802;66,7073934837093;55,9226440246402;33,8495344809814
"Kartvelian";"c0";0,995815303962618;56,62100456621;69,2796124297672;56,6498396638491;30,8100143465702
"Kartvelian";"c0";0,99962580153088;55,6316590563166;65,080971659919;55,6531836863931;36,9560142759113
"Kartvelian";"c0";0,998884782624068;55,5745814307458;66,6259398496241;55,5997553679187;35,3968246282504
"Kartvelian";"c0";0,998796257721022;55,0989345509893;67,5860202874475;55,1273789376328;33,8987223668895
"Kartvelian";"c0";0,999219185982178;55,365296803653;66,3526026026026;55,3903248350857;34,8944401187339
"Kartvelian";"c0";0,999894519313092;55,0418569254186;52,3841655420603;55,0358029587139;37,2536534727803
"Kartvelian";"c0";0,998429175260389;56,1263318112633;56,980056980057;56,1282765155203;33,5428385892605
"Kartvelian";"c0";0,99794104085377;56,0121765601218;67,5100012904891;56,0383675048379;34,1223203928447
"Kartvelian";"c0";0,999890290443327;55,2511415525114;54,0710751237067;55,2484534740859;38,0348118465588
"Kartvelian";"c0";0,998418052840444;55,9931506849315;67,4967737772616;56,0193548377614;32,6644628659179
"Kartvelian";"c0";0,998271206449993;55,9360730593607;57,4059353471118;55,9394212650276;33,7645029328267
"Kartvelian";"c0";0,999147794334257;55,5555555555556;56,7293233082707;55,5582292861995;35,6301845394724
"Kartvelian";"c0";0,9979530264325;55,2701674277017;66,83262209578;55,2965055932326;35,7112890233156
"Kartvelian";"c0";0,998380959197597;56,1834094368341;67,1354677943064;56,2083571779673;33,4178218533307
"Kartvelian";"c0";0,999206532701166;55,8219178082192;55,8683683683684;55,8220236181512;35,7838133737302
"Kartvelian";"c0";0,998433058283279;55,9360730593607;67,515479876161;55,9624498402646;34,0525608921585
"Kartvelian";"c0";0,999238133981835;55,9170471841705;66,0699023199023;55,9401744168259;35,7868791044062
"Kartvelian";"c0";0,994044175364679;56,6780821917808;59,992784992785;56,6856327676373;29,3196877367089
"Kartvelian";"c0";0,999145269489233;55,6506849315068;55,7509157509158;55,6509132477242;35,0055771019239
"Kartvelian";"c0";0,997918560056183;56,1263318112633;67,7314814814815;56,1527672319244;33,556481010149
"Kartvelian";"c0";0,996769010222661;55,8980213089802;68,3580639462992;55,926404094031;33,1638276265337
"Kartvelian";"c0";0,997994320474729;56,1263318112633;67,7323665128543;56,1527692479412;33,8855132107958
"Kartvelian";"c0";0,997749219397229;55,8409436834094;68,65933365216;55,8701427493975;32,5130990320854
"Kartvelian";"c0";0,997461040066464;55,6126331811263;68,2285307285307;55,6413709887514;33,4692005198069
"Kartvelian";"c0";0,999136287602844;55,6697108066971;65,9126984126984;55,6930433524967;36,2801097852719
"Kartvelian";"c0";0,999184186332854;55,5365296803653;66,0592185592186;55,5604993589048;36,2916105021475
"Kartvelian";"c0";0,999307109915704;55,87899543379;66,1187423687424;55,9023205976509;34,7210442546038
"Kartvelian";"c0";0,998352524027691;55,6506849315068;56,5987933634992;55,6528446318075;33,4599807517461
"Kartvelian";"c0";0,996273198126043;56,3926940639269;69,7979797979798;56,4232300223189;31,051271087736
"Kartvelian";"c0";0,999039224737647;55,7838660578387;66,5413533834586;55,8083705847763;34,09280247601
"Kartvelian";"c0";0,998921331410887;55,8219178082192;55,6286549707602;55,8214775739653;33,7916397836917
"Kartvelian";"c0";0,999229434561637;55,9931506849315;66,2387387387387;56,0164891543024;34,2328892067352
"Kartvelian";"c0";0,997264002108037;56,2595129375951;68,2646932646933;56,2868595898209;32,8526149882447
"Kartvelian";"c0";0,99487751838591;57,3439878234399;72,0431893687708;57,3774711982584;29,5223232449745
"Kartvelian";"c0";0,99929037099852;55,5555555555556;53,950103950104;55,5518984903951;36,2500849482808
"Kartvelian";"c0";0,999174953780086;55,0989345509893;66,0424297924298;55,1238627861635;36,5434325734249
"Kartvelian";"c0";0,99786447837321;56,2404870624049;68,1631097560976;56,2676456562402;32,1910517572429
"Kartvelian";"c0";0,998947722390949;55,6316590563166;55,986249407302;55,6324667792118;35,0655640873691
"Kartvelian";"c0";0,998372259969744;56,2214611872146;67,4703187508066;56,247085008544;33,145712136853
"Kartvelian";"c0";0,998573325336603;56,1834094368341;67,1159606332906;56,2083127425208;33,0527616841861
"Kartvelian";"c0";0,999663851799812;55,8599695585997;65,0460176775966;55,8808944973673;36,2260321094806
"Kartvelian";"c0";0,999023608555138;55,7267884322679;55,2255639097744;55,7256466907588;36,0513392468733
"Kartvelian";"c0";0,999059884072031;55,955098934551;55,2631578947368;55,9535227590617;34,8618779262031
"Kartvelian";"c0";0,999502563302114;55,1369863013699;65,5433723196881;55,16069105312;34,4702258997032
"Kartvelian";"c0";0,999171520119618;55,517503805175;66,3651151151151;55,5422136259266;35,6574511107875
"Kartvelian";"c0";0,99970430498251;55,6126331811263;53,4495021337127;55,6077057755514;37,8871089862148
"Kartvelian";"c0";0,999780028196188;55,5745814307458;52,8528528528528;55,5683815934385;38,1948069020362
"Kartvelian";"c0";0,997543207946098;56,2024353120244;67,993487993488;56,2292942019593;32,730177055314
"Kartvelian";"c0";0,998143686173093;55,9931506849315;55,5889724310777;55,9922300055378;34,5021297339536
"Kartvelian";"c0";0,997658174374302;55,9931506849315;68,1573056573057;56,0208594661898;32,2043616861301
"Kartvelian";"c0";0,994943469991216;56,9444444444444;71,7247168935091;56,9781124910255;29,4511966887869
"Kartvelian";"c0";0,999769979077657;55,3082191780822;52,8528528528528;55,3026260885031;38,5531813986616
"Kartvelian";"c0";0,999882072626038;55,7458143074581;53,6549707602339;55,7410515658927;37,8918453807787
"Kartvelian";"c0";0,997299570391793;56,2785388127854;68,3183183183183;56,3059642786294;31,9961537589269
"Kartvelian";"c0";0,997564622092516;55,955098934551;57,2357723577236;55,9580161860844;33,6543370489181
"Kartvelian";"c0";0,999686676604707;55,6506849315068;54,3504030346136;55,6477230137463;37,7319426327969
"Kartvelian";"c0";0,998643066534755;55,8219178082192;67,1675602204939;55,8477620961743;33,0345916862818
"Kartvelian";"c0";0,993127609715571;56,8873668188737;73,5185185185185;56,9252509913102;27,4625115398411
"Kartvelian";"c0";0,999466806018059;55,8980213089802;54,7889995258416;55,8954950634605;35,3394895615231
"Kartvelian";"c0";0,999197177500229;55,4033485540335;55,1209103840683;55,4027051869037;33,720343217734
"Kartvelian";"c0";0,997246091020684;56,3165905631659;69,1170571245186;56,3457488013467;30,5455909022667
"Kartvelian";"c0";0,998213863198816;55,6697108066971;56,0897435897436;55,6706676011915;34,4086156160946
"Kartvelian";"c0";0,997304884863253;55,5365296803653;68,0952380952381;55,5651372166178;33,2425854512289
"Kartvelian";"c0";0,996901896025474;55,7077625570776;58,7962962962963;55,7147979414494;33,6532198429875
"Kartvelian";"c0";0,999718229652364;55,7077625570776;53,5087719298246;55,7027534668105;36,9892653650148
"Kartvelian";"c0";0,998423506792808;55,7648401826484;67,9714594348741;55,7926456934735;33,2508942405855
"Kartvelian";"c0";0,998512149757193;55,7458143074581;56,2971342383107;55,7470701615148;34,3066015345859
"Kartvelian";"c0";0,999413694543955;55,7077625570776;65,6335282651072;55,7303725017428;35,5104298208361
"Kartvelian";"c0";0,994269995161943;56,9254185692542;71,010101010101;56,957502128345;29,6655392688388
"Kartvelian";"c0";0,998622572825535;55,7267884322679;57,8968253968254;55,7317315688614;34,9040419041382
"Kartvelian";"c0";0,999830500299846;55,6506849315068;53,8461538461538;55,6465743823375;37,0146210712712
"Kartvelian";"c0";0,997535914815832;56,3356164383562;58,6134453781513;56,3408051147566;32,2764311560244
"Kartvelian";"c0";0,998707382353904;55,5365296803653;58,030303030303;55,5422102574722;31,774387152567
"Kartvelian";"c0";0,997769641509058;56,2785388127854;67,9349517584812;56,3050910062835;32,5393609849464
"Kartvelian";"c0";0,999124728446582;55,6316590563166;66,5664160401003;55,6565673865758;33,1280322526147
"Kartvelian";"c0";0,999851152330358;55,0989345509893;54,7239547239547;55,0980803828184;36,2115144933586
"Kartvelian";"c0";0,99941770396453;55,6126331811263;65,67738791423;55,6355597294933;35,9682576960861
"Kartvelian";"c0";0,999583675610613;55,7648401826484;54,7008547008547;55,7624165255145;36,6529097049569
"Kartvelian";"c0";0,999785642355946;55,2321156773212;52,021252021252;55,2248016371023;38,3052186067505
"Kartvelian";"c0";0,997608711540196;56,2024353120244;69,0048141267653;56,2315979061354;31,968357348455
"Kartvelian";"c0";0,99976385512869;54,4901065449011;54,9145299145299;54,4910733407317;35,6666359709962
"Kartvelian";"c0";0,998554717829005;55,8028919330289;67,1996526466813;55,8288526635839;34,3778143672074
"Kartvelian";"c0";0,999077180172815;55,2701674277017;58,0693815987934;55,276543769777;35,4188570894085
"Kartvelian";"c0";0,989088261661739;57,6674277016743;72,8257275132275;57,7019568584204;26,694460284704
"Kartvelian";"c0";0,998362623600739;56,0121765601218;67,5150975150975;56,03837911355;32,8207237355845
"Kartvelian";"c0";0,998378122919511;56,1073059360731;67,4638802889577;56,133175125943;33,7073518227209
"Kartvelian";"c0";0,997371835336591;56,1073059360731;56,9153069153069;56,1091464850007;32,9700254218409
"Kartvelian";"c0";0,997108447611092;56,1263318112633;68,5893210283454;56,154721308341;32,7723866786197
"Kartvelian";"c0";0,993562049008501;56,2975646879756;59,1402116402116;56,3040399657712;30,3550472984471
"Kartvelian";"c0";0,995095583604076;57,0015220700152;70,2175261385788;57,0316268628821;28,9392754367626
"Kartvelian";"c0";0,997098369652268;56,6019786910198;69,3366592756837;56,6309870750395;30,1410071360493
"Kartvelian";"c0";0,999642999282507;55,8409436834094;65,0341637183742;55,8618849591155;36,5393311899495
"Kartvelian";"c0";0,998203035573999;55,8599695585997;54,5751633986928;55,8570428930874;34,4163199560646
"Kartvelian";"c0";0,998216830609624;55,9931506849315;56,1027568922306;55,9934003573855;33,7897253314033
"Kartvelian";"c0";0,999162004411898;55,8409436834094;65,9340659340659;55,8639348502674;35,632000784665
"Kartvelian";"c0";0,998022583571119;56,1263318112633;68,3918776986813;56,1542715513258;33,2360877459883
"Kartvelian";"c0";0,998177076421019;56,2404870624049;67,4835462640341;56,2660976756204;33,3929230722354
"Kartvelian";"c0";0,999108126567511;55,6126331811263;66,22997997998;55,6368184813515;34,6637117009322
"Kartvelian";"c0";0,998699313828917;55,4033485540335;67,0082256924362;55,4297833538932;34,8162536483266
"Kartvelian";"c0";0,999110506577136;55,6887366818874;66,3063063063063;55,7129224896879;35,3513760832157
"Kartvelian";"c0";0,99948650139493;55,0989345509893;54,0765765765766;55,0966057173346;38,7360986039459
"Kartvelian";"c0";0,997349683255605;55,4984779299848;55,7182182182182;55,4989784773384;31,6228813764591
"Kartvelian";"c0";0,996543948564901;56,6971080669711;70,1963889768768;56,7278581373809;29,3890960751832
"Kartvelian";"c0";0,997810607338565;55,8409436834094;67,7592630224209;55,8680924746145;32,6103702021278
"Kartvelian";"c0";0,998409496579164;55,2130898021309;66,7000835421888;55,2392560748873;35,6881254046666
"Kartvelian";"c0";0,996881940169192;55,8980213089802;69,1137566137566;55,9281254896289;32,425605457099
"Kartvelian";"c0";0,999366553737493;55,7077625570776;65,6310916179337;55,7303669512937;36,395459226375
"Kartvelian";"c0";0,999272786455314;55,5745814307458;56,3313313313313;55,5763052346196;36,2883847477134
"Kartvelian";"c0";0,996997237807395;56,1834094368341;60,0028296547821;56,1921097106791;32,46310953219
"Kartvelian";"c0";0,998897624351135;55,1560121765601;67,5860202874475;55,1843265458332;32,8076824297992
"Kartvelian";"c0";0,998603582387439;55,4794520547945;67,3182110682111;55,5064196151896;34,221771770177
"Kartvelian";"c0";0,997868884562912;56,2024353120244;57,3054587688734;56,2049478939306;32,7033751455505
"Kartvelian";"c0";0,995869760399959;56,6019786910198;59,7794117647059;56,6092165795703;30,0691451817655
"Kartvelian";"c0";0,998752858692486;55,7838660578387;66,9633047681828;55,8093317496618;34,6398718171
"Kartvelian";"c0";0,998873597138431;55,8599695585997;56,1890838206628;55,8607192494017;34,7224005543843
"Kartvelian";"c0";0,999320801806183;55,8028919330289;66,285035035035;55,8267692521679;33,9048141058916
"Kartvelian";"c0";0,99964659988754;55,5936073059361;64,9998176313966;55,6150337531467;36,9229102167683
"Kartvelian";"c0";0,997467428947085;56,0882800608828;59,8817567567568;56,0969212378666;32,2578618425925
"Kartvelian";"c0";0,999393439161546;55,365296803653;65,5823586744639;55,3885702931081;36,4449124442454
"Kartvelian";"c0";0,999883927050667;55,6887366818874;52,8002699055331;55,6821570309162;37,8088524866457
"Kartvelian";"c0";0,998469306970269;56,2024353120244;57,020202020202;56,2042981063482;34,1292750377069
"Kartvelian";"c0";0,999706238731498;55,2130898021309;65,0922177237967;55,2355935103807;35,3756293849488
"Kartvelian";"c0";0,999720077798638;55,7648401826484;54,3741109530583;55,7616722345172;36,9118247117586
"Kartvelian";"c0";0,99936598481814;55,9741248097412;55,2783552783553;55,9725399133144;35,244430429635
"Kartvelian";"c0";0,998570654951872;56,031202435312;56,9907407407407;56,0333881717709;33,9370271296839
"Kartvelian";"c0";0,993696978231034;57,134703196347;59,391124871001;57,1398431090456;29,6051014804054
"Kartvelian";"c0";0,999389944872493;55,87899543379;65,6335282651072;55,9012153263442;36,2033580624231
"Kartvelian";"c0";0,996980298451821;54,3569254185693;55,7886557886558;54,3601867633758;34,8691753955875
"Kartvelian";"c0";0,998558533923214;56,1073059360731;67,7952129171641;56,1339298699708;32,1357208646265
"Kartvelian";"c0";0,999496244324508;55,7648401826484;54,6652421652422;55,7623354035655;36,1879083538726
"Kartvelian";"c0";0,99712027982386;56,0502283105023;56,2435500515996;56,050668678933;33,0571730342976
"Kartvelian";"c0";0,999682684670143;55,6316590563166;64,9885715675189;55,6529732078227;36,166443828137
"Kartvelian";"c0";0,999467130508681;55,5745814307458;54,527027027027;55,5721952020358;35,5547325228429
"Kartvelian";"c0";0,999552735183327;55,6506849315068;54,5940170940171;55,6482779432666;36,7027914535161
"Kartvelian";"c0";0,995727926474052;56,6590563165906;69,6617108381814;56,688675119601;30,7012728783607
"Kartvelian";"c0";0,998041396629162;55,517503805175;66,7713766397977;55,543139050812;35,361145170593
"Kartvelian";"c0";0,999054238760318;55,9360730593607;66,1924424424424;55,9594360875682;34,9714231273498
"Kartvelian";"c0";0,998654930389436;55,9360730593607;58,030303030303;55,9408435148754;34,1234523403997
"Kartvelian";"c0";0,99911795761979;55,7838660578387;65,8257020757021;55,806740399565;35,7969995707837
"Kartvelian";"c0";0,999841637281086;54,8706240487062;54,7239547239547;54,8702899500166;36,3945837386216
"Kartvelian";"c0";0,998040980094045;55,517503805175;68,9314194577352;55,5480594216957;32,4717141873455
"Kartvelian";"c0";0,999096277702594;55,9360730593607;66,1924424424424;55,9594360875682;35,3956643202984
"Kartvelian";"c0";0,997607519272051;56,1453576864536;68,355927698033;56,1731721967305;31,6197227370236
"Kartvelian";"c0";0,998626608982837;55,9931506849315;67,5967492260062;56,0195825722688;32,9147599376419
"Kartvelian";"c0";0,999266446109465;55,8219178082192;65,9000599790073;55,8448748518884;34,9054321341911
"Kartvelian";"c0";0,999696770994009;55,4604261796043;65,1046795783638;55,4823948661618;36,1770889537564
"Kartvelian";"c0";0,999284814790638;55,8409436834094;65,562865497076;55,8630892911854;36,4617688191103
"Kartvelian";"c0";0,999436585622913;55,6126331811263;65,6798245614035;55,6355652799425;36,6441939977898
"Kartvelian";"c0";0,999059684382575;55,7838660578387;55,2258852258852;55,7825950308866;34,3843412052345
"Kartvelian";"c0";0,996605402247541;56,544901065449;69,1655941655942;56,5736497968844;31,4506798819388
"Kartvelian";"c0";0,998922497857603;55,8028919330289;56,2134502923977;55,8038271456926;34,3010152571465
"Kartvelian";"c0";0,997212369368401;56,468797564688;68,7301587301587;56,4967277723542;31,5752726385314
"Kartvelian";"c0";0,999811802497389;55,365296803653;53,7999537999538;55,36173110205;37,3467733165562
"Kartvelian";"c0";0,999591766163406;55,0228310502283;54,2735042735043;55,0211241555205;38,1386335067135
"Kartvelian";"c0";0,995325335163844;57,134703196347;60,4323780794369;57,1422149842356;28,6324330808268
"Kartvelian";"c0";0,99517671875732;56,2024353120244;70,6128003003003;56,2352607447995;30,5934961805207
"Kartvelian";"c0";0,99940106346053;55,7838660578387;55,2513039355145;55,7826529322753;35,2776145340246
"Kartvelian";"c0";0,997570618989086;56,3926940639269;68,5376935376935;56,420359210792;31,8387450078651
"Kartvelian";"c0";0,998298976934511;55,8980213089802;66,7964016648227;55,9228467767612;34,9955996230889
"Kartvelian";"c0";0,996231070077989;56,2024353120244;70,0892857142857;56,2340682286582;30,123949014884
"Kartvelian";"c0";0,997831929768559;56,2214611872146;68,1216931216931;56,2485687770426;33,3993410148626
"Kartvelian";"c0";0,999045651550362;55,6887366818874;66,1886886886887;55,7126545680076;35,5204645633919
"Kartvelian";"c0";0,998914520468299;55,3082191780822;67,0405248454029;55,3349442479394;33,5882405850894
"Kartvelian";"c0";0,999651943770932;55,2701674277017;55,6980056980057;55,2711420023493;34,839303903069
"Kartvelian";"c0";0,997872353774829;56,1263318112633;57,6951951951952;56,1299055319557;32,7547164107755
"Kartvelian";"c0";0,999389933063845;55,5745814307458;65,8888139151297;55,5980762655622;33,9633427581925
"Kartvelian";"c0";0,998740733823388;55,9741248097412;66,9144013880856;55,9990457131088;33,500672346209
"Kartvelian";"c0";0,999539692090107;55,7838660578387;53,7393162393162;55,7792087689582;37,0364467877729
"Kartvelian";"c0";0,998006361727077;55,9931506849315;68,2567005095888;56,021085878154;33,2062426442803
"Kartvelian";"c0";0,996554240110201;56,6780821917808;69,5155574384528;56,707324732206;30,2075540433712
"Kartvelian";"c0";0,996431146709902;56,62100456621;69,6392496392496;56,6506588830051;29,6208307732615
"Kartvelian";"c0";0,999598040930624;55,441400304414;55,5555555555556;55,4416603391546;37,4335763872274
"Kartvelian";"c0";0,999400389645407;55,0228310502283;54,4932432432432;55,0216246998707;36,9576987120008
"Kartvelian";"c0";0,998892592466417;55,8980213089802;55,030525030525;55,896045235453;35,0571768631525
"Kartvelian";"c0";0,99879057832146;55,6506849315068;66,919358382773;55,6763538915325;34,3720967799564
"Kartvelian";"c0";0,998628585276648;54,7754946727549;68,4372571872572;54,8066148607151;32,6383538061264
"Kartvelian";"c0";0,998379734696962;56,1834094368341;67,4174174174174;56,2089994322341;32,7658638182963
"Kartvelian";"c0";0,997518501890202;55,9360730593607;55,8308308308308;55,9358333276329;34,4045663396707
"Kartvelian";"c0";0,999133983477251;55,8599695585997;55,3383458646617;55,8587813497297;35,0427827641943
"Kartvelian";"c0";0,997817267807167;56,3356164383562;68,8949473629352;56,3642253926263;32,0882625119159
"Kartvelian";"c0";0,997447912482686;54,41400304414;68,3922893481717;54,4458442430103;34,499525953484
"Kartvelian";"c0";0,998685478736771;55,9360730593607;67,4576505826978;55,9623181106667;33,5293374621752
"Kartvelian";"c0";0,998752824868216;55,5745814307458;54,7270955165692;55,572650938914;35,8180202079632
"Kartvelian";"c0";0,998602233841191;55,7458143074581;56,6666666666667;55,7479119210327;34,9080403369882
"Kartvelian";"c0";0,996563458763503;56,2975646879756;71,1771363893605;56,3314589287533;29,5418871992077
"Kartvelian";"c0";0,998578516600585;56,1263318112633;67,8729129948642;56,1530893993809;32,4205724722231
"Kartvelian";"c0";0,998227946680848;56,1643835616438;58,2270069112174;56,1690820202989;32,8366686498385
"Kartvelian";"c0";0,998545111925231;55,9360730593607;35,1351351351351;55,8886905128363;34,7519712452365
"Kartvelian";"c0";0,999642999282507;55,8219178082192;65,0466255729414;55,8429308099611;36,0004440431248
"Kartvelian";"c0";0,998778461655078;55,7077625570776;67,1911196911197;55,7339205459934;32,6187645080105
"Kartvelian";"c0";0,998670583436872;56,0121765601218;66,7151853993959;56,0365569902796;34,3946083531173
"Kartvelian";"c0";0,997945749834112;54,8896499238965;55,3759398496241;54,890757645823;35,062006167294
"Kartvelian";"c0";0,998127315329121;56,2975646879756;67,6900584795322;56,3235156988904;32,5527059806703
"Kartvelian";"c0";0,999832160776438;55,3462709284627;54,7239547239547;55,3448533516871;37,3172982891953
"Kartvelian";"c0";0,996432069974148;56,2404870624049;56,3729346970889;56,2407887654452;32,6622914977062
"Kartvelian";"c0";0,998243382617981;56,0882800608828;67,4122807017544;56,1140750509531;33,0385116604143
"Kartvelian";"c0";0,998085584421488;56,1263318112633;67,4835462640341;56,1522024592195;34,3136863305541
"Kartvelian";"c0";0,998775388090751;55,5936073059361;66,530954030954;55,618521535378;34,5574878829398
"Kartvelian";"c0";0,99917897393022;55,6697108066971;66,3400900900901;55,6940169098483;35,3984040528038
"Kartvelian";"c0";0,998963855872695;55,4604261796043;66,9344257149135;55,4865628528054;32,6455211369612
"Kartvelian";"c0";0,99712227727768;55,5936073059361;67,6979611190138;55,6211798658747;34,2658890946335
"Kartvelian";"c0";0,999764286252991;55,2891933028919;53,9355144618302;55,2861097520011;36,6369034905297
"Kartvelian";"c0";0,997954016367328;56,0121765601218;68,0297843648293;56,0395515209525;32,0091460213222
"Kartvelian";"c0";0,999317044351674;55,7458143074581;65,9956515219673;55,7691624560106;34,5126801539118
"Kartvelian";"c0";0,995701044338976;57,0966514459665;71,1737804878049;57,128717799137;28,1381198637564
"Kartvelian";"c0";0,999701086329587;55,4223744292237;32,0175438596491;55,3690604643728;37,4362097908421
"Kartvelian";"c0";0,999122130122258;55,7648401826484;65,9020146520147;55,787931696246;35,1282948640415
"Kartvelian";"c0";0,998548971974613;56,031202435312;67,1138996138996;56,0564477591812;33,6766280128507
"Kartvelian";"c0";0,998880703984159;55,8028919330289;55,0853485064011;55,8012574377519;36,1271687109233
"Kartvelian";"c0";0,999324880032585;55,6506849315068;55,2750118539592;55,6498291841776;36,5848849187346
"Kartvelian";"c0";0,997113436200035;55,441400304414;58,6309523809524;55,4486657988936;31,6657932884446
"Kartvelian";"c0";0,998080291750578;55,7267884322679;68,4173669467787;55,7556963559911;32,4322755311712
"Kartvelian";"c0";0,994454777178937;56,7732115677321;70,7943348860157;56,8051503452225;29,9398689596537
"Kartvelian";"c0";0,997020889898485;55,5745814307458;68,9684266309653;55,6050913286962;31,1659166852317
"Kartvelian";"c0";0,997934648205403;55,6887366818874;67,4431574431574;55,7155121278128;34,4285261041065
"Kartvelian";"c0";0,998176064777242;55,4794520547945;67,5929152148664;55,5070453649541;33,813602658019
"Kartvelian";"c0";0,999843302616367;55,6697108066971;54,2966042966043;55,6665830014349;36,4208113202102
"Kartvelian";"c0";0,999095960458245;55,2321156773212;65,9469185784975;55,2565229732236;36,8993254558515
"Kartvelian";"c0";0,999764286252991;55,7267884322679;53,9355144618302;55,722708081538;36,6584065785774
"Kartvelian";"c0";0,999097829251806;55,8219178082192;66,6259398496241;55,8465283367873;33,4929703767036
"Kartvelian";"c0";0,999479776956334;55,4984779299848;65,5165692007797;55,521298183449;34,5328584306529
"Kartvelian";"c0";0,998270876509546;56,0692541856925;67,4638802889577;56,0952100538093;33,6769360746215
"Kartvelian";"c0";0,999679245975363;55,6506849315068;65,0697255960414;55,6721406050024;36,2739202253577
"Kartvelian";"c0";0,999649732584723;55,2701674277017;53,9529914529914;55,2671670268481;36,4312120605401
"Kartvelian";"c0";0,99980661011002;55,7458143074581;54,2042042042042;55,7423026671318;36,7335971058865
"Kartvelian";"c0";0,999777974947844;55,7648401826484;54,3741109530583;55,7616722345172;36,8004040538489
"Kartvelian";"c0";0,999760691034048;55,6316590563166;55,2394499762921;55,6307656415557;37,505788957978
"Kartvelian";"c0";0,999064965750336;54,6042617960426;54,4263775971093;54,603856592856;35,4093787656131
"Kartvelian";"c0";0,996466694819242;55,955098934551;59,547152194211;55,9632812882177;30,5080129008161
"Kartvelian";"c0";0,998719013387435;55,7458143074581;67,0368275515334;55,7715341553945;34,5470222293728
"Kartvelian";"c0";0,999972100371013;55,1369863013699;32,4561403508772;55,0853215042161;40,1593305309007
"Kartvelian";"c0";0,997222514280771;56,2975646879756;68,5375816993464;56,3254462757009;32,0965439155333
"Kartvelian";"c0";0,998609654599977;56,0882800608828;66,7264314632736;56,1125127520044;34,0198142193514
"Kartvelian";"c0";0,999712937030596;55,8028919330289;32,4561403508772;55,7497102665548;36,9074176943077
"Kartvelian";"c0";0,998169942665278;56,031202435312;67,5135501355014;56,0573581248341;33,7448795103577
"Kartvelian";"c0";0,998072140791896;55,6697108066971;67,5621126840639;55,6968005604041;33,5256196059442
"Kartvelian";"c0";0,999530966968444;55,7838660578387;55,1282051282051;55,7823725249693;35,8167993139007
"Kartvelian";"c0";0,998862390045648;55,8980213089802;54,7303921568627;55,8953615614811;35,258491305903
"Kartvelian";"c0";0,999157669985734;54,7374429223744;58,0451127819549;54,7449774778632;35,5666774867526
"Kartvelian";"c0";0,998632938365148;56,1073059360731;66,8314656119534;56,1317345458131;34,769223486006
"Kartvelian";"c0";0,999526543564835;54,6423135464231;65,6627680311891;54,6674170873907;36,280640121609
"Kartvelian";"c0";0,997885550901635;56,0692541856925;56,2665606783254;56,0697036310061;34,6645413851467
"Kartvelian";"c0";0,999449253943618;55,8219178082192;54,7771455666193;55,8195379170082;35,6204791507225
"Kartvelian";"c0";0,999223304796306;55,1750380517504;66,07812265707;55,1998742353616;35,7321028201288
"Kartvelian";"c0";0,998952595618492;55,6506849315068;55,1503759398496;55,6495452754894;35,8626336658898
"Kartvelian";"c0";0,99963475089289;55,5745814307458;65,0341637183742;55,59612945418;36,975521983988
"Kartvelian";"c0";0,999390853149692;54,5091324200913;65,7480506822612;54,534733600643;37,903399688424
"Kartvelian";"c0";0,996699599299012;56,0882800608828;56,2805662805663;56,0887180704948;32,6464266108207
"Kartvelian";"c0";0,999964317338903;55,4033485540335;29,8245614035088;55,3450825240779;38,9708596950859
"Kartvelian";"c0";0,99918762820856;55,8028919330289;65,9020146520147;55,8258967683797;35,2151168371821
"Kartvelian";"c0";0,999811802497389;55,8409436834094;53,7999537999538;55,8362945037205;37,3681322189721
"Kartvelian";"c0";0,999250888937048;55,6126331811263;54,8621553884712;55,6109236645144;33,9369208471643
"Kartvelian";"c0";0,997682847494238;56,3165905631659;68,6144986449865;56,3446040212111;31,8923016432085
"Kartvelian";"c0";0,997792415483913;56,031202435312;68,0618767910167;56,0586071604959;32,8733623310174
"Kartvelian";"c0";0,999514721228852;55,517503805175;54,5608108108108;55,5153245500626;35,6729745146876
"Kartvelian";"c0";0,998479752217291;55,9931506849315;57,1085858585859;55,9956915395412;32,7467805831815
"Kartvelian";"c0";0,999753191009311;55,2321156773212;54,8719772403983;55,231295316417;36,4662325757858
"Kartvelian";"c0";0,999292090392816;55,6506849315068;56,2937937937938;55,6521498719676;36,0525550305956
"Kartvelian";"c0";0,999492134259248;55,6887366818874;65,7504873294347;55,7116563872349;35,201790200689
"Kartvelian";"c0";0,998886692029142;55,2511415525114;67,5734350222759;55,2792105581373;32,3655987161215
"Kartvelian";"c0";0,998049905010156;55,9741248097412;57,8571428571429;55,9784141447012;31,6330429518399
"Kartvelian";"c0";0,997289225178166;56,2024353120244;70,9857723577236;56,2361103394633;29,5794474117629
"Kartvelian";"c0";0,99936598481814;55,5936073059361;55,2783552783553;55,592889191978;35,2326109834986
"Kartvelian";"c0";0,997311085997827;56,3736681887367;69,8570246957344;56,4043819848802;31,1829741921034
"Kartvelian";"c0";0,999369214829696;55,1369863013699;66,1782661782662;55,1621372805883;37,238541175215
"Kartvelian";"c0";0,99875550026768;55,9360730593607;56,4102564102564;55,937153203668;34,9667496211993
"Kartvelian";"c0";0,998042578293757;56,1453576864536;67,855804154226;56,1720329631455;33,0566272051526
"Kartvelian";"c0";0,994123686606576;56,9063926940639;70,5999585111427;56,9375853269047;29,448634331261
"Kartvelian";"c0";0,998074369283717;56,031202435312;67,8852107644677;56,0582047321894;32,4869242258395
"Kartvelian";"c0";0,997875992851757;56,1643835616438;68,6048674212232;56,1927217936702;32,3837849766412
"Kartvelian";"c0";0,997907265273603;55,9170471841705;67,8299097416744;55,9441835453493;31,6079193137351
"Kartvelian";"c0";0,998225531226556;55,9170471841705;68,4904241386912;55,945688133953;33,1224439197582
"Kartvelian";"c0";0,998732871389151;55,9170471841705;67,0154600301659;55,9423283068265;34,4269571961408
"Kartvelian";"c0";0,999343719526198;55,955098934551;55,6826056826057;55,954478220993;35,6339381334575
"Kartvelian";"c0";0,999261982623196;55,7648401826484;54,8279048279048;55,7627059335488;36,1046680293789
"Kartvelian";"c0";0,999145269489233;55,7838660578387;55,7509157509158;55,7837910001919;34,8351017401049
"Kartvelian";"c0";0,998530439114908;55,2130898021309;67,418636260666;55,2408928692346;35,1972166269129
"Kartvelian";"c0";0,997237989431988;56,3926940639269;69,1965566714491;56,421860037976;31,2860550478568
"Kartvelian";"c0";0,998648126401827;55,4033485540335;66,9857335646809;55,429732118978;35,0026762942378
"Kartvelian";"c0";0,997693611178732;56,1263318112633;58,0662393162393;56,1307507349649;33,1339414121722
"Kartvelian";"c0";0,999276188061251;55,8409436834094;65,8400809716599;55,8637207615148;35,2507205030379
"Kartvelian";"c0";0,999636254992281;55,4794520547945;65,0466255729414;55,5012451607584;36,7314431770936
"Kartvelian";"c0";0,999722407262727;55,0038051750381;52,1218587008061;54,9972403766913;37,6202276343579
"Kartvelian";"c0";0,999090748868762;55,7648401826484;56,6520467836257;55,7668611544046;33,483498249923
"Kartvelian";"c0";0,999189634194868;55,7077625570776;54,9924924924925;55,7061332403018;35,1756744461429
"Kartvelian";"c0";0,998404477603388;56,1643835616438;56,5079365079365;56,1651661423871;34,2157580698966
"Kartvelian";"c0";0,998956990753351;56,0692541856925;56,6616390145802;56,0706035816581;34,0974731172958
"Kartvelian";"c0";0,998866602409806;55,517503805175;66,9086856891735;55,5434518276898;34,4367422172959
"Kartvelian";"c0";0,997503003677273;56,1263318112633;67,9578754578755;56,1532829357431;32,993977643483
"Kartvelian";"c0";0,999202831633612;55,6697108066971;65,9401709401709;55,6931059322859;35,1864040698204
"Kartvelian";"c0";0,998361111572211;55,955098934551;67,8955497822069;55,9822981392154;31,6096522069716
"Kartvelian";"c0";0,997798214213217;55,9741248097412;67,9738562091503;56,001459049831;32,8461321733658
"Kartvelian";"c0";0,998361514169156;55,9931506849315;56,1714429361488;55,9935568176222;33,540715270129
"Kartvelian";"c0";0,999227384329292;55,9931506849315;65,9615384615385;56,0158577185912;35,170555333232
"Kartvelian";"c0";0,999889018245475;55,6697108066971;53,2276203328835;55,6641479582374;37,2901084022205
"Kartvelian";"c0";0,998726101568548;55,9170471841705;66,9744875008033;55,9422349753245;34,1400881904484
"Kartvelian";"c0";0,999017651428771;55,9170471841705;54,5543345543346;55,9139430551731;34,6658314626335
"Kartvelian";"c0";0,998062282304085;56,031202435312;68,5225165648786;56,0596564538304;32,8454071348756
"Kartvelian";"c0";0,997323943058687;55,6887366818874;57,5725900116144;55,6930279195405;33,7970901117924
"Kartvelian";"c0";0,999259418198215;55,1179604261796;56,3188188188188;55,1206958667095;37,2105982786521
"Kartvelian";"c0";0,997998259271164;55,7458143074581;57,5890483785221;55,7500130183262;34,4976915403641
"Kartvelian";"c0";0,996123677557029;56,9254185692542;70,1785443151545;56,9556079217505;29,7756519180276
"Kartvelian";"c0";0,996582470806515;56,3736681887367;70,5691056910569;56,4060040372613;31,1439437542416
"Kartvelian";"c0";0,999297505062029;55,9741248097412;65,8869395711501;55,9967052533891;35,2471974799476
"Kartvelian";"c0";0,996377688267361;56,6019786910198;58,7535014005602;56,6068796539117;31,5784480353033
"Kartvelian";"c0";0,999085183700414;55,7267884322679;66,1961961961962;55,7506367415251;34,6231164023587
"Kartvelian";"c0";0,999678552661672;55,5365296803653;31,140350877193;55,4809575190825;38,1372225925274
"Kartvelian";"c0";0,999376114617954;55,7267884322679;65,6091617933723;55,7492995333182;36,7909048093881
"Kartvelian";"c0";0,996937403989472;56,0692541856925;72,3804036594734;56,1064094236738;29,1830610447932
"Kartvelian";"c0";0,999598827004739;55,6316590563166;54,7008547008547;55,6295387730467;37,5241742018458
"Kartvelian";"c0";0,998866602409806;55,8980213089802;66,8992995308785;55,9230811682556;33,5457885503446
"Kartvelian";"c0";0,997917276094443;56,1073059360731;67,8964568283454;56,1341604939142;33,3025110368717
"Kartvelian";"c0";0,999783255003202;55,4604261796043;52,8759528759529;55,4545389966802;37,6838622048358
"Kartvelian";"c0";0,998388481634592;56,2785388127854;67,9817404817405;56,3051975865188;31,5661120742728
"Kartvelian";"c0";0,999824474422079;55,5555555555556;54,2966042966043;55,552687785034;37,6213640765131
"Kartvelian";"c0";0,999395255244591;55,4794520547945;65,7017543859649;55,502737481517;35,3208555157872
"Kartvelian";"c0";0,999475482228136;55,2511415525114;55,7017543859649;55,252168005435;34,979708922506
"Kartvelian";"c0";0,99980661011002;55,8028919330289;54,2042042042042;55,7992502753323;37,5540397410438
"Kartvelian";"c0";0,994932979332097;56,544901065449;70,2958152958153;56,5762243324886;30,4978440056484
"Kartvelian";"c0";0,998007328252339;55,8219178082192;68,1935612082671;55,8500992282649;32,0409108609609
"Kartvelian";"c0";0,997340038045941;56,3165905631659;69,7822822822823;56,3472641206126;30,4554939217855
"Kartvelian";"c0";0,997200778007918;55,9170471841705;56,6898954703833;55,9188076586265;33,9538388270493
"Kartvelian";"c0";0,999631470484459;55,6316590563166;64,9761097129518;55,6529448209103;36,8836067844033
"Kartvelian";"c0";0,998833621298382;55,8980213089802;66,9744875008033;55,9232524392577;33,746513102882
"Kartvelian";"c0";0,997284564705995;55,9931506849315;68,7666135034556;56,0222474111696;31,5549679713851
"Kartvelian";"c0";0,998783320131603;56,031202435312;66,8572056376934;56,0558630348619;33,4791727948041
"Kartvelian";"c0";0,997083222049777;56,544901065449;68,9492901992902;56,5731570771434;31,1659051661597
"Kartvelian";"c0";0,999377949783715;55,0989345509893;53,8762446657184;55,0961493804079;36,7685070474046
"Kartvelian";"c0";0,998996726679882;55,87899543379;56,1274509803922;55,8795613917549;34,3827418803786
"Kartvelian";"c0";0,998904432436965;55,8980213089802;66,529029029029;55,9222377274769;34,4869846440239
"Kartvelian";"c0";0,999500505954852;55,8219178082192;55,1282051282051;55,820337597103;35,882866035569
"Kartvelian";"c0";0,999136289501106;55,9931506849315;66,2012012012012;56,0164036473831;35,1014525811618
"Kartvelian";"c0";0,997657037300539;55,7458143074581;58,5870726495726;55,7522864221327;34,1231937932993
"Kartvelian";"c0";0,999091451971237;55,4033485540335;66,5664160401003;55,428776953774;33,8012731784818
"Kartvelian";"c0";0,999557250139998;55,7077625570776;54,6296296296296;55,705306673416;36,8861319450551
"Kartvelian";"c0";0,995814694203893;56,0121765601218;58,7970323264441;56,0185201951248;31,4013118921917
"Kartvelian";"c0";0,999622189631207;55,7838660578387;65,0697255960414;55,8050183574701;36,9546824104887
"Kartvelian";"c0";0,998087969142286;56,1263318112633;67,6979611190138;56,1526908757457;31,2120665430486
"Kartvelian";"c0";0,997532851315479;56,1073059360731;69,107905982906;56,1369200591866;31,7966519820068
"Kartvelian";"c0";0,997592088286478;55,9360730593607;56,8253968253968;55,9380988538164;33,0660452307878
"Kartvelian";"c0";0,998758761135609;55,8599695585997;66,3784461152882;55,8839296418723;35,6138188576291
"Kartvelian";"c0";0,9968561274849;56,5068493150685;68,8557901793196;56,5349790209096;31,1970172087299
"Kartvelian";"c0";0,999750806713067;55,6316590563166;53,9118065433855;55,6277413968338;37,6694237672295
"Kartvelian";"c0";0,999026617608216;55,2130898021309;55,0853485064011;55,2127988196805;34,0663575759523
"Kartvelian";"c0";0,997370501701037;56,5829528158295;69,2815308087291;56,6118789615992;30,6118541102838
"Kartvelian";"c0";0,999688779093591;55,8028919330289;65,0229176544966;55,8238942695243;36,2969885386373
"Kartvelian";"c0";0,999177756303492;55,8219178082192;66,2474974974975;55,8456662813155;34,5148660983426
"Kartvelian";"c0";0,999531900493332;55,365296803653;65,8187134502924;55,3891086866749;35,0815439192425
"Kartvelian";"c0";0,999883927050667;55,6126331811263;53,6774628879892;55,6082250483401;37,5548830405683
"Kartvelian";"c0";0,999886283203349;55,8028919330289;53,6549707602339;55,7979991740932;38,1740769919165
"Kartvelian";"c0";0,998839675348688;55,2130898021309;67,6055274484633;55,2413185894802;34,7391177105631
"Kartvelian";"c0";0,998684542853291;54,6993911719939;67,0783056812469;54,7275891549307;35,90110166601
"Kartvelian";"c0";0,997574291592256;56,4307458143075;68,7424675229553;56,4587907384729;30,7722023642957
"Kartvelian";"c0";0,997776304455756;56,0882800608828;68,1372549019608;56,1157264728215;31,596146832244
"Kartvelian";"c0";0,998741162744057;55,6506849315068;67,0147848196629;55,6765712638261;35,3046758292484
"Kartvelian";"c0";0,997628390881567;56,2785388127854;68,2700993676603;56,305854440473;31,5564864452474
"Kartvelian";"c0";0,998440476567342;55,7838660578387;66,857647120805;55,8090910716495;33,2784691489003
"Kartvelian";"c0";0,997622103890702;55,8219178082192;68,0596255596256;55,8497941356711;31,6375300200105
"Kartvelian";"c0";0,99927984678429;55,8599695585997;65,8869395711501;55,8828100369882;35,0403234788898
"Kartvelian";"c0";0,999087191354003;55,8599695585997;56,6165413533835;55,8616929567655;35,4211411515437
"Kartvelian";"c0";0,999970684547331;55,4604261796043;32,0175438596491;55,4070255365064;38,7196778531592
"Kartvelian";"c0";0,999894832492134;55,5936073059361;53,6549707602339;55,5891912773582;36,9990256593315
"Kartvelian";"c0";0,997260626934862;55,3272450532725;67,8246291404186;55,3557128985735;34,0617516281738
"Kartvelian";"c0";0,998961137564731;55,87899543379;67,193313222725;55,9047683672499;33,3150675952815
"Kartvelian";"c0";0,997991345203768;55,955098934551;68,2967631497043;55,9832120648816;33,1951689100039
"Kartvelian";"c0";0,996935516452283;56,3165905631659;58,3028083028083;56,3211149771514;31,9646235058432
"Kartvelian";"c0";0,994503766809757;57,2488584474886;70,6809081809082;57,2794553717105;28,2880953030343
"Kartvelian";"c0";0,999880543813389;54,6803652968037;54,8394548394548;54,6807276875614;37,3550188208273
"Kartvelian";"c0";0,998022403866032;55,6506849315068;57,8865578865579;55,6557780361881;32,5691739124539
"Kartvelian";"c0";0,997155136670944;56,1643835616438;57,9166666666667;56,1683750949127;33,0651553846095
"Kartvelian";"c0";0,999120772994497;56,0121765601218;66,1799299299299;56,0353377295291;34,62100521224
"Kartvelian";"c0";0,999500164683347;55,6887366818874;65,7041910331384;55,7115509287011;35,4750410624916
"Kartvelian";"c0";0,998573386210711;55,6506849315068;66,9176319176319;55,6763499588101;33,6815834860442
"Kartvelian";"c0";0,998570952809396;55,4604261796043;67,3359073359073;55,4874773895275;34,6656110860338
"Kartvelian";"c0";0,99897722081502;55,7838660578387;56,8654019873532;55,7863296932134;34,1011956528859
"Kartvelian";"c0";0,99819694407206;56,0502283105023;67,4403148793393;56,0761738379939;33,1411741275107
"Kartvelian";"c0";0,997592803978426;56,1834094368341;67,8510378510379;56,2099871780965;32,0385263696581
"Kartvelian";"c0";0,999801183881833;55,7267884322679;53,7306537306537;55,7222414283918;37,1835508457353
"Kartvelian";"c0";0,999458156910458;55,6126331811263;54,1103603603604;55,609211147366;36,6732414243886
"Kartvelian";"c0";0,99876971540123;55,87899543379;66,4096789096789;55,9029833232567;34,5086462125004
"Kartvelian";"c0";0,999912735857635;55,4033485540335;53,6774628879892;55,3994171516051;39,3295276384296
"Kartvelian";"c0";0,993564435683127;57,1537290715373;60,3720128110372;57,1610600139963;29,5259851399396
"Kartvelian";"c0";0,999896895325704;55,5365296803653;54,5209176788124;55,5342162133914;37,9063138676521
"Kartvelian";"c0";0,996552413515766;55,8219178082192;70,0210437710438;55,854262058704;30,8209935375389
"Kartvelian";"c0";0,999314557062458;55,7838660578387;33,8095238095238;55,7338106085259;36,4505990902141
"Kartvelian";"c0";0,996017520516704;56,1263318112633;69,4888774223139;56,1567704117441;30,7655938002063
"Kartvelian";"c0";0,99865207861395;56,1073059360731;66,9312468577175;56,1319618379447;34,3168977499907
"Kartvelian";"c0";0,996960161054746;55,6506849315068;69,0144230769231;55,6811262484668;33,0729144744536
"Kartvelian";"c0";0,997837482795196;55,955098934551;67,6788124156545;55,98180443223;33,571621583113
"Kartvelian";"c0";0,999516274547067;54,851598173516;65,8479532163743;54,8766468182605;36,2465454415399
"Kartvelian";"c0";0,999172123106399;55,9741248097412;66,2387387387387;55,9975066182355;34,3246332532997
"Kartvelian";"c0";0,999308676285189;55,9170471841705;55,2783552783553;55,9155923051139;35,8892970343535
"Kartvelian";"c0";0,99758294494226;56,1453576864536;68,1259936406995;56,1726484289462;33,4023285788111
"Kartvelian";"c0";0,999507633872962;55,5365296803653;36,1904761904762;55,4924612213906;35,9079658281518
"Kartvelian";"c0";0,999612576403207;55,0038051750381;55,6623931623932;55,0053053754648;35,0162176918496
"Kartvelian";"c0";0,99925276049402;55,7077625570776;55,2783552783553;55,7067844083789;36,221314369224
"Kartvelian";"c0";0,999036067080152;55,6506849315068;57,0343137254902;55,653836705525;33,7326061499143
"Kartvelian";"c0";0,99818609053242;56,1643835616438;67,8174603174603;56,1909281556206;32,7785212516492
"Kartvelian";"c0";0,999764286252991;55,8028919330289;54,3504030346136;55,7995833022808;37,1723733813626
"Kartvelian";"c0";0,9987375205611;55,9741248097412;66,8754119973632;55,9989568990069;34,0253339143309
"Kartvelian";"c0";0,999112894953673;55,8219178082192;66,6917293233083;55,8466781989141;34,6398396758989
"Kartvelian";"c0";0,998183842739048;55,517503805175;67,7592055640836;55,545389230594;34,9340429576198
"Kartvelian";"c0";0,999086834023198;55,7458143074581;54,6704599336178;55,7433647530758;34,3073291974969
"Kartvelian";"c0";0,99351263990844;57,3059360730594;71,7233082257293;57,3387774674846;27,7093573979144
"Kartvelian";"c0";0,999494918970733;55,7267884322679;53,7749287749288;55,7223422827067;36,3383572289793
"Kartvelian";"c0";0,994719540104844;56,9444444444444;71,4509146767211;56,9774887957708;30,631128869372
"Kartvelian";"c0";0,999444520902806;55,8980213089802;54,800853485064;55,8955220656456;35,5060855058437
"Kartvelian";"c0";0,997492381844324;56,2975646879756;68,8882754672228;56,3262451225525;31,3077802053326
"Kartvelian";"c0";0,998164227420068;56,2214611872146;67,4703187508066;56,247085008544;33,3671175221457
"Kartvelian";"c0";0,998699725405894;56,0882800608828;66,9419306184012;56,1130036384626;33,9631077059782
"Kartvelian";"c0";0,997672139398159;56,0121765601218;67,7314814814815;56,0388720155235;34,0312308636062
"Kartvelian";"c0";0,99916548456164;55,955098934551;65,9020146520147;55,9777570569142;35,3785357216323
"Kartvelian";"c0";0,995914765004336;56,2595129375951;58,5087719298246;56,2646365343884;31,0368928033658
"Kartvelian";"c0";0,999564212088012;54,337899543379;65,0803637645743;54,362369849122;38,9399767790851
"Kartvelian";"c0";0,99967777021408;55,6506849315068;65,0703334913861;55,6721419897298;36,2770233091925
"Kartvelian";"c0";0,997608635852613;55,9360730593607;68,6443381180223;55,9650212713395;32,4192402250675
"Kartvelian";"c0";0,996400220712714;56,5258751902588;68,9102564102564;56,5540856258396;31,3978446602002
"Kartvelian";"c0";0,997837053866449;56,1643835616438;67,933227344992;56,1911918618337;32,1477468818834
"Kartvelian";"c0";0,99965882385435;55,6316590563166;65,0235255498413;55,6530528296504;36,1376903445617
"Kartvelian";"c0";0,998474617247193;55,7838660578387;66,9272844272844;55,8092496987713;33,5003486399958
"Kartvelian";"c0";0,997629930644674;56,2024353120244;68,4669059011164;56,2303726026601;32,5566499003646
"Kartvelian";"c0";0,998457768901981;55,3272450532725;58,3994708994709;55,3342432898242;34,367878533387
"Kartvelian";"c0";0,999522081739742;54,7564687975647;65,7772904483431;54,7815731749013;35,9025543344616
"Kartvelian";"c0";0,998094395654889;55,1369863013699;69,5860042735043;55,1698997819442;32,9357608278252
"Kartvelian";"c0";0,999712937030596;55,7648401826484;54,3622569938359;55,7616452323322;37,2999711169615
"Kartvelian";"c0";0,998792556028715;55,8980213089802;67,130467571644;55,9236077469362;33,9904593821926
"Kartvelian";"c0";0,995651361738139;56,5829528158295;69,7508996851102;56,6129481389942;30,888246666241
"Kartvelian";"c0";0,998474882131608;55,0989345509893;66,7977636398689;55,1255833644037;35,5255391300092
"Kartvelian";"c0";0,993759047237647;57,3059360730594;72,1243186760428;57,3396909309249;27,6089320690983
"Kartvelian";"c0";0,998022696593397;56,3356164383562;68,2672764227642;56,3627956182751;32,9083464262979
"Kartvelian";"c0";0,997905368850561;56,031202435312;67,9040404040404;56,0582476243068;33,6128354163131
"Kartvelian";"c0";0,998756689046847;54,337899543379;66,7301917301917;54,3661279993854;36,14553795948
"Kartvelian";"c0";0,998205261014878;56,0692541856925;57,3005698005698;56,0720590048608;34,1710777969237
"Kartvelian";"c0";0,999193457816296;55,5936073059361;55,8558558558559;55,5942046830429;36,5472478373534
"Kartvelian";"c0";0,999791873347696;55,0418569254186;54,3978188715031;55,0403898683481;37,6414101206361
"Kartvelian";"c0";0,996172104592744;56,4117199391172;70,1626016260163;56,4430431320259;30,8423801861565
"Kartvelian";"c0";0,997272396993238;55,7648401826484;68,4042639924993;55,7936315808485;32,8248795773811
"Kartvelian";"c0";0,997098790084326;56,3926940639269;57,7289377289377;56,3957378991548;30,6491821024855
"Kartvelian";"c0";0,995314929973606;56,982496194825;70,927750410509;57,0142621497582;29,8917309700096
"Kartvelian";"c0";0,998116410536058;55,8028919330289;67,430636211124;55,8293788220451;34,7210582558895
"Kartvelian";"c0";0,99521554537168;56,3546423135464;70,4842543077837;56,3868282178613;31,3249070388876
"Kartvelian";"c0";0,998473820582418;56,2214611872146;67,5670794633643;56,2473054201899;32,4918252330817
"Kartvelian";"c0";0,998460296872773;56,1263318112633;57,4368686868687;56,1293170888843;33,1435178618362
"Kartvelian";"c0";0,998621053798446;55,4794520547945;66,9708384342531;55,5056283335632;34,1233576570927
"Kartvelian";"c0";0,999124528233829;55,6126331811263;66,2725225225225;55,6369153891933;34,5484973198218
"Kartvelian";"c0";0,997074989125416;56,544901065449;69,1077441077441;56,5735180199873;31,1470781880267
"Kartvelian";"c0";0,999657685241261;55,6887366818874;65,011671590619;55,7099734356658;36,581575121548
"Kartvelian";"c0";0,999590831852742;55,6316590563166;55,1282051282051;55,6305122364348;37,3203148769499
"Kartvelian";"c0";0,999261982623196;55,3272450532725;54,8279048279048;55,3261076040119;36,2086812175329
"Kartvelian";"c0";0,996913229211015;56,544901065449;69,393118173606;56,574168074807;30,7770288164953
"Kartvelian";"c0";0,999967995466335;55,7648401826484;31,140350877193;55,7087479518843;38,4869676536459
"Kartvelian";"c0";0,998984734619811;55,8028919330289;55,1770451770452;55,8014663139948;35,3287600639678
"Kartvelian";"c0";0,999021966588681;55,7458143074581;66,1886886886887;55,7696021762081;35,6975666750962
"Kartvelian";"c0";0,998744324684028;55,9741248097412;66,9526320745833;55,999132798955;33,7397555013141
"Kartvelian";"c0";0,999545194410842;55,6887366818874;65,7992202729045;55,7117673962177;35,1389911441498
"Kartvelian";"c0";0,999482701585599;55,8028919330289;54,1310541310541;55,7990836464641;36,0336237090126
"Kartvelian";"c0";0,999709451017962;55,2321156773212;54,4159544159544;55,2302565400515;35,5969465031169
"Kartvelian";"c0";0,998100452898184;55,9360730593607;67,8968253968254;55,9633185088766;33,2569099609758
"Kartvelian";"c0";0,997386069045684;56,3736681887367;57,0963995354239;56,3753145015993;32,9339406950363
"Kartvelian";"c0";0,998440660787585;55,9741248097412;67,0838682071031;55,9994317423093;33,2359970860112
"Kartvelian";"c0";0,998963442341452;55,3843226788432;55,0793650793651;55,3836280146075;34,4434174975348
"Kartvelian";"c0";0,995680462463484;56,4117199391172;69,6675084175084;56,4419153570634;31,5255401467738
"Kartvelian";"c0";0,995780838879241;56,4307458143075;71,8473053276582;56,4658632619461;30,3139009465771
"Kartvelian";"c0";0,998067164028588;55,5936073059361;68,3863275039746;55,6227478986423;32,920552919358
"Kartvelian";"c0";0,999803562151787;55,6316590563166;53,3726033726034;55,6265131435974;38,2787095159751
"Kartvelian";"c0";0,997758490222151;55,4794520547945;55,479797979798;55,4794528427786;33,5709468172768
"Kartvelian";"c0";0,997280323107389;56,4117199391172;69,342709152898;56,4411754954128;32,0624442298881
"Kartvelian";"c0";0,998715249433999;55,5745814307458;53,9230019493177;55,570819290697;35,8213780473544
"Kartvelian";"c0";0,999543524172128;55,8219178082192;55,0112612612613;55,8200712101623;36,0401809783398
"Kartvelian";"c0";0,997871767374598;55,7648401826484;69,3099937343358;55,7956947465475;30,6063771878536
"Kartvelian";"c0";0,998254951852077;55,2511415525114;66,8938675517623;55,277662568455;34,5255390403859
"Kartvelian";"c0";0,997128467332271;55,955098934551;57,172342621259;55,9578716992132;32,972575380116
"Kartvelian";"c0";0,999405230991559;55,7077625570776;54,800853485064;55,7056967049774;35,6977145668278
"Kartvelian";"c0";0,999471234431948;55,0418569254186;65,7699805068226;55,0662945645562;35,3131391195923
"Kartvelian";"c0";0,997500097732414;56,3356164383562;68,479323014384;56,3632786401239;32,1105157186789
"Kartvelian";"c0";0,999475482228136;55,8219178082192;55,7017543859649;55,8216440874396;35,3100940492817
"Kartvelian";"c0";0,999174388032742;55,2130898021309;65,9508547008547;55,2375494032669;36,3749071034434
"Kartvelian";"c0";0,997284621300234;56,0882800608828;69,1907051282051;56,1181261316512;32,2271158842182
"Kartvelian";"c0";0,998775312760434;55,5365296803653;55,1209103840683;55,5355829393715;35,6351687347279
"Kartvelian";"c0";0,996359070583899;56,544901065449;58,4005376344086;56,5491280280207;31,6030809537145
"Kartvelian";"c0";0,998536097867958;55,6887366818874;55,3670186023127;55,6880038388815;35,5093109638968
"Kartvelian";"c0";0,999064120558557;55,517503805175;66,7355889724311;55,5430575299296;34,6387483187833
"Kartvelian";"c0";0,998116123430048;55,8980213089802;66,8207681365576;55,9229022812526;34,6326081654368
"Kartvelian";"c0";0,997248721785191;56,5829528158295;72,3752453041772;56,6189261472381;29,3239275016596
"Kartvelian";"c0";0,998323672100849;56,2404870624049;67,717512839464;56,2666306290952;33,2032160357762
"Kartvelian";"c0";0,998185946156301;56,1263318112633;68,2392686804452;56,1539239225826;31,5902439546738
"Kartvelian";"c0";0,998693763470209;56,0502283105023;66,7360391750636;56,074569565319;34,6859341460612
"Kartvelian";"c0";0,99766958398879;56,2214611872146;68,5893685893686;56,2496340970145;32,5065129753518
"Kartvelian";"c0";0,997750568802955;55,9360730593607;67,7707655261835;55,9630313565517;33,6029546471692
"Kartvelian";"c0";0,998816526626769;55,7267884322679;66,502079002079;55,7513335132925;35,029777502602
"Kartvelian";"c0";0,997599954781425;56,2975646879756;58,1597222222222;56,3018065046824;33,3130461815455
"Kartvelian";"c0";0,999785642355946;55,4984779299848;53,3264033264033;55,4935301518445;38,0853931062236
"Kartvelian";"c0";0,998833621298382;55,6697108066971;66,9965784599931;55,6955123275474;35,2502879213761
"Kartvelian";"c0";0,998923958784211;55,9741248097412;55,187969924812;55,9723340241264;35,6264197876671
"Kartvelian";"c0";0,999331357773303;55,7267884322679;66,0485347985348;55,7503003829883;33,9258009439989
"Kartvelian";"c0";0,996516239519231;56,4878234398782;68,576252294781;56,5153597242858;31,7393079512064
"Kartvelian";"c0";0,997946404516966;55,9741248097412;67,3454773454773;56,0000276628978;34,3943039019031
"Kartvelian";"c0";0,998222969601651;55,7458143074581;68,2511923688394;55,7743003622677;31,6133535098445
"Kartvelian";"c0";0,999908491824647;55,6697108066971;54,1160593792173;55,6661717373862;36,5098825519314
"Kartvelian";"c0";0,996932672887348;56,62100456621;69,0849646983312;56,6493962749392;31,4915165167078
"Kartvelian";"c0";0,998799432081629;55,9741248097412;66,455878955879;55,998001242876;34,8360657928178
"Kartvelian";"c0";0,998750214602778;55,6126331811263;55,4765130984643;55,6123231126009;34,1177654410348
"Kartvelian";"c0";0,997789669200887;56,3926940639269;58,4552845528455;56,3973924477286;32,1324384174451
"Kartvelian";"c0";0,998220317050634;54,9467275494673;67,7622919086334;54,975920178987;34,9306651393046
"Kartvelian";"c0";0,998642028369452;55,6316590563166;56,3474107591755;55,6332894702183;35,7459740003104
"Kartvelian";"c0";0,995821737999337;56,6780821917808;70,2432862679956;56,7089824288565;29,9025528370081
"Kartvelian";"c0";0,998190351746865;55,6506849315068;66,7101311838154;55,6758772919905;35,2698851720058
"Kartvelian";"c0";0,999649989740364;55,6506849315068;54,8076923076923;55,6487646749606;36,2614051684397
"Kartvelian";"c0";0,997408518625971;55,7838660578387;67,8385152069363;55,8113253953081;33,2048851403869
"Kartvelian";"c0";0,999252928478854;55,6506849315068;54,8048048048048;55,6487580975052;36,5238083624904
"Kartvelian";"c0";0,998896886557947;55,1369863013699;67,5608497571044;55,1652866737064;33,6441258360101
"Kartvelian";"c0";0,999505197237828;55,8599695585997;54,5608108108108;55,8570101992653;35,6548043300038
"Kartvelian";"c0";0,99989194362402;55,7077625570776;53,2388663967611;55,7021386478286;37,9596208238565
"Kartvelian";"c0";0,999141059810754;55,6697108066971;65,9340659340659;55,6930920256661;35,6915659510411
"Kartvelian";"c0";0,998748661619624;56,0692541856925;56,1085972850679;56,0693438055089;34,9495774764169
"Kartvelian";"c0";0,998952330847666;55,9360730593607;67,0676219205631;55,9614296626892;32,4441514911288
"Kartvelian";"c0";0,998887901941251;55,5365296803653;66,6550992866782;55,5618567181929;33,4142132611285
"Kartvelian";"c0";0,997366949356317;56,4497716894977;68,8077212467456;56,4779219162796;31,3446441227557
"Kartvelian";"c0";0,998704911954292;55,955098934551;66,8729516097937;55,9799687584126;33,4779735516592
"Kartvelian";"c0";0,999281476684;55,6697108066971;54,8048048048048;55,6677406335721;35,585454285572
"Kartvelian";"c0";0,999261936559308;55,7267884322679;66,1675824175824;55,750571562075;35,6363963916234
"Kartvelian";"c0";0,999227676569513;55,8219178082192;65,9712850502324;55,8450370957864;35,1068436692847
"Kartvelian";"c0";0,996414436925792;56,5639269406393;69,7979797979798;56,5940728469202;30,8847837802293
"Kartvelian";"c0";0,998165029526855;55,9931506849315;67,3428373428373;56,0190041852912;33,8131380368267
"Kartvelian";"c0";0,996664271838559;56,3356164383562;57,2329472329472;56,3376604720568;32,9119882313388
"Kartvelian";"c0";0,99699202003186;55,4223744292237;69,534632034632;55,4545208019012;32,7204139812385
"Kartvelian";"c0";0,999505273102571;55,7648401826484;65,682261208577;55,7874311189261;35,6436512109439
"Kartvelian";"c0";0,99413569176087;56,5639269406393;70,4859750700158;56,5956400343281;30,4710729929485
"Kartvelian";"c0";0,998713805902603;56,1643835616438;67,2191598076972;56,1895652843;32,8951510871682
"Kartvelian";"c0";0,998066597360049;55,8599695585997;67,9480564155487;55,8875050639686;32,3420259159251
"Kartvelian";"c0";0,998615964306948;54,8706240487062;57,2146807440925;54,8759635855978;33,1554228023933
"Kartvelian";"c0";0,998738307035784;55,441400304414;68,2261170783409;55,4705226660858;32,0650916332299
"Kartvelian";"c0";0,998345868408462;55,6126331811263;33,7837837837838;55,5629091506085;35,0877395737004
"Kartvelian";"c0";0,997450137400658;56,1263318112633;58,6429308565532;56,1320643831205;32,1086241987095
"Kartvelian";"c0";0,998667907798509;55,8028919330289;55,3703703703704;55,8019066902894;34,2618237407181
"Kartvelian";"c0";0,998515858222986;55,6887366818874;66,7533936651584;55,7139409119176;35,1706895972986
"Kartvelian";"c0";0,999105054291792;55,4604261796043;55,7997557997558;55,4611991400146;35,3890108673166
"Kartvelian";"c0";0,998633031769735;55,3843226788432;67,4828211130408;55,411881900789;34,3033210778874
"Kartvelian";"c0";0,997328821750908;56,1453576864536;69,235257985258;56,1751752269976;31,2746984049673
"Kartvelian";"c0";0,997948069811145;56,2404870624049;67,744708994709;56,266692579335;33,0055643595701
"Kartvelian";"c0";0,998667069640162;55,87899543379;56,2330623306233;55,8798019643067;34,5763750301807
"Kartvelian";"c0";0,998955155909893;54,9467275494673;58,0065359477124;54,9536975002605;34,9649978396602
"Kartvelian";"c0";0,999883738004998;55,441400304414;54,0823211875843;55,4383044522117;37,6968415992216
"Kartvelian";"c0";0,996211374165517;56,3356164383562;69,9814051257175;56,3667002394663;32,2649496368039
"Kartvelian";"c0";0,999276007470183;55,3272450532725;66,0218923376818;55,3516064366082;34,9345205824678
"Kartvelian";"c0";0,997671910304082;56,2024353120244;68,1100217864924;56,2295596547908;32,764832643261
"Kartvelian";"c0";0,999155255689414;55,3843226788432;66,4114114114114;55,4094413319926;35,1510489196066
"Kartvelian";"c0";0,996379737327004;56,6400304414003;69,793771043771;56,6699934040481;30,1575160574824
"Kartvelian";"c0";0,998535596207251;55,7838660578387;57,3906485671192;55,7875261546707;32,9888559310358
"Kartvelian";"c0";0,999893181392901;55,6697108066971;54,1048133153396;55,6661461199286;38,0018057280987
"Kartvelian";"c0";0,999009486655685;55,6887366818874;56,140350877193;55,6897654158175;36,1085300827155
"Kartvelian";"c0";0,999359296513952;55,6887366818874;55,2552552552552;55,6877492526695;34,8126544754739
"Kartvelian";"c0";0,995705727390953;56,6400304414003;72,6851241485388;56,6765796297993;27,7386369479164
"Kartvelian";"c0";0,996332273002205;56,2404870624049;69,2261904761905;56,2700672524135;31,5523832765811
"Kartvelian";"c0";0,998884720207965;56,0121765601218;66,5726817042606;56,0362323804957;34,8059877685533
"Kartvelian";"c0";0,998956292048153;55,8028919330289;55,030525030525;55,8011325551189;34,7580892579635
"Kartvelian";"c0";0,997002416187543;56,468797564688;69,0988590558175;56,4975676364218;31,7042763283476
"Kartvelian";"c0";0,996799862897817;56,5068493150685;69,6014196014196;56,5366774933973;30,2587288624578
"Kartvelian";"c0";0,99614417644934;56,8873668188737;70,1719348756108;56,917627793946;30,435195624369
"Kartvelian";"c0";0,995274746530229;57,0395738203957;70,4414682539683;57,0701020537296;29,4050522902684
"Kartvelian";"c0";0,999680847944181;55,1369863013699;55,2706552706553;55,1372907864935;37,0001902557603
"Kartvelian";"c0";0,999690370674389;55,6506849315068;65,0815795552638;55,6721676071874;35,6745894797586
"Kartvelian";"c0";0,999295187157863;55,6316590563166;66,1401098901099;55,6555963019517;35,2127835637378
"Kartvelian";"c0";0,99888908113911;55,5555555555556;54,2200094831674;55,552513309377;34,9515469401704
"Kartvelian";"c0";0,999344717968957;55,7458143074581;56,3438438438438;55,7471765615274;35,310190297592
"Kartvelian";"c0";0,999177088054849;54,5471841704718;55,7807807807808;54,5499941855295;36,2077290412262
"Kartvelian";"c0";0,99858332792241;56,0121765601218;67,6922084623323;56,0387825553432;32,1500594185336
"Kartvelian";"c0";0,999020076691605;55,6126331811263;66,2512512512512;55,6368669352724;35,6204924084517
"Kartvelian";"c0";0,999675735879562;55,7267884322679;65,011671590619;55,7479385077994;36,1055796851854
"Kartvelian";"c0";0,998383376702939;56,2214611872146;67,4703187508066;56,247085008544;33,1895291826135
"Kartvelian";"c0";0,999235521974425;55,87899543379;65,9000599790073;55,9018224600889;35,2573179649074
"Kartvelian";"c0";0,99886730779034;55,9170471841705;55,9803921568627;55,9171914779579;34,5224462547484
"Kartvelian";"c0";0,997167518265629;54,7184170471842;69,0686274509804;54,751105453571;32,6128939059748
"Kartvelian";"c0";0,997195007457508;55,7458143074581;59,1176470588235;55,7534950198758;34,0732897249328
"Kartvelian";"c0";0,995906435237106;56,8302891933029;59,5833333333333;56,8365603644647;30,5972521570971
"Kartvelian";"c0";0,998080104452161;55,9360730593607;67,3481173481174;55,9620686044376;33,633152820059
"Kartvelian";"c0";0,998596635283114;55,7267884322679;67,1911196911197;55,7529030820603;34,2826678596608
"Kartvelian";"c0";0,997027911665238;56,2975646879756;68,7861811391223;56,3260125614407;32,0781469724401
"Kartvelian";"c0";0,999325685090859;55,87899543379;65,9712850502324;55,9019847039869;34,5846433514384
"Kartvelian";"c0";0,998840093434058;55,9741248097412;55,9394760614273;55,9740458832075;34,4824956427005
"Kartvelian";"c0";0,999850444057543;54,9467275494673;55,1975051975052;54,9472987969571;36,6669757947807
"Kartvelian";"c0";0,998735191087916;55,9170471841705;66,9256474519632;55,9421237223659;34,0930831832253
"Kartvelian";"c0";0,998798239769983;55,4984779299848;66,9375647424428;55,5245350753435;35,6082723589487
"Kartvelian";"c0";0,997760089981798;55,6126331811263;68,2285307285307;55,6413709887514;31,9540968425552
"Kartvelian";"c0";0,999191740038494;55,955098934551;65,9233821733822;55,9778057300836;35,4419072397381
"Kartvelian";"c0";0,999164599631394;55,8980213089802;65,9615384615385;55,9209450382571;35,6908635002868
"Kartvelian";"c0";0,999822244641631;54,3949771689498;53,4881034881035;54,3929113974672;38,8608546707304
"Kartvelian";"c0";0,99926964031814;55,0038051750381;53,022759601707;54,9992925427526;37,4408030253637
"Kartvelian";"c0";0,997959573113693;55,8028919330289;67,907702892223;55,8304655343027;33,186797364253
"Kartvelian";"c0";0,998946132721002;55,9931506849315;66,204954954955;56,0164121980751;35,3993418509098
"Kartvelian";"c0";0,999525702477433;55,7267884322679;54,9774774774775;55,7250815736009;35,3138690772514
"Kartvelian";"c0";0,99538740046647;56,9444444444444;70,4951895868704;56,9753117454523;29,4874635838274
"Kartvelian";"c0";0,999492521335652;55,3843226788432;54,7720797720798;55,3829280480761;36,3182190324459
"Kartvelian";"c0";0,999455758176951;55,5936073059361;54,1666666666667;55,5903568716781;36,6784219298071
"Kartvelian";"c0";0,999519319041512;55,5555555555556;65,7066276803119;55,5786787266826;34,4018728003817
"Kartvelian";"c0";0,997226896506842;56,2214611872146;68,2993251501143;56,2489734058089;32,8413941740468
"Kartvelian";"c0";0,997625154172509;56,0882800608828;69,2340067340067;56,1182247685665;30,4110582238404
"Kartvelian";"c0";0,995589509645065;56,7161339421613;69,6574167791273;56,7456129463458;31,0354466837367
"Kartvelian";"c0";0,99797579405569;55,8219178082192;67,9100529100529;55,8494534234853;33,9164210225708
"Kartvelian";"c0";0,999887224872895;55,2321156773212;53,2501124606388;55,2276008636157;37,9071682093227
"Kartvelian";"c0";0,998664030666347;55,7267884322679;66,9144013880856;55,7522727442401;33,9069849942287
"Kartvelian";"c0";0,996373016401491;56,4497716894977;69,7472545219638;56,4800620831935;31,6569106731756
"Kartvelian";"c0";0,996635220559086;56,468797564688;68,9594862335178;56,4972501584666;32,0636906096638
"Kartvelian";"c0";0,996020569835198;56,0692541856925;68,33431681091;56,0971928249299;32,8595087038618
"Kartvelian";"c0";0,998652766751666;55,7458143074581;66,4433664433664;55,7701823077677;35,4467969732383
"Kartvelian";"c0";0,998690684745961;55,6316590563166;66,6920927896538;55,6568536661875;35,0775622896012
"Kartvelian";"c0";0,999572672547796;55,6887366818874;55,4617117117117;55,6882195407252;35,2477360758372
"Kartvelian";"c0";0,997391134223237;56,2975646879756;69,1806579306579;56,3269111418314;30,9220765921092
"Kartvelian";"c0";0,998345868408462;55,6126331811263;33,7837837837838;55,5629091506085;35,0857568317022
"Kartvelian";"c0";0,999488314882488;55,3843226788432;55,1994301994302;55,3839015114642;36,3690435883124
"Kartvelian";"c0";0,99904319928668;55,6126331811263;66,22997997998;55,6368184813515;35,0728327093906
"Kartvelian";"c0";0,999219666103239;55,8409436834094;55,8808808808809;55,8410346565244;35,5758329417866
"Kartvelian";"c0";0,99905184442248;55,6506849315068;56,1647173489279;55,6518558481752;33,8266782090936
"Kartvelian";"c0";0,998825027746359;55,8599695585997;55,9394760614273;55,8601506668066;34,0012026029616
"Kartvelian";"c0";0,999008766961319;55,8980213089802;56,6616390145802;55,8997607570568;34,2166573381784
"Kartvelian";"c0";0,999767049229761;55,2321156773212;52,8297528297528;55,2266433245932;37,9709964971923
"Kartvelian";"c0";0,9969078526423;56,4878234398782;57,156862745098;56,4893474474072;33,1979769407523
"Kartvelian";"c0";0,998790228129704;55,7648401826484;55,2875243664717;55,7637529028849;35,5813572008752
"Kartvelian";"c0";0,99893825044409;55,8599695585997;55,5595068752963;55,859285133353;35,1245945257817
"Kartvelian";"c0";0,999390195984451;55,2321156773212;66,3034188034188;55,2573350466289;35,5322612912637
"Kartvelian";"c0";0,993650437626648;57,3820395738204;71,6681929181929;57,4145820643543;28,3879390927465
"Kartvelian";"c0";0,999584225055775;54,851598173516;65,104071683019;54,8749523272962;37,8268357608076
"Kartvelian";"c0";0,998175787263686;56,1453576864536;56,0185185185185;56,145068758964;34,2154787689415
"Kartvelian";"c0";0,99903391344697;55,87899543379;55,3007518796992;55,8776782502954;35,7986894394056
"Kartvelian";"c0";0,996517872246379;56,6019786910198;69,4460194460194;56,6312361870448;30,5716119652475
"Kartvelian";"c0";0,997540696653782;55,517503805175;68,2273449920509;55,546455607423;33,7263516217051
"Kartvelian";"c0";0,99973779870419;55,2321156773212;33,3333333333333;55,1822323462415;36,1445207893007
"Kartvelian";"c0";0,999530579009061;55,7838660578387;54,1666666666667;55,7801822323462;37,3614641277072
"Kartvelian";"c0";0,999693753339577;54,7945205479452;65,1502717292191;54,8181099583809;35,8941046900923
"Kartvelian";"c0";0,999712937030596;55,2701674277017;32,4561403508772;55,2181992566839;36,6265642049395
"Kartvelian";"c0";0,999068085842485;55,8409436834094;66,6697994987469;55,8656107809387;34,9984556990281
"Kartvelian";"c0";0,999533884744788;55,517503805175;55,0112612612613;55,5163506330932;35,6048863904995
"Kartvelian";"c0";0,998888312210904;55,7838660578387;56,8089430894309;55,7862010852455;33,8491763369905
"Kartvelian";"c0";0,996930399647239;56,3926940639269;59,7289972899729;56,4002938434851;30,1561970060744
"Kartvelian";"c0";0,998009359724342;56,031202435312;67,7059052059052;56,0577962912815;32,0535786832363
"Kartvelian";"c0";0,998308352275306;56,0692541856925;55,920060331825;56,0689143363671;33,6801727378026
"Kartvelian";"c0";0,999698969164797;55,3462709284627;52,9871977240398;55,3408971854002;38,1172426104205
"Kartvelian";"c0";0,998602874781087;55,7838660578387;66,6588190978435;55,8086381604355;34,9337290029437
"Kartvelian";"c0";0,999583009184925;55,1369863013699;55,5555555555556;55,1379397620855;38,2874261475918
"Kartvelian";"c0";0,999067325698454;55,8028919330289;66,6854636591479;55,8276813902638;34,0993148759609
"Kartvelian";"c0";0,995880510318613;56,544901065449;37,3563218390805;56,5011913177808;32,1566851449498
"Kartvelian";"c0";0,997291705442863;56,468797564688;57,5325325325325;56,4712206511751;31,9910114104333
"Kartvelian";"c0";0,999803212900424;55,4984779299848;54,1811041811042;55,4954770786206;36,9691361429493
"Kartvelian";"c0";0,996194771538224;56,6971080669711;70,3506097560976;56,7282094375613;29,4259341065756
"Kartvelian";"c0";0,999717545992757;55,6887366818874;53,8880986249407;55,6846350006643;37,8500378767017
"Kartvelian";"c0";0,999572690212653;55,4223744292237;54,6296296296296;55,4205686324137;37,6006882256484
"Kartvelian";"c0";0,99829059857195;55,8980213089802;68,1371406371406;55,925900851869;32,3659442186381
"Kartvelian";"c0";0,996945535350531;56,3546423135464;68,755367439578;56,3828899789816;31,8230640188903
"Kartvelian";"c0";0,997637987551819;55,4794520547945;67,972972972973;55,5079111001662;33,6708425341233
"Kartvelian";"c0";0,99719082280162;55,9931506849315;68,7970675775554;56,0223167826368;33,1409458505967
"Kartvelian";"c0";0,999065230860184;55,2130898021309;66,7888471177945;55,2394582698203;35,3719697644147
"Kartvelian";"c0";0,999062646287054;55,8028919330289;66,5288220551379;55,8273245756761;34,5785120897978
"Kartvelian";"c0";0,996763491788837;56,3926940639269;68,7019230769231;56,4207333099702;32,0076121650053
"Kartvelian";"c0";0,998956292048153;56,0121765601218;55,030525030525;56,0099404518539;35,0599715855663
"Kartvelian";"c0";0,999494604013969;54,851598173516;65,8893762183236;54,876741175896;36,6299442141781
"Kartvelian";"c0";0,998900698276047;55,87899543379;55,5637254901961;55,8782772790209;34,9220533423361
"Kartvelian";"c0";0,996931736693764;56,4878234398782;69,080448465775;56,5165082349258;32,03109465216
"Kartvelian";"c0";0,997215139707706;55,7267884322679;68,1308506308506;55,755043699235;33,6963332448844
"Kartvelian";"c0";0,99555606673354;55,8599695585997;57,6315789473684;55,8640051152939;31,9164026713772
"Kartvelian";"c0";0,998217480917513;55,9170471841705;57,1679197994987;55,9198965523147;33,3664582424004
"Kartvelian";"c0";0,999447010699381;55,441400304414;65,6578947368421;55,4646725012988;37,6544042441896
"Kartvelian";"c0";0,996792030617026;55,7267884322679;58,1167350661195;55,7322325020489;31,5258388333318
"Kartvelian";"c0";0,999739223317827;55,4033485540335;53,959222380275;55,4000589727721;37,6858530265419
"Kartvelian";"c0";0,99943677988197;55,5365296803653;53,3475783475783;55,5315434586505;37,528877078036
"Kartvelian";"c0";0,995869760399959;56,8873668188737;59,7794117647059;56,8939546205726;30,0214828902448
"Kartvelian";"c0";0,997352972859823;56,2404870624049;57,6973511670601;56,2438056594542;32,5851980471576
"Kartvelian";"c0";0,998757019148928;55,8219178082192;66,4912280701754;55,8462214762419;35,7109963529949
"Kartvelian";"c0";0,997554498938053;55,955098934551;68,6217437533227;55,9839523396051;32,9675339680986
"Kartvelian";"c0";0,999208632283143;55,7458143074581;66,0210622710623;55,7692203392659;36,1721302718376
"Kartvelian";"c0";0,999843302616367;55,2891933028919;55,6017556017556;55,2899052899053;36,3103719462774
"Kartvelian";"c0";0,99871820168192;56,0502283105023;67,2506435006435;56,0757417847395;33,2728016280901
"Kartvelian";"c0";0,997599021794386;55,8028919330289;67,5950010160536;55,8297532293456;33,620989375674
"Kartvelian";"c0";0,999440191576965;55,8028919330289;55,2513039355145;55,8016354683421;35,0100295576323
"Kartvelian";"c0";0,99901618797599;55,7267884322679;54,981684981685;55,725091157893;35,2907595752643
"Kartvelian";"c0";0,996752336850959;55,955098934551;69,1685454669673;55,9851979015952;32,7467343347987
"Kartvelian";"c0";0,997927731398213;55,87899543379;67,8306878306878;55,906220245628;32,7254395532294
"Kartvelian";"c0";0,999063655468112;55,6316590563166;66,2012012012012;55,6557354621136;35,1883364822374
"Kartvelian";"c0";0,998418385820777;55,4794520547945;66,8833306991202;55,5054289993146;33,6517812372975
"Kartvelian";"c0";0,998577675051947;56,0502283105023;66,847033685269;56,0748224001942;34,3339820405828
"Kartvelian";"c0";0,998509916576376;55,8409436834094;68,0231881810074;55,8686936708755;32,4860546907239
"Kartvelian";"c0";0,998006361727077;55,9931506849315;68,2567005095888;56,021085878154;33,1904214681983
"Kartvelian";"c0";0,99981043320491;55,8028919330289;52,9221529221529;55,7963298851682;37,6214642406622
"Kartvelian";"c0";0,999560256964038;55,1560121765601;56,445868945869;55,1589503468775;38,8748445911629
"Kartvelian";"c0";0,998130115517166;55,7267884322679;68,8649654439128;55,756715942545;31,3095095121438
"Kartvelian";"c0";0,996960106561126;55,7077625570776;68,7666135034556;55,7375093701673;32,8273040842964
"Kartvelian";"c0";0,996031811189584;56,4878234398782;71,0508963378404;56,5209967266617;29,3162980149255
"Kartvelian";"c0";0,999495783812986;55,6506849315068;65,7285575048733;55,6736413610589;35,2328927738023
"Kartvelian";"c0";0,998940285734242;55,2701674277017;66,6917293233083;55,2961846529764;36,0282546990953
"Kartvelian";"c0";0,999004487148052;55,7648401826484;55,7107843137255;55,7647170485506;35,1266287096906
"Kartvelian";"c0";0,999496244324508;55,9170471841705;54,9774774774775;55,9149069342691;36,2216765828668
"Kartvelian";"c0";0,999254899456246;54,927701674277;56,8193193193193;54,9320105982976;35,7860828059698
"Kartvelian";"c0";0,997451958511831;56,3165905631659;67,7362804878049;56,3426035242699;32,8524981256467
"Kartvelian";"c0";0,998145738707089;56,0121765601218;68,3068362480127;56,0401826186363;32,2646307598851
"Kartvelian";"c0";0,997199673408356;54,9847792998478;55,9059059059059;54,9868775381304;34,7512778808329
"Kartvelian";"c0";0,999042351354603;55,4604261796043;56,7873303167421;55,4634487402811;34,9006003438367
"Kartvelian";"c0";0,999051301278024;55,5365296803653;54,9509803921569;55,5351958551074;35,7260519662695
"Kartvelian";"c0";0,998286259248758;56,0121765601218;55,1127819548872;56,0101278252579;33,8060014546967
"Kartvelian";"c0";0,999352511924878;55,3272450532725;54,4096728307255;55,3251549115354;36,4451126255494
"Kartvelian";"c0";0,997412781498663;55,5365296803653;55,8723196881092;55,5372945778772;34,0245433764534
"Kartvelian";"c0";0,999536656679601;55,2701674277017;65,7480506822612;55,2940350433157;34,3925652773148
"Kartvelian";"c0";0,99895483186846;55,7077625570776;66,502079002079;55,7323509772257;34,3043577571046
"Kartvelian";"c0";0,998946209730402;55,2321156773212;66,6917293233083;55,2582195808428;35,7320622712755
"Kartvelian";"c0";0,998091562993377;55,8599695585997;59,247311827957;55,8676856002155;32,1927781657188
"Kartvelian";"c0";0,997826321849888;54,2047184170472;68,4996025437202;54,2372807954678;34,0348642667988
"Kartvelian";"c0";0,9994856115423;55,365296803653;65,8211500974659;55,3891142371241;35,5424481244103
"Kartvelian";"c0";0,997972483481567;56,1263318112633;67,4835462640341;56,1522024592195;33,9840575532834
"Kartvelian";"c0";0,998560889899818;55,0228310502283;67,266731016731;55,0507214829538;34,0912296231275
"Kartvelian";"c0";0,99972537258196;55,2130898021309;65,0572637414743;55,2355138885531;34,7386332349887
"Kartvelian";"c0";0,998479862201036;55,9741248097412;67,8520666325544;56,0011816248274;33,0029621547415
"Kartvelian";"c0";0,99902456441273;55,9741248097412;56,4102564102564;55,9751182758017;34,0235104320271
"Kartvelian";"c0";0,997249712782043;56,1643835616438;68,4102502789734;56,1922784744396;33,5939996424553
"Kartvelian";"c0";0,999611058866289;55,4223744292237;65,0235255498413;55,4442449329154;37,0430466543369
"Kartvelian";"c0";0,998222045693107;55,7648401826484;67,4787272348248;55,7915232966625;32,8299207480322
"Kartvelian";"c0";0,998157312430736;56,0502283105023;67,6528752568925;56,0766580301979;33,0152139381958
"Kartvelian";"c0";0,998896680630587;55,7458143074581;57,2154471544715;55,749161990481;34,1770575093094
"Kartvelian";"c0";0,998921926887082;55,7648401826484;66,5789473684211;55,7894736842105;35,2978807003705
"Kartvelian";"c0";0,997290398746152;56,3546423135464;68,7424675229553;56,3828605942057;31,9276686640521
"Kartvelian";"c0";0,998559664219865;55,8409436834094;67,3028518210879;55,8670528135636;32,7195308091323
"Kartvelian";"c0";0,999615542153831;55,7648401826484;65,0341637183742;55,7859548148482;37,2625365893824
"Kartvelian";"c0";0,999094815849961;55,7458143074581;55,4179179179179;55,7450673908533;36,553657025588
"Kartvelian";"c0";0,999582465209164;55,0608828006088;55,4617117117117;55,0617958505202;34,6845309078237
"Kartvelian";"c0";0,99646737883705;55,6126331811263;57,4481074481074;55,6168142159031;32,6012109027688
"Kartvelian";"c0";0,998785966837505;55,7077625570776;55,5329719963866;55,7073644009029;35,8926236534807
"Kartvelian";"c0";0,999411084765663;55,8219178082192;65,6554580896686;55,844317672186;36,2042453743881
"Kartvelian";"c0";0,999899171094458;55,6506849315068;54,093567251462;55,6471379664042;37,1900453530448
"Kartvelian";"c0";0,998175787263686;55,3272450532725;56,9047619047619;55,330838485736;35,6347588602938
"Kartvelian";"c0";0,99754062262338;56,2975646879756;56,6305469556244;56,2983231897243;32,6957985747584
"Kartvelian";"c0";0,997973188816757;56,1073059360731;69,4711538461538;56,1377475030664;30,9948093367347
"Kartvelian";"c0";0,998898625958497;55,955098934551;66,9526320745833;55,9801502628882;33,9634347300517
"Kartvelian";"c0";0,997236182851559;55,0989345509893;69,5586820586821;55,1318724724192;32,3106789300755
"Kartvelian";"c0";0,999366295557176;55,4033485540335;65,9337981706403;55,4273359107911;33,6788759657481
"Kartvelian";"c0";0,998739103194043;56,0692541856925;66,8880534670008;56,0938983753994;33,3599664814548
"Kartvelian";"c0";0,998142423295477;56,0121765601218;67,7976190476191;56,0390226705716;31,9252190977581
"Kartvelian";"c0";0,999256080408187;55,87899543379;65,9225521067626;55,901873695004;35,2962296977429
"Kartvelian";"c0";0,998328044741911;55,9170471841705;56,5527065527066;55,9184951553972;33,6898517239466
"Kartvelian";"c0";0,998338098244364;55,3082191780822;66,6624895572264;55,3340831197203;35,5690621543141
"Kartvelian";"c0";0,997137156147712;55,2891933028919;56,7210567210567;55,2924549507693;33,5065329326985
"Kartvelian";"c0";0,999321231932681;55,365296803653;65,6310916179337;55,388681302091;36,8737134098047
"Kartvelian";"c0";0,99989601637487;55,7458143074581;53,6774628879892;55,7411028008079;37,5843221180476
"Kartvelian";"c0";0,99863540282728;56,1073059360731;66,8790849673203;56,1318430181488;34,2604008091652
"Kartvelian";"c0";0,999358064384751;55,6316590563166;53,4850640113798;55,6267693181732;36,828873729915
"Kartvelian";"c0";0,996926376222082;55,87899543379;69,3574256074256;55,9096980082174;32,4228853866752
"Kartvelian";"c0";0,998947868504961;55,2511415525114;56,1890838206628;55,2532780952635;34,9549425395365
"Kartvelian";"c0";0,999691271972593;55,2891933028919;53,4257942152679;55,2849486580454;38,1700479761153
"Kartvelian";"c0";0,997269481671137;56,3546423135464;69,4780969191271;56,384536287591;32,0040952667144
"Kartvelian";"c0";0,994936583084807;56,7541856925419;70,2744218873251;56,7849834970858;31,2903876978551
"Kartvelian";"c0";0,997641753333314;55,8409436834094;68,0405405405405;55,8687331978904;32,9238058337901
"Kartvelian";"c0";0,998885244835468;55,9170471841705;66,5131578947368;55,9411841106182;34,0897224346836
"Kartvelian";"c0";0,998975367420802;55,9931506849315;66,5726817042606;56,0172498444288;34,4214096653981
"Kartvelian";"c0";0,999194144532549;54,3188736681887;65,9862798020693;54,3454509031178;36,134782424891
"Kartvelian";"c0";0,999261042960211;55,9360730593607;66,0592185592186;55,959132616308;34,5181512969563
"Kartvelian";"c0";0,999746326458507;55,5555555555556;54,3859649122807;55,5528913399672;37,9773166234355
"Kartvelian";"c0";0,998817678538823;55,7458143074581;67,4897430088852;55,7725658534751;33,6248741042312
"Kartvelian";"c0";0,998121266232197;56,1453576864536;67,457091237579;56,1711247332671;34,4123415204922
"Kartvelian";"c0";0,999758522497156;54,6613394216134;53,959222380275;54,6597400661662;37,9300706751249
"Kartvelian";"c0";0,994594986739256;56,7351598173516;71,4594807238395;56,7687004116716;29,3067872179912
"Kartvelian";"c0";0,99839201894305;56,2024353120244;56,9708994708995;56,2041857998578;33,7838788523564
"Kartvelian";"c0";0,998880302447121;55,6887366818874;66,422305764411;55,7131867253555;34,2720974829994
"Kartvelian";"c0";0,998282412177712;55,7838660578387;58,7320574162679;55,7905817556939;33,2725601136544
"Kartvelian";"c0";0,999698969164797;55,5365296803653;52,9871977240398;55,5307225460684;37,257307632239
"Kartvelian";"c0";0,998390102777599;55,2891933028919;68,5568781525136;55,3194158196337;32,7575069072864
"Kartvelian";"c0";0,999373865928771;55,4223744292237;55,3014553014553;55,4220989870193;35,6889138230313
"Kartvelian";"c0";0,997704349157181;55,9931506849315;67,6486744994636;56,019700853074;34,3952660838251
"Kartvelian";"c0";0,99880317524756;55,441400304414;66,4442355889724;55,4664637105292;35,8720044967751
"Kartvelian";"c0";0,998926323995906;55,4223744292237;66,5877415877416;55,4478080673981;34,2807156845345
"Kartvelian";"c0";0,996339348295977;56,5829528158295;69,5154352226721;56,6124117734761;29,799948544903
"Kartvelian";"c0";0,998915636497891;55,8028919330289;55,2387914230019;55,8016069660357;35,2452957213018
"Kartvelian";"c0";0,996270728483763;56,1834094368341;69,2489035087719;56,2131713823283;31,7230863503773
"Kartvelian";"c0";0,999024801357705;55,4984779299848;66,3438438438438;55,5231826359389;35,9874912052732
"Kartvelian";"c0";0,999565769608443;55,517503805175;55,5911680911681;55,5176716053709;35,482117736383
"Kartvelian";"c0";0,997763189067592;56,2404870624049;69,0758547008547;56,2697248019002;30,6475703813926
"Kartvelian";"c0";0,998732498914787;55,6887366818874;54,2884990253411;55,6855470744693;35,9154272515424
"Kartvelian";"c0";0,998019769289143;56,1073059360731;70,3083916695246;56,1396546507278;30,1686905214372
"Kartvelian";"c0";0,999540293834462;55,6887366818874;56,054131054131;55,6895690153093;35,4553029561054
"Kartvelian";"c0";0,998839021418973;55,9741248097412;56,5987933634992;55,9755477449434;34,3150046456813
"Kartvelian";"c0";0,999375670902751;55,8028919330289;54,8279048279048;55,8006710056824;35,337893299481
"Kartvelian";"c0";0,999701086329587;55,0799086757991;32,0175438596491;55,02737481517;36,9956949527132
"Kartvelian";"c0";0,996015950784344;56,7351598173516;69,8814305630323;56,7651057643805;30,4706099590329
"Kartvelian";"c0";0,999056211257904;55,4223744292237;66,3776276276276;55,4473294478989;35,843916540966
"Kartvelian";"c0";0,997588897053642;55,8219178082192;67,8266612477139;55,8492634652567;32,2437342974201
"Kartvelian";"c0";0,999033922660682;54,927701674277;65,9126984126984;54,9527244458907;37,402628251502
"Kartvelian";"c0";0,999483461072452;55,2321156773212;55,0213675213675;55,2316356131846;35,1842784181881
"Kartvelian";"c0";0,997640856773343;56,1643835616438;68,4919496253786;56,1924645777343;31,7387262522936
"Kartvelian";"c0";0,998657998160221;56,0882800608828;66,7427099044746;56,1125498327361;33,4432747469321
"Kartvelian";"c0";0,998436497655768;56,1834094368341;67,4419504643963;56,2090553161679;32,7980310721001
"Kartvelian";"c0";0,999425393661921;55,7267884322679;65,5604288499025;55,7491885243354;35,3346735216117
"Kartvelian";"c0";0,99960441035943;55,6887366818874;65,0353795090637;55,7100274400358;37,0164089668371
"Kartvelian";"c0";0,999768557700781;55,0989345509893;55,3105737316264;55,0994166447949;37,4592105906432
"Kartvelian";"c0";0,998853363455946;55,2511415525114;54,6704599336178;55,2498188153385;36,3152950725576
"Kartvelian";"c0";0,998840096446231;55,9741248097412;55,2387914230019;55,9724497906371;35,2827803024229
"Kartvelian";"c0";0,998584879749919;55,8980213089802;68,3139083139083;55,9263035117249;31,6582494127983
"Kartvelian";"c0";0,996761181651396;55,8599695585997;68,8889353750035;55,8896482962225;31,4286789761824
"Kartvelian";"c0";0,999712937030596;55,7267884322679;32,4561403508772;55,6737801222875;37,8382022370327
"Kartvelian";"c0";0,998755453693899;55,6316590563166;66,5771540771541;55,6565918467969;35,0994874159614
"Kartvelian";"c0";0,996742908360466;55,4033485540335;68,866805708911;55,4340170213567;32,8494434596793
"Kartvelian";"c0";0,997237160684699;56,2785388127854;69,331675224647;56,3082726087122;31,7216330334743
"Kartvelian";"c0";0,997766318899496;56,0502283105023;68,0372405372405;56,0775335775336;31,0167788778825
"Kartvelian";"c0";0,998264460562319;55,9931506849315;66,8207681365576;56,0178149615867;34,495252927435
"Kartvelian";"c0";0,998992413277986;56,031202435312;66,4755639097744;56,0549936915181;34,184432315203
"Kartvelian";"c0";0,997294546905762;56,0692541856925;58,1649831649832;56,0740280558048;32,7501135845376
"Kartvelian";"c0";0,998981447624667;55,1179604261796;66,5946115288221;55,1441031393975;35,8677570391711
"Kartvelian";"c0";0,996655781229053;55,6126331811263;57,2844272844273;55,6164413681498;33,5065892134356
"Kartvelian";"c0";0,998472205155071;56,1263318112633;67,046332046332;56,1512065270607;33,8090112745952
"Kartvelian";"c0";0,997920761528439;55,8028919330289;56,1904761904762;55,8037748128864;33,5559383894683
"Kartvelian";"c0";0,998531671172813;55,8599695585997;67,0448538850713;55,8854476550153;33,3781707092181
"Kartvelian";"c0";0,998352119104268;55,8409436834094;68,2255244755245;55,8691545735965;32,7655216737331
"Kartvelian";"c0";0,99924105448347;55,8980213089802;65,9722222222222;55,9209693748418;35,5222732146198
"Kartvelian";"c0";0,998859605527686;55,1940639269406;66,0748248248248;55,2188492592821;36,7477575934768
"Kartvelian";"c0";0,998882045747962;55,955098934551;55,6812468577174;55,9544751257199;34,5006113947038
"Kartvelian";"c0";0,99981619601988;55,3843226788432;53,8230538230538;55,3807662577594;37,6610152184685
"Kartvelian";"c0";0,994384981128199;56,9254185692542;70,2352472089314;56,9557370855177;29,9256114229505
"Kartvelian";"c0";0,999707131688808;55,4984779299848;65,0229176544966;55,5201736924552;38,7773917167852
"Kartvelian";"c0";0,999705848988912;55,8028919330289;53,9355144618302;55,7986382258052;36,991002788236
"Kartvelian";"c0";0,998725130345359;56,031202435312;57,5;56,0345482156416;33,4162109824139
"Kartvelian";"c0";0,996939204419125;56,62100456621;58,9381720430108;56,6262828520342;29,9631417332482
"Kartvelian";"c0";0,999543786142756;55,6316590563166;55,6267806267806;55,6316479437208;35,8677182515379
"Kartvelian";"c0";0,998984737204557;55,4604261796043;65,782967032967;55,4839399400903;37,1491409144497
"Kartvelian";"c0";0,999152668706153;55,8409436834094;65,8913308913309;55,8638375039286;35,1950935558105
"Kartvelian";"c0";0,99938482292017;55,9170471841705;54,8127074442864;55,9145316038974;36,0390924241993
"Kartvelian";"c0";0,999236465145736;55,1940639269406;53,950103950104;55,1912303051255;36,0700230160707
"Kartvelian";"c0";0,998283278063758;55,7648401826484;33,3333333333333;55,7137433561124;35,3029841917338
"Kartvelian";"c0";0,999333683664131;55,4794520547945;56,1330561330561;55,4809409023532;35,9491030598723
"Kartvelian";"c0";0,99710244223858;55,7267884322679;68,9102564102564;55,7568191110332;32,9140414495198
"Kartvelian";"c0";0,999890536510254;55,6506849315068;53,2163742690059;55,645139804713;37,3669338616706
"Kartvelian";"c0";0,998913257581821;55,1179604261796;58,5595776772247;55,1258001010111;31,380134703474
"Kartvelian";"c0";0,998792016823139;55,7267884322679;56,0457516339869;55,7275149999256;35,5279772301716
"Kartvelian";"c0";0,998637267809138;55,6316590563166;66,8496719716232;55,6572126164881;34,2378569918884
"Kartvelian";"c0";0,998155119109898;55,9741248097412;67,4403148793393;56,0002436937267;33,7966626728789
"Kartvelian";"c0";0,999354668357818;55,6506849315068;53,9118065433855;55,6467239329007;36,0348655508525
"Kartvelian";"c0";0,997008838943669;56,4117199391172;68,9174694267951;56,4402068400003;31,5408620444041
"Kartvelian";"c0";0,997108355126829;56,2595129375951;68,2727652464495;56,286877977023;32,0978286104082
"Kartvelian";"c0";0,999195322532303;55,8980213089802;65,8638583638584;55,9207225323398;35,3521415546186
"Kartvelian";"c0";0,998072500272261;55,955098934551;67,9593024794263;55,9824433617603;32,2866459704699
"Kartvelian";"c0";0,999668770963775;55,7648401826484;65,0229176544966;55,7859291973907;36,064570405392
"Kartvelian";"c0";0,999288302992573;55,9170471841705;66,0210622710623;55,9400631638673;34,3642813982188
"Kartvelian";"c0";0,999161434149727;55,8219178082192;56,140350877193;55,8226431682852;33,8890516672016
"Kartvelian";"c0";0,998952311402771;55,7077625570776;66,6917293233083;55,7327829825132;35,1924601042906
"Kartvelian";"c0";0,999547470959371;55,2701674277017;55,1994301994302;55,2700062950632;35,6316029688523
"Kartvelian";"c0";0,999180441370274;55,6887366818874;55,8433433433433;55,6890888610706;36,4879540449306
"Kartvelian";"c0";0,995557766544715;56,2975646879756;71,1867294926505;56,3314807809248;28,3511016356698
"Kartvelian";"c0";0,997009386551247;56,4878234398782;68,5472624327113;56,5152936881535;31,1079675096564
"Kartvelian";"c0";0,997811469771152;55,8409436834094;67,972972972973;55,8685792854358;33,311176649698
"Kartvelian";"c0";0,99920172806435;55,5365296803653;55,3428428428428;55,5360884802798;36,3865599702679
"Kartvelian";"c0";0,998944891866473;55,7648401826484;66,6165413533835;55,7895593197116;35,1183783197849
"Kartvelian";"c0";0,998832448817769;55,9360730593607;55,7017543859649;55,9355393038405;35,1682033886159
"Kartvelian";"c0";0,999883738004998;55,5555555555556;54,0823211875843;55,5521996686126;37,2472731465928
"Kartvelian";"c0";0,996679380585166;56,3356164383562;58,6993243243243;56,3410007387798;32,3571274884034
"Kartvelian";"c0";0,998280884702785;55,6126331811263;67,2215769776745;55,6390772444442;32,9498255216298
"Kartvelian";"c0";0,997959585429865;56,0502283105023;67,2480320041296;56,0757358360003;33,9149694922991
"Kartvelian";"c0";0,993487135564442;57,1727549467275;70,907605466429;57,2040416221711;29,5276030813485
"Kartvelian";"c0";0,996905549569988;56,2975646879756;69,0849646983312;56,3266931618033;32,1388757190869
"Kartvelian";"c0";0,99769269298602;56,2595129375951;68,0820105820106;56,2864434561473;32,3223175877243
"Kartvelian";"c0";0,998134536094088;55,9741248097412;67,5461175461175;56,0004847020792;33,5612038774676
"Kartvelian";"c0";0,997200897552992;55,6887366818874;69,4795932295932;55,7201509337045;32,1322049390974
"Kartvelian";"c0";0,998518298548776;55,8980213089802;56,445868945869;55,8992692534834;32,336750289671
"Kartvelian";"c0";0,998290598105776;55,5555555555556;68,6531554310758;55,5853906349986;33,3580090450644
"Kartvelian";"c0";0,997305441366006;56,1834094368341;68,7288279132791;56,2119866998784;33,4333099247754
"Kartvelian";"c0";0,996970371479069;54,9086757990868;68,9869281045752;54,9407447109444;33,3695798308355
"Kartvelian";"c0";0,997394124824921;56,2785388127854;58,459595959596;56,2835070522998;32,8858279868444
"Kartvelian";"c0";0,997816397609375;55,9931506849315;68,8077212467456;56,022341050676;30,5665930117605
"Kartvelian";"c0";0,998230537108757;55,3082191780822;67,9834425530265;55,3370921242666;34,3250401299586
"Kartvelian";"c0";0,996782227668881;55,9741248097412;68,6494883040936;56,0029980751042;33,2978094365254
"Kartvelian";"c0";0,996753945421761;55,2891933028919;68,9052287581699;55,320209328986;33,7224381431461
"Kartvelian";"c0";0,999425092577598;55,4604261796043;65,7261208576998;55,4838104499416;35,3637381750755
"Kartvelian";"c0";0,999524283747447;55,8980213089802;55,0112612612613;55,8960013544296;35,9559237995678
"Kartvelian";"c0";0,997948598976802;55,441400304414;67,5408375408375;55,4689616648614;34,6469500564677
"Kartvelian";"c0";0,993744648679913;56,7161339421613;72,45670995671;56,7519894683904;29,1014677014872
"Kartvelian";"c0";0,999495711823275;55,7458143074581;54,5608108108108;55,7431149828644;36,5381549568505
"Kartvelian";"c0";0,998930456116264;55,5555555555556;56,2342885872298;55,557101644466;35,1368234536711
"Kartvelian";"c0";0,998807015615876;55,9931506849315;67,0154600301659;56,0182584510938;33,7539985667956
"Kartvelian";"c0";0,997920761528439;55,4984779299848;56,1904761904762;55,5000542358173;33,6419479298247
"Kartvelian";"c0";0,999899041949634;55,5745814307458;53,2501124606388;55,5692865128185;36,9674919346912
"Kartvelian";"c0";0,999492521335652;55,5365296803653;54,7720797720798;55,5347883366107;36,6152992236057
"Kartvelian";"c0";0,998326582725781;55,7838660578387;67,6625386996904;55,8109245376606;33,8841623065624
"Kartvelian";"c0";0,998707611876388;55,517503805175;55,5555555555556;55,5175904834219;35,8078627399754
"Kartvelian";"c0";0,999577255796843;55,7838660578387;55,1994301994302;55,7825347688674;35,2411106078416
"Kartvelian";"c0";0,996398274542251;56,3926940639269;70,3730188340312;56,4245399062279;30,2012905461499
"Kartvelian";"c0";0,999053473903752;55,8219178082192;54,9174174174174;55,8198574428643;36,5882504731012
"Kartvelian";"c0";0,9997987374914;55,4033485540335;53,3957033957034;55,3987753304382;37,8578618084718
"Kartvelian";"c0";0,999347055990936;55,0989345509893;66,0271672771673;55,1238280196139;34,1730994393681
"Kartvelian";"c0";0,999406890449909;55,4604261796043;65,6115984405458;55,4835495788319;36,5840535448833
"Kartvelian";"c0";0,999967995466335;55,4604261796043;31,140350877193;55,4050273748152;39,1222187093058
"Kartvelian";"c0";0,998212217678314;55,7267884322679;57,3361823361823;55,7304544776071;33,0389296674129
"Kartvelian";"c0";0,999978240326809;54,9657534246575;34,2105263157895;54,9184750029972;38,722509401432
"Kartvelian";"c0";0,998846468710081;55,4794520547945;55,5595068752963;55,4796344120166;35,653361284021
"Kartvelian";"c0";0,997621104246504;55,9170471841705;57,6510721247563;55,9209971270875;33,352395416508
"Kartvelian";"c0";0,997043181209007;55,7077625570776;68,9962651727358;55,7380324946987;32,5400415297714
"Kartvelian";"c0";0,998792858081954;55,9741248097412;66,9940925087984;55,9992272418575;33,2103317155868
"Kartvelian";"c0";0,999529375906724;55,517503805175;55,8445945945946;55,5182488866999;36,0797736208187
"Kartvelian";"c0";0,999005728100639;55,6316590563166;54,7985347985348;55,629761278964;35,8016643657436
"Kartvelian";"c0";0,998636098237526;55,9931506849315;66,952614379085;56,0181152947132;34,2353135297969
