"matrix_id";"baseline";"ceof_cor";"stat_nodf_columns";"stat_nodf_rows";"stat_nodf_general";"stat_temp"
"Eskimo_Aleut";"r00";0,994414510379267;38,0730380730381;44,0205512628301;38,1006367421322;42,9404309816701
"Eskimo_Aleut";"r00";0,985953846506678;37,8943278943279;45,8086516182468;37,9310532944389;40,3044261621532
"Eskimo_Aleut";"r00";0,968601445693836;36,985236985237;43,8722826086956;37,0171954336057;35,375018555991
"Eskimo_Aleut";"r00";0,985813762815632;35,982905982906;36,5021739130435;35,9853155788695;49,0030183525758
"Eskimo_Aleut";"r00";0,99311779071888;36,1693861693862;40,7789124668435;36,1907760825994;48,399083500437
"Eskimo_Aleut";"r00";0,991943557248087;35,3768453768454;37,621635610766;35,3872620368636;44,9486173811294
"Eskimo_Aleut";"r00";0,997659516578735;33,8306138306138;31,25;33,8186388244393;44,0445326942816
"Eskimo_Aleut";"r00";0,978659697987139;31,9114219114219;36,7136645962733;31,9337061002147;46,2755101226733
"Eskimo_Aleut";"r00";0,997154166789935;35,8352758352758;40,4148148148148;35,8565265962018;45,9914048919131
"Eskimo_Aleut";"r00";0,990454236242775;33,6441336441336;32,4307692307692;33,6385031828187;49,2538786004198
"Eskimo_Aleut";"r00";0,997579303561211;38,5858585858586;28,4722222222222;38,5389275586491;49,9929977476976
"Eskimo_Aleut";"r00";0,993813667841813;35,3768453768454;29,9285714285714;35,3515633631643;42,502195077267
"Eskimo_Aleut";"r00";0,9829759532446;39,96891996892;48,0948426573427;40,0066272667781;36,9304768988701
"Eskimo_Aleut";"r00";0,986787189675673;34,8251748251748;41,207767328457;34,8547924237979;48,5293772123006
"Eskimo_Aleut";"r00";0,99035361987508;37,4436674436674;40,4542124542125;37,4576374901201;41,5798258342802
"Eskimo_Aleut";"r00";0,979961235685061;38,041958041958;48,2609513425106;38,0893779644664;36,8917269812772
"Eskimo_Aleut";"r00";0,995353052650277;35,7420357420357;39,142202403072;35,7578137775858;45,2331220121334
"Eskimo_Aleut";"r00";0,985592595929814;38,1585081585082;44,1566199630716;38,1863416239586;39,7346426259756
"Eskimo_Aleut";"r00";0,989599890990313;39,1219891219891;41,6907455363228;39,1339091053503;39,9756497515384
"Eskimo_Aleut";"r00";0,978701778885492;38,8500388500388;42,0244482173175;38,8647692879381;39,7055940297965
"Eskimo_Aleut";"r00";0,99336663406006;39,6581196581197;39,9074074074074;39,6592764458194;41,392553639363
"Eskimo_Aleut";"r00";0,995121529470714;36,6511266511267;40,0117676204633;36,6667212727941;46,6404873384379
"Eskimo_Aleut";"r00";0,989105104360452;39,7358197358197;43,5989010989011;39,753745867435;38,0035237394419
"Eskimo_Aleut";"r00";0,996985861905259;35,8352758352758;32,5766381766382;35,8201545468367;59,5520892340208
"Eskimo_Aleut";"r00";0,989226548511143;35,9362859362859;33,0714285714286;35,9229919345929;47,2774374403436
"Eskimo_Aleut";"r00";0,995196998068289;37,2494172494172;40,2417027417027;37,2633025649267;42,0673686711682
"Eskimo_Aleut";"r00";0,981509763772401;37,956487956488;38,9091318038686;37,9609085775895;40,6403721755919
"Eskimo_Aleut";"r00";0,985400625824027;39,0598290598291;37,5645962732919;39,0528906246247;46,7106717184425
"Eskimo_Aleut";"r00";0,991651302980633;37,5369075369075;31,3782051282051;37,5083288714379;46,2375791399043
"Eskimo_Aleut";"r00";0,971958045504181;34,0792540792541;48,1159003831418;34,1443893289241;35,1535429988251
"Eskimo_Aleut";"r00";0,994793899762931;34,017094017094;38,1673479499566;34,03635273604;45,3169343848926
"Eskimo_Aleut";"r00";0,988304262950343;33,8539238539239;47,3599378881988;33,9165967728764;39,5665665955184
"Eskimo_Aleut";"r00";0,990715916209279;39,1919191919192;46,9949494949495;39,2281281492418;39,4991540339228
"Eskimo_Aleut";"r00";0,991931927019465;33,038073038073;36,1430395913154;33,0524812355359;47,4174094591216
"Eskimo_Aleut";"r00";0,994686704037358;35,2525252525253;42,016149068323;35,2839109778886;39,2977447194841
"Eskimo_Aleut";"r00";0,996491409216471;34,7008547008547;41,7216117216117;34,7334336197445;43,3175677986242
"Eskimo_Aleut";"r00";0,993516954821878;38,8267288267288;42,4404558404558;38,8434978615953;46,9475569548014
"Eskimo_Aleut";"r00";0,989451218225475;33,9160839160839;49,6759259259259;33,989215433531;36,8917759046532
"Eskimo_Aleut";"r00";0,983681311407439;33,3255633255633;45,248845357541;33,3808917804681;41,5659344880729
"Eskimo_Aleut";"r00";0,989199210099114;35,6177156177156;33,3452380952381;35,6071704784002;53,3160466272558
"Eskimo_Aleut";"r00";0,977350804180048;37,1173271173271;44,8883058470765;37,1533873434512;40,4565493347934
"Eskimo_Aleut";"r00";0,981120543709768;34,9184149184149;38,1317485196796;34,9333259792096;51,1687557583345
"Eskimo_Aleut";"r00";0,994297889559164;38,0885780885781;47,3255808603635;38,1314412104889;40,4578985029115
"Eskimo_Aleut";"r00";0,990832736223235;37,5835275835276;51,1989417989418;37,6467081599332;34,516968358274
"Eskimo_Aleut";"r00";0,971757608000495;38,0885780885781;42,9904705766775;38,1113246894509;43,7446963407992
"Eskimo_Aleut";"r00";0,995356908306183;38,6635586635587;44,9928381962865;38,6929288702071;43,9067884461397
"Eskimo_Aleut";"r00";0,990154343285986;35,3146853146853;39,8106060606061;35,3355480559657;42,4214026809068
"Eskimo_Aleut";"r00";0,97639381633451;38,1585081585082;43,2523584146302;38,1821455146851;43,7052991541288
"Eskimo_Aleut";"r00";0,966631598905302;42,1134421134421;51,0178244211228;42,1547617529209;32,897325756299
"Eskimo_Aleut";"r00";0,983629345426941;36,2781662781663;41,83663003663;36,3039596134724;44,7336697965448
"Eskimo_Aleut";"r00";0,989245691138849;37,1095571095571;42,4762138161688;37,1344603889381;44,7184597072419
"Eskimo_Aleut";"r00";0,988426233824146;39,3473193473193;42,8358416945373;39,3635073860535;46,0980453991045
"Eskimo_Aleut";"r00";0,990550448553724;33,3721833721834;41,0226491260974;33,4076843733616;50,7546391036276
"Eskimo_Aleut";"r00";0,984354735767858;33,6752136752137;41,1990147783251;33,7101269053905;48,0158126268923
"Eskimo_Aleut";"r00";0,985747293163003;35,7109557109557;40,5888888888889;35,733591131735;42,9438894093307
"Eskimo_Aleut";"r00";0,98994965154223;39,1763791763792;40,3113553113553;39,1816458869823;42,3521765557783
"Eskimo_Aleut";"r00";0,983541049387311;35,5866355866356;45,773137973138;35,6339047392412;39,2877448327361
"Eskimo_Aleut";"r00";0,988967755887119;36,6822066822067;40,9523016269643;36,7020215079364;46,1004239425788
"Eskimo_Aleut";"r00";0,995297802463392;36,6822066822067;41,3611388611389;36,7039186644755;39,2437722028224
"Eskimo_Aleut";"r00";0,978734116779934;38,6790986790987;45,7264957264957;38,7118012176017;37,8586039130698
"Eskimo_Aleut";"r00";0,997480049564877;36,3247863247863;36,4899470899471;36,3255527320493;49,5209656044656
"Eskimo_Aleut";"r00";0,964745758450102;38,7801087801088;44,1541635197439;38,8050463891094;39,9254775558727
"Eskimo_Aleut";"r00";0,993255958365899;37,1406371406371;44,0314509411961;37,1726130747465;42,8042538059719
"Eskimo_Aleut";"r00";0,99659279247425;36,4024864024864;39,1091778591779;36,4150464556497;50,6989481451647
"Eskimo_Aleut";"r00";0,985610014670617;34,9106449106449;44,990090424873;34,9574172796204;42,7458714846336
"Eskimo_Aleut";"r00";0,984167319780608;37,6767676767677;49,6424815451512;37,7322930311453;34,2507348682203
"Eskimo_Aleut";"r00";0,981902830115542;38,9199689199689;49,5718125960061;38,9693974289064;35,0587049967619
"Eskimo_Aleut";"r00";0,995311319130982;36,6278166278166;41,9005291005291;36,6522839710775;46,210044688466
"Eskimo_Aleut";"r00";0,998130452415003;37,4436674436674;35;37,4323279195669;42,9276246319036
"Eskimo_Aleut";"r00";0,992361314196216;38,0808080808081;47,4352307972998;38,1242160748521;37,7996547577908
"Eskimo_Aleut";"r00";0,98763052933912;37,9098679098679;47,2492877492878;37,9532062849928;36,8907343721995
"Eskimo_Aleut";"r00";0,948198858563574;39,1996891996892;47,2902097902098;39,2372322186707;36,5528851387299
"Eskimo_Aleut";"r00";0,991580748558589;35,1670551670552;44,1347826086957;35,2086687514711;36,5479730775416
"Eskimo_Aleut";"r00";0,991963552070207;37,7078477078477;38,5784904750422;37,7118878134959;44,1153608247516
"Eskimo_Aleut";"r00";0,988720882345865;37,9098679098679;46,219939480809;37,9484297269024;34,2446406698978
"Eskimo_Aleut";"r00";0,995088697770226;35,2214452214452;38,8461538461538;35,2382652150634;46,4865773457287
"Eskimo_Aleut";"r00";0,9956759287325;36,8842268842269;37,5388888888889;36,8872647589585;47,3570927129913
"Eskimo_Aleut";"r00";0,98709772280748;32,4786324786325;39,3390804597701;32,510467504067;49,8250386587639
"Eskimo_Aleut";"r00";0,984109004515331;37,024087024087;44,8281468933643;37,0603007589793;40,9079066929384
"Eskimo_Aleut";"r00";0,992499051238803;34,5066045066045;42,6831168831169;34,5445465593957;37,2900211254869
"Eskimo_Aleut";"r00";0,976347758992202;37,4592074592075;47,6744868035191;37,5066101475801;37,1574148712329
"Eskimo_Aleut";"r00";0,982774292991009;37,000777000777;44,5190215682576;37,0356644465658;39,8473097316187
"Eskimo_Aleut";"r00";0,994135155042192;40,3807303807304;42,8296296296296;40,3920941823494;40,4698175843586
"Eskimo_Aleut";"r00";0,994878114461125;32,6728826728827;36,0714285714286;32,6886531874931;44,5803774509107
"Eskimo_Aleut";"r00";0,99075248380333;33,7684537684538;35,4100529100529;33,7760713978811;53,1642991635211
"Eskimo_Aleut";"r00";0,987378548594446;37,8787878787879;42,2865490331757;37,8992415268361;44,2174863433939
"Eskimo_Aleut";"r00";0,992150068282138;34,8873348873349;43,4626373626374;34,9271274742272;44,1346761970253
"Eskimo_Aleut";"r00";0,997739134489639;36,4024864024864;36,0262108262108;36,4007403441278;50,8813205418701
"Eskimo_Aleut";"r00";0,98901027475906;39,6969696969697;44,1153846153846;39,717472782438;45,7647524136463
"Eskimo_Aleut";"r00";0,989340488579998;38,3139083139083;47,5008417508418;38,3565390955182;38,4781164127498
"Eskimo_Aleut";"r00";0,990487512396831;41,1188811188811;44,8524623524624;41,1362063218212;41,8150366599701
"Eskimo_Aleut";"r00";0,997356052347826;40,7381507381507;35,6307692307692;40,7144505919448;45,2105399353807
"Eskimo_Aleut";"r00";0,983530848891408;36,7676767676768;43,1767881241565;36,7974174236233;39,2119655450397
"Eskimo_Aleut";"r00";0,992919921408953;35,998445998446;42,2955349248453;36,0276668287309;38,377267583653
"Eskimo_Aleut";"r00";0,997606781652282;34,2191142191142;33,7173789173789;34,2167859810551;55,6542661820481
"Eskimo_Aleut";"r00";0,997334682449011;39,8601398601399;38,1675213675214;39,8522854819839;47,831476535589
"Eskimo_Aleut";"r00";0,992741110418856;39,3861693861694;37,6241793633098;39,3779930983603;50,4713559505083
"Eskimo_Aleut";"r00";0,987716430097794;34,988344988345;43,8365261813538;35,0294038337882;38,1431651421153
"Eskimo_Aleut";"r00";0,988943388620115;32,8282828282828;43,9194770746495;32,8797500869667;42,0201921023549
"Eskimo_Aleut";"r00";0,9878500278218;36,5190365190365;47,4615384615385;36,5698137902314;38,0397237674393
"Eskimo_Aleut";"r00";0,99127088271018;35,5322455322455;42,8194805194805;35,5660610078243;37,726927417708
"Eskimo_Aleut";"r00";0,978718195003564;36,1926961926962;47,3941077441077;36,2446749005914;37,9770713812236
"Eskimo_Aleut";"r00";0,987273369944693;40,2641802641803;37,481684981685;40,2512684531246;46,2991633670098
"Eskimo_Aleut";"r00";0,967838519809375;35,1359751359751;46,7562509953814;35,1898975297543;38,5180502036582
"Eskimo_Aleut";"r00";0,981318518750763;35,1592851592852;44,9945054945055;35,2049242327665;37,2422595287299
"Eskimo_Aleut";"r00";0,995764204441107;29,6969696969697;39,2005698005698;29,741069929469;49,2495955488284
"Eskimo_Aleut";"r00";0,997369556031962;36,7365967365967;28,7962962962963;36,6997507948784;47,1503369087669
"Eskimo_Aleut";"r00";0,991731084056756;34,6853146853147;47,834207896052;34,7463304310722;37,8913618870725
"Eskimo_Aleut";"r00";0,985527271696546;35,3768453768454;37,8029304029304;35,3881033120012;43,2668824607357
"Eskimo_Aleut";"r00";0,986076878328392;34,9339549339549;40,9842995169082;34,9620307788874;47,1325827303174
"Eskimo_Aleut";"r00";0,996842487749186;38,6013986013986;40,3523809523809;38,6095238095238;43,4579371121666
"Eskimo_Aleut";"r00";0,988380683088978;39,0675990675991;48,6454094292804;39,1120436632449;36,6758331696137
"Eskimo_Aleut";"r00";0,995185768909167;34,1958041958042;43,6190299233778;34,2395314613614;44,2202497579617
"Eskimo_Aleut";"r00";0,98847608117211;41,3364413364413;44,7303776683087;41,3521904609512;36,8131721601781
"Eskimo_Aleut";"r00";0,991867758362669;37,7700077700078;44,2020335985853;37,7998547576114;42,4879858717887
"Eskimo_Aleut";"r00";0,980976132414685;40,6371406371406;45,279304029304;40,6586819985892;40,4974932082201
"Eskimo_Aleut";"r00";0,99472220130553;34,5843045843046;39,6937888198758;34,6080144879499;42,025505313094
"Eskimo_Aleut";"r00";0,992020966715915;34,8018648018648;44,1755852842809;34,8453623447066;43,327161885656
"Eskimo_Aleut";"r00";0,996263699425052;36,2937062937063;39,7342995169082;36,3096719235123;44,5579092028944
"Eskimo_Aleut";"r00";0,986234785277758;39,3706293706294;44,2654168947272;39,3933430018317;42,3528330057315
"Eskimo_Aleut";"r00";0,999249055119128;29,95337995338;33,8746438746439;29,9715760736642;49,4649637463244
"Eskimo_Aleut";"r00";0,983292133502449;38,1818181818182;43,5648099027409;38,2067972617297;42,3500260805777
"Eskimo_Aleut";"r00";0,988176675607992;36,8686868686869;40,4592592592593;36,8853484575062;39,9335715148005
"Eskimo_Aleut";"r00";0,99622939269829;36,5112665112665;30,3586206896552;36,4827159506094;49,5199415618662
"Eskimo_Aleut";"r00";0,991118469320147;37,8632478632479;39,1904761904762;37,8694066953928;45,2718313956994
"Eskimo_Aleut";"r00";0,979858438840806;38,2206682206682;45,5952380952381;38,2548889625456;38,5030938027061
"Eskimo_Aleut";"r00";0,992668980992515;38,2983682983683;43,8961038961039;38,3243438695875;39,0800355966564
"Eskimo_Aleut";"r00";0,985719910190284;38,1662781662782;43,7580452198143;38,1922260412366;41,9006262159968
"Eskimo_Aleut";"r00";0,997936295737734;39,1608391608392;44,0832315832316;39,1836808890173;45,1468556781137
"Eskimo_Aleut";"r00";0,99354019486264;37,5835275835276;41,1441798941799;37,6000503320689;42,6497335384463
"Eskimo_Aleut";"r00";0,989295069863725;38,2362082362082;32;38,2072699149265;43,1879065695524
"Eskimo_Aleut";"r00";0,970285762907145;40,7226107226107;46,09414160401;40,7475366199722;39,5424272416474
"Eskimo_Aleut";"r00";0,995841905819362;37,2183372183372;43,0875776397516;37,2455726727289;39,6921420581381
"Eskimo_Aleut";"r00";0,981267610878728;35,6177156177156;41,9063492063492;35,6468972120944;45,0174430685031
"Eskimo_Aleut";"r00";0,979238888726371;35,5555555555556;40,7513227513227;35,579665844167;46,2432803925821
"Eskimo_Aleut";"r00";0,984205600808868;37,2960372960373;49,8654244306418;37,3543639184717;34,3438304834771
"Eskimo_Aleut";"r00";0,984903558311852;35,011655011655;38,2173382173382;35,0265305717742;52,9210608390063
"Eskimo_Aleut";"r00";0,985407552279243;33,1313131313131;40,1732919254658;33,1639905271097;39,6317524968851
"Eskimo_Aleut";"r00";0,995592144743152;38,5858585858586;41,7001915708812;38,600310247042;43,159680060894
"Eskimo_Aleut";"r00";0,98258378744676;33,3488733488733;42,3280423280423;33,3905400262709;45,1443920545248
"Eskimo_Aleut";"r00";0,998225866239747;38,1429681429681;30,2314814814815;38,10625590788;46,7237841396293
"Eskimo_Aleut";"r00";0,983460506835767;36,5501165501165;45,819696969697;36,593130844407;40,059145221303
"Eskimo_Aleut";"r00";0,994129941056973;36,9308469308469;42,8306878306878;36,9582243828184;37,5011042477176
"Eskimo_Aleut";"r00";0,995191152670425;38,989898989899;42,9474358974359;39,0082634303052;45,8023076321486
"Eskimo_Aleut";"r00";0,972053671662273;37,0551670551671;38,3715909090909;37,0612757505449;47,6445421360118
"Eskimo_Aleut";"r00";0,997610598799675;37,8010878010878;43,097619047619;37,8256656723014;40,52213567453
"Eskimo_Aleut";"r00";0,998698777461688;37,7622377622378;41,0307692307692;37,7774049616277;45,0389552483798
"Eskimo_Aleut";"r00";0,985008001234541;40,0777000777001;35,2194357366771;40,0551559276257;45,068684201893
"Eskimo_Aleut";"r00";0,991912261468625;41,010101010101;48,5418719211823;41,0450512231455;36,728019599693
"Eskimo_Aleut";"r00";0,996479771584022;38,2439782439782;43,3748677248677;38,2677874759081;45,998285209717
"Eskimo_Aleut";"r00";0,983142167328231;35,1903651903652;40,3672189879086;35,2143877137877;47,502507745778
"Eskimo_Aleut";"r00";0,977729109787947;38,3916083916084;43,1806418219462;38,4138312845566;36,6399633317062
"Eskimo_Aleut";"r00";0,988346376057907;36,1926961926962;30,0925925925926;36,1643894474521;44,6871650998991
"Eskimo_Aleut";"r00";0,976224686081715;35,2758352758353;45,2824933687003;35,3222698841548;39,5075287712473
"Eskimo_Aleut";"r00";0,997096321508803;38,6713286713287;36,6586894586895;38,6619892782306;48,3534699344141
"Eskimo_Aleut";"r00";0,984933878616228;36,6433566433566;36,7036124794745;36,643636252805;45,5448798162924
"Eskimo_Aleut";"r00";0,991615395555413;37,6301476301476;29,8351648351648;37,5939760162498;43,9221830101275
"Eskimo_Aleut";"r00";0,984939444880643;38,3527583527584;40,2393034252105;38,3615126222361;42,8142215120258
"Eskimo_Aleut";"r00";0,987336439252942;36,6511266511267;50,3080253080253;36,714499730741;34,864694328447
"Eskimo_Aleut";"r00";0,996488124839548;38,3216783216783;41,0129001433349;38,3341665899923;41,0453699953176
"Eskimo_Aleut";"r00";0,994203698219185;35,0505050505051;34,1071428571429;35,0461274997238;48,1694020888526
"Eskimo_Aleut";"r00";0,990486609527307;37,6146076146076;37,090499194847;37,6121755569753;48,4910273135993
"Eskimo_Aleut";"r00";0,996613331970317;39,1608391608392;37,4180911680912;39,152752163193;46,3857002913143
"Eskimo_Aleut";"r00";0,999095337548284;36,5656565656566;41,5492877492877;36,5887824644205;41,6638025039755
"Eskimo_Aleut";"r00";0,994755026605566;38,8966588966589;41,2637362637363;38,9076430143716;39,6117426501081
"Eskimo_Aleut";"r00";0,990737446868987;36,1693861693862;42,755705480593;36,1999491360275;45,134019287154
"Eskimo_Aleut";"r00";0,993964097525794;37,000777000777;39,8315814620162;37,0139129843558;44,5040475180809
"Eskimo_Aleut";"r00";0,98816304058178;37,016317016317;41,8049052396878;37,0385378433396;42,3772432019658
"Eskimo_Aleut";"r00";0,993160951968262;38,041958041958;36,2301587301587;38,0335506205576;48,5000974961139
"Eskimo_Aleut";"r00";0,98352954384012;32,6184926184926;38,4190476190476;32,6454093470335;44,0625552322297
"Eskimo_Aleut";"r00";0,994748233617464;38,4770784770785;43,6511396011396;38,5010880414593;43,9410354967659
"Eskimo_Aleut";"r00";0,995409867491542;38,6713286713287;43,1481432360743;38,6921027528356;46,4385365409318
"Eskimo_Aleut";"r00";0,999038654724433;35,7731157731158;26,2814814814815;35,7290710664261;52,1678231408478
"Eskimo_Aleut";"r00";0,990096368175704;38,4071484071484;44,0675266762223;38,4334146636174;43,7754789561687
"Eskimo_Aleut";"r00";0,998106384971368;37,6146076146076;42,0752136752137;37,6353064826383;41,8365517773356
"Eskimo_Aleut";"r00";0,997231205013824;38,4848484848485;36,6025641025641;38,4761139865548;44,4817784828697
"Eskimo_Aleut";"r00";0,995484371835285;39,6658896658897;38,1267806267806;39,6587476285852;47,3866184344712
"Eskimo_Aleut";"r00";0,996862774385263;39,5337995337995;47,740293040293;39,5718807101638;42,2784049988267
"Eskimo_Aleut";"r00";0,981438965861403;38,8811188811189;42,2732383808096;38,8968595748529;40,0714696998423
"Eskimo_Aleut";"r00";0,965889958800774;34,7630147630148;42,2119511672735;34,7975805931969;45,0648379793243
"Eskimo_Aleut";"r00";0,975134511481326;36,7987567987568;44,417314803009;36,8341097361315;41,3805723012754
"Eskimo_Aleut";"r00";0,983569345838624;36,6822066822067;45,8738105694627;36,7248591364399;39,2830768337802
"Eskimo_Aleut";"r00";0,986613639017923;37,8321678321678;50,0639446760136;37,8889278175221;36,3582575296882
"Eskimo_Aleut";"r00";0,998381151183977;33,993783993784;37,2239316239316;34,0087730779146;48,1607736714354
"Eskimo_Aleut";"r00";0,989712022782271;36,2315462315462;42,4832775919732;36,260556585887;46,3153657219498
"Eskimo_Aleut";"r00";0,987919592246185;34,8640248640249;44,2027972027972;34,9073602345064;43,5050579211315
"Eskimo_Aleut";"r00";0,998809018457654;37,8010878010878;39,4769230769231;37,8088642988875;46,6465841263319
"Eskimo_Aleut";"r00";0,995166064110892;34,2346542346542;40,3425925925926;34,2629973360832;42,469114654352
"Eskimo_Aleut";"r00";0,969079897839152;38,9199689199689;41,7504105090312;38,9331032196862;44,399008353405
"Eskimo_Aleut";"r00";0,995974917357735;37,2027972027972;34,2190476190476;37,1889514970721;58,4273278157187
"Eskimo_Aleut";"r00";0,993889905702719;35,2447552447552;34,5238095238095;35,2414097889736;51,3094988349301
"Eskimo_Aleut";"r00";0,995518669049757;36,977466977467;42,7038403874986;37,0040394758894;42,1601608266358
"Eskimo_Aleut";"r00";0,983440037365464;37,4281274281274;45,03108003108;37,4634079506469;42,7342060577165
"Eskimo_Aleut";"r00";0,972773865283934;40,6526806526807;47,3463768115942;40,6837418877568;36,6724155228042
"Eskimo_Aleut";"r00";0,993726246318625;34,3745143745144;33,0952380952381;34,3685780576732;52,9605735799793
"Eskimo_Aleut";"r00";0,99361129275775;36,4568764568765;35,4333333333333;36,4521268368136;44,0962746622167
"Eskimo_Aleut";"r00";0,991202609127029;37,8865578865579;42,3158307210031;37,9071113567873;44,3905764698
"Eskimo_Aleut";"r00";0,997790097474473;37,2027972027972;30,9615384615385;37,1738354452972;44,4331677065398
"Eskimo_Aleut";"r00";0,991596366665629;39,0753690753691;45,8335664335664;39,1067296199547;41,133921045742
"Eskimo_Aleut";"r00";0,994301332729736;33,9238539238539;36,6623312275486;33,9365614751472;47,6252317547032
"Eskimo_Aleut";"r00";0,99106711269874;36,1149961149961;36,3624338624339;36,1161443180005;49,7875984294936
"Eskimo_Aleut";"r00";0,994054380462798;35,7420357420357;41,4685314685315;35,768608808052;38,9004141216389
"Eskimo_Aleut";"r00";0,995676433884787;39,0831390831391;40,0890313390313;39,0878067966235;44,9083254255621
"Eskimo_Aleut";"r00";0,988905144229051;34,7008547008547;31;34,6836813611756;46,8040982818536
"Eskimo_Aleut";"r00";0,995543058637312;36,7288267288267;31,3379310344828;36,7038109715444;50,1693727243523
"Eskimo_Aleut";"r00";0,989943732930742;36,6433566433566;38,0969030969031;36,6501016385007;44,2612234374741
"Eskimo_Aleut";"r00";0,998416892299068;38,8811188811189;32,275641025641;38,8504670117199;44,1288039615594
"Eskimo_Aleut";"r00";0,989568381227741;32,991452991453;36,4772727272727;33,007628489067;45,2953381585477
"Eskimo_Aleut";"r00";0,966600519188397;28,8111888111888;39,1117216117216;28,858987107247;40,0886572947792
"Eskimo_Aleut";"r00";0,986943577483539;35,5011655011655;42,373544973545;35,5330558931487;44,8706097741196
"Eskimo_Aleut";"r00";0,996968515938722;34,7707847707848;34,6349206349206;34,7701543107576;53,7633749857941
"Eskimo_Aleut";"r00";0,983910523771411;39,5959595959596;48,2871794871795;39,6362900826938;35,8733551324677
"Eskimo_Aleut";"r00";0,987508186684097;34,1880341880342;40,2632478632479;34,2162254347869;48,2775987496917
"Eskimo_Aleut";"r00";0,995762006058798;35,3146853146853;39,0307692307692;35,3319293235767;44,9224059753785
"Eskimo_Aleut";"r00";0,990018837366643;36,8997668997669;42,0209339774557;36,9235310161367;42,4604756349232
"Eskimo_Aleut";"r00";0,996099427075537;35,3224553224553;42,4333536833537;35,3554525306265;46,4388809150059
"Eskimo_Aleut";"r00";0,991761755156643;37,2027972027972;41,2061253561254;37,2213741315829;46,4116817527415
"Eskimo_Aleut";"r00";0,995889600493828;40,2253302253302;46,425917078091;40,254103250169;40,7236334490893
"Eskimo_Aleut";"r00";0,984795860709441;35,5167055167055;45,3304281924972;35,5622448330665;39,7820381400707
"Eskimo_Aleut";"r00";0,986019335025815;36,3092463092463;38,133655394525;36,3177122446768;43,9435256840404
"Eskimo_Aleut";"r00";0,997558274734561;37,2882672882673;40,817094017094;37,3046423542943;45,1646624716453
"Eskimo_Aleut";"r00";0,98822678394967;34,1880341880342;35,515873015873;34,1941958531286;48,8728550495791
"Eskimo_Aleut";"r00";0,993119056719999;38,041958041958;35,4879310344828;38,0301064085127;57,2734214592122
"Eskimo_Aleut";"r00";0,993397128703268;34,2501942501942;40,9728234728235;34,2813897454269;39,7301894524494
"Eskimo_Aleut";"r00";0,993047189635749;34,9028749028749;40,5687830687831;34,9291668201181;46,5884080522772
"Eskimo_Aleut";"r00";0,99461854968501;39,4483294483295;36,2049689440994;39,4332790515581;48,9633725646534
"Eskimo_Aleut";"r00";0,995538898080486;31,9191919191919;37,722323972324;31,9461206062134;54,9796982341027
"Eskimo_Aleut";"r00";0,998393202079311;38,2206682206682;40,7351648351648;38,2323364184153;46,0511403985925
"Eskimo_Aleut";"r00";0,97649257464212;34,6153846153846;46,6761486465111;34,6713510378028;36,8977078486616
"Eskimo_Aleut";"r00";0,99163196745031;37,1872571872572;40,6108637988698;37,2031439928795;50,8490524641461
"Eskimo_Aleut";"r00";0,994565870516513;35,042735042735;38,0894586894587;35,0568729714901;48,122820909305
"Eskimo_Aleut";"r00";0,958174659112353;32,4941724941725;42,5614316239316;32,5408883138001;41,073846917871
"Eskimo_Aleut";"r00";0,979361230845943;35,2059052059052;43,6209177157453;35,2449539878534;42,7550904993555
"Eskimo_Aleut";"r00";0,996428725807271;37,3970473970474;37,4186813186813;37,3971477864749;49,6863482715275
"Eskimo_Aleut";"r00";0,993320780179049;36,8609168609169;32,0238095238095;36,8384708871948;45,6786715231665
"Eskimo_Aleut";"r00";0,997967866298821;39,4094794094794;44,5670533170533;39,4334124670552;44,3999585875008
"Eskimo_Aleut";"r00";0,992370917742536;37,8710178710179;47,578278168608;37,916063162422;40,1907688041871
"Eskimo_Aleut";"r00";0,991599853992935;33,4887334887335;43,5922889371165;33,5356177367538;43,5869927484084
"Eskimo_Aleut";"r00";0,998111202889284;35,027195027195;37,3131868131868;35,0378028777101;46,070022902767
"Eskimo_Aleut";"r00";0,989668346182545;36,7055167055167;39,8619737750172;36,7201638380898;52,8545651967137
"Eskimo_Aleut";"r00";0,990213322878536;38,8034188034188;48,2427536231884;38,8472208211439;38,6983358055328
"Eskimo_Aleut";"r00";0,952201232182267;32,9137529137529;42,4512987012987;32,9580106668274;44,6115981068429
"Eskimo_Aleut";"r00";0,983188323728951;37,7311577311577;44,2888888888889;37,7615880381542;41,5262007384531
"Eskimo_Aleut";"r00";0,99817130547445;38,1818181818182;38,0637362637363;38,1812702378828;47,2503155824054
"Eskimo_Aleut";"r00";0,994574413975435;34,8717948717949;38,2941595441595;34,887675914358;46,0736352024679
"Eskimo_Aleut";"r00";0,98705619185885;38,8655788655789;50,3571428571429;38,9189039885096;34,9911027668526
"Eskimo_Aleut";"r00";0,994515576570954;39,1686091686092;39,6353646353646;39,1707750872484;44,6439166404036
"Eskimo_Aleut";"r00";0,988738170370419;36,3170163170163;41,9227330779055;36,3430289237954;38,342138219108
"Eskimo_Aleut";"r00";0,999458972674283;34,3123543123543;34,3304843304843;34,3124384423688;49,652433884083
"Eskimo_Aleut";"r00";0,995501495784439;37,2649572649573;43,7719576719577;37,2951521624375;44,6066187799347
"Eskimo_Aleut";"r00";0,996326492043393;35,6954156954157;34;35,6875483372003;49,6273081290671
"Eskimo_Aleut";"r00";0,991824771174226;38,3139083139083;43,0586144379248;38,3359255116996;44,8906126563065
"Eskimo_Aleut";"r00";0,991488934149984;36,2470862470862;48,9298154341633;36,30593881872;39,2389737190621
"Eskimo_Aleut";"r00";0,990164864460205;33,4498834498835;39,1545092838196;33,4763550314794;42,6910173363899
"Eskimo_Aleut";"r00";0,993532480798123;33,030303030303;40,060248447205;33,062924586762;44,1425469456488
"Eskimo_Aleut";"r00";0,995777781736313;31,7016317016317;33,5878306878307;31,7103843651407;53,7343471606356
"Eskimo_Aleut";"r00";0,990899474701933;39,6581196581197;36,848275862069;39,6450809398085;51,299265440783
"Eskimo_Aleut";"r00";0,994050145232849;36,5268065268065;42,8666666666667;36,5562258313998;47,0334321916207
"Eskimo_Aleut";"r00";0,997003242042161;35,3224553224553;40,6807081807082;35,3473196048602;50,7416326574071
"Eskimo_Aleut";"r00";0,981525587812399;38,049728049728;45,4052227965271;38,0838602759313;40,5862208910594
"Eskimo_Aleut";"r00";0,980826280212724;40,7381507381507;45,4700972862263;40,7601087267729;39,0658228722936
"Eskimo_Aleut";"r00";0,994086685157436;37,0707070707071;38,4390609390609;37,0770567406298;44,8736068212746
"Eskimo_Aleut";"r00";0,99550387672947;35,3069153069153;30,8307692307692;35,2861443274436;51,5579399207091
"Eskimo_Aleut";"r00";0,989483425246758;37,8243978243978;39,1402116402116;37,8305036889724;45,9702556638256
"Eskimo_Aleut";"r00";0,996729490919269;35,8896658896659;37,9593406593407;35,8992699489219;44,0201293137773
"Eskimo_Aleut";"r00";0,985398547782054;36,6588966588967;43,4741133706651;36,6905217944501;42,4116778079354
"Eskimo_Aleut";"r00";0,984873771135102;39,6503496503496;43,1340579710145;39,6665153502135;40,4290182645884
"Eskimo_Aleut";"r00";0,991466579217389;35,2525252525253;36,5410052910053;35,2585042782259;48,2560074335063
"Eskimo_Aleut";"r00";0,980744203970025;39,7125097125097;39,2387096774194;39,7103111044582;47,9996617958922
"Eskimo_Aleut";"r00";0,994980230592049;36,969696969697;39,9242424242424;36,9834071574211;41,6984876971122
"Eskimo_Aleut";"r00";0,987057256371058;37,1328671328671;49,9012704174229;37,192117264118;33,4281193028722
"Eskimo_Aleut";"r00";0,988141073305182;36,6122766122766;49,8496133496133;36,6737027688304;35,9380650534571
"Eskimo_Aleut";"r00";0,990487286864316;38,9044289044289;41,820420958352;38,917960190062;47,2257117433842
"Eskimo_Aleut";"r00";0,99605108581621;38,8500388500388;38,8294314381271;38,8499432239975;45,505510191075
"Eskimo_Aleut";"r00";0,968465300867898;38,9199689199689;40,5157894736842;38,9273741197541;40,8915422019862
"Eskimo_Aleut";"r00";0,978258426102076;33,9549339549339;39,4751301330249;33,9805497144611;40,7890230414533
"Eskimo_Aleut";"r00";0,981459887604853;35,7575757575758;42,7422003284072;35,7899870084845;44,3733806619363
"Eskimo_Aleut";"r00";0,972121859862282;42,5407925407925;47,5434782608696;42,5640068596792;36,9462653800533
"Eskimo_Aleut";"r00";0,995956015217456;36,8686868686869;45,5875457875458;36,9091456107697;42,0050585069173
"Eskimo_Aleut";"r00";0,995195430577579;36,8531468531469;37,9518518518519;36,8582452522128;46,3502404019942
"Eskimo_Aleut";"r00";0,995009787335054;38,034188034188;37,0894409937888;38,0298040572024;45,7298817869366
"Eskimo_Aleut";"r00";0,98787239953861;33,053613053613;44,253715633026;33,1055856873922;40,4469380969433
"Eskimo_Aleut";"r00";0,986825750638244;40,0777000777001;41,2550724637681;40,083163522647;46,7737946779697
"Eskimo_Aleut";"r00";0,985375303850261;30,3885003885004;41,7582417582418;30,4412602092416;39,7668301948405
"Eskimo_Aleut";"r00";0,995342730310901;39,96114996115;46,320659114887;39,990660444462;41,0051377268235
"Eskimo_Aleut";"r00";0,991075668232845;34,5143745143745;37,3605098605099;34,5275816389505;47,8603302224922
"Eskimo_Aleut";"r00";0,991477063340961;36,1849261849262;41,230183609494;36,2083380523256;47,1595721379729
"Eskimo_Aleut";"r00";0,996806855874667;39,2229992229992;31,8666666666667;39,1888631090487;54,512229512686
"Eskimo_Aleut";"r00";0,996894867924372;34,8484848484849;38,5675213675214;34,86574255855;46,3168643800903
"Eskimo_Aleut";"r00";0,989902396973993;37,5369075369075;46,3946360153257;37,5780106852993;38,8292845033396
"Eskimo_Aleut";"r00";0,988107743723822;35,7342657342657;35,8745421245421;35,7349166687914;49,0186525341113
"Eskimo_Aleut";"r00";0,980298470894952;33,3799533799534;36,5316770186335;33,3945785476503;47,8568189317562
"Eskimo_Aleut";"r00";0,988512638315531;34,6386946386946;48,7364628125498;34,7041135165316;37,239105615083
"Eskimo_Aleut";"r00";0,996319169847161;39,8368298368298;46,0532272325376;39,8656762284573;43,1462440813177
"Eskimo_Aleut";"r00";0,973893371798045;36,0994560994561;49,1010101010101;36,1597881365863;34,2273846197265
"Eskimo_Aleut";"r00";0,989404108220025;34,9184149184149;44,8780768345986;34,9646314470283;41,5445261670748
"Eskimo_Aleut";"r00";0,983566733770784;37,3348873348873;36,5584415584416;37,3312843382449;40,3111327390996
"Eskimo_Aleut";"r00";0,995388777477796;34,2268842268842;39,88640295237;34,2531464947519;41,3163867380824
"Eskimo_Aleut";"r00";0,994972707231157;35,0815850815851;42,4625374625375;35,1158354406614;41,6638915822549
"Eskimo_Aleut";"r00";0,997657603875165;36,6200466200466;43,8405575905576;36,6535524714179;43,4113199685737
"Eskimo_Aleut";"r00";0,988784416396963;40,9090909090909;44,3825312618416;40,9252089617719;43,3342862023632
"Eskimo_Aleut";"r00";0,994784224280112;37,6223776223776;46,5304347826087;37,6637143145365;39,830275325762
"Eskimo_Aleut";"r00";0,993233112033016;33,6752136752137;39,6869963369963;33,7031105785166;51,124420772322
"Eskimo_Aleut";"r00";0,996825636572021;37,6689976689977;39,0242165242165;37,6752863875834;44,4751012729449
"Eskimo_Aleut";"r00";0,997635439488833;36,6433566433566;39,4279202279202;36,6562780521017;44,3484523753161
"Eskimo_Aleut";"r00";0,998707799783829;37,5135975135975;36,8854700854701;37,5106827691515;48,0516219365141
"Eskimo_Aleut";"r00";0,992846530683929;34,1336441336441;39,3913043478261;34,1580416288376;45,5437975025449
"Eskimo_Aleut";"r00";0,997601398639256;36,1693861693862;18,4615384615385;36,0872151823428;43,369857994572
"Eskimo_Aleut";"r00";0,993312632024888;37,0629370629371;43,7487179487179;37,0939615682075;44,238388774579
"Eskimo_Aleut";"r00";0,995208203280156;35,1981351981352;41,7408115234202;35,2284956451203;45,1273616603953
"Eskimo_Aleut";"r00";0,990065728799549;34,2191142191142;44,8293891293891;34,2683498335471;40,8040989361741
"Eskimo_Aleut";"r00";0,9858185274791;36,6122766122766;42,8645773267213;36,6412896086313;45,3225259190874
"Eskimo_Aleut";"r00";0,990710138803708;35,3069153069153;39,1230277718284;35,3246234854068;52,2869578316993
"Eskimo_Aleut";"r00";0,99264238360825;35,9129759129759;35,6806639415335;35,9118978991873;51,7398743176017
"Eskimo_Aleut";"r00";0,981089538178789;37,5990675990676;43,6871564217891;37,6273185912844;42,1870998334486
"Eskimo_Aleut";"r00";0,992549984665404;36,2937062937063;39,5240740740741;36,3086963994157;47,1888984746518
"Eskimo_Aleut";"r00";0,996592267650446;35,1048951048951;42,4882987382987;35,1391568386928;46,8033942007906
"Eskimo_Aleut";"r00";0,994011245591396;38,1196581196581;43,4863818090955;38,1445617098643;47,1455242390954
"Eskimo_Aleut";"r00";0,973721985622892;39,3861693861694;42,3928245667376;39,4001213823669;44,9171780940938
"Eskimo_Aleut";"r00";0,997559320528785;34,7008547008547;30,462962962963;34,6811893099596;45,4939521505001
"Eskimo_Aleut";"r00";0,98591054004277;37,0940170940171;44,4446845082054;37,128126919605;41,3915047808087
"Eskimo_Aleut";"r00";0,982739702517555;39,6503496503496;43,312434691745;39,6673430844165;45,6357082217873
"Eskimo_Aleut";"r00";0,999700876398548;40,4040404040404;36,2820512820513;40,3849128443096;43,4637447815878
"Eskimo_Aleut";"r00";0,991167361603497;38,7334887334887;40,338808373591;38,7409380125611;44,6484033404258
"Eskimo_Aleut";"r00";0,993562632245879;34,1103341103341;34,817911557042;34,1136175323606;52,7401311394167
"Eskimo_Aleut";"r00";0,997623153597772;34,2268842268842;31,1574074074074;34,2126407149609;53,3508885780279
"Eskimo_Aleut";"r00";0,982421262126672;35,6876456876457;44,0026455026455;35,7262303735622;41,531135152302
"Eskimo_Aleut";"r00";0,997156953407686;36,4879564879565;41,0714285714286;36,5092254999448;44,3253479563509
"Eskimo_Aleut";"r00";0,991257562991748;37,4825174825175;37,752380952381;37,483769749199;46,5682414484026
"Eskimo_Aleut";"r00";0,986546294278492;33,6130536130536;35,9478260869565;33,6238878240694;53,26367704934
"Eskimo_Aleut";"r00";0,986969114436226;35,9362859362859;43,6504357711254;35,9720824552411;42,8264578895165
"Eskimo_Aleut";"r00";0,985372926636306;38,8267288267288;39,2910052910053;38,8288832418763;41,6429419179167
"Eskimo_Aleut";"r00";0,9883888340374;36,3480963480963;51,1231884057971;36,416658260197;34,7750108280652
"Eskimo_Aleut";"r00";0,987564069459105;37,047397047397;41,5000962000962;37,0680592244397;47,1025635536567
"Eskimo_Aleut";"r00";0,996040324889907;35,2758352758353;47,3325104846844;35,3317827246002;38,9061449779681
"Eskimo_Aleut";"r00";0,990822353016905;34,4910644910645;45,8837522630626;34,5439307916306;39,7297444945051
"Eskimo_Aleut";"r00";0,990503476105807;36,4257964257964;41,2593703148426;36,4482260030078;42,53654633468
"Eskimo_Aleut";"r00";0,990161299046462;33,5353535353535;31,1721611721612;33,5243874455011;43,7865164427069
"Eskimo_Aleut";"r00";0,97106133207246;40,4040404040404;49,9741430871866;40,4484492331965;34,1466467871724
"Eskimo_Aleut";"r00";0,990405254128062;36,1693861693862;39,6245421245421;36,1854193756746;44,5700003063356
"Eskimo_Aleut";"r00";0,984880006667614;37,1250971250971;42,4859336066233;37,1499733964731;46,8627889162293
"Eskimo_Aleut";"r00";0,987886577215366;38,1585081585082;41,8;38,1754060324826;42,7084558613575
"Eskimo_Aleut";"r00";0,995495096275405;38,5236985236985;46,7681318681319;38,5619557549952;41,6861638640864
"Eskimo_Aleut";"r00";0,998036460659944;38,6247086247086;32,5;38,5962877030162;41,597300443658
"Eskimo_Aleut";"r00";0,989890288753969;39,7824397824398;45,8216748768473;39,8104640752213;40,3100974249576
"Eskimo_Aleut";"r00";0,995533692231601;37,4125874125874;39,8037037037037;37,4236830798316;46,3689312771929
"Eskimo_Aleut";"r00";0,997590276364475;34,1958041958042;37,267032967033;34,210055837434;46,8002885720795
"Eskimo_Aleut";"r00";0,998649892799181;35,3846153846154;37,2250712250712;35,393155782947;47,7838375974456
"Eskimo_Aleut";"r00";0,990095516191702;38,8034188034188;43,5525826830175;38,8254566868508;44,8181984199677
"Eskimo_Aleut";"r00";0,986457890854336;36,4879564879565;37,6690476190476;36,4934371892609;52,9719270164983
"Eskimo_Aleut";"r00";0,994407164806199;36,2703962703963;41,2469053934571;36,2934891201553;49,5663533361741
"Eskimo_Aleut";"r00";0,995475759199497;36,4180264180264;38,0540293040293;36,4256180787503;47,8058418362363
"Eskimo_Aleut";"r00";0,975785129493685;37,5912975912976;42,4789098663338;37,6139779266806;41,8927293862496
"Eskimo_Aleut";"r00";0,994477294999712;35,3146853146853;33,3571428571429;35,3056015909844;48,074261452356
"Eskimo_Aleut";"r00";0,983057156559253;38,8733488733489;51,3739598037239;38,9313563486638;32,0167946947564
"Eskimo_Aleut";"r00";0,975046911727054;37,2804972804973;44,8039215686275;37,3154087621127;38,1651157384643
"Eskimo_Aleut";"r00";0,969441753571211;35,8119658119658;44,1581232858822;35,8506950809863;40,4052158995101
"Eskimo_Aleut";"r00";0,981123628324932;35,4933954933955;41,6727224388515;35,5220698643721;44,0591449067794
"Eskimo_Aleut";"r00";0,994141313115521;34,8407148407148;42,8641326467413;34,8779464778658;43,9515910424896
"Eskimo_Aleut";"r00";0,998167389020468;36,7443667443667;36,5435897435897;36,7434350645488;48,6330084179069
"Eskimo_Aleut";"r00";0,98434416837987;38,0963480963481;44,7156084656085;38,1270639217275;43,3662505621273
"Eskimo_Aleut";"r00";0,99186017086205;35,1437451437451;41,8086080586081;35,1746725818652;43,7334941120144
"Eskimo_Aleut";"r00";0,980356682028938;38,3449883449883;44,9837164750958;38,3757945080051;41,7038343831836
"Eskimo_Aleut";"r00";0,983472322193076;35,042735042735;42,2807981492192;35,0763223425331;44,8663051207808
"Eskimo_Aleut";"r00";0,982801221379579;36,2781662781663;41,7788605697151;36,3036915417001;37,8880112219325
"Eskimo_Aleut";"r00";0,986352987793093;32,3076923076923;37,9085729085729;32,3336824728936;45,2495595962319
"Eskimo_Aleut";"r00";0,992261388344431;35,011655011655;38,9513687600644;35,0299367459864;44,1943604908187
"Eskimo_Aleut";"r00";0,98845713529235;39,005439005439;36,8181818181818;38,9952893201153;40,7545582332594
"Eskimo_Aleut";"r00";0,994371089096436;36,8997668997669;36,8060200668896;36,8993318796607;49,9900418972611
"Eskimo_Aleut";"r00";0,989921866231848;41,0567210567211;45,2808302808303;41,0763224916357;35,5623631088539
"Eskimo_Aleut";"r00";0,989537771416147;39,3240093240093;43,3125104114609;39,3425174497051;43,3279430140513
"Eskimo_Aleut";"r00";0,995031584673032;38,8966588966589;44,6664835164835;38,9234330248251;42,662102706773
"Eskimo_Aleut";"r00";0,964748620802494;41,3209013209013;34,7916666666667;41,2906032482599;36,0681427578055
"Eskimo_Aleut";"r00";0,987569140781735;39,98445998446;47,9692307692308;40,0215122850854;37,3466375365186
"Eskimo_Aleut";"r00";0,990507426717896;38,5858585858586;41,1043123543124;38,597545146269;40,208335309273
"Eskimo_Aleut";"r00";0,983092304863728;40,5361305361305;38,2181818181818;40,5253743935879;47,7007102669416
"Eskimo_Aleut";"r00";0,988879912888588;38,5470085470086;43,4786452927382;38,5698931722788;44,4861689022257
"Eskimo_Aleut";"r00";0,990889454107868;38,010878010878;43,8903625110522;38,0381610015981;42,1699843021464
"Eskimo_Aleut";"r00";0,986227907375114;34,957264957265;38,3128205128205;34,9728359807246;45,246616651452
"Eskimo_Aleut";"r00";0,997346513558772;34,2035742035742;33,7285714285714;34,2013700143631;53,1154609609121
"Eskimo_Aleut";"r00";0,99131479552021;38,5314685314685;39,3321521057653;38,5351840004908;45,4893803400078
"Eskimo_Aleut";"r00";0,986345153538851;41,4141414141414;42,9875567266872;41,4214426452901;47,1053229018724
"Eskimo_Aleut";"r00";0,975536712667129;38,2206682206682;47,6486572890026;38,2644175898948;36,8076024477158
"Eskimo_Aleut";"r00";0,968133666545589;34,6464646464647;43,0971659919028;34,6856790378588;41,7149561868426
"Eskimo_Aleut";"r00";0,997586230780778;38,6480186480186;39,2621082621083;38,6508682517963;48,7531529538499
"Eskimo_Aleut";"r00";0,996406071759176;39,8135198135198;39,8781653129479;39,8138197926355;44,3639114793487
"Eskimo_Aleut";"r00";0,993176604485567;36,1305361305361;41,5904067197171;36,155871956936;39,6512259496931
"Eskimo_Aleut";"r00";0,981701329225836;39,9300699300699;46,6465585389124;39,961236930575;39,1279819379049
"Eskimo_Aleut";"r00";0,986417522436972;34,8717948717949;37,1;34,8821345707657;46,7560543270367
"Eskimo_Aleut";"r00";0,987999234686703;36,1072261072261;38,2287749287749;36,11707088134;52,9144902041892
"Eskimo_Aleut";"r00";0,985685008691727;36,2626262626263;38,9551724137931;36,2751206763208;41,7858351209681
"Eskimo_Aleut";"r00";0,996345833574853;38,4848484848485;39,1923696271522;38,4881316456016;47,1144503373979
"Eskimo_Aleut";"r00";0,994662930524317;39,0675990675991;47,9177655677656;39,1086671256045;38,5502806899546
"Eskimo_Aleut";"r00";0,971967408461745;34,8640248640249;41,7982524574817;34,8962022542497;36,5681905018543
"Eskimo_Aleut";"r00";0,980854700947529;37,5990675990676;44,807945041816;37,6325194665514;40,3622129918595
"Eskimo_Aleut";"r00";0,986301816393846;36,6588966588967;42,5992320079277;36,6864620201451;44,1607046487957
"Eskimo_Aleut";"r00";0,99715648413631;37,4203574203574;42,5;37,4439288476411;42,6192567108078
"Eskimo_Aleut";"r00";0,994695729598151;35,5322455322455;41,887842617153;35,5617378621059;50,6660113170972
"Eskimo_Aleut";"r00";0,986307282839561;36,7210567210567;40,7023659110616;36,7395314736786;46,7356664131195
"Eskimo_Aleut";"r00";0,98861228630212;35,1981351981352;40,8304347826087;35,224271159084;40,9693430758197
"Eskimo_Aleut";"r00";0,988911613005337;37,000777000777;33,6481481481482;36,9852195583054;44,2637057791816
"Eskimo_Aleut";"r00";0,989396844814895;32,4475524475524;37,5793650793651;32,4713659632453;44,5343966950529
"Eskimo_Aleut";"r00";0,9868467251632;37,047397047397;34,2115942028986;37,0342378694643;56,7483698437694
"Eskimo_Aleut";"r00";0,997982799381168;38,8344988344988;37,2153846153846;38,8269855434589;43,2842793834261
"Eskimo_Aleut";"r00";0,987056390546898;37,3271173271173;42,2385730211817;37,349908304816;42,981847170496
"Eskimo_Aleut";"r00";0,977901864768752;38,6480186480186;43,1557687321753;38,6689362818198;43,9065503206182
"Eskimo_Aleut";"r00";0,990028332298522;35,2059052059052;45,0106837606838;35,2514030182244;37,4715880809407
"Eskimo_Aleut";"r00";0,995717180975998;36,969696969697;39,5722222222222;36,9817736530034;44,9231064126853
"Eskimo_Aleut";"r00";0,990691912122658;36,5578865578866;40,0912242291553;36,5742825563611;42,5472193819708
"Eskimo_Aleut";"r00";0,992970072628228;33,5819735819736;40,9723027375201;33,616267452765;48,1368855421602
"Eskimo_Aleut";"r00";0,987006738495227;38,6091686091686;40,5242216948206;38,6180551664106;42,2806793176109
"Eskimo_Aleut";"r00";0,996116282790845;34,2035742035742;38,4214285714286;34,2231466136339;45,6248758502021
"Eskimo_Aleut";"r00";0,976032668237589;43,4110334110334;49,8292606516291;43,4408163680663;35,8665554140687
"Eskimo_Aleut";"r00";0,993386913356064;34,8096348096348;36,4153846153846;34,8170860848355;45,3290909564476
"Eskimo_Aleut";"r00";0,991871260125062;39,6348096348096;44,5728234728235;39,6577238521554;43,3572388267354
"Eskimo_Aleut";"r00";0,976275043267835;37,9098679098679;44,5684523809524;37,9407662136781;35,8118789980652
"Eskimo_Aleut";"r00";0,999119922697579;35,4234654234654;33,2148148148148;35,4132164647246;45,7694680643181
"Eskimo_Aleut";"r00";0,998168627405329;35,2136752136752;33,7304843304843;35,2067926573727;53,3850222075922
"Eskimo_Aleut";"r00";0,981659478612048;37,8632478632479;38,0333333333333;37,8640371229698;49,2393551663649
"Eskimo_Aleut";"r00";0,986509170218131;36,8453768453768;49,5887806096951;36,9045109695732;36,6406565944206
"Eskimo_Aleut";"r00";0,99484737227097;33,6829836829837;45,3953655040612;33,7373334826175;42,5461593499708
"Eskimo_Aleut";"r00";0,995389901053706;38,9277389277389;40,0124875124875;38,9327725638631;42,9050547849142
"Eskimo_Aleut";"r00";0,962079326658334;38,6091686091686;41,712962962963;38,6235713671909;45,618130927329
"Eskimo_Aleut";"r00";0,973941953753713;37,1173271173271;42,953503823069;37,1444091438039;43,9885403968329
"Eskimo_Aleut";"r00";0,98861506159683;38,8966588966589;39,0103448275862;38,897186441582;45,6343870496261
"Eskimo_Aleut";"r00";0,970053006085915;36,1149961149961;44,7238825031928;36,1549445437116;38,649840191266
"Eskimo_Aleut";"r00";0,966538450757388;30,4662004662005;42,6324786324786;30,5226565133758;42,6840033048779
"Eskimo_Aleut";"r00";0,988009752615248;38,8422688422688;41,6593406593407;38,8553411012808;37,8425530867257
"Eskimo_Aleut";"r00";0,996032190908627;34,965034965035;38,5119047619048;34,9814937575958;40,357539020214
"Eskimo_Aleut";"r00";0,988908089106104;39,7280497280497;45,1811151811152;39,7533539760918;42,7606679526772
"Eskimo_Aleut";"r00";0,984782761100506;34,7319347319347;39,8058608058608;34,7554796325098;40,5467902305422
"Eskimo_Aleut";"r00";0,990025444688903;36,006216006216;44,5652173913043;36,0459329499983;37,6932492338403
"Eskimo_Aleut";"r00";0,993093598527854;35,6177156177156;46,4461538461538;35,6679635909334;39,1413386265055
"Eskimo_Aleut";"r00";0,994477262567498;40,4662004662005;36,7012422360248;40,4487296623481;50,8726791069993
"Eskimo_Aleut";"r00";0,993313076873821;37,6612276612277;45,5763532763533;37,6979567824115;42,1513461486793
"Eskimo_Aleut";"r00";0,986599426876336;36,2859362859363;43,1494708994709;36,317785634491;43,5305317042083
"Eskimo_Aleut";"r00";0,984112731784858;38,4693084693085;40,1600985221675;38,4771543628252;46,9257146470599
"Eskimo_Aleut";"r00";0,981784679124921;34,1569541569542;45,5678419808855;34,2099049125176;41,3325747130512
"Eskimo_Aleut";"r00";0,997851350401062;34,3589743589744;33,0797720797721;34,353038385521;53,6095551902527
"Eskimo_Aleut";"r00";0,990963696052281;35,6099456099456;45,2243203794928;35,6545598780178;39,2727532913365
"Eskimo_Aleut";"r00";0,964711032735929;36,2470862470862;44,2561179087875;36,2842511271869;39,4026984071851
"Eskimo_Aleut";"r00";0,993008712943942;35,7886557886558;40,6695858419996;35,8113051160495;41,0260175238203
"Eskimo_Aleut";"r00";0,981734375415908;38,4537684537685;36,530303030303;38,4448428601561;47,5058601528491
"Eskimo_Aleut";"r00";0,958352270655379;34,6542346542347;42,8106060606061;34,6920832454475;44,2623513054406
"Eskimo_Aleut";"r00";0,985702212742578;34,7086247086247;34,8978260869565;34,7095026732573;48,7353692806629
"Eskimo_Aleut";"r00";0,997093905617723;34,8717948717949;42,4893162393162;34,9071429987903;46,3687584683831
"Eskimo_Aleut";"r00";0,999286762841116;40,4506604506605;31,3037037037037;40,4082151757326;48,1860771371339
"Eskimo_Aleut";"r00";0,991640938106381;35,4234654234654;46,5105090311987;35,4749134216452;40,3214798645219
"Eskimo_Aleut";"r00";0,996804106738119;36,961926961927;42,8301790801791;36,9891578302251;45,528833259736
"Eskimo_Aleut";"r00";0,993468383102713;38,958818958819;38,5774008600096;38,9570490372468;44,2013451059502
"Eskimo_Aleut";"r00";0,977034297353098;34,9494949494949;40,3208274894811;34,9744199264786;42,7451115588882
"Eskimo_Aleut";"r00";0,993346317845661;35,2214452214452;48,3989010989011;35,2825935085796;39,0031964635379
"Eskimo_Aleut";"r00";0,987489707887276;39,1219891219891;46,9671414292854;39,1583935410485;40,7667583982698
"Eskimo_Aleut";"r00";0,995404973899312;32,6418026418026;36,3714285714286;32,659109490664;49,6877435166661
"Eskimo_Aleut";"r00";0,992953011464331;36,2004662004662;39,9304560174125;36,2177747378998;48,5843202543368
"Eskimo_Aleut";"r00";0,991872879458701;36,6899766899767;46,3095375389228;36,7346150233825;41,3539433042929
"Eskimo_Aleut";"r00";0,970460031629286;41,6860916860917;45,6560846560847;41,7045139272517;40,7125036989206
"Eskimo_Aleut";"r00";0,994709966352421;35,8741258741259;43,631650841246;35,910123669797;45,5531142844035
"Eskimo_Aleut";"r00";0,98312005477546;34,3822843822844;43,0278547594889;34,4224030383271;42,9924956598089
"Eskimo_Aleut";"r00";0,990918167821174;28,8111888111888;42,2090872090872;28,8733600334528;45,1671682816771
"Eskimo_Aleut";"r00";0,991687382158691;36,1616161616162;40,2876254180602;36,1807623762632;41,5859432379681
"Eskimo_Aleut";"r00";0,987436765780219;36,954156954157;40,4028971028971;36,9701603887219;50,5296893634085
"Eskimo_Aleut";"r00";0,971068668276934;39,0753690753691;36,5178571428571;39,0635012705778;48,5171532352726
"Eskimo_Aleut";"r00";0,987087567764118;35,4234654234654;45,1802381637464;35,4687404709841;43,1082456742741
"Eskimo_Aleut";"r00";0,989379465574737;38,034188034188;43,9370629370629;38,0615795650598;41,9831704824929
"Eskimo_Aleut";"r00";0,968448134320862;33,4265734265734;44,6550651441956;33,4786777964928;43,1347324343514
"Eskimo_Aleut";"r00";0,988370365708708;38,049728049728;47,9006211180124;38,095439850509;36,6276991497022
"Eskimo_Aleut";"r00";0,993604673999506;38,8578088578089;42,2605363984674;38,873598776791;38,211064899572
"Eskimo_Aleut";"r00";0,987784090592746;37,039627039627;43,7314358693669;37,0706795167952;41,4987349309838
"Eskimo_Aleut";"r00";0,992813428093542;32,3387723387723;35,1222222222222;32,3516885795308;50,8705086774444
"Eskimo_Aleut";"r00";0,983049310452891;35,4700854700855;38,583693982968;35,4845337694492;40,642530310527
"Eskimo_Aleut";"r00";0,991778374427541;37,3426573426573;38,8509316770186;37,349656295485;37,6452924327092
"Eskimo_Aleut";"r00";0,98691450014194;40,2874902874903;42,4885579937304;40,2977040587489;49,4452758035294
"Eskimo_Aleut";"r00";0,976754786143229;39,96114996115;46,7799089177216;39,9927915340343;37,1751502471105
"Eskimo_Aleut";"r00";0,990509692685158;33,6363636363636;34,8951048951049;33,6422046630863;44,3029350356657
"Eskimo_Aleut";"r00";0,998680969554547;37,2027972027972;36,1470085470085;37,1978979514942;51,8119528045232
"Eskimo_Aleut";"r00";0,993257449864465;36,6744366744367;38,3002645502646;36,6819811193361;45,5323070271471
"Eskimo_Aleut";"r00";0,987344731859629;39,0675990675991;48,9129521016618;39,1132851605646;36,0441070501081
"Eskimo_Aleut";"r00";0,975745456894318;37,7156177156177;45,024317617866;37,7495327963706;38,5811416691168
"Eskimo_Aleut";"r00";0,988470702031355;38,9199689199689;50,3037037037037;38,9727936753459;34,0164962498498
"Eskimo_Aleut";"r00";0,988399656005264;37,3038073038073;36,4652014652015;37,2999158614008;46,2682711904741
"Eskimo_Aleut";"r00";0,985597444243611;40,2175602175602;42,656157635468;40,2288762148591;45,1554799352384
"Eskimo_Aleut";"r00";0,990232613949072;33,7762237762238;41,1659030624548;33,8105146313803;42,2183404716161
"Eskimo_Aleut";"r00";0,992109209409844;37,6923076923077;42,47705997706;37,7145107191511;45,7872760355712
"Eskimo_Aleut";"r00";0,96446705560642;36,8686868686869;45,7350193665983;36,9098299429231;39,4313652860746
"Eskimo_Aleut";"r00";0,987761733846335;35,1437451437451;53,6100759144237;35,2294357737715;32,73102054307
"Eskimo_Aleut";"r00";0,997813977320143;37,6146076146076;39,2042328042328;37,6219840656036;45,9535243779378
"Eskimo_Aleut";"r00";0,98591920597556;38,6480186480186;46,7051155740811;38,6854065687892;38,9138959743462
"Eskimo_Aleut";"r00";0,984506166846427;36,8453768453768;43,8645427286357;36,877948380798;43,0794042002883
"Eskimo_Aleut";"r00";0,994634948600545;37,6534576534577;37,9333333333333;37,6547563805104;40,0497493993221
"Eskimo_Aleut";"r00";0,980992213304704;34,7474747474747;39,4319131161236;34,7692122805079;40,0175044518388
"Eskimo_Aleut";"r00";0,98602583505675;40,04662004662;38,8089225589226;40,0408766708071;46,7020982454298
"Eskimo_Aleut";"r00";0,981542779179165;38,6635586635587;42,8636363636364;38,6830485832806;39,7033523712756
"Eskimo_Aleut";"r00";0,982473219097494;35,0815850815851;42,2619047619048;35,1149044304497;37,8977125142909
"Eskimo_Aleut";"r00";0,965819569796653;36,1849261849262;45,9460736018545;36,2302215325685;36,8497334473743
"Eskimo_Aleut";"r00";0,989302778158002;38,5236985236985;32,5874125874126;38,4961519532285;46,8254478752127
"Eskimo_Aleut";"r00";0,986421432112393;36,6278166278166;39,2770186335404;36,6401099085857;43,2819697008217
"Eskimo_Aleut";"r00";0,987649195670094;37,008547008547;46,0158841158841;37,0503443965161;38,6978576861312
"Eskimo_Aleut";"r00";0,996202662223999;34,8407148407148;39,9160340464688;34,8642662059388;42,3374292490732
"Eskimo_Aleut";"r00";0,993811273490623;37,024087024087;46,2944917151814;37,0671051433032;40,2098926782514
"Eskimo_Aleut";"r00";0,986549755275938;38,2595182595183;40;38,2675947409126;41,016140967974
"Eskimo_Aleut";"r00";0,998113130309077;34,3512043512044;40,7747252747253;34,3810118728912;43,5732751430357
"Eskimo_Aleut";"r00";0,988906775139618;38,3838383838384;44,683908045977;38,4130730458437;42,7951693547976
"Eskimo_Aleut";"r00";0,991029385134419;38,1041181041181;42,3607873607874;38,1238706296711;41,9900299729935
"Eskimo_Aleut";"r00";0,990223817347298;36,3480963480963;41,4490885870196;36,3717668457248;48,1159675854361
"Eskimo_Aleut";"r00";0,99521154738116;35,9440559440559;43,8579214666171;35,9807792179425;45,3180418609534
"Eskimo_Aleut";"r00";0,990045688176819;33,3177933177933;38,9797101449275;33,3440667137429;44,421291123113
"Eskimo_Aleut";"r00";0,988927697807131;36,3714063714064;40,0075011944577;36,3882792012117;49,4794236881979
"Eskimo_Aleut";"r00";0,986044286321881;37,2105672105672;36,2878787878788;37,2062855937566;47,254802662528
"Eskimo_Aleut";"r00";0,99764878225818;39,5804195804196;43,612962962963;39,5991320787144;39,3043136262139
"Eskimo_Aleut";"r00";0,996927095849071;38,2206682206682;39,3074074074074;38,2257110939245;46,2732414742948
"Eskimo_Aleut";"r00";0,994078875047129;37,0940170940171;35,8826086956522;37,0883957093379;50,8268221391225
"Eskimo_Aleut";"r00";0,998388074788177;38,0652680652681;31,7948717948718;38,0361710988161;44,8100016314422
"Eskimo_Aleut";"r00";0,991463006459842;39,7280497280497;38,9962962962963;39,7246541204778;45,7646755783414
"Eskimo_Aleut";"r00";0,999164647753299;36,9386169386169;24,6153846153846;36,8814325658873;46,6441633131419
"Eskimo_Aleut";"r00";0,997572481238174;35,042735042735;29,2307692307692;35,0157653637932;48,8993650894124
"Eskimo_Aleut";"r00";0,990101226681083;36,9463869463869;44,6294705294705;36,9820393064013;42,6623917372398
"Eskimo_Aleut";"r00";0,991177452793603;38,8111888111888;39,6575837955148;38,815116398123;44,4686146147867
"Eskimo_Aleut";"r00";0,997972000307307;36,0916860916861;35,1851851851852;36,0874795909599;46,9915621532294
"Eskimo_Aleut";"r00";0,989787246641369;35,7808857808858;40,8287545787546;35,8043097660267;44,5035999902427
"Eskimo_Aleut";"r00";0,988597280626808;37,5679875679876;40,4106280193237;37,5811784749543;44,4152533544746
"Eskimo_Aleut";"r00";0,976938374358845;38,1973581973582;48,5333631885356;38,2453210975493;33,7963578260001
"Eskimo_Aleut";"r00";0,992777072276766;32,7195027195027;36,8890804597701;32,7388511080886;51,3259112785528
"Eskimo_Aleut";"r00";0,983685155338801;40,3574203574204;48,5811855976774;40,395581681041;37,3186504752124
"Eskimo_Aleut";"r00";0,962182045924818;33,6441336441336;41,9527037556491;33,6826884938391;42,5116589436772
"Eskimo_Aleut";"r00";0,981278960636898;37,2649572649573;44,1305418719212;37,2968161262425;34,2595253138327
"Eskimo_Aleut";"r00";0,976774361697874;37,6223776223776;38,9777777777778;37,6286671822635;40,2814609845429
"Eskimo_Aleut";"r00";0,973558728576686;32,0823620823621;38,2525770525771;32,1109941703909;51,3597272468941
"Eskimo_Aleut";"r00";0,991634306925192;40,03108003108;46,0712002972873;40,0591084313873;39,6552773367238
"Eskimo_Aleut";"r00";0,995521128499046;33,8073038073038;33,0307692307692;33,803700398596;41,8815591854656
"Eskimo_Aleut";"r00";0,989559360717283;37,8321678321678;34,2311688311688;37,8154578600054;52,6621853140415
"Eskimo_Aleut";"r00";0,993489079448594;34,5299145299145;50,7838739360479;34,6053389355114;36,887765293123
"Eskimo_Aleut";"r00";0,997180133469024;40,1476301476301;46,633908045977;40,1777288849775;43,1478006483345
"Eskimo_Aleut";"r00";0,995825541590022;35,042735042735;38,2317601882819;35,0575333032712;44,6556656101968
"Eskimo_Aleut";"r00";0,99553936512889;35,1359751359751;39,3481518481518;35,1555211996047;42,5627590081802
"Eskimo_Aleut";"r00";0,997856414057433;36,4801864801865;39,5967032967033;36,4946482751587;44,1356867616906
"Eskimo_Aleut";"r00";0,975643919807659;36,6899766899767;38,1428571428571;36,6967185946304;41,638494863988
"Eskimo_Aleut";"r00";0,988509463500073;42,6107226107226;50,25;42,6461716937355;37,0364045787253
"Eskimo_Aleut";"r00";0,980507028866084;38,5780885780886;46,9025032938076;38,6167169526395;37,0305167075435
"Eskimo_Aleut";"r00";0,983320953983685;34,6620046620047;44,458544329234;34,7074642428271;41,5620843239358
"Eskimo_Aleut";"r00";0,950941035547032;38,6713286713287;44,2751322751323;38,6973324003486;40,2044461514402
"Eskimo_Aleut";"r00";0,987803635932251;38,5625485625486;44,1979949874687;38,5886991260053;34,1179726031669
"Eskimo_Aleut";"r00";0,992172494286411;34,2890442890443;44,683110367893;34,3372766142362;44,0471102658646
"Eskimo_Aleut";"r00";0,992952557941144;39,3317793317793;43,5503081792437;39,3513548716748;44,5875341824334
"Eskimo_Aleut";"r00";0,997264131262559;36,2859362859363;42,1688034188034;36,3132349733278;47,0232646813815
"Eskimo_Aleut";"r00";0,995856546471585;33,962703962704;35,5769230769231;33,97019453864;50,8122937649304
"Eskimo_Aleut";"r00";0,986603653163864;37,0940170940171;45,2116883116883;37,1316861019877;41,1846370884053
"Eskimo_Aleut";"r00";0,988854538247385;36,6744366744367;40,03256003256;36,6900196134535;42,6169257940546
"Eskimo_Aleut";"r00";0,99947718717427;36,2703962703963;31,6666666666667;36,2490332559938;50,8084070586158
"Eskimo_Aleut";"r00";0,976355525342393;37,8166278166278;44,7144399460189;37,8486362255809;40,8771950290824
"Eskimo_Aleut";"r00";0,987821364738922;36,3558663558664;46,2193422519509;36,4016365456394;39,7403235139327
"Eskimo_Aleut";"r00";0,986941457273239;36,2937062937063;40,7192669399566;36,3142425380044;48,2712042430831
"Eskimo_Aleut";"r00";0,996955586526412;37,4203574203574;31,1594202898551;37,3913043478261;43,386450557059
"Eskimo_Aleut";"r00";0,990937024740909;37,3193473193473;44,1376152583049;37,3509866137276;42,5313253851547
"Eskimo_Aleut";"r00";0,990517550175206;37,7311577311577;44,8683072993418;37,764276754676;38,2953936823831
"Eskimo_Aleut";"r00";0,979854503617403;38,5314685314685;51,4113756613757;38,5912360819553;30,8606931426939
"Eskimo_Aleut";"r00";0,978940601084126;33,1080031080031;41,0032774243301;33,1446401117912;45,3176075938684
"Eskimo_Aleut";"r00";0,987922241096698;38,3527583527584;43,0699368264586;38,3746478120331;45,8590598357283
"Eskimo_Aleut";"r00";0,993415502883276;39,3317793317793;44,5895802098951;39,3561774797056;43,487575853054
"Eskimo_Aleut";"r00";0,997145968291703;37,8010878010878;36,3941798941799;37,7945592261137;51,5065544369514
"Eskimo_Aleut";"r00";0,987768968462275;34,7863247863248;36,3333333333333;34,7935034802784;45,9234698367081
"Eskimo_Aleut";"r00";0,988256373195232;38,4071484071484;37,2037037037037;38,40156397697;45,1491487988748
"Eskimo_Aleut";"r00";0,987056711662983;36,4335664335664;44,0857142857143;36,4690752403049;40,8109714326742
"Eskimo_Aleut";"r00";0,992531100002832;36,6200466200466;43,7753306718824;36,6532497943011;42,809269278796
"Eskimo_Aleut";"r00";0,971677637356952;38,6324786324786;42,4076671341749;38,6499969085886;43,4566568841859
"Eskimo_Aleut";"r00";0,992234410415057;37,2416472416472;36,4212643678161;37,2378403605622;47,4685280636381
"Eskimo_Aleut";"r00";0,991059401787633;39,8290598290598;43,2400932400932;39,8448882903639;45,8995276357815
"Eskimo_Aleut";"r00";0,970885572139291;38,8655788655789;46,488198757764;38,9009506516215;37,404655026
"Eskimo_Aleut";"r00";0,995200193813668;36,4257964257964;40,1650793650794;36,4431480867676;50,736278201902
"Eskimo_Aleut";"r00";0,996627736777254;36,8764568764569;41,4153846153846;36,8975191861503;41,9528579567266
"Eskimo_Aleut";"r00";0,987490494431112;33,030303030303;42,4342251950948;33,0739407201629;46,5817139409675
"Eskimo_Aleut";"r00";0,988182185679957;37,6068376068376;40,1246122970261;37,6185210160728;47,5798103520905
"Eskimo_Aleut";"r00";0,998299022616076;37,7078477078477;44,9835978835979;37,7416098896377;38,9781162523203
"Eskimo_Aleut";"r00";0,99763702619026;35,998445998446;36,8978021978022;36,0026193450787;52,7833710258246
"Eskimo_Aleut";"r00";0,999441315899138;36,9075369075369;30,5128205128205;36,8778630495568;48,1150123277328
"Eskimo_Aleut";"r00";0,972074065158385;35,5710955710956;40,3359683794466;35,5932063497886;49,6645790172019
"Eskimo_Aleut";"r00";0,989933809942541;35,7342657342657;39,6158008658009;35,7522774982172;45,1068995268225
"Eskimo_Aleut";"r00";0,993378484040454;38,4615384615385;42,3775362318841;38,4797101449275;41,060339846466
"Eskimo_Aleut";"r00";0,976681041958195;39,1841491841492;40,7544991511036;39,1914361909564;39,382395962296
"Eskimo_Aleut";"r00";0,995719075651239;34,024864024864;43,5391782130913;34,0690139746934;37,7645676448507
"Eskimo_Aleut";"r00";0,997780745880761;39,4794094794095;43,9280626780627;39,5000528817234;46,7369295393381
"Eskimo_Aleut";"r00";0,996099218329402;33,2323232323232;42,1521164021164;33,2737143839232;47,7171013925333
"Eskimo_Aleut";"r00";0,978834837437577;36,7365967365967;37,9987179487179;36,7424534475579;44,2234376520159
"Eskimo_Aleut";"r00";0,984838612478211;39,4250194250194;40,0649350649351;39,4279888711443;38,3751082591345
"Eskimo_Aleut";"r00";0,991445911287293;38,2128982128982;42,7106227106227;38,2337693242566;41,5181101738234
"Eskimo_Aleut";"r00";0,988242296598965;34,2968142968143;31,8060200668896;34,2852560869307;48,855495738446
"Eskimo_Aleut";"r00";0,977313409730694;36,1227661227661;42,3042952208106;36,1514507125482;43,2562579616911
"Eskimo_Aleut";"r00";0,993860257457925;32,2843822843823;37,4408522234609;32,3083102191344;47,39990135922
"Eskimo_Aleut";"r00";0,985833253728249;34,3822843822844;34,7826086956522;34,3841420357107;44,3627377233563
"Eskimo_Aleut";"r00";0,995275974322952;34,6231546231546;43,2568783068783;34,6632183061417;46,4971697947092
"Eskimo_Aleut";"r00";0,992929189712459;35,8741258741259;38,351294438251;35,885620855862;45,7156337978219
"Eskimo_Aleut";"r00";0,985935971752849;35,1670551670552;45,7430213464696;35,2161315762404;41,8925045799053
"Eskimo_Aleut";"r00";0,982259525900431;36,6278166278166;39,8814229249012;36,6429145688704;42,6094627642694
"Eskimo_Aleut";"r00";0,997195517879264;37,9487179487179;38,9675213675214;37,9534455747913;46,5510418586179
"Eskimo_Aleut";"r00";0,978855107280621;36,4801864801865;45,4681704260652;36,5218940623019;39,2007010437977
"Eskimo_Aleut";"r00";0,981745157018627;34,9028749028749;40,03663003663;34,9266974324979;42,5621039138554
"Eskimo_Aleut";"r00";0,999373652863668;34,7707847707848;35,3703703703704;34,7735670705508;44,597909210098
"Eskimo_Aleut";"r00";0,997658619327629;38,3294483294483;36,1359788359788;38,3192698167176;56,6833962712424
"Eskimo_Aleut";"r00";0,984807184374914;35,2758352758353;46,6227600485471;35,3284892190961;37,8163268514447
"Eskimo_Aleut";"r00";0,996515057966249;37,9409479409479;39,1483516483516;37,9465507423744;46,3009717680776
"Eskimo_Aleut";"r00";0,976290511668703;40,4118104118104;42,1402691511387;40,4198311020161;40,8759518768257
"Eskimo_Aleut";"r00";0,96492866900666;38,9121989121989;42,1269841269841;38,9271167090193;36,9909778271595
"Eskimo_Aleut";"r00";0,977758029490313;37,5524475524476;34,946949602122;37,5403570747198;50,5672771350229
"Eskimo_Aleut";"r00";0,975029417731865;36,013986013986;35,8035714285714;36,0130096121975;40,5176039255575
"Eskimo_Aleut";"r00";0,965414539354547;34,7940947940948;40,3296703296703;34,8197819195499;41,9894378174246
"Eskimo_Aleut";"r00";0,957711093147226;40,2020202020202;40,3703703703704;40,2028014092979;37,4006234823927
"Eskimo_Aleut";"r00";0,982482105414439;37,0784770784771;35,5200335055144;37,071245321758;50,7507718674379
"Eskimo_Aleut";"r00";0,981402266013521;37,6301476301476;39,2095238095238;37,6374765219313;45,8372743639541
"Eskimo_Aleut";"r00";0,982634780955458;38,8422688422688;43,539751552795;38,8640669058908;44,0984691018874
"Eskimo_Aleut";"r00";0,997407651823924;36,954156954157;43,0221992178514;36,982314922898;38,7173038983316
"Eskimo_Aleut";"r00";0,990378397718957;36,3170163170163;39,2460317460317;36,3306080359445;44,1641782553905
"Eskimo_Aleut";"r00";0,989495247516334;38,7257187257187;43,8024013024013;38,7492764174899;43,3381080977686
"Eskimo_Aleut";"r00";0,984590977933516;39,2307692307692;46,1264057121;39,2627675439077;40,0855373603383
"Eskimo_Aleut";"r00";0,99323484773407;39,5337995337995;41,8839031339031;39,5447048869323;45,3961498028534
"Eskimo_Aleut";"r00";0,974029084351401;40,8236208236208;45,8434782608696;40,8469148256498;39,0291617277906
"Eskimo_Aleut";"r00";0,992892386193934;36,985236985237;39,3650793650794;36,9962803373476;46,3718156376435
"Eskimo_Aleut";"r00";0,98492588068677;35,8041958041958;45,878319581468;35,8509434783363;39,4934071980315
"Eskimo_Aleut";"r00";0,989568518343069;36,037296037296;47,3461538461538;36,089773335713;38,4720749039747
"Eskimo_Aleut";"r00";0,988032070920324;35,2680652680653;31,5719063545151;35,2509137185824;45,7635228249179
"Eskimo_Aleut";"r00";0,989148563251527;34,5998445998446;39,798951048951;34,6239703838312;42,3422639507658
"Eskimo_Aleut";"r00";0,991559505543357;38,4615384615385;36,055900621118;38,4503754089147;56,3360802691384
"Eskimo_Aleut";"r00";0,98202843417913;37,4902874902875;46,3690476190476;37,5314882333444;38,9878827216595
"Eskimo_Aleut";"r00";0,995506659725908;37,2338772338772;30,2;37,2012374323279;48,8469482192043
"Eskimo_Aleut";"r00";0,994304641792828;37,6923076923077;41,6220735785953;37,7105432648659;41,0172830135202
"Eskimo_Aleut";"r00";0,997510201964843;36,1849261849262;41,3367521367521;36,2088325698534;42,0833261818244
"Eskimo_Aleut";"r00";0,993392511700598;36,0683760683761;35,55;36,0659706109822;43,0979672253722
"Eskimo_Aleut";"r00";0,988865993764062;34,5998445998446;37,4799721351445;34,6132094607973;56,564393726119
"Eskimo_Aleut";"r00";0,989369790981705;33,3566433566434;38,7069926575174;33,381470963608;51,1079793386774
"Eskimo_Aleut";"r00";0,977737446884978;37,2338772338772;47,8611223799865;37,2831915965042;36,3870417908822
"Eskimo_Aleut";"r00";0,996515951280887;37,6534576534577;40,3043956043956;37,6657589896569;46,5891579168519
"Eskimo_Aleut";"r00";0,976378199777399;39,7358197358197;40,6111111111111;39,7398814127352;39,4574085231465
"Eskimo_Aleut";"r00";0,987600781328888;32,3776223776224;40,4807433945365;32,41522386726;43,9593157065376
"Eskimo_Aleut";"r00";0,976884099263543;34,9106449106449;43,1943319838057;34,949084293815;33,8617371698897
"Eskimo_Aleut";"r00";0,983259200739465;35,7575757575758;38,5206896551724;35,7703976318105;43,4240785414647
"Eskimo_Aleut";"r00";0,978170857532456;36,5501165501165;38,6722767648434;36,5599641613218;47,7267218172661
"Eskimo_Aleut";"r00";0,988123370576048;36,1149961149961;40,2731884057971;36,1342916708699;41,938971487642
"Eskimo_Aleut";"r00";0,975345502876171;37,7933177933178;35,1623376623377;37,7811090688121;44,8516962930945
"Eskimo_Aleut";"r00";0,994163422477388;38,4149184149184;44,2724867724868;38,4420997066009;34,4190982099738
"Eskimo_Aleut";"r00";0,980229094198822;34,5454545454545;41,7122900088417;34,5787113225468;43,5708107258891
"Eskimo_Aleut";"r00";0,992337293213096;35,7731157731158;40,8915750915751;35,7968673244775;47,0904728156147
"Eskimo_Aleut";"r00";0,984718928905827;33,6519036519037;31,0714285714286;33,6399292895813;50,8001153554697
"Eskimo_Aleut";"r00";0,985500309163992;38,0730380730381;36,1748671118986;38,064229855121;51,8018736876808
"Eskimo_Aleut";"r00";0,972242850959385;40,4351204351204;47,7430555555556;40,4690319670018;30,1515179807949
"Eskimo_Aleut";"r00";0,975843644121033;33,2556332556333;41,1120879120879;33,2920901217885;39,6174202469613
"Eskimo_Aleut";"r00";0,99858821289981;37,2804972804973;38,6945868945869;37,2870591812587;47,5358481018438
"Eskimo_Aleut";"r00";0,997559571409128;34,2268842268842;43,2844932844933;34,268914895365;44,8325820915714
"Eskimo_Aleut";"r00";0,989645156610857;34,4055944055944;44,7634182908546;34,4536585535539;42,8854221115753
"Eskimo_Aleut";"r00";0,982725189725949;36,3480963480963;39,486531986532;36,3626598545392;41,4556272919866
"Eskimo_Aleut";"r00";0,994003155250643;35,3379953379953;42,1435897435897;35,3695758224761;47,2624635617342
"Eskimo_Aleut";"r00";0,993831933573321;32,2999222999223;36,5338827838828;32,3195694483397;50,0468168609047
"Eskimo_Aleut";"r00";0,976693127788302;35,9207459207459;43,8717948717949;35,9576417395443;40,2532599622697
"Eskimo_Aleut";"r00";0,997974940489114;37,8943278943279;44,0908628408628;37,9230821168176;44,7330086718234
"Eskimo_Aleut";"r00";0,980619677560973;39,7746697746698;42,8996865203762;39,7891710124689;39,4531560854576
"Eskimo_Aleut";"r00";0,99336094068157;36,5656565656566;39,8650674662669;36,5809670570747;45,1762153488317
"Eskimo_Aleut";"r00";0,987308982085806;35,0815850815851;45,454733672125;35,129720341866;42,7229925214016
"Eskimo_Aleut";"r00";0,989349476419884;37,8632478632479;36,0185185185185;37,85468763427;38,2789282410155
"Eskimo_Aleut";"r00";0,99704095900507;37,5835275835276;40,3462962962963;37,5963478559766;43,3167887734682
"Eskimo_Aleut";"r00";0,996503032848126;34,988344988345;38,7815425315425;35,005946833093;50,8554737319821
"Eskimo_Aleut";"r00";0,997501459687392;39,028749028749;42,5310337810338;39,0450009301517;48,5326911857374
"Eskimo_Aleut";"r00";0,994486712085742;35,2525252525253;38,0611111111111;35,2655581335396;46,3763787892315
"Eskimo_Aleut";"r00";0,995869539882264;36,5967365967366;38,3626373626374;36,6049310318452;45,2100232634901
"Eskimo_Aleut";"r00";0,981525056447133;41,6317016317016;45,2511568890879;41,6484972477452;40,3935103364374
"Eskimo_Aleut";"r00";0,989742783971674;36,4257964257964;48,5841999635103;36,4822159317719;37,0236724920031
"Eskimo_Aleut";"r00";0,992661879968621;36,6822066822067;38,7732919254658;36,6919100940083;40,4412944521979
"Eskimo_Aleut";"r00";0,981831930334871;35,2059052059052;44,3036437246964;35,2481220899831;40,4843311711465
"Eskimo_Aleut";"r00";0,992282666847869;38,010878010878;41,0275862068966;38,0248766567992;44,1167483353519
"Eskimo_Aleut";"r00";0,995046998411717;32,6573426573427;41,5333333333333;32,6985305491106;48,7854834917077
"Eskimo_Aleut";"r00";0,997669704322986;35,3923853923854;36,0362637362637;35,3953732269278;48,3091373484902
"Eskimo_Aleut";"r00";0,996444348285016;34,7552447552448;38,9236467236467;34,7745876878127;47,3952279452577
"Eskimo_Aleut";"r00";0,981063230005698;37,5291375291375;41,7263112141408;37,5486139731515;38,1493360410526
"Eskimo_Aleut";"r00";0,991660258624013;35,3535353535354;28,2142857142857;35,3204065849078;44,2102302205924
"Eskimo_Aleut";"r00";0,984970854336397;39,2773892773893;43,0793522267206;39,2950317968757;36,2442652897384
"Eskimo_Aleut";"r00";0,989193318165862;37,008547008547;44,8544973544974;37,044955130802;36,7526606440777
"Eskimo_Aleut";"r00";0,989629570233071;32,0512820512821;40,7404558404558;32,0916030433432;49,6465947184332
"Eskimo_Aleut";"r00";0,993437384119344;39,7902097902098;45,9348401196227;39,8187231560075;42,8402792377424
"Eskimo_Aleut";"r00";0,993282063515123;34,6853146853147;44,494486994487;34,7308328862853;45,0656217726731
"Eskimo_Aleut";"r00";0,995026031070278;36,8453768453768;36,3031533683708;36,8428607271541;50,3561094470583
"Eskimo_Aleut";"r00";0,991080902981727;36,3014763014763;42,6640951640952;36,3310012149919;45,3354144397889
"Eskimo_Aleut";"r00";0,996542906131515;31,3442113442113;33,2087912087912;31,3528636869704;61,2897094786117
"Eskimo_Aleut";"r00";0,99176005608026;38,8655788655789;35,8850931677019;38,8517483054959;43,7402671102847
"Eskimo_Aleut";"r00";0,983416789921346;39,2540792540793;42,4254658385093;39,2687956651439;45,052771294059
"Eskimo_Aleut";"r00";0,989045760162681;37,7544677544678;48,9296703296703;37,8063248429838;36,63368436984
"Eskimo_Aleut";"r00";0,973974669267676;38,6169386169386;43,679347826087;38,6404300749857;35,8724408016844
"Eskimo_Aleut";"r00";0,987076526392779;37,5912975912976;41,5218158597469;37,6095366551883;45,7470587571948
"Eskimo_Aleut";"r00";0,99680911071172;39,8912198912199;39,4274725274725;39,8890679312953;49,4547882919616
"Eskimo_Aleut";"r00";0,987168474700622;37,4203574203574;38,969178969179;37,4275445273125;43,8524001332645
"Eskimo_Aleut";"r00";0,99242198303621;40,3185703185703;47,4327586206897;40,3515827932901;39,4557714325089
"Eskimo_Aleut";"r00";0,98002725722934;35,6643356643357;43,1481481481481;35,699063332474;43,9637590798418
"Eskimo_Aleut";"r00";0,970414950335106;36,5034965034965;47,8897084195997;36,5563327536872;35,2830355651915
"Eskimo_Aleut";"r00";0,994493990724525;35,967365967366;38,5968660968661;35,9795678241154;46,2647002943098
"Eskimo_Aleut";"r00";0,989425945079853;38,026418026418;35,1529790660225;38,0130842029359;51,5131890366412
"Eskimo_Aleut";"r00";0,990795969915306;36,4024864024864;41,0334448160535;36,4239757686746;48,9642779598852
"Eskimo_Aleut";"r00";0,997223723872577;39,2385392385392;41,4153846153846;39,2486406091975;46,3217493036716
"Eskimo_Aleut";"r00";0,969699700850524;41,2276612276612;41,7946546207416;41,2302922874899;38,8459876015971
"Eskimo_Aleut";"r00";0,988861419187288;36,021756021756;39,9484702093398;36,0399774332993;44,65495925627
"Eskimo_Aleut";"r00";0,985269008051482;38,0574980574981;44,6987347531812;38,0883158611903;41,3903533932456
"Eskimo_Aleut";"r00";0,981077802256385;38,3139083139083;43,2111801242236;38,3366334731209;36,7139436551722
"Eskimo_Aleut";"r00";0,997797405500928;35,3302253302253;33,0417582417582;35,3196059933879;56,5866452918017
"Eskimo_Aleut";"r00";0,985836259808271;34,6309246309246;43,7482211275315;34,6732322712801;41,8054230755476
"Eskimo_Aleut";"r00";0,986818720478825;40,6837606837607;40,4404761904762;40,6826317533974;43,044842393455
"Eskimo_Aleut";"r00";0,996486849330725;35,8974358974359;40,238603988604;35,9175805289494;44,0885977316805
"Eskimo_Aleut";"r00";0,990970705459654;35,6410256410256;43,0961038961039;35,6756199716757;39,3729916866561
"Eskimo_Aleut";"r00";0,979567415794927;40,7925407925408;46,2197807906083;40,8177252008845;40,0640693816199
"Eskimo_Aleut";"r00";0,990880168331322;34,2579642579643;42,3988005997001;34,2957407607101;42,0455418147459
"Eskimo_Aleut";"r00";0,98907388066746;38,989898989899;41,0221324014427;38,999329307354;51,0088905933964
"Eskimo_Aleut";"r00";0,992715497754743;35,0738150738151;39,9657809983897;35,0965156117481;43,1537888258788
"Eskimo_Aleut";"r00";0,983570395315189;39,7047397047397;41,5167727009832;39,7131482105227;39,7646406013279
"Eskimo_Aleut";"r00";0,989031365073207;38,989898989899;43,8848484848485;39,0126133727062;43,6939132040306
"Eskimo_Aleut";"r00";0,989283732346541;39,2385392385392;48,2439299830604;39,2803275946623;38,6774873610908
"Eskimo_Aleut";"r00";0,992595262416897;39,4172494172494;48,0166166916542;39,4571536737432;38,6400464065772
"Eskimo_Aleut";"r00";0,994284233919428;37,5369075369075;42,5462962962963;37,560152960385;41,812895833257
"Eskimo_Aleut";"r00";0,991415865360683;34,6386946386946;50,293771043771;34,7113400048435;36,0411375401678
"Eskimo_Aleut";"r00";0,99261859051556;39,5726495726496;43,1750712250712;39,5893661464427;45,9533321029944
"Eskimo_Aleut";"r00";0,977510733644979;39,0909090909091;47,4601889338731;39,1297456563057;36,043244985
"Eskimo_Aleut";"r00";0,993213609253893;37,3892773892774;45,3776291341509;37,426346306887;42,4910986709947
"Eskimo_Aleut";"r00";0,970120574234934;38,1818181818182;44,4812979629442;38,2110501065566;40,6837805333659
"Eskimo_Aleut";"r00";0,974151388274186;40,2952602952603;46;40,3217324052591;38,2536830662486
"Eskimo_Aleut";"r00";0,995969701106097;38,8344988344988;37,7627806975633;38,8295256644899;50,179830195285
"Eskimo_Aleut";"r00";0,992114156813423;38,7801087801088;44,5710317917964;38,8069808126456;44,6050426586508
"Eskimo_Aleut";"r00";0,979676380890111;39,5260295260295;42,9365079365079;39,541855411925;40,5791466532516
"Eskimo_Aleut";"r00";0,996636945823994;34,980574980575;39,4582417582418;35,0013530166662;46,6693502613731
"Eskimo_Aleut";"r00";0,996888657911972;34,2424242424242;37,9449735449735;34,2596054456843;47,5386531523332
"Eskimo_Aleut";"r00";0,978250304031516;38,0963480963481;39,7174825174825;38,1038707618754;42,8367357440007
"Eskimo_Aleut";"r00";0,985570440115976;34,009324009324;41,5069388382732;34,0441157254676;46,0403967280962
"Eskimo_Aleut";"r00";0,998032899021711;37,3659673659674;41,4461538461538;37,3849009459218;43,0453173708738
"Eskimo_Aleut";"r00";0,990942569943659;36,9230769230769;46,1281630247147;36,9657919397899;38,6604534775421
"Eskimo_Aleut";"r00";0,992021279215818;33,5819735819736;31,9851851851852;33,5745638910372;45,0205088180919
"Eskimo_Aleut";"r00";0,994494452206016;41,0800310800311;40,9090909090909;41,0792378541798;44,7863550572327
"Eskimo_Aleut";"r00";0,991542680123594;36,4180264180264;52,1657839911213;36,4911018592009;34,0885019688045
"Eskimo_Aleut";"r00";0,978062975503729;37,4980574980575;45,7309357309357;37,536261109347;39,9771629109944
"Eskimo_Aleut";"r00";0,991070396379166;35,2913752913753;40,152508361204;35,3139327534163;42,7587199306597
"Eskimo_Aleut";"r00";0,98202361068255;36,0683760683761;42,423645320197;36,0978668769692;43,7756209646458
"Eskimo_Aleut";"r00";0,986599346295594;35,6643356643357;40,8026755852843;35,6881794690732;41,8447221162743
"Eskimo_Aleut";"r00";0,981572201962592;38,4149184149184;47,2245800176835;38,4557985151633;35,7067412897503
"Eskimo_Aleut";"r00";0,993575203958153;32,9215229215229;34,6464646464647;32,9295272914763;38,3304434571511
"Eskimo_Aleut";"r00";0,980277883455877;41,1499611499612;44,355270255691;41,1648349741177;46,6343551986008
"Eskimo_Aleut";"r00";0,980884096660701;39,0909090909091;42,1931677018634;39,1053047225144;40,0847474351831
"Eskimo_Aleut";"r00";0,985342001091748;30,5827505827506;38,5768921095008;30,6198463670974;44,2901755576154
"Eskimo_Aleut";"r00";0,981596004557345;35,4390054390054;37,4363636363636;35,4482739225199;47,6745298203372
"Eskimo_Aleut";"r00";0,976707447367959;37,4592074592075;43,2988505747126;37,4863055711124;33,2436778151512
"Eskimo_Aleut";"r00";0,996835562427685;36,3558663558664;41,4032967032967;36,3792883064345;44,0369106304686
"Eskimo_Aleut";"r00";0,989853683711678;34,4988344988345;42,3097273097273;34,5350799411124;45,5584180993457
"Eskimo_Aleut";"r00";0,981083287155003;37,2571872571873;41,3825405673232;37,276330428;47,564013080558
"Eskimo_Aleut";"r00";0,987605900245303;37,1794871794872;45,6450956450956;37,2187707454529;40,5507642914777
"Eskimo_Aleut";"r00";0,998759415053801;35,5633255633256;36,4723646723647;35,5675438422538;50,7812667271047
"Eskimo_Aleut";"r00";0,995474780052079;34,3822843822844;31,2142857142857;34,3675836924097;47,5531832106051
"Eskimo_Aleut";"r00";0,983912044829516;37,8865578865579;45,1240288946436;37,9201424387996;41,2584676551883
"Eskimo_Aleut";"r00";0,995311194632264;35,6332556332556;41,5396148079806;35,6606633324423;40,7122724497676
"Eskimo_Aleut";"r00";0,9781706407178;38,0574980574981;40,9333333333333;38,0708430007734;40,1768924085191
"Eskimo_Aleut";"r00";0,990055035647838;37,956487956488;36,9653846153846;37,9518888690582;52,4578048164013
"Eskimo_Aleut";"r00";0,999262538317421;36,3869463869464;30,7851851851852;36,3609521354301;47,2373835868715
"Eskimo_Aleut";"r00";0,996403291051247;37,2960372960373;42,1571906354515;37,3185948521367;41,0683048519696
"Eskimo_Aleut";"r00";0,992600508409642;36,4102564102564;35,7042957042957;36,4069804905072;47,7751969606692
"Eskimo_Aleut";"r00";0,98848030112629;35,1437451437451;39,9375624375624;35,1659902355958;44,0111131699555
"Eskimo_Aleut";"r00";0,989253315477757;38,6091686091686;45,9740923189199;38,6433445892603;39,2837782337351
"Eskimo_Aleut";"r00";0,983064907976885;38,6013986013986;44,6371698476962;38,629406820639;40,7921024564461
"Eskimo_Aleut";"r00";0,991741427703457;33,1546231546232;38,8492063492063;33,1810481346444;46,2405906194254
"Eskimo_Aleut";"r00";0,992177891441593;37,7700077700078;44,6930846930847;37,8021334169826;42,2760289464587
"Eskimo_Aleut";"r00";0,976079883989163;33,3100233100233;40,5866995073892;33,3437897888974;46,2641921287871
"Eskimo_Aleut";"r00";0,98058024493508;38,034188034188;46;38,0711523588554;37,080554775737
"Eskimo_Aleut";"r00";0,983230570939522;37,7933177933178;44,2820512820513;37,8234279255161;40,6464808675643
"Eskimo_Aleut";"r00";0,99374616057163;37,6767676767677;44,5428571428571;37,7086288807867;43,5270053709702
"Eskimo_Aleut";"r00";0,992428112330731;38,0574980574981;41,0119047619048;38,07120760137;39,4633932472577
"Eskimo_Aleut";"r00";0,973878950553524;37,5524475524476;36,8392156862745;37,5491378918157;43,0621716092057
"Eskimo_Aleut";"r00";0,978567959960242;32,2999222999223;43,5618854829381;32,3521819898667;40,821766665745
"Eskimo_Aleut";"r00";0,98496364668571;38,041958041958;43,2285714285714;38,0660258534968;42,693658777697
"Eskimo_Aleut";"r00";0,99041859096142;37,0862470862471;39,0844340844341;37,095519415705;46,4893314689677
"Eskimo_Aleut";"r00";0,985201297365065;34,0637140637141;45,0886243386243;34,1148737401638;40,4055575517459
"Eskimo_Aleut";"r00";0,994784779639445;32,8982128982129;31,8461538461538;32,8933309536558;44,618028372584
"Eskimo_Aleut";"r00";0,99309436124624;36,021756021756;45,1666268514095;36,0641916172533;43,5406654112788
"Eskimo_Aleut";"r00";0,978159638007435;41,1188811188811;43,1666666666667;41,1283836040217;47,7970479297504
"Eskimo_Aleut";"r00";0,987255995699637;33,8306138306138;42,8804094456268;33,8726082418204;45,226065381505
"Eskimo_Aleut";"r00";0,982941681693571;35,8119658119658;45;35,8546017014694;40,3725633056341
"Eskimo_Aleut";"r00";0,992717489501759;34,8407148407148;37,9649758454106;34,8552125715951;46,6516559493369
"Eskimo_Aleut";"r00";0,982164010874325;35,1670551670552;38,9340659340659;35,1845354954404;43,831630923677
"Eskimo_Aleut";"r00";0,97502325105764;39,7202797202797;42,6435023310023;39,7338445583805;45,5670761970138
"Eskimo_Aleut";"r00";0,974100498652457;36,0839160839161;44,5851851851852;36,1233651284695;39,9646860572173
"Eskimo_Aleut";"r00";0,980923729937562;34,1258741258741;43,5400786448881;34,1695595296747;43,2575242227029
"Eskimo_Aleut";"r00";0,980784636841777;41,1499611499612;48,4507246376812;41,1838394028044;36,3189976278097
"Eskimo_Aleut";"r00";0,983836881867198;40,7847707847708;37,030303030303;40,7673486606201;48,5815474965937
"Eskimo_Aleut";"r00";0,982436078580019;35,6099456099456;45,6627169127169;35,6565942006777;39,2987759102642
"Eskimo_Aleut";"r00";0,996931766594402;38,6790986790987;42,1830484330484;38,6953583067272;40,7505863943337
"Eskimo_Aleut";"r00";0,994253927821078;37,1328671328671;37,3328523328523;37,1337951384355;48,1186208339771
"Eskimo_Aleut";"r00";0,995765245258396;34,4289044289044;40,9230503795721;34,4590396769354;43,0713542693161
"Eskimo_Aleut";"r00";0,982509438884535;42,7583527583528;50,0184331797235;42,7920422266654;35,5655519540004
"Eskimo_Aleut";"r00";0,977576718624694;31,7793317793318;44,1558804172234;31,836763559554;41,0890544302397
"Eskimo_Aleut";"r00";0,997193002952809;38,1196581196581;36,3582010582011;38,1114843049878;48,8136315453127
"Eskimo_Aleut";"r00";0,991660626221525;36,1926961926962;47,1126829747519;36,2433689851883;38,0053570292974
"Eskimo_Aleut";"r00";0,990494608586341;34,3589743589744;43,4408504538939;34,4011176355169;44,1165546348363
"Eskimo_Aleut";"r00";0,9957767113888;36,7676767676768;46,7366530410009;36,813936518365;39,8779929515623
"Eskimo_Aleut";"r00";0,970402116515848;36,2703962703963;43,29340885113;36,3029856559217;41,5996868995194
"Eskimo_Aleut";"r00";0,993982088129671;36,5967365967366;37,5692307692308;36,6012493307157;42,5740746192759
"Eskimo_Aleut";"r00";0,99499209734676;37,5058275058275;39,5844171931128;37,5154729336107;44,0394275881368
"Eskimo_Aleut";"r00";0,987002157345662;37,9254079254079;42,9357142857143;37,9486576068943;46,8000708464746
"Eskimo_Aleut";"r00";0,988903957844181;34,6697746697747;43,312434691745;34,7098798206887;44,3140686721076
"Eskimo_Aleut";"r00";0,996656926059496;34,9417249417249;40,7560032560033;34,968705351536;49,1063996424987
"Eskimo_Aleut";"r00";0,972660779978867;38,3139083139083;45,2439393939394;38,346066230753;40,9758055249374
"Eskimo_Aleut";"r00";0,997446823076536;37,024087024087;43,5948310948311;37,0545777158306;47,3810924971821
"Eskimo_Aleut";"r00";0,989368078891306;35,7575757575758;43,6253545305269;35,7940851718354;42,7592117613241
"Eskimo_Aleut";"r00";0,992860362614604;36,6355866355866;47,4264214046823;36,6856601147936;39,5655983437952
"Eskimo_Aleut";"r00";0,997059836632308;33,3877233877234;37,5777777777778;33,4071667955659;47,585796179185
"Eskimo_Aleut";"r00";0,981173028372941;38,7257187257187;48,0121229707727;38,7688110888048;35,7955866110569
"Eskimo_Aleut";"r00";0,988973700138517;34,4366744366744;41,5184815184815;34,4695366505111;40,5318783361776
"Eskimo_Aleut";"r00";0,992985413663475;35,1282051282051;41,5760869565217;35,1581256935337;40,759550933284
"Eskimo_Aleut";"r00";0,990540601578971;35,6721056721057;45,3007246376812;35,7167860385353;42,6891130527453
"Eskimo_Aleut";"r00";0,971563544034498;36,9153069153069;45,4022404002677;36,9546894372789;40,1017168479465
"Eskimo_Aleut";"r00";0,995267424293113;37,0707070707071;43,8646772767462;37,1022336145866;43,49245160246
"Eskimo_Aleut";"r00";0,976067877926056;36,3325563325563;47,6870681200753;36,3852454823824;38,8821738679235
"Eskimo_Aleut";"r00";0,998523631417377;35,4079254079254;38,3846153846154;35,421738354453;45,6297076121073
"Eskimo_Aleut";"r00";0,995661706133543;35,2447552447552;37,5;35,2552204176334;42,6280846369159
"Eskimo_Aleut";"r00";0,984548674167424;31,6161616161616;40,0692307692308;31,6553869950622;44,9357687094807
"Eskimo_Aleut";"r00";0,996638919181831;38,3216783216783;40,4415954415954;38,3315155240909;41,6194897509473
"Eskimo_Aleut";"r00";0,984113863380779;36,4102564102564;44,6051844368815;36,4482839185006;42,60281325094
"Eskimo_Aleut";"r00";0,993108744801361;38,0730380730381;39,0714285714286;38,0776709755828;37,5830615093625
"Eskimo_Aleut";"r00";0,993075979397354;33,7140637140637;35,520683020683;33,7224470983172;48,9278148232873
"Eskimo_Aleut";"r00";0,991303238164986;35,2136752136752;35,7058682058682;35,2159591718756;52,3085408720712
"Eskimo_Aleut";"r00";0,996269831423194;35,5322455322455;36,2261904761905;35,5354656943984;50,431704001243
"Eskimo_Aleut";"r00";0,959227967037624;39,5104895104895;44,8291925465839;39,5351702670375;41,013103475704
"Eskimo_Aleut";"r00";0,961461665207856;34,3900543900544;52,4838673392062;34,4740163990992;29,1519262496968
"Eskimo_Aleut";"r00";0,988253553065953;40,3807303807304;48,8787878787879;40,4201645222527;37,0615629590895
"Eskimo_Aleut";"r00";0,991366760595232;35,8896658896659;45,8202514127552;35,9357474930213;41,6269843135623
"Eskimo_Aleut";"r00";0,996062216922547;37,3426573426573;43,4410052910053;37,3709559410255;46,0749390337837
"Eskimo_Aleut";"r00";0,998270541749944;35,0505050505051;27,8774928774929;35,0172196111871;46,9315484833998
"Eskimo_Aleut";"r00";0,995581373822032;37,8787878787879;43,6364159190246;37,9055054102971;43,2788402364481
"Eskimo_Aleut";"r00";0,995374253224448;37,5757575757576;41,5603736593242;37,5942476735932;41,1815116012271
"Eskimo_Aleut";"r00";0,976685907848681;41,7249417249417;35,4545454545455;41,6958447584898;47,9137528768557
"Eskimo_Aleut";"r00";0,992707066795112;38,6557886557887;43,9456118094799;38,6803353989612;43,7105687947032
"Eskimo_Aleut";"r00";0,988243820699366;37,8710178710179;46,3247442212959;37,9102462995574;38,4783375319394
"Eskimo_Aleut";"r00";0,988616156883628;38,1351981351981;41,2501829893134;38,1496528212961;40,5351612588813
"Eskimo_Aleut";"r00";0,992237960666435;39,3706293706294;39,5388313779618;39,371409890385;54,5771010546938
"Eskimo_Aleut";"r00";0,98327949487344;35,9285159285159;39,9069512862616;35,9469773454892;38,2177752773062
"Eskimo_Aleut";"r00";0,990558725858808;37,7777777777778;33,4965034965035;37,7579110757765;45,3503827952405
"Eskimo_Aleut";"r00";0,992813665411466;36,4957264957265;36,6941529235382;36,4966472680133;49,3117273318582
"Eskimo_Aleut";"r00";0,994450409806418;38,8500388500388;29,8857142857143;38,8084410562369;48,3302074914114
"Eskimo_Aleut";"r00";0,989277164388598;38,0574980574981;39,4410774410774;38,0639183794636;45,5075740614473
"Eskimo_Aleut";"r00";0,992792189160808;40,3030303030303;38,6942528735632;40,2955649785316;48,3286472294592
"Eskimo_Aleut";"r00";0,994962160303595;33,8150738150738;38,7055555555556;33,8377674658417;46,0087211174811
"Eskimo_Aleut";"r00";0,995360526209434;35,4467754467754;43,1603174603175;35,4825691452142;43,5343769746044
"Eskimo_Aleut";"r00";0,973856088343238;40,3885003885004;45,507610668901;40,4122549605672;39,138240685263
"Eskimo_Aleut";"r00";0,97854470501094;37,5291375291375;46,9505376344086;37,5728563231295;37,271998968601
"Eskimo_Aleut";"r00";0,991193762328886;38,6247086247086;43,3689107827039;38,6467234839105;43,6279401277238
"Eskimo_Aleut";"r00";0,997995944872249;37,8088578088578;31,3782051282051;37,7790171931703;45,6954803167159
"Eskimo_Aleut";"r00";0,998568679774432;39,1996891996892;35,2569800569801;39,1813935656163;56,0964796633374
"Eskimo_Aleut";"r00";0,958065614827761;39,2540792540793;45,8566433566434;39,284717602583;37,4143516660754
"Eskimo_Aleut";"r00";0,996144481221593;36,6511266511267;43,3613756613757;36,6822646975779;46,0430458517202
"Eskimo_Aleut";"r00";0,993853140707272;37,6612276612277;41,002380952381;37,6767318528339;45,1663903075536
"Eskimo_Aleut";"r00";0,990496048047516;38,034188034188;41,5836526181354;38,0506588675242;39,0678477258884
"Eskimo_Aleut";"r00";0,986251460798551;40,0777000777001;45,8577330103277;40,1045215762273;43,952366464256
"Eskimo_Aleut";"r00";0,973005126221667;33,6285936285936;40,4696417187301;33,6603386313321;47,5452643377738
"Eskimo_Aleut";"r00";0,98863042084946;39,0675990675991;38,6083743842365;39,0654680945904;45,7401379087433
"Eskimo_Aleut";"r00";0,993960048495767;35,8119658119658;39,8037037037037;35,8304889576351;44,7466749471829
"Eskimo_Aleut";"r00";0,989554177217037;33,8539238539239;45,4899470899471;33,9079193213764;39,1385063336118
"Eskimo_Aleut";"r00";0,958520503116723;34,4211344211344;43,7643892339544;34,4644905919596;40,3500881442474
"Eskimo_Aleut";"r00";0,98859406973266;31,7948717948718;41,3150818530129;31,8390491037263;46,4713715849186
"Eskimo_Aleut";"r00";0,971665149633726;37,024087024087;45,536614313618;37,0635883108134;38,4258610006667
"Eskimo_Aleut";"r00";0,976778214589269;41,2509712509713;52,2224678259161;41,3018830680244;29,4577217717025
"Eskimo_Aleut";"r00";0,994431956864283;32,9292929292929;30,5777777777778;32,9183810260376;49,8009902500453
"Eskimo_Aleut";"r00";0,974673191457584;33,8850038850039;35;33,8901778808971;42,520332065872
"Eskimo_Aleut";"r00";0,997979259452719;37,9487179487179;43,5057997557998;37,9745048712566;47,1050183080863
"Eskimo_Aleut";"r00";0,996588767926164;35,5400155400155;34,0769230769231;35,5332262478434;45,8291791061419
"Eskimo_Aleut";"r00";0,988028512328102;38,2051282051282;44,7907296351824;38,2356878405345;41,5163781746581
"Eskimo_Aleut";"r00";0,96877099514933;33,5431235431235;42,8848159009449;33,5864724635775;42,1596109123502
"Eskimo_Aleut";"r00";0,992443206862433;39,8912198912199;46,4757525083612;39,9217745669375;41,5563799704418
"Eskimo_Aleut";"r00";0,98674891866968;33,2944832944833;41,1141025641026;33,3307692307692;43,0667727759055
"Eskimo_Aleut";"r00";0,992830324586486;38,6013986013986;38,1371237458194;38,5992441937161;47,5638031518658
"Eskimo_Aleut";"r00";0,988079851188416;37,1639471639472;38,2531468531469;37,1690014548483;53,8065531430885
"Eskimo_Aleut";"r00";0,98143700959642;35,3613053613054;33,008658008658;35,3503882042165;57,0304727307226
"Eskimo_Aleut";"r00";0,98927606703711;36,3869463869464;40,4157088122605;36,4056413401961;41,465408353528
"Eskimo_Aleut";"r00";0,982403791277145;35,7498057498058;43,3130128592923;35,7849018384809;43,1324604318776
"Eskimo_Aleut";"r00";0,988684182786666;36,969696969697;41,0488505747126;36,9886257567272;41,9849826678442
"Eskimo_Aleut";"r00";0,992863756875008;33,4965034965035;38,3587266195962;33,5190660167963;46,4272074196478
"Eskimo_Aleut";"r00";0,995403920347209;34,6464646464647;40,2074074074074;34,6722694852625;42,7122348689371
"Eskimo_Aleut";"r00";0,980530911070219;39,036519036519;49,7107279693487;39,0860513285507;34,0251102931528
"Eskimo_Aleut";"r00";0,995106681486562;39,8290598290598;43,8186813186813;39,8475731538377;37,5175923589906
"Eskimo_Aleut";"r00";0,986698162282637;34,4133644133644;45,1863354037267;34,4633549980065;34,2181200270758
"Eskimo_Aleut";"r00";0,968929110697451;38,6946386946387;47,6738816738817;38,736305715424;35,471682053288
"Eskimo_Aleut";"r00";0,988394416453877;35,4700854700855;43,3100089565607;35,5064656254752;42,3636985531658
"Eskimo_Aleut";"r00";0,995149499251937;36,4491064491065;42,5431034482759;36,4773848574553;40,5172079183836
"Eskimo_Aleut";"r00";0,971101685141677;35,2913752913753;44,802371541502;35,3355098447402;42,2345219251625
"Eskimo_Aleut";"r00";0,98585482762197;36,4568764568765;39,800099950025;36,4723902549885;42,1803358563014
"Eskimo_Aleut";"r00";0,996002008715568;38,6635586635587;43,5192019374928;38,6860906509087;37,5056700214636
"Eskimo_Aleut";"r00";0,99373355767381;33,9083139083139;37,9689754689755;33,9271568853936;44,704326521554
"Eskimo_Aleut";"r00";0,985264081941276;35,8197358197358;44,2328042328042;35,8587755803533;42,3029596808372
"Eskimo_Aleut";"r00";0,987649855058074;35,7964257964258;44,8459595959596;35,8384189927113;42,5467315505468
"Eskimo_Aleut";"r00";0,993156677379748;33,8306138306138;40,3631151457238;33,8609270617744;44,4192264795973
"Eskimo_Aleut";"r00";0,987658607473667;39,6736596736597;50,6119742326639;39,7244175138407;35,6440356664022
"Eskimo_Aleut";"r00";0,98490255375231;38,034188034188;42,544085100307;38,0551156307826;44,8627308971918
"Eskimo_Aleut";"r00";0,980397205029564;38,2206682206682;39,1763257026949;38,2251028261533;44,5860611232079
"Eskimo_Aleut";"r00";0,990329776481107;33,9083139083139;45,0066889632107;33,9598144886151;43,0781013878721
"Eskimo_Aleut";"r00";0,994022598406233;38,4149184149184;43,2477539008274;38,4373445656651;44,5526702449767
"Eskimo_Aleut";"r00";0,997432798834394;37,000777000777;45,1765364265364;37,0387155595972;44,293973591742
"Eskimo_Aleut";"r00";0,998667437535785;33,8927738927739;23,0769230769231;33,8425843298233;54,0388911261495
"Eskimo_Aleut";"r00";0,998674509694028;34,1181041181041;39,5054131054131;34,1431032317343;46,4782142044996
"Eskimo_Aleut";"r00";0,993324355846909;36,7754467754468;40,6119047619048;36,7932493647111;41,2428384891064
"Eskimo_Aleut";"r00";0,982595442598887;39,98445998446;37,826455026455;39,9744460403393;46,8803318296679
"Eskimo_Aleut";"r00";0,989978949015292;40,3496503496504;44,6123882503193;40,3694310359644;43,3221256819546
"Eskimo_Aleut";"r00";0,992852944220065;39,020979020979;36,7732267732268;39,0105486161171;49,3549973877908
"Eskimo_Aleut";"r00";0,973444177382231;35,3690753690754;32,9523809523809;35,3578610098332;47,9728717881606
"Eskimo_Aleut";"r00";0,981379876441629;34,972804972805;44,1794759186064;35,0155273437832;37,061527797337
"Eskimo_Aleut";"r00";0,964425626474306;37,979797979798;49,2171071327082;38,0319432658904;31,9452380157637
"Eskimo_Aleut";"r00";0,997865001622754;35,990675990676;33,9538461538462;35,9812243441014;61,4159229419244
"Eskimo_Aleut";"r00";0,97238995262177;34,5609945609946;42,7609427609428;34,5990453647066;43,6279438588072
"Eskimo_Aleut";"r00";0,991953043493843;36,4413364413364;27,8571428571429;36,4015025963982;45,1730496759141
"Eskimo_Aleut";"r00";0,984833684299605;37,0551670551671;45,5604395604396;37,0946346770013;41,1759082339276
"Eskimo_Aleut";"r00";0,977024383453899;33,7140637140637;37,9609022556391;33,7337706214492;44,1527065217431
"Eskimo_Aleut";"r00";0,997476235235826;36,2937062937063;28,4615384615385;36,2573621274317;53,8109964149099
"Eskimo_Aleut";"r00";0,990895730942021;35,8741258741259;28,6050724637681;35,8403947678133;45,150275672112
"Eskimo_Aleut";"r00";0,990081934018289;35,0815850815851;42,232853353543;35,1147696211301;46,9201740390251
"Eskimo_Aleut";"r00";0,994751427998713;35,6954156954157;39,7794871794872;35,7143673032304;43,3012153560186
"Eskimo_Aleut";"r00";0,993765779633928;36,0683760683761;43,3465608465608;36,1021495476252;38,466455642915
"Eskimo_Aleut";"r00";0,969159053333564;35,959595959596;40,1199580146949;35,9789015839816;39,6072397719705
"Eskimo_Aleut";"r00";0,997624652163673;38,5236985236985;42,983312983313;38,5443927903325;45,1833302330233
"Eskimo_Aleut";"r00";0,984604533069819;39,3473193473193;49,0046980304914;39,392133169515;35,1331771818021
"Eskimo_Aleut";"r00";0,959861796727475;39,0831390831391;48,1862745098039;39,125381010873;28,4942321142018
"Eskimo_Aleut";"r00";0,985660081643751;36,8531468531469;39,5295429208473;36,8655663244587;43,3768385549672
"Eskimo_Aleut";"r00";0,99674036003378;38,5314685314685;46,8525641025641;38,5700815039562;42,7382254608882
"Eskimo_Aleut";"r00";0,986213827336869;39,3861693861694;42,7010285179991;39,4015515631152;39,0283641781434
"Eskimo_Aleut";"r00";0,996685235692328;34,7008547008547;39,9378881987578;34,7251564804273;45,4753868331697
"Eskimo_Aleut";"r00";0,978081587769123;36,4724164724165;39,9116809116809;36,4883759361718;45,5616234991619
"Eskimo_Aleut";"r00";0,99156799278009;38,6557886557887;46,9123188405797;38,6941020209153;40,6941178899673
"Eskimo_Aleut";"r00";0,994642356860184;38,0652680652681;30,3285714285714;38,0293669207822;49,0273998595465
"Eskimo_Aleut";"r00";0,990822141031949;36,0994560994561;40,5824171247709;36,1202587028218;49,185262502718
"Eskimo_Aleut";"r00";0,995261870483515;37,979797979798;36,8060200668896;37,9743512145409;49,2901035881465
"Eskimo_Aleut";"r00";0,995748436198803;38,7723387723388;45,464765694076;38,8033941176833;42,1505447042751
"Eskimo_Aleut";"r00";0,977741132832651;41,3597513597514;48,9545454545455;41,3949940237643;35,9105353937902
"Eskimo_Aleut";"r00";0,986157982820185;40,5128205128205;47,0712374806749;40,5432540022305;38,6900505251224
"Eskimo_Aleut";"r00";0,982189173192567;38,3838383838384;44,6002481389578;38,4126848328181;39,5670267803761
"Eskimo_Aleut";"r00";0,991320955100568;39,96891996892;47,0418790604698;40,0017411247972;41,9634161917116
"Eskimo_Aleut";"r00";0,967531564961655;38,6635586635587;42,55;38,6815931941222;44,2987639675189
"Eskimo_Aleut";"r00";0,994565433608381;39,2385392385392;40,4351046698873;39,2440917463413;54,0872639418503
"Eskimo_Aleut";"r00";0,978093335153301;39,6581196581197;43,8290598290598;39,6774743688897;35,2748260998361
"Eskimo_Aleut";"r00";0,976529530658218;40,5516705516705;35,5454545454545;40,5284398509456;42,0860038189218
"Eskimo_Aleut";"r00";0,995727400499694;36,3325563325563;38,612962962963;36,3431382658761;43,702203901943
"Eskimo_Aleut";"r00";0,98301640755548;36,006216006216;43,5558519441578;36,0412491196171;43,0321200407171
"Eskimo_Aleut";"r00";0,995064741350814;37,5291375291375;34,5833333333333;37,515467904099;47,8162312204853
"Eskimo_Aleut";"r00";0,990808755918589;35,6332556332556;40,5468864468864;35,6560567043166;48,9389840176828
"Eskimo_Aleut";"r00";0,99798344900968;40;35,8084656084656;39,9805497244012;56,2358769248403
"Eskimo_Aleut";"r00";0,976396549454569;33,9005439005439;40,8343685300207;33,9327194208663;44,9983909282664
"Eskimo_Aleut";"r00";0,996107098816319;36,5889665889666;39,8053033922599;36,6038915857336;46,6164165867874
"Eskimo_Aleut";"r00";0,995150506604333;36,037296037296;32,5764895330113;36,021236610362;42,1259323549148
"Eskimo_Aleut";"r00";0,986399739011675;36,1926961926962;31,8944099378882;36,1727505488224;48,1705578006042
"Eskimo_Aleut";"r00";0,994709011507937;31,5229215229215;41,1656137743094;31,5676671946217;41,9902196035858
"Eskimo_Aleut";"r00";0,999174752757934;37,1017871017871;29,0518518518519;37,0644324138524;52,3245145409252
"Eskimo_Aleut";"r00";0,994812752059419;33,9316239316239;33,4523809523809;33,929400066291;45,3614005400829
"Eskimo_Aleut";"r00";0,99884891059391;39,9067599067599;40,2603988603989;39,9084009227861;45,7397587885024
"Eskimo_Aleut";"r00";0,993328484042005;35,1204351204351;39,261330873025;35,1396504139506;44,3584736186473
"Eskimo_Aleut";"r00";0,997637156577043;39,5027195027195;43,0021367521368;39,5189580978444;40,1704430344123
"Eskimo_Aleut";"r00";0,997051852027027;38,0652680652681;42,3438135938136;38,0851221048437;45,8847322904954
"Eskimo_Aleut";"r00";0,980126123331912;36,6744366744367;39,9986531986532;36,6898622731569;44,4998070259191
"Eskimo_Aleut";"r00";0,989359789071055;34,9494949494949;45,1677248677249;34,9969113296259;41,5540859903359
"Eskimo_Aleut";"r00";0,996119961689243;40,9479409479409;41,0762385762386;40,9485362965641;41,6502900182994
"Eskimo_Aleut";"r00";0,981315251062765;37,7000777000777;36,3730280608684;37,6939196971115;44,8167969316332
"Eskimo_Aleut";"r00";0,975749137916276;40,2564102564103;39,6666666666667;40,2536736272235;43,5186933195872
"Eskimo_Aleut";"r00";0,997182954841279;38,3760683760684;39,4419006919007;38,3810142336824;53,3921884727113
"Eskimo_Aleut";"r00";0,99243507526302;36,8919968919969;41,6705516705517;36,9141711601108;40,2412936125099
"Eskimo_Aleut";"r00";0,981380546125916;34,3123543123543;43,7164750957854;34,3559929238784;42,9231968783247
"Eskimo_Aleut";"r00";0,988542608371897;38,5703185703186;49,1046822035933;38,6192019282456;35,5778269881291
"Eskimo_Aleut";"r00";0,994753992895359;34,4988344988345;33,9904761904762;34,496475527566;52,2261366112413
"Eskimo_Aleut";"r00";0,994379212312816;36,5112665112665;39,2751552795031;36,5240919811887;43,2635346347045
"Eskimo_Aleut";"r00";0,990539308135543;35,0893550893551;40,1398601398601;35,1127913076869;43,4131697214573
"Eskimo_Aleut";"r00";0,997120600906725;36,5656565656566;42,4628612128612;36,5930217844371;46,9573432658962
"Eskimo_Aleut";"r00";0,980549365427476;41,1033411033411;45,731456043956;41,1248172747593;36,1734328771433
"Eskimo_Aleut";"r00";0,984309207179479;38,6713286713287;39,3530020703934;38,6744918889577;43,0565141564364
"Eskimo_Aleut";"r00";0,982709691194579;36,7210567210567;43,3106227106227;36,7516347534909;43,1032503561225
"Eskimo_Aleut";"r00";0,996272630854603;39,96891996892;37,4562916954221;39,9572604409687;52,8511022582982
"Eskimo_Aleut";"r00";0,991304671138585;37,6223776223776;43,000518000518;37,6473341902576;44,8976298359133
"Eskimo_Aleut";"r00";0,981341979176495;36,1383061383061;48,20692431562;36,1943090068784;36,2636898529807
"Eskimo_Aleut";"r00";0,970642183609661;36,5190365190365;43,4361598440546;36,5511345391062;41,919286560261
"Eskimo_Aleut";"r00";0,985231914612914;37,024087024087;36,670692431562;37,0224471419871;49,8425900837552
"Eskimo_Aleut";"r00";0,998500758074773;35,2369852369852;30,1566951566952;35,2134108050581;47,8734800450774
"Eskimo_Aleut";"r00";0,99192739518523;40,2952602952603;46,3970288970289;40,3235747667302;39,3282850467558
"Eskimo_Aleut";"r00";0,994861446571764;38,7257187257187;39,842066146414;38,7308989921721;44,1556484416528
"Eskimo_Aleut";"r00";0,987198013043779;38,8267288267288;43,312434691745;38,8475441671697;45,0378249090983
"Eskimo_Aleut";"r00";0,985631903258866;38,7567987567988;43,2651138716356;38,7777190125521;43,9292505000427
"Eskimo_Aleut";"r00";0,976360379074913;36,2470862470862;31,3450292397661;36,2243388827831;39,1432973958003
"Eskimo_Aleut";"r00";0,99218812491142;34,7552447552448;42,8911313573982;34,7929982893615;45,6680749542571
"Eskimo_Aleut";"r00";0,990727115241289;38,018648018648;47,0168281243993;38,0604029147304;38,8390255984242
"Eskimo_Aleut";"r00";0,988455910503751;39,0753690753691;43,7261158381848;39,0969502668439;43,5842801490735
"Eskimo_Aleut";"r00";0,995720437553698;38,3449883449883;49,1624034136778;38,3951851666528;37,4632747840416
"Eskimo_Aleut";"r00";0,986227570626129;35,9129759129759;45,4472934472934;35,957218685757;40,5858132673666
"Eskimo_Aleut";"r00";0,993653837367429;36,1538461538462;40,3271728271728;36,1732119388732;40,905682416415
"Eskimo_Aleut";"r00";0,986394043541776;38,7024087024087;37,6660839160839;38,6975997706856;46,9258506328373
"Eskimo_Aleut";"r00";0,975172879679661;35,0582750582751;42,6935483870968;35,093705560961;46,3473834421968
"Eskimo_Aleut";"r00";0,985992617067984;32,7894327894328;36,1229702609013;32,8049016408085;47,2180406585964
"Eskimo_Aleut";"r00";0,994680882963657;35,6021756021756;40,8008658008658;35,6262994546057;40,2685035932273
"Eskimo_Aleut";"r00";0,997942047892153;36,3714063714064;34,4581196581197;36,3625280107879;53,0306111949693
"Eskimo_Aleut";"r00";0,98911731482072;38,003108003108;43,5628452007762;38,0289072476447;42,2377600937553
"Eskimo_Aleut";"r00";0,985078626018548;37,4281274281274;44,8020434227331;37,462345135759;35,9044568757528
"Eskimo_Aleut";"r00";0,997662521681395;36,9075369075369;38,8042328042328;36,9163382806074;44,9795778075944
"Eskimo_Aleut";"r00";0,997262744234711;35,8430458430458;43,2468457468458;35,8774022231099;45,3531853581132
"Eskimo_Aleut";"r00";0,994185247122417;35,6565656565657;36,5570419918246;35,6607442010448;48,6499316215494
"Eskimo_Aleut";"r00";0,991286682883609;37,3193473193473;48,9273209549072;37,3732126262409;37,1751680421235
"Eskimo_Aleut";"r00";0,993874927924162;37,2494172494172;36,3660413660414;37,245318057383;50,2893746237695
"Eskimo_Aleut";"r00";0,992619323479257;36,4413364413364;43,8087774294671;36,4755241025343;38,237101178746
"Eskimo_Aleut";"r00";0,988859488985932;37,5679875679876;43,9190758156275;37,5974589751692;44,3752233411371
"Eskimo_Aleut";"r00";0,995544616214257;36,1305361305361;38,7623648493214;36,1427487928043;46,6335978228793
"Eskimo_Aleut";"r00";0,986173521767049;35,2525252525253;39,6465534465534;35,2729151745393;51,4080152187399
"Eskimo_Aleut";"r00";0,984810905215535;35,7109557109557;46,5933813313124;35,7614542057137;37,4553708841549
"Eskimo_Aleut";"r00";0,987963606549791;36,7443667443667;42,7261904761905;36,772124627113;38,065382475477
"Eskimo_Aleut";"r00";0,994219658818733;36,4724164724165;45,2569937253595;36,5131801719661;41,9306408147635
"Eskimo_Aleut";"r0";0,978715330672088;35,959595959596;39,4612794612795;35,9758450709727;41,1937626324191
"Eskimo_Aleut";"r0";0,972871326019308;40,8780108780109;36,986531986532;40,8599529713219;39,3844935053197
"Eskimo_Aleut";"r0";0,978811602314238;41,7637917637918;37,2727272727273;41,7429515573367;36,4174181516031
"Eskimo_Aleut";"r0";0,971665057021715;35,967365967366;39,3771043771044;35,9831884193833;37,2981978797228
"Eskimo_Aleut";"r0";0,976115728070891;38,6635586635587;39,0909090909091;38,6655417281867;39,1689734522403
"Eskimo_Aleut";"r0";0,97645007998173;35,1670551670552;36,6498316498316;35,1739358003859;43,0420602352447
"Eskimo_Aleut";"r0";0,981831912004289;39,1064491064491;40,6565656565657;39,1136422226909;37,4973051451561
"Eskimo_Aleut";"r0";0,977478427155078;37,8243978243978;41,3973063973064;37,8409774465459;35,8175663206935
"Eskimo_Aleut";"r0";0,972727176209327;37,5291375291375;38,5521885521885;37,5338848656714;40,4079394502091
"Eskimo_Aleut";"r0";0,971270982874398;33,3799533799534;37,6767676767677;33,3998921933957;39,1869029048358
"Eskimo_Aleut";"r0";0,9811002028307;37,9331779331779;40,6565656565657;37,9458154632169;34,2648857680803
"Eskimo_Aleut";"r0";0,971908037980145;40,04662004662;38,5858585858586;40,0398415711641;37,8840259348587
"Eskimo_Aleut";"r0";0,966461707861655;38,5780885780886;34,1750841750842;38,5576570031326;45,314791800761
"Eskimo_Aleut";"r0";0,981859882928831;41,1499611499612;39,9158249158249;41,1442342996867;37,9912705310353
"Eskimo_Aleut";"r0";0,975636765628015;40,5905205905206;39,6632996632997;40,5862179412063;38,8445122136291
"Eskimo_Aleut";"r0";0,978970107475819;36,4257964257964;42,3063973063973;36,4530845969361;33,7774003733017
"Eskimo_Aleut";"r0";0,980343945053018;37,2649572649573;39,7474747474747;37,2764770676604;36,814944175027
"Eskimo_Aleut";"r0";0,982304096657761;39,8601398601399;40,7407407407407;39,864226175131;34,1119583953932
"Eskimo_Aleut";"r0";0,966467995319434;35,4856254856255;35,6228956228956;35,4862624700212;43,3597132697232
"Eskimo_Aleut";"r0";0,976318375136442;33,2167832167832;42,5925925925926;33,2602904528659;33,4022524683305
"Eskimo_Aleut";"r0";0,970257014635142;38,974358974359;37,3063973063973;38,9666190130227;37,2690103847861
"Eskimo_Aleut";"r0";0,975737046257027;39,2152292152292;38,5016835016835;39,211918098229;36,3674723772537
"Eskimo_Aleut";"r0";0,972336557142615;38,8733488733489;35,5387205387205;38,8578749599631;43,1675354131118
"Eskimo_Aleut";"r0";0,976810962260444;38,7101787101787;38,3838383838384;38,7086643699173;39,6062823177792
"Eskimo_Aleut";"r0";0,969801241801608;39,2540792540793;35,4040404040404;39,2362136445663;45,4381194529659
"Eskimo_Aleut";"r0";0,97760742376464;38,2517482517483;37,1380471380471;38,2465802651418;41,9951164304421
"Eskimo_Aleut";"r0";0,9806370077097;39,5726495726496;42,3063973063973;39,5853351769825;35,3154135832417
"Eskimo_Aleut";"r0";0,979461596334748;39,5182595182595;38,5521885521886;39,5137765903427;38,04311336988
"Eskimo_Aleut";"r0";0,972431119816762;39,4094794094794;36,2794612794613;39,3949549634004;41,097031370919
"Eskimo_Aleut";"r0";0,975239224570015;37,3581973581974;38,5521885521885;37,3637379205825;39,0000736309037
"Eskimo_Aleut";"r0";0,978326255982574;39,6425796425796;37,1885521885522;39,6311920441851;43,0399821783414
"Eskimo_Aleut";"r0";0,978036997998443;38,1274281274281;37,5589225589226;38,1247900505441;44,7619893069938
"Eskimo_Aleut";"r0";0,982240008160372;36,3325563325563;41,1111111111111;36,3547306006703;34,5444916617673
"Eskimo_Aleut";"r0";0,977456566126541;36,4568764568765;39,8316498316498;36,4725366581515;35,7144036380043
"Eskimo_Aleut";"r0";0,977873137317769;37,8943278943279;38,7542087542088;37,8983180607311;38,3782708094808
"Eskimo_Aleut";"r0";0,972701752589031;37,6223776223776;35,9090909090909;37,6144273360051;40,7794571592375
"Eskimo_Aleut";"r0";0,975819877516162;39,3628593628594;39,006734006734;39,3612068090026;36,9610259194407
"Eskimo_Aleut";"r0";0,979435445966119;38,8578088578089;41,3973063973064;38,869593069129;33,3153044024818
"Eskimo_Aleut";"r0";0,978072659596767;35,6177156177156;41,2289562289562;35,6437538572109;34,3631205614671
"Eskimo_Aleut";"r0";0,973956466564955;38,8422688422688;36,7676767676768;38,8326419648925;40,7357349640928
"Eskimo_Aleut";"r0";0,979211414269501;38,5003885003885;41,8855218855219;38,5160967759576;34,8406414750732
"Eskimo_Aleut";"r0";0,979611112947903;39,8601398601399;40,4882154882155;39,8630543642145;38,8934430095229
"Eskimo_Aleut";"r0";0,963893041338842;35,8974358974359;35,2861952861953;35,8945995140891;44,1545078759648
"Eskimo_Aleut";"r0";0,979638514443684;38,3682983682984;38,6363636363636;38,369542290656;37,4040909721656
"Eskimo_Aleut";"r0";0,971386692057176;35,4467754467754;38,9225589225589;35,4629043724171;36,9916005406462
"Eskimo_Aleut";"r0";0,977474735608701;39,0520590520591;37,5589225589226;39,0451303444343;39,4550569473625
"Eskimo_Aleut";"r0";0,984386116355361;41,3675213675214;42,7609427609428;41,3739873600663;35,9387478761841
"Eskimo_Aleut";"r0";0,975478325919911;35,1204351204351;37,0538720538721;35,1294069855555;41,0171400942358
"Eskimo_Aleut";"r0";0,974444648206121;38,8344988344988;39,2592592592593;38,8364698805534;41,0525749434701
"Eskimo_Aleut";"r0";0,977016263681912;41,1188811188811;38,013468013468;41,1044708492504;41,9758485262764
"Eskimo_Aleut";"r0";0,974641095945776;37,2027972027972;38,7542087542088;37,2099963283258;38,9707393688771
"Eskimo_Aleut";"r0";0,969373570782868;37,9331779331779;36,9023569023569;37,9283945409235;38,5783816320418
"Eskimo_Aleut";"r0";0,970031364278836;36,961926961927;37,3569023569024;36,9637597943862;37,8817082249063
"Eskimo_Aleut";"r0";0,977211331050359;38,4149184149184;36,6498316498316;38,4067277570758;43,3645796522844
"Eskimo_Aleut";"r0";0,976362101201591;38,4615384615385;38,9225589225589;38,4636777676221;40,4316407978074
"Eskimo_Aleut";"r0";0,980372363669249;39,3162393162393;39,3771043771044;39,3165217527166;35,0797625606516
"Eskimo_Aleut";"r0";0,971931940689016;38,4071484071484;35,2020202020202;38,3922754224378;45,5461641113479
"Eskimo_Aleut";"r0";0,969321818847466;33,1235431235431;35,8585858585859;33,1362347371628;45,1700056058752
"Eskimo_Aleut";"r0";0,974267041364649;38,0963480963481;37,2727272727273;38,092526189974;39,1098402935372
"Eskimo_Aleut";"r0";0,967832673420748;37,1717171717172;35,0841750841751;37,1620302014734;43,1053714204998
"Eskimo_Aleut";"r0";0,977246578906082;37,3970473970474;38,9225589225589;37,404126336841;39,7442968036616
"Eskimo_Aleut";"r0";0,979939491845264;37,6068376068376;42,7609427609428;37,6307545681096;35,3671906971974
"Eskimo_Aleut";"r0";0,978063944158161;35,8119658119658;37,3905723905724;35,8192911325162;42,3351648804415
"Eskimo_Aleut";"r0";0,976759150605244;38,6480186480186;39,8316498316498;38,6535111361097;37,9525528351606
"Eskimo_Aleut";"r0";0,979977770993045;42,1989121989122;41,026936026936;42,1934737944019;36,4187345007915
"Eskimo_Aleut";"r0";0,978899346611169;37,8399378399378;37,6430976430976;37,8390244283516;45,3317110341673
"Eskimo_Aleut";"r0";0,973911718744904;38,982128982129;36,8518518518519;38,9722437054224;40,0414444935313
"Eskimo_Aleut";"r0";0,979873518220431;36,4646464646465;39,0909090909091;36,476833298179;39,1030890113341
"Eskimo_Aleut";"r0";0,964192060743723;38,6091686091686;33,2659932659933;38,5843742920309;42,8957168519839
"Eskimo_Aleut";"r0";0,964979962747747;37,5757575757576;33,8047138047138;37,5582585327365;44,677200866773
"Eskimo_Aleut";"r0";0,978356756419181;33,3566433566434;44,3265993265993;33,4075480247174;34,7801838272622
"Eskimo_Aleut";"r0";0,977195111184746;38,9432789432789;35,6565656565657;38,928027373503;43,6769904061115
"Eskimo_Aleut";"r0";0,975530289927167;35,2602952602953;36,9023569023569;35,2679150358965;35,1831474064513
"Eskimo_Aleut";"r0";0,97823338845592;40,3807303807304;37,5589225589226;40,3676361448983;42,4920789986314
"Eskimo_Aleut";"r0";0,982841378075119;39,6114996114996;42,2727272727273;39,6238486957744;32,1089943898331
"Eskimo_Aleut";"r0";0,976894613208582;38,3372183372183;37,979797979798;38,3355597740749;39,0623878003199
"Eskimo_Aleut";"r0";0,975814894933968;34,2113442113442;36,8518518518519;34,223597147031;45,4709533026567
"Eskimo_Aleut";"r0";0,963934009580228;37,6146076146076;35,8249158249158;37,6063027803167;43,0779937301695
"Eskimo_Aleut";"r0";0,976593506513909;38,6790986790987;37,1380471380471;38,6719476278641;42,9827751652823
"Eskimo_Aleut";"r0";0,972445384489947;37,1950271950272;36,7340067340067;37,1928878889436;41,042830202253
"Eskimo_Aleut";"r0";0,975629451683411;38,9355089355089;38,1818181818182;38,9320115306194;39,9111790094733
"Eskimo_Aleut";"r0";0,973332366538659;34,4055944055944;38,013468013468;34,4223362784848;40,9184603078872
"Eskimo_Aleut";"r0";0,964022709969811;37,0629370629371;35,6228956228956;37,0562547360691;38,4695326782646
"Eskimo_Aleut";"r0";0,964881931304491;35,1204351204351;37,8451178451178;35,1330786597608;42,5830122977033
"Eskimo_Aleut";"r0";0,977552325002471;37,0940170940171;38,2996632996633;37,099611739983;42,9326518666892
"Eskimo_Aleut";"r0";0,980718085779465;37,956487956488;42,9292929292929;37,9795636176147;32,8169201665585
"Eskimo_Aleut";"r0";0,977051962653359;40,5905205905206;35,2525252525253;40,5657503105299;46,6175851714567
"Eskimo_Aleut";"r0";0,976665911016493;37,4514374514374;37,2727272727273;37,4506081698657;43,9622336627884
"Eskimo_Aleut";"r0";0,978886452255592;38,6402486402486;38,6700336700337;38,6403868538439;41,608329450464
"Eskimo_Aleut";"r0";0,972754033476287;38,4226884226884;37,1885521885522;38,416961572414;43,678512686031
"Eskimo_Aleut";"r0";0,981917732004101;38,989898989899;40,1178451178451;38,9951330786598;35,028710011027
"Eskimo_Aleut";"r0";0,978923885508809;36,8531468531469;36,6835016835017;36,8523596365824;43,7920954181704
"Eskimo_Aleut";"r0";0,977838546593274;38,8888888888889;38,4343434343434;38,886779629239;37,3483471836957
"Eskimo_Aleut";"r0";0,977908507813302;40,0854700854701;37,7272727272727;40,0745271742952;39,8982410867466
"Eskimo_Aleut";"r0";0,983121148905839;40,2097902097902;39,0909090909091;40,2045981860367;41,2615883843904
"Eskimo_Aleut";"r0";0,977327933418459;38,5936285936286;36,8181818181818;38,5853898614919;44,0134957665782
"Eskimo_Aleut";"r0";0,97986767254471;38,6169386169386;40,4882154882155;38,6256220362949;36,7889347769225
"Eskimo_Aleut";"r0";0,97441267052249;38,9121989121989;37,8114478114478;38,9070910184599;39,1084616965518
"Eskimo_Aleut";"r0";0,975818495454312;38,3760683760684;36,8181818181818;38,368839204106;37,8876333963715
"Eskimo_Aleut";"r0";0,975076664453898;38,049728049728;38,3501683501684;38,0511222042545;41,5197562744464
"Eskimo_Aleut";"r0";0,979477104203669;39,5415695415695;38,2996632996633;39,5358066355746;36,618765828381
"Eskimo_Aleut";"r0";0,979048613536014;39,6270396270396;39,8653198653199;39,6281453358019;38,5624233910979
"Eskimo_Aleut";"r0";0,974869639355331;38,1895881895882;37,7272727272727;38,1874428742178;40,30425825101
"Eskimo_Aleut";"r0";0,974261373920664;37,6534576534577;36,4478114478114;37,6478630074918;42,2095663409374
"Eskimo_Aleut";"r0";0,977007535575435;37,4825174825175;35,8249158249158;37,4748255954753;40,711002013145
"Eskimo_Aleut";"r0";0,981342285086957;40,7226107226107;42,020202020202;40,728632027936;32,0353236021637
"Eskimo_Aleut";"r0";0,969566736030381;37,3737373737374;34,8821548821549;37,362175506027;48,4267822306824
"Eskimo_Aleut";"r0";0,973574600159381;35,5477855477856;38,7542087542088;35,5626645417829;39,8631426121208
"Eskimo_Aleut";"r0";0,97197471440719;35,4933954933955;38,8383838383838;35,5089174810753;38,4771790056462
"Eskimo_Aleut";"r0";0,977273315395808;37,6379176379176;39,9494949494949;37,6486442147695;39,9090167466432
"Eskimo_Aleut";"r0";0,981069213933805;41,0800310800311;38,2659932659933;41,0669728999195;40,9137322833392
"Eskimo_Aleut";"r0";0,964322796776793;33,4887334887335;38,2154882154882;33,5106673853774;38,5617217003538
"Eskimo_Aleut";"r0";0,975141406547204;42,012432012432;37,3063973063973;41,9905942643762;49,8438128486054
"Eskimo_Aleut";"r0";0,958921837446118;37,3193473193473;32,8956228956229;37,2988195958034;45,4111375762954
"Eskimo_Aleut";"r0";0,964471689406385;36,4335664335664;35,3703703703704;36,4286328091433;42,5632184266675
"Eskimo_Aleut";"r0";0,971249338163259;37,8243978243978;35,3703703703704;37,8130102260033;47,9388448726237
"Eskimo_Aleut";"r0";0,957710561485769;35,1748251748252;32,020202020202;35,1601865522979;46,6303346931912
"Eskimo_Aleut";"r0";0,965738692601632;34,3434343434343;35,7407407407407;34,3499183638395;47,2731223080605
"Eskimo_Aleut";"r0";0,977807806652855;37,6223776223776;36,7676767676768;37,6184114931215;42,749189545057
"Eskimo_Aleut";"r0";0,973907057896377;34,4677544677545;40,9427609427609;34,4978009015132;38,1444482772202
"Eskimo_Aleut";"r0";0,972629974626158;38,8578088578089;36,6498316498316;38,8475630238971;42,285791922904
"Eskimo_Aleut";"r0";0,9832759654157;39,2851592851593;40,4040404040404;39,2903513089128;37,3506992948564
"Eskimo_Aleut";"r0";0,97395099012578;36,8531468531469;36,9023569023569;36,8533752060434;39,0937373220405
"Eskimo_Aleut";"r0";0,973924682588902;38,3061383061383;39,0909090909091;38,3097799339099;39,6011961254647
"Eskimo_Aleut";"r0";0,976006828745378;40,2641802641803;36,7676767676768;40,2479551899506;41,4400090643551
"Eskimo_Aleut";"r0";0,972120591823858;37,8554778554779;36,2794612794613;37,848164553501;38,7570204002751
"Eskimo_Aleut";"r0";0,978065817939848;37,7000777000777;37,1043771043771;37,6973134281719;42,7621220453612
"Eskimo_Aleut";"r0";0,979801584784795;39,2463092463092;38,2659932659933;39,2417602162382;39,4531716104509
"Eskimo_Aleut";"r0";0,975242248458877;34,9261849261849;37,7104377104377;34,9391048927012;39,4633463711607
"Eskimo_Aleut";"r0";0,971831501335767;36,6200466200466;35,03367003367;36,6126852437757;42,6484445207445
"Eskimo_Aleut";"r0";0,975759491534185;35,5244755244755;38,1313131313131;35,5365722187068;41,665409646645
"Eskimo_Aleut";"r0";0,968695112501955;36,1538461538462;40,2020202020202;36,1726311842321;38,4473774011992
"Eskimo_Aleut";"r0";0,98103230373443;38,5236985236985;38,2996632996633;38,5226589170905;42,6577703310499
"Eskimo_Aleut";"r0";0,97821015594892;38,3216783216783;36,6161616161616;38,3137640910263;39,6239050307437
"Eskimo_Aleut";"r0";0,974795965231224;36,6588966588967;36,2794612794613;36,6571359378784;44,182636147083
"Eskimo_Aleut";"r0";0,975987680279499;38,003108003108;37,6430976430976;38,001437421391;41,2502407580431
"Eskimo_Aleut";"r0";0,970657684343102;36,1149961149961;32,8114478114478;36,0996664244924;49,1506497264147
"Eskimo_Aleut";"r0";0,978602404138771;39,5804195804196;39,2592592592593;39,5789292773051;39,2489082510291
"Eskimo_Aleut";"r0";0,969189383488414;36,7987567987568;38,2996632996633;36,8057215621021;36,3039791486947
"Eskimo_Aleut";"r0";0,961506773780041;37,5602175602176;33,7205387205387;37,5424000249986;46,9629236550121
"Eskimo_Aleut";"r0";0,977028267016425;37,987567987568;39,2929292929293;37,9936253486137;38,9397034221195
"Eskimo_Aleut";"r0";0,970320715820279;34,5843045843046;37,9292929292929;34,5998265719843;41,8164469361005
"Eskimo_Aleut";"r0";0,974941572672903;38,1662781662782;36,7340067340067;38,1596318951307;41,2733763490124
"Eskimo_Aleut";"r0";0,971611390983642;36,4724164724165;39,1245791245791;36,484723491684;39,2366490959384
"Eskimo_Aleut";"r0";0,979061673490243;38,9432789432789;38,8383838383838;38,942792191052;38,3846534872078
"Eskimo_Aleut";"r0";0,978491993673587;40,8469308469308;39,3771043771044;40,8401103064676;37,6091369010656
"Eskimo_Aleut";"r0";0,974251623811567;37,995337995338;36,7003367003367;37,9893287085862;41,8418521092766
"Eskimo_Aleut";"r0";0,976205149296676;37,6612276612277;37,2727272727273;37,6594248752021;43,53826718626
"Eskimo_Aleut";"r0";0,974946353891796;34,8484848484849;34,9494949494949;34,8489535728515;43,3920166067073
"Eskimo_Aleut";"r0";0,968225873481392;38,0652680652681;32,5252525252525;38,0395603365441;44,8405729535012
"Eskimo_Aleut";"r0";0,964751687090114;37,6301476301476;35,4545454545455;37,6200520284047;41,8305847314151
"Eskimo_Aleut";"r0";0,97794877520386;37,7000777000777;39,6632996632997;37,7091877787933;36,5495526311736
"Eskimo_Aleut";"r0";0,985661756950119;39,9222999222999;40,6565656565657;39,9257071878882;37,3356156748992
"Eskimo_Aleut";"r0";0,974797613015961;40,4506604506605;38,4680134680135;40,4414602326435;38,4762161363294
"Eskimo_Aleut";"r0";0,981626761686046;36,5734265734266;40,03367003367;36,5894833876272;37,4960855756882
"Eskimo_Aleut";"r0";0,968510123751047;34,6153846153846;34,1414141414141;34,6131852164335;44,1742334362887
"Eskimo_Aleut";"r0";0,959133786648578;34,9028749028749;34,5454545454545;34,9012163397314;46,6842519172845
"Eskimo_Aleut";"r0";0,979589468473419;37,8243978243978;38,7542087542088;37,8287124922856;41,5748515876836
"Eskimo_Aleut";"r0";0,976295372817997;39,7902097902098;37,7609427609428;39,7807932378698;41,0591272520864
"Eskimo_Aleut";"r0";0,974912012009954;36,3636363636364;34,7138047138047;36,3559805323146;42,0266488925519
"Eskimo_Aleut";"r0";0,968786999930182;33,947163947164;39,3265993265993;33,9721265243307;37,9700998034002
"Eskimo_Aleut";"r0";0,980369049035307;36,037296037296;41,1952861952862;36,0612310264282;33,6936841006617
"Eskimo_Aleut";"r0";0,976046629831147;36,1693861693862;40,4882154882155;36,1894271407032;36,4599214922117
"Eskimo_Aleut";"r0";0,970651597849595;36,4646464646465;37,6767676767677;36,4702711570461;42,4090359504697
"Eskimo_Aleut";"r0";0,975844260392778;37,6223776223776;37,2727272727273;37,6207551149547;40,3792726453802
"Eskimo_Aleut";"r0";0,985245575504541;37,6456876456876;40,4882154882155;37,6588780301077;37,6054499541132
"Eskimo_Aleut";"r0";0,96367032689635;36,993006993007;32,0707070707071;36,9701656940636;49,1789805249159
"Eskimo_Aleut";"r0";0,975171488822741;35,8818958818959;36,7845117845118;35,8860843547619;40,3063843654478
"Eskimo_Aleut";"r0";0,970442695887638;36,5578865578866;35,4545454545455;36,5527666455741;42,4406435426328
"Eskimo_Aleut";"r0";0,970476620519492;41,2665112665113;36,1952861952862;41,2429788995914;41,7575481915622
"Eskimo_Aleut";"r0";0,967151340117414;33,3333333333333;38,3838383838384;33,3567695516651;39,4722020966666
"Eskimo_Aleut";"r0";0,976832736278166;38,0652680652681;39,7474747474747;38,0730741287586;40,8830145536943
"Eskimo_Aleut";"r0";0,965611710496647;36,5345765345765;34,6296296296296;36,5257368737647;40,4614964891677
"Eskimo_Aleut";"r0";0,979365846165344;36,985236985237;41,1111111111111;37,004382572828;33,879532016986
"Eskimo_Aleut";"r0";0,969469456139779;35,8119658119658;35,4545454545455;35,8103072488223;45,2471388553257
"Eskimo_Aleut";"r0";0,965071907785256;33,8150738150738;36,9360269360269;33,8295561961455;43,9954108606568
"Eskimo_Aleut";"r0";0,978834620944716;38,9355089355089;39,9158249158249;38,94005796558;35,5765399992465
"Eskimo_Aleut";"r0";0,978626447455792;38,2750582750583;38,5521885521886;38,2763442624232;38,9301312542196
"Eskimo_Aleut";"r0";0,965320240634576;36,8376068376068;34,8821548821549;36,8285328146117;45,6569642505195
"Eskimo_Aleut";"r0";0,970641592537355;33,9160839160839;37,5589225589226;33,9329880397166;44,142546210719
"Eskimo_Aleut";"r0";0,958009776216814;34,4522144522145;32,979797979798;34,4453818931777;46,0592480029241
"Eskimo_Aleut";"r0";0,981298313035553;38,2128982128982;43,3333333333333;38,2366589327146;34,2507191758293
"Eskimo_Aleut";"r0";0,97176152680758;36,993006993007;40,03367003367;37,0071167983001;38,7189289544613
"Eskimo_Aleut";"r0";0,983216446215288;43,5198135198135;41,1952861952862;43,5090268500941;39,6320149783625
"Eskimo_Aleut";"r0";0,971337438212683;38,2362082362082;35,0841750841751;38,2215816322545;42,7350425650738
"Eskimo_Aleut";"r0";0,971003554055013;32,7972027972028;36,2794612794613;32,8133617692782;42,5526076243178
"Eskimo_Aleut";"r0";0,974169377901248;36,4102564102564;34,0909090909091;36,399493777684;46,44141617262
"Eskimo_Aleut";"r0";0,978034576760673;38,6635586635587;37,1885521885522;38,6567140859484;38,1491302589872
"Eskimo_Aleut";"r0";0,980179040711806;33,8461538461538;41,4814814814815;33,8815846008421;37,5992856204222
"Eskimo_Aleut";"r0";0,977136325027258;40,0777000777001;39,006734006734;40,0727303975564;41,0704223385632
"Eskimo_Aleut";"r0";0,974823518957354;38,5703185703186;36,6161616161616;38,5612505566102;42,1449509103278
"Eskimo_Aleut";"r0";0,976179555716174;39,6969696969697;37,7272727272727;39,6878295718203;40,8909677783171
"Eskimo_Aleut";"r0";0,98135781517964;38,8111888111888;42,0538720538721;38,8262360652152;35,6650719288615
"Eskimo_Aleut";"r0";0,975291258335092;35,3613053613054;38,5521885521886;35,3761122438617;41,8575046550059
"Eskimo_Aleut";"r0";0,975110003147675;38,8189588189588;36,2794612794613;38,8071746076386;40,0895716192528
"Eskimo_Aleut";"r0";0,974447521083898;37,7855477855478;39,2087542087542;37,792151991688;38,5258097616062
"Eskimo_Aleut";"r0";0,979256803974763;36,3247863247863;39,8316498316498;36,3410594733101;37,1290348657294
"Eskimo_Aleut";"r0";0,967075489663604;34,2424242424242;33,4343434343434;34,2386744474911;51,0951424512897
"Eskimo_Aleut";"r0";0,980757770560791;37,7078477078477;39,006734006734;37,7138750224597;38,9052760596527
"Eskimo_Aleut";"r0";0,981527392310448;38,2672882672883;43,1313131313131;38,2898591483278;34,1563845735955
"Eskimo_Aleut";"r0";0,985172969034602;41,7171717171717;42,020202020202;41,7185778902716;38,0023411097032
"Eskimo_Aleut";"r0";0,980239982010854;35,9129759129759;43,047138047138;35,9460810736913;34,5271292680252
"Eskimo_Aleut";"r0";0,969448465827488;35,0893550893551;33,5521885521885;35,0822220659808;44,1067316542728
"Eskimo_Aleut";"r0";0,96792277329068;37,3581973581974;38,4175084175084;37,3631129547603;36,8226306944663
"Eskimo_Aleut";"r0";0,972665037663637;36,7599067599068;37,9292929292929;36,7653331458436;40,3007330718681
"Eskimo_Aleut";"r0";0,97559508568881;39,7125097125097;37,1885521885522;39,7007976126306;40,6417124518193
"Eskimo_Aleut";"r0";0,972990613917485;37,2416472416472;38,8383838383838;37,2490566922121;39,3534594264288
"Eskimo_Aleut";"r0";0,974762999124007;34,3589743589744;37,9292929292929;34,3755419625489;38,7066633940557
"Eskimo_Aleut";"r0";0,97727013826594;40,03885003885;37,3063973063973;40,0261704438039;42,5256334013732
"Eskimo_Aleut";"r0";0,982793671850616;39,9145299145299;39,040404040404;39,9104736459725;43,2763575599168
"Eskimo_Aleut";"r0";0,975119653426105;39,1763791763792;37,1885521885522;39,1671549212152;38,0172068988148
"Eskimo_Aleut";"r0";0,982287433448559;36,8453768453768;38,9225589225589;36,8550157413266;39,2000818587589
"Eskimo_Aleut";"r0";0,970384965640866;37,2494172494172;37,4747474747475;37,2504628653121;39,4483750416081
"Eskimo_Aleut";"r0";0,977710803754299;39,6348096348096;38,013468013468;39,6272860077964;45,9811433275153
"Eskimo_Aleut";"r0";0,978061321719329;39,3006993006993;36,4814814814815;39,2876170834408;45,036164867005
"Eskimo_Aleut";"r0";0,971730312531765;38,1973581973582;36,2457912457912;38,1883022022233;39,5219606681204
"Eskimo_Aleut";"r0";0,970253069741735;36,1227661227661;36,4478114478114;36,1242744537408;38,6128498219501
"Eskimo_Aleut";"r0";0,97490418417665;41,6860916860917;39,3771043771044;41,6753771278133;38,8008438416345
"Eskimo_Aleut";"r0";0,975371423308816;39,6037296037296;35,5387205387205;39,5848664526159;49,1208748684494
"Eskimo_Aleut";"r0";0,980437372229213;36,8919968919969;41,3131313131313;36,9125125969673;35,6705255168984
"Eskimo_Aleut";"r0";0,96700614370548;38,2128982128982;34,9158249158249;38,1975985688283;50,074011789884
"Eskimo_Aleut";"r0";0,977837508727847;40,5672105672106;39,1245791245791;40,5605162217691;38,8148707608925
"Eskimo_Aleut";"r0";0,975797873135644;35,7342657342657;38,6363636363636;35,7477325458764;38,5595027774617
"Eskimo_Aleut";"r0";0,979209012059198;38,9432789432789;43,047138047138;38,9623223729952;35,0926952541902
"Eskimo_Aleut";"r0";0,983303810369893;40,994560994561;42,3063973063973;41,0006484020405;36,3306916033241
"Eskimo_Aleut";"r0";0,979593283387544;38,5003885003885;39,9494949494949;38,5071128922637;38,4518507520625
"Eskimo_Aleut";"r0";0,974400575862712;41,0955710955711;39,040404040404;41,0860343574961;42,4359622017928
"Eskimo_Aleut";"r0";0,981901425517319;37,5213675213675;41,3131313131313;37,5389627129766;34,8603461638335
"Eskimo_Aleut";"r0";0,978057924120215;41,0955710955711;35,4208754208754;41,0692384010249;45,418605747137
"Eskimo_Aleut";"r0";0,969451494787595;39,4405594405594;36,4478114478114;39,4266719788762;43,3808308656602
"Eskimo_Aleut";"r0";0,971130364014119;37,6923076923077;34,2592592592593;37,6763770731288;43,4326300941182
"Eskimo_Aleut";"r0";0,971645773265862;34,7241647241647;37,8451178451178;34,7386471052364;40,1590689015423
"Eskimo_Aleut";"r0";0,966055966799026;36,9230769230769;35,993265993266;36,9187622551892;39,9902749229008
"Eskimo_Aleut";"r0";0,970272845232111;33,5198135198135;37,962962962963;33,5404313826588;38,955365829496
"Eskimo_Aleut";"r0";0,974933639332589;32,4320124320124;38,1818181818182;32,4586936651902;39,6732695411683
"Eskimo_Aleut";"r0";0,977046061343821;38,6790986790987;38,4343434343434;38,6779629239026;40,911336093652
"Eskimo_Aleut";"r0";0,960222909271457;33,4188034188034;30,993265993266;33,4075480247174;55,6203965880618
"Eskimo_Aleut";"r0";0,96423444761287;36,5268065268065;35,5387205387205;36,5222214410149;41,794975451647
"Eskimo_Aleut";"r0";0,976804803358241;38,1429681429681;36,8181818181818;38,1368206426211;40,0273041200387
"Eskimo_Aleut";"r0";0,979947471219425;36,4335664335664;43,7037037037037;36,4673025693907;33,3985840997335
"Eskimo_Aleut";"r0";0,974402503429554;38,034188034188;38,1818181818182;38,0348730928777;38,6197276901128
"Eskimo_Aleut";"r0";0,966059377304354;36,2237762237762;34,1750841750842;36,214269532135;49,250656007889
"Eskimo_Aleut";"r0";0,978381054448365;35,4778554778555;38,5521885521885;35,4921215246041;40,0919195923306
"Eskimo_Aleut";"r0";0,980916804839881;40,1864801864802;39,5791245791246;40,1836618309936;35,8614445364137
"Eskimo_Aleut";"r0";0,973263001535842;36,1926961926962;40,4882154882155;36,2126289968517;38,1716542792526
"Eskimo_Aleut";"r0";0,971876378499463;36,7521367521368;37,1885521885522;36,7541618817721;39,393955772124
"Eskimo_Aleut";"r0";0,97701437480704;38,3216783216783;40,2861952861953;38,3307944096807;38,2886964185909
"Eskimo_Aleut";"r0";0,975460276238883;37,0940170940171;40;37,107501933488;36,2666872613771
"Eskimo_Aleut";"r0";0,972088111427419;36,9153069153069;37,1885521885522;36,9165748748115;37,8190769572176
"Eskimo_Aleut";"r0";0,974996517713315;39,005439005439;39,1750841750842;39,0062262220035;38,7739238010653
"Eskimo_Aleut";"r0";0,972900261613916;37,4203574203574;37,4410774410774;37,4204535689454;37,790262553443
"Eskimo_Aleut";"r0";0,982453259949275;39,9145299145299;41,8518518518518;39,9235198075105;37,0174556450765
"Eskimo_Aleut";"r0";0,963045613827179;34,957264957265;33,5521885521885;34,9507448811393;42,49722606569
"Eskimo_Aleut";"r0";0,962132777018078;32,3310023310023;34,6296296296296;32,3416688149867;45,7057328994984
"Eskimo_Aleut";"r0";0,970651616137896;34,4055944055944;37,020202020202;34,4177271555462;41,7557070227408
"Eskimo_Aleut";"r0";0,976292493896951;39,1919191919192;38,1313131313131;39,1869975860695;39,4971546528571
"Eskimo_Aleut";"r0";0,96938787149515;38,3838383838384;37,2222222222222;38,3784480536221;40,9140219789494
"Eskimo_Aleut";"r0";0,982031193374832;38,8344988344988;40;38,8399071925754;38,2527834846976
"Eskimo_Aleut";"r0";0,971876588506806;38,2517482517483;36,026936026936;38,2414242971088;43,7353684681234
"Eskimo_Aleut";"r0";0,975487785726579;40,3807303807304;36,5656565656566;40,3630270219597;45,2749144000906
"Eskimo_Aleut";"r0";0,978510951724148;38,982128982129;37,5589225589226;38,9755247759888;38,718997123578
"Eskimo_Aleut";"r0";0,969675826698697;34,048174048174;39,2929292929293;34,0725116595186;39,9456257986892
"Eskimo_Aleut";"r0";0,975916414153734;36,4879564879565;38,8383838383838;36,4988633434109;39,6088041568028
"Eskimo_Aleut";"r0";0,971594425531913;37,1173271173271;35,5723905723906;37,1101580382323;40,2875564816298
"Eskimo_Aleut";"r0";0,976644085888462;36,6278166278166;42,1043771043771;36,6532299014898;32,7885333332737
"Eskimo_Aleut";"r0";0,96814175833566;38,5470085470086;38,0976430976431;38,5449233245057;39,2698097178506
"Eskimo_Aleut";"r0";0,975341609905921;36,2859362859363;37,6767676767677;36,2923902599077;42,6088409799591
"Eskimo_Aleut";"r0";0,975005371099278;36,3869463869464;39,8316498316498;36,402931089706;37,0304063807959
"Eskimo_Aleut";"r0";0,976950463165216;39,1608391608392;40,2020202020202;39,1656706273876;36,2445170358798
"Eskimo_Aleut";"r0";0,96564433590281;29,1297591297591;36,1952861952862;29,1625457982767;44,3427836690016
"Eskimo_Aleut";"r0";0,974928292661881;37,5213675213675;35,6565656565657;37,512714148445;45,2729040577951
"Eskimo_Aleut";"r0";0,975284785404743;39,6658896658897;38,3838383838384;39,6599404720054;39,5551848079646
"Eskimo_Aleut";"r0";0,965147250214897;33,5198135198135;35,7407407407407;33,5301194465928;41,2380565610112
"Eskimo_Aleut";"r0";0,967688280484986;35,0893550893551;36,986531986532;35,0981586944464;40,4379724198368
"Eskimo_Aleut";"r0";0,977453905947168;36,4335664335664;36,4478114478114;36,4336325357207;41,8769494536938
"Eskimo_Aleut";"r0";0,97283873112465;38,1895881895882;38,5521885521885;38,1912707898787;34,470039245243
"Eskimo_Aleut";"r0";0,977564004584425;36,3480963480963;37,962962962963;36,3555899286758;41,5934606117802
"Eskimo_Aleut";"r0";0,977167931618959;36,1616161616162;36,3636363636364;36,1625536103494;42,4626456657472
"Eskimo_Aleut";"r0";0,981151007797519;39,020979020979;40,2020202020202;39,0264594904966;36,9922272982046
"Eskimo_Aleut";"r0";0,967074416330203;36,006216006216;35,8249158249158;36,0053747060708;37,9799257670875
"Eskimo_Aleut";"r0";0,976991981310259;38,2672882672883;36,6498316498316;38,2597826681353;39,3490852625087
"Eskimo_Aleut";"r0";0,971011926032514;34,8873348873349;34,1414141414141;34,8838735381659;42,7030997078754
"Eskimo_Aleut";"r0";0,978224672887889;41,0800310800311;35,6228956228956;41,0547079456592;47,9632683445198
"Eskimo_Aleut";"r0";0,967736157411907;37,039627039627;35,3703703703704;37,031881069004;44,2143702610406
"Eskimo_Aleut";"r0";0,983157587230599;37,7700077700078;41,6835016835017;37,7881678345715;36,5003493816774
"Eskimo_Aleut";"r0";0,97004092387527;38,2284382284382;38,6700336700337;38,2304873952206;38,9706858082004
"Eskimo_Aleut";"r0";0,965909076423684;34,7552447552448;36,2794612794613;34,7623176857516;38,8895367066035
"Eskimo_Aleut";"r0";0,966728092911154;38,1740481740482;36,6498316498316;38,1669752435414;41,9600999853448
"Eskimo_Aleut";"r0";0,980251936273429;41,4296814296814;38,0639730639731;41,4140632934136;39,7323895440383
"Eskimo_Aleut";"r0";0,983628802504565;38,1973581973582;42,2558922558923;38,2161913020382;35,5695342247117
"Eskimo_Aleut";"r0";0,980253535410119;35,4778554778555;40,4040404040404;35,5007148046591;38,1793145625761
"Eskimo_Aleut";"r0";0,983426874903533;41,2587412587413;41,5656565656566;41,2601654597014;37,3922403431117
"Eskimo_Aleut";"r0";0,975458892050069;37,9254079254079;36,3636363636364;37,9181607255853;42,3271138189104
"Eskimo_Aleut";"r0";0,97849245375938;41,4918414918415;37,020202020202;41,4710914246877;44,7267675130882
"Eskimo_Aleut";"r0";0,974905898334855;37,6068376068376;37,8114478114478;37,6077870741444;38,6951228664841
"Eskimo_Aleut";"r0";0,959811232790912;35,0815850815851;32,1043771043771;35,0677697313428;47,5262827476344
"Eskimo_Aleut";"r0";0,974708230620015;37,5835275835276;39,4612794612795;37,5922410493176;38,1236005898517
"Eskimo_Aleut";"r0";0,98317608867388;41,4840714840715;39,8316498316498;41,4764036341763;38,7672252238036
"Eskimo_Aleut";"r0";0,966184517702894;34,3822843822844;34,0909090909091;34,3809322927652;43,3118152535053
"Eskimo_Aleut";"r0";0,959226778274684;35,6099456099456;33,6700336700337;35,6009436983915;41,8946584726656
"Eskimo_Aleut";"r0";0,976253107651;40,6759906759907;36,5656565656566;40,6569171998406;43,2454596145386
"Eskimo_Aleut";"r0";0,964839702470729;32,2688422688423;34,8316498316498;32,280734647324;41,0123965999594
"Eskimo_Aleut";"r0";0,972632645651335;38,2750582750583;36,2794612794613;38,2657979641738;44,9999088971801
"Eskimo_Aleut";"r0";0,953778580232797;33,970473970474;32,1885521885522;33,9622051919036;46,4142021722187
"Eskimo_Aleut";"r0";0,97890824451605;38,6247086247086;41,5656565656566;38,6383557149218;34,613921653683
"Eskimo_Aleut";"r0";0,974545970252223;36,7365967365967;36,9023569023569;36,737365925301;43,1249484622176
"Eskimo_Aleut";"r0";0,97470939744541;38,3294483294483;36,3636363636364;38,3203262321592;41,4162560846739
"Eskimo_Aleut";"r0";0,974158039931283;36,7288267288267;37,3905723905724;36,7318974743569;42,5076481282683
"Eskimo_Aleut";"r0";0,972772837654291;36,2237762237762;39,006734006734;36,2366901810057;39,2034850211803
"Eskimo_Aleut";"r0";0,975253572835768;37,0707070707071;41,8518518518518;37,0928933573945;35,6925948852098
"Eskimo_Aleut";"r0";0,982327105305427;39,3628593628594;39,006734006734;39,3612068090026;41,6498911980842
"Eskimo_Aleut";"r0";0,964433012382712;33,4188034188034;38,6700336700337;33,4431710765818;40,2543820590142
"Eskimo_Aleut";"r0";0,972606464545689;36,2082362082362;37,5925925925926;36,2146601357738;44,5176909456496
"Eskimo_Aleut";"r0";0,981313979480601;36,4957264957265;39,8653198653199;36,5113626598545;37,6361667073695
"Eskimo_Aleut";"r0";0,97793450978041;37,8243978243978;37,7946127946128;37,8242596108025;37,824608266947
"Eskimo_Aleut";"r0";0,970441879205903;36,2082362082362;38,1818181818182;36,2173943612459;39,1968855046086
"Eskimo_Aleut";"r0";0,967471861692509;33,8073038073038;35;33,8128383604022;44,8820790003278
"Eskimo_Aleut";"r0";0,977871148320634;37,8399378399378;38,5858585858586;37,8433991891068;44,185924023862
"Eskimo_Aleut";"r0";0,977522380142527;36,0761460761461;41,1952861952862;36,0999007866757;35,0256094600184
"Eskimo_Aleut";"r0";0,973478863603075;36,7210567210567;36,2457912457912;36,7188513128188;37,8276880967437
"Eskimo_Aleut";"r0";0,973236633163401;35,3690753690754;36,5656565656566;35,374627950034;38,6260857308559
"Eskimo_Aleut";"r0";0,964822517372581;36,5501165501165;35,0841750841751;36,5433140375136;43,8194924052476
"Eskimo_Aleut";"r0";0,967879259531521;37,031857031857;35,4545454545455;37,0245377205934;42,3194905221129
"Eskimo_Aleut";"r0";0,972524521302988;34,7008547008547;36,2794612794613;34,7081800214051;43,2081415918621
"Eskimo_Aleut";"r0";0,976814243343672;39,6348096348096;36,4478114478114;39,6200207801136;38,377089060837
"Eskimo_Aleut";"r0";0,966583376700495;33,962703962704;36,3973063973064;33,9740014217972;41,9095167512105
"Eskimo_Aleut";"r0";0,974434726395103;37,3815073815074;35,8754208754209;37,3745185810151;43,9187543842325
"Eskimo_Aleut";"r0";0,973525502483317;35,6177156177156;35,7407407407407;35,618286499957;42,6341726481799
"Eskimo_Aleut";"r0";0,973748238600357;38,4926184926185;38,9225589225589;38,4946135758201;39,9491888587164
"Eskimo_Aleut";"r0";0,980068291881616;39,2929292929293;40,3198653198653;39,2976946573234;36,2851771759213
"Eskimo_Aleut";"r0";0,967422268992327;37,8243978243978;34,006734006734;37,8066824470537;44,2200336871654
"Eskimo_Aleut";"r0";0,97454546291852;36,6744366744367;39,8653198653199;36,689243556993;39,7735056477306
"Eskimo_Aleut";"r0";0,984767519660229;38,0574980574981;43,2491582491582;38,0815892880858;33,9321037980157
"Eskimo_Aleut";"r0";0,97090914059542;38,6402486402486;36,6498316498316;38,6310123665112;41,461738388849
"Eskimo_Aleut";"r0";0,97441164086322;37,6146076146076;40,4040404040404;37,6275516182709;37,8079144853571
"Eskimo_Aleut";"r0";0,972342396959762;34,3589743589744;38,5858585858586;34,3785886709321;41,4489948188346
"Eskimo_Aleut";"r0";0,983377970317652;41,2276612276612;39,4949494949495;41,2196208019874;38,9147002111399
"Eskimo_Aleut";"r0";0,978100255904717;40,2797202797203;38,0976430976431;40,2695946315436;36,6223279959835
"Eskimo_Aleut";"r0";0,976709559170461;37,7311577311577;40;37,7416860015468;37,7009140290164
"Eskimo_Aleut";"r0";0,985929774200228;38,3993783993784;44,1245791245791;38,4259454561079;34,9481196545083
"Eskimo_Aleut";"r0";0,972108461511378;34,6853146853147;36,7340067340067;34,694821376956;37,308617619939
"Eskimo_Aleut";"r0";0,979168372663377;35,8041958041958;38,2154882154882;35,8153850961276;43,3009131245354
"Eskimo_Aleut";"r0";0,966756927752317;34,6620046620047;34,4276094276094;34,6609169811026;39,13242939186
"Eskimo_Aleut";"r0";0,95936511666351;33,5742035742036;33,5521885521885;33,5741014163288;41,9411200109593
"Eskimo_Aleut";"r0";0,973836317580024;36,8298368298368;38,3501683501684;36,8368917324834;37,3877010020094
"Eskimo_Aleut";"r0";0,980948787579956;40,2331002331002;42,3905723905724;40,2431117048286;32,7803272047439
"Eskimo_Aleut";"r0";0,981056654945377;40,02331002331;39,1245791245791;40,0191395783043;38,1301717036483
"Eskimo_Aleut";"r0";0,979027046169971;41,0722610722611;37,020202020202;41,0534580140149;36,2416456741381
"Eskimo_Aleut";"r0";0,976258738521896;36,2548562548563;42,5084175084175;36,2838751005804;34,1248462631985
"Eskimo_Aleut";"r0";0,977137514453179;38,7179487179487;38,2996632996633;38,7160077183279;37,6535724538363
"Eskimo_Aleut";"r0";0,977765000176943;40,5594405594406;38,4680134680135;40,5497355613365;37,0358408096599
"Eskimo_Aleut";"r0";0,985253041562201;37,3038073038073;41,8518518518518;37,3249119188794;37,5838647816584
"Eskimo_Aleut";"r0";0,97395622456084;36,1849261849262;35,4882154882155;36,1816931886537;46,1348097605776
"Eskimo_Aleut";"r0";0,978153672823493;41,9114219114219;39,5454545454545;41,9004429445265;38,3502074407678
"Eskimo_Aleut";"r0";0,983701278777902;38,026418026418;40,6565656565657;38,0386228878108;40,2030369212137
"Eskimo_Aleut";"r0";0,981968447897496;41,1965811965812;39,5791245791246;41,1890755974283;38,6330704574583
"Eskimo_Aleut";"r0";0,980241781076447;39,3395493395493;40,7407407407407;39,3460513878147;36,6546030829827
"Eskimo_Aleut";"r0";0,979532769477794;39,2929292929293;37,7272727272727;39,2856640652464;42,2630583489104
"Eskimo_Aleut";"r0";0,969232201958913;35,3457653457653;35,2861952861953;35,3454889185748;42,4825484360797
"Eskimo_Aleut";"r0";0,976414802457561;37,8321678321678;37,7272727272727;37,8316810799409;42,1975228612596
"Eskimo_Aleut";"r0";0,980855926069773;38,8966588966589;38,7542087542088;38,8959978751162;40,4566342567198
"Eskimo_Aleut";"r0";0,97644195424398;37,6689976689977;35,8249158249158;37,6604404446632;43,615529851721
"Eskimo_Aleut";"r0";0,970143332531647;34,024864024864;38,0976430976431;34,0437632316983;41,0093145300839
"Eskimo_Aleut";"r0";0,973148455093977;35,2680652680653;36,5993265993266;35,2742428148461;45,4239821740678
"Eskimo_Aleut";"r0";0,965342270584828;35,4467754467754;33,1818181818182;35,4362652042466;49,6080605263702
"Eskimo_Aleut";"r0";0,976565685374122;37,8477078477078;41,3636363636364;37,8640230612388;35,4248021067797
"Eskimo_Aleut";"r0";0,978930792709297;38,9199689199689;36,7340067340067;38,909825243932;43,8390117417395
"Eskimo_Aleut";"r0";0,979054360767646;38,8966588966589;39,6296296296296;38,9000601529604;36,6703170473609
"Eskimo_Aleut";"r0";0,966865903912903;36,9230769230769;35,6228956228956;36,9170435991782;38,3931505900188
"Eskimo_Aleut";"r0";0,966263107091286;36,6045066045066;35;36,5970610982212;40,2812391059256
"Eskimo_Aleut";"r0";0,980716152934102;35,7031857031857;39,8653198653199;35,7224995508058;38,1854967422789
"Eskimo_Aleut";"r0";0,972112396446491;34,4988344988345;38,6700336700337;34,5181904114619;36,3545998471787
"Eskimo_Aleut";"r0";0,976246394670707;37,3504273504274;36,026936026936;37,3442858593671;42,6217586209742
"Eskimo_Aleut";"r0";0,979763320617362;38,1895881895882;37,5589225589226;38,1866616669401;44,7390433330074
"Eskimo_Aleut";"r0";0,981591818292624;42,5019425019425;41,7676767676768;42,4985352363543;35,7071468690988
"Eskimo_Aleut";"r0";0,974343918069701;37,3659673659674;36,9360269360269;37,3639722827658;39,7148109820611
"Eskimo_Aleut";"r0";0,980612166680403;39,4638694638695;41,1111111111111;39,4715132766177;36,0242206003769
"Eskimo_Aleut";"r0";0,975914569185943;38,9044289044289;37,4747474747475;38,897794651855;40,7517321703034
"Eskimo_Aleut";"r0";0,974563531781652;39,8212898212898;35,6228956228956;39,8018077136407;42,9768029025181
"Eskimo_Aleut";"r0";0,970293466404988;34,3667443667444;37,6767676767677;34,3821041036818;39,6618739066579
"Eskimo_Aleut";"r0";0,972191319761707;38,9277389277389;35,2861952861953;38,910840813393;43,6800388651738
"Eskimo_Aleut";"r0";0,981347554653746;40,5749805749806;40;40,5723124516628;37,3422842777054
"Eskimo_Aleut";"r0";0,975774097510554;37,0629370629371;37,9292929292929;37,066957275774;37,8916561821127
"Eskimo_Aleut";"r0";0,969224836044091;38,3527583527584;37,2727272727273;38,3477466076074;38,7520250910392
"Eskimo_Aleut";"r0";0,973146189558572;33,030303030303;39,040404040404;33,0581921301179;39,7688693813083
"Eskimo_Aleut";"r0";0,976431350480554;36,8764568764569;37,5589225589226;36,879623770575;37,3779889660199
"Eskimo_Aleut";"r0";0,969220917648062;37,4436674436674;37,7609427609428;37,4451397189216;38,6465357051875
"Eskimo_Aleut";"r0";0,967287066408275;37,6923076923077;37,3905723905724;37,6909075284945;45,3698778032301
"Eskimo_Aleut";"r0";0,970757094290069;33,4421134421134;41,1952861952862;33,4780910418961;37,6229140868104
"Eskimo_Aleut";"r0";0,977369218082094;36,7365967365967;41,8518518518518;36,7603334192661;36,0963803057738
"Eskimo_Aleut";"r0";0,957927602672758;35,3379953379953;33,6363636363636;35,3300991352035;43,6882273742683
"Eskimo_Aleut";"r0";0,978667922401325;36,9075369075369;39,7474747474747;36,9207152733835;40,0692342489932
"Eskimo_Aleut";"r0";0,977294227856396;37,4048174048174;38,6363636363636;37,4105322365183;34,852774657107
"Eskimo_Aleut";"r0";0,966879556664704;40;34,2592592592593;39,9733608318295;48,8145049001252
"Eskimo_Aleut";"r0";0,967777156217317;35,967365967366;37,3569023569024;35,9738139320506;40,558437004281
"Eskimo_Aleut";"r0";0,981573856430015;40,2331002331002;40,3703703703704;40,2337372174959;34,535660772203
"Eskimo_Aleut";"r0";0,979727640358282;39,4017094017094;42,3905723905724;39,4155788355324;35,2593100126897
"Eskimo_Aleut";"r0";0,971898261914;37,3038073038073;35,2861952861953;37,2944448350481;46,3040113545617
"Eskimo_Aleut";"r0";0,974590656436945;37,9254079254079;39,7474747474747;37,9338629918676;38,4240235478899
"Eskimo_Aleut";"r0";0,977716406341956;36,4335664335664;40,8585858585859;36,4541001663971;34,7347210541443
"Eskimo_Aleut";"r0";0,976023240707503;34,8096348096348;41,1952861952862;34,8392666026077;34,7067146349965
"Eskimo_Aleut";"r0";0,976046413050266;37,4825174825175;38,3838383838384;37,4866999460967;37,9274619214926
"Eskimo_Aleut";"r0";0,973192099821405;35,1282051282051;39,7474747474747;35,1496402540486;36,4442328800985
"Eskimo_Aleut";"r0";0,976063929282144;38,049728049728;35,0841750841751;38,0359667830665;44,9252603101621
"Eskimo_Aleut";"r0";0,975391915973055;36,969696969697;36,4814814814815;36,9674314685916;42,7289863296086
"Eskimo_Aleut";"r0";0,977692038591685;37,008547008547;40,4040404040404;37,0243033584101;37,4919815179613
"Eskimo_Aleut";"r0";0,981351419958735;36,1305361305361;44,6969696969697;36,1702875623989;32,1998401011606
"Eskimo_Aleut";"r0";0,975061824280956;39,036519036519;38,2659932659933;39,0329435109017;39,4346254766982
"Eskimo_Aleut";"r0";0,974153389644372;36,7832167832168;38,5521885521885;36,7914254689197;41,329768027197
"Eskimo_Aleut";"r0";0,971387581937288;34,5843045843046;34,2592592592593;34,5827962533299;49,8225874564058
"Eskimo_Aleut";"r0";0,978033445393315;35,6487956487956;40,9427609427609;35,6733616130368;38,1164975395179
"Eskimo_Aleut";"r0";0,979855569984997;40,6526806526807;40,6565656565657;40,6526986805409;36,2833631080321
"Eskimo_Aleut";"r0";0,981309308589997;33,0691530691531;39,1245791245791;33,0972524940042;47,1931643600626
"Eskimo_Aleut";"r0";0,980652920582274;37,9176379176379;40,4882154882155;37,9295663518401;38,8977144202675
"Eskimo_Aleut";"r0";0,961026629629083;34,048174048174;33,7878787878788;34,046966181537;43,8779019295463
"Eskimo_Aleut";"r0";0,974946188205929;38,3061383061383;35,3703703703704;38,2925152530721;43,7203907614772
"Eskimo_Aleut";"r0";0,980151698472944;41,3908313908314;38,9225589225589;41,3793776902826;43,1467481224459
"Eskimo_Aleut";"r0";0,970939914144088;38,6091686091686;34,0909090909091;38,5882022076918;48,24661674496
"Eskimo_Aleut";"r0";0,974832127069794;34,6076146076146;38,6700336700337;34,6264657401548;40,5867782097851
"Eskimo_Aleut";"r0";0,978834025776226;39,8368298368298;40,7744107744108;39,8411805604381;33,9826020232428
"Eskimo_Aleut";"r0";0,987094609089877;38,5392385392385;42,7609427609428;38,5588288140492;37,2552864324125
"Eskimo_Aleut";"r0";0,970811974036598;36,8919968919969;37,6430976430976;36,8954822783129;40,8624410075033
"Eskimo_Aleut";"r0";0,975455470768012;36,3170163170163;38,5858585858586;36,3275445874054;37,8327672554744
"Eskimo_Aleut";"r0";0,977767854925489;37,8787878787879;41,4814814814815;37,8955057145312;33,5067373916212
"Eskimo_Aleut";"r0";0,978347712109446;38,989898989899;37,3569023569024;38,982321279305;39,8238163441698
"Eskimo_Aleut";"r0";0,97870280586058;38,2595182595183;37,8451178451178;38,2575952877577;43,0510378560828
"Eskimo_Aleut";"r0";0,976468055253427;36,7909867909868;38,3838383838384;36,7983782136914;38,3336815541721
"Eskimo_Aleut";"r0";0,978832961051098;38,5703185703186;39,4612794612795;38,5744529596038;37,5154082567951
"Eskimo_Aleut";"r0";0,968302555301111;36,8142968142968;37,3569023569024;36,8168147054458;39,1124268298822
"Eskimo_Aleut";"r0";0,971691531572768;37,6689976689977;37,6430976430976;37,6688774832626;39,9759319173771
"Eskimo_Aleut";"r0";0,977779688016213;37,2494172494172;38,6363636363636;37,2558531955284;36,3761868532307
"Eskimo_Aleut";"r0";0,983390217481136;39,4017094017094;38,9225589225589;39,3994859656113;40,8967528960249
"Eskimo_Aleut";"r0";0,97879155348648;40,1942501942502;38,3838383838384;40,1858492113712;42,6946343398609
"Eskimo_Aleut";"r0";0,976393322164356;38,5703185703186;40,9090909090909;38,5811713421922;35,5500573803173
"Eskimo_Aleut";"r0";0,981013354563185;37,7777777777778;36,3973063973064;37,7713718781004;45,2930190636392
"Eskimo_Aleut";"r0";0,98559058795325;38,3061383061383;39,6127946127946;38,3122016764708;37,4856645686451
"Eskimo_Aleut";"r0";0,972907067342451;37,4592074592075;37,4747474747475;37,4592795706485;40,3822974892835
"Eskimo_Aleut";"r0";0,980699765869867;41,2276612276612;37,020202020202;41,2081370550048;44,4508925920851
"Eskimo_Aleut";"r0";0,973749263277515;37,995337995338;37,4747474747475;37,9929222620638;41,7511441512212
"Eskimo_Aleut";"r0";0,975031352480432;38,6013986013986;35,9427609427609;38,5890615356973;44,6323799182378
"Eskimo_Aleut";"r0";0,981298502845036;39,5415695415695;42,3905723905724;39,5547899724234;31,7878500441635
"Eskimo_Aleut";"r0";0,981650862216719;36,3092463092463;44,5791245791246;36,347621614443;30,6049755494147
"Eskimo_Aleut";"r0";0,980033191432035;42,1289821289821;39,8316498316498;42,1183216542845;37,6802091267363
"Eskimo_Aleut";"r0";0,976857100010645;36,5345765345765;39,2087542087542;36,5469857117189;39,084077796208
"Eskimo_Aleut";"r0";0,968275999029345;33,5431235431235;38,6363636363636;33,5667580679182;39,4205801204576
"Eskimo_Aleut";"r0";0,975925901519122;38,982128982129;37,5589225589226;38,9755247759888;39,2992743939873
"Eskimo_Aleut";"r0";0,978050616483689;36,4568764568765;37,4747474747475;36,4615997562633;41,5428477485564
"Eskimo_Aleut";"r0";0,975333036866403;37,7078477078477;38,8383838383838;37,713093815182;35,9309739768721
"Eskimo_Aleut";"r0";0,972993533517048;34,3434343434343;38,6700336700337;34,3635113704719;40,2111452913412
"Eskimo_Aleut";"r0";0,974655630577042;35,1825951825952;38,4680134680135;35,1978407430844;38,161351476934
"Eskimo_Aleut";"r0";0,97061402971791;37,8943278943279;37,8956228956229;37,8943339036146;39,8623801390345
"Eskimo_Aleut";"r0";0,968351775076706;37,1717171717172;34,0909090909091;37,1574210785348;50,6314963346356
"Eskimo_Aleut";"r0";0,974710953394397;38,018648018648;36,8181818181818;38,0130774098291;40,2542687064978
"Eskimo_Aleut";"r0";0,9752777424295;36,2004662004662;38,0976430976431;36,2092698055575;44,035650127562
"Eskimo_Aleut";"r0";0,98510729136912;40,6915306915307;43,1313131313131;40,702852187771;36,3503973102488
"Eskimo_Aleut";"r0";0,968559328347453;38,2128982128982;36,6161616161616;38,2054887623333;40,965491079659
"Eskimo_Aleut";"r0";0,981543876266555;37,3193473193473;43,2491582491582;37,3468638433836;35,2902647181514
"Eskimo_Aleut";"r0";0,974532640095229;37,2882672882673;40,2020202020202;37,3017881834587;36,0632761360278
"Eskimo_Aleut";"r0";0,970073600462129;38,5547785547786;35,3703703703704;38,540001718656;39,9172282581346
"Eskimo_Aleut";"r0";0,972987624835193;35,4312354312354;35,2861952861953;35,4305623911192;44,037576656359
"Eskimo_Aleut";"r0";0,979215099279556;39,7746697746698;37,3569023569024;39,7634504363043;45,1767627118648
"Eskimo_Aleut";"r0";0,98306004568325;41,8181818181818;42,5084175084175;41,8213847680205;35,3648186428506
"Eskimo_Aleut";"r0";0,977543630688344;40,7847707847708;37,7272727272727;40,7705828587499;39,8083580372097
"Eskimo_Aleut";"r0";0,967911130203929;33,7062937062937;36,3131313131313;33,718390400525;43,0260469894221
"Eskimo_Aleut";"r0";0,970637109067219;36,2315462315462;35,4545454545455;36,2279406594952;43,0106762591734
"Eskimo_Aleut";"r0";0,981113722844274;36,6200466200466;41,3131313131313;36,641824275235;36,2523569139855
"Eskimo_Aleut";"r0";0,984392165108125;41,8104118104118;37,1885521885522;41,7889646659948;46,0025055328379
"Eskimo_Aleut";"r0";0,973730211110013;35,6876456876457;34,0572390572391;35,6800799956252;44,3529889140133
"Eskimo_Aleut";"r0";0,97034259615837;36,4491064491065;40,4882154882155;36,4678494144851;35,2245644850936
"Eskimo_Aleut";"r0";0,966830582567113;30,979020979021;37,5589225589226;31,0095541650066;41,7640462448148
"Eskimo_Aleut";"r0";0,980606733730764;36,6666666666667;40,1178451178451;36,6826814158601;35,8195354598947
"Eskimo_Aleut";"r0";0,971909118606015;33,9160839160839;36,3973063973064;33,9275977095003;44,0875158494692
"Eskimo_Aleut";"r0";0,974070817639458;36,9230769230769;37,7609427609428;36,9269649316053;44,4363361633468
"Eskimo_Aleut";"r0";0,976672958769986;35,5944055944056;39,4949494949495;35,6125055661019;38,6331527968871
"Eskimo_Aleut";"r0";0,974156988474578;40,3185703185703;36,8181818181818;40,3023272164804;40,5728669105501
"Eskimo_Aleut";"r0";0,971683713157734;39,4483294483295;37,1043771043771;39,4374526393088;38,9809093620146
"Eskimo_Aleut";"r0";0,980158659858144;41,6006216006216;38,3501683501684;41,5855382908747;37,9595184740545
"Eskimo_Aleut";"r0";0,982412794882176;39,8445998445998;40,4882154882155;39,8475864601155;36,0023062007497
"Eskimo_Aleut";"r0";0,975248977823927;34,6542346542347;41,1952861952862;34,6845875616177;36,2485679105382
"Eskimo_Aleut";"r0";0,97350031573792;36,5034965034965;34,9494949494949;36,4962853593944;47,8805039171217
"Eskimo_Aleut";"r0";0,971342793544121;39,044289044289;36,6161616161616;39,0330216316295;43,6690031417816
"Eskimo_Aleut";"r0";0,98099694024813;39,8368298368298;44,5791245791246;39,8588358449147;32,0845527762813
"Eskimo_Aleut";"r0";0,986872453207788;42,6573426573427;42,962962962963;42,6587608490161;34,9020958983412
"Eskimo_Aleut";"r0";0,973904753645957;38,6635586635587;39,8316498316498;38,6689790402087;34,7131453107842
"Eskimo_Aleut";"r0";0,979309654563258;39,4949494949495;38,2154882154882;39,4890123196388;41,9015835489732
"Eskimo_Aleut";"r0";0,973573404375515;32,952602952603;40,7744107744108;32,9888990445835;35,2170390558188
"Eskimo_Aleut";"r0";0,974127767902887;37,0629370629371;34,8653198653199;37,0527393033193;49,6009354704524
"Eskimo_Aleut";"r0";0,977601477226114;36,6744366744367;40,9427609427609;36,6942432835704;37,45216134429
"Eskimo_Aleut";"r0";0,975540928381075;34,957264957265;37,6767676767677;34,9698844594436;44,2924836545417
"Eskimo_Aleut";"r0";0,972685001487819;38,0652680652681;38,8383838383838;38,0688556094589;38,793201808789
"Eskimo_Aleut";"r0";0,981764081876641;39,6348096348096;40,4882154882155;39,638769754779;38,8578097974231
"Eskimo_Aleut";"r0";0,978482738713268;40,0543900543901;39,6296296296296;40,0524190083355;36,3003802194791
"Eskimo_Aleut";"r0";0,979041336230792;41,2665112665113;41,026936026936;41,2653995484622;33,6579094241784
"Eskimo_Aleut";"r0";0,972740732862219;38,018648018648;34,1750841750842;38,0008124555688;46,7534098678612
"Eskimo_Aleut";"r0";0,977198492044709;41,041181041181;36,986531986532;41,0223659643613;45,6780955851032
"Eskimo_Aleut";"r0";0,974254291356131;35,9362859362859;36,6835016835017;35,9397532947417;42,6252307793339
"Eskimo_Aleut";"r0";0,972820365048447;37,008547008547;35,2020202020202;37,0001640535283;45,0605254760405
"Eskimo_Aleut";"r0";0,973569525410713;37,000777000777;35,2861952861953;36,9928207051177;42,0697659242147
"Eskimo_Aleut";"r0";0,977452914264386;39,8057498057498;35,9090909090909;39,7876678619138;42,2090120049495
"Eskimo_Aleut";"r0";0,978416992502989;39,5804195804196;41,5656565656566;39,58963181701;34,9725718903957
"Eskimo_Aleut";"r0";0,977945722611918;40,0543900543901;38,5521885521885;40,047419281758;35,744829120756
"Eskimo_Aleut";"r0";0,957645385617091;33,3566433566434;38,013468013468;33,3782527518026;39,3536285784603
"Eskimo_Aleut";"r0";0,968199913476164;34,4289044289044;38,4343434343434;34,4474911528276;38,4097479068779
"Eskimo_Aleut";"r0";0,981476091167056;37,987567987568;37,4747474747475;37,9851883100143;40,8553142459601
"Eskimo_Aleut";"r0";0,967692678620252;37,5135975135975;36,6498316498316;37,5095893193341;40,9013463105588
"Eskimo_Aleut";"r0";0,978589017315643;38,3294483294483;38,5521885521885;38,3304819267696;41,359620285307
"Eskimo_Aleut";"r0";0,975421338766893;38,2750582750583;37,6430976430976;38,2721257431234;38,372852123067
"Eskimo_Aleut";"r0";0,973789669520671;36,0839160839161;34,6296296296296;36,0771676548939;41,6032471798995
"Eskimo_Aleut";"r0";0,971698709227721;35,3535353535354;40,5723905723906;35,3777527791449;34,4733207017815
"Eskimo_Aleut";"r0";0,975039890455143;36,7521367521368;38,6700336700337;36,7610365058161;39,1267400328806
"Eskimo_Aleut";"r0";0,974795178694318;39,028749028749;36,0774410774411;39,0150538642418;38,0533131224677
"Eskimo_Aleut";"r0";0,967647035811514;34,1103341103341;40,4882154882155;34,1399298475865;37,9677754742868
"Eskimo_Aleut";"r0";0,97966712109438;36,7676767676768;41,4814814814815;36,7895505714531;37,47451278115
"Eskimo_Aleut";"r0";0,980728357652919;37,5135975135975;39,2087542087542;37,5214636699556;43,016787431293
"Eskimo_Aleut";"r0";0,967901845565889;35,7342657342657;35,6228956228956;35,7337489356051;45,3486233714117
"Eskimo_Aleut";"r0";0,978654514093518;39,1919191919192;37,4747474747475;39,1839508776864;41,179853016996
"Eskimo_Aleut";"r0";0,977673455024442;38,1041181041181;40,2020202020202;38,1138531486559;36,9237506268832
"Eskimo_Aleut";"r0";0,982523557597936;36,045066045066;42,1380471380471;36,073339739233;35,1267867268094
"Eskimo_Aleut";"r0";0,978334058823433;40,9324009324009;37,4410774410774;40,9161998953182;41,9825809542631
"Eskimo_Aleut";"r0";0,975422207615444;36,7288267288267;41,0606060606061;36,7489277930113;35,6207035414983
"Eskimo_Aleut";"r0";0,976451235649932;38,8422688422688;37,1043771043771;38,834204379448;42,4652397275304
"Eskimo_Aleut";"r0";0,960545039880876;33,006993006993;36,2794612794613;33,0221784746147;41,3210800806713
"Eskimo_Aleut";"r0";0,984324126216027;38,8655788655789;40,4882154882155;38,8731085018788;35,8369082492857
"Eskimo_Aleut";"r0";0,966063699908845;34,7474747474747;36,1111111111111;34,7538025264243;39,0597440205211
"Eskimo_Aleut";"r0";0,970158816691009;38,5392385392385;36,7676767676768;38,5310178349621;39,6596577743898
"Eskimo_Aleut";"r0";0,972495978343261;36,7599067599068;39,0909090909091;36,7707234760599;36,0847138996965
"Eskimo_Aleut";"r0";0,974963180355981;36,7599067599068;37,1885521885522;36,7618958338216;39,1365225929665
"Eskimo_Aleut";"r0";0,974322792067634;37,5679875679876;37,6767676767677;37,5684923480747;41,4012459445366
"Eskimo_Aleut";"r0";0,980040352484413;41,7171717171717;39,3771043771044;41,7063129360113;41,0839388077754
"Eskimo_Aleut";"r0";0,974880029138375;38,7101787101787;36,1616161616162;38,6983524338513;41,953287984753
"Eskimo_Aleut";"r0";0,983523783484989;39,6348096348096;41,2794612794613;39,6424414289843;33,350294055401
"Eskimo_Aleut";"r0";0,970123203080722;32,1833721833722;37,4747474747475;32,2079261290398;39,3288921032762
"Eskimo_Aleut";"r0";0,982181192644095;40,2097902097902;40,6902356902357;40,2120196551751;36,7074566653397
"Eskimo_Aleut";"r0";0,978991854081433;38,7490287490287;38,5521885521886;38,7481153374425;37,9795761516991
"Eskimo_Aleut";"r0";0,972728279927578;36,5811965811966;36,1952861952862;36,5794058137446;40,9390742041765
"Eskimo_Aleut";"r0";0,968718544826122;34,2113442113442;35,2020202020202;34,2159413157093;47,2650817377653
"Eskimo_Aleut";"r0";0,973628219647647;38,3216783216783;38,2154882154882;38,3211855601647;38,0558502568439
"Eskimo_Aleut";"r0";0,978220455360168;36,7132867132867;41,1111111111111;36,7336942510956;37,5890332821241
"Eskimo_Aleut";"r0";0,971365771399957;34,8018648018648;38,3838383838384;34,8184864890201;38,8896575894562
"Eskimo_Aleut";"r0";0,975517888377105;40,6837606837607;36,8181818181818;40,6658229628067;41,1099699693143
"Eskimo_Aleut";"r0";0,972385960209315;37,6068376068376;33,3501683501684;37,5870850812846;44,0872626733305
"Eskimo_Aleut";"r0";0,973442204118633;36,8686868686869;37,5925925925926;36,8720460599811;36,4834926774314
"Eskimo_Aleut";"r0";0,977746176697653;39,9067599067599;36,1111111111111;39,8891466872905;41,9420830054788
"Eskimo_Aleut";"r0";0,972762925752535;35,6021756021756;37,0707070707071;35,6089901333521;39,7243202021399
"Eskimo_Aleut";"r0";0,975965886179372;38,049728049728;36,9360269360269;38,0445600631216;45,3407594187748
"Eskimo_Aleut";"r0";0,968094001830142;37,047397047397;37,4747474747475;37,0493801120251;41,1741888734248
"Eskimo_Aleut";"r0";0,977624873927506;38,4226884226884;40,2020202020202;38,4309451826853;37,3050960014158
"Eskimo_Aleut";"r0";0,97092682077082;36,3092463092463;36,0774410774411;36,3081706469178;45,1536303544717
"Eskimo_Aleut";"r0";0,977812779756911;38,7956487956488;39,0909090909091;38,7970189130282;38,2906623144173
"Eskimo_Aleut";"r0";0,976901378308183;40,3341103341103;38,4680134680135;40,3254509519011;37,8209036212697
"Eskimo_Aleut";"r0";0,987064173768551;40,6060606060606;42,5084175084175;40,6148882482989;36,6965256622934
"Eskimo_Aleut";"r0";0,967797110612261;36,1926961926962;35,3703703703704;36,1888802956088;40,1213078822596
"Eskimo_Aleut";"r0";0,968155112514364;36,977466977467;32,979797979798;36,9589163092643;42,7101213137249
"Eskimo_Aleut";"r0";0,973510017024406;36,2626262626263;39,006734006734;36,2753599412532;37,5743362979195
"Eskimo_Aleut";"r0";0,970482810554171;36,2781662781663;36,8181818181818;36,2806721507418;36,6748720266082
"Eskimo_Aleut";"r0";0,977116716850105;35,6721056721057;39,4949494949495;35,6898450865968;36,2257611114113
"Eskimo_Aleut";"r0";0,970124316166549;36,1227661227661;38,5521885521885;36,1340395447124;36,9072190332742
"Eskimo_Aleut";"r0";0,972643330978765;34,988344988345;37,8451178451178;35,0016014749193;40,6840048254914
"Eskimo_Aleut";"r0";0,964500485096534;32,5951825951826;35,2861952861953;32,6076698930527;42,453997827262
"Eskimo_Aleut";"r0";0,979083271499136;38,1429681429681;38,7542087542088;38,145804526315;39,2169163982066
"Eskimo_Aleut";"r0";0,979461723436798;38,9277389277389;37,5589225589226;38,9213871116423;39,4258527540834
"Eskimo_Aleut";"r0";0,978423542220012;38,1351981351981;37,6767676767677;38,133070847688;40,8852486101077
"Eskimo_Aleut";"r0";0,972861629494521;36,2315462315462;37,5925925925926;36,2378619919223;40,46329018076
"Eskimo_Aleut";"r0";0,980976153150834;36,7754467754468;38,7542087542088;36,7846289656034;42,2271815320086
"Eskimo_Aleut";"r0";0,975662213591919;36,5423465423465;37,1043771043771;36,5449545727968;39,5589819369874
"Eskimo_Aleut";"r0";0,974451250647539;32,1911421911422;37,7609427609428;32,2169881334614;41,253009476602
"Eskimo_Aleut";"r0";0,975121286395921;39,4094794094794;38,2154882154882;39,4039388470943;38,9959755954768
"Eskimo_Aleut";"r0";0,974856555471982;39,7435897435897;38,1818181818182;39,7363425437671;38,5202080275723
"Eskimo_Aleut";"r0";0,98156241053592;38,3682983682984;39,1245791245791;38,3718077917614;34,9119876351689
"Eskimo_Aleut";"r0";0,975595440173285;38,7101787101787;39,7474747474747;38,7149921488669;36,15377710578
"Eskimo_Aleut";"r0";0,979224841927714;32,4708624708625;42,1380471380471;32,5157217964643;36,4704729747349
"Eskimo_Aleut";"r0";0,96614898230209;36,6511266511267;32,8114478114478;36,6333091159077;47,4903994527725
"Eskimo_Aleut";"r0";0,984514217969482;40,955710955711;40,3703703703704;40,9529947580992;39,9546754564978
"Eskimo_Aleut";"r0";0,983648973878417;39,1064491064491;43,8383838383838;39,12840704024;31,0397330499558
"Eskimo_Aleut";"r0";0,973420008767072;37,1484071484071;37,5589225589226;37,1503120923075;38,1083819311689
"Eskimo_Aleut";"r0";0,974502720062029;33,8616938616939;37,3905723905724;33,8780691680924;39,3962755843455
"Eskimo_Aleut";"r0";0,983457456941548;37,8088578088578;44,040404040404;37,8377744967072;33,868679413742
"Eskimo_Aleut";"r0";0,971656148172524;37,016317016317;36,5656565656566;37,0142257845274;46,1114146383217
"Eskimo_Aleut";"r0";0,985180337616552;38,7956487956488;41,026936026936;38,8060027967221;38,1276118235732
"Eskimo_Aleut";"r0";0,971111139998591;37,2416472416472;35,993265993266;37,2358542892186;42,2063609989171
"Eskimo_Aleut";"r0";0,977412992979161;39,4794094794095;41,9360269360269;39,4908090963775;37,6977198876337
"Eskimo_Aleut";"r0";0,974175084503273;38,9355089355089;36,2794612794613;38,9231838883811;42,329916489333
"Eskimo_Aleut";"r0";0,963200219757106;35,8352758352758;34,3771043771044;35,8285093783934;42,7942813418899
"Eskimo_Aleut";"r0";0,979681532386427;38,6324786324786;39,006734006734;38,6342153163499;39,8562965969251
"Eskimo_Aleut";"r0";0,967102026194279;36,4102564102564;37,1043771043771;36,4134773879553;38,7743115191045
"Eskimo_Aleut";"r0";0,978513561648819;35,8197358197358;38,1313131313131;35,8304623965877;41,5861650266182
"Eskimo_Aleut";"r0";0,980996611444646;37,2338772338772;39,8653198653199;37,2460881045568;36,0730537008565
"Eskimo_Aleut";"r0";0,980656180766896;37,7389277389277;39,6632996632997;37,7478575390408;40,0804764793692
"Eskimo_Aleut";"r0";0,975370594401548;38,1818181818182;38,5521885521885;38,1835368378292;39,6485946307546
"Eskimo_Aleut";"r0";0,977501493180582;39,8756798756799;39,6632996632997;39,8746943526526;38,735246496359
"Eskimo_Aleut";"r0";0,980732907489455;38,6324786324786;36,2794612794613;38,6215597584507;45,2535238493251
"Eskimo_Aleut";"r0";0,95673126590568;32,8671328671329;32,8956228956229;32,8672650714414;47,8653083045021
"Eskimo_Aleut";"r0";0,981264503342591;39,9145299145299;36,4814814814815;39,898599295351;44,9880070829437
"Eskimo_Aleut";"r0";0,97673770770631;40,8547008547009;36,6161616161616;40,8350324591624;42,0162435416807
"Eskimo_Aleut";"r0";0,979512876441497;40,0621600621601;38,7542087542088;40,0560906825408;39,8305790963394
"Eskimo_Aleut";"r0";0,956502531489066;33,8306138306138;35,5723905723906;33,8386963212949;42,791510206779
"Eskimo_Aleut";"r0";0,979212127305908;36,2548562548563;41,4814814814815;36,2791097361863;36,0943336547247
"Eskimo_Aleut";"r0";0,981336522132467;40,955710955711;39,1750841750842;40,9474481864273;41,6668718309544
"Eskimo_Aleut";"r0";0,978505563096826;36,6278166278166;39,6296296296296;36,6417461545072;37,546563762548
"Eskimo_Aleut";"r0";0,965648305899242;34,7163947163947;33,1818181818182;34,7092737115939;47,3684100273625
"Eskimo_Aleut";"r0";0,975380158691429;35,3457653457653;41,5656565656566;35,374627950034;36,358253175643
"Eskimo_Aleut";"r0";0,973277619886232;34,1491841491841;36,7340067340067;34,1611786855406;41,392359206062
"Eskimo_Aleut";"r0";0,973754197959223;38,8189588189588;35,9090909090909;38,8054559516276;45,4555362204424
"Eskimo_Aleut";"r0";0,975987680279499;36,8609168609169;37,6430976430976;36,8645464701149;42,6589870506737
"Eskimo_Aleut";"r0";0,972543119931588;33,6674436674437;37,5252525252525;33,6853453326771;40,0383795936324
"Eskimo_Aleut";"r0";0,97751644864261;38,1196581196581;39,2929292929293;38,1251025334552;40,401264443709
"Eskimo_Aleut";"r0";0,98123096246268;37,995337995338;41,7676767676768;38,0128430476458;34,4768536334316
"Eskimo_Aleut";"r0";0,978299810568645;37,7078477078477;39,4612794612795;37,7159842821096;36,1003494587182
"Eskimo_Aleut";"r0";0,973214520011952;36,5423465423465;39,4612794612795;36,555891474685;37,1514936035178
"Eskimo_Aleut";"r0";0,978585068317886;36,8609168609169;43,2996632996633;36,8907950346465;34,2735822744417
"Eskimo_Aleut";"r0";0,970721476666254;37,031857031857;36,9360269360269;37,0314123446374;42,5310213993095
"Eskimo_Aleut";"r0";0,967848811304416;34,8251748251748;37,1885521885522;34,8361417734968;40,605589382056
"Eskimo_Aleut";"r0";0,982311087302764;39,2851592851593;43,4680134680135;39,3045692813674;31,738764009282
"Eskimo_Aleut";"r0";0,978347901287113;41,5462315462315;37,5589225589226;41,5277289523229;40,4487022586102
"Eskimo_Aleut";"r0";0,974428716783153;35,3613053613054;39,2087542087542;35,3791589522448;40,3437800707957
"Eskimo_Aleut";"r0";0,98503652205444;40,9013209013209;41,1952861952862;40,9026850094135;33,9292419201199
"Eskimo_Aleut";"r0";0,973753129253919;36,6899766899767;39,8316498316498;36,7045552196364;36,5702365754786
"Eskimo_Aleut";"r0";0,970976643927319;38,2362082362082;36,6498316498316;38,2288468599373;41,4394964119997
"Eskimo_Aleut";"r0";0,972280563617706;37,5602175602176;34,2087542087542;37,544665526104;52,2880988436428
"Eskimo_Aleut";"r0";0,9812726622784;41,1111111111111;38,8720538720539;41,1007210543173;39,6549651871931
"Eskimo_Aleut";"r0";0,977396160234274;38,2128982128982;36,4478114478114;38,2047075550556;44,3264221328609
"Eskimo_Aleut";"r0";0,986649063592605;40,3263403263403;40,2020202020202;40,3257634348122;39,6971501538864
"Eskimo_Aleut";"r0";0,972310331061113;35,1981351981352;38,5521885521885;35,2136992508222;38,101025988219
"Eskimo_Aleut";"r0";0,961948855809682;37,2960372960373;32,2727272727273;37,2727272727273;46,465565839017
"Eskimo_Aleut";"r0";0,976171695225752;35,9285159285159;36,6498316498316;35,9318631012367;41,2629264628113
"Eskimo_Aleut";"r0";0,978583445545276;36,2470862470862;38,9225589225589;36,2595014335154;37,7810221093221
"Eskimo_Aleut";"r0";0,976509187828518;36,6200466200466;40,03367003367;36,6358870999242;41,7358151449824
"Eskimo_Aleut";"r0";0,970260436380163;35,2913752913753;36,3973063973064;35,2965072222613;42,7308247332523
"Eskimo_Aleut";"r0";0,973616823474139;38,1196581196581;36,3973063973064;38,1116657682783;41,0118281781228
"Eskimo_Aleut";"r0";0,978998303586085;38,4537684537685;38,2659932659933;38,4528971071895;41,830269241771
"Eskimo_Aleut";"r0";0,975143086417307;34,4522144522145;39,4949494949495;34,4756146148258;38,2682921516995
"Eskimo_Aleut";"r0";0,979390419858541;36,1616161616162;37,3905723905724;36,1673189747436;45,2062890224924
"Eskimo_Aleut";"r0";0,966560434280191;36,1305361305361;36,2794612794613;36,1312271985126;39,8863757760083
"Eskimo_Aleut";"r0";0,970852013196687;35,9207459207459;36,4814814814815;35,9233479419094;41,694672888112
"Eskimo_Aleut";"r0";0,977870815079101;39,3706293706294;36,9360269360269;39,3593319115361;42,5107100135265
"Eskimo_Aleut";"r0";0,980868880409039;40,5205905205905;41,3636363636364;40,5245025662659;35,6343963021457
"Eskimo_Aleut";"r0";0,983352587169425;38,4071484071484;40,5723905723906;38,4171959345973;37,5217311090502
"Eskimo_Aleut";"r0";0,97612743367933;36,8220668220668;42,7609427609428;36,8496254111103;33,4296375418741
"Eskimo_Aleut";"r0";0,974246423359172;37,3348873348873;38,7542087542088;37,3414735131672;42,6976117165348
"Eskimo_Aleut";"r0";0,97110512545482;35,4156954156954;38,5521885521886;35,4302499082081;34,6729353814628
"Eskimo_Aleut";"r0";0,978928770167351;39,7824397824398;38,0976430976431;39,7746217003758;44,9432819398576
"Eskimo_Aleut";"r0";0,976616593178316;40;36,8518518518519;39,9853914239065;41,3220258151791
"Eskimo_Aleut";"r0";0,969582597848998;37,9409479409479;39,2087542087542;37,9468310326779;38,7070852793892
"Eskimo_Aleut";"r0";0,974812427209856;35,967365967366;37,4747474747475;35,974360777145;42,8639042417388
"Eskimo_Aleut";"r0";0,97490139643602;40,4118104118104;36,8518518518519;40,3952908825299;43,3442419630365
"Eskimo_Aleut";"r0";0,975320464978919;36,9230769230769;37,1885521885522;36,924308826861;43,9040353858889
"Eskimo_Aleut";"r0";0,982091438622305;38,7101787101787;40;38,7161639597835;40,0387390631166
"Eskimo_Aleut";"r0";0,980044065529563;38,8888888888889;39,6632996632997;38,8924824423664;38,7973759027661
"Eskimo_Aleut";"r0";0,979501139802878;38,3760683760684;38,3838383838384;38,3761044317889;42,5536866012379
"Eskimo_Aleut";"r0";0,967474655663309;36,3403263403263;35,1178451178451;36,3346535736327;42,1932241455209
"Eskimo_Aleut";"r0";0,980104349274541;36,5734265734266;39,2087542087542;36,5856554719664;39,9693058672238
"Eskimo_Aleut";"r0";0,97974892815662;38,6169386169386;41,5656565656566;38,6306217628723;34,744903529496
"Eskimo_Aleut";"r0";0,96571799290041;34,9261849261849;38,4680134680135;34,942620325451;39,3082327808595
"Eskimo_Aleut";"r0";0,976076640354807;39,6969696969697;36,5656565656566;39,682439241604;46,5346917974018
"Eskimo_Aleut";"r0";0,975673664522818;36,2703962703963;39,7474747474747;36,2865312053247;38,6184043752748
"Eskimo_Aleut";"r0";0,981859659842166;39,1686091686092;42,1380471380471;39,1823884631309;36,1909518086289
"Eskimo_Aleut";"r0";0,983046875180822;37,8399378399378;37,3569023569024;37,8376963759794;43,4952350813308
"Eskimo_Aleut";"r0";0,975757711547495;38,1818181818182;39,6632996632997;38,1886928058622;37,0362477443632
"Eskimo_Aleut";"r0";0,982739589273328;36,954156954157;42,5589225589226;36,9801651472185;33,862172163097
"Eskimo_Aleut";"r0";0,984206824840675;42,4553224553225;41,9360269360269;42,452912731335;36,966763096348
"Eskimo_Aleut";"r0";0,979679414896627;39,1763791763792;39,1245791245791;39,1761388049091;36,616862578262
"Eskimo_Aleut";"r0";0,975173196012003;39,5493395493395;38,5185185185185;39,5445561570852;36,624587886463
"Eskimo_Aleut";"r0";0,978309899111101;39,6503496503496;36,986531986532;39,6379885475013;39,9312691973741
"Eskimo_Aleut";"r0";0,974243797951884;37,6301476301476;36,9360269360269;37,6269266524487;43,9988139832558
"Eskimo_Aleut";"r0";0,97985162194356;36,7832167832168;38,8383838383838;36,7927535212918;42,4366179651779
"Eskimo_Aleut";"r0";0,969946112605717;38,0574980574981;36,5656565656566;38,05057535916;42,5403240147639
"Eskimo_Aleut";"r0";0,97614060172993;39,6581196581197;35,4545454545455;39,6386135133235;47,4440423146324
"Eskimo_Aleut";"r0";0,969275879237285;35,5866355866356;34,2255892255892;35,5803198262595;43,3352586303761
"Eskimo_Aleut";"r0";0,969604901802061;36,1383061383061;37,7272727272727;36,1456795331505;37,2966090922256
"Eskimo_Aleut";"r0";0,980621365899114;36,1693861693862;41,9360269360269;36,1961455232917;34,7617132440979
"Eskimo_Aleut";"r0";0,970442695887638;37,2105672105672;35,4545454545455;37,2024186177318;42,941654092199
"Eskimo_Aleut";"r0";0,97415180357121;38,0963480963481;38,7542087542088;38,099400814018;40,2010012855552
"Eskimo_Aleut";"r0";0,981937507810303;37,9487179487179;40,5723905723906;37,960892763677;38,7867924424184
"Eskimo_Aleut";"r0";0,976196688195701;43,2090132090132;37,1885521885522;43,1810760349043;42,701268936896
"Eskimo_Aleut";"r0";0,973814580997731;32,3387723387723;41,3973063973064;32,3808072996008;35,4599751964228
"Eskimo_Aleut";"r0";0,969296055134214;38,4693084693085;36,0774410774411;38,458209316678;45,8331483438772
"Eskimo_Aleut";"r0";0,974541832516502;36,2626262626263;37,7609427609428;36,269579007398;38,5957201350691
"Eskimo_Aleut";"r0";0,983188063180694;39,1142191142191;38,2154882154882;39,1100486692134;39,1107641863278
"Eskimo_Aleut";"r0";0,96977124320599;36,2470862470862;37,5589225589226;36,2531736545658;42,998403538487
"Eskimo_Aleut";"r0";0,978752401670963;36,0761460761461;41,3973063973064;36,100838235409;37,762283921713
"Eskimo_Aleut";"r0";0,977802282288376;41,2975912975913;36,4478114478114;41,275086518706;37,2126940363155
"Eskimo_Aleut";"r0";0,983237766331473;40,4739704739705;40,8585858585859;40,4757552321357;34,2297503943734
"Eskimo_Aleut";"r0";0,97069954531352;36,8531468531469;38,0976430976431;36,8589217777153;40,6268371071943
"Eskimo_Aleut";"r0";0,978137635539192;35,3457653457653;37,1043771043771;35,3539259571742;40,2961648251623
"Eskimo_Aleut";"r0";0,977547402644152;36,4646464646465;41,3131313131313;36,487145234245;39,3545660504299
"Eskimo_Aleut";"r0";0,967317095812083;34,5765345765346;34,6632996632997;34,5769371987469;43,0118981019744
"Eskimo_Aleut";"r0";0,985636978465458;39,044289044289;42,6767676767677;39,0611450936277;33,8475383355073
"Eskimo_Aleut";"r0";0,98092179865848;38,1351981351981;40,6228956228956;38,1467419750482;36,3262028247513
"Eskimo_Aleut";"r0";0,974053797090389;37,2571872571873;35,9090909090909;37,2509315896787;39,5508670026168
"Eskimo_Aleut";"r0";0,977628008311962;36,5967365967366;39,6127946127946;36,6107322255814;40,76605420334
"Eskimo_Aleut";"r0";0,955847314088139;31,6083916083916;35,3703703703704;31,6258485864054;44,8724076192097
"Eskimo_Aleut";"r0";0,976401930362278;39,8368298368298;37,8956228956229;39,827821915989;38,69381184037
"Eskimo_Aleut";"r0";0,979484507825199;38,1973581973582;41,5993265993266;38,213144593655;35,0169614283099
"Eskimo_Aleut";"r0";0,954709408297613;30,971250971251;39,2929292929293;31,0098666479177;37,8994875382671
"Eskimo_Aleut";"r0";0,974622225747071;39,2929292929293;36,1616161616162;39,2783988375636;39,9717945537464
"Eskimo_Aleut";"r0";0,984889339000974;36,2082362082362;45,8585858585859;36,2530174131102;31,2410343902265
"Eskimo_Aleut";"r0";0,977462282191936;41,4529914529915;36,4478114478114;41,429765559696;44,7942030784596
"Eskimo_Aleut";"r0";0,980345584859039;38,3838383838384;38,5521885521886;38,3846195911161;37,899391623266
"Eskimo_Aleut";"r0";0,973783644135638;37,2882672882673;37,1885521885522;37,2878045731874;43,0924342451598
"Eskimo_Aleut";"r0";0,984431961986443;40,6371406371406;40,4545454545455;40,6362933277086;37,6242114954703
"Eskimo_Aleut";"r0";0,963397607751622;32,7350427350427;35,9090909090909;32,7497714968713;41,5955977610614
"Eskimo_Aleut";"r0";0,971094947389966;34,5920745920746;38,4680134680135;34,6100603873226;37,5003724607814
"Eskimo_Aleut";"r0";0,975956792393536;37,5912975912976;37,2727272727273;37,5898193067567;38,172376090377
"Eskimo_Aleut";"r0";0,983347394374996;39,3550893550894;41,9360269360269;39,3670658635856;34,1995449693061
"Eskimo_Aleut";"r0";0,977565113839554;34,6853146853147;38,1313131313131;34,7013053973611;43,0790118930066
"Eskimo_Aleut";"r0";0,978920641550247;40,2253302253302;40,7407407407407;40,2277219214574;34,8182899091655
"Eskimo_Aleut";"r0";0,982643969763197;36,8220668220668;43,4175084175084;36,8526721194935;35,9178460740661
"Eskimo_Aleut";"r0";0,982543537450491;40,0699300699301;37,4410774410774;40,057731217824;38,6370846445317
"Eskimo_Aleut";"r0";0,975531446768276;37,5213675213675;39,8316498316498;37,5320880889326;36,5865677827573
"Eskimo_Aleut";"r0";0,97578397061402;40,7070707070707;33,973063973064;40,6758224159616;45,9590135343697
"Eskimo_Aleut";"r0";0,975010897262172;37,972027972028;38,5521885521886;37,9747201324928;39,6530389376613
"Eskimo_Aleut";"r0";0,969912206946479;35,8352758352758;35,3703703703704;35,833118501332;43,7281604379531
"Eskimo_Aleut";"r0";0,973194811405659;35,5400155400155;35,9090909090909;35,5417281867398;47,0341468190912
"Eskimo_Aleut";"r0";0,972663159382618;40,3030303030303;35,7407407407407;40,2818595858039;49,1057375089552
"Eskimo_Aleut";"r0";0,97314897819713;40,3885003885004;34,9158249158249;40,3631051426875;44,9416633220943
"Eskimo_Aleut";"r0";0,979413313559716;38,8811188811189;34,9158249158249;38,862718445085;49,6031392297065
"Eskimo_Aleut";"r0";0,978367862895515;38,997668997669;39,2087542087542;38,9986485114095;40,0859915939244
"Eskimo_Aleut";"r0";0,969551242720788;34,7319347319347;38,6700336700337;34,7502089729468;41,3782058942599
"Eskimo_Aleut";"r0";0,956301287830592;36,9386169386169;31,3636363636364;36,9127469591507;51,5969284448705
"Eskimo_Aleut";"r0";0,963724172612844;36,2082362082362;33,8888888888889;36,1974735756638;47,626222144661
"Eskimo_Aleut";"r0";0,973016846779437;37,995337995338;37,1885521885522;37,9915942096917;43,3219223245571
"Eskimo_Aleut";"r0";0,967203994408459;32,6651126651127;37,020202020202;32,6853218964588;48,6387344802809
"Eskimo_Aleut";"r0";0,976533300583415;40,3574203574204;36,1111111111111;40,3377159061614;41,5312237489551
"Eskimo_Aleut";"r0";0,975903538876903;37,4902874902875;36,1952861952862;37,4842782035357;48,7983099706785
"Eskimo_Aleut";"r0";0,980485950089862;40,4739704739705;37,1885521885522;40,4587249134813;42,1293774742478
"Eskimo_Aleut";"r0";0,980205688209338;38,3838383838384;39,7474747474747;38,390166162788;40,3697137381439
"Eskimo_Aleut";"r0";0,979783803808708;33,4032634032634;38,7542087542088;33,4280937761216;41,1057395805757
"Eskimo_Aleut";"r0";0,97314774123125;37,7233877233877;37,6430976430976;37,7230151476091;38,9954869229991
"Eskimo_Aleut";"r0";0,976723572184028;39,3783993783994;37,1043771043771;39,3678470708633;45,5238597477027
"Eskimo_Aleut";"r0";0,982580416435703;39,4638694638695;40,2861952861953;39,4676853609568;44,031077265519
"Eskimo_Aleut";"r0";0,981137564914198;36,5268065268065;39,4107744107744;36,5401892084027;39,1059166987492
"Eskimo_Aleut";"r0";0,977379449584294;41,1033411033411;37,7272727272727;41,0876748927793;42,6777322073917
"Eskimo_Aleut";"r0";0,970564331955233;38,0808080808081;37,020202020202;38,0758864749584;42,2236712646002
"Eskimo_Aleut";"r0";0,967506659958074;35,4933954933955;39,5791245791246;35,5123547930973;35,6484710314458
"Eskimo_Aleut";"r0";0,972868520196392;36,2859362859363;36,4814814814815;36,2868436882358;44,2252459522346
"Eskimo_Aleut";"r0";0,985073297780625;39,1452991452991;41,3973063973064;39,1557492949604;35,5497388448863
"Eskimo_Aleut";"r0";0,974584025907852;38,4071484071484;35,993265993266;38,3959470966431;38,8543572240151
"Eskimo_Aleut";"r0";0,975105829181452;38,9277389277389;35,993265993266;38,9141218839595;39,6524576892455
"Eskimo_Aleut";"r0";0,972274368054493;37,8477078477078;36,9360269360269;37,8434773098346;38,4235107036035
"Eskimo_Aleut";"r0";0,97635552583382;32,3853923853924;41,4814814814815;32,4276016155366;38,3784286050022
"Eskimo_Aleut";"r0";0,976801395513976;35,042735042735;40,6902356902357;35,0689415422594;37,9385107717119
"Eskimo_Aleut";"r0";0,980341847415257;41,7793317793318;35,6565656565657;41,7509198715695;47,2666854525447
"Eskimo_Aleut";"r0";0,979771236817474;40,0932400932401;38,2154882154882;40,0845266274501;42,672612333386
"Eskimo_Aleut";"r0";0,970084256536942;39,6891996891997;36,2794612794613;39,6733772371823;41,0528821612615
"Eskimo_Aleut";"r0";0,980122502632008;40,6604506604507;41,7676767676768;40,6655886006234;35,3358593738523
"Eskimo_Aleut";"r0";0,970307628624838;38,5703185703186;36,8181818181818;38,5621880053435;38,5157802622521
"Eskimo_Aleut";"r0";0,97594148434914;38,2362082362082;38,9225589225589;38,2393931581867;42,2786011895727
"Eskimo_Aleut";"r0";0,981207443720272;40,7303807303807;39,3771043771044;40,7241010257252;39,6519828168819
"Eskimo_Aleut";"r0";0,968775904690549;36,4180264180264;39,2087542087542;36,4309764309764;38,0241046176721
"Eskimo_Aleut";"r0";0,975694782786491;33,2711732711733;40,5723905723906;33,3050536298796;35,7255989746407
"Eskimo_Aleut";"r0";0,980258920215804;39,3473193473193;38,4343434343434;39,3430828001594;38,4342060953767
"Eskimo_Aleut";"r0";0,957918586259177;32,1134421134421;34,006734006734;32,1222276906732;47,144062724693
"Eskimo_Aleut";"r0";0,966188448564144;36,037296037296;35,03367003367;36,0326388400634;46,1652141964414
"Eskimo_Aleut";"r0";0,976377134164822;37,8943278943279;37,6767676767677;37,8933183341536;42,2778802694423
"Eskimo_Aleut";"r0";0,978421702055276;38,9277389277389;37,1885521885522;38,9196684556313;44,2841623775047
"Eskimo_Aleut";"r0";0,977112171824787;38,1818181818182;38,047138047138;38,181193215996;41,0515753740313
"Eskimo_Aleut";"r0";0,977532327604949;38,5236985236985;39,040404040404;38,5260962291125;37,731386634105
"Eskimo_Aleut";"r0";0,968905127216878;34,4755244755245;36,6498316498316;34,4856140679807;40,6947461030083
"Eskimo_Aleut";"r0";0,982678092655941;34,980574980575;38,6700336700337;34,9976954385307;44,4600693605913
"Eskimo_Aleut";"r0";0,974302270674237;38,9355089355089;38,2154882154882;38,932167772075;40,7404484366339
"Eskimo_Aleut";"r0";0,975644007653122;38,3372183372183;35,6565656565657;38,3247791136422;43,5661679964114
"Eskimo_Aleut";"r0";0,974240912227837;37,5990675990676;37,4747474747475;37,5984907075394;38,6217641178853
"Eskimo_Aleut";"r0";0,983010976485477;38,966588966589;39,4949494949495;38,9690407555837;38,3331639328759
"Eskimo_Aleut";"r0";0,973004272710608;35,5244755244755;38,6363636363636;35,53891584054;40,5968241460337
"Eskimo_Aleut";"r0";0,979404570412665;37,8477078477078;39,7474747474747;37,8565234713727;38,5208470764552
"Eskimo_Aleut";"r0";0,96977045627691;36,961926961927;39,8316498316498;36,9752435413688;39,7059228548936
"Eskimo_Aleut";"r0";0,973697243289017;36,029526029526;38,2659932659933;36,0399040677463;37,1587403912067
"Eskimo_Aleut";"r0";0,977416218302683;36,5034965034965;41,6498316498316;36,5273774090479;35,2410707071523
"Eskimo_Aleut";"r0";0,975827569980679;37,6456876456876;40,03367003367;37,6567687704579;38,5446782927487
"Eskimo_Aleut";"r0";0,982230886822761;40,4662004662005;40,4882154882155;40,4663026240752;36,967476376437
"Eskimo_Aleut";"r0";0,973027286916101;37,8632478632479;36,6498316498316;37,8576171615615;42,0398805965177
"Eskimo_Aleut";"r0";0,979709139112502;39,5337995337995;40,4882154882155;39,5382283781356;37,6278092312201
"Eskimo_Aleut";"r0";0,971497097759929;35,6798756798757;37,8451178451178;35,6899232073246;38,5081171255189
"Eskimo_Aleut";"r0";0,976665861723404;43,5508935508935;34,6296296296296;43,5094955744608;47,2297232958538
"Eskimo_Aleut";"r0";0,975003538975463;32,983682983683;39,2929292929293;33,0129602287375;36,6524457966553
"Eskimo_Aleut";"r0";0,98185031058831;38,7334887334887;39,3771043771044;38,7364753490044;37,9859804461376
"Eskimo_Aleut";"r0";0,974935578555755;40,5905205905206;34,2087542087542;40,560906825408;47,4066830171429
"Eskimo_Aleut";"r0";0,972216757460598;39,8057498057498;35,2020202020202;39,7843867913473;44,4013585121092
"Eskimo_Aleut";"r0";0,978586588147283;40,4584304584305;37,7272727272727;40,445756872671;39,5241695917939
"Eskimo_Aleut";"r0";0,964765775049934;34,996114996115;36,2794612794613;35,002070199286;44,2039669930873
"Eskimo_Aleut";"r0";0,981321109938406;34,8174048174048;36,4309764309764;34,8248923886975;42,4023172316489
"Eskimo_Aleut";"r0";0,979592548428596;37,3193473193473;37,6767676767677;37,3210058824908;43,8768572541941
"Eskimo_Aleut";"r0";0,969553625931055;37,4125874125874;35,6565656565657;37,404438819752;43,8266208457199
"Eskimo_Aleut";"r0";0,977636155653913;38,0574980574981;37,7609427609428;38,0561219308319;44,2867351536244
"Eskimo_Aleut";"r0";0,979500584474093;36,5578865578866;43,1313131313131;36,5883896974384;35,9586931585858
"Eskimo_Aleut";"r0";0,975387163800317;39,6891996891997;37,3063973063973;39,6781426015765;39,5025456096438
"Eskimo_Aleut";"r0";0,973919057240133;39,2385392385392;38,2996632996633;39,2341825056442;40,3678054275286
"Eskimo_Aleut";"r0";0,972244983410038;37,8865578865579;39,040404040404;37,8919121610537;37,1513017762405
"Eskimo_Aleut";"r0";0,96817588584084;33,986013986014;37,1043771043771;34,0004843485122;39,7640986818294
"Eskimo_Aleut";"r0";0,97551503595407;40,1864801864802;37,7272727272727;40,1750685509386;37,7896105553248
"Eskimo_Aleut";"r0";0,976772341473035;37,964257964258;38,5521885521886;37,9669861804433;37,3785987933922
"Eskimo_Aleut";"r0";0,978580590005062;37,1173271173271;37,1885521885522;37,1176576280985;49,003229003854
"Eskimo_Aleut";"r0";0,985201532995803;37,7000777000777;42,0538720538721;37,7202809221371;38,3894674557807
"Eskimo_Aleut";"r0";0,971359909475744;35,1670551670552;36,9360269360269;35,1752638527581;40,297804375822
"Eskimo_Aleut";"r0";0,980567873316577;40,0699300699301;37,3905723905724;40,0574968556407;41,2006217494948
"Eskimo_Aleut";"r0";0,965568600629096;38,1740481740482;35,5723905723906;38,1619755169639;42,7505137904439
"Eskimo_Aleut";"r0";0,970895417957511;39,3084693084693;33,5521885521885;39,2817580288578;45,2430913736709
"Eskimo_Aleut";"r0";0,9852296246253;39,1375291375291;44,4949494949495;39,1623895568211;32,5270937633197
"Eskimo_Aleut";"r0";0,968289663823955;34,7552447552448;33,4680134680135;34,7492715242135;46,8126632599189
"Eskimo_Aleut";"r0";0,977653827520739;39,3783993783994;38,3838383838384;39,373784246174;41,5696067019247
"Eskimo_Aleut";"r0";0,960589282540829;32,6029526029526;35,6565656565657;32,6171225011132;43,1631502052003
"Eskimo_Aleut";"r0";0,975729202621165;35,9362859362859;37,1885521885522;35,9420969165749;39,3742508130205
"Eskimo_Aleut";"r0";0,960789154607252;34,9339549339549;34,2929292929293;34,9309803370128;42,105322962549
"Eskimo_Aleut";"r0";0,979218916878867;39,3628593628594;35,0841750841751;39,3430046794316;47,1823062740882
"Eskimo_Aleut";"r0";0,974165518161928;39,4405594405594;35,7407407407407;39,4233909083097;46,7180641760071
"Eskimo_Aleut";"r0";0,964492457606462;36,8609168609169;33,6868686868687;36,8461880990883;42,1478752672778
"Eskimo_Aleut";"r0";0,967813134701142;36,6744366744367;36,1952861952862;36,6722132383385;45,251143264102
"Eskimo_Aleut";"r0";0,984054972792803;36,4568764568765;39,040404040404;36,4688649839462;41,2361006972247
"Eskimo_Aleut";"r0";0,96797686652273;37,4902874902875;35,6565656565657;37,481778340247;42,2657636036765
"Eskimo_Aleut";"r0";0,95641204640485;34,957264957265;32,020202020202;34,943635894912;45,063832317861
"Eskimo_Aleut";"r0";0,979926244903133;40,5361305361305;39,8653198653199;40,5330177255931;36,1361278477336
"Eskimo_Aleut";"r0";0,967746726492487;35,951825951826;37,020202020202;35,9567836133961;38,8119850775514
"Eskimo_Aleut";"r0";0,974951708131186;37,4592074592075;37,8956228956229;37,4612325888428;38,6219710405847
"Eskimo_Aleut";"r0";0,976056224649048;37,3581973581974;39,5791245791246;37,3685032849766;39,4303320481053
"Eskimo_Aleut";"r0";0,976774750044289;35,4156954156954;40,4882154882155;35,439233791902;39,8608648098001
"Eskimo_Aleut";"r0";0,972587390740615;38,6946386946387;35,5387205387205;38,6799940628247;44,066875698306
"Eskimo_Aleut";"r0";0,974252590360616;35,8585858585859;36,6161616161616;35,8621012913356;43,1273944536062
"Eskimo_Aleut";"r0";0,980423265349057;38,010878010878;41,7676767676768;38,0283109517448;35,3136661982069
"Eskimo_Aleut";"r0";0,970680795506387;38,2905982905983;35,4545454545455;38,277437952612;48,006796156089
"Eskimo_Aleut";"r0";0,974544181897785;37,995337995338;40,5387205387205;38,0071402345184;35,6343037736517
"Eskimo_Aleut";"r0";0,982062057365022;36,4646464646465;41,3131313131313;36,487145234245;39,2766945375058
"Eskimo_Aleut";"r0";0,978266679647474;37,7544677544678;37,7609427609428;37,7544978009015;40,6068963969768
"Eskimo_Aleut";"r0";0,971448955157906;36,5190365190365;37,6430976430976;36,524252579937;40,904856195073
"Eskimo_Aleut";"r0";0,979905374124617;40,0932400932401;40,4545454545455;40,0949166842438;35,460592426039
"Eskimo_Aleut";"r0";0,965989519938617;36,993006993007;36,7340067340067;36,9918051356566;41,8412228234764
"Eskimo_Aleut";"r0";0,977208507674001;36,4180264180264;37,3905723905724;36,422539392377;40,8640958475397
"Eskimo_Aleut";"r0";0,969836244499353;36,8686868686869;35,7744107744108;36,8636090213816;41,470447162158
"Eskimo_Aleut";"r0";0,97108517823563;38,6868686868687;33,8383838383838;38,6643699172702;46,8745155445764
"Eskimo_Aleut";"r0";0,977304355265878;36,0683760683761;40,1178451178451;36,0871671080488;38,4808052639436
"Eskimo_Aleut";"r0";0,969653826988984;36,8453768453768;36,4478114478114;36,8435319943441;41,7458949470104
"Eskimo_Aleut";"r0";0,977439774075239;36,5268065268065;40,8249158249158;36,5467513495356;38,2980102430093
"Eskimo_Aleut";"r0";0,977020906968479;40,8158508158508;40,2020202020202;40,8130024139305;35,7252768159812
"Eskimo_Aleut";"r0";0,965896206335972;37,7000777000777;35,9090909090909;37,6917668565;44,4636180697119
"Eskimo_Aleut";"r0";0,969830903026072;35,027195027195;37,2727272727273;35,0376151304226;43,887567350065
"Eskimo_Aleut";"r0";0,968935720015078;34,5454545454545;34,4612794612795;34,5450639418157;48,1837118719474
"Eskimo_Aleut";"r0";0,98108220981436;42,3387723387723;40,4040404040404;42,3297944643652;40,0026369360519
"Eskimo_Aleut";"r0";0,9786436589146;37,979797979798;40,2356902356902;37,9902661573195;39,0010276550896
"Eskimo_Aleut";"r0";0,982244080055302;38,4770784770785;40,993265993266;38,4887545212371;34,0900736520252
"Eskimo_Aleut";"r0";0,974491032414027;36,6200466200466;34,8316498316498;36,6117477950425;43,5894626522532
"Eskimo_Aleut";"r0";0,982817103965003;39,4483294483295;41,8518518518518;39,4594826845407;36,7008708186508
"Eskimo_Aleut";"r0";0,981558161174228;35,5477855477856;41,969696969697;35,5775856007875;35,1686172134757
"Eskimo_Aleut";"r0";0,982055569027228;38,4149184149184;41,7676767676768;38,4304764583187;38,3304652712791
"Eskimo_Aleut";"r0";0,967912854748641;33,4809634809635;34,6296296296296;33,4862937183123;45,0769285496144
"Eskimo_Aleut";"r0";0,973623729163683;39,1841491841492;37,8114478114478;39,1777793401923;39,4279191357326
"Eskimo_Aleut";"r0";0,972745299327566;36,3947163947164;36,1111111111111;36,3934003609178;41,5014688595697
"Eskimo_Aleut";"r0";0,981358757580846;39,0598290598291;42,4747474747475;39,0756755489934;35,3541679452694
"Eskimo_Aleut";"r0";0,966270977209548;36,6899766899767;33,5185185185185;36,6752599467217;47,1560106064589
"Eskimo_Aleut";"r0";0,975784020883179;38,1818181818182;38,9225589225589;38,1852554938402;37,2958575274686
"Eskimo_Aleut";"r0";0,982918592848223;38,6868686868687;40,9427609427609;38,6973368643902;36,681738338591
"Eskimo_Aleut";"r0";0,96595099877842;36,1693861693862;36,7340067340067;36,1720062184099;40,9856131715114
"Eskimo_Aleut";"r0";0,98075409575402;40,5439005439005;39,1750841750842;40,5375487278039;37,4198806815525
"Eskimo_Aleut";"r0";0,977598069303687;34,5299145299145;37,8451178451178;34,545298303999;42,01097670051
"Eskimo_Aleut";"r0";0,973913863288149;38,6635586635587;37,2727272727273;38,6571046895873;40,9968498255829
"Eskimo_Aleut";"r0";0,975740795448354;38,5703185703186;38,5016835016835;38,5700000781207;38,2900120372106
"Eskimo_Aleut";"r0";0,97758150149363;36,5112665112665;39,5791245791246;36,5255025115814;39,8064115399248
"Eskimo_Aleut";"r0";0,977078508852098;40,8624708624709;37,8114478114478;40,8483129828837;43,5206584406985
"Eskimo_Aleut";"r0";0,967030036926433;33,4110334110334;33,2996632996633;33,4105166123728;50,0662605935413
"Eskimo_Aleut";"r0";0,978179961108272;39,3939393939394;37,6430976430976;39,385814838251;44,668807538538
"Eskimo_Aleut";"r0";0,981883169819339;38,9277389277389;42,020202020202;38,9420891045021;34,9845774573026
"Eskimo_Aleut";"r0";0,978886452255592;39,4794094794095;38,6700336700337;39,4756536751896;40,5466156435116
"Eskimo_Aleut";"r0";0,96596777315613;34,5221445221445;35,8249158249158;34,5281898646168;43,7971598740219
"Eskimo_Aleut";"r0";0,974869381562489;38,1118881118881;36,986531986532;38,1066660417008;42,176560213182
"Eskimo_Aleut";"r0";0,975019854050677;38,041958041958;39,9158249158249;38,0506534798878;34,0454842575682
"Eskimo_Aleut";"r0";0,97758424427158;38,7567987567988;37,1885521885522;38,7495215105424;43,5000195689975
"Eskimo_Aleut";"r0";0,964972925532906;36,3947163947164;33,9225589225589;36,3832446663073;45,7173869723833
"Eskimo_Aleut";"r0";0,971271702795471;34,2579642579643;37,020202020202;34,2707820666057;43,2690960475814
"Eskimo_Aleut";"r0";0,977001008398956;36,961926961927;40,7407407407407;36,9794620606686;35,8847993468004
"Eskimo_Aleut";"r0";0,973151197741893;40,2020202020202;36,2457912457912;40,1836618309936;38,9184046697247
"Eskimo_Aleut";"r0";0,975163604473307;38,3993783993784;37,2727272727273;38,3941503199044;38,4223864781611
"Eskimo_Aleut";"r0";0,984218854850106;40,2564102564103;42,020202020202;40,2645949049661;36,7620047338025
"Eskimo_Aleut";"r0";0,973708282529816;37,972027972028;38,4680134680135;37,9743295288539;38,3377058929232
"Eskimo_Aleut";"r0";0,97755401731237;37,024087024087;39,040404040404;37,0334434835595;37,5458164758097
"Eskimo_Aleut";"r0";0,978748192315034;41,2898212898213;39,9158249158249;41,2834454365777;39,8668766599359
"Eskimo_Aleut";"r0";0,973232853023339;34,4522144522145;36,9023569023569;34,4635840227488;45,6733945542487
"Eskimo_Aleut";"r0";0,970573737477707;38,0885780885781;35,6228956228956;38,0771364066028;40,0555258074426
"Eskimo_Aleut";"r0";0,982826713531268;37,4825174825175;41,026936026936;37,498964900357;36,5241636835369
"Eskimo_Aleut";"r0";0,979223044757489;38,9432789432789;39,1750841750842;38,9443546056075;40,6922198764267
"Eskimo_Aleut";"r0";0,971220930122451;34,3512043512044;36,1952861952862;34,3597615755388;39,1617827387508
"Eskimo_Aleut";"r0";0,972496269858373;39,2851592851593;39,006734006734;39,2838672885077;43,092679344224
"Eskimo_Aleut";"r0";0,979005806003289;39,6192696192696;40,6565656565657;39,6240830579578;36,5425550443919
"Eskimo_Aleut";"r0";0,977682525019001;39,9222999222999;37,6430976430976;39,9117235776168;44,2998447067866
"Eskimo_Aleut";"r0";0,967495037654643;36,021756021756;35;36,0170146945089;43,7674052634902
"Eskimo_Aleut";"r0";0,981014225242986;38,6091686091686;38,3333333333333;38,6078886310905;42,5152072336439
"Eskimo_Aleut";"r0";0,974315440996162;41,1188811188811;38,5521885521885;41,1069707125392;37,652220127411
"Eskimo_Aleut";"r0";0,980488583294599;38,7101787101787;38,7542087542088;38,7103830259283;43,928555175865
"Eskimo_Aleut";"r0";0,975327196760191;37,972027972028;37,7609427609428;37,9710484582874;39,4371362559627
"Eskimo_Aleut";"r0";0,968290262667287;35,7886557886558;37,5925925925926;35,797026725101;40,3574437576486
"Eskimo_Aleut";"r0";0,973403326452714;35,6954156954157;36,1111111111111;35,697344676463;43,105904158925
"Eskimo_Aleut";"r0";0,973428340739239;35,6021756021756;37,3569023569024;35,6103181857242;43,3719360450186
"Eskimo_Aleut";"r0";0,961887035180852;34,8484848484849;32,7272727272727;34,8386416367855;46,7203559201646
"Eskimo_Aleut";"r0";0,975807288859292;35,5244755244755;36,7340067340067;35,5300881983017;45,633945451729
"Eskimo_Aleut";"r0";0,985038989643477;35,3146853146853;42,1885521885522;35,3465826087636;34,3229307414501
"Eskimo_Aleut";"r0";0,974012367241161;39,6037296037296;37,020202020202;39,5917410766599;41,3552021646685
"Eskimo_Aleut";"r0";0,980650688777339;37,5524475524476;40,6565656565657;37,5668518127915;37,3349964596222
"Eskimo_Aleut";"r0";0,974720489779581;39,3162393162393;37,5589225589226;39,3080847141172;38,8928918993346
"Eskimo_Aleut";"r0";0,970585405011449;37,8010878010878;36,6498316498316;37,7957455451655;39,3717440350134
"Eskimo_Aleut";"r0";0,970960618918022;35,1437451437451;38,2996632996633;35,1583897755592;39,694854335162
"Eskimo_Aleut";"r0";0,974789356643011;39,4017094017094;39,4612794612795;39,4019858289;37,1783616949034
"Eskimo_Aleut";"r0";0,964996352916193;34,3123543123543;33,7205387205387;34,3096080683088;44,5016125847811
"Eskimo_Aleut";"r0";0,982498329284576;38,8578088578089;39,6632996632997;38,8615466341684;40,4141381392236
"Eskimo_Aleut";"r0";0,954567616365405;29,4871794871795;32,4747474747475;29,5010429117158;43,8922186264724
"Eskimo_Aleut";"r0";0,982912206687222;34,5998445998446;39,3265993265993;34,6217784964885;40,6524375382434
"Eskimo_Aleut";"r0";0,974904166195561;37,039627039627;39,4612794612795;37,0508644058528;37,9776060246385
"Eskimo_Aleut";"r0";0,978850471543086;34,6697746697747;39,6632996632997;34,6929464794894;40,3972720775074
"Eskimo_Aleut";"r0";0,982886239881123;42,020202020202;40,6565656565657;42,0138742412524;38,1967768125829
"Eskimo_Aleut";"r0";0,965395747056887;35,982905982906;32,5589225589226;35,9670174287344;49,1669748464203
"Eskimo_Aleut";"r0";0,978390671641353;41,3053613053613;36,5319865319865;41,2832110743944;41,5291259100801
"Eskimo_Aleut";"r0";0,975518402067778;39,4871794871795;35,2861952861953;39,4676853609568;45,6275722668817
"Eskimo_Aleut";"r0";0,969911024053411;36,8997668997669;33,8047138047138;36,8854047044302;45,5627285271442
"Eskimo_Aleut";"r0";0,983399220574075;41,4063714063714;39,1750841750842;41,3960174052981;37,9419262336494
"Eskimo_Aleut";"r0";0,9802444889715;36,1460761460761;42,5925925925926;36,1759903755263;33,3381686132755
"Eskimo_Aleut";"r0";0,984813223968478;38,9199689199689;41,7676767676768;38,933183341536;34,6214311889952
"Eskimo_Aleut";"r0";0,976561145946017;37,3581973581974;36,3636363636364;37,353582225972;42,4746373171535
"Eskimo_Aleut";"r0";0,976602823585689;40,1476301476301;37,5589225589226;40,1356175834134;42,3612886479802
"Eskimo_Aleut";"r0";0,971024872757625;39,4405594405594;36,3131313131313;39,426047013054;44,2098105275212
"Eskimo_Aleut";"r0";0,975640268474565;34,6930846930847;39,3265993265993;34,7145859210824;38,4900674259618
"Eskimo_Aleut";"r0";0,965586983880737;37,0551670551671;34,006734006734;37,0410211941534;48,6582541454706
"Eskimo_Aleut";"r0";0,969375480007471;37,5679875679876;35,6228956228956;37,5589616192864;38,6806226309752
"Eskimo_Aleut";"r0";0,961234145880827;31,7715617715618;37,6430976430976;31,7988078776942;40,8337073244202
"Eskimo_Aleut";"r0";0,978853169298131;37,6534576534577;39,7474747474747;37,6631746701352;35,4965384144747
"Eskimo_Aleut";"r0";0,966175534574234;35,2525252525253;38,1313131313131;35,2658838969744;38,1015625885115
"Eskimo_Aleut";"r0";0,975861744978169;35,959595959596;39,5791245791246;35,9763919160671;36,6076512943103
"Eskimo_Aleut";"r0";0,978437507832818;39,3783993783994;36,7676767676768;39,3662846563079;43,4567672196819
"Eskimo_Aleut";"r0";0,966300874153167;34,972804972805;34,006734006734;34,9683220448882;47,0099569077532
"Eskimo_Aleut";"r0";0,967667868791277;36,7599067599068;38,0976430976431;36,7661143531213;37,1281822570521
"Eskimo_Aleut";"r0";0,972039483457066;38,6635586635587;38,013468013468;38,6605420016093;39,6610629757547
"Eskimo_Aleut";"r0";0,979495297313108;39,9378399378399;40,03367003367;39,9382846250596;38,8018012490694
"Eskimo_Aleut";"r0";0,981411033060964;39,99222999223;39,5454545454545;39,9901567883006;36,2280290885587
"Eskimo_Aleut";"r0";0,978032361922594;36,8842268842269;40,2020202020202;36,8996226768849;41,119418944303
"Eskimo_Aleut";"r0";0,974948944152349;36,977466977467;38,013468013468;36,9822744068684;39,7049367869633
"Eskimo_Aleut";"r0";0,980863541090579;37,031857031857;37,7609427609428;37,0352402602983;43,3499030295165
"Eskimo_Aleut";"r0";0,974661223248969;39,2385392385392;36,3636363636364;39,2251986219504;42,6903578383214
"Eskimo_Aleut";"r0";0,980346081020121;38,7567987567988;38,7542087542088;38,7567867382253;38,1498094756005
"Eskimo_Aleut";"r0";0,983081603921847;36,8686868686869;41,3973063973064;36,8897013444577;35,7568876841595
"Eskimo_Aleut";"r0";0,976792149940842;37,7078477078477;37,3569023569024;37,706219191138;38,886469047525
"Eskimo_Aleut";"r0";0,98020440715544;38,8655788655789;41,3973063973064;38,8773270211785;37,6939852272581
"Eskimo_Aleut";"r0";0,973759405927396;36,7754467754468;39,2592592592593;36,7869725874366;35,4878071075676
"Eskimo_Aleut";"r0";0,985219989378749;39,1996891996892;43,013468013468;39,2173865491731;35,8903384967898
"Eskimo_Aleut";"r0";0,977629594049546;40,3185703185703;36,6161616161616;40,3013897677471;41,7799435901967
"Eskimo_Aleut";"r0";0,974564379387705;35,4700854700855;37,4747474747475;35,4793878459772;38,9248402289993
"Eskimo_Aleut";"r0";0,978827461257122;41,033411033411;39,4612794612795;41,0261157592944;36,533126758514
"Eskimo_Aleut";"r0";0,968396800887881;35,5710955710956;40,2861952861953;35,5929753841587;36,5605137037836
"Eskimo_Aleut";"r0";0,970368104366027;36,4180264180264;37,3905723905724;36,422539392377;46,670541479604
"Eskimo_Aleut";"r0";0,978103501720641;37,3271173271173;38,2491582491582;37,3313959392846;40,1964375936232
"Eskimo_Aleut";"r0";0,974981625308449;38,1274281274281;36,8181818181818;38,1213527385221;41,5250721260855
"Eskimo_Aleut";"r0";0,969443355228345;36,5578865578866;35,4545454545455;36,5527666455741;44,7049995373816
"Eskimo_Aleut";"r0";0,978075118142324;39,7746697746698;40,6565656565657;39,7787620989477;34,4269897732192
"Eskimo_Aleut";"r0";0,979475879096667;42,2766122766123;40;42,2660479505027;38,3471225198715
"Eskimo_Aleut";"r0";0,977270424844001;35,5710955710956;39,6632996632997;35,5900849172311;40,9535177498562
"Eskimo_Aleut";"r0";0,979963032594769;35,4700854700855;39,1245791245791;35,4870436772989;38,7267509596917
"Eskimo_Aleut";"r0";0,96941880673706;40,6216006216006;35,1683501683502;40,596295515089;45,4656840490507
"Eskimo_Aleut";"r0";0,971301756611078;37,3659673659674;37,4410774410774;37,366315904599;42,7261824965179
"Eskimo_Aleut";"r0";0,974835609769487;38,9277389277389;37,8956228956229;38,9229495261978;39,0386719442053
"Eskimo_Aleut";"r0";0,982511214339404;35,8275058275058;41,8855218855219;35,8556172709305;34,1018149508743
"Eskimo_Aleut";"r0";0,969358650672759;36,0839160839161;36,2794612794613;36,0848234862156;40,0736899636393
"Eskimo_Aleut";"r0";0,985445629069946;35,2136752136752;44,1582491582492;35,2551813572695;34,2613331277039
"Eskimo_Aleut";"r0";0,970891834443254;36,1771561771562;35,2861952861953;36,173021787871;47,9741422194355
"Eskimo_Aleut";"r0";0,980696456545513;38,7645687645688;38,8047138047138;38,7647550524581;38,7053028251115
"Eskimo_Aleut";"r0";0,970957953124863;37,5058275058275;35,0841750841751;37,4945901396017;40,6220124368795
"Eskimo_Aleut";"r0";0,977804500160195;38,4071484071484;39,2929292929293;38,4112587592866;36,6799393638438
"Eskimo_Aleut";"r0";0,96821292801733;39,6114996114996;36,9360269360269;39,5990844250705;40,5842885222429
"Eskimo_Aleut";"r0";0,97660146143302;40,5050505050505;34,6296296296296;40,4777863710578;48,8115087759346
"Eskimo_Aleut";"r0";0,980891723009572;40,2874902874903;40,2861952861953;40,2874842782035;34,0195638947706
"Eskimo_Aleut";"r0";0,98164459810923;39,3783993783994;39,2929292929293;39,3780027654738;39,6733408816759
"Eskimo_Aleut";"r0";0,974398486646774;38,3838383838384;37,5589225589226;38,3800104681775;38,3183502989223
"Eskimo_Aleut";"r0";0,971252507985957;37,6923076923077;38,013468013468;37,6937979954221;41,5816826604799
"Eskimo_Aleut";"r0";0,973321155592181;38,4226884226884;35,8249158249158;38,4106337934644;40,2236285644217
"Eskimo_Aleut";"r0";0,975542975628596;35,8197358197358;36,9360269360269;35,8249158249158;43,8581740926852
"Eskimo_Aleut";"r0";0,97112003853413;34,6542346542347;35,5723905723906;34,6584952385416;46,1784653488462
"Eskimo_Aleut";"r0";0,976709879872657;41,7715617715618;37,3569023569024;41,7510761130251;44,7582597773476
"Eskimo_Aleut";"r0";0,973182218278612;33,970473970474;39,2087542087542;33,9947815353848;36,4726433890374
"Eskimo_Aleut";"r0";0,973127722675694;37,8166278166278;36,7340067340067;37,8116040529034;42,8827380790102
"Eskimo_Aleut";"r0";0,977308758816935;38,1818181818182;38,1818181818182;38,1818181818182;41,1930178936723
"Eskimo_Aleut";"r0";0,976028326630262;38,4615384615385;37,1043771043771;38,4552407290226;44,095774373962
"Eskimo_Aleut";"r0";0,979472922294108;37,2804972804973;38,6700336700337;37,2869452451819;39,4560653917282
"Eskimo_Aleut";"r0";0,973705971507137;39,2540792540793;35,7070707070707;39,2376198176662;42,6973479786133
"Eskimo_Aleut";"r0";0,976602827780783;36,7987567987568;35,993265993266;36,7950190223972;43,9062585321621
"Eskimo_Aleut";"r0";0,962079250692963;36,9230769230769;36,8518518518519;36,9227464123056;42,9213983409856
"Eskimo_Aleut";"r0";0,970187961574774;36,8609168609169;38,7542087542088;36,8697024381479;37,7374336390646
"Eskimo_Aleut";"r0";0,972154821289972;38,7956487956488;39,5454545454545;38,7991281726781;36,4864305359653
"Eskimo_Aleut";"r0";0,980575714576595;42,952602952603;39,5791245791246;42,9369487606147;37,5843289744175
"Eskimo_Aleut";"r0";0,975510640886625;40,2952602952603;39,0909090909091;40,2896716585812;38,0202233586645
"Eskimo_Aleut";"r0";0,984460321495565;38,5392385392385;41,6498316498316;38,5536728460162;33,6167453952141
"Eskimo_Aleut";"r0";0,969086731893586;38,1351981351981;35,7407407407407;38,1240869639942;45,1900987059763
"Eskimo_Aleut";"r0";0,97662428916206;35,1282051282051;37,1043771043771;35,1373752997883;47,660472253692
"Eskimo_Aleut";"r0";0,975179092619778;35,9207459207459;39,5791245791246;35,9377221558196;39,6877178572638
"Eskimo_Aleut";"r0";0,964330790872913;32,8205128205128;36,1952861952862;32,8361730217879;42,2906057191877
"Eskimo_Aleut";"r0";0,979400454920121;36,2859362859363;38,8383838383838;36,297780590124;39,3278943940235
"Eskimo_Aleut";"r0";0,976367693207103;40,2564102564103;39,006734006734;40,2506112946948;39,2282014404948
"Eskimo_Aleut";"r0";0,980731527746406;40,2020202020202;40,2861952861953;40,2024108056591;36,1426369931996
"Eskimo_Aleut";"r0";0,973814187899162;37,2727272727273;40,8249158249158;37,2892107462873;35,616975692724
"Eskimo_Aleut";"r0";0,975948182795228;39,8135198135198;37,7609427609428;39,8039950940183;41,3606324526185
"Eskimo_Aleut";"r0";0,98613861061567;37,8321678321678;41,6835016835017;37,8500394509675;35,1109025890245
"Eskimo_Aleut";"r0";0,971429513797943;37,7389277389277;34,4612794612795;37,7237182341591;41,7977193617485
"Eskimo_Aleut";"r0";0,972091261369237;36,2548562548563;37,6936026936027;36,2615325724374;36,9342152220406
"Eskimo_Aleut";"r0";0,98029011908482;39,1452991452991;40,2861952861953;39,1505933269274;34,5972078961946
"Eskimo_Aleut";"r0";0,969569012869365;35,8508158508158;37,3905723905724;35,8579608927637;44,2248640141142
"Eskimo_Aleut";"r0";0,973642826604117;36,985236985237;34,0572390572391;36,9716499878913;40,0946538083136
"Eskimo_Aleut";"r0";0,98149496852555;38,3838383838384;37,3905723905724;38,3792292608998;43,8810284374489
"Eskimo_Aleut";"r0";0,971078978563171;37,047397047397;35,5723905723906;37,0405524697868;43,6490003595347
"Eskimo_Aleut";"r1";0,985671237406211;37,000777000777;47,4242424242424;37,0491457498418;28,6559586916082
"Eskimo_Aleut";"r1";0,986396229673027;40,3030303030303;45,8585858585859;40,3288101431953;31,3695387664688
"Eskimo_Aleut";"r1";0,986242197856986;39,044289044289;46,7676767676768;39,0801284304765;30,3192632745215
"Eskimo_Aleut";"r1";0,983890243564431;39,2696192696193;43,1313131313131;39,287538962713;32,9807660531959
"Eskimo_Aleut";"r1";0,984264396140904;38,7567987567988;43,7878787878788;38,7801448358293;35,0985723169442
"Eskimo_Aleut";"r1";0,987437035563982;40,9013209013209;45,1178451178451;40,9208871389846;30,918435167243
"Eskimo_Aleut";"r1";0,986187329302089;41,4685314685315;45,6902356902357;41,4881217433422;30,7644549687857
"Eskimo_Aleut";"r1";0,988097463775118;36,985236985237;49,1582491582492;37,0417242807034;28,641254069611
"Eskimo_Aleut";"r1";0,992571352906389;37,7311577311577;53,6195286195286;37,8048856703149;24,1752582226416
"Eskimo_Aleut";"r1";0,986947827549889;38,8111888111888;49,6969696969697;38,861702875624;28,7129017938819
"Eskimo_Aleut";"r1";0,98264434872123;35,6332556332556;42,1380471380471;35,6634402806096;36,8358847622399
"Eskimo_Aleut";"r1";0,987005020783654;38,3061383061383;46,8855218855219;38,3459498308686;30,0331411492237
"Eskimo_Aleut";"r1";0,985919826720462;38,3061383061383;46,4309764309764;38,3438405712188;29,91180758564
"Eskimo_Aleut";"r1";0,983691750164597;36,2082362082362;47,7946127946128;36,2620012968041;29,4620736037192
"Eskimo_Aleut";"r1";0,984386151310377;38,966588966589;42,8787878787879;38,984743021866;32,4052831633186
"Eskimo_Aleut";"r1";0,984701067489403;40,2641802641803;44,6127946127946;40,2843594490926;30,7137047876999
"Eskimo_Aleut";"r1";0,986736821337398;37,2183372183372;50,3535353535353;37,2792894138602;27,8942940911518
"Eskimo_Aleut";"r1";0,984103410246051;39,5493395493395;44,3265993265993;39,5715078081667;31,4764100957085
"Eskimo_Aleut";"r1";0,982234390871515;39,3084693084693;42,8451178451178;39,3248806705883;33,6421438007646
"Eskimo_Aleut";"r1";0,985963121426263;39,028749028749;45,976430976431;39,0609888521722;28,9296858455018
"Eskimo_Aleut";"r1";0,984789627500467;39,1841491841492;46,0606060606061;39,216058496801;33,9837035460957
"Eskimo_Aleut";"r1";0,986332193323964;39,5726495726496;47,8787878787879;39,6111931378753;28,6329123483814
"Eskimo_Aleut";"r1";0,98443450663273;38,989898989899;41,8518518518518;39,0031795136204;36,0205402519998
"Eskimo_Aleut";"r1";0,988497620325298;39,0986790986791;47,7946127946128;39,1390314592171;31,490525068896
"Eskimo_Aleut";"r1";0,987827658963429;41,996891996892;46,1447811447811;42,0161397423578;30,365627439924
"Eskimo_Aleut";"r1";0,980523334039255;39,6348096348096;44,4107744107744;39,6569718843501;32,1177503548296
"Eskimo_Aleut";"r1";0,984392946285541;40,0621600621601;44,8653198653199;40,0844485067223;29,0247514305893
"Eskimo_Aleut";"r1";0,985504166045219;41,6006216006216;44,5791245791246;41,6144429601506;31,5933860099445
"Eskimo_Aleut";"r1";0,984389185281999;38,9277389277389;48,1649831649832;38,9706031701391;29,0095487165818
"Eskimo_Aleut";"r1";0,98598301026575;37,0551670551671;48,5016835016835;37,1082831407657;27,6406979086015
"Eskimo_Aleut";"r1";0,982383848000116;40,6682206682207;46,7676767676768;40,6965244088214;28,4784178779846
"Eskimo_Aleut";"r1";0,989274588448642;39,4483294483295;50,4377104377104;39,4993242557048;27,1441496671464
"Eskimo_Aleut";"r1";0,985040378084683;38,6247086247086;47,3400673400673;38,6651511245479;27,0762219880495
"Eskimo_Aleut";"r1";0,988747352122026;39,5027195027195;49,3771043771044;39,5485403142016;26,6419677872077
"Eskimo_Aleut";"r1";0,983083758831368;36,6666666666667;47,1380471380471;36,7152577593413;28,356155110729
"Eskimo_Aleut";"r1";0,984139985022673;39,4172494172494;45,6902356902357;39,4463584022749;32,6493462262905
"Eskimo_Aleut";"r1";0,986351609867503;40,7614607614608;46,3973063973064;40,7876131774044;29,4640244183445
"Eskimo_Aleut";"r1";0,985007674463104;38,1196581196581;48,4175084175084;38,167443967908;28,2897662370722
"Eskimo_Aleut";"r1";0,989777972021607;41,7404817404817;48,5016835016835;41,7718562266126;28,2488728425149
"Eskimo_Aleut";"r1";0,985524348557859;37,1250971250971;50,1851851851852;37,1857007819885;28,5389852632064
"Eskimo_Aleut";"r1";0,987039524789057;37,6923076923077;51,2626262626263;37,7552790081792;26,0475778056846
"Eskimo_Aleut";"r1";0,981973145717553;38,7723387723388;40,7407407407407;38,7814728882014;35,5899386849604
"Eskimo_Aleut";"r1";0,989713713213366;40,5516705516705;50,6060606060606;40,5983266540111;26,0466449508215
"Eskimo_Aleut";"r1";0,987978908295723;41,973581973582;41,6835016835017;41,9722358933496;37,0064422652694
"Eskimo_Aleut";"r1";0,984869817061661;38,5470085470086;40,3198653198653;38,5552352605717;40,8211584044843
"Eskimo_Aleut";"r1";0,984405823676362;37,4436674436674;44,6969696969697;37,477325458764;32,9592001393118
"Eskimo_Aleut";"r1";0,982105088488096;37,2804972804973;42,8787878787879;37,3064754271251;32,658942183111
"Eskimo_Aleut";"r1";0,984972670613376;42,5252525252525;46,969696969697;42,5458763973845;30,9998036137922
"Eskimo_Aleut";"r1";0,984631095265176;36,3092463092463;49,8989898989899;36,3723077644191;27,2453627733373
"Eskimo_Aleut";"r1";0,987864619054874;34,6697746697747;53,5353535353535;34,7573179591741;24,965418952308
"Eskimo_Aleut";"r1";0,987186661969381;40,1010101010101;46,6835016835017;40,1315553055692;29,8491589567398
"Eskimo_Aleut";"r1";0,986732065346005;42,004662004662;44,6969696969697;42,0171553118189;31,9159250160468
"Eskimo_Aleut";"r1";0,986346800208839;39,0986790986791;44,8989898989899;39,1255946940402;31,7259403689046
"Eskimo_Aleut";"r1";0,988077064584589;35,5866355866356;49,4444444444444;35,650940964166;28,8432220588112
"Eskimo_Aleut";"r1";0,987856559691254;37,016317016317;45,6902356902357;37,0565672189802;33,8835071603881
"Eskimo_Aleut";"r1";0,986431410654959;41,0567210567211;44,7811447811448;41,0740037654191;31,0475098331825
"Eskimo_Aleut";"r1";0,98751454110641;36,4646464646465;49,4444444444444;36,5248775457592;27,5574413243276
"Eskimo_Aleut";"r1";0,985882094666324;39,3084693084693;48,8215488215488;39,3526135289476;29,1593437667792
"Eskimo_Aleut";"r1";0,977288871017291;40,1010101010101;40,03367003367;40,100697618099;37,9401687947077
"Eskimo_Aleut";"r1";0,986127897647882;37,0862470862471;46,4309764309764;37,1296100994477;29,9305528564743
"Eskimo_Aleut";"r1";0,985980956695896;33,6441336441336;47,7946127946128;33,70979712047;28,2001906386769
"Eskimo_Aleut";"r1";0,981467896442254;38,6091686091686;43,2996632996633;38,6309342457834;33,1036408441238
"Eskimo_Aleut";"r1";0,988231122409398;38,9355089355089;50,6902356902357;38,9900552313545;27,7151342740204
"Eskimo_Aleut";"r1";0,983343054893169;38,1818181818182;45,8585858585859;38,2174412336825;30,7571606144985
"Eskimo_Aleut";"r1";0,982941943800591;36,2626262626263;42,6767676767677;36,2923902599077;34,0078161664011
"Eskimo_Aleut";"r1";0,980402820414008;40,7459207459207;43,8383838383838;40,7602709226839;31,4061032828055
"Eskimo_Aleut";"r1";0,990334919811958;34,965034965035;51,4309764309764;35,0414430460834;26,7684845088196
"Eskimo_Aleut";"r1";0,99154919247456;35,5089355089355;54,4444444444444;35,5968032998195;23,8003877713879
"Eskimo_Aleut";"r1";0,985703368230532;37,6767676767677;45,2861952861953;37,7120782457209;33,0444207731326
"Eskimo_Aleut";"r1";0,986817053611224;38,3838383838384;45,4040404040404;38,4164147273196;30,037884858941
"Eskimo_Aleut";"r1";0,989548818451938;35,6643356643357;49,8148148148148;35,729999140672;27,4767446778236
"Eskimo_Aleut";"r1";0,983828695322549;37,7466977466977;44,040404040404;37,7759028803112;32,9428011352721
"Eskimo_Aleut";"r1";0,9841742378231;39,8756798756799;44,8653198653199;39,8988336575344;31,0122237751573
"Eskimo_Aleut";"r1";0,985156417477678;38,7801087801088;47,7946127946128;38,8219394251877;28,3750375568525
"Eskimo_Aleut";"r1";0,987545798428587;37,0784770784771;45,6060606060606;37,1180482317373;32,0633724396969
"Eskimo_Aleut";"r1";0,988384265716359;40,1709401709402;48,7037037037037;40,2105353613474;29,555398483181
"Eskimo_Aleut";"r1";0,979883271802872;37,6923076923077;43,2154882154882;37,7179373003039;32,6089684442325
"Eskimo_Aleut";"r1";0,977252398142573;37,8477078477078;43,3333333333333;37,8731631863882;31,7187147216949
"Eskimo_Aleut";"r1";0,984259820154238;40,7070707070707;42,962962962963;40,7175388845922;32,7224945189682
"Eskimo_Aleut";"r1";0,986422191138956;42,8360528360528;45,976430976431;42,8506253564258;30,7085383264487
"Eskimo_Aleut";"r1";0,984480572406498;36,5501165501165;45,4377104377104;36,5913582850938;31,8562796060569
"Eskimo_Aleut";"r1";0,978241008314399;37,024087024087;42,8451178451178;37,0510987680361;31,9407579706732
"Eskimo_Aleut";"r1";0,985686048965941;32,2843822843823;47,1380471380471;32,3533088034248;29,4270780208215
"Eskimo_Aleut";"r1";0,988375280695505;41,3908313908314;44,4612794612795;41,4050794097198;29,8438023353919
"Eskimo_Aleut";"r1";0,987610760378427;38,3838383838384;47,962962962963;38,4282890779411;29,9679449169135
"Eskimo_Aleut";"r1";0,978147424790033;37,4048174048174;39,9494949494949;37,4166256532846;38,2193903895853
"Eskimo_Aleut";"r1";0,97738173501742;38,5703185703186;42,7272727272727;38,5896083807917;33,0400669113149
"Eskimo_Aleut";"r1";0,984452119589614;36,9230769230769;45,8922558922559;36,9646972431195;31,1061424141455
"Eskimo_Aleut";"r1";0,989005663641725;38,3061383061383;48,2491582491582;38,3522776098182;29,4749141307823
"Eskimo_Aleut";"r1";0,986383788982291;36,3014763014763;48,989898989899;36,3603552930699;27,693619225173
"Eskimo_Aleut";"r1";0,983338922804855;39,8834498834499;45,2356902356902;39,9082862655948;30,9769686213409
"Eskimo_Aleut";"r1";0,984297690243946;40,6138306138306;43,2996632996633;40,6262938745537;32,3416317428366
"Eskimo_Aleut";"r1";0,985911783905334;39,0598290598291;43,8720538720539;39,0821595693985;30,8382215544802
"Eskimo_Aleut";"r1";0,987531396526642;36,6666666666667;49,4444444444444;36,7259602990462;25,6550485121195
"Eskimo_Aleut";"r1";0,978541401919534;38,8344988344988;41,4309764309764;38,8465474544361;36,2880473078584
"Eskimo_Aleut";"r1";0,984286579990466;35,6643356643357;45,2356902356902;35,7087503027178;30,3421282201591
"Eskimo_Aleut";"r1";0,981481318026507;34,2968142968143;44,040404040404;34,3420281703344;33,2619777430981
"Eskimo_Aleut";"r1";0,985163389228463;39,7358197358197;45,9427609427609;39,7646222472209;30,4108590501742
"Eskimo_Aleut";"r1";0,971533556274143;34,4055944055944;40,0841750841751;34,4319451280008;34,6528176339391
"Eskimo_Aleut";"r1";0,98815933711734;40,4195804195804;46,8518518518518;40,4494285468763;30,1100172580129
"Eskimo_Aleut";"r1";0,98488240475567;39,1530691530692;47,5420875420875;39,191997312647;29,7138949782572
"Eskimo_Aleut";"r1";0,986250447437483;35,3379953379953;43,956228956229;35,3779871413282;32,3209575374799
"Eskimo_Aleut";"r1";0,980369222497804;39,3706293706294;42,5589225589226;39,3854242346122;33,4267100335949
"Eskimo_Aleut";"r1";0,98294334095822;42,0745920745921;42,9292929292929;42,0785582038482;35,5432692485003
"Eskimo_Aleut";"r1";0,987476292187717;40,3574203574204;44,8653198653199;40,3783386846032;32,4389025006255
"Eskimo_Aleut";"r1";0,979037501251062;38,1429681429681;41,5993265993266;38,1590069293085;36,9725860638845
"Eskimo_Aleut";"r1";0,987465396465026;36,2082362082362;47,2558922558923;36,2595014335154;28,5424949569752
"Eskimo_Aleut";"r1";0,980007546246791;39,2463092463092;40,3703703703704;39,2515253072098;34,5598245467291
"Eskimo_Aleut";"r1";0,97993124692308;37,6301476301476;43,2491582491582;37,6562219253635;32,7332101128605
"Eskimo_Aleut";"r1";0,978845344257835;36,4957264957265;43,7037037037037;36,5291741857867;34,4340027992053
"Eskimo_Aleut";"r1";0,98615229312164;36,6588966588967;47,7946127946128;36,7105705156749;29,3711412617011
"Eskimo_Aleut";"r1";0,984905466901986;39,5648795648796;44,4949494949495;39,5877569195435;33,2819213389084
"Eskimo_Aleut";"r1";0,981798714113808;39,8290598290598;44,006734006734;39,848445788121;29,5091002672149
"Eskimo_Aleut";"r1";0,989546622835798;40,2564102564103;50,4040404040404;40,3034990273969;26,2963536012894
"Eskimo_Aleut";"r1";0,98483747959106;37,6146076146076;49,5286195286195;37,6698930527237;28,0707147939808
"Eskimo_Aleut";"r1";0,98513091301819;39,6814296814297;43,5016835016835;39,6991570773473;34,5878384228403
"Eskimo_Aleut";"r1";0,984356690965206;40,0932400932401;43,956228956229;40,1111657956206;33,6206524089966
"Eskimo_Aleut";"r1";0,987322097853647;38,2284382284382;48,7037037037037;38,2770473489731;29,8568419872728
"Eskimo_Aleut";"r1";0,988164844036876;37,7156177156177;48,6195286195286;37,7662159100674;26,9496711332375
"Eskimo_Aleut";"r1";0,984597299942224;37,9487179487179;41,3636363636364;37,9645644378823;35,4264724240617
"Eskimo_Aleut";"r1";0,982482731968513;37,9176379176379;43,1313131313131;37,9418313061005;32,752223438845
"Eskimo_Aleut";"r1";0,983959934206334;37,972027972028;44,6127946127946;38,0028435944909;32,2996637020689
"Eskimo_Aleut";"r1";0,985735002097547;41,5151515151515;43,8720538720539;41,5260884170397;32,4907894851885
"Eskimo_Aleut";"r1";0,987526134193963;37,4436674436674;51,3468013468013;37,5081831462342;24,7517551064795
"Eskimo_Aleut";"r1";0,980050014614599;40,955710955711;41,9360269360269;40,960259985782;33,0010977755131
"Eskimo_Aleut";"r1";0,9851338705134;37,1173271173271;45,6060606060606;37,1567179919848;29,1025663001582
"Eskimo_Aleut";"r1";0,985148975793523;38,3139083139083;46,7676767676768;38,3531369378237;29,4870605305841
"Eskimo_Aleut";"r1";0,986327681892309;42,4553224553225;45,9427609427609;42,4715054645449;30,1070709097589
"Eskimo_Aleut";"r1";0,984292903145671;33,0769230769231;45,6060606060606;33,1350629262462;30,2966903493662
"Eskimo_Aleut";"r1";0,980146753882349;39,0598290598291;43,8720538720539;39,0821595693985;30,6596643090279
"Eskimo_Aleut";"r1";0,985415729707963;38,9199689199689;46,5993265993266;38,9556039904068;29,4752946728769
"Eskimo_Aleut";"r1";0,979566853916347;37,7000777000777;42,1043771043771;37,7205152843204;34,3836889882627
"Eskimo_Aleut";"r1";0,985880273692434;40,3962703962704;45,8922558922559;40,4217738092448;30,1067728919985
"Eskimo_Aleut";"r1";0,98708513414134;40,994560994561;46,3973063973064;41,0196317388893;31,9452376361497
"Eskimo_Aleut";"r1";0,987270883982315;38,9121989121989;48,6700336700337;38,9574788878733;27,5045896241426
"Eskimo_Aleut";"r1";0,98677180855454;36,1616161616162;42,0538720538721;36,1889584163366;32,9663617679583
"Eskimo_Aleut";"r1";0,980730953281094;37,1717171717172;46,5993265993266;37,2154647792699;28,9124188987311
"Eskimo_Aleut";"r1";0,988565155879136;36,9463869463869;45,8922558922559;36,987899099268;30,2290634220166
"Eskimo_Aleut";"r1";0,980974418944354;35,7575757575758;41,9360269360269;35,7862460646683;35,5138976136048
"Eskimo_Aleut";"r1";0,984818328698828;36,8609168609169;48,5016835016835;36,9149343395283;27,5573238731456
"Eskimo_Aleut";"r1";0,990151401428532;39,1064491064491;52,1380471380471;39,1669205590319;24,1213898786035
"Eskimo_Aleut";"r1";0,984805524922156;40,6371406371406;45,5218855218855;40,6598076667682;30,9940631887659
"Eskimo_Aleut";"r1";0,988479074599807;38,1507381507381;46,1447811447811;38,1878334778567;30,8158925032327
"Eskimo_Aleut";"r1";0,980744836447732;35,8041958041958;42,7104377104377;35,8362433304429;35,7286119072371
"Eskimo_Aleut";"r1";0,988428551324039;40,2641802641803;47,5084175084175;40,2977962142695;28,7790661305413
"Eskimo_Aleut";"r1";0,98698348031291;34,5920745920746;47,8787878787879;34,6537298741475;31,2571902420494
"Eskimo_Aleut";"r1";0,986847448826804;41,5695415695416;46,7676767676768;41,5936628465631;30,9149677926114
"Eskimo_Aleut";"r1";0,98815959628954;37,8710178710179;49,3265993265993;37,9241760216238;27,683937140247
"Eskimo_Aleut";"r1";0,989771020208298;39,6581196581197;50,016835016835;39,7061879428469;28,9841179399816
"Eskimo_Aleut";"r1";0,980872986533879;35,9129759129759;43,4680134680135;35,9480340918856;30,8294612336896
"Eskimo_Aleut";"r1";0,979903320240613;36,3636363636364;43,5858585858586;36,3971501558509;33,6601590257331
"Eskimo_Aleut";"r1";0,989209724953929;40,5594405594406;51,1447811447811;40,6085604693493;27,4502321497951
"Eskimo_Aleut";"r1";0,985536182138004;38,2439782439782;47,962962962963;38,2890779410501;29,5245146986265
"Eskimo_Aleut";"r1";0,987314564242205;39,9456099456099;48,3333333333333;39,984532095901;29,5152298458307
"Eskimo_Aleut";"r1";0,982459593021397;40,8158508158508;43,5858585858586;40,8287046802128;34,0774047710616
"Eskimo_Aleut";"r1";0,986303131402068;42,2921522921523;46,3131313131313;42,3108111275165;30,9808383300257
"Eskimo_Aleut";"r1";0,988825167910943;39,8135198135198;45,6565656565657;39,8406337153437;30,7342319406631
"Eskimo_Aleut";"r1";0,987047956017793;41,1655011655012;43,956228956229;41,1784511784512;32,3487379157483
"Eskimo_Aleut";"r1";0,988811637789567;39,020979020979;49,8653198653199;39,0713007882381;27,0382737352423
"Eskimo_Aleut";"r1";0,989053593653962;34,980574980575;49,5286195286195;35,0480833079441;29,4761589977706
"Eskimo_Aleut";"r1";0,987447804866821;39,3162393162393;47,3400673400673;39,3534728569531;28,4816372260876
"Eskimo_Aleut";"r1";0,987427043593656;37,8166278166278;45,1178451178451;37,8505081753342;30,2896747520362
"Eskimo_Aleut";"r1";0,985590208325783;40,5050505050505;47,6767676767677;40,5383299350817;27,7391666246841
"Eskimo_Aleut";"r1";0,988485008970613;38,8811188811189;49,4107744107744;38,9299803916973;27,407687767992
"Eskimo_Aleut";"r1";0,986342656223886;36,954156954157;46,1447811447811;36,9968048622341;30,5582283272489
"Eskimo_Aleut";"r1";0,979677583281628;39,4794094794095;41,026936026936;39,4865905770778;33,7958735762528
"Eskimo_Aleut";"r1";0,985888809714217;42,3310023310023;44,040404040404;42,3389345895146;30,7823771312407
"Eskimo_Aleut";"r1";0,9804244144091;39,3006993006993;43,6700336700337;39,3209746341997;32,5903016019498
"Eskimo_Aleut";"r1";0,98653918739628;37,2261072261072;46,0606060606061;37,2671025803276;31,1379799794471
"Eskimo_Aleut";"r1";0,982314280214981;35,998445998446;47,996632996633;36,0541220402009;26,8580550763651
"Eskimo_Aleut";"r1";0,976505899546657;37,972027972028;41,9360269360269;37,9904223987751;33,891031754457
"Eskimo_Aleut";"r1";0,984173741235296;39,4017094017094;42,962962962963;39,4182349402767;35,8725759448166
"Eskimo_Aleut";"r1";0,9872538803919;39,2773892773893;46,8855218855219;39,3126938370558;30,3324229238268
"Eskimo_Aleut";"r1";0,980854140245897;34,980574980575;45,4040404040404;35,0289437296398;29,8043965522454
"Eskimo_Aleut";"r1";0,987609372958043;34,3045843045843;48,0808080808081;34,3685110970494;29,1662063124724
"Eskimo_Aleut";"r1";0,984141177930618;39,5959595959596;43,2491582491582;39,6129117938863;35,3834704981857
"Eskimo_Aleut";"r1";0,987228571114558;38,0963480963481;50,0673400673401;38,1518979430812;29,2102695329924
"Eskimo_Aleut";"r1";0,981338989107077;31,1421911421911;46,1784511784512;31,2119649706657;31,0003683602101
"Eskimo_Aleut";"r1";0,98378842661012;37,6379176379176;46,2626262626263;37,6779394876843;29,1380387499253
"Eskimo_Aleut";"r1";0,989280696829787;41,2509712509713;49,5791245791246;41,2896169740717;26,9617819541062
"Eskimo_Aleut";"r1";0,98772729025942;38,2672882672883;47,6767676767677;38,3109517448265;29,2817432592915
"Eskimo_Aleut";"r1";0,986828037770214;35,1048951048951;49,6127946127946;35,1722171443749;26,6220077399196
"Eskimo_Aleut";"r1";0,985750923766141;38,982128982129;47,5084175084175;39,0216941261025;27,3272615944347
"Eskimo_Aleut";"r1";0,987155462585495;42,6107226107226;46,3973063973064;42,6282937651847;30,3046392739928
"Eskimo_Aleut";"r1";0,985745028950031;38,1351981351981;47,0538720538721;38,1765840930574;29,3043874132716
"Eskimo_Aleut";"r1";0,984429735376134;37,7311577311577;45,6902356902357;37,768090807534;30,7273565475964
"Eskimo_Aleut";"r1";0,988608114223466;36,3714063714064;48,6195286195286;36,4282422055044;29,7496882804959
"Eskimo_Aleut";"r1";0,989613903619694;42,4320124320124;45,4882154882155;42,4461943487466;30,4068471379298
"Eskimo_Aleut";"r1";0,983416028801415;33,5198135198135;48,956228956229;33,5914442178943;28,5619558707468
"Eskimo_Aleut";"r1";0,986440079690539;42,983682983683;45,3198653198653;42,9945237369831;31,2231941894165
"Eskimo_Aleut";"r1";0,986449997124772;40,0621600621601;45,6060606060606;40,0878858187443;31,063582946289
"Eskimo_Aleut";"r1";0,989451617492684;39,2463092463092;46,8855218855219;39,2817580288578;29,4889758079849
"Eskimo_Aleut";"r1";0,978541494382196;34,5143745143745;46,5993265993266;34,5704531783418;30,0672660706235
"Eskimo_Aleut";"r1";0,986399907283714;36,8764568764569;46,2289562289562;36,919855945378;29,6969452888852
"Eskimo_Aleut";"r1";0,985766255731429;37,6146076146076;46,5656565656566;37,6561438046357;28,4250347158713
"Eskimo_Aleut";"r1";0,984270039641791;38,997668997669;46,2289562289562;39,0312248548907;31,1086290773593
"Eskimo_Aleut";"r1";0,986836172254695;39,6037296037296;46,6835016835017;39,6365823744014;29,9094439725417
"Eskimo_Aleut";"r1";0,984489004350609;40,1709401709402;45,5218855218855;40,1957705437984;30,9432637274388
"Eskimo_Aleut";"r1";0,986992928303369;38,0730380730381;46,8518518518518;38,1137750279282;27,0708580181252
"Eskimo_Aleut";"r1";0,991071501020679;38,5780885780886;51,2626262626263;38,6369495418219;26,45807746613
"Eskimo_Aleut";"r1";0,982462094993684;41,6006216006216;40,9427609427609;41,5975688829517;35,7100516418105
"Eskimo_Aleut";"r1";0,987507576540048;39,5648795648796;50,6060606060606;39,616114743725;25,9301054431699
"Eskimo_Aleut";"r1";0,981778922647121;41,5695415695416;42,962962962963;41,5760075620864;32,3903057788414
"Eskimo_Aleut";"r1";0,989569314583277;43,8073038073038;46,9360269360269;43,821822244096;30,0228131659347
"Eskimo_Aleut";"r1";0,973717925960244;35,7109557109557;42,9292929292929;35,7444514753099;33,0486077395699
"Eskimo_Aleut";"r1";0,988363211379041;40,4662004662005;45,4882154882155;40,4895044802237;28,5034902690339
"Eskimo_Aleut";"r1";0,98604508160627;39,6503496503496;45,3198653198653;39,6766583077488;31,075515671425
"Eskimo_Aleut";"r1";0,987377638538385;39,7746697746698;47,3400673400673;39,8097760278735;29,4892151577566
"Eskimo_Aleut";"r1";0,984382636786265;44,1103341103341;42,9292929292929;44,1048536408165;33,1610720166127
"Eskimo_Aleut";"r1";0,988902617637189;38,5236985236985;52,3400673400673;38,5878116040529;26,2777721740014
"Eskimo_Aleut";"r1";0,984790861443918;37,000777000777;47,2558922558923;37,0483645425641;30,7038010677645
"Eskimo_Aleut";"r1";0,98372315503597;39,7746697746698;45,3198653198653;39,8004015405408;30,894916576377
"Eskimo_Aleut";"r1";0,986711119841868;42,1056721056721;47,3063973063973;42,1298054012671;30,6004420933174
"Eskimo_Aleut";"r1";0,989114975850593;39,3006993006993;48,1313131313131;39,3416766270595;27,2814800284011
"Eskimo_Aleut";"r1";0,985201031665675;40,1864801864802;46,1447811447811;40,214128914825;31,3154199061292
"Eskimo_Aleut";"r1";0,976616753121845;37,6767676767677;42,3400673400673;37,6984071183607;35,0677643474185
"Eskimo_Aleut";"r1";0,979745920486363;40,1243201243201;42,5925925925926;40,1357738248689;29,7217202396823
"Eskimo_Aleut";"r1";0,98806561449654;38,6480186480186;49,1245791245791;38,6966337778403;27,5687436869461
"Eskimo_Aleut";"r1";0,986884442027126;35,8275058275058;45,4040404040404;35,871944503035;29,6847092159224
"Eskimo_Aleut";"r1";0,986010616716995;39,9067599067599;44,6632996632997;39,9288320169991;31,6056387294925
"Eskimo_Aleut";"r1";0,990094858667504;36,4724164724165;49,4107744107744;36,5324552563532;28,0710794391477
"Eskimo_Aleut";"r1";0,986952126587406;41,3752913752914;45,976430976431;41,3966423711203;30,2801376707774
"Eskimo_Aleut";"r1";0,980879728948196;37,964257964258;43,4175084175084;37,9895630707696;33,783252402581
"Eskimo_Aleut";"r1";0,986243905834708;40,03108003108;45,4377104377104;40,0561688032686;32,6607661114669
"Eskimo_Aleut";"r1";0,985374667777132;36,5501165501165;49,6127946127946;36,6107322255814;27,7614796209185
"Eskimo_Aleut";"r1";0,981014179889198;39,7902097902098;38,5016835016835;39,7842305498918;40,093530696688
"Eskimo_Aleut";"r1";0,981475841716054;40,8236208236208;43,1313131313131;40,8343293726124;33,8161814825187
"Eskimo_Aleut";"r1";0,982967533255994;37,2261072261072;44,8653198653199;37,2615560086558;31,2425829080132
"Eskimo_Aleut";"r1";0,977904909345308;38,7334887334887;42,2222222222222;38,7496777519979;32,053977941843
"Eskimo_Aleut";"r1";0,986383435507507;39,4716394716395;46,3131313131313;39,5033865335489;29,0340934138858
"Eskimo_Aleut";"r1";0,989339197075465;39,3395493395493;51,3468013468013;39,3952674463115;26,1484935880695
"Eskimo_Aleut";"r1";0,987227514882588;38,7334887334887;46,3973063973064;38,7690516924856;31,558920900463
"Eskimo_Aleut";"r1";0,983051353949916;36,9308469308469;45,3198653198653;36,9697750904247;29,667313144902
"Eskimo_Aleut";"r1";0,988405236212799;40,3807303807304;48,1649831649832;40,4168522033951;29,6810078959649
"Eskimo_Aleut";"r1";0,981108254084996;40,8158508158508;42,9292929292929;40,8256579718297;33,7517658045454
"Eskimo_Aleut";"r1";0,986821054862981;36,5190365190365;50,3198653198653;36,5830774879499;26,5697156018502
"Eskimo_Aleut";"r1";0,985085486841216;38,4770784770785;45,4882154882155;38,5096127555524;29,5918956031321
"Eskimo_Aleut";"r1";0,989791314908409;40,1243201243201;50,6060606060606;40,1729592912888;26,5380287293639
"Eskimo_Aleut";"r1";0,987188869580324;41,4452214452214;45,03367003367;41,4618731788105;32,849138639698
"Eskimo_Aleut";"r1";0,986643666135292;36,1383061383061;48,8720538720539;36,1973954549361;28,225751637717
"Eskimo_Aleut";"r1";0,987030979857344;39,99222999223;46,4814814814815;40,022342528143;28,3145975450743
"Eskimo_Aleut";"r1";0,981825318758915;42,1600621600622;42,6767676767677;42,1624598654761;32,8807248008955
"Eskimo_Aleut";"r1";0,990331446737356;38,8111888111888;53,1649831649832;38,8777957455452;25,0285073756302
"Eskimo_Aleut";"r1";0,988860689844817;41,6550116550117;48,5016835016835;41,6867827540681;29,1918023415613
"Eskimo_Aleut";"r1";0,977557012485725;39,1375291375291;40,2020202020202;39,1424687712391;36,5112669418994
"Eskimo_Aleut";"r1";0,985724866687156;38,2439782439782;47,1380471380471;38,2852500253892;28,0095565805686
"Eskimo_Aleut";"r1";0,984457651408745;37,7700077700078;44,6127946127946;37,801760841204;32,3551231368005
"Eskimo_Aleut";"r1";0,980796728899953;38,4926184926185;42,020202020202;38,5089877897302;32,0806978384032
"Eskimo_Aleut";"r1";0,983047606746178;36,5734265734266;48,9057239057239;36,6306530111635;26,3632730356127
"Eskimo_Aleut";"r1";0,986693029959691;38,6091686091686;46,1111111111111;38,6439804073215;30,7486048255729
"Eskimo_Aleut";"r1";0,988057187509219;41,8026418026418;46,8518518518518;41,8260720116869;30,4489531587582
"Eskimo_Aleut";"r1";0,983391042988284;37,6068376068376;45,1515151515152;37,6418477114533;30,7183104030027
"Eskimo_Aleut";"r1";0,987138806137236;41,3131313131313;48,2491582491582;41,3453170529737;29,2618402029229
"Eskimo_Aleut";"r1";0,987269684165666;36,6744366744367;48,6700336700337;36,7301006976181;27,6633466270332
"Eskimo_Aleut";"r1";0,983572013364378;40,1864801864802;45,9427609427609;40,2131914660917;30,3161452213897
"Eskimo_Aleut";"r1";0,981309088637388;40,00777000777;41,5656565656566;40,0149991797324;32,7410138467602
"Eskimo_Aleut";"r1";0,982253630850726;38,3372183372183;44,3771043771044;38,3652456506285;32,1139946788457
"Eskimo_Aleut";"r1";0,988900366100299;40,2331002331002;46,1447811447811;40,260532627122;30,3457762670503
"Eskimo_Aleut";"r1";0,985932901646173;40,3341103341103;49,6127946127946;40,3771668736866;29,1922057096825
"Eskimo_Aleut";"r1";0,986100634233039;42,968142968143;44,3265993265993;42,9744467099455;35,2611159960067
"Eskimo_Aleut";"r1";0,979776349089108;38,6324786324786;39,3771043771044;38,6359339723609;35,8685408510062
"Eskimo_Aleut";"r1";0,980996268241124;39,7824397824398;43,7037037037037;39,8006359027241;32,4685174380381
"Eskimo_Aleut";"r1";0,982134297830305;39,1763791763792;41,6498316498316;39,187856914075;34,1308928108252
"Eskimo_Aleut";"r1";0,990600619702374;36,6278166278166;50,2693602693603;36,6911184544595;26,8309765775811
"Eskimo_Aleut";"r1";0,990980892938797;40,8080808080808;51,1784511784512;40,8562031763888;26,4891653947516
"Eskimo_Aleut";"r1";0,986004899943871;38,5003885003885;49,2424242424242;38,5502355339942;25,5672835021564
"Eskimo_Aleut";"r1";0,980821098619307;36,0606060606061;43,1313131313131;36,0934167662706;33,4292099611501
"Eskimo_Aleut";"r1";0,986928057269034;39,0986790986791;45,5218855218855;39,1284851609678;30,540314709147
"Eskimo_Aleut";"r1";0,983009883747018;38,1351981351981;42,5084175084175;38,1554914965588;35,2606034896503
"Eskimo_Aleut";"r1";0,987290762965104;40,4118104118104;46,969696969697;40,4422414399213;29,7661333221758
"Eskimo_Aleut";"r1";0,985771296128843;39,8057498057498;45,1515151515152;39,830556141461;31,9165115586251
"Eskimo_Aleut";"r1";0,985284652672461;35,1359751359751;50,6902356902357;35,2081526791504;27,0883849974748
"Eskimo_Aleut";"r1";0,982275305439521;38,7878787878788;42,3063973063973;38,8042060199833;33,0272450694178
"Eskimo_Aleut";"r1";0,984401258649942;40,2797202797203;45,4377104377104;40,3036552688525;32,728674947311
"Eskimo_Aleut";"r1";0,991221820500338;37,6534576534577;51,1447811447811;37,7160624028373;25,9386566883562
"Eskimo_Aleut";"r1";0,986141783124836;36,4724164724165;48,5690235690236;36,5285492199645;28,8890931095086
"Eskimo_Aleut";"r1";0,98646787470048;39,028749028749;45,9427609427609;39,0608326107166;30,0841145452005
"Eskimo_Aleut";"r1";0,992185966811134;38,1895881895882;50,5218855218855;38,2468146273251;27,2324135941775
"Eskimo_Aleut";"r1";0,987391884487401;42,012432012432;43,5858585858586;42,0197332958354;33,0625502725351
"Eskimo_Aleut";"r1";0,985617852014408;40,2486402486402;44,040404040404;40,2662354402494;32,2501916440511
"Eskimo_Aleut";"r1";0,987539517172846;40,4895104895105;50,8080808080808;40,5373924863484;26,2631541680133
"Eskimo_Aleut";"r1";0,984204752173302;39,8679098679099;43,6700336700337;39,885553133813;30,7043600342116
"Eskimo_Aleut";"r1";0,986281103289228;36,3869463869464;47,1380471380471;36,4368354855594;30,7653212329567
"Eskimo_Aleut";"r1";0,98982560625569;40,5905205905206;49,983164983165;40,634105947331;28,042548016401
"Eskimo_Aleut";"r1";0,988662800974681;41,3519813519814;47,962962962963;41,382658760849;28,4022166085288
"Eskimo_Aleut";"r1";0,984770875639266;40,9401709401709;41,9360269360269;40,944792081683;35,1638960009626
"Eskimo_Aleut";"r1";0,983846429179435;38,5625485625486;45,3198653198653;38,5939050208192;30,7611989014756
"Eskimo_Aleut";"r1";0,980390622279515;37,7389277389277;40,9427609427609;37,7537947143516;35,5572674471862
"Eskimo_Aleut";"r1";0,979690884672941;35,027195027195;44,4444444444444;35,0708945604537;30,9686756593398
"Eskimo_Aleut";"r1";0,980101470747191;38,2672882672883;41,8013468013468;38,2836876108338;34,1821267382828
"Eskimo_Aleut";"r1";0,977206655815142;35,019425019425;42,6767676767677;35,0549579319881;34,7097959426277
"Eskimo_Aleut";"r1";0,988179392170437;32,8515928515929;49,983164983165;32,9310897060317;29,8616312192043
"Eskimo_Aleut";"r1";0,984614622810255;40,04662004662;46,1447811447811;40,074917777934;30,917734349269
"Eskimo_Aleut";"r1";0,984872726388334;40,4972804972805;45,8585858585859;40,5221589444327;31,3142823544884
"Eskimo_Aleut";"r1";0,98232755897897;42,3154623154623;42,3063973063973;42,3154202504551;32,2401894939747
"Eskimo_Aleut";"r1";0,988698294925217;38,4382284382284;48,4175084175084;38,4845360019374;29,432153823202
"Eskimo_Aleut";"r1";0,984296808042459;34,6542346542347;48,7373737373737;34,7195856476599;28,0221856477307
"Eskimo_Aleut";"r1";0,983555246076609;39,1219891219891;45,3703703703704;39,1509839305663;31,3200992176582
"Eskimo_Aleut";"r1";0,990990126191687;39,5260295260295;48,7037037037037;39,5686173412391;29,8135504296392
"Eskimo_Aleut";"r1";0,982774119175561;40,6837606837607;44,040404040404;40,6993367550212;30,7762939247803
"Eskimo_Aleut";"r1";0,985345937395178;39,5337995337995;47,0538720538721;39,5686954619669;30,7214357943026
"Eskimo_Aleut";"r1";0,984451365263489;37,3970473970474;48,0808080808081;37,4466240127493;28,3588508906608
"Eskimo_Aleut";"r1";0,988424651229719;42,952602952603;48,6700336700337;42,9791339536119;27,3188864625087
"Eskimo_Aleut";"r1";0,985958676019883;38,0652680652681;48,4175084175084;38,1133063035615;28,8401813263535
"Eskimo_Aleut";"r1";0,980604630231879;39,6969696969697;44,7811447811448;39,720562156757;30,9939549288466
"Eskimo_Aleut";"r1";0,986723235921621;41,5073815073815;44,7811447811448;41,5225729842899;30,8686608527543
"Eskimo_Aleut";"r1";0,985391849986384;39,0598290598291;48,1649831649832;39,1020803549806;30,317398092105
"Eskimo_Aleut";"r1";0,985733327305372;39,020979020979;47,962962962963;39,0624731459998;27,3105614850609
"Eskimo_Aleut";"r1";0,985610749871991;37,7000777000777;42,962962962963;37,7244994414368;33,3427904214529
"Eskimo_Aleut";"r1";0,987141429152123;39,1452991452991;46,6835016835017;39,1802792034811;30,6341202627748
"Eskimo_Aleut";"r1";0,9846020679177;38,974358974359;43,5016835016835;38,9953674408431;33,0736885775522
"Eskimo_Aleut";"r1";0,988750665952387;40,955710955711;46,5993265993266;40,9818994273751;30,7405421751549
"Eskimo_Aleut";"r1";0,985434048474783;37,7855477855478;46,7676767676768;37,8272281984579;30,3291398585571
"Eskimo_Aleut";"r1";0,984923487416285;41,5695415695416;44,7811447811448;41,5844446006859;31,4979458913879
"Eskimo_Aleut";"r1";0,988149370181024;38,6713286713287;47,1380471380471;38,7106173881116;30,8921818371759
"Eskimo_Aleut";"r1";0,980349768717293;36,8298368298368;43,047138047138;36,858687415532;35,257681404281
"Eskimo_Aleut";"r1";0,986829105969387;38,1895881895882;48,7037037037037;38,2383775887256;29,2101516443812
"Eskimo_Aleut";"r1";0,987051058041508;41,002331002331;46,5151515151515;41,0279125360332;31,4572232869516
"Eskimo_Aleut";"r1";0,986103043702947;40,7614607614608;44,4612794612795;40,7786292937105;32,3983636946826
"Eskimo_Aleut";"r1";0,987756381402382;35,011655011655;50,6902356902357;35,0844094463584;26,3303125605831
"Eskimo_Aleut";"r1";0,984618018992456;38,7723387723388;44,4107744107744;38,7985032068559;31,8906221996816
"Eskimo_Aleut";"r1";0,98298292124736;40,2175602175602;39,5791245791246;40,2145976391916;38,6801503625289
"Eskimo_Aleut";"r1";0,987846826678537;36,2004662004662;48,1649831649832;36,2559860007656;26,757725634487
"Eskimo_Aleut";"r1";0,97884586668336;38,2750582750583;39,4949494949495;38,2807190231784;38,4145500799826
"Eskimo_Aleut";"r1";0,986587289218902;42,1367521367521;45,4882154882155;42,1523041708657;30,5431111172575
"Eskimo_Aleut";"r1";0,987371443033433;38,3449883449883;48,7878787878788;38,3934472333544;27,4882262489219
"Eskimo_Aleut";"r1";0,985756246061709;38,997668997669;45,4377104377104;39,0275531806854;32,0230182766766
"Eskimo_Aleut";"r1";0,982746896558185;37,1872571872572;45,6902356902357;37,2267141640692;32,0969016385685
"Eskimo_Aleut";"r1";0,983480263170255;38,1507381507381;43,3838383838384;38,175021678502;29,3360581612652
"Eskimo_Aleut";"r1";0,983738744970765;40,03885003885;45,0673400673401;40,0621840993071;30,9195182850467
"Eskimo_Aleut";"r1";0,98937453650807;39,5493395493395;51,3468013468013;39,604084151648;27,3682190847159
"Eskimo_Aleut";"r1";0,984927581821318;34,4444444444444;47,7946127946128;34,5063941815682;31,8257571845653
"Eskimo_Aleut";"r1";0,988000609635998;39,036519036519;48,047138047138;39,0783316537377;30,2935565701296
"Eskimo_Aleut";"r1";0,986049798859794;37,039627039627;48,5858585858586;37,0932058403056;29,6789303045057
"Eskimo_Aleut";"r1";0,983868619565151;36,969696969697;47,5925925925926;37,0189911489215;29,3467732835207
"Eskimo_Aleut";"r1";0,988234088658581;37,4747474747475;47,1380471380471;37,519588772489;29,0266979133626
"Eskimo_Aleut";"r1";0,984904880454242;39,4949494949495;46,5993265993266;39,5279164420696;30,6960089580209
"Eskimo_Aleut";"r1";0,98130064350583;35,1437451437451;45,3535353535353;35,1911223604959;30,9344038168365
"Eskimo_Aleut";"r1";0,981874144254923;36,0606060606061;43,5353535353535;36,0952916637371;32,0982122585092
"Eskimo_Aleut";"r1";0,989053563103979;40,2331002331002;46,9360269360269;40,2642043013273;31,927979317756
"Eskimo_Aleut";"r1";0,983870657328273;37,4980574980575;42,5925925925926;37,5216980321389;33,9555827308141
"Eskimo_Aleut";"r1";0,989598442533116;39,7668997668998;51,5993265993266;39,8218066199505;26,6966617010688
"Eskimo_Aleut";"r1";0,987876871249833;37,8943278943279;48,6195286195286;37,9440968072059;26,7068581316331
"Eskimo_Aleut";"r1";0,983011217113587;39,3783993783994;44,4107744107744;39,4017514667167;28,8475325224699
"Eskimo_Aleut";"r1";0,982070776900856;38,8655788655789;46,1111111111111;38,8992008249549;28,7786268425518
"Eskimo_Aleut";"r1";0,984099098352352;39,036519036519;46,4309764309764;39,0708320638715;30,096626361437
"Eskimo_Aleut";"r1";0,987431929129383;36,5578865578866;49,0740740740741;36,6159663143422;29,2708591530296
"Eskimo_Aleut";"r1";0,984718635122569;36,8686868686869;44,6127946127946;36,9046224034623;32,3706499067809
"Eskimo_Aleut";"r1";0,982252623151823;40,6682206682207;44,1245791245791;40,6842594545611;32,3573007282048
"Eskimo_Aleut";"r1";0,981444045194987;38,3061383061383;45,1515151515151;38,337903395908;33,4027678086475
"Eskimo_Aleut";"r1";0,989042038654137;38,3527583527584;49,6127946127946;38,4050091010648;29,7794893747476
"Eskimo_Aleut";"r1";0,990046133905333;40,7614607614608;51,6329966329966;40,8119087237417;28,3274064610194
"Eskimo_Aleut";"r1";0,984453646951759;39,8834498834499;42,5589225589226;39,895865069879;36,0151855581142
"Eskimo_Aleut";"r1";0,984113124117594;37,2960372960373;46,8855218855219;37,340536064434;29,2079931413273
"Eskimo_Aleut";"r1";0,990534194525258;40,7303807303807;51,3468013468013;40,7796448631715;28,8307116768669
"Eskimo_Aleut";"r1";0,985009902418237;44,1724941724942;43,8383838383838;44,1709437765122;32,2089418224752
"Eskimo_Aleut";"r1";0,986200976646274;38,2128982128982;46,8855218855219;38,2531424062747;29,6821213760587
"Eskimo_Aleut";"r1";0,987448813420187;38,7567987567988;45,8585858585859;38,7897536853453;29,9535051323328
"Eskimo_Aleut";"r1";0,985460497216963;37,9331779331779;45,4040404040404;37,9678455084488;31,1218207994266
"Eskimo_Aleut";"r1";0,989421845559547;40,2641802641803;46,4814814814815;40,2930308498754;28,217957804512
"Eskimo_Aleut";"r1";0,985988440303856;39,0520590520591;47,2222222222222;39,0899716421758;29,1409290742231
"Eskimo_Aleut";"r1";0,986418959876872;39,6969696969697;44,5286195286195;39,7193903458405;32,1384235706773
"Eskimo_Aleut";"r1";0,982848918454055;39,8834498834499;42,6767676767677;39,8964119149734;32,4216895104963
"Eskimo_Aleut";"r1";0,9853987759954;38,6169386169386;49,4444444444444;38,66718226347;26,7860324812563
"Eskimo_Aleut";"r1";0,986931500834208;37,7156177156177;49,7811447811448;37,7716062402837;26,3403503469702
"Eskimo_Aleut";"r1";0,983275015162696;36,7365967365967;45,8922558922559;36,7790823939316;32,933805969133
"Eskimo_Aleut";"r1";0,986597837815713;39,044289044289;46,2289562289562;39,0776285671877;31,5252786286037
"Eskimo_Aleut";"r1";0,986549854955954;37,8166278166278;50,4377104377104;37,8751943253103;27,1528005874819
"Eskimo_Aleut";"r1";0,981734655798818;38,034188034188;41,5993265993266;38,0507316006156;36,9805347549117
"Eskimo_Aleut";"r1";0,976016268924776;34,7163947163947;42,1380471380471;34,750833938769;34,0397336076659
"Eskimo_Aleut";"r1";0,984684042096046;38,1895881895882;45,8585858585859;38,225175185732;29,8078475662637
"Eskimo_Aleut";"r1";0,985203309751582;36,9308469308469;45,1178451178451;36,9688376416915;30,1455922968058
"Eskimo_Aleut";"r1";0,98280329510997;37,1794871794872;48,7037037037037;37,232963822291;28,1917789081997
"Eskimo_Aleut";"r1";0,984626528573044;40,9090909090909;42,6262626262626;40,9170592233237;36,4997713776456
"Eskimo_Aleut";"r1";0,986694964499747;38,2284382284382;48,7037037037037;38,2770473489731;28,6637939746624
"Eskimo_Aleut";"r1";0,986947013377684;41,6627816627817;43,2154882154882;41,669986797597;33,801721981216
"Eskimo_Aleut";"r1";0,99004442430482;40,5827505827506;49,4444444444444;40,6238721319928;27,2511163826067
"Eskimo_Aleut";"r1";0,974872820152398;31,7327117327117;45,3198653198653;31,7957611693111;32,8769124573952
"Eskimo_Aleut";"r1";0,982926682212602;36,7055167055167;44,4107744107744;36,7412719616896;31,2414111970416
"Eskimo_Aleut";"r1";0,985532877111904;40,3962703962704;42,3905723905724;40,4055246978681;37,1334826738062
"Eskimo_Aleut";"r1";0,979525333578366;39,5104895104895;38,4175084175084;39,505417672471;37,5323266784138
"Eskimo_Aleut";"r1";0,989390108606959;36,5889665889666;48,5353535353535;36,6444022592515;27,0925196403364
"Eskimo_Aleut";"r1";0,98663577893144;37,3737373737374;46,4309764309764;37,4157663252791;31,9836346788373
"Eskimo_Aleut";"r1";0,9847360885054;42,0823620823621;43,8720538720539;42,090666916653;33,3157754824633
"Eskimo_Aleut";"r1";0,981751918789802;38,982128982129;42,5084175084175;38,998492269954;34,9911888662353
"Eskimo_Aleut";"r1";0,979698217542209;40,6604506604507;35,7407407407407;40,6376213800808;41,2095591505492
"Eskimo_Aleut";"r1";0,986441148783113;39,2074592074592;46,2289562289562;39,2400415602272;31,1380008453385
"Eskimo_Aleut";"r1";0,987560731596197;38,7179487179487;50,4377104377104;38,772332763052;26,8280813467428
"Eskimo_Aleut";"r1";0,98263112085164;39,5415695415695;44,7811447811448;39,5658831157671;29,6089800406757
"Eskimo_Aleut";"r1";0,990629858352344;39,2696192696193;54,3602693602694;39,3396454881374;25,1580570890881
"Eskimo_Aleut";"r1";0,986284162051884;41,0878010878011;45,3198653198653;41,1074394369058;32,1863134829764
"Eskimo_Aleut";"r1";0,987215669739697;35,8275058275058;48,1649831649832;35,8847563023897;28,9084052330826
"Eskimo_Aleut";"r1";0,985679085650137;41,8026418026418;46,5151515151515;41,8245095971314;30,2956578639325
"Eskimo_Aleut";"r1";0,986180300692317;43,4265734265734;43,7037037037037;43,4278594139383;34,6644051327908
"Eskimo_Aleut";"r1";0,983065178562725;35,2447552447552;44,8316498316498;35,2892419945784;31,9473657832443
"Eskimo_Aleut";"r1";0,981192446810904;39,0986790986791;42,0538720538721;39,1123922910466;33,8557190780988
"Eskimo_Aleut";"r1";0,983627912981001;38,4615384615385;42,2222222222222;38,4789894302655;32,7519821679692
"Eskimo_Aleut";"r1";0,987112410026464;42,2222222222222;47,6767676767677;42,2475333380206;29,3077752514006
"Eskimo_Aleut";"r1";0,986293850431225;37,956487956488;46,0606060606061;37,9940940729804;29,6978737588141
"Eskimo_Aleut";"r1";0,989542746769256;38,4459984459984;46,6835016835017;38,4842235190263;30,3714341601508
"Eskimo_Aleut";"r1";0,986536786996226;40,5672105672106;48,0808080808081;40,6020764489442;29,6287628405013
"Eskimo_Aleut";"r1";0,97791098285027;36,7909867909868;45,5218855218855;36,8315014022671;30,7484854606416
"Eskimo_Aleut";"r1";0,988280058426792;37,9098679098679;49,0740740740741;37,9616739709547;28,6430052306788
"Eskimo_Aleut";"r1";0,987070440333108;38,2439782439782;48,7878787878788;38,292905856711;28,7305220669437
"Eskimo_Aleut";"r1";0,979406606967259;35,7808857808858;43,7542087542088;35,8178849594163;32,2122762112878
"Eskimo_Aleut";"r1";0,987201487655563;38,3216783216783;46,969696969697;38,3618083386065;29,4506740709227
"Eskimo_Aleut";"r1";0,982203480522018;38,034188034188;45,4040404040404;38,0683868850922;29,9964839281558
"Eskimo_Aleut";"r1";0,981001175908022;39,1142191142191;43,3838383838384;39,1340317326396;32,8038179236783
"Eskimo_Aleut";"r1";0,988548248063487;40,3030303030303;50,4377104377104;40,3500589811495;27,1246720239175
"Eskimo_Aleut";"r1";0,984311375121711;35,4933954933955;46,1447811447811;35,5428218769286;31,1575270875134
"Eskimo_Aleut";"r1";0,985248197695708;41,025641025641;41,6498316498316;41,0285375018554;31,8909785676623
"Eskimo_Aleut";"r1";0,988951841976607;40,8391608391608;50,2356902356902;40,8827642238315;28,0790256000417
"Eskimo_Aleut";"r1";0,984780408903262;39,4794094794095;45,6902356902357;39,5082300186709;31,3841098073727
"Eskimo_Aleut";"r1";0,983669996733866;37,3737373737374;43,3838383838384;37,4016264735522;33,151816667391
"Eskimo_Aleut";"r1";0,989668725220514;43,4809634809635;47,8787878787879;43,5013710187724;28,96120784651
"Eskimo_Aleut";"r1";0,985399024707406;38,9199689199689;43,5858585858586;38,9416203801355;30,3530227375857
"Eskimo_Aleut";"r1";0,990217719272768;35,4467754467754;50,8922558922559;35,5184482098635;26,2955897023197
"Eskimo_Aleut";"r1";0,984149285008702;37,9331779331779;43,5016835016835;37,9590178662104;34,6372575953301
"Eskimo_Aleut";"r1";0,982173988867707;40,1087801087801;39,7811447811448;40,1072597592319;39,9605166365494
"Eskimo_Aleut";"r1";0,986584604942915;42,0823620823621;46,5993265993266;42,1033224745522;31,3016236873099
"Eskimo_Aleut";"r1";0,98574965829596;41,002331002331;42,9292929292929;41,0112728210176;32,6220523886264
"Eskimo_Aleut";"r1";0,98824259157467;38,4848484848485;49,8653198653199;38,5376580968228;28,1585445372629
"Eskimo_Aleut";"r1";0,983814624903414;41,0722610722611;44,3265993265993;41,0873624098682;29,7848728057936
"Eskimo_Aleut";"r1";0,986458044530505;39,7358197358197;44,1245791245791;39,7561852086214;31,4762806375364
"Eskimo_Aleut";"r1";0,985155601330802;36,7443667443667;46,2626262626263;36,7885350019921;29,220135865192
"Eskimo_Aleut";"r1";0,985836514305874;37,6534576534577;49,8148148148148;37,7098908653433;27,358912649787
"Eskimo_Aleut";"r1";0,991048768192655;39,7979797979798;51,2626262626263;39,851180013593;27,1642193945507
"Eskimo_Aleut";"r1";0,981559395997423;39,2463092463092;45,1515151515151;39,2737115938972;29,407910604449
"Eskimo_Aleut";"r1";0,984056637162432;37,5835275835276;43,956228956229;37,6130992836329;32,8417427371819
"Eskimo_Aleut";"r1";0,986996991287302;41,1266511266511;47,7104377104377;41,157202340497;29,8683059359602
"Eskimo_Aleut";"r1";0,981281152233919;37,6923076923077;45,4882154882155;37,7284835985532;29,0569783283623
"Eskimo_Aleut";"r1";0,982767134853853;41,5306915306915;42,1380471380471;41,5335098861781;34,783244515955
"Eskimo_Aleut";"r1";0,986116670589263;42,1445221445221;39,5791245791246;42,1326177474669;40,3824829165487
"Eskimo_Aleut";"r1";0,983589945190457;39,6814296814297;42,3063973063973;39,6936105056755;31,9033863997364
"Eskimo_Aleut";"r1";0,987314437120054;39,8290598290598;46,4309764309764;39,8596951729202;30,6601853721928
"Eskimo_Aleut";"r1";0,985628926299502;39,7358197358197;45,4040404040404;39,7621223839321;30,9727303716273
"Eskimo_Aleut";"r1";0,9867005379675;39,5959595959596;45,8922558922559;39,6251767481466;32,9191577939691
"Eskimo_Aleut";"r1";0,985827191954695;39,5104895104895;46,2289562289562;39,5416656901576;28,3122354152501
"Eskimo_Aleut";"r1";0,983489953004709;40,1942501942502;43,9225589225589;40,2115509308085;31,2847488703683
"Eskimo_Aleut";"r1";0,9863807840079;36,9386169386169;48,6195286195286;36,9928207051177;27,9337383325593
"Eskimo_Aleut";"r1";0,98896777965422;39,6581196581197;48,5353535353535;39,6993133188029;29,3376827164605
"Eskimo_Aleut";"r1";0,983977267901972;38,4615384615385;42,2222222222222;38,4789894302655;32,5034160111299
"Eskimo_Aleut";"r1";0,980348117635479;38,1041181041181;45,2356902356902;38,13721124626;32,3519724299053
"Eskimo_Aleut";"r1";0,981241583951792;37,0940170940171;42,020202020202;37,1168764208207;34,5188265746973
"Eskimo_Aleut";"r1";0,989932486588545;39,5027195027195;50,3198653198653;39,5529150749568;27,4662854333301
"Eskimo_Aleut";"r1";0,988526543657859;36,3869463869464;50,6397306397306;36,4530845969361;27,2917951150123
"Eskimo_Aleut";"r1";0,988022426244392;41,4219114219114;45,8585858585859;41,4424992383229;29,6620355075489
"Eskimo_Aleut";"r1";0,989753795931133;36,3714063714064;51,9191919191919;36,4435538681478;26,8213326201636
"Eskimo_Aleut";"r1";0,983345211268186;32,6418026418026;48,6195286195286;32,7159452217457;30,7404569769649
"Eskimo_Aleut";"r1";0,983054872558149;35,9440559440559;44,5286195286195;35,9838915059333;34,4928399169495
"Eskimo_Aleut";"r1";0,987075196769326;40,971250971251;48,3333333333333;41,0054137664346;27,7574635206329
"Eskimo_Aleut";"r1";0,98859432175604;40,2719502719503;44,5791245791246;40,2919371596866;32,3139116177526
"Eskimo_Aleut";"r1";0,98593863331255;40,2564102564103;44,2929292929293;40,2751412032155;32,5238508821067
"Eskimo_Aleut";"r1";0,986023490693417;39,8290598290598;45,2356902356902;39,8541486012484;32,2457759550594
"Eskimo_Aleut";"r1";0,981114547683369;36,6899766899767;44,1245791245791;36,7244760052185;30,1870953569619
"Eskimo_Aleut";"r1";0,986522928658746;38,974358974359;46,2289562289562;39,0080229987423;31,4876538336187
"Eskimo_Aleut";"r1";0,987954131475371;39,3162393162393;47,0538720538721;39,352144804581;28,5730062563131
"Eskimo_Aleut";"r1";0,983701195774075;39,8445998445998;45,6902356902357;39,8717257649972;31,1751195947286
"Eskimo_Aleut";"r1";0,982983671666653;41,4063714063714;41,8518518518518;41,408438601014;32,7257524470193
"Eskimo_Aleut";"r1";0,988557291933502;38,1041181041181;48,047138047138;38,150257407798;28,3035745419335
"Eskimo_Aleut";"r1";0,982447646521672;39,7824397824398;45,03367003367;39,8068074402181;31,2801614062107
"Eskimo_Aleut";"r1";0,986557122534613;38,8111888111888;46,7676767676768;38,8481098689915;28,4159534669016
"Eskimo_Aleut";"r1";0,985277609966907;35,0971250971251;49,3265993265993;35,1631551399533;28,6831306716503
"Eskimo_Aleut";"r1";0,985623733158187;41,5151515151515;46,3973063973064;41,5378065262056;29,3875324374344
"Eskimo_Aleut";"r1";0,986131386281394;41,041181041181;47,6767676767677;41,071972626497;29,017267416421
"Eskimo_Aleut";"r1";0,987094015257808;40,9168609168609;47,5084175084175;40,9474481864273;28,5248895383928
"Eskimo_Aleut";"r1";0,984250848430394;39,6270396270396;44,3265993265993;39,6488473286617;33,7985272276853
"Eskimo_Aleut";"r1";0,985249930357897;38,2517482517483;44,3265993265993;38,2799378159007;32,7234377645212
"Eskimo_Aleut";"r1";0,98638584077019;39,4250194250194;48,3333333333333;39,4663573085847;27,9026044766392
"Eskimo_Aleut";"r1";0,983660041322349;37,4358974358974;44,8653198653199;37,4703727139922;31,8263898808387
"Eskimo_Aleut";"r1";0,987352590873893;39,5415695415695;46,969696969697;39,5760388103776;29,9242093709857
"Eskimo_Aleut";"r1";0,983794732053809;36,8142968142968;47,7609427609428;36,8650933152093;28,4757217500196
"Eskimo_Aleut";"r1";0,987818731143039;42,020202020202;45,6060606060606;42,0368417352176;30,682772847368
"Eskimo_Aleut";"r1";0,988549746676778;38,2750582750583;49,3602693602694;38,3264977696532;29,2210748267387
"Eskimo_Aleut";"r1";0,982071158706398;40,2797202797203;42,3905723905724;40,2895154171256;33,8340585262952
"Eskimo_Aleut";"r1";0,980422539754296;36,6744366744367;44,6969696969697;36,7116642058637;32,7546790149826
"Eskimo_Aleut";"r1";0,985712071741893;41,5384615384615;44,7811447811448;41,5535087924879;30,3793774521876
"Eskimo_Aleut";"r1";0,98342141491475;41,5695415695416;43,7542087542088;41,5796792362918;33,0402095745181
"Eskimo_Aleut";"r1";0,985806279660778;37,8632478632479;46,4309764309764;37,9030053043974;30,3571942676433
"Eskimo_Aleut";"r1";0,987335780019944;40,5516705516705;45,8585858585859;40,5762966087792;29,4789704347839
"Eskimo_Aleut";"r1";0,9831819715198;39,7824397824398;45,976430976431;39,8111822009734;29,7899058054184
"Eskimo_Aleut";"r1";0,983365110477752;38,4226884226884;42,962962962963;38,44375698204;35,0388490435205
"Eskimo_Aleut";"r1";0,987807951768204;37,8787878787879;52,4242424242424;37,9462841875835;24,5455726391964
"Eskimo_Aleut";"r1";0,985435482243693;39,3628593628594;46,6835016835017;39,396829860867;30,2962905316048
"Eskimo_Aleut";"r1";0,987000323563504;40,01554001554;47,7946127946128;40,0516378010578;29,0500965453891
"Eskimo_Aleut";"r1";0,987915937113679;38,2439782439782;49,1582491582492;38,294624512722;28,187771981524
"Eskimo_Aleut";"r1";0,987061832844593;41,8104118104118;46,6835016835017;41,8330247564586;29,6913842341669
"Eskimo_Aleut";"r1";0,985102436401832;40,03108003108;42,3063973063973;40,0416383479028;34,5119739072745
"Eskimo_Aleut";"r1";0,987304607569127;42,7661227661228;44,2087542087542;42,7728171115642;31,4024624763171
"Eskimo_Aleut";"r1";0,982585652101535;38,2595182595183;42,6767676767677;38,2800159366285;33,9957169690659
"Eskimo_Aleut";"r1";0,984806010191559;37,7622377622378;46,4309764309764;37,802463927754;29,6974798571683
"Eskimo_Aleut";"r1";0,988105007285901;40,8547008547009;47,8787878787879;40,8872952260423;26,4852929547799
"Eskimo_Aleut";"r1";0,98418526384833;38,3139083139083;42,5925925925926;38,3337629973361;34,7377021271794
"Eskimo_Aleut";"r1";0,982692994812964;39,9067599067599;44,3265993265993;39,9272696024436;31,9399627242767
"Eskimo_Aleut";"r1";0,980175923462713;36,8997668997669;43,4175084175084;36,9300116399884;31,7097301103632
"Eskimo_Aleut";"r1";0,985287911344003;35,998445998446;48,4175084175084;36,0560750583953;28,8178666263677
"Eskimo_Aleut";"r1";0,984036175834035;37,2338772338772;49,6969696969697;37,291710609576;27,7024348948332
"Eskimo_Aleut";"r1";0,987795249476881;35,1515151515151;52,003367003367;35,2297140000156;24,0971473469942
"Eskimo_Aleut";"r1";0,985037684671053;36,6899766899767;45,8585858585859;36,732522440179;32,3238772015406
"Eskimo_Aleut";"r1";0,985107368735482;40,6138306138306;45,9427609427609;40,638558828814;28,4755034414719
"Eskimo_Aleut";"r1";0,986393571817961;40,1087801087801;45,3198653198653;40,1329614786691;30,678280686194
"Eskimo_Aleut";"r1";0,985317065876604;39,4638694638695;42,5589225589226;39,4782316592061;35,7640146930269
"Eskimo_Aleut";"r1";0,986898593756492;38,7412587412587;45,7744107744108;38,7738951776075;30,826600401719
"Eskimo_Aleut";"r1";0,985584236353714;33,1857031857032;47,7104377104377;33,2531033459108;29,8989859535854
"Eskimo_Aleut";"r1";0,986392280834745;40,2175602175602;43,956228956229;40,2349090284125;30,913493615169
"Eskimo_Aleut";"r1";0,987615103015519;38,2284382284382;48,4511784511784;38,2758755380565;30,4080236757878
"Eskimo_Aleut";"r1";0,984395182959382;37,1639471639472;48,4175084175084;37,2161678658198;28,1632837756578
"Eskimo_Aleut";"r1";0,986692859395322;38,4770784770785;44,4107744107744;38,504613028975;31,2841864181444
"Eskimo_Aleut";"r1";0,987577202259092;39,1763791763792;48,1649831649832;39,218089635723;30,5701944760857
"Eskimo_Aleut";"r1";0,989175493515242;41,3053613053613;50,4040404040404;41,3475825540791;27,5180860926199
"Eskimo_Aleut";"r1";0,985488587925988;40,7847707847708;45,4040404040404;40,8062059106143;31,580034556874
"Eskimo_Aleut";"r1";0,989358345899199;40,9246309246309;46,6835016835017;40,9513542228159;30,310148236629
"Eskimo_Aleut";"r1";0,984951968110699;41,8492618492619;42,5084175084175;41,8523205762185;36,154883595265
"Eskimo_Aleut";"r1";0,987745924538502;40,4662004662005;46,7676767676768;40,4954416555345;31,2695782369587
"Eskimo_Aleut";"r1";0,979936210529566;39,6814296814297;43,8383838383838;39,7007194919028;31,5245275401739
"Eskimo_Aleut";"r1";0,984674129141122;37,5679875679876;45,6565656565657;37,605521573039;31,2219114981921
"Eskimo_Aleut";"r1";0,983828695322549;38,7645687645688;44,040404040404;38,7890505987954;33,2888980129036
"Eskimo_Aleut";"r1";0,985537099617113;38,7567987567988;42,2222222222222;38,7728796081464;32,0090489188727
"Eskimo_Aleut";"r1";0,991360347358195;39,3628593628594;49,040404040404;39,4077667627552;27,1230680357863
"Eskimo_Aleut";"r1";0,985127166163882;36,6355866355866;43,047138047138;36,6653386142945;33,0879551393965
"Eskimo_Aleut";"r1";0,986607213319829;35,1359751359751;48,6195286195286;35,1985438296343;30,2902781729556
"Eskimo_Aleut";"r1";0,98682998537451;40,7614607614608;45,4882154882155;40,7833946581046;31,9537123374928
"Eskimo_Aleut";"r1";0,983512441386038;40,8391608391608;43,956228956229;40,8536251923723;30,9477892449654
"Eskimo_Aleut";"r1";0,986471472569225;42,5407925407925;42,8451178451178;42,5422047231792;33,2159825805712
"Eskimo_Aleut";"r1";0,985699960006934;37,047397047397;44,040404040404;37,0798471958565;32,7536052729023
"Eskimo_Aleut";"r1";0,983558012356742;38,4693084693085;45,3198653198653;38,5010975962252;32,5714460866343
"Eskimo_Aleut";"r1";0,985771210945691;40,8624708624709;42,1380471380471;40,8683900099213;34,6293563542996
"Eskimo_Aleut";"r1";0,986692975452658;38,7956487956488;47,7104377104377;38,8370167256478;27,7295394424418
"Eskimo_Aleut";"r1";0,988898389753084;39,4250194250194;47,6767676767677;39,4633106002016;29,2394005033137
"Eskimo_Aleut";"r1";0,974504259358765;35,2991452991453;40,9427609427609;35,3253337708094;36,0656123850467
"Eskimo_Aleut";"r1";0,982999915006477;37,3815073815074;43,7878787878788;37,4112353230683;33,0651849677573
"Eskimo_Aleut";"r1";0,985982575224247;40,1010101010101;46,8013468013468;40,1321021506636;29,1602872473896
"Eskimo_Aleut";"r1";0,985951312425823;37,5757575757576;49,4107744107744;37,6306764473818;27,1652519497366
"Eskimo_Aleut";"r1";0,989089314352855;36,1149961149961;52,003367003367;36,1887240541533;24,2930617734985
"Eskimo_Aleut";"r1";0,982028691164608;39,6581196581197;41,9360269360269;39,668689993516;34,4166762329089
"Eskimo_Aleut";"r1";0,974972083620219;38,1818181818182;38,5858585858586;38,1836930792847;37,0473628554333
"Eskimo_Aleut";"r1";0,987527505935713;39,6736596736597;46,3973063973064;39,7048598904747;30,5614650287717
"Eskimo_Aleut";"r1";0,984942783597686;37,6923076923077;44,8653198653199;37,7255931316256;32,6112648588474
"Eskimo_Aleut";"r1";0,986569746034072;40,3885003885004;46,5151515151515;40,4169303241229;28,5488662244077
"Eskimo_Aleut";"r1";0,985729979753396;38,6324786324786;43,5858585858586;38,6554641543041;32,3258923571312
"Eskimo_Aleut";"r1";0,985033351052977;38,3605283605284;48,3333333333333;38,4068058778036;26,893514949079
"Eskimo_Aleut";"r1";0,987199329705421;38,966588966589;46,7676767676768;39,0027889099815;27,9835481372352
"Eskimo_Aleut";"r1";0,977414257898964;38,8811188811189;40,4882154882155;38,8885764059778;32,7046187106533
"Eskimo_Aleut";"r1";0,989698845974949;37,047397047397;50,5218855218855;37,109923676049;26,2322730377196
"Eskimo_Aleut";"r1";0,983838149059167;37,6146076146076;42,2222222222222;37,6359886568703;35,5773016461425
"Eskimo_Aleut";"r1";0,984875351551174;39,7280497280497;46,2289562289562;39,7582163475435;29,6932961931531
"Eskimo_Aleut";"r1";0,983397060360059;40,1243201243201;45,6902356902357;40,1501480387791;30,5837437846959
"Eskimo_Aleut";"r1";0,981122628964127;38,4537684537685;44,6632996632997;38,4825829837431;29,8180160010736
"Eskimo_Aleut";"r1";0,984341210553209;35,975135975136;46,7171717171717;36,0249830087417;29,6231682397292
"Eskimo_Aleut";"r1";0,984433876881972;37,1717171717172;48,3333333333333;37,2235112142305;29,7744807939134
"Eskimo_Aleut";"r1";0,986730870799872;40,5283605283605;46,6835016835017;40,5569226682916;30,0085223262692
"Eskimo_Aleut";"r1";0,982730830014664;35,7808857808858;47,5084175084175;35,8353058817096;28,2287662650161
"Eskimo_Aleut";"r1";0,979825960335286;38,2595182595183;44,4107744107744;38,288062371589;31,2817952516702
"Eskimo_Aleut";"r1";0,985494484994067;40,00777000777;48,3333333333333;40,046403712297;26,6303523238072
"Eskimo_Aleut";"r1";0,985281187520482;39,9378399378399;44,6632996632997;39,9597678251971;32,1555930336708
"Eskimo_Aleut";"r1";0,98854040137005;39,2385392385392;48,3333333333333;39,2807424593967;27,9585847254557
"Eskimo_Aleut";"r1";0,9876209709992;41,3364413364413;47,1380471380471;41,3633629410892;28,8559940057157
"Eskimo_Aleut";"r1";0,98880030153839;36,8997668997669;51,7171717171717;36,9685251587804;26,5200587915449
"Eskimo_Aleut";"r1";0,986596010443569;37,8321678321678;47,0538720538721;37,874959963127;29,9239601672956
"Eskimo_Aleut";"r1";0,984738538579559;39,7202797202797;45,6565656565657;39,7478262907497;30,7579130335862
"Eskimo_Aleut";"r1";0,985801468619401;38,6091686091686;48,5016835016835;38,6550735506652;27,3508390303313
"Eskimo_Aleut";"r1";0,989403958173157;38,4537684537685;52,2558922558923;38,5178154319686;26,460325678717
"Eskimo_Aleut";"r1";0,983804816435646;41,8648018648019;45,5723905723906;41,8820064527721;30,7201889182118
"Eskimo_Aleut";"r1";0,987927186717502;42,3232323232323;44,9494949494949;42,3354191567649;30,9066422296395
"Eskimo_Aleut";"r1";0,989069213788269;39,5415695415695;49,6464646464646;39,5884600060934;26,6492832099368
"Eskimo_Aleut";"r1";0,984328611716811;40,0932400932401;45,1515151515152;40,1167123672924;29,6721577105713
"Eskimo_Aleut";"r1";0,989426796872762;38,7645687645688;49,4444444444444;38,8141273524104;29,2291355366717
"Eskimo_Aleut";"r1";0,982399683775116;38,7723387723388;43,4175084175084;38,7938940839173;32,4885981319641
"Eskimo_Aleut";"r1";0,989008190100947;43,2167832167832;48,5858585858586;43,241697719656;28,0911361169712
"Eskimo_Aleut";"r1";0,986588562264109;38,018648018648;46,8013468013468;38,0594030013984;31,1144665511001
"Eskimo_Aleut";"r1";0,98547614771469;37,9020979020979;49,6464646464647;37,9565961236495;28,6147951395323
"Eskimo_Aleut";"r1";0,984249667346375;36,9153069153069;47,8787878787879;36,9661815369472;30,4786283534814
"Eskimo_Aleut";"r1";0,988815339930143;40,1010101010101;48,047138047138;40,1378830845188;28,4591942997675
"Eskimo_Aleut";"r1";0,983071739405603;39,96891996892;42,5925925925926;39,981094783879;34,505555874852
"Eskimo_Aleut";"r1";0,987625382625389;38,9510489510489;45,2356902356902;38,9802120196552;33,5401903085048
"Eskimo_Aleut";"r1";0,990418493889385;41,4840714840715;48,7878787878788;41,5179638613513;27,7063123488889
"Eskimo_Aleut";"r1";0,985344605007122;40,03885003885;46,5993265993266;40,0692930855344;31,0581819222729
"Eskimo_Aleut";"r1";0,983220261907089;41,2276612276612;41,3131313131313;41,2280578405868;35,2855308041246
"Eskimo_Aleut";"r1";0,983306015750378;39,8057498057498;45,3198653198653;39,8313373487387;31,4823607343882
"Eskimo_Aleut";"r1";0,987232548414839;40,6060606060606;46,5151515151515;40,6334809815088;29,7808438685958
"Eskimo_Aleut";"r1";0,987250197579168;37,972027972028;45,9427609427609;38,009015131985;29,1848331481375
"Eskimo_Aleut";"r1";0,983625569264221;38,2672882672883;45,2693602693603;38,299780480755;30,3757570016616
"Eskimo_Aleut";"r1";0,985137471589892;39,2229992229992;46,2626262626263;39,2556657057817;31,260300117161
"Eskimo_Aleut";"r1";0,982961740447434;41,9347319347319;43,6700336700337;41,9427843789793;31,5989447257217
"Eskimo_Aleut";"r1";0,978342598626274;41,8492618492619;39,4949494949495;41,8383369659472;35,9812207486915
"Eskimo_Aleut";"r1";0,990163647010734;35,6954156954157;51,3468013468013;35,7680439350973;26,8181301096181
"Eskimo_Aleut";"r1";0,988055880302885;38,5003885003885;49,2424242424242;38,5502355339942;28,5746201539857
"Eskimo_Aleut";"r1";0,991219227316186;41,1421911421911;49,3265993265993;41,1801698344622;26,9902752248618
"Eskimo_Aleut";"r1";0,986945157530507;39,4483294483295;44,1245791245791;39,47002898279;30,8793513837293
"Eskimo_Aleut";"r1";0,985424999912545;37,1406371406371;47,7104377104377;37,1896849391049;29,4473071343088
"Eskimo_Aleut";"r1";0,990638008426388;38,9432789432789;47,5084175084175;38,983024365855;29,366380272039
"Eskimo_Aleut";"r1";0,984770706603894;34,6930846930847;46,8855218855219;34,7496621278524;30,6497362706579
"Eskimo_Aleut";"r1";0,983331609199765;40,8702408702409;43,8383838383838;40,8840141554759;32,8832007321252
"Eskimo_Aleut";"r1";0,985977479418967;40,1243201243201;46,969696969697;40,1560852140899;31,2180016739658
"Eskimo_Aleut";"r1";0,983332322050693;41,4296814296814;45,5723905723906;41,4489051380003;29,4711063997451
"Eskimo_Aleut";"r1";0,986785220012728;39,97668997669;45,6902356902357;40,0032029498387;30,5816225391211
"Eskimo_Aleut";"r1";0,982282584446083;38,6713286713287;41,7676767676768;38,6856968759521;33,8269084678753
"Eskimo_Aleut";"r1";0,98747643459023;41,0878010878011;44,3771043771044;41,1030646761505;30,0567867173979
"Eskimo_Aleut";"r1";0,981257163929579;37,5990675990676;43,1313131313131;37,6247392720711;33,0986324329135
"Eskimo_Aleut";"r1";0,984677970614577;35,5322455322455;45,6060606060606;35,5789917738874;29,9468037566537
"Eskimo_Aleut";"r1";0,985064519596992;36,8997668997669;44,8653198653199;36,9367300225769;31,5330292117857
"Eskimo_Aleut";"r1";0,986692830054036;40,8857808857809;49,3265993265993;40,9249494168288;26,5283180137007
"Eskimo_Aleut";"r1";0,992006537278678;40,6060606060606;47,020202020202;40,635824603342;28,1502731518461
"Eskimo_Aleut";"r1";0,987115860171241;39,6969696969697;48,047138047138;39,735717577945;28,2444970393488
"Eskimo_Aleut";"r1";0,983455325968476;39,9378399378399;42,5589225589226;39,9500027342255;34,1014294907841
"Eskimo_Aleut";"r1";0,984059440902838;38,2828282828283;46,5993265993266;38,321419922348;29,6326991271407
"Eskimo_Aleut";"r1";0,98534933751641;39,0986790986791;46,8518518518518;39,1346566984618;29,7938402377217
"Eskimo_Aleut";"r1";0,983637040382673;42,3465423465423;43,1313131313131;42,3501839743139;33,0256570270602
"Eskimo_Aleut";"r1";0,989900833657644;40,5050505050505;47,7609427609428;40,5387205387205;29,2602401850574
"Eskimo_Aleut";"r1";0,990207515928526;40,6138306138306;48,047138047138;40,6483239197856;28,2840695497147
"Eskimo_Aleut";"r1";0,982890588990855;35,9285159285159;42,7946127946128;35,9603771668737;34,6527292052811
"Eskimo_Aleut";"r1";0,98985496845999;39,4794094794095;50,5218855218855;39,5306506675416;26,7109833267051
"Eskimo_Aleut";"r1";0,989220241871116;40,8236208236208;48,6195286195286;40,8597967298663;30,0508130889461
"Eskimo_Aleut";"r1";0,985948432743873;41,017871017871;45,7744107744108;41,0399431281102;31,3020087394606
"Eskimo_Aleut";"r1";0,989756957382891;42,2688422688423;46,8518518518518;42,2901091346567;29,3513907151652
"Eskimo_Aleut";"r1";0,987710700368999;35,4700854700855;49,4444444444444;35,5349316834236;29,8288597361915
"Eskimo_Aleut";"r1";0,983293711420927;37,972027972028;45,1178451178451;38,0051872163241;32,5837188996199
"Eskimo_Aleut";"r1";0,985276135296856;42,1212121212121;46,8855218855219;42,1433202871718;30,1376737012248
"Eskimo_Aleut";"r1";0,983501652243825;39,7358197358197;43,956228956229;39,7554040013437;33,7892059689189
"Eskimo_Aleut";"r1";0,98379244616561;39,5804195804196;44,0740740740741;39,6012718054481;31,908822662697
"Eskimo_Aleut";"r1";0,988464699776635;41,9425019425019;46,5993265993266;41,9641113376612;30,2715724533846
"Eskimo_Aleut";"r1";0,986317748288784;38,5392385392385;48,1313131313131;38,5837493262087;30,9077808379827
"Eskimo_Aleut";"r1";0,986553078043283;37,016317016317;49,5286195286195;37,0743787449124;27,9039415620345
"Eskimo_Aleut";"r1";0,985423426168558;42,1289821289821;44,006734006734;42,1376955947722;33,0295122411382
"Eskimo_Aleut";"r1";0,982829796074184;37,9487179487179;43,6700336700337;37,9752669775872;33,4692118438343
"Eskimo_Aleut";"r1";0,988759583924777;43,5664335664336;43,5858585858586;43,5665237057348;32,0468923605702
"Eskimo_Aleut";"r1";0,984125716606091;38,9510489510489;45,2356902356902;38,9802120196552;32,882675483043
"Eskimo_Aleut";"r1";0,976406901892913;37,5446775446775;42,5589225589226;37,5679455029803;32,6130044325589
"Eskimo_Aleut";"r1";0,984416731558516;41,5151515151515;43,8383838383838;41,5259321755841;31,5891379885705
"Eskimo_Aleut";"r1";0,98025246652639;33,970473970474;45,4882154882155;34,023920566844;31,1935525813498
"Eskimo_Aleut";"r1";0,987452267788148;40,1787101787102;42,7272727272727;40,1905364550376;30,861218623896
"Eskimo_Aleut";"r1";0,975832508527933;35,4467754467754;43,7542087542088;35,4853250212879;31,677037658131
"Eskimo_Aleut";"r1";0,976012200078336;39,9300699300699;40,5723905723906;39,9330505362988;34,004811217856
"Eskimo_Aleut";"r1";0,987807614012578;36,9153069153069;48,5016835016835;36,9690720038748;29,1459205632772
"Eskimo_Aleut";"r1";0,978265825468495;34,6853146853147;43,8720538720539;34,7279445655316;32,5382370623326
"Eskimo_Aleut";"r1";0,986940576114856;39,013209013209;44,8653198653199;39,0403649800402;30,8063435211597
"Eskimo_Aleut";"r1";0,984176126560507;40,5283605283605;42,2222222222222;40,5362206754318;33,3986889175173
"Eskimo_Aleut";"r1";0,987475610667503;41,1810411810412;47,7609427609428;41,2115743670268;29,1285021081751
"Eskimo_Aleut";"r1";0,989827991359745;39,7591297591298;48,6195286195286;39,8002452990852;28,4658621702354
"Eskimo_Aleut";"r1";0,984280881607961;37,0862470862471;46,4309764309764;37,1296100994477;30,8536012244938
"Eskimo_Aleut";"r1";0,986870940220666;37,5602175602176;48,1313131313131;37,6092713679721;30,0011722931465
"Eskimo_Aleut";"r1";0,987027561784482;39,5337995337995;48,5353535353535;39,5755700860109;28,2284427732072
"Eskimo_Aleut";"r1";0,988085121028245;39,9456099456099;49,8653198653199;39,9916410821283;28,2698954117647
"Eskimo_Aleut";"r1";0,991151123008266;38,2439782439782;48,6195286195286;38,2921246494332;29,5178485520336
"Eskimo_Aleut";"r1";0,98435497854798;37,4514374514374;47,1380471380471;37,4963869163405;29,698557057889
"Eskimo_Aleut";"r1";0,985994739182334;36,5656565656566;50,2693602693603;36,6292468380635;26,8156218810484
"Eskimo_Aleut";"r1";0,988574050578408;40,7070707070707;46,1447811447811;40,7323037021413;31,189989110537
"Eskimo_Aleut";"r1";0,982719957545726;38,2750582750583;44,4949494949495;38,3039208793269;30,8520412284825
"Eskimo_Aleut";"r1";0,978464427673015;39,95337995338;40,5723905723906;39,9562523924473;35,3866471444926
"Eskimo_Aleut";"r1";0,983204597117552;36,954156954157;45,2356902356902;36,9925863429344;32,199007701357
"Eskimo_Aleut";"r1";0,983610064286159;33,1701631701632;45,0673400673401;33,2253704875515;33,930239106246
"Eskimo_Aleut";"r1";0,987626991285955;40,2408702408702;49,4444444444444;40,2835782418149;29,939252498376
"Eskimo_Aleut";"r1";0,986733702023825;40,3185703185703;45,7744107744108;40,3438874436554;33,4686837216974
"Eskimo_Aleut";"r1";0,985245024804206;38,4226884226884;48,1649831649832;38,4678962869218;29,0845484375631
"Eskimo_Aleut";"r1";0,988312798323391;37,3038073038073;48,5016835016835;37,3557696063496;30,1226064258096
"Eskimo_Aleut";"r1";0,983269485869018;39,3084693084693;43,7542087542088;39,3290991898881;31,5369221014249
"Eskimo_Aleut";"r1";0,98414783672227;39,2152292152292;43,2154882154882;39,2337919020054;32,2872290054656
"Eskimo_Aleut";"r1";0,983363993565635;37,8554778554779;45,7744107744108;37,8922246439648;29,2653486488146
"Eskimo_Aleut";"r1";0,980378598449569;35,0893550893551;43,5353535353535;35,12854765755;32,7167422687246
"Eskimo_Aleut";"r1";0,984104210992175;40,5594405594406;45,9427609427609;40,5844211644676;29,7271704154879
"Eskimo_Aleut";"r1";0,987298237745987;36,2160062160062;51,3804713804714;36,2863749638692;28,0865616556079
"Eskimo_Aleut";"r1";0,988320345277532;40,0932400932401;48,047138047138;40,1301491324693;28,5067039917871
"Eskimo_Aleut";"r1";0,985004694543674;42,1600621600622;44,3265993265993;42,1701156967978;31,4945293481436
"Eskimo_Aleut";"r1";0,985858416227412;37,1872571872572;44,2424242424242;37,2199957814807;32,367562378504
"Eskimo_Aleut";"r1";0,983846929284746;40,02331002331;44,8653198653199;40,0457787464748;33,4603380418279
"Eskimo_Aleut";"r1";0,989117501777472;42,8205128205128;47,4242424242424;42,8418758349153;31,0602829514585
"Eskimo_Aleut";"r1";0,983472976332657;39,4794094794095;43,4175084175084;39,4976837204215;36,3759184968432
"Eskimo_Aleut";"r1";0,991278257009459;38,9277389277389;49,3265993265993;38,9759935003555;28,6678294374325
"Eskimo_Aleut";"r1";0,982247288943062;36,6278166278166;43,5353535353535;36,6598701633504;35,4016193028201
"Eskimo_Aleut";"r1";0,985716471605603;38,026418026418;45,6060606060606;38,061590381776;32,1728330670409
"Eskimo_Aleut";"r1";0,980604042662618;37,1017871017871;44,5286195286195;37,1362503613084;31,4034664270317
"Eskimo_Aleut";"r1";0,988143944553472;42,1289821289821;42,7609427609428;42,131914660917;35,4442009817556
"Eskimo_Aleut";"r1";0,985462991770338;36,3480963480963;48,7037037037037;36,4054309529948;29,1781797284948
"Eskimo_Aleut";"r1";0,983953140235305;37,8088578088578;47,5084175084175;37,8538673666284;30,8071282704306
"Eskimo_Aleut";"r1";0,980532427757795;32,960372960373;47,1717171717172;33,0263188731866;30,4817310328402
"Eskimo_Aleut";"r1";0,984779713433649;34,4910644910645;48,7037037037037;34,5570164131649;27,9684722146404
"Eskimo_Aleut";"r1";0,983764812539148;38,5470085470086;47,3400673400673;38,5878116040529;29,9801821316345
"Eskimo_Aleut";"r1";0,974597381151495;34,5376845376845;42,8787878787879;34,5763903536525;34,4091618731428
"Eskimo_Aleut";"r1";0,987736178168299;41,1577311577312;46,969696969697;41,184700836673;29,7686457790193
"Eskimo_Aleut";"r1";0,986411693957393;39,1608391608392;46,2289562289562;39,1936378479302;29,036719341379
"Eskimo_Aleut";"r1";0,9857107166006;40,9401709401709;43,1313131313131;40,9503386533549;33,7913115381694
"Eskimo_Aleut";"r1";0,982360340786372;37,0784770784771;44,7811447811448;37,1142203160765;31,2844304257359
"Eskimo_Aleut";"r1";0,986289062931505;36,9386169386169;48,047138047138;36,9901646003734;27,1953556987974
"Eskimo_Aleut";"r1";0,989241157400425;35,9052059052059;52,2222222222222;35,9809229182779;25,8611695646789
"Eskimo_Aleut";"r1";0,981365362731493;37,4592074592075;43,0976430976431;37,4853718937246;33,0043202030979
"Eskimo_Aleut";"r1";0,988164891630313;36,4413364413364;48,989898989899;36,4995664299609;28,2772099435051
"Eskimo_Aleut";"r1";0,985965063299579;37,972027972028;42,1043771043771;37,9912036060528;31,9870551054199
"Eskimo_Aleut";"r1";0,987056580469204;39,6581196581197;47,8787878787879;39,6962666104197;30,0282737181268
"Eskimo_Aleut";"r1";0,986522796064277;37,4203574203574;44,7811447811448;37,4545142062543;30,006364429335
"Eskimo_Aleut";"r1";0,985482711622422;39,2385392385392;44,8653198653199;39,2646495894756;33,1648106328292
"Eskimo_Aleut";"r1";0,986114030975106;40,8391608391608;47,2222222222222;40,8687806135602;29,2882234150786
"Eskimo_Aleut";"r1";0,983309055203152;39,3084693084693;43,7878787878788;39,3292554313436;31,1709710006768
"Eskimo_Aleut";"r1";0,984624489831777;39,95337995338;46,9360269360269;39,9857820275454;29,944951234436
"Eskimo_Aleut";"r1";0,981144878018849;42,2066822066822;40,4882154882155;42,1987078831626;37,5578629174946
"Eskimo_Aleut";"r1";0,984182976112164;36,3170163170163;43,2996632996633;36,3494183911817;32,8112752886443
"Eskimo_Aleut";"r1";0,987052995442686;41,7094017094017;44,7474747474747;41,7234994961213;29,5599948433167
"Eskimo_Aleut";"r1";0,9835363377988;36,8065268065268;47,5925925925926;36,8565781558821;28,8879294778185
"Eskimo_Aleut";"r1";0,980850231570111;37,8010878010878;43,956228956229;37,8296499410189;32,6120068552353
"Eskimo_Aleut";"r1";0,982572552072726;37,956487956488;44,8653198653199;37,9885475013085;29,9092689733397
"Eskimo_Aleut";"r1";0,986481246110641;39,7047397047397;46,3131313131313;39,7354050950339;29,616881174307
"Eskimo_Aleut";"r1";0,98603447798125;38,8578088578089;48,7037037037037;38,9034974649824;28,5394314441146
"Eskimo_Aleut";"r1";0,986678717942823;42,0979020979021;44,1245791245791;42,1073066316686;33,8165783009709
"Eskimo_Aleut";"r1";0,987624364891915;34,6464646464647;46,5151515151515;34,7015397595444;29,5924393833071
"Eskimo_Aleut";"r1";0,982764894580032;38,6635586635587;46,4814814814815;38,699836727679;29,3105829228667
"Eskimo_Aleut";"r1";0,986207720399882;36,7210567210567;51,8013468013468;36,7910348652808;26,7876945194756
"Eskimo_Aleut";"r1";0,98674552935118;36,1926961926962;50,2356902356902;36,2578608982321;26,454416799383
"Eskimo_Aleut";"r1";0,986464043145928;34,3822843822844;49,5286195286195;34,4525690001328;28,0168509246147
"Eskimo_Aleut";"r1";0,981764157409046;36,4801864801865;44,3265993265993;36,5165967486153;30,9194621248295
"Eskimo_Aleut";"r1";0,984311832879578;38,8500388500388;46,4814814814815;38,8854515768669;31,1105098722654
"Eskimo_Aleut";"r1";0,984544573674935;37,1328671328671;45,4377104377104;37,1714046888061;31,9487162147992
"Eskimo_Aleut";"r1";0,987147503288364;40,5827505827506;49,4107744107744;40,6237158905372;28,3509567558244
"Eskimo_Aleut";"r1";0,982459022568281;39,9067599067599;44,5791245791246;39,9284414133602;31,6919911160074
"Eskimo_Aleut";"r1";0,983064797967811;38,4149184149184;47,0538720538721;38,4550063668393;29,7028241807576
"Eskimo_Aleut";"r1";0,987768206920255;42,3931623931624;43,5858585858586;42,3986969462607;32,3184909062499
"Eskimo_Aleut";"r1";0,985895842683313;39,1763791763792;48,2491582491582;39,2184802393619;29,7229696001713
"Eskimo_Aleut";"r1";0,982513548493354;38,3372183372183;47,7104377104377;38,3807135547275;29,9068273358862
"Eskimo_Aleut";"r1";0,987066159281241;39,0598290598291;45,4040404040404;39,0892685556259;29,7073328685428
"Eskimo_Aleut";"r1";0,980427486759251;36,1538461538462;44,5791245791246;36,192942573453;32,6968604141428
"Eskimo_Aleut";"r1";0,980198342723157;37,4125874125874;41,1447811447811;37,4299061770059;35,5711829052807
"Eskimo_Aleut";"r1";0,986928763582338;40,3185703185703;47,3400673400673;40,3511526713383;29,1870017527429
"Eskimo_Aleut";"r1";0,985639387352743;37,3115773115773;48,3333333333333;37,3627223511214;28,7878201922068
"Eskimo_Aleut";"r1";0,985211188116763;36,5811965811966;47,4242424242424;36,6315123391689;28,393643031688
"Eskimo_Aleut";"r1";0,988056297859804;37,2494172494172;51,6329966329966;37,3161623973689;27,1415314840154
"Eskimo_Aleut";"r1";0,989423388143055;37,1328671328671;50,3535353535353;37,1942159413157;27,1253900398065
"Eskimo_Aleut";"r1";0,983142462096661;39,044289044289;38,8383838383838;39,0433335676955;36,6680138580533
"Eskimo_Aleut";"r1";0,988205618396961;37,5213675213675;46,2289562289562;37,5617739654863;32,2157099330327
"Eskimo_Aleut";"r1";0,984446924702719;36,5967365967366;46,1447811447811;36,6410430679572;31,1188194604538
"Eskimo_Aleut";"r1";0,987918148571782;36,0839160839161;48,4175084175084;36,1411485309397;28,0607342845674
"Eskimo_Aleut";"r1";0,985582295988843;38,4071484071484;45,1178451178451;38,438288531096;30,8498982367207
"Eskimo_Aleut";"r1";0,986301364366822;39,2696192696193;46,5993265993266;39,3036318326342;27,9072159035771
"Eskimo_Aleut";"r1";0,985706651804294;34,965034965035;45,6902356902357;35,0148038779129;31,845106606592
"Eskimo_Aleut";"r1";0,990647357699225;36,5811965811966;51,969696969697;36,6526049356676;25,1927655881555
"Eskimo_Aleut";"r1";0,986657885385169;41,6317016317016;45,5723905723906;41,6499878912872;29,3403320789713
"Eskimo_Aleut";"r1";0,989039855137167;38,2206682206682;43,047138047138;38,243064832392;32,5147154939133
"Eskimo_Aleut";"r1";0,990728587675386;38,5780885780886;50,4377104377104;38,6331216261611;27,4249214955827
"Eskimo_Aleut";"r1";0,987452391368872;43,5120435120435;43,5016835016835;43,5119954377495;33,3206730671971
"Eskimo_Aleut";"r1";0,986389551991006;36,5889665889666;45,8080808080808;36,6317467013523;31,7719788991887
"Eskimo_Aleut";"r1";0,987056609900082;38,1585081585082;44,040404040404;38,1858023389346;34,223813721154
"Eskimo_Aleut";"r1";0,988957193196124;40,3885003885004;50,6060606060606;40,4359136609717;25,5791396122965
"Eskimo_Aleut";"r1";0,978309597969085;34,7086247086247;42,5589225589226;34,7450530049138;32,9869566376434
"Eskimo_Aleut";"r1";0,984332553560108;37,3271173271173;43,956228956229;37,3578788659995;34,3587057464368
"Eskimo_Aleut";"r1";0,988567731041506;41,8958818958819;48,3333333333333;41,9257540603248;29,1904147610406
"Eskimo_Aleut";"r1";0,971684629045676;39,028749028749;38,7542087542088;39,0274750599577;35,3834568144429
"Eskimo_Aleut";"r1";0,97928393468241;38,6247086247086;42,0538720538721;38,6406212160272;34,2533280457062
"Eskimo_Aleut";"r1";0,987638602117263;41,2043512043512;48,5858585858586;41,2386041388362;28,8621552489383
"Eskimo_Aleut";"r1";0,987043197946605;41,2276612276612;47,1380471380471;41,2550876123962;29,9040506509109
"Eskimo_Aleut";"r1";0,988640679444026;36,2781662781663;50,8080808080808;36,3455904755209;25,8265730253501
"Eskimo_Aleut";"r1";0,982934382314904;39,2929292929293;44,6127946127946;39,3176154429055;32,658486442473
"Eskimo_Aleut";"r1";0,9840512842112;43,1857031857032;43,8383838383838;43,1887318662261;33,1696845579237
"Eskimo_Aleut";"r1";0,983653252547801;40,0854700854701;43,4175084175084;40,1009319802823;31,5322192797063
"Eskimo_Aleut";"r1";0,982913865776404;35,8352758352758;45,8585858585859;35,8817877147344;30,9733107768288
"Eskimo_Aleut";"r1";0,987921948781059;42,0901320901321;49,2424242424242;42,123321380862;29,1229830749046
"Eskimo_Aleut";"r1";0,976973482400871;38,2051282051282;42,1043771043771;38,2232221675377;35,0015657253738
"Eskimo_Aleut";"r1";0,98699980841642;39,8212898212898;45,3198653198653;39,8468052528377;31,5923806336664
"Eskimo_Aleut";"r1";0,983941038740478;35,9285159285159;45,4040404040404;35,9724858796785;31,0249161053994
"Eskimo_Aleut";"r1";0,987414889944781;40,0777000777001;48,047138047138;40,1146812283703;29,8428622190323
"Eskimo_Aleut";"r1";0,987833264447437;38,7101787101787;50,4377104377104;38,7645988110025;27,1605884696993
"Eskimo_Aleut";"r1";0,98638082779585;39,3395493395493;48,047138047138;39,3799557836681;28,1848048414818
"Eskimo_Aleut";"r1";0,984376697808666;39,3240093240093;46,2289562289562;39,3560508409696;28,7409307170549
"Eskimo_Aleut";"r1";0,975247517632536;38,1196581196581;42,2222222222222;38,1386955400877;35,6983098152133
"Eskimo_Aleut";"r1";0,985263357465468;39,4949494949495;46,5993265993266;39,5279164420696;30,6466357402465
"Eskimo_Aleut";"r1";0,980531192697338;39,3006993006993;42,962962962963;39,3176935636332;33,7260434029672
"Eskimo_Aleut";"r1";0,990138889928873;39,0831390831391;50,3198653198653;39,135281664284;25,8530463681711
"Eskimo_Aleut";"r1";0,986354923450511;36,8376068376068;47,7104377104377;36,8880608091745;30,9397002241681
"Eskimo_Aleut";"r1";0,979326409148141;41,7094017094017;40,4882154882155;41,7037349519948;37,1162782216058
"Eskimo_Aleut";"r1";0,987525868474322;39,5493395493395;47,5925925925926;39,5866632293546;29,7364140565227
"Eskimo_Aleut";"r1";0,989094980169162;42,5174825174825;46,2626262626263;42,5348613747686;32,0642055793983
"Eskimo_Aleut";"r1";0,987937789630179;37,2571872571873;52,1717171717172;37,3263962127071;26,2243208782788
"Eskimo_Aleut";"r1";0,980042844598555;37,0784770784771;41,9360269360269;37,1010179130829;33,5443181598795
"Eskimo_Aleut";"r1";0,986763348088615;36,954156954157;45,7744107744108;36,9950862062231;31,7281654189879
"Eskimo_Aleut";"r1";0,987490110071741;39,5959595959596;47,2558922558923;39,6315045270962;29,8938063554425
"Eskimo_Aleut";"r1";0,984352398536779;38,8733488733489;49,4444444444444;38,9224026811034;27,8607461245959
"Eskimo_Aleut";"r1";0,985593965521317;42,9292929292929;43,5858585858586;42,9323396376761;34,6873358996625
"Eskimo_Aleut";"r1";0,98115304591452;33,8850038850039;46,3131313131313;33,9426750099604;27,0770277957135
"Eskimo_Aleut";"r1";0,986509242173585;41,010101010101;46,026936026936;41,0333809869773;30,7204306064307
"Eskimo_Aleut";"r1";0,983593096937528;41,1033411033411;42,6767676767677;41,1106423867445;33,7952476660231
"Eskimo_Aleut";"r1";0,982554014637336;40,00777000777;42,8787878787879;40,0210925964986;34,5309796049112
"Eskimo_Aleut";"r1";0,984950653033298;39,8212898212898;45,5218855218855;39,847742701571;31,5912791489643
"Eskimo_Aleut";"r1";0,982957544037662;38,0730380730381;45,3198653198653;38,1066660417008;30,6417771384812
"Eskimo_Aleut";"r1";0,987073460438838;37,2960372960373;46,5993265993266;37,3392080120618;32,265244981447
"Eskimo_Aleut";"r1";0,982945135027638;36,6822066822067;47,6767676767677;36,733225526729;27,0326727830192
"Eskimo_Aleut";"r1";0,989417073766487;39,6503496503496;48,7878787878788;39,69275117767;27,1463503382382
"Eskimo_Aleut";"r1";0,987471886619981;39,6192696192696;48,2154882154882;39,6591592647277;28,035786231844
"Eskimo_Aleut";"r1";0,985336150784414;40,00777000777;44,7811447811448;40,0299202387369;29,3977232613274
"Eskimo_Aleut";"r1";0,982248114005804;39,6814296814297;40,6565656565657;39,6859546743537;36,6864693836658
"Eskimo_Aleut";"r1";0,986822593323102;35,2680652680653;49,1582491582492;35,3325208777645;28,2029598706564
"Eskimo_Aleut";"r1";0,985260978828675;40,4351204351204;47,4242424242424;40,4675525557196;28,8263755815304
"Eskimo_Aleut";"r1";0,989926333600342;41,2354312354312;51,5993265993266;41,2835235573055;27,679783702143
"Eskimo_Aleut";"r1";0,98081732194192;36,0916860916861;45,6902356902357;36,13622692509;32,2066332174269
"Eskimo_Aleut";"r1";0,981677284523066;42,4009324009324;39,8316498316498;42,3890099760169;40,9089546411632
"Eskimo_Aleut";"r1";0,98579590755688;43,0613830613831;42,6767676767677;43,0595983032178;34,2036588118364
"Eskimo_Aleut";"r1";0,984203488614883;39,3084693084693;42,6767676767677;39,3240994633106;31,6304346943087
"Eskimo_Aleut";"r1";0,988086425686833;41,4374514374514;47,5925925925926;41,4660135773825;30,4130806610777
"Eskimo_Aleut";"r1";0,986926673723923;37,3115773115773;50,8922558922559;37,3745967017429;27,9775566910137
"Eskimo_Aleut";"r1";0,985632594924804;37,7000777000777;46,1111111111111;37,7391080175303;31,4756456592216
"Eskimo_Aleut";"r1";0,97934226687982;37,979797979798;41,3973063973064;37,9956564875358;36,4302679353651
"Eskimo_Aleut";"r1";0,986581635458508;38,7956487956488;46,6835016835017;38,8322513612537;31,7438888301828
"Eskimo_Aleut";"r1";0,979569489537974;38,3682983682984;41,026936026936;38,3806354339997;32,7948124808248
"Eskimo_Aleut";"r1";0,986036127772161;39,95337995338;47,2558922558923;39,987266321373;29,9696795827455
"Eskimo_Aleut";"r1";0,990542747906982;40,3108003108003;48,1313131313131;40,3470903934941;29,7864299891449
"Eskimo_Aleut";"r1";0,988064543676861;41,033411033411;47,7609427609428;41,0646292780864;30,3862768106822
"Eskimo_Aleut";"r1";0,985604458226657;37,6456876456876;47,962962962963;37,6935636332388;29,0324382708654
"Eskimo_Aleut";"r1";0,983995438338672;42,5874125874126;41,1952861952862;42,5809526041545;34,3249892557605
"Eskimo_Aleut";"r1";0,988344497491276;40,5205905205905;48,3333333333333;40,5568445475638;29,0939731522206
"Eskimo_Aleut";"r1";0,985677887079878;37,8554778554779;47,4242424242424;37,8998804752865;26,738108662526
"Eskimo_Aleut";"r1";0,988657723435055;39,8445998445998;46,3973063973064;39,8750068355637;29,5601474950971
"Eskimo_Aleut";"r1";0,982346742019419;41,6938616938617;41,9360269360269;41,6949854304843;33,8213719570215
"Eskimo_Aleut";"r1";0,986761394700245;37,9331779331779;48,989898989899;37,9844852234643;28,1253349565337
"Eskimo_Aleut";"r1";0,984328418465533;40,5516705516705;45,3198653198653;40,5737967454905;30,9504861999227
"Eskimo_Aleut";"r1";0,982445595091304;38,3916083916084;44,9494949494949;38,4220394197192;32,2535980776864
"Eskimo_Aleut";"r1";0,988222665087277;39,6891996891997;47,8787878787879;39,7272024186177;29,1118631051134
"Eskimo_Aleut";"r1";0,986381459745856;36,8997668997669;46,6835016835017;36,9451670611763;32,4367487630043
"Eskimo_Aleut";"r1";0,978213848545962;38,8578088578089;39,3434343434343;38,8600623403408;35,662414303997
"Eskimo_Aleut";"r1";0,983701915545485;38,5858585858586;45,6060606060606;38,6184349293398;31,5330331190554
"Eskimo_Aleut";"r1";0,985808531584517;38,6169386169386;43,2154882154882;38,6382775941941;33,0633852884506
"Eskimo_Aleut";"r1";0,987000542506509;35,7264957264957;47,996632996633;35,7834337184685;29,7171002545715
"Eskimo_Aleut";"r1";0,985308573539413;39,1219891219891;46,8855218855219;39,1580147960658;29,6452516305505
"Eskimo_Aleut";"r1";0,986280261728851;35,8818958818959;49,1582491582492;35,9435030896748;28,4641077610814
"Eskimo_Aleut";"r1";0,985753865154529;36,8919968919969;49,7306397306397;36,9515729608537;27,5979049505198
"Eskimo_Aleut";"r1";0,984095176649488;37,8399378399378;44,6969696969697;37,8717570132883;32,7384594800567
"Eskimo_Aleut";"r1";0,989701677757948;37,6612276612277;49,4444444444444;37,7159061613818;27,6894102072956
"Eskimo_Aleut";"r1";0,985145953315535;38,5081585081585;46,6835016835017;38,5460951354223;30,8882121191906
"Eskimo_Aleut";"r1";0,987150918209574;35,8197358197358;52,4579124579125;35,8969431359223;25,638493429489
"Eskimo_Aleut";"r1";0,981413034386757;34,3978243978244;43,6700336700337;34,4408508909669;33,3984310262436
"Eskimo_Aleut";"r1";0,980017926662139;37,5990675990676;43,7878787878788;37,6277859804542;33,9294853005994
"Eskimo_Aleut";"r1";0,983421873642931;36,1149961149961;46,2289562289562;36,1619286445273;28,2688584853431
"Eskimo_Aleut";"r1";0,978910420893746;38,4537684537685;42,8787878787879;38,4743021865992;30,7908963176151
"Eskimo_Aleut";"r1";0,987987380748941;39,4483294483295;48,7373737373737;39,4914340621997;28,2857201985444
"Eskimo_Aleut";"r1";0,988951180861659;40,04662004662;51,9191919191919;40,1017131875601;27,3057363155132
"Eskimo_Aleut";"r1";0,97877731881405;37,0862470862471;41,9360269360269;37,1087518651324;35,1984527979307
"Eskimo_Aleut";"r1";0,985210970523753;38,8189588189588;47,996632996633;38,8615466341684;27,270266355068
"Eskimo_Aleut";"r1";0,982899382908056;39,5493395493395;44,2087542087542;39,5709609630723;31,8618912847871
"Eskimo_Aleut";"r1";0,984227323546275;38,7257187257187;48,7542087542088;38,7722546423242;26,6396468898021
"Eskimo_Aleut";"r1";0,982445313688766;39,0675990675991;45,4040404040404;39,0970025076754;30,4153456591905
"Eskimo_Aleut";"r1";0,983063847290936;38,041958041958;44,9494949494949;38,0740115774919;31,4314833297142
"Eskimo_Aleut";"r1";0,990219927295117;39,3628593628594;50,976430976431;39,416750646449;26,3080163010461
"Eskimo_Aleut";"r1";0,985902864516318;37,4980574980575;44,3265993265993;37,5297444670995;32,8948133630372
"Eskimo_Aleut";"r1";0,983570646434414;37,5835275835276;43,2154882154882;37,6096619716109;32,51748193587
"Eskimo_Aleut";"r1";0,981197627979114;40,7614607614608;39,7811447811448;40,7569117313897;36,8930701177627
"Eskimo_Aleut";"r1";0,981635030054003;37,9331779331779;42,4747474747475;37,9542525018163;33,6093447420513
"Eskimo_Aleut";"r1";0,982332586190325;38,1895881895882;45,6902356902357;38,2243939784543;29,9764245572988
"Eskimo_Aleut";"r1";0,982515566240845;38,1740481740482;45,3535353535353;38,2073636597999;32,1585520520971
"Eskimo_Aleut";"r1";0,98736350717818;39,6425796425796;47,8787878787879;39,6807987063208;29,7628848587891
"Eskimo_Aleut";"r1";0,981288781262422;37,2571872571873;45,1178451178451;37,2936636277704;29,6936025580785
"Eskimo_Aleut";"r1";0,983805326716307;40,1942501942502;43,956228956229;40,211707172264;30,7509967663847
"Eskimo_Aleut";"r1";0,989042387022214;41,6083916083916;47,8787878787879;41,6374885748436;28,8549408027061
"Eskimo_Aleut";"r1";0,983345012397116;37,6301476301476;43,6700336700337;37,6581749435578;31,2743604081317
"Eskimo_Aleut";"r1";0,985279375566706;39,3317793317793;45,4882154882155;39,3603474809971;28,3330592509191
"Eskimo_Aleut";"r1";0,988942973391789;35,0815850815851;52,3400673400673;35,1616708461256;24,3820868921445
"Eskimo_Aleut";"r1";0,980659016983914;36,2082362082362;41,0606060606061;36,230753005695;34,7819954671098
"Eskimo_Aleut";"r1";0,985383904182279;42,9215229215229;43,8720538720539;42,9259337379987;35,7783742077129
"Eskimo_Aleut";"r1";0,983702216643578;41,6006216006216;41,8518518518518;41,6017874022514;31,8389100771939
"Eskimo_Aleut";"r1";0,990206818281791;41,1266511266511;51,0942760942761;41,1729046067793;26,9776813543279
"Eskimo_Aleut";"r1";0,98435606419242;36,4180264180264;46,3131313131313;36,4639433780965;29,2477855302398
"Eskimo_Aleut";"r1";0,984269307522315;38,7723387723388;45,5723905723906;38,8038935370722;30,9280579750484
"Eskimo_Aleut";"r1";0,987675868237505;32,0823620823621;50,2693602693603;32,1667565055036;27,4688614735634
"Eskimo_Aleut";"r1";0,978125223975953;35,959595959596;41,6835016835017;35,9861570070387;36,2637821115756
"Eskimo_Aleut";"r1";0,985962803947774;37,964257964258;48,5353535353535;38,0133117720125;27,7152976144613
"Eskimo_Aleut";"r1";0,987783645841726;38,1274281274281;46,6835016835017;38,1671314849969;30,4407234399886
"Eskimo_Aleut";"r1";0,979200327899578;33,4576534576535;43,047138047138;33,5021522260501;34,7987271183955
"Eskimo_Aleut";"r1";0,987129381930016;39,1452991452991;49,6969696969697;39,1942628137524;27,1659523040254
"Eskimo_Aleut";"r1";0,983512142326749;38,4149184149184;45,7744107744108;38,4490691915286;31,5518193868529
"Eskimo_Aleut";"r1";0,980916010325591;38,9044289044289;40,2861952861953;38,910840813393;35,1860677914655
"Eskimo_Aleut";"r1";0,985173009445965;39,3084693084693;42,1380471380471;39,3215996000219;33,2225219785615
"Eskimo_Aleut";"r1";0,982970545792772;37,7855477855478;44,6632996632997;37,8174631074863;31,6663478113548
"Eskimo_Aleut";"r1";0,976880802237217;37,8166278166278;38,9225589225589;37,8217597475138;36,7647630746457
"Eskimo_Aleut";"r1";0,986971989991506;42,012432012432;43,3838383838384;42,0187958471021;32,8816895207194
"Eskimo_Aleut";"r1";0,979428979128433;35,1359751359751;42,5589225589226;35,1704203676361;36,3874782522245
"Eskimo_Aleut";"r1";0,989292193131323;41,4219114219114;48,8383838383838;41,4563266071387;27,4574399400239
"Eskimo_Aleut";"r1";0,986720539002522;40,5361305361305;45,3198653198653;40,5583288413915;31,4585263695507
"Eskimo_Aleut";"r1";0,98719206998605;40,6993006993007;43,4680134680135;40,7121485543759;29,9014984675053
"Eskimo_Aleut";"r1";0,985641667323132;39,8057498057498;47,4242424242424;39,8411024397103;28,7558859646149
"Eskimo_Aleut";"r1";0,987770261769791;41,6239316239316;45,1515151515152;41,6403009210434;32,2013031221945
"Eskimo_Aleut";"r1";0,991286029993041;38,3449883449883;53,5016835016835;38,4153210371308;23,7837216127672
"Eskimo_Aleut";"r1";0,986738163793572;36,2470862470862;47,2222222222222;36,2980149523073;27,1569230703951
"Eskimo_Aleut";"r1";0,98466241674994;38,7179487179487;46,8855218855219;38,755849289492;28,8276108415711
"Eskimo_Aleut";"r1";0,987183758611653;38,4149184149184;47,1380471380471;38,4553969704782;29,1600859049031
"Eskimo_Aleut";"r1";0,983760984749533;37,3815073815074;45,1515151515152;37,4175631020179;31,6776781808759
"Eskimo_Aleut";"r1";0,986562963941864;39,0909090909091;44,1245791245791;39,1142671885131;31,4840463729759
"Eskimo_Aleut";"r1";0,984630622775089;35,3846153846154;47,9124579124579;35,4427492246518;28,7896455930986
"Eskimo_Aleut";"r1";0,990237947112162;40,4895104895105;45,0673400673401;40,5107533181779;34,6188683839208
"Eskimo_Aleut";"r1";0,984724615987104;39,2696192696193;45,6902356902357;39,2994133133344;30,7010428334881
"Eskimo_Aleut";"r1";0,986622739298997;37,7622377622378;49,2424242424242;37,815510089292;28,7098847664785
"Eskimo_Aleut";"r1";0,985667342942946;39,5493395493395;46,4814814814815;39,5815072613216;30,3386607941312
"Eskimo_Aleut";"r1";0,980189463036826;36,1616161616162;43,7037037037037;36,1966142476583;32,9159374745105
"Eskimo_Aleut";"r1";0,98459299705556;38,3527583527584;46,6835016835017;38,3914160944323;30,0031875779307
"Eskimo_Aleut";"r1";0,98717748250636;39,6425796425796;48,5016835016835;39,6836891732483;28,1170710373635
"Eskimo_Aleut";"r1";0,981866963486193;38,6557886557887;44,1245791245791;38,6811658737413;32,6207855791042
"Eskimo_Aleut";"r1";0,987680015025594;39,0986790986791;49,983164983165;39,1491871538275;27,8245391739882
"Eskimo_Aleut";"r1";0,988588564998221;40,8236208236208;46,7676767676768;40,8512034498113;29,9755399457527
"Eskimo_Aleut";"r1";0,986008549257905;39,6658896658897;45,0673400673401;39,6909544009312;33,4043549344211
"Eskimo_Aleut";"r1";0,985376806124125;41,2198912198912;46,3973063973064;41,2439163483247;30,3042326969818
"Eskimo_Aleut";"r1";0,988141354198306;34,1336441336441;52,3737373737374;34,2182849375425;25,9391198658425
"Eskimo_Aleut";"r1";0,985321148204755;38,9355089355089;46,0606060606061;38,968572031217;30,7365226732753
"Eskimo_Aleut";"r1";0,987439642175639;40,0854700854701;46,7676767676768;40,1164780051091;29,8871374417424
"Eskimo_Aleut";"r1";0,988417866199152;38,2051282051282;52,4242424242424;38,2711101736624;24,9976494696509
"Eskimo_Aleut";"r1";0,982986960648196;41,0955710955711;43,013468013468;41,1044708492504;31,8091280675202
"Eskimo_Aleut";"r1";0,986650081345453;40,6526806526807;47,3063973063973;40,6835563680111;29,882354343139
"Eskimo_Aleut";"r1";0,98562545501146;40,1243201243201;45,1515151515152;40,1476481754904;33,4273475625585
"Eskimo_Aleut";"r1";0,99073345263058;36,5811965811966;51,8855218855219;36,6522143320287;26,6053653642331
"Eskimo_Aleut";"r1";0,984946417883125;40,9168609168609;46,9360269360269;40,944792081683;28,5708025685997
"Eskimo_Aleut";"r1";0,987947122570109;41,8881118881119;48,3333333333333;41,9180201082753;30,2160804310971
"Eskimo_Aleut";"r1";0,98574735664437;42,1212121212121;45,0673400673401;42,1348832485723;29,5831946173682
"Eskimo_Aleut";"r1";0,988202164658072;38,8111888111888;50,016835016835;38,8631871694517;26,3979150994168
"Eskimo_Aleut";"r1";0,988082472418251;41,2975912975913;47,1380471380471;41,3246931808417;30,9825970884668
"Eskimo_Aleut";"r1";0,984830455270002;36,8220668220668;45,4040404040404;36,8618903653706;30,6324270227722
"Eskimo_Aleut";"r1";0,985227930352199;41,5229215229215;40,5387205387205;41,5183544649902;38,5123165773181
"Eskimo_Aleut";"r1";0,9849346791513;39,8756798756799;46,3131313131313;39,9055520401228;29,7001863149087
"Eskimo_Aleut";"r1";0,986327330691732;40,8780108780109;45,9427609427609;40,901513198497;31,4330439667329
"Eskimo_Aleut";"r1";0,986424137957211;41,1888111888112;45,5723905723906;41,2091526244659;31,1847911860892
"Eskimo_Aleut";"r1";0,990197530817914;42,7583527583528;46,6498316498316;42,7764106650418;29,7591781595729
"Eskimo_Aleut";"r1";0,981504429625015;37,6845376845377;46,3131313131313;37,7245775621646;29,8054916649207
"Eskimo_Aleut";"r1";0,978606765832252;39,7591297591298;40,4882154882155;39,762512987571;36,6589913159012
"Eskimo_Aleut";"r1";0,977884802787455;38,7878787878788;38,2491582491582;38,7853789245901;39,4526570865966
"Eskimo_Aleut";"r1";0,985865255473679;41,6783216783217;45,1178451178451;41,6942823439343;31,1302072168935
"Eskimo_Aleut";"r1";0,981372083824542;35,2602952602953;43,2154882154882;35,2972103088112;31,1701076279424
"Eskimo_Aleut";"r1";0,988718430322308;39,5027195027195;51,4309764309764;39,5580710429898;25,9205372770236
"Eskimo_Aleut";"r1";0,989787214951882;37,4203574203574;52,7946127946128;37,4916996726742;26,6990039812296
"Eskimo_Aleut";"r1";0,983484887847826;38,6013986013986;44,0740740740741;38,6267938472115;33,3618260323674
"Eskimo_Aleut";"r1";0,990707763918246;37,4669774669775;51,8013468013468;37,5334942620325;25,9621808188438
"Eskimo_Aleut";"r1";0,98746228707721;38,0652680652681;46,5151515151515;38,1044786613232;29,4122237808015
"Eskimo_Aleut";"r1";0,984991424414295;39,2929292929293;47,1380471380471;39,3293335520714;30,2547895091926
"Eskimo_Aleut";"r1";0,981104817492675;37,1484071484071;39,7474747474747;37,1604677869179;37,3654618805836
"Eskimo_Aleut";"r1";0,984120916540773;41,8725718725719;43,6700336700337;41,8809127625833;32,3270820883606
"Eskimo_Aleut";"r1";0,987293819648192;39,5260295260295;46,969696969697;39,5605709062786;31,2063282602658
"Eskimo_Aleut";"r1";0,986160643958574;43,0613830613831;42,3063973063973;43,0578796472068;35,1664391437588
"Eskimo_Aleut";"r1";0,988180252566136;39,5337995337995;48,4511784511784;39,5751794823721;28,4353403597484
"Eskimo_Aleut";"r1";0,981780662460635;35,8119658119658;48,3333333333333;35,8700696055684;27,996417028737
"Eskimo_Aleut";"r1";0,991018149069075;41,1344211344211;52,7946127946128;41,1885287523339;25,2121614376818
"Eskimo_Aleut";"r1";0,988258740214849;38,3916083916084;48,5353535353535;38,4386791347348;28,9504678559094
"Eskimo_Aleut";"r1";0,985209027313278;40,7303807303807;44,4107744107744;40,7474591233292;31,9239941440901
"Eskimo_Aleut";"r1";0,984064710453115;39,3473193473193;45,03367003367;39,3737061254463;30,4504439860401
"Eskimo_Aleut";"r1";0,98617151442201;38,4149184149184;46,3973063973064;38,4519596584562;28,5629935579163
"Eskimo_Aleut";"r1";0,984492747189576;40,02331002331;46,969696969697;40,0555438374464;27,4403451972216
"Eskimo_Aleut";"r1";0,99057314813164;41,4685314685315;46,9023569023569;41,4937464357418;29,7512701435629
"Eskimo_Aleut";"r1";0,991425127105322;36,4957264957265;56,3468013468013;36,587842852344;22,6907445856155
"Eskimo_Aleut";"r1";0,988614312730532;40,3108003108003;47,7609427609428;40,3453717374831;28,4266964902526
"Eskimo_Aleut";"r1";0,985417313334979;40,963480963481;43,4175084175084;40,9748685618755;35,2630926349105
"Eskimo_Aleut";"r1";0,986084657925375;41,6006216006216;46,6835016835017;41,6242080511222;31,1928308395693
"Eskimo_Aleut";"r1";0,985252444400716;37,7389277389277;45,4377104377104;37,7746529486669;32,9929098299743
"Eskimo_Aleut";"r1";0,984519603231165;38,2362082362082;48,5353535353535;38,2840000937449;29,3052893437809
"Eskimo_Aleut";"r1";0,982520864076691;37,4281274281274;46,3131313131313;37,4693571445312;31,5994334888477
"Eskimo_Aleut";"r1";0,986126978352388;37,1173271173271;47,3400673400673;37,1647644269454;28,7856211928146
"Eskimo_Aleut";"r1";0,988025099767431;40,6993006993007;49,4444444444444;40,7398814127352;26,8922072424979
"Eskimo_Aleut";"r1";0,988077910625192;39,9300699300699;48,6700336700337;39,9706266063575;29,5121075225304
"Eskimo_Aleut";"r1";0,979865092856535;38,034188034188;43,6700336700337;38,0603404501316;33,585807513335
"Eskimo_Aleut";"r1";0,983875642405037;38,7645687645688;43,8720538720539;38,7882693915177;31,3298868838717
"Eskimo_Aleut";"r1";0,979202637558236;37,2494172494172;39,5791245791246;37,2602279562836;32,14368982577
"Eskimo_Aleut";"r1";0,979479138353067;38,8034188034188;40,4882154882155;38,8112368854828;37,1693825435243
"Eskimo_Aleut";"r1";0,979400056926833;37,6923076923077;43,1313131313131;37,717546696665;32,2060832282055
"Eskimo_Aleut";"r1";0,985467796077908;35,6254856254856;46,8855218855219;35,6777363737921;28,4207492806979
"Eskimo_Aleut";"r1";0,98945743590306;41,2665112665113;50,5218855218855;41,309459638926;26,3879716291877
"Eskimo_Aleut";"r1";0,978463784813911;36,969696969697;40,8585858585859;36,9877428578125;34,5140335452597
"Eskimo_Aleut";"r1";0,981883656444906;38,1973581973582;44,7811447811448;38,2279094112041;30,8834073059407
"Eskimo_Aleut";"r1";0,980987869570153;36,1149961149961;45,1515151515151;36,1569289179498;31,6806631351338
"Eskimo_Aleut";"r1";0,98751987168616;42,0512820512821;45,7744107744108;42,0685587506933;30,6020176921012
"Eskimo_Aleut";"r1";0,976779718202608;34,1103341103341;45,3198653198653;34,1623504964572;34,2464127488403
"Eskimo_Aleut";"r1";0,982234848727963;41,0955710955711;40,7407407407407;41,0939245510011;34,6109531119939
"Eskimo_Aleut";"r1";0,984209869848049;41,2198912198912;41,7676767676768;41,2224331481872;32,0210500548796
"Eskimo_Aleut";"r1";0,987057923462485;40,03885003885;46,5151515151515;40,0689024818955;32,7856844224263
"Eskimo_Aleut";"r1";0,982848109789749;39,044289044289;42,020202020202;39,0580983852446;33,8344480405586
"Eskimo_Aleut";"r1";0,98751464070403;40,4584304584305;45,3198653198653;40,4809893208965;31,5186125363163
"Eskimo_Aleut";"r1";0,989745213508433;38,6013986013986;51,2626262626263;38,6601513979704;27,1864308957539
"Eskimo_Aleut";"r1";0,987245695935511;42,4630924630925;45,1178451178451;42,4754115009335;30,0628933103349
"Eskimo_Aleut";"r1";0,989162183258938;42,5330225330225;47,5925925925926;42,5565008163616;30,396533598159
"Eskimo_Aleut";"r1";0,990353303093552;38,3294483294483;50,8922558922559;38,387744420227;25,6142831807178
"Eskimo_Aleut";"r1";0,991471669049671;39,4405594405594;53,1649831649832;39,5042458615544;26,1851324964612
"Eskimo_Aleut";"r1";0,98427845851742;37,4048174048174;47,4242424242424;37,4513112564157;28,451280627084
"Eskimo_Aleut";"r1";0,984207731683172;38,989898989899;43,4680134680135;39,0106791034865;30,8291888180583
"Eskimo_Aleut";"r1";0,986507119106952;40,4040404040404;47,5084175084175;40,4370073511605;27,5600362121271
"Eskimo_Aleut";"r1";0,982807057450974;38,7101787101787;42,5589225589226;38,7280383104049;31,899148645515
"Eskimo_Aleut";"r1";0,984441833815329;37,5990675990676;47,7946127946128;37,6463787136641;28,9590781026093
"Eskimo_Aleut";"r1";0,977944545600664;38,4848484848485;42,3905723905724;38,5029724936918;34,0111500540546
"Eskimo_Aleut";"r1";0,987926161048201;42,1289821289821;48,3333333333333;42,1577726218097;29,0414297298535
"Eskimo_Aleut";"r1";0,987774919566139;40,2874902874903;49,8653198653199;40,3319349723062;25,915032714272
"Eskimo_Aleut";"r1";0,984926607208348;39,9222999222999;46,1447811447811;39,9511745451421;32,8688959813407
"Eskimo_Aleut";"r1";0,986013753580884;37,3659673659674;46,2626262626263;37,4072511659519;30,8089029014786
"Eskimo_Aleut";"r1";0,988863444011395;41,996891996892;46,2289562289562;42,0165303459967;31,4923217569929
"Eskimo_Aleut";"r1";0,986310208812048;38,8733488733489;46,6835016835017;38,9095908817486;30,7084007285542
"Eskimo_Aleut";"r1";0,983170221541991;36,977466977467;46,1447811447811;37,0200067183826;30,5831149621494
"Eskimo_Aleut";"r1";0,979477535315223;41,5462315462315;39,8316498316498;41,5382752505722;34,4735719352128
"Eskimo_Aleut";"r1";0,983940084370234;35,959595959596;46,8013468013468;36,0099057082816;31,2094124104415
"Eskimo_Aleut";"r1";0,985196272376183;37,5524475524476;49,2424242424242;37,6066933839556;29,4200974721762
"Eskimo_Aleut";"r1";0,985906889918342;38,049728049728;47,4242424242424;38,0932292765239;29,620525721031
"Eskimo_Aleut";"r1";0,984711781601094;39,2773892773893;43,047138047138;39,2948823111236;32,7866367508253
"Eskimo_Aleut";"r1";0,984459898932908;36,8764568764569;48,6195286195286;36,9309490887217;28,9694055672198
"Eskimo_Aleut";"r1";0,985208439367439;41,041181041181;44,8653198653199;41,058926464959;32,0443997930577
"Eskimo_Aleut";"r1";0,987915056946581;41,5773115773116;45,8585858585859;41,5971782793128;30,4648580099546
"Eskimo_Aleut";"r1";0,985194486826804;39,9222999222999;44,9494949494949;39,9456279734702;30,4775585215219
"Eskimo_Aleut";"r1";0,983941493905714;39,5571095571096;43,7542087542088;39,576585655472;30,0915672377537
"Eskimo_Aleut";"r1";0,985492415046393;42,4087024087024;44,3265993265993;42,4176021623817;32,0224500484827
"Eskimo_Aleut";"r1";0,988163691803785;42,2222222222222;48,5016835016835;42,2513612536814;28,5694892564063
"Eskimo_Aleut";"r1";0,981875452039197;42,3931623931624;39,6296296296296;42,3803385752342;37,2760682797184
"Eskimo_Aleut";"r1";0,986135452742077;38,5236985236985;46,7676767676768;38,5619536431601;30,3216486185526
"Eskimo_Aleut";"r1";0,983390385017972;41,048951048951;40,7407407407407;41,0475208387041;34,193223345168
"Eskimo_Aleut";"r1";0,986933447508682;37,000777000777;47,2558922558923;37,0483645425641;29,0362353604287
"Eskimo_Aleut";"r1";0,983596140622721;41,0878010878011;44,2424242424242;41,1024397103283;32,4298094392212
"Eskimo_Aleut";"r1";0,986389435744831;39,5337995337995;48,0808080808081;39,5734608263611;31,1254590365096
"Eskimo_Aleut";"r1";0,986808906160853;37,4592074592075;46,6835016835017;37,5020116087401;30,6681797151871
"Eskimo_Aleut";"r1";0,987680884731251;37,5524475524476;47,0538720538721;37,5965376893451;31,2688354994363
"Eskimo_Aleut";"r2";0,993223420016991;36,6200466200466;61,2962962962963;36,7345535791011;20,2280334194675
"Eskimo_Aleut";"r2";0,994342764808957;39,6270396270396;57,5084175084175;39,7100158585077;22,0053610385337
"Eskimo_Aleut";"r2";0,993278511939599;33,7839937839938;63,5690235690236;33,9222073792839;20,0212059969268
"Eskimo_Aleut";"r2";0,99103835851193;34,6386946386946;60,5555555555556;34,7589584944573;20,1356872016178
"Eskimo_Aleut";"r2";0,993121687809077;35,0582750582751;60,3030303030303;35,1754200942136;20,3346473588478
"Eskimo_Aleut";"r2";0,992258049312198;33,6052836052836;59,1077441077441;33,7236244892857;21,1285686678189
"Eskimo_Aleut";"r2";0,99099184923297;37,6146076146076;58,7373737373737;37,7126250908153;21,5095630812085
"Eskimo_Aleut";"r2";0,994218770887149;35,4001554001554;61,8350168350168;35,5228229706188;20,0963607254209
"Eskimo_Aleut";"r2";0,994102614842709;37,4514374514374;60,976430976431;37,5606021545697;20,9677868909809
"Eskimo_Aleut";"r2";0,990626888893046;34,9494949494949;57,7441077441077;35,0552704148992;22,4574617449846
"Eskimo_Aleut";"r2";0,994573696714184;35,8352758352758;62,5420875420875;35,9592053559571;20,4196246547212
"Eskimo_Aleut";"r2";0,993262132098129;38,7257187257187;57,1717171717172;38,8113150062106;22,0508047213514
"Eskimo_Aleut";"r2";0,992887781964182;33,6285936285936;61,2121212121212;33,7565914364058;19,9491631466888
"Eskimo_Aleut";"r2";0,993084984886287;38,3372183372183;56,6329966329966;38,422117540447;21,9946027051863
"Eskimo_Aleut";"r2";0,994071197250176;38,4304584304584;59,8148148148148;38,52968978259;21,0584726141014
"Eskimo_Aleut";"r2";0,99254479968678;37,6923076923077;61,0942760942761;37,8009015131985;21,7201783083737
"Eskimo_Aleut";"r2";0,99299708955946;36,8609168609169;60,4713804713805;36,9704781769747;22,1368904756319
"Eskimo_Aleut";"r2";0,993552579222463;32,7272727272727;62,9124579124579;32,8673431921692;19,9391424676233
"Eskimo_Aleut";"r2";0,992004392802266;36,021756021756;60,3872053872054;36,1348207519901;20,5499976751192
"Eskimo_Aleut";"r2";0,992712779213713;34,6231546231546;62,1212121212121;34,7507558180412;20,1895464766658
"Eskimo_Aleut";"r2";0,994513272702762;34,8174048174048;64,8484848484848;34,9567601771778;19,7917411728263
"Eskimo_Aleut";"r2";0,991726321854005;38,5936285936286;54,3602693602694;38,6667916598311;23,4437933597322
"Eskimo_Aleut";"r2";0,993429485086931;31,8259518259518;62,2053872053872;31,966923683861;19,2472351793976
"Eskimo_Aleut";"r2";0,994386332967722;38,8034188034188;60,1851851851852;38,9026381369769;21,2403636269272
"Eskimo_Aleut";"r2";0,993410567491804;34,4366744366744;61,2962962962963;34,5613130531924;20,2405920976687
"Eskimo_Aleut";"r2";0,991947232469719;39,3006993006993;57,003367003367;39,3828462505957;22,9472738518987
"Eskimo_Aleut";"r2";0,995328579323225;31,3908313908314;66,3804713804714;31,5531963095768;18,232126029877
"Eskimo_Aleut";"r2";0,991575777909355;38,3139083139083;57,9124579124579;38,4048528596092;22,6042554481599
"Eskimo_Aleut";"r2";0,99273194809553;38,5159285159285;56,8350168350168;38,6009358863187;23,1537720051298
"Eskimo_Aleut";"r2";0,996017175908586;34,7474747474747;65,8417508417509;34,8917637316709;18,7913026707592
"Eskimo_Aleut";"r2";0,993526413580283;35,4700854700855;62,8282828282828;35,5970376620029;20,554898800132
"Eskimo_Aleut";"r2";0,992073508250538;35,7964257964258;58,8215488215488;35,9032709148718;21,9229350835258
"Eskimo_Aleut";"r2";0,992206684182211;33,993783993784;60,6734006734007;34,1175873194435;21,0142537643028
"Eskimo_Aleut";"r2";0,993420853293574;37,4436674436674;60,7575757575758;37,5518526330591;20,4121846872872
"Eskimo_Aleut";"r2";0,991751321071145;35,5710955710956;59,1077441077441;35,6803143578086;20,7779613461905
"Eskimo_Aleut";"r2";0,991450488028428;35,1748251748252;60,9259259259259;35,2943198418836;21,1233928430097
"Eskimo_Aleut";"r2";0,9916931574041;38,7334887334887;57,4579124579124;38,8203770106322;21,9421299348187
"Eskimo_Aleut";"r2";0,99343498562747;35,1282051282051;61,3804713804714;35,2500253892365;20,0331198210977
"Eskimo_Aleut";"r2";0,992719474034077;37,8399378399378;54,6127946127946;37,9177701219465;24,6160750499013
"Eskimo_Aleut";"r2";0,99337407791943;36,6511266511267;62,4915824915825;36,771035958971;20,9805376910855
"Eskimo_Aleut";"r2";0,992804405408616;38,1585081585082;54,983164983165;38,2365808119868;23,7418059928773
"Eskimo_Aleut";"r2";0,991468793187845;35,5788655788656;56,3804713804714;35,6753927519589;22,7663026480415
"Eskimo_Aleut";"r2";0,989082382241664;37,6146076146076;56,2962962962963;37,7012975852883;22,6601176065828
"Eskimo_Aleut";"r2";0,99325205326785;38,8189588189588;59,1919191919192;38,9134969181373;22,2142320939376
"Eskimo_Aleut";"r2";0,992221561489814;39,2307692307692;57,4579124579124;39,3153499418001;22,535268152587
"Eskimo_Aleut";"r2";0,990831214165749;36,7909867909868;52,7441077441077;36,8650151944816;25,2921869661352
"Eskimo_Aleut";"r2";0,993227095431399;36,1072261072261;57,2895622895623;36,2055200106244;23,0279553254938
"Eskimo_Aleut";"r2";0,992195546658176;40,6915306915307;54,5286195286195;40,7557399204731;24,4269090076934
"Eskimo_Aleut";"r2";0,99379113586699;34,8251748251748;62,2895622895623;34,9526197786059;19,972637270835
"Eskimo_Aleut";"r2";0,99121295689088;36,1227661227661;56,2121212121212;36,215988188146;23,6089813850732
"Eskimo_Aleut";"r2";0,993666365634476;33,1002331002331;62,8619528619529;33,2383385283617;19,4715477256343
"Eskimo_Aleut";"r2";0,991334153620115;37,031857031857;58,9393939393939;37,1335161358363;22,1194272830091
"Eskimo_Aleut";"r2";0,991825729944637;35,5710955710956;58,6531986531986;35,6782050981587;21,7185462000114
"Eskimo_Aleut";"r2";0,991843910248786;36,9463869463869;58,9393939393939;37,0484426632919;20,7338684487334
"Eskimo_Aleut";"r2";0,99276268042267;34,9028749028749;59,2760942760943;35,0159756888295;21,2754333070581
"Eskimo_Aleut";"r2";0,993934122008805;36,7132867132867;62,0875420875421;36,8310326779004;20,3380087847882
"Eskimo_Aleut";"r2";0,991424818247266;41,9425019425019;54,2760942760943;41,9997343895256;25,3995707103803
"Eskimo_Aleut";"r2";0,990556478903679;36,7443667443667;57,1212121212121;36,8389228714055;22,03752980708
"Eskimo_Aleut";"r2";0,993052460084988;35,7498057498058;59,8484848484849;35,861632566969;21,6557743157984
"Eskimo_Aleut";"r2";0,994602194838881;33,0613830613831;63,6531986531987;33,2033404423196;19,1402291003322
"Eskimo_Aleut";"r2";0,991730222601544;39,2074592074592;55,6060606060606;39,2835548055966;23,1232523059263
"Eskimo_Aleut";"r2";0,992404387317505;36,993006993007;58,5353535353535;37,0929714781223;21,2438075923835
"Eskimo_Aleut";"r2";0,994631223170695;33,053613053613;62,2895622895623;33,1892787113205;18,6198191495754
"Eskimo_Aleut";"r2";0,991535511814856;41,2043512043512;54,3602693602694;41,2653995484622;24,8882598357271
"Eskimo_Aleut";"r2";0,99220770244716;38,1118881118881;58,1986531986532;38,2050981586944;22,5607150926893
"Eskimo_Aleut";"r2";0,991729431000785;33,8539238539239;60,2188552188552;33,9762669229027;20,9331366996521
"Eskimo_Aleut";"r2";0,994402073864654;38,2750582750583;58,989898989899;38,3711828259392;21,2504300416225
"Eskimo_Aleut";"r2";0,993590535080075;30,4662004662005;66,4141414141414;30,6330122571422;17,6293763729752
"Eskimo_Aleut";"r2";0,993978168871631;35,3690753690754;63,5690235690236;35,4999335973814;19,5594466771049
"Eskimo_Aleut";"r2";0,993286004904044;34,4289044289044;62,2895622895623;34,5581882240815;19,6388939180464
"Eskimo_Aleut";"r2";0,994722329585101;37,2494172494172;62,0875420875421;37,3646753693157;20,870541743142
"Eskimo_Aleut";"r2";0,995199532415135;36,5656565656566;63,6531986531987;36,6913528166428;20,1212881383371
"Eskimo_Aleut";"r2";0,989534355714023;37,4825174825175;56,010101010101;37,5684923480747;23,0575579011497
"Eskimo_Aleut";"r2";0,995029444712745;32,2455322455322;64,7643097643098;32,3964314451553;18,1604080616736
"Eskimo_Aleut";"r2";0,995142919235319;34,4522144522145;63,5690235690236;34,5873272555407;19,187130566705
"Eskimo_Aleut";"r2";0,992711990970482;38,7878787878788;56,8855218855219;38,8718585702344;21,361871562167
"Eskimo_Aleut";"r2";0,991640463014638;39,8212898212898;55,3535353535354;39,8933652065903;24,085387091194
"Eskimo_Aleut";"r2";0,995479323917002;34,7163947163947;65,3872053872054;34,8587186638231;19,1920281113725
"Eskimo_Aleut";"r2";0,992594673247551;36,4801864801865;59,1919191919192;36,5855773512386;22,0522984861215
"Eskimo_Aleut";"r2";0,99138373132018;36,1616161616162;60,4713804713805;36,2744224925199;21,1073590695759
"Eskimo_Aleut";"r2";0,992542563951105;34,2968142968143;61,4983164983165;34,4230393650347;20,702187982586
"Eskimo_Aleut";"r2";0,994819332561658;39,4871794871795;61,1784511784512;39,5878350402712;21,842016553613
"Eskimo_Aleut";"r2";0,991720863726912;34,5143745143745;60,6734006734007;34,6357621067598;20,785613735386
"Eskimo_Aleut";"r2";0,993508034330136;38,3294483294483;60,016835016835;38,4300858546798;21,0615156236068
"Eskimo_Aleut";"r2";0,992697736881938;36,1771561771562;60,4713804713805;36,2898903966189;20,6287670109756
"Eskimo_Aleut";"r2";0,992159904157665;35,003885003885;59,4781144781145;35,1174545142063;21,2298187240247
"Eskimo_Aleut";"r2";0,994637364340736;37,5446775446775;59,8148148148148;37,6480192489473;21,3651989807005
"Eskimo_Aleut";"r2";0,992694473266393;40,4273504273504;57,2895622895623;40,5055973501449;23,9616598497092
"Eskimo_Aleut";"r2";0,994661011715686;35,3224553224553;64,023569023569;35,4556391447343;18,980957827825
"Eskimo_Aleut";"r2";0,990550261221357;38,6324786324786;57,1717171717172;38,7185075816166;23,1670646964772
"Eskimo_Aleut";"r2";0,991464009626768;30,7847707847708;63,6868686868687;30,9374487332724;18,9833185440734
"Eskimo_Aleut";"r2";0,992176114988086;35,3768453768454;60,0673400673401;35,4914184380542;21,6063843630147
"Eskimo_Aleut";"r2";0,990903517820454;34,6076146076146;60,2693602693603;34,7266946338872;20,8459336296925
"Eskimo_Aleut";"r2";0,990427293475835;36,3014763014763;56,9191919191919;36,3971501558509;22,3124955652828
"Eskimo_Aleut";"r2";0,993611082034464;37,2105672105672;59,5622895622896;37,3142874999023;21,5925174949285
"Eskimo_Aleut";"r2";0,992919727712646;36,7365967365967;59,5622895622896;36,842516424883;21,1348181954294
"Eskimo_Aleut";"r2";0,994415227763627;36,4102564102564;61,2626262626263;36,5255806323092;20,8583282125781
"Eskimo_Aleut";"r2";0,992423817489053;37,5291375291375;58,1986531986532;37,6250517549822;21,9798248390154
"Eskimo_Aleut";"r2";0,992205719029224;34,6386946386946;61,2121212121212;34,7620052028405;20,8321426436721
"Eskimo_Aleut";"r2";0,991773927985162;34,6076146076146;61,0942760942761;34,7305225495481;20,3350817694448
"Eskimo_Aleut";"r2";0,993041934867787;34,3045843045843;60,7575757575758;34,4273360050622;21,1189870007608
"Eskimo_Aleut";"r2";0,993806088053188;36,5268065268065;60,2693602693603;36,636980790113;21,3078239834291
"Eskimo_Aleut";"r2";0,990358256507657;33,4965034965035;59,6801346801347;33,6180052653371;20,9191889649025
"Eskimo_Aleut";"r2";0,993474477381847;31,6705516705517;65,3030303030303;31,8266188567813;18,6043421774063
"Eskimo_Aleut";"r2";0,993312552951319;36,3092463092463;60,3872053872054;36,4209769778215;20,9103635621629
"Eskimo_Aleut";"r2";0,994300383027945;35,2525252525253;61,5488215488216;35,3745498293062;20,0016417862542
"Eskimo_Aleut";"r2";0,992280880352612;35,5322455322455;58,9057239057239;35,6407071488278;19,9566761040701
"Eskimo_Aleut";"r2";0,991057041721076;36,2237762237762;60,050505050505;36,3343410907216;21,231437374991
"Eskimo_Aleut";"r2";0,993293427716454;38,6790986790987;60,2693602693603;38,7792855078238;21,2357826629938
"Eskimo_Aleut";"r2";0,992300959543608;37,7777777777778;60,1851851851852;37,8817564664432;21,3415654660885
"Eskimo_Aleut";"r2";0,992070968875652;36,013986013986;60,1851851851852;36,1261493512074;21,438840360087
"Eskimo_Aleut";"r2";0,995213907336247;34,4910644910645;64,9326599326599;34,6323247947378;19,3296937219285
"Eskimo_Aleut";"r2";0,993019053020738;36,006216006216;59,3602693602694;36,114587483497;20,9947081641256
"Eskimo_Aleut";"r2";0,994400220323412;36,8376068376068;61,6329966329966;36,9526666510425;19,8619284435766
"Eskimo_Aleut";"r2";0,994618719191489;35,5477855477856;63,6531986531987;35,6782050981587;19,3442184382557
"Eskimo_Aleut";"r2";0,993992100484282;36,3714063714064;61,9191919191919;36,4899575804448;19,8347010449737
"Eskimo_Aleut";"r2";0,993207737942797;36,6122766122766;59,8148148148148;36,7199450030076;21,3051575923899
"Eskimo_Aleut";"r2";0,991912171435633;36,5811965811966;57,9124579124579;36,6801815525713;21,6679534175359
"Eskimo_Aleut";"r2";0,99215028054355;38,3372183372183;57,5084175084175;38,4261798182912;22,0306871170346
"Eskimo_Aleut";"r2";0,993121658666419;32,6884226884227;61,7508417508417;32,8232831017054;19,6186793772673
"Eskimo_Aleut";"r2";0,993757351265904;36,5656565656566;62,2053872053872;36,6846344340544;20,1691420994279
"Eskimo_Aleut";"r2";0,993300046991335;36,2160062160062;60,5555555555556;36,3289507605053;20,6692753568288
"Eskimo_Aleut";"r2";0,990502984262271;37,8710178710179;54,6464646464646;37,9488621716;25,2715038079245
"Eskimo_Aleut";"r2";0,992358206736676;41,0955710955711;53,8215488215488;41,1546243564805;24,5310363351607
"Eskimo_Aleut";"r2";0,992868261948237;36,8142968142968;58,0808080808081;36,912981321334;22,4255022249082
"Eskimo_Aleut";"r2";0,992455864948838;38,3760683760684;57,2558922558923;38,4636777676221;23,0867000833741
"Eskimo_Aleut";"r2";0,993492747570957;36,8376068376068;59,6464646464647;36,9434484051653;21,2027774169501
"Eskimo_Aleut";"r2";0,992219811550173;38,2905982905983;58,0808080808081;38,3824322107385;21,9948641581997
"Eskimo_Aleut";"r2";0,992343762622923;39,8989898989899;57,4242424242424;39,9803135766013;22,9714033256935
"Eskimo_Aleut";"r2";0,993278345282457;38,5936285936286;59,9326599326599;38,6926496207239;21,0922464663284
"Eskimo_Aleut";"r2";0,994973197266358;32,8671328671329;65,2188552188552;33,017256868765;18,528421865022
"Eskimo_Aleut";"r2";0,992724798400141;35,9285159285159;61,5488215488216;36,0474036576125;20,8636970087669
"Eskimo_Aleut";"r2";0,995351919098193;37,4358974358974;61,7171717171717;37,5485715624927;20,3011808507116
"Eskimo_Aleut";"r2";0,99143971775982;37,2571872571873;54,5286195286195;37,3373331145953;22,8671424696271
"Eskimo_Aleut";"r2";0,991331732258801;36,8842268842269;58,2828282828283;36,9835243385127;22,0920441332587
"Eskimo_Aleut";"r2";0,992985827340008;37,6223776223776;57,4579124579125;37,7144218675541;23,132847031951
"Eskimo_Aleut";"r2";0,994838902708726;31,4374514374514;64,3097643097643;31,5899911723578;18,7432012020919
"Eskimo_Aleut";"r2";0,993524191085645;37,7855477855478;57,4579124579124;37,8768348605936;21,9516486434214
"Eskimo_Aleut";"r2";0,992950828623745;36,8764568764569;59,3602693602694;36,9807901130407;21,1806086070533
"Eskimo_Aleut";"r2";0,992700842075977;40,1087801087801;56,7171717171717;40,1858492113712;24,2576504735189
"Eskimo_Aleut";"r2";0,993525714017245;36,4024864024864;60,5555555555556;36,5145656096932;20,6569889147569
"Eskimo_Aleut";"r2";0,99347692978718;34,8795648795649;60,8417508417508;35,0000390603639;20,9152954745246
"Eskimo_Aleut";"r2";0,993763366864869;37,047397047397;61,5488215488216;37,1610927527401;20,450952213713
"Eskimo_Aleut";"r2";0,992093303048762;34,040404040404;61,2962962962963;34,166881498668;20,1693223124779
"Eskimo_Aleut";"r2";0,99346565921286;35,8430458430458;60,4713804713805;35,9573304584906;20,5812749116491
"Eskimo_Aleut";"r2";0,992803151670119;36,7132867132867;61,010101010101;36,826032951323;21,4708842934581
"Eskimo_Aleut";"r2";0,994385180308237;35,990675990676;63,2828282828283;36,117321708969;20,2840032578916
"Eskimo_Aleut";"r2";0,993997831363087;35,6876456876457;59,7306397306397;35,7992141054786;20,5462211676978
"Eskimo_Aleut";"r2";0,99227957340875;37,3115773115773;60,1010101010101;37,4173287398345;21,2729196829325
"Eskimo_Aleut";"r2";0,992564657692766;34,2579642579643;60,3872053872054;34,3792136367542;20,748112546356
"Eskimo_Aleut";"r2";0,993097705427709;36,6511266511267;61,7508417508418;36,767598646949;21,4447222396533
"Eskimo_Aleut";"r2";0,993457899067662;34,3278943278943;60,3030303030303;34,4484286015608;19,5529649781033
"Eskimo_Aleut";"r2";0,993735683384716;34,5998445998446;62,003367003367;34,7270071167983;20,3810183661528
"Eskimo_Aleut";"r2";0,993138920430278;34,5765345765346;63,1986531986532;34,7093518323217;19,2977731782542
"Eskimo_Aleut";"r2";0,987628545033029;38,7257187257187;51,2626262626263;38,7838946307624;25,5290939410496
"Eskimo_Aleut";"r2";0,992727634370235;36,985236985237;58,9057239057239;37,0869561820838;21,0381074239232
"Eskimo_Aleut";"r2";0,994267593413378;35,6565656565657;62,7441077441077;35,7822619075519;19,7601417072921
"Eskimo_Aleut";"r2";0,99035459631544;36,3636363636364;56,7508417508418;36,4582405649691;23,3827900790266
"Eskimo_Aleut";"r2";0,9937153940717;34,2501942501942;63,8552188552189;34,3875725546259;19,1207866552613
"Eskimo_Aleut";"r2";0,992979371082569;37,3892773892774;59,6464646464647;37,4925590006796;21,6523173697263
"Eskimo_Aleut";"r2";0,991768267836002;34,032634032634;60,9259259259259;34,1574288906075;20,7344703072567
"Eskimo_Aleut";"r2";0,990324429235621;35,2214452214452;58,0808080808081;35,327521151187;21,8774391240725
"Eskimo_Aleut";"r2";0,993249411227997;36,6977466977467;61,3804713804714;36,812283703235;21,4694686921818
"Eskimo_Aleut";"r2";0,99106793977944;36,1227661227661;59,4781144781145;36,2311436093339;21,2177063549094
"Eskimo_Aleut";"r2";0,993339560056127;37,2804972804973;59,3602693602694;37,3829556196146;22,0576758417803
"Eskimo_Aleut";"r2";0,993358731258154;34,1103341103341;63,1144781144781;34,244924105713;19,2847269652216
"Eskimo_Aleut";"r2";0,993602837937848;34,5998445998446;61,8350168350168;34,7262259095206;20,0490122497786
"Eskimo_Aleut";"r2";0,989645315611077;36,1072261072261;54,3939393939394;36,1920832454475;23,4426771229389
"Eskimo_Aleut";"r2";0,993738664690418;37,0629370629371;59,4444444444444;37,1667955658675;21,4949499144608
"Eskimo_Aleut";"r2";0,992605278502366;39,5337995337995;56,6329966329966;39,6131461560696;23,0688681376715
"Eskimo_Aleut";"r2";0,992385415289199;38,0885780885781;58,8215488215488;38,1847867694735;21,926048739354
"Eskimo_Aleut";"r2";0,992071034339751;37,3659673659674;59,3602693602694;37,468029092159;21,7431087434341
"Eskimo_Aleut";"r2";0,991531364214856;37,7777777777778;59,1919191919192;37,8771473435047;22,1254047397664
"Eskimo_Aleut";"r2";0,994596349066918;36,8220668220668;62,4579124579125;36,9410266626044;20,4937565026787
"Eskimo_Aleut";"r2";0,992671957290397;36,3714063714064;56,3468013468013;36,4640996195521;22,4808240048636
"Eskimo_Aleut";"r2";0,993205410055964;35,7187257187257;61,4646464646465;35,8381963486372;20,5931170120184
"Eskimo_Aleut";"r2";0,992287941663637;37,1095571095571;58,1986531986532;37,2074183443093;21,9623601367179
"Eskimo_Aleut";"r2";0,992384853832756;34,5143745143745;61,7508417508418;34,6407618333372;20,5481990299623
"Eskimo_Aleut";"r2";0,99368118881819;35,5400155400155;62,6599326599327;35,6658620231706;19,8763606062313
"Eskimo_Aleut";"r2";0,99241417339376;34,1025641025641;60,6397306397306;34,2257064066809;20,019534905497
"Eskimo_Aleut";"r2";0,991595727798698;37,1794871794872;57,8282828282828;37,2753052567438;22,6521605841264
"Eskimo_Aleut";"r2";0,993733759123241;37,1561771561772;60,2693602693603;37,2634309061223;21,4437761330715
"Eskimo_Aleut";"r2";0,994089167292398;36,2393162393162;59,1919191919192;36,3458248377042;21,267092986388
"Eskimo_Aleut";"r2";0,99304519090461;35,1437451437451;63,6531986531987;35,2760395915848;20,0995172087602
"Eskimo_Aleut";"r2";0,991970096484036;32,7195027195027;62,4074074074074;32,8572656182865;20,0428430347967
"Eskimo_Aleut";"r2";0,990285339876981;34,1491841491841;56,7171717171717;34,2539079894068;23,2261203811273
"Eskimo_Aleut";"r2";0,993311964604562;34,9184149184149;60,7575757575758;35,0383182169725;21,1903133744451
"Eskimo_Aleut";"r2";0,992064426331105;38,010878010878;58,4848484848485;38,1058848344231;22,6889066342824
"Eskimo_Aleut";"r2";0,989798062328319;33,8616938616939;58,3164983164983;33,9751732327138;21,9707410895804
"Eskimo_Aleut";"r2";0,991872546170122;36,8919968919969;57,996632996633;36,9899302381901;21,9815837112648
"Eskimo_Aleut";"r2";0,993303244541784;37,3426573426573;57,9124579124579;37,4381088534221;22,290092918242
"Eskimo_Aleut";"r2";0,993458244938661;38,6713286713287;59,8989898989899;38,7698328997633;21,1261707575631
"Eskimo_Aleut";"r2";0,990382001707523;36,9308469308469;57,6599326599327;37,0270375838821;23,5544452499691
"Eskimo_Aleut";"r2";0,991244501164495;34,6697746697747;58,1144781144781;34,7785667971283;20,9123735288644
"Eskimo_Aleut";"r2";0,994349204282861;33,5742035742036;64,3939393939394;33,7172185896084;18,9439778777659
"Eskimo_Aleut";"r2";0,994911907879517;35,8041958041958;60,3030303030303;35,9178794909653;21,0712873105745
"Eskimo_Aleut";"r2";0,994143383798967;34,5066045066045;62,037037037037;34,6343559336599;20,0465046047933
"Eskimo_Aleut";"r2";0,992156347665115;41,4452214452214;52,8787878787879;41,4982774379526;24,3913773092713
"Eskimo_Aleut";"r2";0,991912171435633;36,3325563325563;57,9124579124579;36,4326950869874;22,4204216177272
"Eskimo_Aleut";"r2";0,992332572035619;33,4654234654235;63,3164983164983;33,603943534338;19,437966958472
"Eskimo_Aleut";"r2";0,992099163160452;35,6721056721057;58,9393939393939;35,7800745271743;22,2676251505785
"Eskimo_Aleut";"r2";0,992692775302428;38,4071484071484;57,6262626262626;38,4963322318311;22,3354734831726
"Eskimo_Aleut";"r2";0,99322980104079;33,8306138306138;63,030303030303;33,9661112282922;19,8682545816962
"Eskimo_Aleut";"r2";0,993911676469839;36,993006993007;61,010101010101;37,1044552251049;20,2692512306578
"Eskimo_Aleut";"r2";0,991362963609972;37,7700077700078;56,2626262626263;37,8558203848227;23,5546666706753
"Eskimo_Aleut";"r2";0,994924181719616;34,7474747474747;65,1010101010101;34,8883264196489;18,7919195672603
"Eskimo_Aleut";"r2";0,993090261122565;34,6153846153846;61,3804713804714;34,7395845539697;20,0906102861278
"Eskimo_Aleut";"r2";0,993770384000613;36,4024864024864;60,1010101010101;36,5124563500434;20,3384425039248
"Eskimo_Aleut";"r2";0,993396916488518;36,037296037296;61,8350168350168;36,1570070386776;20,1921521324026
"Eskimo_Aleut";"r2";0,994113409441967;29,7513597513598;64,8484848484848;29,9142234409056;18,2475443086695
"Eskimo_Aleut";"r2";0,994105141915932;35,4545454545455;62,5757575757576;35,5803979469873;19,9725193808465
"Eskimo_Aleut";"r2";0,994211053087055;38,2439782439782;60,2693602693603;38,3461841930519;21,2182341218919
"Eskimo_Aleut";"r2";0,99442000271636;35,8275058275058;61,4646464646465;35,9464716773302;20,3315640601116
"Eskimo_Aleut";"r2";0,992973415398547;37,008547008547;59,1077441077441;37,1110954869656;21,488064759224
"Eskimo_Aleut";"r2";0,995423358213072;32,8593628593629;66,5824915824916;33,0158506956651;18,3283256820698
"Eskimo_Aleut";"r2";0,992284076786283;35,6954156954157;59,7306397306397;35,8069480575281;21,1666828391652
"Eskimo_Aleut";"r2";0,991052801957389;39,6503496503496;53,7373737373737;39,7157186716351;24,1433124599535
"Eskimo_Aleut";"r2";0,993508507504229;34,6853146853147;60,3872053872054;34,8045809994766;20,1242634764838
"Eskimo_Aleut";"r2";0,993963522029633;37,9487179487179;59,1919191919192;38,0472942885936;21,4360976522593
"Eskimo_Aleut";"r2";0,994105861180204;34,4289044289044;63,2323232323232;34,5625629848368;19,9624083914729
"Eskimo_Aleut";"r2";0,992181200719003;35,967365967366;60,5555555555556;36,0814642949214;21,7410830402796
"Eskimo_Aleut";"r2";0,99479722284644;35,9362859362859;61,8350168350168;36,0564656620341;20,0064780954513
"Eskimo_Aleut";"r2";0,99352634979009;39,013209013209;58,5353535353535;39,1037990109916;22,8262035623562
"Eskimo_Aleut";"r2";0,993068191282944;36,5734265734266;60,1851851851852;36,6829938987712;21,0327076514819
"Eskimo_Aleut";"r2";0,993732109398649;35,8974358974359;62,3737373737374;36,0202957650754;20,3506739439177
"Eskimo_Aleut";"r2";0,992498666083625;34,6620046620047;60,4713804713805;34,781769746967;20,9982718319144
"Eskimo_Aleut";"r2";0,992481843819903;34,8174048174048;61,3804713804714;34,9406673072566;20,9925046621237
"Eskimo_Aleut";"r2";0,990249836656719;39,99222999223;53,7878787878788;40,0562469239963;24,6700249380918
"Eskimo_Aleut";"r2";0,993318504436699;36,9075369075369;61,8350168350168;37,0232096682213;20,8632618409467
"Eskimo_Aleut";"r2";0,99331108858891;35,3613053613054;59,4781144781145;35,4732163084831;21,1652442679838
"Eskimo_Aleut";"r2";0,991417782805832;37,2882672882673;59,4781144781145;37,3912364167585;21,1981155418441
"Eskimo_Aleut";"r2";0,993075581252205;31,3442113442113;64,6801346801347;31,4989024037748;18,9072875855122
"Eskimo_Aleut";"r2";0,992129837222556;29,99222999223;63,4006734006734;30,1472575718515;19,2505605280807
"Eskimo_Aleut";"r2";0,994785106867181;32,960372960373;64,8484848484848;33,108345637348;18,8409963331807
"Eskimo_Aleut";"r2";0,993861594915054;36,3480963480963;62,0875420875421;36,4675369315741;20,1995976494023
"Eskimo_Aleut";"r2";0,992040171380018;34,2735042735043;58,9057239057239;34,3878069168092;21,4034157649244
"Eskimo_Aleut";"r2";0,993922066691526;31,9036519036519;63,5690235690236;32,0505909833056;18,9178825838627
"Eskimo_Aleut";"r2";0,99326744163643;34,0559440559441;58,989898989899;34,1716468630622;20,705027776277
"Eskimo_Aleut";"r2";0,993377285460608;36,6278166278166;59,3602693602694;36,7333036474568;21,475645452201
"Eskimo_Aleut";"r2";0,992463428641244;37,0707070707071;56,0942760942761;37,1589834930902;22,3011882827834
"Eskimo_Aleut";"r2";0,991591861176312;35,6099456099456;59,4781144781145;35,720702774067;22,2797746196766
"Eskimo_Aleut";"r2";0,993432997473628;38,018648018648;61,4646464646465;38,1274461552884;20,6532027581714
"Eskimo_Aleut";"r2";0,990018471259595;35,9207459207459;54,2760942760943;36,0059215511652;24,044410813738
"Eskimo_Aleut";"r2";0,993227287848845;35,9285159285159;61,1279461279461;36,0454506394182;20,4373194203575
"Eskimo_Aleut";"r2";0,99244246209641;39,5104895104895;56,9191919191919;39,5912723522932;23,5897657200635
"Eskimo_Aleut";"r2";0,993926161907727;33,7606837606838;63,1986531986532;33,8972868671244;18,8923189825956
"Eskimo_Aleut";"r2";0,994080151628345;34,6076146076146;63,6531986531987;34,7423969001695;19,2492145714078
"Eskimo_Aleut";"r2";0,991223372156691;33,1080031080031;60,6734006734007;33,2359167858008;20,952089625513
"Eskimo_Aleut";"r2";0,993220034646711;32,8515928515929;62,7441077441077;32,9903052176834;19,2109872162571
"Eskimo_Aleut";"r2";0,992630394058495;34,957264957265;62,1212121212121;35,0833157561696;20,9534423182119
"Eskimo_Aleut";"r2";0,991671775314202;36,1072261072261;60,016835016835;36,2181755685236;21,806659952427
"Eskimo_Aleut";"r2";0,990503192105356;31,1577311577312;59,4781144781145;31,2891482497051;21,5314340040277
"Eskimo_Aleut";"r2";0,993172360802513;35,5788655788656;62,2053872053872;35,7024225237682;20,1982474083478
"Eskimo_Aleut";"r2";0,99367447567608;35,3690753690754;61,4646464646465;35,4901685064098;20,0676210631854
"Eskimo_Aleut";"r2";0,990601497391356;35,951825951826;58,0808080808081;36,0545126438398;21,3673782761278
"Eskimo_Aleut";"r2";0,993715123223772;33,3566433566434;63,8552188552189;33,4981680689337;19,1245108140234
"Eskimo_Aleut";"r2";0,992561298487563;37,2727272727273;58,2828282828283;37,3702219409876;21,9012773244962
"Eskimo_Aleut";"r2";0,993688202733757;36,6433566433566;59,8989898989899;36,7512714148445;20,6994448980002
"Eskimo_Aleut";"r2";0,99256126836429;36,7599067599068;60,016835016835;36,8678275406814;21,1313082997236
"Eskimo_Aleut";"r2";0,993948548995651;36,3403263403263;62,7441077441077;36,4628496879077;20,6188806801588
"Eskimo_Aleut";"r2";0,993722067356375;36,8531468531469;61,010101010101;36,9652440882139;20,8118677966417
"Eskimo_Aleut";"r2";0,992839419625718;36,7599067599068;59,6464646464647;36,8661088846704;21,1043303139251
"Eskimo_Aleut";"r2";0,994670297382622;37,3970473970474;61,1784511784512;37,5074019389565;20,1028327797515
"Eskimo_Aleut";"r2";0,990958117611049;36,6122766122766;59,1077441077441;36,7166639324412;21,6177780272565
"Eskimo_Aleut";"r2";0,993608412306105;40,1864801864802;55,3535353535354;40,2568609529166;23,8619431489194
"Eskimo_Aleut";"r2";0,993002373495034;34,6464646464647;61,2962962962963;34,7701297585288;20,4494911897722
"Eskimo_Aleut";"r2";0,991675609589823;39,4794094794095;57,1717171717172;39,5615083550118;22,7662734742879
"Eskimo_Aleut";"r2";0,994235637850385;37,1561771561772;61,6666666666667;37,2699149265274;20,5004528373872
"Eskimo_Aleut";"r2";0,990854803234426;36,6355866355866;53,1649831649832;36,7122891716859;24,2466798946254
"Eskimo_Aleut";"r2";0,99186248916259;34,8329448329448;60,016835016835;34,949807432406;20,9094641264438
"Eskimo_Aleut";"r2";0,993128885600837;35,4778554778555;60,7575757575758;35,5951627645363;20,9621532215227
"Eskimo_Aleut";"r2";0,99371493697459;32,2610722610723;63,4006734006734;32,4055715703048;19,2539321421697
"Eskimo_Aleut";"r2";0,995198431132417;34,2424242424242;64,1919191919192;34,3814010171319;19,2849088257719
"Eskimo_Aleut";"r2";0,991940261835066;36,029526029526;57,7441077441077;36,1302897497793;21,9252353868648
"Eskimo_Aleut";"r2";0,99310184620676;37,1406371406371;59,3939393939394;37,2439007241791;21,4386049429858
"Eskimo_Aleut";"r2";0,993670604537186;38,5003885003885;56,3468013468013;38,5832024811143;23,2847137727794
"Eskimo_Aleut";"r2";0,993780150340611;36,2548562548563;60,016835016835;36,365120657464;20,0613610265854
"Eskimo_Aleut";"r2";0,99261648673496;38,3682983682984;57,996632996633;38,4593811275946;21,3896869276178
"Eskimo_Aleut";"r2";0,991690839372122;35,7731157731158;59,023569023569;35,8810065074566;22,3036662115806
"Eskimo_Aleut";"r2";0,99273753093931;36,1072261072261;58,3670033670034;36,2105197372019;21,3230834533019
"Eskimo_Aleut";"r2";0,993473675777904;34,1880341880342;64,2255892255892;34,3274195942409;19,2031744454389
"Eskimo_Aleut";"r2";0,993396818154852;38,2284382284382;58,2828282828283;38,3214980430758;21,7754560910356
"Eskimo_Aleut";"r2";0,992169029905498;39,6425796425796;58,4511784511785;39,729858523362;23,0316184092124
"Eskimo_Aleut";"r2";0,992203717831472;36,1849261849262;56,2626262626263;36,2780941667253;22,7169290540699
"Eskimo_Aleut";"r2";0,992637815636395;35,4156954156954;60,3872053872054;35,5315724921293;20,8180111396367
"Eskimo_Aleut";"r2";0,99082041487763;38,2284382284382;57,6599326599327;38,3186075761482;23,2617733670579
"Eskimo_Aleut";"r2";0,994012266883562;36,6744366744367;62,5757575757576;36,7946284187584;20,3346662989393
"Eskimo_Aleut";"r2";0,99316092880106;37,1406371406371;57,4579124579124;37,2349168404853;22,1299878209033
"Eskimo_Aleut";"r2";0,993103590304045;37,3970473970474;59,4444444444444;37,4993555039959;20,5391992714689
"Eskimo_Aleut";"r2";0,992358886008865;40,6915306915307;54,4444444444444;40,7553493168342;24,2625446515346
"Eskimo_Aleut";"r2";0,992037771119531;35,1825951825952;59,023569023569;35,2932261516948;21,7543020440539
"Eskimo_Aleut";"r2";0,99335519151804;33,8927738927739;63,3164983164983;34,0293108970603;19,3625052676935
"Eskimo_Aleut";"r2";0,992142344731594;33,1313131313131;60,9259259259259;33,2602904528659;21,3437840810868
"Eskimo_Aleut";"r2";0,993123343628711;37,7311577311577;58,9057239057239;37,8294155788355;21,883267515242
"Eskimo_Aleut";"r2";0,994585499016818;37,5757575757576;59,8148148148148;37,6789550571453;20,1712078030519
"Eskimo_Aleut";"r2";0,992896651051834;30,3263403263403;62,6599326599327;30,4763801979579;19,0251958768019
"Eskimo_Aleut";"r2";0,993298635539742;34,2035742035742;63,030303030303;34,3373409266681;20,0056001788971
"Eskimo_Aleut";"r2";0,991384212684688;35,011655011655;58,1144781144781;35,1188606873062;22,1720204234864
"Eskimo_Aleut";"r2";0,994531793665093;37,2261072261072;60,5218855218855;37,3342082854844;20,4376465211473
"Eskimo_Aleut";"r2";0,992112377840967;32,8749028749029;62,4915824915825;33,0123352629153;19,7669961159508
"Eskimo_Aleut";"r2";0,990084733961303;35,6876456876457;58,030303030303;35,7913239119736;22,5881225617881
"Eskimo_Aleut";"r2";0,994003867078735;37,2882672882673;57,5420875420875;37,3822525330646;21,3854696757017
"Eskimo_Aleut";"r2";0,990966796340569;37,3737373737374;57,7441077441077;37,4682634543423;21,31951245678
"Eskimo_Aleut";"r2";0,994356959905905;35,011655011655;62,1717171717172;35,1376877826994;19,591393130392
"Eskimo_Aleut";"r2";0,995699004439306;35,1903651903652;65,1851851851852;35,3295522901091;19,4096456641998
"Eskimo_Aleut";"r2";0,99294062063844;41,2587412587413;56,8855218855219;41,3312553219746;23,167149023667
"Eskimo_Aleut";"r2";0,993346316828283;38,8344988344988;57,9124579124579;38,9230276469256;21,6098010233891
"Eskimo_Aleut";"r2";0,994622062741789;36,2781662781663;60,8417508417508;36,3921504292734;20,5922985797596
"Eskimo_Aleut";"r2";0,991971200373223;34,0559440559441;59,9326599326599;34,1760216238175;20,6436963039214
"Eskimo_Aleut";"r2";0,993167136581452;36,045066045066;62,3737373737374;36,1672408540158;19,9214930055509
"Eskimo_Aleut";"r2";0,9917798983406;33,5819735819736;60,4713804713805;33,7067504120868;20,8636751044559
"Eskimo_Aleut";"r2";0,994119888750933;36,6977466977467;60,2693602693603;36,807127735202;20,7833774952632
"Eskimo_Aleut";"r2";0,991581865722865;36,2470862470862;60,016835016835;36,3573867054145;20,7178270300894
"Eskimo_Aleut";"r2";0,993642539813429;33,0846930846931;64,9326599326599;33,2324794737788;18,8374922352826
"Eskimo_Aleut";"r2";0,992434247493787;33,4343434343434;62,5757575757576;33,569570414118;20,0461175877631
"Eskimo_Aleut";"r2";0,991171768672726;39,1375291375291;55,9259259259259;39,2154335309788;24,268849191898
"Eskimo_Aleut";"r2";0,993306633058932;39,1452991452991;57,2558922558923;39,2293390205223;22,9179508984967
"Eskimo_Aleut";"r2";0,993625065914384;34,2657342657343;61,6666666666667;34,3928847641145;20,3646242460969
"Eskimo_Aleut";"r2";0,993498498939976;37,6689976689977;61,4646464646465;37,779418313061;20,8943517334078
"Eskimo_Aleut";"r2";0,992994886476178;35,1981351981352;61,3804713804714;35,319630957682;20,6865988346718
"Eskimo_Aleut";"r2";0,992291500416778;37,4048174048174;56,5488215488216;37,4936526908685;22,4769722694382
"Eskimo_Aleut";"r2";0,993021507316341;35,4001554001554;62,2895622895623;35,5249322302687;20,4841676635428
"Eskimo_Aleut";"r2";0,992344028909306;36,7521367521368;57,8282828282828;36,8499378940214;22,6162670872544
"Eskimo_Aleut";"r2";0,992366986692102;33,6674436674437;59,4781144781145;33,7872147616927;20,9762867615235
"Eskimo_Aleut";"r2";0,991615312800859;37,7233877233877;59,5622895622896;37,8247283351692;21,5584419992193
"Eskimo_Aleut";"r2";0,992956001460625;34,6076146076146;62,1212121212121;34,7352879139422;19,7420637616161
"Eskimo_Aleut";"r2";0,994373467855223;34,4832944832945;63,9393939393939;34,6199817197497;18,8768649590979
"Eskimo_Aleut";"r2";0,992374412918077;38,3838383838384;56,7171717171717;38,4689118563829;22,0785663476046
"Eskimo_Aleut";"r2";0,993323431575962;37,4825174825175;59,1919191919192;37,5832571656238;21,2668398849278
"Eskimo_Aleut";"r2";0,992968619989278;37,1173271173271;59,023569023569;37,2189802120197;22,173691291541
"Eskimo_Aleut";"r2";0,993873184048426;36,8764568764569;62,2895622895623;36,9943831196731;21,4928689814444
"Eskimo_Aleut";"r2";0,990322338414631;37,1872571872572;56,8350168350168;37,2784300858547;22,5642225764581
"Eskimo_Aleut";"r2";0,993481552497732;35,8275058275058;62,2053872053872;35,9499089893521;20,8351296998137
"Eskimo_Aleut";"r2";0,99304871134122;36,9153069153069;58,3670033670034;37,0148507503496;22,5771913588622
"Eskimo_Aleut";"r2";0,992756975132581;36,3714063714064;59,1077441077441;36,4769114189068;21,1126434907735
"Eskimo_Aleut";"r2";0,991918161588984;38,6713286713287;57,2558922558923;38,757567945503;22,5520890094205
"Eskimo_Aleut";"r2";0,992715836550758;35,0660450660451;61,4141414141414;35,1883100142961;20,9885216775739
"Eskimo_Aleut";"r2";0,99236578561771;38,3449883449883;58,0808080808081;38,436569875085;21,9736524151436
"Eskimo_Aleut";"r2";0,988343869258099;37,8010878010878;52,9124579124579;37,8712101681939;24,2803666472537
"Eskimo_Aleut";"r2";0,992800570254773;34,6697746697747;61,010101010101;34,7920035623052;20,226192642166
"Eskimo_Aleut";"r2";0,993269818536305;33,6752136752137;62,3737373737374;33,8083854789191;20,1525272106962
"Eskimo_Aleut";"r2";0,994544021325748;33,6596736596737;63,3670033670034;33,7975266977587;19,26283939589
"Eskimo_Aleut";"r2";0,992366016768982;35,6099456099456;59,4781144781145;35,720702774067;21,4447816722783
"Eskimo_Aleut";"r2";0,991262817067581;36,5423465423465;58,6531986531986;36,6449491043459;21,5550057699591
"Eskimo_Aleut";"r2";0,993704637979098;32,4475524475524;63,6531986531987;32,5923582304093;19,1648513912035
"Eskimo_Aleut";"r2";0,99211003234678;37,1794871794872;58,0808080808081;37,2764770676604;21,6269244678606
"Eskimo_Aleut";"r2";0,992731722919522;35,027195027195;60,1010101010101;35,1435468372823;21,5865822296551
"Eskimo_Aleut";"r2";0,993595118479442;35,7187257187257;59,9326599326599;35,8310873624099;21,131473671272
"Eskimo_Aleut";"r2";0,994308020940111;38,3760683760684;59,6464646464647;38,4747709109658;21,1867436479049
"Eskimo_Aleut";"r2";0,991004896144836;39,036519036519;55,5555555555556;39,1131734983243;23,2480578952759
"Eskimo_Aleut";"r2";0,993029296472388;34,9184149184149;61,2962962962963;35,0408180802612;20,3237176109053
"Eskimo_Aleut";"r2";0,993672176760226;38,0963480963481;59,1919191919192;38,194239377534;21,8379864089638
"Eskimo_Aleut";"r2";0,993008690184415;36,3014763014763;60,7575757575758;36,414961681783;21,3349481621827
"Eskimo_Aleut";"r2";0,992064826811273;35,2214452214452;61,2121212121212;35,3420516065528;20,5042082298994
"Eskimo_Aleut";"r2";0,993404887162632;37,9331779331779;58,7037037037037;38,0295608833892;22,0862424271146
"Eskimo_Aleut";"r2";0,993489252172888;38,003108003108;60,8417508417508;38,1090877842618;20,1438631725344
"Eskimo_Aleut";"r2";0,992181984059073;35,7731157731158;60,016835016835;35,8856156303952;20,9286012785223
"Eskimo_Aleut";"r2";0,994842383675843;34,7397047397047;60,5218855218855;34,8593436296453;20,4742654932289
"Eskimo_Aleut";"r2";0,991431560622199;33,8383838383838;60,1851851851852;33,9606427773481;21,2815717352467
"Eskimo_Aleut";"r2";0,9945443844192;36,3714063714064;62,9124579124579;36,4945667033834;19,4248821531796
"Eskimo_Aleut";"r2";0,99270794838554;34,8640248640249;58,3670033670034;34,9730874092823;20,659356246085
"Eskimo_Aleut";"r2";0,990396220658905;36,9463869463869;56,4646464646465;37,0369589163093;24,3328497538558
"Eskimo_Aleut";"r2";0,992115297390257;37,024087024087;60,4713804713805;37,1328911700141;21,7828981011204
"Eskimo_Aleut";"r2";0,993336114125459;37,1095571095571;58,6195286195286;37,2093713625036;22,0880124851404
"Eskimo_Aleut";"r2";0,992582409331479;31,041181041181;63,5690235690236;31,1921223058114;19,4643820618953
"Eskimo_Aleut";"r2";0,994014762244769;40,5672105672106;57,3400673400673;40,6450428492192;22,7021754624978
"Eskimo_Aleut";"r2";0,993630439431311;39,0675990675991;57,9124579124579;39,1550462084105;21,8816411046598
"Eskimo_Aleut";"r2";0,99288683059698;38,6557886557887;57,3737373737374;38,7426468864984;22,5597814582644
"Eskimo_Aleut";"r2";0,992078007665117;35,4079254079254;59,5622895622896;35,520010624419;20,7669670551879
"Eskimo_Aleut";"r2";0,990727520865137;37,5602175602176;55,3535353535354;37,6427851601866;22,9574818866519
"Eskimo_Aleut";"r2";0,992557717704673;34,2268842268842;63,3164983164983;34,3618708351887;19,6705286754467
"Eskimo_Aleut";"r2";0,993903154468284;35,6487956487956;61,3804713804714;35,7682001765528;19,9703305459246
"Eskimo_Aleut";"r2";0,991533129539418;35,4467754467754;55,2693602693603;35,5387595990844;23,3756039730044
"Eskimo_Aleut";"r2";0,993590273186069;36,037296037296;61,010101010101;36,1531791230167;20,9063988367766
"Eskimo_Aleut";"r2";0,993178907969942;34,2657342657343;60,6734006734007;34,3882756411759;19,5058886173335
"Eskimo_Aleut";"r2";0,993031745557059;37,6534576534577;59,1919191919192;37,7534041107127;21,3138810616051
"Eskimo_Aleut";"r2";0,993007639980852;40,5749805749806;57,1717171717172;40,651995593991;23,1395706659179
"Eskimo_Aleut";"r2";0,988471504973531;40,6915306915307;52,8787878787879;40,7480840891514;25,8527655473773
"Eskimo_Aleut";"r2";0,992291541478422;35,5011655011655;60,6734006734007;35,6179740170459;20,7183171259611
"Eskimo_Aleut";"r2";0,990983454434583;39,4327894327894;55,8922558922559;39,5091674674041;23,0443726316919
"Eskimo_Aleut";"r2";0,992458196178855;33,1546231546232;64,6801346801347;33,3009132313077;19,0722978631017
"Eskimo_Aleut";"r2";0,993219714977153;30,955710955711;64,6801346801347;31,1122048012999;18,7699975899171
"Eskimo_Aleut";"r2";0,994146084255874;32,9137529137529;64,8484848484848;33,061941925051;18,8880790732648
"Eskimo_Aleut";"r2";0,991264495564648;34,1025641025641;57,7441077441077;34,212269641504;22,8871014429864
"Eskimo_Aleut";"r2";0,989375187078956;38,003108003108;52,6262626262626;38,0709648691087;25,8844321618813
"Eskimo_Aleut";"r2";0,992657257518179;36,8220668220668;59,1077441077441;36,9254806377776;21,3202858686479
"Eskimo_Aleut";"r2";0,993556899083491;35,8197358197358;57,3737373737374;35,9197543884319;21,4503666020771
"Eskimo_Aleut";"r2";0,99532200162101;33,5975135975136;65,2188552188552;33,7442483614177;18,872405100325
"Eskimo_Aleut";"r2";0,994698055970766;35,4545454545455;62,0875420875421;35,5781324458819;19,9797894577644
"Eskimo_Aleut";"r2";0,993472944478832;33,3411033411033;62,8619528619529;33,4780910418961;19,649850806807
"Eskimo_Aleut";"r2";0,994593449310212;33,7995337995338;63,5690235690236;33,9376752833829;18,6766727447742
"Eskimo_Aleut";"r2";0,992676359579132;37,1950271950272;58,4511784511785;37,2936636277704;21,8784967193116
"Eskimo_Aleut";"r2";0,995018119819894;32,7661227661228;61,4646464646465;32,8992945698282;18,615052418358
"Eskimo_Aleut";"r2";0,994189809326772;37,9254079254079;60,5555555555556;38,0304202113947;20,4392131418634
"Eskimo_Aleut";"r2";0,989106899928893;34,8484848484849;58,6531986531986;34,9589475575554;21,3967312346535
"Eskimo_Aleut";"r2";0,993213462090049;35,4545454545455;61,3804713804714;35,5748513753154;20,5271536748457
"Eskimo_Aleut";"r2";0,993713804201695;37,4980574980575;59,4444444444444;37,5998968806393;20,998667500111
"Eskimo_Aleut";"r2";0,993513543342911;38,2362082362082;59,6464646464647;38,3355597740749;21,9329245441199
"Eskimo_Aleut";"r2";0,992831114285556;33,2012432012432;62,5757575757576;33,3375518526331;19,2105447726826
"Eskimo_Aleut";"r2";0,992748459033855;34,8096348096348;61,4646464646465;34,933323958846;20,4422240728831
"Eskimo_Aleut";"r2";0,993132536979055;35,2136752136752;59,6464646464647;35,3270524268204;20,8250153854089
"Eskimo_Aleut";"r2";0,994620566932761;30,3263403263403;66,1279461279461;30,4924730678791;17,8676404470157
"Eskimo_Aleut";"r2";0,989140649311824;37,9254079254079;54,8989898989899;38,0041716468631;23,9876986642464
"Eskimo_Aleut";"r2";0,993289765437283;36,5889665889666;60,7575757575758;36,7011179076144;20,6989515864167
"Eskimo_Aleut";"r2";0,993771912684508;36,4335664335664;62,0875420875421;36,5526104041185;20,5500005932387
"Eskimo_Aleut";"r2";0,993678949059652;38,4304584304584;58,989898989899;38,5258618669292;21,2064810111971
"Eskimo_Aleut";"r2";0,993240801938855;33,7917637917638;62,0875420875421;33,9230667072894;20,0292902070849
"Eskimo_Aleut";"r2";0,993493850671211;36,2237762237762;59,5286195286195;36,3319193481607;21,6307301073378
"Eskimo_Aleut";"r2";0,992312000652858;33,3877233877234;61,7508417508418;33,5193387861601;20,5684601831062
"Eskimo_Aleut";"r2";0,992755519929501;34,1491841491841;62,1212121212121;34,2789847430219;20,8710308027838
"Eskimo_Aleut";"r2";0,989495502459915;36,7443667443667;57,2053872053872;36,8393134750443;23,5340611966844
"Eskimo_Aleut";"r2";0,993649202103296;35,027195027195;59,1077441077441;35,1389377143437;20,6246479931345
"Eskimo_Aleut";"r2";0,99220492286434;34,6464646464647;59,8148148148148;34,7632551344848;20,4075352123067
"Eskimo_Aleut";"r2";0,99270823549366;39,1919191919192;57,5420875420875;39,2770707851914;22,3272027909219
"Eskimo_Aleut";"r2";0,992389358158327;33,1701631701632;60,2188552188552;33,2956791425469;20,4327522986784
"Eskimo_Aleut";"r2";0,992485348647588;33,030303030303;61,4983164983165;33,1624051809667;20,0531248642554
"Eskimo_Aleut";"r2";0,993287282031906;39,1763791763792;57,6262626262626;39,2619934847313;22,0172017603198
"Eskimo_Aleut";"r2";0,989437450580033;32,8826728826729;59,3939393939394;33,0056950010546;20,5128442329316
"Eskimo_Aleut";"r2";0,99423062944622;31,4063714063714;64,3939393939394;31,5594459677986;18,8109650767555
"Eskimo_Aleut";"r2";0,992267796118106;37,0940170940171;59,8148148148148;37,1994500300765;21,1814574301419
"Eskimo_Aleut";"r2";0,993851917108477;37,2416472416472;61,8350168350168;37,3557696063496;20,8560602004899
"Eskimo_Aleut";"r2";0,992112395831951;35,4001554001554;59,3097643097643;35,5111048614529;21,556920365448
"Eskimo_Aleut";"r2";0,992246064501352;35,6721056721057;59,7643097643098;35,7839024428352;21,8030597146367
"Eskimo_Aleut";"r2";0,992941027114982;35,8508158508158;59,8989898989899;35,9624083057958;21,2299464728926
"Eskimo_Aleut";"r2";0,991735373056545;39,1996891996892;56,4646464646465;39,2798050106635;24,1948797274197
"Eskimo_Aleut";"r2";0,994211693323863;36,1616161616162;60,7239057239057;36,2755943034365;20,4828682124377
"Eskimo_Aleut";"r2";0,994193634981448;36,3247863247863;63,030303030303;36,4487098361808;20,2263275426092
"Eskimo_Aleut";"r2";0,992849584041417;35,6487956487956;57,2895622895623;35,7492168397041;22,0564186036619
"Eskimo_Aleut";"r2";0,994569785595338;32,8904428904429;65,3872053872054;33,0412399321912;19,0204269219443
"Eskimo_Aleut";"r2";0,990672624889606;36,1227661227661;57,8282828282828;36,2234877780121;22,1006179152976
"Eskimo_Aleut";"r2";0,991711965322722;39,8989898989899;53,7878787878788;39,9634394994024;24,6201080022406
"Eskimo_Aleut";"r2";0,992545237818626;34,5143745143745;62,4915824915825;34,6441991453592;20,0640730117385
"Eskimo_Aleut";"r2";0,993666024917138;35,3768453768454;61,8350168350168;35,4996211144703;20,0492576051877
"Eskimo_Aleut";"r2";0,99239141785737;33,2634032634033;62,7777777777778;33,4003609177623;20,0395526998279
"Eskimo_Aleut";"r2";0,994102543261157;35,1903651903652;60,4713804713805;35,3076784863328;20,7023274246791
"Eskimo_Aleut";"r2";0,990587064599252;35,1748251748252;58,8552188552189;35,2847109923676;21,392375381909
"Eskimo_Aleut";"r2";0,993770796234392;35,6099456099456;61,8350168350168;35,7316396759552;20,6632856383166
"Eskimo_Aleut";"r2";0,991549009384021;35,4467754467754;57,2895622895623;35,5481340864172;20,7765891636976
"Eskimo_Aleut";"r2";0,990100177018676;36,9153069153069;55,5892255892256;37,0019608302671;24,4355722377885
"Eskimo_Aleut";"r2";0,992631253832305;36,0683760683761;58,8215488215488;36,1739592366042;21,7546114932779
"Eskimo_Aleut";"r2";0,992641351722962;38,003108003108;59,2760942760943;38,1018225565789;21,1924967857819
"Eskimo_Aleut";"r2";0,993691341880488;35,6721056721057;61,010101010101;35,7896833766903;20,2271649963515
"Eskimo_Aleut";"r2";0,99322376644475;36,1072261072261;60,2693602693603;36,2193473794402;20,5464723761181
"Eskimo_Aleut";"r2";0,993454083753297;37,2960372960373;57,7441077441077;37,3909239338474;21,7007696172313
"Eskimo_Aleut";"r2";0,994399877864734;39,5027195027195;59,5622895622896;39,595803354504;21,177730011132
"Eskimo_Aleut";"r2";0,990636699397495;35,3457653457653;59,4781144781145;35,4577484043841;21,4806497625097
"Eskimo_Aleut";"r2";0,995127987389701;35,2447552447552;64,2760942760943;35,3794714351559;19,4163016453326
"Eskimo_Aleut";"r2";0,993867112464197;36,993006993007;59,1919191919192;37,0960181865054;20,8699687860465
"Eskimo_Aleut";"r2";0,992695566745333;35,1981351981352;61,8350168350168;35,3217402173319;19,8287962114205
"Eskimo_Aleut";"r2";0,991041734009934;37,2027972027972;57,9461279461279;37,2990539579867;22,0477540367998
"Eskimo_Aleut";"r2";0,994222259800867;35,8896658896659;61,1784511784512;36,007015241354;20,8423420907683
"Eskimo_Aleut";"r2";0,988133787671731;35,0660450660451;55,6397306397306;35,1615146046701;22,4878291461368
"Eskimo_Aleut";"r2";0,993962303549192;34,6775446775447;64,4781144781145;34,8158303842759;19,3275088421765
"Eskimo_Aleut";"r2";0,993863525136175;38,3216783216783;60,1010101010101;38,4227425062692;21,1294516255661
"Eskimo_Aleut";"r2";0,995108935303433;35,5322455322455;61,3804713804714;35,6521908958104;19,5394724583241
"Eskimo_Aleut";"r2";0,994414264651375;34,4133644133644;61,9191919191919;34,5410016639715;20,1493525521671
"Eskimo_Aleut";"r2";0,992000657417812;37,4747474747475;58,1986531986532;37,5709140906357;21,5918566396602
"Eskimo_Aleut";"r2";0,994633921748214;35,1825951825952;61,7171717171717;35,3057254681385;20,147804434316
"Eskimo_Aleut";"r2";0,989327560865262;36,5345765345765;56,2626262626263;36,6261220089526;22,8292373767413
"Eskimo_Aleut";"r2";0,993171165156292;34,8795648795649;60,8417508417508;35,0000390603639;20,6436587100617
"Eskimo_Aleut";"r2";0,992411855416359;38,0574980574981;58,5353535353535;38,1525229089034;22,0676293249111
"Eskimo_Aleut";"r2";0,992216303675824;37,6379176379176;57,0875420875421;37,7281711156421;22,1760075075474
"Eskimo_Aleut";"r2";0,993997577567669;36,6977466977467;60,016835016835;36,8059559242854;21,4207814996508
"Eskimo_Aleut";"r2";0,993250913922767;39,1064491064491;59,8148148148148;39,2025436108963;22,1318806279188
"Eskimo_Aleut";"r2";0,992472577506724;38,9432789432789;58,4511784511785;39,0338028389072;23,4804665641125
"Eskimo_Aleut";"r2";0,992131664749891;37,0862470862471;58,6531986531987;37,1863257478107;21,5390978659448
"Eskimo_Aleut";"r2";0,993460158909223;39,1530691530692;57,7441077441077;39,2393384736772;22,9044848985221
"Eskimo_Aleut";"r2";0,990698909480919;39,99222999223;55,2693602693603;40,0631215480403;24,0547445336077
"Eskimo_Aleut";"r2";0,995021514917789;36,3092463092463;62,003367003367;36,4284765676877;20,3372264864228
"Eskimo_Aleut";"r2";0,992381692088161;35,4545454545455;60,5555555555556;35,5710234596545;20,5449304239661
"Eskimo_Aleut";"r2";0,989184842630616;36,0994560994561;56,3804713804714;36,1935675392752;21,8441234458063
"Eskimo_Aleut";"r2";0,993625284331821;35,3535353535354;61,010101010101;35,4725913426609;20,1279560362406
"Eskimo_Aleut";"r2";0,992425874635541;37,1950271950272;61,2121212121212;37,3064754271251;21,4793947518614
"Eskimo_Aleut";"r2";0,993313342300381;34,4910644910645;60,4713804713805;34,611622801878;20,0263512866998
"Eskimo_Aleut";"r2";0,99180784529874;41,0567210567211;55,0673400673401;41,1217355300882;24,8265605032489
"Eskimo_Aleut";"r2";0,99406297344362;33,8616938616939;61,8350168350168;33,9915004648183;19,1683186308534
"Eskimo_Aleut";"r2";0,992814668231186;33,8461538461538;61,010101010101;33,9722046450585;20,222070154888
"Eskimo_Aleut";"r2";0,992630422976913;36,1693861693862;58,8215488215488;36,2745006132477;20,1546942076999
"Eskimo_Aleut";"r2";0,993483167194023;33,8306138306138;64,023569023569;33,9707203512308;19,4971079255003
"Eskimo_Aleut";"r2";0,99219277681607;39,6348096348096;56,0606060606061;39,7110314279688;22,5877478878428
"Eskimo_Aleut";"r2";0,992956812146296;33,7606837606838;62,003367003367;33,8917402954526;20,1822072468951
"Eskimo_Aleut";"r2";0,99387397959758;33,6829836829837;64,4781144781145;33,8258845219402;19,1887276400088
"Eskimo_Aleut";"r2";0,992610564238177;37,4902874902875;56,1784511784512;37,5770075074019;22,6525322043465
"Eskimo_Aleut";"r2";0,990950623103326;37,1095571095571;56,010101010101;37,1972626496988;24,0826981664827
"Eskimo_Aleut";"r2";0,99317747669544;34,4289044289044;61,4646464646465;34,5543603084206;20,3882458026416
"Eskimo_Aleut";"r2";0,991527056800065;35,1592851592852;58,4848484848485;35,2675244322576;21,6694872379021
"Eskimo_Aleut";"r2";0,990782386662063;34,4055944055944;59,8484848484849;34,523658862406;20,6302493155501
"Eskimo_Aleut";"r2";0,992831513452554;34,7785547785548;60,6734006734007;34,8987164764427;21,2302720142312
"Eskimo_Aleut";"r2";0,993341460907284;38,6713286713287;57,6262626262626;38,759286601514;21,6703209113834
"Eskimo_Aleut";"r2";0,993478800417815;38,8344988344988;57,1717171717172;38,9195903349036;21,7002367021556
"Eskimo_Aleut";"r2";0,994251968695394;38,5314685314685;59,8148148148148;38,6302311592335;21,5835023879964
"Eskimo_Aleut";"r2";0,992359211854147;35,8508158508158;61,4646464646465;35,9696735334786;20,8372083097081
"Eskimo_Aleut";"r2";0,993231590809822;35,8741258741259;59,9326599326599;35,9857664033998;19,9411951170168
"Eskimo_Aleut";"r2";0,993756669445108;35,0815850815851;63,7373737373737;35,2145585788277;19,0665343327018
"Eskimo_Aleut";"r2";0,99372010920034;35,6798756798757;59,7306397306397;35,7914801534291;20,9543086408499
"Eskimo_Aleut";"r2";0,989975251065488;37,6068376068376;55,8080808080808;37,6912981321334;23,9068810097787
"Eskimo_Aleut";"r2";0,993168936142726;39,5104895104895;58,4511784511785;39,5983813385206;22,6199747934093
"Eskimo_Aleut";"r2";0,993038192991171;38,049728049728;58,9057239057239;38,1465076128649;21,0599654710146
"Eskimo_Aleut";"r2";0,991472693887491;35,9207459207459;58,2828282828283;36,0245142843751;21,55533647497
"Eskimo_Aleut";"r2";0,991704008650711;36,0761460761461;56,5488215488216;36,1711468904044;22,8707354301317
"Eskimo_Aleut";"r2";0,992299365544053;40,1320901320901;56,4646464646465;40,2078792566032;24,0976668201427
"Eskimo_Aleut";"r2";0,992456199566843;37,8554778554779;58,9057239057239;37,9531588116275;21,917511478643
"Eskimo_Aleut";"r2";0,990933325882149;32,7894327894328;58,7710437710438;32,9099971095331;20,9171073892323
"Eskimo_Aleut";"r2";0,992152861806157;36,985236985237;58,8215488215488;37,0865655784449;21,0468581813307
"Eskimo_Aleut";"r2";0,991888494100959;37,7466977466977;57,1717171717172;37,8368370479739;22,4525261065785
"Eskimo_Aleut";"r2";0,992817546212831;32,8826728826729;62,3737373737374;33,0195223698704;19,577594102662
"Eskimo_Aleut";"r2";0,994223249614229;33,4965034965035;62,5757575757576;33,631442030514;19,254883195969
"Eskimo_Aleut";"r2";0,994904437630538;32,8360528360528;64,3939393939394;32,9824931449061;19,2564089971629
"Eskimo_Aleut";"r2";0,992472170269774;35,019425019425;58,0808080808081;35,1264383979001;22,0346445205011
"Eskimo_Aleut";"r2";0,993759800027112;33,6363636363636;61,3804713804714;33,765106595733;20,1308901141966
"Eskimo_Aleut";"r2";0,993899107396802;35,6254856254856;62,0875420875421;35,7482793909708;20,0562216803283
"Eskimo_Aleut";"r2";0,9934457852695;37,987567987568;58,3670033670034;38,0821361331802;21,7454460573169
"Eskimo_Aleut";"r2";0,99320759442009;36,6744366744367;60,9259259259259;36,7869725874366;21,3463441297999
"Eskimo_Aleut";"r2";0,991519262812632;34,2035742035742;61,4646464646465;34,3300756989852;19,8242125877238
"Eskimo_Aleut";"r2";0,993029578849379;35,9129759129759;61,3468013468013;36,0309983047802;20,675700364599
"Eskimo_Aleut";"r2";0,994602290374588;37,024087024087;60,1851851851852;37,131563117642;21,107108910986
"Eskimo_Aleut";"r2";0,994793889704199;33,2711732711733;65,6734006734007;33,4215316349887;18,6470224372529
"Eskimo_Aleut";"r2";0,994070353072873;38,8966588966589;58,7373737373737;38,9887271789824;21,2527315918397
"Eskimo_Aleut";"r2";0,99354982712274;31,3675213675214;64,0572390572391;31,5192137929957;19,5050679284904
"Eskimo_Aleut";"r2";0,990995728983317;37,7000777000777;55,5555555555556;37,7829337458108;23,2276017427012
"Eskimo_Aleut";"r2";0,993893344059921;35,1981351981352;63,3670033670034;35,3288492035592;19,6113718260741
"Eskimo_Aleut";"r2";0,993048392939962;37,0784770784771;59,2760942760943;37,1814822626888;21,5434872832503
"Eskimo_Aleut";"r2";0,990875499561082;40,1398601398601;54,983164983165;40,2087385846087;23,9552680625479
"Eskimo_Aleut";"r2";0,992854950069773;37,4358974358974;59,3602693602694;37,5376346606045;21,4300721742005
"Eskimo_Aleut";"r2";0,992552654635291;36,1227661227661;59,8484848484849;36,2328622653449;22,0994893077858
"Eskimo_Aleut";"r2";0,99352562513515;36,1693861693862;62,2895622895623;36,2905934831689;20,9041191052733
"Eskimo_Aleut";"r2";0,993843285509342;37,2261072261072;59,023569023569;37,3272555407126;21,439704139625
"Eskimo_Aleut";"r2";0,991907739594879;37,2027972027972;52,5420875420875;37,2739772043716;24,7828902240569
"Eskimo_Aleut";"r2";0,991703606734037;37,4514374514374;58,8215488215488;37,5506027014148;20,8361999099463
"Eskimo_Aleut";"r2";0,993504344289538;35,1515151515151;61,9191919191919;35,2757271086737;20,004211898664
"Eskimo_Aleut";"r2";0,994291245459718;34,1103341103341;64,9326599326599;34,2533611443124;19,0617840077586
"Eskimo_Aleut";"r2";0,992752234909468;34,3278943278943;62,5757575757576;34,4589748998102;19,599313471372
"Eskimo_Aleut";"r2";0,994432197397069;35,6254856254856;63,5690235690236;35,7551540150148;19,9478208105407
"Eskimo_Aleut";"r2";0,993736175558925;36,3869463869464;61,5488215488216;36,5037068285328;20,0706804601261
"Eskimo_Aleut";"r2";0,993568390904172;37,3348873348873;60,5555555555556;37,4426398556329;21,2568365687727
"Eskimo_Aleut";"r2";0,992414069082432;36,2082362082362;61,3804713804714;36,3250447241167;20,6619342524877
"Eskimo_Aleut";"r2";0,994833531728305;37,0551670551671;60,3535353535353;37,1632801331177;20,8053736525357
"Eskimo_Aleut";"r2";0,994713124560056;38,2362082362082;59,8989898989899;38,3367315849914;20,9174781549402
"Eskimo_Aleut";"r2";0,991653771391365;38,4693084693085;57,2558922558923;38,5564851922161;23,2139175050535
"Eskimo_Aleut";"r2";0,992141575737204;39,96891996892;57,1717171717172;40,0487473341302;22,4754570052532
"Eskimo_Aleut";"r2";0,993856983255462;34,996114996115;60,5555555555556;35,1147202887342;20,4352539219543
"Eskimo_Aleut";"r2";0,993042895282765;32,2843822843823;65,1346801346801;32,4368198614138;18,6566203756277
"Eskimo_Aleut";"r2";0,991178169142037;37,4902874902875;57,003367003367;37,5808354230628;22,9406557915113
"Eskimo_Aleut";"r2";0,991994195660428;37,987567987568;56,9191919191919;38,0754177505918;21,875523123975
"Eskimo_Aleut";"r2";0,99389402003322;38,0963480963481;59,4781144781145;38,1955674299062;21,1447010088605
"Eskimo_Aleut";"r2";0,993008289543512;37,979797979798;59,023569023569;38,0774488895139;22,5138153184625
"Eskimo_Aleut";"r2";0,994925593308485;29,1530691530692;67,2053872053872;29,3296460349825;18,0676635673967
"Eskimo_Aleut";"r2";0,993234042277506;38,2750582750583;57,996632996633;38,3665737030006;21,9199726085135
"Eskimo_Aleut";"r2";0,99334036463435;36,4335664335664;61,8350168350168;36,5514385932019;19,7853260888527
"Eskimo_Aleut";"r2";0,993012864643397;36,045066045066;60,8417508417508;36,1601318677885;20,5896692245479
"Eskimo_Aleut";"r2";0,992799509276654;38,7257187257187;57,003367003367;38,8105337989329;22,0671157122017
"Eskimo_Aleut";"r2";0,987746329237313;36,961926961927;54,4444444444444;37,0430523330755;23,7112104439703
"Eskimo_Aleut";"r2";0,993164250270839;33,8850038850039;62,8282828282828;34,0193114439054;19,2947510605579
"Eskimo_Aleut";"r2";0,99130866846172;34,957264957265;61,2121212121212;35,0790972368699;21,1000212681285
"Eskimo_Aleut";"r2";0,991548979581792;38,4459984459984;57,8282828282828;38,5359394408118;22,8864888317422
"Eskimo_Aleut";"r2";0,99453341936143;37,0784770784771;60,9259259259259;37,1891380940105;20,2998041293329
"Eskimo_Aleut";"r2";0,9934235467156;38,1662781662782;56,1784511784512;38,2498613357082;22,6879562095213
"Eskimo_Aleut";"r2";0,994533949796942;36,1926961926962;61,1784511784512;36,3086393712844;20,6769554624199
"Eskimo_Aleut";"r2";0,995023060404905;36,6433566433566;61,9191919191919;36,7606459021772;20,4053728360678
"Eskimo_Aleut";"r2";0,994292955435384;36,4879564879565;61,6666666666667;36,6047950502707;20,689013052391
"Eskimo_Aleut";"r2";0,99252006269413;36,6278166278166;56,1784511784512;36,7185388299077;22,7608837201871
"Eskimo_Aleut";"r2";0,991574412850827;36,8142968142968;58,6531986531986;36,9156374260783;22,1737216122113
"Eskimo_Aleut";"r2";0,991242913069327;34,032634032634;61,4983164983165;34,1600849953518;20,356201922618
"Eskimo_Aleut";"r2";0,990893914748437;38,026418026418;58,2828282828283;38,1204152897888;22,6482384295936
"Eskimo_Aleut";"r2";0,992684006216639;34,4832944832945;62,3737373737374;34,6127164920668;19,3233675485744
"Eskimo_Aleut";"r2";0,992965806625778;35,7575757575758;60,016835016835;35,8701477262962;20,8110428331702
"Eskimo_Aleut";"r2";0,993048700857969;31,2975912975913;64,9326599326599;31,4536705023944;19,5349848862484
"Eskimo_Aleut";"r2";0,988781167765019;37,6146076146076;52,9124579124579;37,685595319006;24,1859309943656
"Eskimo_Aleut";"r2";0,989781444345645;36,1926961926962;56,010101010101;36,2846563078582;23,3623224104114
"Eskimo_Aleut";"r2";0,992544369641226;37,3581973581974;58,4511784511785;37,4560766208098;22,2486690562801
"Eskimo_Aleut";"r2";0,991858032718982;40,2253302253302;54,2424242424242;40,2903747451311;24,4434142837422
"Eskimo_Aleut";"r2";0,992938035746748;35,2369852369852;58,7373737373737;35,3460357636692;21,5932583325898
"Eskimo_Aleut";"r2";0,993410731780289;36,5656565656566;59,8989898989899;36,6739318943495;21,5826487055661
"Eskimo_Aleut";"r2";0,992897901593406;38,1585081585082;58,3670033670034;38,2522830782692;22,7396474888706
"Eskimo_Aleut";"r2";0,990506867737446;36,6200466200466;57,996632996633;36,7192419164577;22,3111951968284
"Eskimo_Aleut";"r2";0,993503934714331;35,5788655788656;62,2895622895623;35,7028131274071;20,0887153192391
"Eskimo_Aleut";"r2";0,993499873151015;36,6278166278166;60,6397306397306;36,7392408227675;21,3215838978772
"Eskimo_Aleut";"r2";0,993475724576988;33,7373737373737;62,946127946128;33,8729132000594;19,8773924722095
"Eskimo_Aleut";"r2";0,992000965335973;34,3278943278943;62,2895622895623;34,457646847438;20,0929571905647
"Eskimo_Aleut";"r2";0,991615079728244;35,5944055944056;57,4579124579124;35,6958603826353;22,9997950937639
"Eskimo_Aleut";"r2";0,995089859791345;35,1981351981352;60,1851851851852;35,3140843860101;20,4367947921945
"Eskimo_Aleut";"r2";0,989907918560493;37,6146076146076;52,6262626262626;37,6842672666339;24,439064044168
"Eskimo_Aleut";"r2";0,991185285815906;37,5835275835276;56,7171717171717;37,6723147952846;23,1259253852404
"Eskimo_Aleut";"r2";0,993681060687936;33,8383838383838;63,8552188552189;33,9776730960026;19,0904422930522
"Eskimo_Aleut";"r2";0,993717843364302;36,5268065268065;62,2053872053872;36,6459646738069;20,2426739436668
"Eskimo_Aleut";"r2";0,992200864723089;38,7567987567988;58,6531986531987;38,8491254384526;22,4283143814387
"Eskimo_Aleut";"r2";0,99110657921367;36,8065268065268;56,2626262626263;36,896810330685;22,7590239832907
"Eskimo_Aleut";"r2";0,9927062727612;35,4856254856255;59,6464646464647;35,5977407485528;20,5523449934575
"Eskimo_Aleut";"r2";0,991159637415497;38,5547785547786;57,2895622895623;38,6417149062161;22,9824862416363
"Eskimo_Aleut";"r2";0,990898031200652;33,5275835275835;58,4848484848485;33,6433945018632;21,5192569619878
"Eskimo_Aleut";"r2";0,993539345654647;36,8764568764569;61,8350168350168;36,9922738600233;20,6673398233954
"Eskimo_Aleut";"r2";0,992408039427552;32,5951825951826;62,7441077441077;32,73508480005;19,339728410236
"Eskimo_Aleut";"r2";0,992471681585924;37,964257964258;56,1784511784512;38,0487785824213;23,1212054440953
"Eskimo_Aleut";"r2";0,994747490349881;35,7731157731158;62,2053872053872;35,8957713250057;19,5132911631843
"Eskimo_Aleut";"r2";0,992060902607271;37,016317016317;56,8013468013468;37,1081268993102;23,8187045667488
"Eskimo_Aleut";"r2";0,993964625080747;34,3356643356643;60,1010101010101;34,4552251048771;20,2245510539434
"Eskimo_Aleut";"r2";0,994221782073424;35,2836052836053;60,4377104377104;35,4003296694712;20,5857457557246
"Eskimo_Aleut";"r2";0,989932347927687;36,3170163170163;56,1784511784512;36,4091807479278;23,7318043397158
"Eskimo_Aleut";"r2";0,993767539514541;35,6798756798757;62,0875420875421;35,8024170553173;19,8955912232227
"Eskimo_Aleut";"r2";0,993704231586853;33,6363636363636;61,7508417508417;33,766825251744;19,494947273747
"Eskimo_Aleut";"r2";0,992979738360814;35,5710955710956;61,2121212121212;35,6900794487801;20,2959488546409
"Eskimo_Aleut";"r2";0,991198645546581;39,7979797979798;55,7239057239057;39,8718820064528;24,2345756879272
"Eskimo_Aleut";"r2";0,995224844226949;37,987567987568;60,5218855218855;38,0921355863351;21,1308653676619
"Eskimo_Aleut";"r2";0,993669352858923;33,3721833721834;64,1077441077441;33,5148077839493;18,8017114344363
"Eskimo_Aleut";"r2";0,992003270212717;39,3162393162393;55,5218855218855;39,3914395306507;23,3858905728975
"Eskimo_Aleut";"r2";0,994708908307244;35,3224553224553;61,9191919191919;35,4458740537627;19,6200072455631
"Eskimo_Aleut";"r2";0,992044524055583;39,6736596736597;57,7104377104377;39,757357019538;23,0904386340855
"Eskimo_Aleut";"r2";0,991850400559602;40,3651903651904;55,8080808080808;40,4368511097049;24,1463182446866
"Eskimo_Aleut";"r2";0,990108389230475;34,4677544677545;59,5622895622896;34,5842024264298;21,1275875380399
"Eskimo_Aleut";"r2";0,991270014561713;36,8531468531469;58,7373737373737;36,9546977899646;21,2968383048873
"Eskimo_Aleut";"r2";0,994223106136199;37,2804972804973;61,010101010101;37,3906114509363;20,9015176778433
"Eskimo_Aleut";"r2";0,992409124587722;36,6977466977467;59,2760942760943;36,8025186122634;20,8182363921913
"Eskimo_Aleut";"r2";0,99365218062147;33,5586635586636;62,8282828282828;33,6944854578265;19,3907837599277
"Eskimo_Aleut";"r2";0,990443228222351;38,6480186480186;54,983164983165;38,7238197911052;23,0538817990033
"Eskimo_Aleut";"r2";0,99561801923904;35,2447552447552;63,0808080808081;35,373924863484;19,7816357262316
"Eskimo_Aleut";"r2";0,992879358190577;37,8865578865579;57,5420875420875;37,9777668408759;22,7436173714852
"Eskimo_Aleut";"r2";0,992081883231259;36,969696969697;59,5622895622896;37,0745349863679;22,6452730490153
"Eskimo_Aleut";"r2";0,990663374426729;34,6076146076146;57,003367003367;34,7115392126993;21,5501488509427
"Eskimo_Aleut";"r2";0,993120769619413;37,1872571872572;61,0942760942761;37,2981946299812;20,9237078124353
"Eskimo_Aleut";"r2";0,990956536435348;32,3776223776224;62,2895622895623;32,5164248830142;19,7748210625073
"Eskimo_Aleut";"r2";0,990667205264305;39,8290598290598;53,9057239057239;39,8943807760513;23,3506883430342
"Eskimo_Aleut";"r2";0,991974989416907;37,4436674436674;57,996632996633;37,5390408337044;22,5388194146279
"Eskimo_Aleut";"r2";0,992583869878009;34,3201243201243;58,1986531986532;34,4309295585398;21,1513085262713
"Eskimo_Aleut";"r2";0,992885409548458;36,052836052836;61,8350168350168;36,1724749427766;20,569720625854
"Eskimo_Aleut";"r2";0,994480398440728;34,1880341880342;62,2895622895623;34,3184357105471;19,3997166014746
"Eskimo_Aleut";"r2";0,992264223143678;37,8399378399378;57,2558922558922;37,9300350762068;22,4181663290926
"Eskimo_Aleut";"r2";0,99361656305023;35,7575757575758;60,9259259259259;35,8743662455959;20,4046155172946
"Eskimo_Aleut";"r2";0,995064231109469;34,9339549339549;64,5622895622896;35,0714414055481;19,0225125533813
"Eskimo_Aleut";"r2";0,992176439614581;33,4731934731935;63,6868686868687;33,6133961423985;19,5997001770015
"Eskimo_Aleut";"r2";0,991819944507348;36,3325563325563;58,3670033670034;36,4348043466373;22,6063320455964
"Eskimo_Aleut";"r2";0,994233375198242;37,1173271173271;62,1212121212121;37,2333544259298;19,9149569602897
"Eskimo_Aleut";"r2";0,993174397766299;36,1616161616162;59,023569023569;36,2677041099315;21,0734024129595
"Eskimo_Aleut";"r2";0,993013719630299;36,7909867909868;58,8215488215488;36,8932167772075;21,1423595886539
"Eskimo_Aleut";"r2";0,991639730845224;35,5788655788656;59,023569023569;35,6876577062192;21,5784348782487
"Eskimo_Aleut";"r2";0,992022148852085;35,3224553224553;55,5218855218855;35,4161881772091;22,0421603251722
"Eskimo_Aleut";"r2";0,991260228349904;38,7334887334887;57,0875420875421;38,8186583546212;21,8883857782995
"Eskimo_Aleut";"r2";0,989662768574644;38,4382284382284;55,6397306397306;38,5180497941519;22,3893221135751
"Eskimo_Aleut";"r2";0,992883278430762;37,9020979020979;58,7037037037037;37,9986250751912;22,0909635318929
"Eskimo_Aleut";"r2";0,993083032801514;37,8166278166278;60,1010101010101;37,9200356230519;21,0546498676418
"Eskimo_Aleut";"r2";0,991532380298432;37,8554778554779;56,5488215488216;37,9422219097393;23,1392073006031
"Eskimo_Aleut";"r2";0,993623830242364;37,3193473193473;61,3804713804714;37,4309998671948;21,1020050361383
"Eskimo_Aleut";"r2";0,993211724530311;34,4055944055944;62,8282828282828;34,5374862312217;19,1968194701665
"Eskimo_Aleut";"r2";0,993460832024914;35,8275058275058;58,5353535353535;35,9328786706977;21,7475896948379
"Eskimo_Aleut";"r2";0,993425834325831;36,5501165501165;58,989898989899;36,6542454709508;21,1234722426415
"Eskimo_Aleut";"r2";0,994765857882238;36,8453768453768;63,6531986531987;36,9697750904247;20,1845481774688
"Eskimo_Aleut";"r2";0,993799415988695;36,3325563325563;61,8350168350168;36,4508972165585;20,6990837677479
"Eskimo_Aleut";"r2";0,992234720141717;36,6200466200466;58,5690235690236;36,721898021202;22,1417677061109
"Eskimo_Aleut";"r2";0,991061031585634;36,7210567210567;58,1986531986532;36,8207207418344;21,977488233731
"Eskimo_Aleut";"r2";0,99426217369282;36,4102564102564;61,2962962962963;36,5257368737647;20,5096310646813
"Eskimo_Aleut";"r2";0,992641351722962;37,5058275058275;59,2760942760943;37,6068496254111;21,2904630099321
"Eskimo_Aleut";"r2";0,994521646465989;33,3877233877234;63,9393939393939;33,5294944807706;18,6818193996081
"Eskimo_Aleut";"r2";0,993282755771272;35,8508158508158;59,8148148148148;35,9620177021569;20,7145274708608
"Eskimo_Aleut";"r2";0,994474689021208;33,9083139083139;64,9326599326599;34,0522783910255;18,9478592475627
"Eskimo_Aleut";"r2";0,991561064231381;38,1041181041181;59,3939393939394;38,2029107783168;22,4523658544276
"Eskimo_Aleut";"r2";0,992654039483375;37,6923076923077;57,003367003367;37,7819181763497;21,5611554612994
"Eskimo_Aleut";"r2";0,993583976251609;33,2789432789433;62,9124579124579;33,4164537876835;18,9197480308239
"Eskimo_Aleut";"r2";0,988374400778953;34,2735042735043;56,7508417508418;34,3778074636543;22,1107599390639
"Eskimo_Aleut";"r2";0,994439617593893;36,3714063714064;59,3602693602694;36,4780832298234;20,9613151042172
"Eskimo_Aleut";"r2";0,992911687066878;37,3504273504274;59,8148148148148;37,4546704477099;21,249444166721
"Eskimo_Aleut";"r2";0,992804778638783;36,2315462315462;59,4781144781145;36,3394189380268;21,8058186692586
"Eskimo_Aleut";"r2";0,992383179060247;36,5811965811966;61,4646464646465;36,6966650261314;20,930586055814
"Eskimo_Aleut";"r2";0,993322166410648;34,5143745143745;64,3939393939394;34,6530267875975;19,4211014660172
"Eskimo_Aleut";"r2";0,990735826449166;33,2478632478632;59,5622895622896;33,3699719546587;20,7073353623087
"Eskimo_Aleut";"r2";0,98871477961952;36,6433566433566;56,8350168350168;36,7370534423899;23,0427142426057
"Eskimo_Aleut";"r2";0,991349276970431;35,9285159285159;55,3535353535354;36,0186552297921;22,5411821903397
"Eskimo_Aleut";"r2";0,992612719093853;33,6752136752137;62,3737373737374;33,8083854789191;19,4997135621119
"Eskimo_Aleut";"r2";0,992274210634187;35,3923853923854;62,1212121212121;35,5164170709414;20,4464078001622
"Eskimo_Aleut";"r2";0,992321127515395;40,3341103341103;56,5151515151515;40,4091963720734;23,1830696811691
"Eskimo_Aleut";"r2";0,994182071873637;31,3597513597514;63,9393939393939;31,5109329958518;19,0794265040285
"Eskimo_Aleut";"r2";0,993815929090087;41,3364413364413;57,996632996633;41,4137508105026;23,6319284032293
"Eskimo_Aleut";"r2";0,993612596100949;37,8710178710179;59,8989898989899;37,9732358386651;21,6949677494331
"Eskimo_Aleut";"r2";0,992240746925668;36,7443667443667;60,2693602693603;36,853531447499;21,8672596741557
"Eskimo_Aleut";"r2";0,993523746166099;40,03885003885;56,1784511784512;40,113743779637;23,7402720557256
"Eskimo_Aleut";"r2";0,990999001262246;33,7529137529138;61,5824915824916;33,8820533252088;20,1710362972882
"Eskimo_Aleut";"r2";0,992363380417772;38,2595182595183;56,6329966329966;38,344778019952;23,7923057620405
"Eskimo_Aleut";"r2";0,993893161112711;35,5788655788656;61,3804713804714;35,6985946081074;20,2552842573167
"Eskimo_Aleut";"r2";0,99275200985027;40,5672105672106;55,4377104377104;40,6362152069809;24,1415161844665
"Eskimo_Aleut";"r2";0,992991429134305;36,9308469308469;57,8282828282828;37,0278187911599;21,7264113351689
"Eskimo_Aleut";"r2";0,992666367569675;32,5874125874126;62,5757575757576;32,7265696407228;19,0685934104839
"Eskimo_Aleut";"r2";0,993299851744967;35,3613053613054;61,010101010101;35,4803252947104;20,0236219215811
"Eskimo_Aleut";"r2";0,993999906441616;34,4677544677545;61,9191919191919;34,595139328318;20,1461320775358
"Eskimo_Aleut";"r2";0,989347303045127;36,1616161616162;55,8417508417508;36,2529392923825;23,9482046435085
"Eskimo_Aleut";"r2";0,992131664749891;37,039627039627;58,6531986531986;37,1399220355137;21,5210768072767
"Eskimo_Aleut";"r2";0,991985367810674;38,6324786324786;56,8350168350168;38,7169451670612;23,7342653280136
"Eskimo_Aleut";"r2";0,992955460747027;35,0971250971251;59,023569023569;35,2081526791504;20,2083154125027
"Eskimo_Aleut";"r2";0,993156175761261;37,8632478632479;57,7104377104377;37,9553461920051;22,2912509803838
"Eskimo_Aleut";"r2";0,994004540131404;36,954156954157;59,4444444444444;37,0585202371745;20,8878913321878
"Eskimo_Aleut";"r2";0,993112160919049;34,1802641802642;62,5757575757576;34,3120298108697;19,0473398736313
"Eskimo_Aleut";"r2";0,993907960181282;33,4809634809635;60,6397306397306;33,6069902427211;19,8354119756293
"Eskimo_Aleut";"r2";0,992240693389107;35,5167055167055;60,2188552188552;35,6313326614951;21,4454289503803
"Eskimo_Aleut";"r2";0,991622498641855;39,2773892773893;55,2693602693603;39,3515979594866;23,5936453462652
"Eskimo_Aleut";"r2";0,992767722412932;35,7187257187257;61,2962962962963;35,8374151413595;20,1537131066741
"Eskimo_Aleut";"r2";0,990511516020945;34,1103341103341;59,9326599326599;34,2301592881639;20,4797328842073
"Eskimo_Aleut";"r2";0,992588211835772;31,4141414141414;62,946127946128;31,5604615372597;19,8347775892125
"Eskimo_Aleut";"r2";0,991019498851527;39,2385392385392;56,1784511784512;39,3171467185388;22,9210223396531
"Eskimo_Aleut";"r2";0,990863457765864;36,1072261072261;60,1010101010101;36,2185661721625;21,9587198459678
"Eskimo_Aleut";"r2";0,992003436976085;33,5586635586636;59,5622895622896;33,6793300366386;20,8402731008929
"Eskimo_Aleut";"r2";0,991191916914482;34,1181041181041;59,9326599326599;34,2378932402134;20,4663099995557
"Eskimo_Aleut";"r2";0,994098730171454;36,2160062160062;62,2895622895623;36,3369971954659;20,1684567531595
"Eskimo_Aleut";"r2";0,992318240174157;38,5314685314685;56,8013468013468;38,6162475489622;23,6191028975839
"Eskimo_Aleut";"r2";0,992128371688955;36,8531468531469;58,6195286195286;36,9541509448702;21,4036881821721
"Eskimo_Aleut";"r2";0,992154939225137;40,0932400932401;56,5488215488216;40,1696000999945;22,8701397193349
"Eskimo_Aleut";"r2";0,994419942621193;34,5687645687646;62,9124579124579;34,7002898279;19,8513273439544
"Eskimo_Aleut";"r2";0,993882525190908;36,2548562548563;61,0942760942761;36,3701203840415;21,0242282336642
"Eskimo_Aleut";"r2";0,995813803958873;37,2494172494172;62,0875420875421;37,3646753693157;19,864844559229
"Eskimo_Aleut";"r2";0,993897052627581;35,7264957264957;61,4646464646465;35,8459303006867;20,0333118959344
"Eskimo_Aleut";"r2";0,992627028222139;37,039627039627;60,1010101010101;37,1466404181021;21,82045903425
"Eskimo_Aleut";"r2";0,993728370296405;38,2905982905983;58,0808080808081;38,3824322107385;21,7804020857452
"Eskimo_Aleut";"r2";0,992359103458111;37,6301476301476;56,4646464646465;37,717546696665;23,2947325520543
"Eskimo_Aleut";"r2";0,993386185549271;36,6744366744367;60,5555555555556;36,7852539314256;20,8587143544716
"Eskimo_Aleut";"r2";0,990951677176029;35,5633255633256;57,8282828282828;35,6666432304483;21,2651615260093
"Eskimo_Aleut";"r2";0,992243694072458;38,2439782439782;57,5420875420875;38,3335286351528;22,130114172714
"Eskimo_Aleut";"r2";0,994057921830453;33,7218337218337;64,6801346801347;33,865491730921;19,267693108641
"Eskimo_Aleut";"r2";0,99232578586178;37,7700077700078;57,6262626262626;37,8621481637723;22,0299319296256
"Eskimo_Aleut";"r2";0,993001355856274;34,5454545454545;60,016835016835;34,6636512065746;21,8876946250343
"Eskimo_Aleut";"r2";0,995710161258288;31,7715617715618;68,4006734006734;31,9415344473349;17,8545790397568
"Eskimo_Aleut";"r2";0,993379341189849;40,2253302253302;57,6262626262626;40,3060770114134;22,8136773532022
"Eskimo_Aleut";"r2";0,994884306713981;35,951825951826;63,1144781144781;36,0778707414438;19,8316659100941
"Eskimo_Aleut";"r2";0,993883042046102;33,5742035742036;63,5690235690236;33,7133906739475;19,4873906594966
"Eskimo_Aleut";"r2";0,98885136761786;38,8034188034188;55,3030303030303;38,8799831259228;23,3956799892512
"Eskimo_Aleut";"r2";0,994958796257262;34,8174048174048;64,1077441077441;34,9533228651558;19,0516927780645
"Eskimo_Aleut";"r2";0,9927826967968;32,3076923076923;61,5488215488216;32,4433820025467;19,6320425028585
"Eskimo_Aleut";"r2";0,993610982396456;36,3480963480963;61,5824915824916;36,4651933097409;20,2135748513953
"Eskimo_Aleut";"r2";0,991804014306871;35,6798756798757;59,6464646464647;35,7910895497902;21,3256367463222
"Eskimo_Aleut";"r2";0,993079333713227;40,5905205905206;57,996632996633;40,6712914137508;22,0356555552614
"Eskimo_Aleut";"r2";0,989508023044621;39,036519036519;52,1717171717172;39,097471232042;27,2744805101527
"Eskimo_Aleut";"r2";0,995083576174512;35,7731157731158;62,996632996633;35,899442999211;19,8079127984472
"Eskimo_Aleut";"r2";0,992427420306853;35,982905982906;58,030303030303;36,0852140898545;21,2971663389735
"Eskimo_Aleut";"r2";0,992876412384651;33,6752136752137;61,2121212121212;33,8029951487028;19,567241338033
"Eskimo_Aleut";"r2";0,994813760815729;35,3846153846154;64,4781144781145;35,5196200207801;19,9361946198878
"Eskimo_Aleut";"r2";0,992761429157467;37,1561771561772;55,8080808080808;37,2427289132626;22,805087885431
"Eskimo_Aleut";"r2";0,989738284690753;40,1787101787102;53,7037037037037;40,2414711695454;24,3141084997224
"Eskimo_Aleut";"r2";0,992650737947645;32,0901320901321;62,037037037037;32,2290968462662;20,2534820561313
"Eskimo_Aleut";"r2";0,993303536747471;37,2649572649573;59,7306397306397;37,3692063715266;21,3490912882759
"Eskimo_Aleut";"r2";0,993177271409908;38,2439782439782;57,3737373737374;38,332747427875;22,1895424141877
"Eskimo_Aleut";"r2";0,991229976647685;39,6891996891997;53,7878787878788;39,754622794066;23,6218779974818
"Eskimo_Aleut";"r2";0,990884192057187;35,034965034965;59,3939393939394;35,1479997187654;21,7398717183176
"Eskimo_Aleut";"r2";0,991260120748451;37,7156177156177;57,5420875420875;37,8076198957869;22,4883236504529
"Eskimo_Aleut";"r2";0,994732438274196;30,9324009324009;61,3804713804714;31,073691282508;19,9051648820911
"Eskimo_Aleut";"r2";0,991808603601255;39,5337995337995;57,996632996633;39,6194739350192;22,7130939150233
"Eskimo_Aleut";"r2";0,993742878799346;32,8360528360528;63,030303030303;32,9761653659566;18,8708956805867
"Eskimo_Aleut";"r2";0,989439936007188;38,5858585858586;56,1784511784512;38,6674947463811;24,010431758076
"Eskimo_Aleut";"r2";0,991370869196194;39,8212898212898;56,4309764309764;39,8983649331677;23,6524532792322
"Eskimo_Aleut";"r2";0,991485750938444;36,1538461538462;58,1144781144781;36,2557516385823;20,7651280596595
"Eskimo_Aleut";"r2";0,994325791880036;34,8096348096348;63,2828282828283;34,9417609974455;20,0335295086676
"Eskimo_Aleut";"r2";0,995741514547054;35,027195027195;63,2828282828283;35,1583116548314;18,4508863689654
"Eskimo_Aleut";"r2";0,992779555098807;36,7909867909868;59,1077441077441;36,8945448295796;21,4992532793906
"Eskimo_Aleut";"r2";0,993530693258166;35,5633255633256;61,2121212121212;35,6823454967306;20,1094726082609
"Eskimo_Aleut";"r2";0,993658299656318;34,5920745920746;63,9393939393939;34,7282570484427;19,9000833427422
"Eskimo_Aleut";"r2";0,99235442401967;37,8399378399378;59,1919191919192;37,9390189599006;22,0228665087367
"Eskimo_Aleut";"r2";0,992153121391998;34,8717948717949;59,023569023569;34,9838680697149;20,9994737310879
"Eskimo_Aleut";"r2";0,991297430451983;35,5400155400155;59,4781144781145;35,6510972056216;21,1916852587414
"Eskimo_Aleut";"r2";0,994486458708762;36,8997668997669;62,8282828282828;37,0200848391104;20,6365772629422
"Eskimo_Aleut";"r2";0,992478430513566;34,7940947940948;60,5555555555556;34,9136375354473;19,4716171483607
"Eskimo_Aleut";"r2";0,991000273439944;36,8764568764569;57,9124579124579;36,9740717304522;22,6512428888315
"Eskimo_Aleut";"r2";0,992396689464981;36,2315462315462;58,5690235690236;36,3352004187271;22,1297368180387
"Eskimo_Aleut";"r2";0,991177265901752;33,3566433566434;59,4781144781145;33,4778566797128;21,1481687658396
"Eskimo_Aleut";"r2";0,992292314214685;38,982128982129;56,8350168350168;39,0649730092886;22,448255037617
"Eskimo_Aleut";"r2";0,994565465725175;36,5656565656566;63,6531986531987;36,6913528166428;19,9559553596414
"Eskimo_Aleut";"r2";0,99387566315409;30,955710955711;64,7643097643098;31,1125954049388;18,0723076180829
"Eskimo_Aleut";"r2";0,992238083068594;34,4599844599845;59,1919191919192;34,5747498183693;21,4649484438663
"Eskimo_Aleut";"r2";0,991782233816399;37,6379176379176;57,003367003367;37,7277805120032;22,8426311802292
"Eskimo_Aleut";"r2";0,99428854836767;35,3535353535354;60,1851851851852;35,4687634270001;20,3036678686847
"Eskimo_Aleut";"r2";0,994019485559797;36,9463869463869;60,4713804713805;37,0555516495192;20,6249561275183
"Eskimo_Aleut";"r2";0,993086659316296;35,3457653457653;58,4511784511785;35,45298303999;21,5084503376514
"Eskimo_Aleut";"r2";0,992952886864094;37,8632478632479;58,1649831649832;37,957455451655;21,4756008603319
"Eskimo_Aleut";"r2";0,993438678798442;37,979797979798;59,2760942760943;38,0786207004304;22,0360113262523
"Eskimo_Aleut";"r2";0,990997145058074;37,2494172494172;56,2962962962963;37,3378018389619;23,2996835281523
"Eskimo_Aleut";"r2";0,993112462943156;36,2859362859363;60,5555555555556;36,3985563289508;20,1737454772282
"Eskimo_Aleut";"r2";0,993629592950315;37,016317016317;62,2895622895623;37,1335942565641;20,4751718335528
"Eskimo_Aleut";"r2";0,992010355759577;34,5532245532246;59,6801346801347;34,6698227440687;20,5866029338898
"Eskimo_Aleut";"r2";0,992735101545531;34,2424242424242;62,5757575757576;34,3739014272657;19,9881882874428
"Eskimo_Aleut";"r2";0,99359684152537;34,1103341103341;64,7643097643098;34,2525799370347;19,6105603609811
"Eskimo_Aleut";"r2";0,992872510241343;36,8065268065268;58,9393939393939;36,9092315264009;21,8021604087418
"Eskimo_Aleut";"r2";0,993936312148645;35,1592851592852;59,7306397306397;35,2733053661128;20,6516513094824
"Eskimo_Aleut";"r2";0,991876474913305;38,3061383061383;55,1851851851852;38,3844633496606;22,934707131051
"Eskimo_Aleut";"r2";0,992110653950881;35,1981351981352;58,4511784511785;35,3060379510496;21,8479545974372
"Eskimo_Aleut";"r2";0,993938484137015;35,5167055167055;61,9191919191919;35,6392228550001;19,5847407370628
"Eskimo_Aleut";"r2";0,993731538667449;38,6324786324786;54,4444444444444;38,7058520237175;23,4061242845042
"Eskimo_Aleut";"r2";0,991131360918768;37,3115773115773;56,3804713804714;37,4000640589968;22,9931530321724
"Eskimo_Aleut";"r2";0,993973623524504;35,3069153069153;62,4579124579125;35,4329060129524;20,8041043857679
"Eskimo_Aleut";"r2";0,993055858445042;36,5345765345765;59,3097643097643;36,6402618606795;21,6747430056643
"Eskimo_Aleut";"r2";0,992193430660544;36,3636363636364;59,3939393939394;36,4705055192294;20,4938276434583
"Eskimo_Aleut";"r2";0,99272698980159;35,1903651903652;59,6464646464647;35,3038505706719;21,4224232970077
"Eskimo_Aleut";"r2";0,994056694032571;35,0738150738151;60,8080808080808;35,1932316201458;20,5090738895985
"Eskimo_Aleut";"r2";0,995390603798438;36,8453768453768;61,7171717171717;36,9607912067309;19,9042539305413
"Eskimo_Aleut";"r2";0,992719962681554;35,2292152292152;60,3872053872054;35,3459576429414;21,8861863334231
"Eskimo_Aleut";"r2";0,992481998790735;35,2292152292152;60,3872053872054;35,3459576429414;20,6653765374021
"Eskimo_Aleut";"r2";0,992480994509362;38,3061383061383;58,3670033670034;38,3992281672096;22,6480079263033
"Eskimo_Aleut";"r2";0,993003663891332;35,1359751359751;58,7373737373737;35,2454943870257;21,9404845510308
"Eskimo_Aleut";"r2";0,993744642520268;37,1328671328671;59,8148148148148;37,238119790324;20,6072317605513
"Eskimo_Aleut";"r2";0,994521897492968;34,4289044289044;63,5353535353535;34,5639691579367;19,3939737574446
"Eskimo_Aleut";"r2";0,995150190470676;36,3403263403263;64,1077441077441;36,4691774668573;19,9151217253827
"Eskimo_Aleut";"r2";0,991892939196097;37,3504273504274;57,7441077441077;37,4450615981939;21,7051499287081
"Eskimo_Aleut";"r2";0,993809845268835;35,7264957264957;63,1986531986532;35,8539767356473;19,3780923208267
"Eskimo_Aleut";"r2";0,99448187943043;34,7319347319347;65,7575757575758;34,8759052239331;18,8189860343206
"Eskimo_Aleut";"r2";0,991105282332587;33,3644133644134;59,5622895622896;33,4859812354012;19,8736333384435
"Eskimo_Aleut";"r2";0,990508917250289;36,1849261849262;55,016835016835;36,2723132328701;22,2041961835381
"Eskimo_Aleut";"r2";0,992682342903175;36,5889665889666;61,010101010101;36,702289718531;21,0363270764561
"Eskimo_Aleut";"r2";0,993860427648289;36,6744366744367;62,1212121212121;36,7925191591085;20,5010332407833
"Eskimo_Aleut";"r2";0,995536000667518;32,0823620823621;66,4646464646465;32,2419086456209;18,2579241233721
"Eskimo_Aleut";"r2";0,991825729944637;36,4024864024864;58,6531986531987;36,5057379674549;21,5643130748442
"Eskimo_Aleut";"r2";0,994048249792166;36,8686868686869;60,6397306397306;36,9789933363019;21,1027613856104
"Eskimo_Aleut";"r2";0,993530980737609;34,4599844599845;63,6531986531987;34,5954518112291;19,4152113765621
"Eskimo_Aleut";"r2";0,991685013278537;35,5322455322455;59,5622895622896;35,6437538572109;21,3626490363914
"Eskimo_Aleut";"r2";0,994450332748299;29,7358197358197;64,8484848484848;29,8987555368066;18,0338759846729
"Eskimo_Aleut";"r2";0,992829794336499;36,5268065268065;60,1851851851852;36,6365901864742;20,7606353193568
"Eskimo_Aleut";"r2";0,993567076034252;37,0784770784771;59,3602693602694;37,1818728663276;21,3729863372367
"Eskimo_Aleut";"r2";0,994317352328479;36,0761460761461;59,8989898989899;36,1866929152312;20,1210800434861
"Eskimo_Aleut";"r2";0,993326988040222;37,2960372960373;60,9259259259259;37,4056887513964;21,4521388857386
"Eskimo_Aleut";"r2";0,990545023862193;34,7940947940948;59,1077441077441;34,9069191528588;20,7239288660745
"Eskimo_Aleut";"r2";0,994130343483029;38,2595182595183;59,7306397306397;38,3591522338622;21,1650363699159
"Eskimo_Aleut";"r2";0,993881292293455;38,2206682206682;60,5555555555556;38,3243103892756;20,7872109059802
"Eskimo_Aleut";"r2";0,993272882122576;36,993006993007;58,2828282828283;37,0917996672057;21,720730428003
"Eskimo_Aleut";"r2";0,993636736444812;38,4071484071484;57,4242424242424;38,4953947830978;22,0640939955969
"Eskimo_Aleut";"r2";0,993555939284291;33,8616938616939;63,9393939393939;34,0012655557899;19,8664380842379
"Eskimo_Aleut";"r2";0,99476407967056;39,1530691530692;57,1717171717172;39,2366823689329;21,0439292573769
"Eskimo_Aleut";"r2";0,992448079285832;38,5159285159285;56,8013468013468;38,6007796448632;23,4414928579359
"Eskimo_Aleut";"r2";0,994043401473305;37,1095571095571;60,8417508417508;37,2196832985696;21,2111381775296
"Eskimo_Aleut";"r2";0,993019172456247;37,3970473970474;57,996632996633;37,4926371214074;21,0465372093837
"Eskimo_Aleut";"r2";0,990657564760616;33,5431235431235;59,4781144781145;33,6634715289008;20,6054035439257
"Eskimo_Aleut";"r2";0,992183109397226;35,1048951048951;60,3872053872054;35,2222144101494;20,7220880898015
"Eskimo_Aleut";"r2";0,990767250819355;39,8523698523699;55,2693602693603;39,9239104111494;22,9762238960799
"Eskimo_Aleut";"r2";0,993440727328148;38,1507381507381;59,4781144781145;38,2497050942527;22,0381660552177
"Eskimo_Aleut";"r2";0,993639627908637;35,2991452991453;64,3939393939394;35,4341559445968;19,8286337655759
"Eskimo_Aleut";"r2";0,993339438016019;36,6122766122766;62,1212121212121;36,7306475427125;20,5339670634824
"Eskimo_Aleut";"r2";0,993704338042584;35,5011655011655;61,6329966329966;35,622426898529;20,2569470751237
"Eskimo_Aleut";"r2";0,993483847147621;37,2416472416472;58,3670033670034;37,3396767364285;22,0555496916646
"Eskimo_Aleut";"r2";0,993800046345694;36,2781662781663;60,9259259259259;36,3925410329123;20,9264894694752
"Eskimo_Aleut";"r2";0,99224139060231;37,8321678321678;59,8148148148148;37,9341754747787;21,0943771283347
"Eskimo_Aleut";"r2";0,990821232300922;37,008547008547;58,9393939393939;37,1103142796878;22,2466836693402
"Eskimo_Aleut";"r2";0,991972250298873;35,5788655788656;62,2895622895623;35,7028131274071;20,474301845385
"Eskimo_Aleut";"r2";0,992833068549705;35,6487956487956;61,0942760942761;35,7668721241807;20,7570231626007
"Eskimo_Aleut";"r2";0,993933105026277;33,1546231546232;62,7441077441077;33,2919293476138;19,906842181184
"Eskimo_Aleut";"r2";0,99283119092144;37,3504273504274;58,7373737373737;37,4496707211324;21,1978453825577
"Eskimo_Aleut";"r2";0,992114463733344;38,026418026418;59,1919191919192;38,1246338090886;21,8787719429053
"Eskimo_Aleut";"r2";0,994983108108779;34,040404040404;64,5622895622896;34,1820369198559;18,6524765790066
"Eskimo_Aleut";"r2";0,993732238006722;36,2004662004662;63,1144781144781;36,3253572070277;20,2844910712257
"Eskimo_Aleut";"r2";0,99034594798021;36,2548562548563;58,4848484848485;36,3580116712367;20,6324625980704
"Eskimo_Aleut";"r2";0,99183329325053;37,6534576534577;57,4579124579124;37,7453576757521;23,6245201665158
"Eskimo_Aleut";"r2";0,993961158172491;31,7327117327117;65,7575757575758;31,8905997328271;18,4544027296062
"Eskimo_Aleut";"r2";0,991982398143843;35,1825951825952;61,2121212121212;35,3033818463053;21,1418777912967
"Eskimo_Aleut";"r2";0,99461777371707;33,6285936285936;63,3670033670034;33,7665908895607;19,4277251554415
"Eskimo_Aleut";"r2";0,993280435552041;37,047397047397;59,983164983165;37,1538275250572;21,0222424208848
"Eskimo_Aleut";"r2";0,993718425518495;36,6355866355866;61,0942760942761;36,7490840344669;20,2663473766848
"Eskimo_Aleut";"r2";0,99042107999365;34,4289044289044;59,9326599326599;34,5472513221933;20,9975664723872
"Eskimo_Aleut";"r2";0,993079468133704;38,8888888888889;58,4511784511785;38,9796651745608;20,8428006041298
"Eskimo_Aleut";"r2";0,991503155004936;39,4716394716395;57,0875420875421;39,5533837993235;22,8373278079297
"Eskimo_Aleut";"r2";0,993922996433702;34,4211344211344;63,9393939393939;34,5581101033537;18,8483429705012
"Eskimo_Aleut";"r2";0,992317916962755;38,003108003108;56,5488215488216;38,0891669986798;22,4410983099335
"Eskimo_Aleut";"r2";0,995237214667651;33,5975135975136;64,9326599326599;33,7429203090456;19,313411988101
"Eskimo_Aleut";"r2";0,993767256069466;34,9417249417249;60,7239057239057;35,0613638316655;20,3589676299421
"Eskimo_Aleut";"r2";0,994952289547314;38,3838383838384;60,8080808080808;38,4878951932316;21,5984727144249
"Eskimo_Aleut";"r2";0,992290048618034;33,7451437451437;61,2962962962963;33,8729913207871;19,8833530584074
"Eskimo_Aleut";"r2";0,989817322861471;39,1530691530692;53,6195286195286;39,2201988953729;25,668022033041
"Eskimo_Aleut";"r2";0,993252396562275;34,1958041958042;62,003367003367;34,3248416102244;20,5946201768443
"Eskimo_Aleut";"r2";0,993959629337553;32,6961926961927;67,037037037037;32,8555469622755;18,6659384250097
"Eskimo_Aleut";"r2";0,992144132887518;33,5975135975136;62,6599326599327;33,7323740107963;19,984527829813
"Eskimo_Aleut";"r2";0,992984440568758;34,1880341880342;60,1010101010101;34,3082800159366;21,091942484437
"Eskimo_Aleut";"r2";0,992461758752086;36,4879564879565;58,3670033670034;36,5894833876272;21,7960193009462
"Eskimo_Aleut";"r2";0,992597279766218;36,4646464646465;57,8282828282828;36,56378166819;22,718877369339
"Eskimo_Aleut";"r2";0,992202848420842;37,956487956488;56,3804713804714;38,041982079105;22,4678012300408
"Eskimo_Aleut";"r2";0,99329590794378;35,2525252525253;62,2895622895623;35,3779871413282;20,1280085552334
"Eskimo_Aleut";"r2";0,992099714835207;33,8073038073038;60,7575757575758;33,9323630738944;20,1414317010034
"Eskimo_Aleut";"r2";0,992173375153549;40,2486402486402;55,4377104377104;40,3191231729515;24,0852445715666
"Eskimo_Aleut";"r2";0,99146113125859;36,3092463092463;60,1851851851852;36,4200395290882;20,6751794495949
"Eskimo_Aleut";"r2";0,989687730984461;38,2362082362082;54,5286195286195;38,311811072832;23,3884891808087
"Eskimo_Aleut";"r2";0,99052324241888;38,0808080808081;57,3737373737374;38,1703344348356;22,009879604599
"Eskimo_Aleut";"r2";0,993407916431063;33,7684537684538;63,4848484848485;33,9063488715461;18,725161522231
"Eskimo_Aleut";"r2";0,992088755115234;38,6013986013986;57,9124579124579;38,6910090854406;22,161388539455
"Eskimo_Aleut";"r2";0,994919157341243;34,7086247086247;64,2760942760943;34,8458287437406;19,6703698523857
"Eskimo_Aleut";"r2";0,992059018652466;33,5664335664336;62,7441077441077;33,7018288062372;19,4218952485456
"Eskimo_Aleut";"r2";0,994350757924165;35,3379953379953;64,1077441077441;35,4714976524721;19,978634284306
"Eskimo_Aleut";"r2";0,993174923030181;31,8104118104118;60,7575757575758;31,9447373971736;20,4206723459236
"Eskimo_Aleut";"r2";0,992580048032027;37,008547008547;60,016835016835;37,1153140062653;21,4774230930021
"Eskimo_Aleut";"r2";0,993719496029378;36,6200466200466;55,976430976431;36,709867429125;21,5082785696371
"Eskimo_Aleut";"r2";0,988169479086863;32,4242424242424;56,5824915824916;32,5363456685963;22,0771345189825
"Eskimo_Aleut";"r2";0,992608044866326;32,8049728049728;64,1414141414141;32,9503855257916;19,1232376744625
"Eskimo_Aleut";"r2";0,988863952457121;38,989898989899;53,989898989899;39,0595045583445;24,2021636780994
"Eskimo_Aleut";"r2";0,994398756187637;34,7163947163947;64,3097643097643;34,8537189372456;18,9653821058277
"Eskimo_Aleut";"r2";0,993134336964169;34,3434343434343;63,030303030303;34,476552063559;19,6837257999614
"Eskimo_Aleut";"r2";0,992960543632845;36,0916860916861;60,1851851851852;36,2034888717023;20,7205679800089
"Eskimo_Aleut";"r2";0,993894143069221;34,0714840714841;62,0875420875421;34,2014889810713;20,3463130240451
"Eskimo_Aleut";"r2";0,993986660944798;34,2424242424242;61,7508417508417;34,3700735116048;20,5705452028258
"Eskimo_Aleut";"r2";0,994657422255603;37,8166278166278;57,2558922558923;37,9068332200583;22,9462755558845
"Eskimo_Aleut";"r2";0,991631228322019;33,8461538461538;60,6734006734007;33,970642230503;20,9950007105867
"Eskimo_Aleut";"r2";0,993052177806629;35,8430458430458;61,7508417508418;35,9632676338013;20,4584974738586
"Eskimo_Aleut";"r2";0,994269225869164;34,5299145299145;60,5555555555556;34,6506831657644;19,7406514340865
"Eskimo_Aleut";"r2";0,991323553235216;37,4358974358974;58,0808080808081;37,5316974852938;21,856895512838
"Eskimo_Aleut";"r2";0,993609128222019;37,9098679098679;60,016835016835;38,012452444007;21,4041616218443
"Eskimo_Aleut";"r2";0,993457073639372;37,5369075369075;62,003367003367;37,6504409915083;21,6013192875178
"Eskimo_Aleut";"r2";0,990680215843812;36,2470862470862;56,7508417508418;36,3422312842266;22,6306279152248
"Eskimo_Aleut";"r2";0,993145468882065;34,3667443667444;61,5824915824916;34,4930355371191;19,797852101112
"Eskimo_Aleut";"r2";0,994139185727892;36,2781662781663;61,9191919191919;36,3971501558509;20,6912724472096
"Eskimo_Aleut";"r2";0,995808298156367;36,2082362082362;62,4579124579125;36,3300444506941;19,9530221962933
"Eskimo_Aleut";"r2";0,991326784351499;36,029526029526;60,6397306397306;36,1437265149562;21,4326751188375
"Eskimo_Aleut";"r2";0,994271757959233;36,4801864801865;61,4646464646465;36,5961236494879;20,6232551202046
"Eskimo_Aleut";"r2";0,993718425518495;36,4335664335664;61,0942760942761;36,5480012811799;21,0201304237961
"Eskimo_Aleut";"r2";0,994737883388386;36,5811965811966;62,5420875420875;36,7016647527088;20,156413950736
"Eskimo_Aleut";"r2";0,995552158116468;34,9106449106449;63,7373737373737;35,0444116337388;19,580422430075
"Eskimo_Aleut";"r2";0,99011483503858;35,6099456099456;56,3804713804714;35,7063285601569;22,2385572101333
"Eskimo_Aleut";"r2";0,992141007990925;36,4879564879565;60,2693602693603;36,5983110298655;21,2173686463069
"Eskimo_Aleut";"r2";0,992142334108875;35,5167055167055;56,0606060606061;35,6120368417352;22,3280963858573
"Eskimo_Aleut";"r2";0,993269069285712;40,3496503496504;54,6127946127946;40,4158366339341;22,974485813065
"Eskimo_Aleut";"r2";0,989012061937664;36,5345765345765;54,1919191919192;36,6165131594366;23,6127586820302
"Eskimo_Aleut";"r2";0,993875427285029;39,6658896658897;60,5555555555556;39,7628254704821;21,8978515846794
"Eskimo_Aleut";"r2";0,993786004078625;35,7575757575758;62,2053872053872;35,8803034209067;20,6849766333047
"Eskimo_Aleut";"r2";0,991436215811983;36,8919968919969;58,8215488215488;36,993758153851;21,0370538577127
"Eskimo_Aleut";"r2";0,99373090261356;34,7630147630148;60,9259259259259;34,8844203832603;19,9288707012584
"Eskimo_Aleut";"r2";0,993081285757215;36,7365967365967;57,9124579124579;36,8348605935613;22,4823554295359
"Eskimo_Aleut";"r2";0,992163993976381;36,977466977467;59,2760942760943;37,0809408860453;21,7432577481937
"Eskimo_Aleut";"r2";0,991789099265742;34,9184149184149;59,4781144781145;35,0323810416618;21,0203847621086
"Eskimo_Aleut";"r2";0,991327236670478;37,4048174048174;57,2895622895623;37,4970900028905;21,5458832677605
"Eskimo_Aleut";"r2";0,992920821866542;38,8733488733489;57,4579124579124;38,9595881475232;21,9209530091318
"Eskimo_Aleut";"r2";0,993077570202385;35,6332556332556;61,6329966329966;35,7539040833704;19,9233240465901
"Eskimo_Aleut";"r2";0,993495606799567;35,7498057498058;61,4646464646465;35,8691321568352;20,8320732466979
"Eskimo_Aleut";"r2";0,993122447343506;35,7653457653458;63,2828282828283;35,8930370995336;19,8933970351343
"Eskimo_Aleut";"r2";0,992717216414958;33,5586635586636;62,037037037037;33,6908137836212;19,7178063251824
"Eskimo_Aleut";"r2";0,992946106594187;34,6775446775447;60,7575757575758;34,7985657034381;20,4967049608371
"Eskimo_Aleut";"r2";0,993982895656438;35,1282051282051;63,1986531986532;35,258462427836;20,3083116708537
"Eskimo_Aleut";"r2";0,993076896320126;35,2059052059052;61,5824915824916;35,3283023584648;20,2569461819767
"Eskimo_Aleut";"r2";0,99346199246714;34,2579642579643;62,0875420875421;34,3871038302593;18,7814062388687
"Eskimo_Aleut";"r2";0,990981788728224;36,9463869463869;56,5488215488216;37,0373495199481;22,6644384225684
"Eskimo_Aleut";"r2";0,991936450954702;35,2292152292152;60,7575757575758;35,3476762989524;21,0270704407771
"Eskimo_Aleut";"r2";0,992242875333931;36,006216006216;60,7575757575758;36,1210715039021;21,0535860093101
"Eskimo_Aleut";"r2";0,992298435895722;39,005439005439;54,7306397306397;39,0784097744655;23,5433062868386
"Eskimo_Aleut";"r2";0,990651726934147;37,9331779331779;56,4646464646465;38,0191708265954;22,4320858301844
"Eskimo_Aleut";"r2";0,993617060182603;35,7264957264957;61,2962962962963;35,8451490934089;20,7491418879733
"Eskimo_Aleut";"r2";0,992394700523614;35,8741258741259;59,9326599326599;35,9857664033998;22,1713602592881
"Eskimo_Aleut";"r2";0,992625451743772;37,1794871794872;58,8215488215488;37,2799143796824;21,4046174481301
"Eskimo_Aleut";"r2";0,992334055605675;39,3006993006993;54,1582491582492;39,3696438476021;24,0753140359899
"Eskimo_Aleut";"r2";0,991904593316578;38,6946386946387;55,3535353535354;38,7719421594132;23,8734453127018
"Eskimo_Aleut";"r2";0,991090952407532;37,1950271950272;56,8013468013468;37,2860077964486;22,6632069217832
"Eskimo_Aleut";"r2";0,992812241596303;37,5446775446775;59,1919191919192;37,6451287820197;21,485889821114
"Eskimo_Aleut";"r2";0,992903122289407;39,020979020979;56,5488215488216;39,1023147171639;22,2326509229908
"Eskimo_Aleut";"r2";0,992420626762667;36,5967365967366;62,1212121212121;36,7151796386135;20,6817702785223
"Eskimo_Aleut";"r2";0,991836067451527;36,2082362082362;58,2828282828283;36,3106705102065;22,3212740516847
"Eskimo_Aleut";"r2";0,993741258809045;34,988344988345;61,3804713804714;35,1108142523456;20,0825679006077
"Eskimo_Aleut";"r2";0,991348971759721;36,6122766122766;57,4579124579124;36,7090081011195;22,6837131279437
"Eskimo_Aleut";"r2";0,992772365893727;38,6247086247086;58,989898989899;38,7192106681666;21,1535852022383
"Eskimo_Aleut";"r2";0,99278090654113;38,4848484848485;55,6060606060606;38,5642972649933;23,3973212313224
"Eskimo_Aleut";"r2";0,994171602278969;35,9362859362859;61,4646464646465;36,0547470060231;20,4049752043811
"Eskimo_Aleut";"r2";0,994606291576098;36,7288267288267;59,1919191919192;36,8330638168225;21,0448744114797
"Eskimo_Aleut";"r2";0,992059762074505;37,5291375291375;56,6329966329966;37,6177865272993;21,8862765548159
"Eskimo_Aleut";"r2";0,99539598563317;36,7132867132867;63,1649831649832;36,8360324044779;20,643678408088
"Eskimo_Aleut";"r2";0,992153121391998;35,011655011655;59,023569023569;35,1230792066059;21,3466406429242
"Eskimo_Aleut";"r2";0,99425945035449;32,7661227661228;64,1077441077441;32,9115595240885;18,7658846399499
"Eskimo_Aleut";"r2";0,994661731220575;36,3170163170163;63,7373737373737;36,4442569546978;19,7202092121556
"Eskimo_Aleut";"r2";0,992130371172969;36,2237762237762;58,9057239057239;36,3290288812331;21,5277808490203
"Eskimo_Aleut";"r2";0,994420331919516;34,3589743589744;63,4006734006734;34,493738623669;19,4037499794643
"Eskimo_Aleut";"r2";0,991445863113486;35,034965034965;58,6531986531986;35,1445624067434;20,6388546220168
"Eskimo_Aleut";"r2";0,994606297091583;38,9510489510489;59,1582491582492;39,0448178615232;21,5767623704887
"Eskimo_Aleut";"r2";0,993289070001282;37,6068376068376;59,1919191919192;37,7070003984157;21,0791683464088
"Eskimo_Aleut";"r2";0,993153259833311;36,3947163947164;60,016835016835;36,504331794355;20,6788982297166
"Eskimo_Aleut";"r2";0,993297677141611;37,5679875679876;60,6397306397306;37,6750490207567;21,3622457773212
"Eskimo_Aleut";"r2";0,992668478263891;38,9355089355089;57,6262626262626;39,0222409711969;22,8085490675337
"Eskimo_Aleut";"r2";0,99193105696365;36,9308469308469;57,0875420875421;37,0243814791379;21,7079156847963
"Eskimo_Aleut";"r2";0,992305937214881;33,5120435120435;63,4848484848485;33,6511284539127;19,2807071577263
"Eskimo_Aleut";"r2";0,990778192006209;37,8632478632479;56,1784511784512;37,9482372057778;23,1374396340675
"Eskimo_Aleut";"r2";0,991838553646997;37,3504273504274;60,1010101010101;37,455998500082;21,2221541577428
"Eskimo_Aleut";"r2";0,989242862618587;38,2517482517483;53,989898989899;38,3247791136422;24,1007867779154
"Eskimo_Aleut";"r2";0,991061033286014;31,2121212121212;62,2053872053872;31,3559414719508;19,7291281803333
"Eskimo_Aleut";"r2";0,995360570977473;32,8360528360528;64,3939393939394;32,9824931449061;18,7469854026564
"Eskimo_Aleut";"r2";0,992605244105549;36,5112665112665;59,8148148148148;36,6194036263642;20,2970276696053
"Eskimo_Aleut";"r2";0,994453941692006;35,5944055944056;62,7441077441077;35,720390291156;20,2053880681553
"Eskimo_Aleut";"r2";0,990832705037707;36,961926961927;57,5420875420875;37,0574265469857;23,5609047303495
"Eskimo_Aleut";"r2";0,994141726562525;39,2540792540793;57,9124579124579;39,3406610575984;22,5849801271231
"Eskimo_Aleut";"r2";0,990373995527971;36,8609168609169;56,2626262626263;36,9509479950315;21,9943752341519
"Eskimo_Aleut";"r2";0,991541001117903;36,3014763014763;57,3737373737374;36,3992594155007;21,9620072229667
"Eskimo_Aleut";"r2";0,993809141749293;37,2416472416472;61,4646464646465;37,3540509503386;20,5602864478117
"Eskimo_Aleut";"r2";0,990840696796881;38,5314685314685;53,8215488215488;38,6024201801464;23,3788310532151
"Eskimo_Aleut";"r2";0,990995380584609;38,3838383838384;55,7239057239057;38,4643027334443;23,8564774026365
"Eskimo_Aleut";"r2";0,994831811224239;36,5656565656566;61,5488215488216;36,6815877256712;20,8241499835912
"Eskimo_Aleut";"r2";0,99395296239816;37,3038073038073;61,0942760942761;37,4142039107236;20,7149345006102
"Eskimo_Aleut";"r2";0,992697101760834;38,2362082362082;58,7373737373737;38,3313412547751;21,9628180511634
"Eskimo_Aleut";"r2";0,992521741824897;36,1771561771562;61,1784511784512;36,2931714671854;20,2479316479695
"Eskimo_Aleut";"r2";0,991163423575002;38,8111888111888;54,8148148148148;38,8854515768669;23,1881201078768
"Eskimo_Aleut";"r2";0,993587058614009;37,7622377622378;60,8080808080808;37,8691790292718;20,9042932110476
"Eskimo_Aleut";"r2";0,993489586698304;37,2804972804973;59,2760942760943;37,3825650159757;20,8622769588089
"Eskimo_Aleut";"r2";0,991215366608349;36,1616161616162;58,030303030303;36,2630949869929;21,3614200394971
"Eskimo_Aleut";"r2";0,993350012111544;35,1515151515151;61,3804713804714;35,273227245385;20,5553446924545
"Eskimo_Aleut";"r2";0,992273470971032;39,8445998445998;57,996632996633;39,9288320169991;23,0083126749795
"Eskimo_Aleut";"r2";0,99323126827904;36,1926961926962;60,5555555555556;36,3057489043568;20,6522889175806
"Eskimo_Aleut";"r2";0,993032092996635;38,8111888111888;57,3400673400673;38,8971696860328;22,7677802193897
"Eskimo_Aleut";"r2";0,992600150976678;34,3434343434343;60,1010101010101;34,4629590569266;20,6680843348414
"Eskimo_Aleut";"r2";0,993571955274943;34,4055944055944;61,6666666666667;34,5320959010054;20,2622776303774
"Eskimo_Aleut";"r2";0,992767106691938;34,3822843822844;61,9191919191919;34,5100658557735;19,5979699958727
"Eskimo_Aleut";"r2";0,993516414990035;35,3379953379953;58,9057239057239;35,4473583475904;20,8010799424372
"Eskimo_Aleut";"r2";0,994312551376947;36,7521367521368;59,7306397306397;36,8587655362597;21,2081016591661
"Eskimo_Aleut";"r2";0,993398992800625;32,7117327117327;65,4208754208754;32,8635152765083;19,1535055127228
"Eskimo_Aleut";"r2";0,991968925219082;38,9277389277389;57,4579124579124;39,0137258118697;23,1437251344135
"Eskimo_Aleut";"r2";0,993535901215315;32,7428127428127;63,2828282828283;32,8845297522792;18,679887362156
"Eskimo_Aleut";"r2";0,992861996639823;36,8609168609169;58,3670033670034;36,9607130860031;21,094255185612
"Eskimo_Aleut";"r2";0,989515132206109;36,6278166278166;55,8922558922559;36,7172107775356;23,0097583021477
"Eskimo_Aleut";"r2";0,994334736730754;38,3216783216783;60,4713804713805;38,4244611622802;21,1621428328902
"Eskimo_Aleut";"r2";0,991603587181749;34,1958041958042;60,3872053872054;34,3173420203583;20,9819207604365
"Eskimo_Aleut";"r2";0,993388741610936;34,8018648018648;63,7710437710438;34,9362925465014;19,8731925782213
"Eskimo_Aleut";"r2";0,991713918680329;36,4724164724165;60,1010101010101;36,5820619184888;21,7009870581743
"Eskimo_Aleut";"r2";0,99311101567164;38,5159285159285;59,4444444444444;38,6130445991235;21,7382953699402
"Eskimo_Aleut";"r2";0,990864687298539;37,1561771561772;57,2053872053872;37,2492129336677;22,3873226874998
"Eskimo_Aleut";"c0";0,998004249626559;45,019425019425;53,0519451812555;45,0566988948859;46,5913124156406
"Eskimo_Aleut";"c0";0,999605547264295;45,0738150738151;47,351566951567;45,084384688097;47,6296573786202
"Eskimo_Aleut";"c0";0,992937678444716;45,5089355089355;55,8557471264368;45,5569485558845;40,2973435442938
"Eskimo_Aleut";"c0";0,999401920644007;45,1670551670552;46,9549857549858;45,1753518287161;47,6620516343518
"Eskimo_Aleut";"c0";0,996043307964463;45,9285159285159;55,3873015873016;45,9724082053548;40,3979913924507
"Eskimo_Aleut";"c0";0,988928783461333;45,6643356643357;57,5549450549451;45,7195125060554;36,9526420946882
"Eskimo_Aleut";"c0";0,997528924552979;45,4856254856255;48,9224137931034;45,5015734592101;43,3486082479353
"Eskimo_Aleut";"c0";0,990983599011786;46,2781662781663;56,1279220779221;46,323872801599;39,3311844615747
"Eskimo_Aleut";"c0";0,994484253487815;46,2082362082362;55,4615902615903;46,2511752061636;41,1599873170463
"Eskimo_Aleut";"c0";0,997452670788585;45,2214452214452;54,3769816390506;45,2639303092299;43,6004292980776
"Eskimo_Aleut";"c0";0,998345896504076;45,3690753690754;47,9544159544159;45,3810723091466;45,2844082980083
"Eskimo_Aleut";"c0";0,9952575158803;45,8275058275058;54,3481976960238;45,8670450009096;42,5527554441695
"Eskimo_Aleut";"c0";0,993363627458674;45,6487956487956;54,3103448275862;45,6889884524095;34,8475776863937
"Eskimo_Aleut";"c0";0,995026195956522;45,7187257187257;54,8391463608855;45,7610478562763;42,2073204933795
"Eskimo_Aleut";"c0";0,998386641425029;44,8251748251748;53,5728884641928;44,865767463871;41,9745205289171
"Eskimo_Aleut";"c0";0,995889053175856;46,1693861693862;55,5365809158913;46,2128534303908;40,3020931916557
"Eskimo_Aleut";"c0";0,998472095861166;45,4079254079254;47,4032489249881;45,4171844497679;46,5003769611989
"Eskimo_Aleut";"c0";0,996450409067711;45,019425019425;54,9291700303694;45,0654099150674;40,7917578019596
"Eskimo_Aleut";"c0";0,998915417502002;45,3146853146853;47,9544159544159;45,3269346448001;47,1069935367102
"Eskimo_Aleut";"c0";0,989893754838944;46,2781662781663;56,6715488215488;46,3263954314998;38,6677247597215
"Eskimo_Aleut";"c0";0,998930621368316;45,2447552447552;47,0940170940171;45,2533365062367;48,0027672661802
"Eskimo_Aleut";"c0";0,99923637483365;44,7863247863248;44,9538461538462;44,787102147659;47,7255259519108
"Eskimo_Aleut";"c0";0,99857276324292;45,4700854700855;47,0192307692308;45,4772740793622;45,0044189021583
"Eskimo_Aleut";"c0";0,995882930909824;45,9052059052059;54,5379953379953;45,9452652529219;42,3615645130063
"Eskimo_Aleut";"c0";0,995579306863795;45,9362859362859;56,2217254010357;45,984014193663;39,2303563965917
"Eskimo_Aleut";"c0";0,996827617915181;45,7498057498058;49,2114478114478;45,7658690540361;42,2474492496635
"Eskimo_Aleut";"c0";0,997999352240307;43,5508935508935;53,3879310344828;43,5965410566179;43,6665305758477
"Eskimo_Aleut";"c0";0,998534640921769;45,0971250971251;41,6666666666667;45,0812064965197;45,8945430351122
"Eskimo_Aleut";"c0";0,996617487080152;44,996114996115;49,3666666666667;45,0163959783449;44,5895701211483
"Eskimo_Aleut";"c0";0,997255128535333;45,5477855477855;53,8579874786771;45,5863479697386;42,4036891056654
"Eskimo_Aleut";"c0";0,993698690374545;46,1460761460761;49,738961038961;46,1627484657647;39,3735882312414
"Eskimo_Aleut";"c0";0,999290012714207;44,5843045843046;45,3396011396011;44,5878094407097;46,8905342009415
"Eskimo_Aleut";"c0";0,998726262549431;45,0505050505051;42,7111111111111;45,0396493941738;47,2749934019194
"Eskimo_Aleut";"c0";0,992023326128725;46,4257964257964;58,7957950431635;46,4831978114919;34,8322503788033
"Eskimo_Aleut";"c0";0,997339426021409;45,9207459207459;54,4525653839747;45,9603367303201;42,2569561680369
"Eskimo_Aleut";"c0";0,999330591258574;44,996114996115;41,712962962963;44,9808799518776;45,4947263933021
"Eskimo_Aleut";"c0";0,998881513471427;45,3302253302253;52,1102971102971;45,3616873802489;48,0460718312935
"Eskimo_Aleut";"c0";0,998564286809561;44,6775446775447;46,7523579480101;44,6871725813519;43,7080100274418
"Eskimo_Aleut";"c0";0,998156812656143;45,1282051282051;42,5;45,1160092807425;44,7705878801544
"Eskimo_Aleut";"c0";0,994102324639971;45,5011655011655;52,4343434343434;45,533338020577;40,8008587593037
"Eskimo_Aleut";"c0";0,993624599561338;46,5112665112665;52,2749830814347;46,5380122958149;40,5631528169488
"Eskimo_Aleut";"c0";0,996725118893535;45,8430458430458;49,6383005078657;45,8606572336019;42,8910191600194
"Eskimo_Aleut";"c0";0,998821200745148;44,2657342657343;19,2307692307692;44,1495627342495;45,4265365758139
"Eskimo_Aleut";"c0";0,998185887725281;45,4234654234654;47,5709401709402;45,4334305035001;45,0186458215607
"Eskimo_Aleut";"c0";0,997362467743813;44,9339549339549;48,8186813186813;44,9519815065059;43,697380891888
"Eskimo_Aleut";"c0";0,995228900398186;45,7031857031857;56,1161290322581;45,7515056258264;38,8949667287426
"Eskimo_Aleut";"c0";0,99921526910031;45,4234654234654;52,5869963369963;45,4567068662196;45,7151974143314
"Eskimo_Aleut";"c0";0,995652825172238;45,3613053613054;50,4701863354037;45,3850124655935;41,1164996778579
"Eskimo_Aleut";"c0";0,998099127535687;45,2991452991453;48,9616402116402;45,3161406351662;42,6279283577224
"Eskimo_Aleut";"c0";0,99847603449812;45,5089355089355;48,1181318681319;45,5210431486534;45,5573303606643
"Eskimo_Aleut";"c0";0,997181367239225;45,959595959596;55,7729428936325;46,0051335323757;39,6980487738548
"Eskimo_Aleut";"c0";0,997027348912339;45,7886557886558;50;45,8081979891725;41,5499730087757
"Eskimo_Aleut";"c0";0,99944290028453;45,1359751359751;47,3407407407407;45,1462060668557;47,4584408853879
"Eskimo_Aleut";"c0";0,995555411846115;45,0582750582751;49,0667166416792;45,0768757152746;42,6371706096026
"Eskimo_Aleut";"c0";0,998558257316554;44,9494949494949;47,6164835164835;44,9618707665111;46,1384359864685
"Eskimo_Aleut";"c0";0,994043390032982;45,3457653457653;56,1100529100529;45,3957156360869;38,7034778027329
"Eskimo_Aleut";"c0";0,992763223171926;46,4957264957265;53,1003831417624;46,5263745544088;35,7294097245106
"Eskimo_Aleut";"c0";0,99598178148699;45,1903651903652;50,4871794871795;45,2149443750372;40,9734431933104
"Eskimo_Aleut";"c0";0,991081799479683;45,7731157731158;57,6293995859213;45,8281333314119;36,3360078546061
"Eskimo_Aleut";"c0";0,997655580432797;43,9160839160839;47,1247863247863;43,9309734864259;45,373219679302
"Eskimo_Aleut";"c0";0,995460070931673;45,9207459207459;55,3618077324974;45,964555952355;40,3365359834296
"Eskimo_Aleut";"c0";0,998107229600872;45,5400155400155;37,8;45,5040989945862;45,1529408433491
"Eskimo_Aleut";"c0";0,99739038263577;45,4623154623155;48,3277591973244;45,4756121849837;43,011152815711
"Eskimo_Aleut";"c0";0,998452649987568;45,4001554001554;53,0465608465608;45,4356375599995;44,7014819406186
"Eskimo_Aleut";"c0";0,994272900262465;46,021756021756;49,153605015674;46,0362889637232;40,1581652337053
"Eskimo_Aleut";"c0";0,997357488522512;45,7031857031857;49,0647396082179;45,7187845612137;43,7623995903024
"Eskimo_Aleut";"c0";0,997935208446692;45,4312354312354;53,4666666666667;45,4685228151586;44,2292580500597
"Eskimo_Aleut";"c0";0,99925630880811;45,3457653457653;37,9166666666667;45,3112915699923;45,2411331848261
"Eskimo_Aleut";"c0";0,983426650838224;47,0862470862471;52,1597967250141;47,1097902400233;37,4998955167503
"Eskimo_Aleut";"c0";0,997152388632036;45,3069153069153;43,1384615384615;45,2968528764352;46,6780937336205
"Eskimo_Aleut";"c0";0,997443900639937;45,1670551670552;50,5703703703704;45,1921285554696;40,2015444894832
"Eskimo_Aleut";"c0";0,998333412303091;44,8018648018648;52,9111111111111;44,8394947151328;44,9241984617835
"Eskimo_Aleut";"c0";0,996946961751894;44,988344988345;53,8894937146811;45,0296496228059;43,9753059015978
"Eskimo_Aleut";"c0";0,996585772817334;45,5011655011655;54,2324393358876;45,5416818530668;43,7946571122836
"Eskimo_Aleut";"c0";0,99818970035969;45,2292152292152;53,2538797756189;45,2664526517043;43,9092165286268
"Eskimo_Aleut";"c0";0,997084030154125;45,2525252525253;53,7852502320268;45,2921202640311;43,3871417723617
"Eskimo_Aleut";"c0";0,994401362955197;46,0761460761461;50,2395511921459;46,0954658214639;40,9732077483114
"Eskimo_Aleut";"c0";0,996377573171321;45,5866355866356;40,3174603174603;45,5621846573123;38,978345188561
"Eskimo_Aleut";"c0";0,994625498972873;45,2292152292152;51,5571428571429;45,2585791625235;37,7420091028408
"Eskimo_Aleut";"c0";0,994553138581087;43,5586635586636;55,068115942029;43,6120716903729;40,4783004282468
"Eskimo_Aleut";"c0";0,995291752916227;45,2447552447552;55,5472831765935;45,2925627989633;40,4630228739925
"Eskimo_Aleut";"c0";0,995444788855712;46,3170163170163;55,7885630498534;46,3609678099761;40,5162419188336
"Eskimo_Aleut";"c0";0,993963936772719;46,1538461538462;55,4742424242424;46,1970962525487;41,9433712817375
"Eskimo_Aleut";"c0";0,998140330189486;45,4156954156954;47,8879310344828;45,4271675067339;43,4032524119385
"Eskimo_Aleut";"c0";0,99552306577973;46,1771561771562;55,2928071928072;46,2194561818692;40,0317109811499
"Eskimo_Aleut";"c0";0,995976272392803;45,8508158508158;55,6847290640394;45,8964488587658;39,8876121552305
"Eskimo_Aleut";"c0";0,997545359031754;44,6464646464646;47,261396011396;44,6585988987381;43,8316955691999
"Eskimo_Aleut";"c0";0,997492434834996;45,3146853146853;50,1912238325282;45,337314263724;41,5428224842953
"Eskimo_Aleut";"c0";0,997542367809939;45,1592851592852;48,8688485427616;45,1764989104846;44,1137977152872
"Eskimo_Aleut";"c0";0,997665368368411;45,4623154623155;48,3277777777778;45,4756122712039;45,3113354499648
"Eskimo_Aleut";"c0";0,997541069081837;45,4079254079254;48,9224137931034;45,4242339387151;42,9784520094088
"Eskimo_Aleut";"c0";0,996849674825562;45,951825951826;54,1266141266141;45,9897600036811;43,207064398099
"Eskimo_Aleut";"c0";0,99901175223312;45,0971250971251;48,9095238095238;45,1148160424263;45,6620567878549
"Eskimo_Aleut";"c0";0,997365601840805;45,0815850815851;48,6303511303511;45,0980526734587;43,5129643084468
"Eskimo_Aleut";"c0";0,998182197958092;45,0582750582751;45,1178451178451;45,0585514854656;41,7447286295194
"Eskimo_Aleut";"c0";0,996823753851758;44,1958041958042;55,238656617967;44,2470471304778;40,3847489372401
"Eskimo_Aleut";"c0";0,99910502938203;45,5167055167055;46,6132275132275;45,5217937858309;46,6551084779839
"Eskimo_Aleut";"c0";0,992673917353251;45,5089355089355;50,248051948052;45,5309267685138;38,6501697260618
"Eskimo_Aleut";"c0";0,997896507650359;43,8461538461538;53,4290008841733;43,8906218138477;42,9788082872297
"Eskimo_Aleut";"c0";0,996743334067998;45,2136752136752;53,9025789025789;45,2539949523708;42,6649746962774
"Eskimo_Aleut";"c0";0,99976950854313;45,2525252525253;39,957264957265;45,2279532789974;50,1744523772835
"Eskimo_Aleut";"c0";0,996663645746664;45,6954156954157;53,8249336870027;45,7331396768152;44,1728864358903
"Eskimo_Aleut";"c0";0,999057845607614;45,1748251748252;52,3763736263736;45,208243033069;45,8333077488483
"Eskimo_Aleut";"c0";0,998450872408569;44,8717948717949;47,9252269469661;44,8859639301483;43,8301836398902
"Eskimo_Aleut";"c0";0,996729498835516;45,2913752913753;48,5631116065899;45,3065573624436;41,9189649035924
"Eskimo_Aleut";"c0";0,99528547277734;45,2680652680653;48,2642857142857;45,2819688432217;41,4434584816674
"Eskimo_Aleut";"c0";0,999602772930247;43,6985236985237;47,7407407407407;43,7172810861906;46,9665549230856
"Eskimo_Aleut";"c0";0,996936859359872;45,2991452991453;48,6748452696729;45,3148098001686;45,6652306852953
"Eskimo_Aleut";"c0";0,997020947228036;45,8119658119658;53,9476690226315;45,849718495078;43,7582686772848
"Eskimo_Aleut";"c0";0,989278306354043;45,5167055167055;56,9535939101157;45,5697769245636;37,7776325626179
"Eskimo_Aleut";"c0";0,999146919209445;44,2968142968143;37,7314814814815;44,2663487153046;44,3348889206249
"Eskimo_Aleut";"c0";0,990533616504471;46,7754467754468;53,7089788439114;46,8076209381775;35,9371995457265
"Eskimo_Aleut";"c0";0,994542680714654;46,2470862470863;56,8259259259259;46,2961759903755;38,5470277629592
"Eskimo_Aleut";"c0";0,998635243893323;45,011655011655;48,0835164835165;45,0259095892507;46,7536180608294
"Eskimo_Aleut";"c0";0,995511296538044;45,8430458430458;49,1233766233766;45,8582677956228;42,0046592687083
"Eskimo_Aleut";"c0";0,99236449172009;46,5967365967366;56,6401607466943;46,6433418132097;39,0781538788062
"Eskimo_Aleut";"c0";0,996713700976782;45,003885003885;54,6120515499826;45,0484704634957;41,6619473274259
"Eskimo_Aleut";"c0";0,998408118872352;45,4390054390054;37,6006441223833;45,4026325326638;45,3679620576356
"Eskimo_Aleut";"c0";0,989226587932577;45,9285159285159;57,4933862433862;45,9821812200002;36,4552140254138
"Eskimo_Aleut";"c0";0,998229828296789;45,4700854700855;52,9087301587302;45,5046035428866;45,7533292265385
"Eskimo_Aleut";"c0";0,998098708081085;45,4467754467754;49,0750778456925;45,46361211684;42,3338026421678
"Eskimo_Aleut";"c0";0,995164153556119;46,1926961926962;55,8334975369458;46,2374330898853;39,7603953747892
"Eskimo_Aleut";"c0";0,994062680661412;45,4700854700855;57,1703433997287;45,5243790103622;37,4727012915397
"Eskimo_Aleut";"c0";0,995408398651802;45,9052059052059;55,2296037296037;45,9484745726045;42,3741386365319
"Eskimo_Aleut";"c0";0,9894560248829;46,2626262626263;58,1818731782434;46,3179359930932;37,0285304501618
"Eskimo_Aleut";"c0";0,995041826907805;45,8663558663559;55,0322588705647;45,9088890589508;42,2777063182823
"Eskimo_Aleut";"c0";0,997443201243502;44,965034965035;53,9735264735265;45,0068377098539;44,4133181304469
"Eskimo_Aleut";"c0";0,997449501753829;45,3457653457653;48,1048581048581;45,3585685604247;43,6872389198674
"Eskimo_Aleut";"c0";0,995006028983586;46,7987567987568;43,2679738562092;46,7823726551719;36,0734383124173
"Eskimo_Aleut";"c0";0,997125698409451;45,6798756798757;48,123745819398;45,6912161445602;43,8051532046944
"Eskimo_Aleut";"c0";0,998093278542066;45,2913752913753;48,3532763532764;45,3055836489711;45,3038869889295
"Eskimo_Aleut";"c0";0,994390597695537;46,6200466200466;56,6377171215881;46,6665323300306;38,6985930511931
"Eskimo_Aleut";"c0";0,996201979578499;45,6876456876457;54,6659700452804;45,7293084456858;40,9028598966758
"Eskimo_Aleut";"c0";0,995445590809785;45,8663558663559;56,4558895765792;45,9154952339207;37,502551425912
"Eskimo_Aleut";"c0";0,997527301462979;45,1592851592852;53,7566327947138;45,1991800439043;43,5365542751899
"Eskimo_Aleut";"c0";0,997011136699928;45,7653457653458;53,8055356936916;45,8026552313706;44,1089045937232
"Eskimo_Aleut";"c0";0,996303087543552;45,9362859362859;54,4581939799331;45,9758307531938;42,8155617629322
"Eskimo_Aleut";"c0";0,997196850704466;45,1359751359751;48,9550264550265;45,1536969518408;43,2476751158927
"Eskimo_Aleut";"c0";0,993951183812868;46,2937062937063;53,3181818181818;46,3263024678338;37,9796477600353
"Eskimo_Aleut";"c0";0,996927118560366;42,968142968143;54,2647426286857;43,0205633842012;40,5273915937326
"Eskimo_Aleut";"c0";0,995700149799003;45,5477855477855;49,2512820512821;45,5649711464097;42,8496294562919
"Eskimo_Aleut";"c0";0,987101846101656;46,7365967365967;57,8933709968193;46,7883683108901;37,3008865970566
"Eskimo_Aleut";"c0";0,998765281019816;45,4623154623155;43,1730769230769;45,4516925456601;44,9918968292806
"Eskimo_Aleut";"c0";0,999491850562432;44,8018648018648;46,819943019943;44,8112294339672;47,8457229776227
"Eskimo_Aleut";"c0";0,998779134931733;45,2059052059052;42,7384615384615;45,1944553512999;47,4889151133629
"Eskimo_Aleut";"c0";0,996702683533438;45,5167055167055;50,3646353646354;45,5392017108954;41,9278560881803
"Eskimo_Aleut";"c0";0,992619044896963;46,3247863247863;57,8509454949944;46,3782719821887;37,4472113527772
"Eskimo_Aleut";"c0";0,994677042357368;46,1771561771562;51,9231950844854;46,2038199307865;38,6687952354274
"Eskimo_Aleut";"c0";0,996985466806647;45,3379953379953;48,3775419982317;45,3520999628688;44,1152366159494
"Eskimo_Aleut";"c0";0,996748742594945;45,8197358197358;49,6424010217114;45,8374744053598;40,8461496138327
"Eskimo_Aleut";"c0";0,998936847873908;45,1437451437451;46,3521367521368;45,1493525293989;47,4926095683965
"Eskimo_Aleut";"c0";0,995955052496338;45,2369852369852;43,7037037037037;45,2298702414712;42,7878647901532
"Eskimo_Aleut";"c0";0,99100403752476;46,6666666666667;56,8956043956044;46,7141327350144;38,2351258872457
"Eskimo_Aleut";"c0";0,991451591195007;45,6487956487956;56,5231950844854;45,6992568990773;38,3562375189978
"Eskimo_Aleut";"c0";0,996909865015046;45,6954156954157;55,0839964633068;45,7389821954987;40,5071066885011
"Eskimo_Aleut";"c0";0,999110393219119;44,5299145299145;46,2592592592593;44,5379393314428;45,6658942547579
"Eskimo_Aleut";"c0";0,991491397980894;47,008547008547;53,9464912280702;47,0407416452965;35,1547216598403
"Eskimo_Aleut";"c0";0,994948303317296;46,0761460761461;55,3976885183782;46,1194014935114;39,5731415221719
"Eskimo_Aleut";"c0";0,998872685446369;44,4211344211344;46,3982905982906;44,4303091597755;45,0918659347395
"Eskimo_Aleut";"c0";0,997590613966726;45,3302253302253;49,9074074074074;45,3514651542494;40,2981941437211
"Eskimo_Aleut";"c0";0,989888232486655;47,0784770784771;59,9769015014024;47,1383305560777;32,8142212335462
"Eskimo_Aleut";"c0";0,998265853878714;45,2758352758353;47,1698005698006;45,2846239778954;45,9914963652226
"Eskimo_Aleut";"c0";0,997803014563798;45,4156954156954;48,6479623436145;45,4306943341544;43,3543790700838
"Eskimo_Aleut";"c0";0,997419005874003;44,4988344988345;48,776455026455;44,5186842460624;42,0286930866054
"Eskimo_Aleut";"c0";0,996987989659845;45,9285159285159;53,9120618262297;45,9655625452107;43,2965865606513
"Eskimo_Aleut";"c0";0,997138339013594;44,7940947940948;47,9062111801242;44,808536169436;43,6001803148513
"Eskimo_Aleut";"c0";0,993733704825692;46,021756021756;56,7538461538462;46,0715569040395;37,5111925443661
"Eskimo_Aleut";"c0";0,995497508019799;46,037296037296;55,7553798858147;46,0823915539945;41,8624904833249
"Eskimo_Aleut";"c0";0,997884103047648;44,0559440559441;48,7337662337662;44,0776508873957;41,4541867403091
"Eskimo_Aleut";"c0";0,993944084727268;45,8197358197358;55,4683372599415;45,8645089122658;41,2430554583357
"Eskimo_Aleut";"c0";0,994836414304099;45,9129759129759;50,3500557413601;45,9335656105554;42,7746356185961
"Eskimo_Aleut";"c0";0,996912041123973;45,4312354312354;48,947619047619;45,4475527566015;43,4767149464244
"Eskimo_Aleut";"c0";0,996430499664441;45,8352758352758;54,2215697706702;45,8741913523774;42,7226972942387
"Eskimo_Aleut";"c0";0,999406644647094;44,9261849261849;45,7099715099715;44,9298219868986;49,2660770923329
"Eskimo_Aleut";"c0";0,999098393223326;45,4933954933955;52,4623524623525;45,5257340408152;45,8773843001367
"Eskimo_Aleut";"c0";0,996998775978002;45,982905982906;49,0151515151515;45,9969767278352;42,6932003136447
"Eskimo_Aleut";"c0";0,982938805832495;47,1561771561772;58,1858881858882;47,2073591099113;36,5822841103733
"Eskimo_Aleut";"c0";0,994655099671987;46,2781662781663;51,3690476190476;46,3017898574743;39,0497787525841
"Eskimo_Aleut";"c0";0,992582883544079;46,1149961149961;56,5347920445372;46,1633478362469;38,9944914913398
"Eskimo_Aleut";"c0";0,998076199260738;45,2602952602953;47,1698005698006;45,2691560737964;45,0562804495421
"Eskimo_Aleut";"c0";0,995838341850159;45,1282051282051;50,1318681318681;45,1514239820504;40,5980888657248
"Eskimo_Aleut";"c0";0,994318245673265;45,9052059052059;55,8374033374033;45,951294988418;39,3050337485636
"Eskimo_Aleut";"c0";0,997314338872221;45,3846153846154;53,8267080745342;45,4237898286521;43,6641836730678
"Eskimo_Aleut";"c0";0,998101013810873;45,4933954933955;52,842328042328;45,5274972685646;45,2746149207613
"Eskimo_Aleut";"c0";0,997074219136715;45,3613053613054;50,1724137931034;45,3836306904552;41,1985409498002
"Eskimo_Aleut";"c0";0,99665618058366;45,5167055167055;55,240284619595;45,5618265334243;40,2625019579528
"Eskimo_Aleut";"c0";0,997499062895144;45,8430458430458;53,8437424644321;45,8801720454653;43,885544987082
"Eskimo_Aleut";"c0";0,99839628967028;44,965034965035;48,0360460795243;44,9792855966567;44,2458155485528
"Eskimo_Aleut";"c0";0,992831974466286;46,8065268065268;56,9497076023392;46,8535949308693;37,6205181015681
"Eskimo_Aleut";"c0";0,998635914832738;45,4390054390054;48,3002866698519;45,4522828461091;45,5578923447209
"Eskimo_Aleut";"c0";0,993244945256099;46,8065268065268;51,7407407407407;46,8294233909083;38,188068591173
"Eskimo_Aleut";"c0";0,997502199895542;44,5687645687646;51,5960591133005;44,6013738241916;40,1699586724186
"Eskimo_Aleut";"c0";0,997294606509503;45,7342657342657;54,2118786760466;45,7736050054573;42,4304883174323
"Eskimo_Aleut";"c0";0,995810935240271;45,3146853146853;54,6508158508158;45,3580084262219;42,6650900167846
"Eskimo_Aleut";"c0";0,998735902759123;45,3768453768454;48,5001150218541;45,3913385074487;46,2261068087724
"Eskimo_Aleut";"c0";0,995852695967107;45,5555555555556;49,3482905982906;45,5731552541297;42,0363910921784
"Eskimo_Aleut";"c0";0,995674942054175;45,8663558663559;51,1172161172161;45,8907218071951;39,462591376306
"Eskimo_Aleut";"c0";0,996485943438046;44,7785547785548;48,0590062111801;44,7937772910032;44,6231933490511
"Eskimo_Aleut";"c0";0,997797877446231;45,5866355866356;47,1555555555556;45,5939159577211;44,9894258327474
"Eskimo_Aleut";"c0";0,997010214974931;45,8197358197358;48,4416445623342;45,8319024496319;43,44179752083
"Eskimo_Aleut";"c0";0,997384201553473;45,5244755244755;54,5853560232871;45,5665213736579;40,9978474222626
"Eskimo_Aleut";"c0";0,998459099626934;45,2525252525253;41,1846153846154;45,2336486406092;47,4403275647146
"Eskimo_Aleut";"c0";0,999786250409802;43,0691530691531;40,7977207977208;43,0586127801905;45,7608717933809
"Eskimo_Aleut";"c0";0,992536179001405;45,2913752913753;56,4635654200872;45,3432184010213;39,1006027296637
"Eskimo_Aleut";"c0";0,99512141156362;44,5609945609946;50,2002164502165;44,5871626440072;40,4082369510774
"Eskimo_Aleut";"c0";0,992351024637245;45,4156954156954;55,6809178743961;45,4633298586592;39,3891825082341
"Eskimo_Aleut";"c0";0,998325501760223;45,4933954933955;47,5863247863248;45,5031074622722;46,1095823975173
"Eskimo_Aleut";"c0";0,998718266225113;45,4001554001554;47,8062678062678;45,4113206549401;45,7413459782877
"Eskimo_Aleut";"c0";0,989991462301545;45,9362859362859;58,7726729662214;45,9958515373529;35,0930827619322
"Eskimo_Aleut";"c0";0,992107229374473;45,9052059052059;56,0748996131305;45,952397059303;40,4749966381687
"Eskimo_Aleut";"c0";0,996342417891208;44,4910644910645;49,8337438423645;44,5158565066158;41,1828997738417
"Eskimo_Aleut";"c0";0,997356163307435;45,1359751359751;50,7225589225589;45,1618989586507;41,1660835252651
"Eskimo_Aleut";"c0";0,998236302651444;45,5477855477855;47,7139848878979;45,5578375168812;46,4284563717922
"Eskimo_Aleut";"c0";0,99444591511592;46,2237762237762;56,1354497354497;46,269770068378;38,620412346648
"Eskimo_Aleut";"c0";0,993534293455998;46,2937062937063;57,0779569892473;46,3437492203677;37,6937555281058
"Eskimo_Aleut";"c0";0,998848914045563;45,003885003885;47,8643874643875;45,0171587972052;47,6361272221483
"Eskimo_Aleut";"c0";0,996462773876912;45,959595959596;54,5562521769418;45,9994876357785;42,1488228361074
"Eskimo_Aleut";"c0";0,995849073324954;45,8508158508158;54,7899607888363;45,8922968018043;41,3811893619627
"Eskimo_Aleut";"c0";0,997020175900093;45,3302253302253;54,6920289855072;45,3736675745654;41,0102595267153
"Eskimo_Aleut";"c0";0,998807559955343;45,4312354312354;52,2669922669923;45,4629558805893;46,4631003944794
"Eskimo_Aleut";"c0";0,996192607601283;45,7109557109557;45,8703703703704;45,7116954541548;39,2325298100667
"Eskimo_Aleut";"c0";0,994785806464361;45,5167055167055;49,4706119162641;45,535053110207;41,6539796391923
"Eskimo_Aleut";"c0";0,997279279215921;45,4312354312354;49,2382617382617;45,4489014465813;42,2754243492241
"Eskimo_Aleut";"c0";0,996996142712338;45,2059052059052;48,3532272325376;45,2205099484882;41,9643516225626
"Eskimo_Aleut";"c0";0,996355924322532;45,6565656565657;48,4265734265734;45,6694195209276;40,7681662474411
"Eskimo_Aleut";"c0";0,998303350800338;44,4211344211344;47,9532763532764;44,4375248709355;45,0140472647978
"Eskimo_Aleut";"c0";0,999092826453878;44,8251748251748;52,5132275132275;44,8608502436809;44,4462983603931
"Eskimo_Aleut";"c0";0,999627148982229;43,7062937062937;46,7042735042735;43,7202054454955;46,1170850991675
"Eskimo_Aleut";"c0";0,994463880449599;46,4724164724165;55,9868180988871;46,5165668279917;39,896963618517
"Eskimo_Aleut";"c0";0,99561173120637;46,2237762237762;56,2169312169312;46,2701481727004;39,4151703704108
"Eskimo_Aleut";"c0";0,995057477746659;45,5244755244755;55,9269841269841;45,5727470261113;40,8762522491667
"Eskimo_Aleut";"c0";0,998228060535978;44,0792540792541;47,5304347826087;44,0952688388984;45,3643285311312
"Eskimo_Aleut";"c0";0,996945738780302;45,0971250971251;48,4976190476191;45,1129046514197;45,2384252340449
"Eskimo_Aleut";"c0";0,997766573600497;45,1981351981352;54,1987577639752;45,2399014281391;41,7685557251305
"Eskimo_Aleut";"c0";0,990032101994762;46,977466977467;58,9977280742764;47,0332454512341;34,8182275804828
"Eskimo_Aleut";"c0";0,99632292602287;45,2680652680653;54,5350241545894;45,3110673974691;42,0116010396081
"Eskimo_Aleut";"c0";0,994572737499369;45,6643356643357;49,8664796633941;45,6838351724519;40,22722186082
"Eskimo_Aleut";"c0";0,997014393033251;45,019425019425;50,0173913043478;45,0426174383806;41,1392122543936
"Eskimo_Aleut";"c0";0,997451368677062;44,5687645687646;48,4815184815185;44,5869211994502;41,5622929713149
"Eskimo_Aleut";"c0";0,995234370728197;46,3480963480963;57,1292547608337;46,3981249254176;37,9010804588092
"Eskimo_Aleut";"c0";0,998484287177466;45,5555555555556;47,7214170692432;45,5656059570112;46,4449712794927
"Eskimo_Aleut";"c0";0,998424770200292;44,8407148407148;47,5481481481482;44,853278336341;44,5704686633365
"Eskimo_Aleut";"c0";0,9974095975344;45,5477855477855;54,027454027454;45,587134357436;42,8946834196841
"Eskimo_Aleut";"c0";0,998525184864329;45,4234654234654;46,3175753393145;45,4276144253951;44,4575796919949
"Eskimo_Aleut";"c0";0,998029040158359;45,027195027195;53,1351900972591;45,0648191342487;44,2842138212375
"Eskimo_Aleut";"c0";0,995903204493748;46,2393162393162;56,4333333333333;46,2866202629544;39,5636872282619
"Eskimo_Aleut";"c0";0,997178398521733;45,2214452214452;53,761958306561;45,2610763726523;44,791372772533
"Eskimo_Aleut";"c0";0,998279492140335;45,5011655011655;47,9082621082621;45,5123353230082;47,1851922629364
"Eskimo_Aleut";"c0";0,998550258835818;45,5011655011655;53,1428571428571;45,5366257872058;44,0997306444722
"Eskimo_Aleut";"c0";0,997039519840948;45,2059052059052;54,2750778456925;45,2479895337;41,6566503649484
"Eskimo_Aleut";"c0";0,996495606158863;45,7653457653458;54,8100949525237;45,8073167592538;42,151309805613
"Eskimo_Aleut";"c0";0,992713098708572;45,8352758352758;55,4883252818035;45,8800695682064;41,501583513424
"Eskimo_Aleut";"c0";0,996079531131417;45,5244755244755;54,7501729904279;45,5672861855704;43,5631141949236
"Eskimo_Aleut";"c0";0,99536918841862;46,013986013986;54,6405723905724;46,0540165772184;43,2628121702423
"Eskimo_Aleut";"c0";0,999835521769601;45,2913752913753;41,5384615384615;45,2739603783687;49,8431020340728
"Eskimo_Aleut";"c0";0,99696317594641;45,6721056721057;44,7902097902098;45,6680133478277;41,383753152134
"Eskimo_Aleut";"c0";0,999146613601019;45,3690753690754;35,8653846153846;45,324974715926;47,808841123476
"Eskimo_Aleut";"c0";0,99931234954902;44,9184149184149;37,9807692307692;44,8862216669641;45,9581865247506
"Eskimo_Aleut";"c0";0,996000602847677;45,8585858585859;54,5511457946241;45,8989225636255;41,8124489756484
"Eskimo_Aleut";"c0";0,999343030816062;44,7863247863248;47,3846153846154;44,7983818192635;46,813882152754
"Eskimo_Aleut";"c0";0,998774291163625;45,3613053613054;47,4928774928775;45,3711966472987;47,1019188860599
"Eskimo_Aleut";"c0";0,995904056554986;45,7420357420357;55,7792207792208;45,7886120067095;39,0322160358621
"Eskimo_Aleut";"c0";0,996781302247236;45,3457653457653;49,1985631116066;45,3636437576718;40,7958488923914
"Eskimo_Aleut";"c0";0,999536374903774;45,2991452991453;37,5071225071225;45,26298742076;47,9290218494516
"Eskimo_Aleut";"c0";0,998135550238542;45,4312354312354;37,3692307692308;45,3938247367482;45,9876867280691
"Eskimo_Aleut";"c0";0,995339355490709;45,8119658119658;55,7840175953079;45,8582398341623;40,5712460202398
"Eskimo_Aleut";"c0";0,99811830317074;45,1282051282051;48,5775862068965;45,144211536923;44,2096427623256
"Eskimo_Aleut";"c0";0,996765770322519;45,8818958818959;49,7275862068966;45,8997413126383;42,5246316641136
"Eskimo_Aleut";"c0";0,998677276515368;44,6153846153846;48,2073844030366;44,6320528278563;44,7079992400037
"Eskimo_Aleut";"c0";0,997217160886557;45,1437451437451;48,283908045977;45,1583166653332;45,5445703487464
"Eskimo_Aleut";"c0";0,996437325547525;45,6099456099456;49,973544973545;45,6301943308904;42,5973192006787
"Eskimo_Aleut";"c0";0,999241588271232;44,8717948717949;47,4120879120879;44,883582774534;45,4223960474985
"Eskimo_Aleut";"c0";0,995880744081094;45,5944055944056;48,9533011272142;45,6099921165996;42,4723598899837
"Eskimo_Aleut";"c0";0,996792967704572;45,2602952602953;50,0412087912088;45,2824804738958;44,0745212160962
"Eskimo_Aleut";"c0";0,998664146368843;44,980574980575;42,7692307692308;44,9703135225177;46,6619898993823
"Eskimo_Aleut";"c0";0,99327660824819;46,2082362082362;56,2793625914316;46,2549699733555;38,4237069504995
"Eskimo_Aleut";"c0";0,996738150771374;44,5454545454545;55,3706293706294;44,5956873752697;40,1674985395566
"Eskimo_Aleut";"c0";0,996725022298973;45,3613053613054;49,0237520128824;45,3783004733776;41,7571138558352
"Eskimo_Aleut";"c0";0,994044980747542;45,8275058275058;55,7896825396825;45,8737340257062;39,5697428326986
"Eskimo_Aleut";"c0";0,997097770384871;45,0893550893551;50,1547619047619;45,112860457408;44,2400235299912
"Eskimo_Aleut";"c0";0,999439655688838;44,965034965035;45,8615384615385;44,9691950740675;46,8771112066596
"Eskimo_Aleut";"c0";0,993222326955919;46,7288267288267;58,0297906602254;46,7812673967219;36,5142516801314
"Eskimo_Aleut";"c0";0,993254024996604;47,0551670551671;53,4565397040042;47,0848718006373;36,44407811392
"Eskimo_Aleut";"c0";0,996259959773373;45,8275058275058;49,4961038961039;45,8445294844367;42,0102081357584
"Eskimo_Aleut";"c0";0,998456214860433;45,1048951048951;49,1614022048805;45,1237188037349;42,9251503187218
"Eskimo_Aleut";"c0";0,998357114984935;44,5765345765346;46,8043956043956;44,586872678752;46,2666993765323
"Eskimo_Aleut";"c0";0,999137670881964;44,7785547785548;47,4153846153846;44,7907906478672;44,5424902771906
"Eskimo_Aleut";"c0";0,997826541542287;45,2680652680653;54,1933928140825;45,3094821012254;44,1155270520926
"Eskimo_Aleut";"c0";0,998655200573786;45,1282051282051;47,3017200191113;45,1382910441722;44,4420509880787
"Eskimo_Aleut";"c0";0,996251319246927;45,4545454545455;55,3493265993266;45,5004609122939;41,2725431390299
"Eskimo_Aleut";"c0";0,998759540833229;45,2913752913753;42,3692307692308;45,2778154560057;46,0992665163146
"Eskimo_Aleut";"c0";0,994737522855838;45,1981351981352;49,6610565684899;45,2188448100626;39,7955572126956
"Eskimo_Aleut";"c0";0,99794334098127;45,0815850815851;47,6210826210826;45,0933692929053;44,5251959246485
"Eskimo_Aleut";"c0";0,99630491577126;45,4778554778555;48,3561996779388;45,4912120634707;42,7675505411805
"Eskimo_Aleut";"c0";0,998101053950782;45,5866355866356;53,110875331565;45,6215508522733;45,6666979423592
"Eskimo_Aleut";"c0";0,998451282553186;45,1592851592852;49,0655270655271;45,1774115718431;46,5643903428027
"Eskimo_Aleut";"c0";0,998269594479415;44,6853146853147;52,7055555555556;44,7225315803042;45,3668198020861
"Eskimo_Aleut";"c0";0,994916916575618;46,2315462315462;56,3336261162348;46,2784236324033;38,5753299187675
"Eskimo_Aleut";"c0";0,997153005622005;44,8951048951049;44,5512820512821;44,8935094294723;43,1239971837242
"Eskimo_Aleut";"c0";0,999455076775729;44,9028749028749;46,6307692307692;44,910892974002;46,0763980399165
"Eskimo_Aleut";"c0";0,995745592207882;45,6487956487956;55,4334975369458;45,6942002979286;40,3632498751367
"Eskimo_Aleut";"c0";0,99733006757473;45,8041958041958;46,2111801242236;45,8060843625254;41,8326503373104
"Eskimo_Aleut";"c0";0,996849672166472;45,019425019425;38,2828282828283;44,9881647097424;41,5016634037985
"Eskimo_Aleut";"c0";0,997197843697475;45,3069153069153;38,6181818181818;45,2758771004711;42,6202604160002
"Eskimo_Aleut";"c0";0,998536232186278;45,1825951825952;53,1891688770999;45,2197486568156;45,7541909446388
"Eskimo_Aleut";"c0";0,997416910061571;45,6099456099456;43,5384615384615;45,6003331548575;46,0351081937995
"Eskimo_Aleut";"c0";0,995038747785774;45,6487956487956;39,6321070234114;45,6208759800004;41,0809150243533
"Eskimo_Aleut";"c0";0,996345125736858;46,021756021756;49,2051282051282;46,0365280504492;43,5654975294175
"Eskimo_Aleut";"c0";0,993449958221369;46,4335664335664;56,4438822047518;46,4800180148712;39,1850740281263
"Eskimo_Aleut";"c0";0,997937111595061;45,3846153846154;53,2358744315266;45,4210481412136;43,7532221109123
"Eskimo_Aleut";"c0";0,997519679145027;45,7342657342657;53,4335054694875;45,7699930648236;45,114917209118
"Eskimo_Aleut";"c0";0,997804275817397;45,7031857031857;53,6819145982564;45,7402099672;44,0557129088357
"Eskimo_Aleut";"c0";0,992859168718925;46,4180264180264;49,5076923076923;46,4323636147302;41,2735681385355
"Eskimo_Aleut";"c0";0,995416486323156;44,8640248640249;55,1029556650246;44,9115373039367;40,8152351410331
"Eskimo_Aleut";"c0";0,991613624921155;47,0551670551671;59,7071088111858;47,1138767616915;34,8235208901722
"Eskimo_Aleut";"c0";0,990812608191166;45,2059052059052;52,4702380952381;45,2396144072478;38,5785206802917
"Eskimo_Aleut";"c0";0,997206007645235;45,6798756798757;54,8349471728782;45,7223586102376;40,9552142665419
"Eskimo_Aleut";"c0";0,996110113013183;44,9339549339549;55,6485835365146;44,9836747882592;39,3257539037747
"Eskimo_Aleut";"c0";0,996682203770878;45,0893550893551;49,8666666666667;45,1115235885538;44,2462814466334
"Eskimo_Aleut";"c0";0,99793839568993;45,2836052836053;48,7762237762238;45,2998123299747;43,3898792950483
"Eskimo_Aleut";"c0";0,994766147882001;45,8818958818959;54,4639167595689;45,9217196446693;41,7038484978214
"Eskimo_Aleut";"c0";0,997588850014241;45,5710955710956;48,9785214785215;45,5869072922437;42,1185485673065
"Eskimo_Aleut";"c0";0,997635564974554;45,3846153846154;49,9801061007958;45,4059401675211;45,3076317706693
"Eskimo_Aleut";"c0";0,996316409580075;46,021756021756;51,0591133004926;46,045131229546;40,3376728841106
"Eskimo_Aleut";"c0";0,998366018227766;44,6386946386946;47,6373626373626;44,6526095714031;45,9764254417613
"Eskimo_Aleut";"c0";0,996563672388393;44,9184149184149;51,5313852813853;44,9491015558301;40,0338200340587
"Eskimo_Aleut";"c0";0,995646274372711;44,7086247086247;36,6461538461538;44,6712118507942;42,0366876207658
"Eskimo_Aleut";"c0";0,995055280299;46,045066045066;50,2801242236025;46,0647182871938;40,9673583055574
"Eskimo_Aleut";"c0";0,999228466884067;45,042735042735;47,1945054945055;45,0527200564324;49,0651309069623
"Eskimo_Aleut";"c0";0,993935116693935;45,1282051282051;55,8691613789065;45,1780471525703;40,4240147602914
"Eskimo_Aleut";"c0";0,996317263184392;45,6487956487956;49,7101449275362;45,6676418171425;41,0275316082392
"Eskimo_Aleut";"c0";0,988371946267098;47,2882672882673;59,3128481469073;47,3440658073329;34,4519072722701
"Eskimo_Aleut";"c0";0,998669429618941;44,4133644133644;42,0307692307692;44,4023082872271;44,537661918233
"Eskimo_Aleut";"c0";0,994658544525868;45,9207459207459;55,056371814093;45,9631386163067;41,0657738290112
"Eskimo_Aleut";"c0";0,992792388466765;46,0528360528361;50,9122807017544;46,0753856799772;39,8112115044181
"Eskimo_Aleut";"c0";0,998056443906191;44,9028749028749;53,0616605616606;44,9407346971152;44,225907056654
"Eskimo_Aleut";"c0";0,997299830195578;45,4778554778555;48,8822751322751;45,4936532488737;44,7986423218545
"Eskimo_Aleut";"c0";0,997917416307694;45,011655011655;36,5538461538462;44,9724076387649;45,3772455947858
"Eskimo_Aleut";"c0";0,994339559615019;46,2315462315462;55,1562437562438;46,2729601411736;40,712060766938
"Eskimo_Aleut";"c0";0,999425208141332;45,3069153069153;47,3230769230769;45,3162710452734;47,7164168765174
"Eskimo_Aleut";"c0";0,999145627017338;44,5066045066045;46,8098901098901;44,5172926068518;50,4338165333089
"Eskimo_Aleut";"c0";0,996408227165501;46,2237762237762;50,3406593406593;46,2428800897478;40,4464856554594
"Eskimo_Aleut";"c0";0,994348131350673;46,2781662781663;50,7636363636364;46,2989805245026;40,0731470624629
"Eskimo_Aleut";"c0";0,99949549284849;44,972804972805;35,9544159544159;44,9309562998658;47,4951131603625
"Eskimo_Aleut";"c0";0,996964798080747;45,7187257187257;49,2166666666667;45,7349574632637;43,6087598565857
"Eskimo_Aleut";"c0";0,997792182531649;45,6099456099456;47,7391304347826;45,6198258179495;44,6093921383544
"Eskimo_Aleut";"c0";0,995640975650821;45,7653457653458;54,3287997027128;45,8050833706236;42,6089342083574
"Eskimo_Aleut";"c0";0,998445466327484;45,2214452214452;47,097619047619;45,2301513644901;46,6496849428969
"Eskimo_Aleut";"c0";0,999515442715194;44,9106449106449;46,9242165242165;44,9199886304295;48,6042929925015
"Eskimo_Aleut";"c0";0,990121705453305;46,2937062937063;51,4837819185645;46,3177901713158;36,5503948114612
"Eskimo_Aleut";"c0";0,99283211934982;45,2758352758353;51,8858560794045;45,3065082261999;39,4138447148005
"Eskimo_Aleut";"c0";0,994819024229528;45,975135975136;50,8687747035573;45,9978442754999;39,8320152806914
"Eskimo_Aleut";"c0";0,997338722124389;45,8197358197358;49,5557029177719;45,8370720939726;44,4017545812453
"Eskimo_Aleut";"c0";0,998269207299826;45,3613053613054;46,1263736263736;45,3648555620713;44,741424703849
"Eskimo_Aleut";"c0";0,997062282140845;45,8275058275058;53,7444670521882;45,8642434665995;43,2087871678357
"Eskimo_Aleut";"c0";0,9990518949217;45,1359751359751;47,6846560846561;45,1478019617231;47,5275562493482
"Eskimo_Aleut";"c0";0,995827158635398;45,951825951826;55,8465608465608;45,997741194957;39,4824973304568
"Eskimo_Aleut";"c0";0,998448100324063;45,5167055167055;52,9645502645503;45,5512662811967;45,869972471206
"Eskimo_Aleut";"c0";0,995782212039324;45,5089355089355;49,4645534375669;45,5272910445672;44,3722673460904
"Eskimo_Aleut";"c0";0,996578810564221;45,3457653457653;48,3653846153846;45,3597775001487;42,3307494893968
"Eskimo_Aleut";"c0";0,998732889751144;45,2602952602953;52,2374847374847;45,2926720096094;45,8275531878212
"Eskimo_Aleut";"c0";0,996246646952549;45,4234654234654;48,4850241545894;45,4376721925194;42,5974758100687
"Eskimo_Aleut";"c0";0,999474078793671;45,2525252525253;46,1846153846154;45,2568504967577;47,4712575440013
"Eskimo_Aleut";"c0";0,990897320829173;46,3947163947164;52,2294867603792;46,4217918952531;38,0787156298306
"Eskimo_Aleut";"c0";0,995012322202776;45,9362859362859;55,5028816760451;45,9806784919229;40,7265732984077
"Eskimo_Aleut";"c0";0,997698250969919;45,3613053613054;47,6267080745342;45,3718176708795;44,9537463225269
"Eskimo_Aleut";"c0";0,994554000840692;45,998445998446;55,6726750261233;46,0433380124955;40,5123990207734
"Eskimo_Aleut";"c0";0,99484613235581;45,7575757575758;54,65;45,7988399071926;44,0453696486953
"Eskimo_Aleut";"c0";0,999175152412017;44,5920745920746;46,3185185185185;44,6000859328005;45,4025578692391
"Eskimo_Aleut";"c0";0,997796526481531;45,4467754467754;47,8644865601387;45,4579945238676;44,0543769893039
"Eskimo_Aleut";"c0";0,999307115031592;44,7940947940948;45,7846153846154;44,7986911773455;46,6708956920656
"Eskimo_Aleut";"c0";0,998164059256669;45,5167055167055;53,2890804597701;45,5527722217777;44,6164435257271
"Eskimo_Aleut";"c0";0,99362195139368;46,013986013986;55,8439393939394;46,0596006468396;39,9904044885401
"Eskimo_Aleut";"c0";0,994139918868932;45,011655011655;55,0730384807596;45,058343566036;41,4280129712677
"Eskimo_Aleut";"c0";0,994633409645156;46,4413364413364;56,7987228607918;46,4893985592922;38,1401067393671
"Eskimo_Aleut";"c0";0,994881073768596;46,1460761460761;50,1660982695465;46,1647305410807;40,011953357285
"Eskimo_Aleut";"c0";0,996964145487596;45,951825951826;49,8;45,969682907966;43,9317272406354
"Eskimo_Aleut";"c0";0,99757320348326;45,4700854700855;53,3871794871795;45,5068237253852;44,2373914000573
"Eskimo_Aleut";"c0";0,998639843387668;43,7373737373737;48,2086894586895;43,7581223022058;43,4856473278793
"Eskimo_Aleut";"c0";0,993601037211703;45,9052059052059;50,5016722408027;45,9265352153479;39,8589294905727
"Eskimo_Aleut";"c0";0,999093121314402;45,5244755244755;46,9867724867725;45,5312611252286;46,4088535932051
"Eskimo_Aleut";"c0";0,995451135835835;44,8873348873349;39,0833333333333;44,8604021655066;43,2766762206443
"Eskimo_Aleut";"c0";0,998358348995947;45,2214452214452;53,2788682581786;45,2588346554904;44,967052762892
"Eskimo_Aleut";"c0";0,992507557941844;46,6511266511267;50,5598025163243;46,6692643581577;40,4950934945725
"Eskimo_Aleut";"c0";0,998591991788781;45,0893550893551;48,1263736263736;45,1034479827983;46,1695305274503
"Eskimo_Aleut";"c0";0,997936457787925;44,965034965035;53,3686560565871;45,0040308865735;43,1338089664203
"Eskimo_Aleut";"c0";0,993652211164225;47,016317016317;58,2229437229437;47,0683199244684;35,5978728719213
"Eskimo_Aleut";"c0";0,996139578053918;45,6177156177156;54,4931697931698;45,6589010199219;42,6327224679167
"Eskimo_Aleut";"c0";0,997459398644556;44,8951048951049;48,6044973544974;44,9123178531531;43,5733839214416
"Eskimo_Aleut";"c0";0,996742457018968;45,6487956487956;44,7826086956522;45,6447762197787;41,5192721100377
"Eskimo_Aleut";"c0";0,99201127219809;46,6822066822067;56,802709756233;46,7291695735015;38,8827115284968
"Eskimo_Aleut";"c0";0,99882572627185;45,2602952602953;46,8019943019943;45,2674493161732;48,2147855422915
"Eskimo_Aleut";"c0";0,999183331847107;44,6542346542347;46,4648351648352;44,6626365127525;46,7339787840369
"Eskimo_Aleut";"c0";0,996750780054983;45,2758352758353;54,4548494983278;45,3184293093503;41,6222960080993
"Eskimo_Aleut";"c0";0,997555949986617;45,2991452991453;53,9534696937246;45,3393045770784;43,4652121111093
"Eskimo_Aleut";"c0";0,996371885485571;44,9184149184149;48,8909090909091;44,9368487660831;41,2740195049014
"Eskimo_Aleut";"c0";0,993803691622496;45,7498057498058;56,559853190288;45,7999683829402;38,1979500665578
"Eskimo_Aleut";"c0";0,998282041345688;45,1359751359751;53,2378868258179;45,1735710138862;44,4075864557322
"Eskimo_Aleut";"c0";0,993556397489051;46,2315462315462;51,2597751710655;46,2548790804535;39,6855302684654
"Eskimo_Aleut";"c0";0,997175878502694;45,4390054390054;54,1518823921373;45,4794364225467;44,0754575113707
"Eskimo_Aleut";"c0";0,998868808624491;44,8329448329448;52,3987586487586;44,868053017705;45,5610756780727
"Eskimo_Aleut";"c0";0,998429538771655;45,2369852369852;47,123745819398;45,2457405065092;44,1268635130857
"Eskimo_Aleut";"c0";0,994167544414406;46,2703962703963;52,4857142857143;46,299237653298;38,1242472326379
"Eskimo_Aleut";"c0";0,997323791821328;45,3457653457653;48,2022607022607;45,3590205446354;42,8220724233125
"Eskimo_Aleut";"c0";0,993739752527152;46,4957264957265;51,0429827821132;46,5168274529719;39,920191312299
"Eskimo_Aleut";"c0";0,994458283402971;45,8119658119658;42,6495726495726;45,797291133718;37,0024749168126
"Eskimo_Aleut";"c0";0,997478174605716;45,6099456099456;50,2272727272727;45,631371721859;41,6497522820696
"Eskimo_Aleut";"c0";0,993102185612097;46,7599067599068;57,034335839599;46,8075839250097;37,6317346989526
"Eskimo_Aleut";"c0";0,997412787350657;45,8585858585859;53,5378917378917;45,8942206886522;44,137536479797
"Eskimo_Aleut";"c0";0,99636304629911;45,6254856254856;52;45,6550657385924;38,2742179324274
"Eskimo_Aleut";"c0";0,993598067189528;45,9440559440559;48,9880952380952;45,9581814164181;38,7708909908194
"Eskimo_Aleut";"c0";0,99794939665993;44,7785547785548;53,8074962518741;44,8204524188022;42,9544949766887
"Eskimo_Aleut";"c0";0,995311013895832;45,6177156177156;58,5617355354197;45,6777806753384;35,2165272046963
"Eskimo_Aleut";"c0";0,995802216963202;46,037296037296;49,6215892053973;46,0539284881921;42,2511264183046
"Eskimo_Aleut";"c0";0,99774579025173;45,3846153846154;54,1747876061969;45,4254050468965;43,6836280751659
"Eskimo_Aleut";"c0";0,995062974253616;44,7319347319347;55,5994891443167;44,7823642187671;39,336348888025
"Eskimo_Aleut";"c0";0,995924484772856;45,5633255633256;48,9974025974026;45,5792609555951;43,2463578238479
"Eskimo_Aleut";"c0";0,992143005414692;46,4568764568765;46,5238095238095;46,4571870511546;37,8924046640242
"Eskimo_Aleut";"c0";0,997687721245629;45,3146853146853;54,6171421171421;45,357852167597;42,5969336419207
"Eskimo_Aleut";"c0";0,998533633465178;44,8640248640249;46,3819875776397;44,8710687745289;44,8838545806177
"Eskimo_Aleut";"c0";0,998028433734974;45,5633255633256;47,4786324786325;45,5722132984314;45,9795430814047
"Eskimo_Aleut";"c0";0,995013472478311;45,6099456099456;55,4707949055775;45,6557036113174;41,851404155384
"Eskimo_Aleut";"c0";0,997406260286511;45,5788655788656;54,256829377519;45,6191345524092;44,0234103166775
"Eskimo_Aleut";"c0";0,99710933460868;45,4079254079254;54,0052127782263;45,447820012892;43,9775444762824
"Eskimo_Aleut";"c0";0,996691832033412;45,7731157731158;54,8940140319451;45,8154401269851;42,3051661491573
"Eskimo_Aleut";"c0";0,999545115327611;45,2836052836053;37,4786324786325;45,2473873123525;49,5461098970674
"Eskimo_Aleut";"c0";0,997979984856625;44,4522144522144;35,8;44,4120649651972;44,5199151944759
"Eskimo_Aleut";"c0";0,995956934138964;44,4677544677545;55,2447552447552;44,5177637521025;40,327589635429
"Eskimo_Aleut";"c0";0,996778696446641;45,7342657342657;50,3154253154253;45,7555240153848;40,2532358453024
"Eskimo_Aleut";"c0";0,995083608910606;45,998445998446;53,0026214962694;46,0309479729139;38,1306251053641
"Eskimo_Aleut";"c0";0,987161503600027;47,6379176379176;59,0493141065223;47,6908707537812;34,2381965151283
"Eskimo_Aleut";"c0";0,998305282520413;45,2292152292152;48,5124223602485;45,2444505291272;44,4791541087606
"Eskimo_Aleut";"c0";0,99804767339228;45,0660450660451;48,3537758537759;45,0813013574034;43,5790794557656
"Eskimo_Aleut";"c0";0,999563085014241;44,5765345765346;46,2011396011396;44,5840733469504;47,4173095745115
"Eskimo_Aleut";"c0";0,993274143878818;46,0528360528361;56,0283476587824;46,0991261298938;39,7215554172096
"Eskimo_Aleut";"c0";0,998865665939391;45,0893550893551;52,6068376068376;45,124238998949;44,5169883062044
"Eskimo_Aleut";"c0";0,997668956136525;45,7187257187257;49,3711180124224;45,735674174845;42,1264722247235
"Eskimo_Aleut";"c0";0,997037470021022;44,4289044289044;44,0384615384615;44,4270926289488;42,7457430830859
"Eskimo_Aleut";"c0";0,998671934802936;45,4390054390054;47,27340694732;45,4475177429883;45,6621710205187
"Eskimo_Aleut";"c0";0,999177444367603;44,3745143745144;46,821978021978;44,3858715144098;48,8496602179097
"Eskimo_Aleut";"c0";0,99882424885898;44,6309246309246;47,1982905982906;44,6428381620957;45,7685317968044
"Eskimo_Aleut";"c0";0,996637801837268;45,5244755244755;49,9891774891775;45,5451933990217;41,9264617839761
"Eskimo_Aleut";"c0";0,997541957683422;44,8640248640249;53,7974124049086;44,9054790985533;43,1448770356639
"Eskimo_Aleut";"c0";0,99716235793483;45,7109557109557;49,8824451410658;45,7303129704922;41,7765767809324
"Eskimo_Aleut";"c0";0,9982154829172;44,2268842268842;48,6347578347578;44,2473383967584;47,4184760096623
"Eskimo_Aleut";"c0";0,996772314156996;45,5011655011655;55,1306165099269;45,5458497285843;40,3292308511517
"Eskimo_Aleut";"c0";0,998454044376765;45,6099456099456;53,0238095238095;45,6443486907524;45,5106439061552
"Eskimo_Aleut";"c0";0,99525578870306;46,0994560994561;55,4028379028379;46,1426272447154;41,4547296930421
"Eskimo_Aleut";"c0";0,998234900522187;45,042735042735;48,4544159544159;45,0585665086825;44,0468989361065
"Eskimo_Aleut";"c0";0,998901793225185;44,8717948717949;47,2417989417989;44,8827925704956;48,7036769063744
"Eskimo_Aleut";"c0";0,992099962031628;45,7731157731158;58,1265186426477;45,8304401483804;35,7046325074901
"Eskimo_Aleut";"c0";0,993918222665589;46,2004662004662;56,6300366300366;46,2488632790257;38,0367914280166
"Eskimo_Aleut";"c0";0,997637678993077;45,8197358197358;44,7384615384615;45,8147183056696;46,0420030240677
"Eskimo_Aleut";"c0";0,999205144184144;45,2913752913753;41,6203703703704;45,2743404657558;46,3121776748439
"Eskimo_Aleut";"c0";0,998205615069051;45,4545454545455;47,1584896584897;45,4624523882065;43,8760254623492
"Eskimo_Aleut";"c0";0,999694972973677;45,2525252525253;31,9230769230769;45,1906716639895;48,0875477780498
"Eskimo_Aleut";"c0";0,998321280063743;45,3923853923854;48,372049689441;45,4062121408636;43,5560696864688
"Eskimo_Aleut";"c0";0,993274404076953;46,3014763014763;56,9937343358396;46,3510923480395;37,8272432856263
"Eskimo_Aleut";"c0";0,994859051901963;46,4180264180264;55,8548910590653;46,4618169732053;40,0699952331558
"Eskimo_Aleut";"c0";0,997904374516288;45,5011655011655;53,6963074018546;45,5391940018648;44,1049262981248
"Eskimo_Aleut";"c0";0,997406059017347;44,8407148407148;53,4679487179487;44,8807484085906;43,2114986895822
"Eskimo_Aleut";"c0";0,995780593238461;45,7264957264957;55,3573087193777;45,7711862740265;40,0762239988767
"Eskimo_Aleut";"c0";0,996001681341344;45,5477855477855;54,7785356406046;45,5906196549448;41,8412853956513
"Eskimo_Aleut";"c0";0,99013620858764;46,013986013986;43,6666666666667;46,0030935808198;40,6312873132268
"Eskimo_Aleut";"c0";0,995048236659381;46,2859362859363;52,0357142857143;46,3126173903436;38,296254481981
"Eskimo_Aleut";"c0";0,993045544264331;46,1849261849262;50,4240324892499;46,2045972118604;39,8345124915027
"Eskimo_Aleut";"c0";0,995527188490175;46,013986013986;50,1981351981352;46,0334020194809;42,5761877841296
"Eskimo_Aleut";"c0";0,990796920395954;45,6643356643357;57,2386534005724;45,7180447953623;37,2618930342678
"Eskimo_Aleut";"c0";0,999741231383853;43,014763014763;38,3555555555556;42,9931425625161;46,0535497268549
"Eskimo_Aleut";"c0";0,994087653314374;45,8741258741259;52,2321428571429;45,9036294332118;38,3224279080377
"Eskimo_Aleut";"c0";0,999207097444267;45,2525252525253;46,6241758241758;45,2588902203751;46,2898818180004
"Eskimo_Aleut";"c0";0,997523015821787;45,4623154623155;53,3655677655678;45,4989894869245;45,4638608909019
"Eskimo_Aleut";"c0";0,998456725045161;45,3846153846154;46,510989010989;45,3898421763851;45,824297782988
"Eskimo_Aleut";"c0";0,993752346738981;46,045066045066;50,8461538461539;46,0673448747695;39,6364480945911
"Eskimo_Aleut";"c0";0,994522393026948;45,5710955710956;55,5675805675806;45,6174829724714;40,8730865119217
"Eskimo_Aleut";"c0";0,997431262674082;45,5710955710956;49,5287356321839;45,5894604901725;44,0133616792015
"Eskimo_Aleut";"c0";0,993484542715504;45,982905982906;55,6283979178716;46,0276646461773;39,788004219251
"Eskimo_Aleut";"c0";0,985037507636173;47,2494172494172;59,3566951566952;47,3055995134881;33,6826240943828
"Eskimo_Aleut";"c0";0,996868167430818;45,9362859362859;54,7304905239688;45,9770943102427;41,8859782269826
"Eskimo_Aleut";"c0";0,988595021079095;46,4024864024864;51,711259754738;46,4271210816152;39,0239445841093
"Eskimo_Aleut";"c0";0,993921342846492;45,9285159285159;49,4547685834502;45,9448790498845;42,0022560007166
"Eskimo_Aleut";"c0";0,996601980901324;45,9362859362859;54,4471612678509;45,9757795573141;42,3035426681866
"Eskimo_Aleut";"c0";0,99820604068663;44,7008547008547;52,9970899470899;44,7393523122061;44,5444894670484
"Eskimo_Aleut";"c0";0,995933633568072;45,2059052059052;50,0551724137931;45,2284076059418;40,3189360352926
"Eskimo_Aleut";"c0";0,994774965700544;45,2680652680653;55,6985630561343;45,3164666499124;40,2995451052169
"Eskimo_Aleut";"c0";0,995810172898772;45,7575757575758;55,2057935678625;45,8014189956745;41,9096956071935
"Eskimo_Aleut";"c0";0,998395899543466;45,5089355089355;52,8809523809524;45,5431444039333;47,0888338956508
"Eskimo_Aleut";"c0";0,996400224494185;45,1592851592852;48,5142857142857;45,1748536073362;43,9340682351529
"Eskimo_Aleut";"c0";0,996370318875713;45,7187257187257;54,4046344959388;45,7590315599193;41,7079503773727
"Eskimo_Aleut";"c0";0,99716998372527;45,5944055944056;55,0067572274469;45,6380824001274;40,3553508861515
"Eskimo_Aleut";"c0";0,998919880157103;45,4623154623155;42,7884615384615;45,4499077874948;44,9731182633923
"Eskimo_Aleut";"c0";0,999239733987679;45,1748251748252;46,9725274725275;45,183167180847;46,2068732332451
"Eskimo_Aleut";"c0";0,996684971182104;45,0505050505051;54,0857801868297;45,0924320813001;42,6708976399676
"Eskimo_Aleut";"c0";0,9962647080105;45,7575757575758;54,9445221445221;45,8002065992785;41,0444366220234
"Eskimo_Aleut";"c0";0,996898078273301;45,6487956487956;54,5255150202676;45,6899869219811;42,3781583891264
"Eskimo_Aleut";"c0";0,998478356120012;44,988344988345;44,1666666666667;44,984532095901;43,7912245690551
"Eskimo_Aleut";"c0";0,997680370856386;44,8717948717949;49,2976588628763;44,8923325237256;41,5150985683993
"Eskimo_Aleut";"c0";0,996493339849977;45,6410256410256;55,4007152268022;45,6863142237903;40,8640189550779
"Eskimo_Aleut";"c0";0,992760922166275;45,3224553224553;55,1110182088443;45,3678778880534;41,6670488472268
"Eskimo_Aleut";"c0";0,996131231408538;45,975135975136;54,8354231974922;46,0162509970495;41,3782983395313
"Eskimo_Aleut";"c0";0,995325940447608;45,9052059052059;50,4612794612795;45,9263477778559;39,6739698942947
"Eskimo_Aleut";"c0";0,999592058404393;45,2836052836053;30;45,2126836813612;49,0199286312963
"Eskimo_Aleut";"c0";0,998498051052536;45,2758352758353;47,4358974358974;45,2858587661372;44,6776731979413
"Eskimo_Aleut";"c0";0,997654989129626;43,6363636363636;53,8997847618537;43,6839897204726;44,2418853284045
"Eskimo_Aleut";"c0";0,990728890148051;46,1849261849262;56,8411884966608;46,2343751979737;38,2149667134534
"Eskimo_Aleut";"c0";0,996013456861459;46,045066045066;49,2873206254016;46,06011130994;42,6608312608816
"Eskimo_Aleut";"c0";0,995546548652463;45,5089355089355;49,7785829307568;45,5287482579927;43,046694771347
"Eskimo_Aleut";"c0";0,995193755276521;44,3434343434343;55,4378555671659;44,3949165764911;40,090218445392
"Eskimo_Aleut";"c0";0,997256564433879;45,8275058275058;54,257176967072;45,8666226309377;44,17122826973
"Eskimo_Aleut";"c0";0,995508669608753;46,2548562548563;54,989824989825;46,2953897524663;40,7500169978678
"Eskimo_Aleut";"c0";0,999359022010913;44,7397047397047;47,02849002849;44,7503255531098;45,5505563451861
"Eskimo_Aleut";"c0";0,998911615480954;45,5477855477855;52,3799348799349;45,5794892569835;46,2575658098098
"Eskimo_Aleut";"c0";0,996361646602045;43,8383838383838;56,4258936465833;43,8967945567514;39,6855723949194
"Eskimo_Aleut";"c0";0,997857744439691;45,3923853923854;47,8863354037267;45,4039582462663;43,5525581818486
"Eskimo_Aleut";"c0";0,996923598064451;45,7109557109557;54,0549265549266;45,7496748332015;42,8097446081172
"Eskimo_Aleut";"c0";0,996911603566256;45,3146853146853;50,7549857549858;45,3399303283294;40,2115263732114
"Eskimo_Aleut";"c0";0,995106022758944;46,2626262626263;51,7703703703704;46,2881842399244;38,2447289101586
"Eskimo_Aleut";"c0";0,994995863173021;46,2082362082362;58,2242891712039;46,2639951547001;35,9899903827911
"Eskimo_Aleut";"c0";0,996753534831553;45,5710955710956;54,673516776965;45,6133341845799;42,8135489098419
"Eskimo_Aleut";"c0";0,997774750198922;45,5866355866356;48,504347826087;45,6001748545681;43,7963192661852
"Eskimo_Aleut";"c0";0,997962980744474;45,6721056721057;49,1955266955267;45,6884556536529;43,5771520884144
"Eskimo_Aleut";"c0";0,997333860408215;45,1981351981352;53,3721139430285;45,2360654939352;45,60686549261
"Eskimo_Aleut";"c0";0,996091502475295;45,3069153069153;48,3201058201058;45,3208976294823;42,7257923194734
"Eskimo_Aleut";"c0";0,998705289667899;44,8951048951049;46,7994301994302;44,9039416714591;46,6362307665
"Eskimo_Aleut";"c0";0,994671074979893;46,2781662781663;55,8148604269294;46,3224200793206;40,0031246827907
"Eskimo_Aleut";"c0";0,995689335846108;45,3923853923854;55,3700466200466;45,4386854444859;41,306755459993
"Eskimo_Aleut";"c0";0,998297602599623;44,7397047397047;53,2071175950486;44,7789966787087;47,0912451308902
"Eskimo_Aleut";"c0";0,993484294494827;45,9285159285159;50,8417508417508;45,9513151624521;38,4546039704716
"Eskimo_Aleut";"c0";0,99688780175464;45,4545454545455;54,4685296240768;45,4963736873507;42,461086829211
"Eskimo_Aleut";"c0";0,999164474344242;44,8096348096348;46,1659340659341;44,8159285416826;47,8673170924765
"Eskimo_Aleut";"c0";0,999485207098344;44,6853146853147;36,6951566951567;44,6482373860564;50,6124441080915
"Eskimo_Aleut";"c0";0,991404404987696;46,1383061383061;51,657710105986;46,1639182216828;40,3029699402225
"Eskimo_Aleut";"c0";0,997095651209276;45,011655011655;55,1030303030303;45,0584827392252;40,5426630817437
"Eskimo_Aleut";"c0";0,998018113719336;45,5477855477855;47,7886002886003;45,5581837600399;44,2602190666822
"Eskimo_Aleut";"c0";0,998642588667751;45,3302253302253;53,44233865973;45,3678685475316;44,1542532060856
"Eskimo_Aleut";"c0";0,991833598800944;45,7109557109557;51,6621118012422;45,7385712844605;40,044043503819
"Eskimo_Aleut";"c0";0,995876797327903;45,1748251748252;49,7751124437781;45,1961722155164;42,3233753313232
"Eskimo_Aleut";"c0";0,995703242053831;44,1414141414141;56,2539682539683;44,1976208890362;39,4597258416478
"Eskimo_Aleut";"c0";0,998563953719586;45,3846153846154;48,4833333333333;45,3989945862336;44,471788176913
"Eskimo_Aleut";"c0";0,990659096991803;45,5555555555556;56,3961038961039;45,6058597241892;37,918836964547
"Eskimo_Aleut";"c0";0,996951937561899;44,9106449106449;53,6327635327635;44,951118778961;43,2747492017896
"Eskimo_Aleut";"c0";0,996861988586208;45,4390054390054;53,6994301994302;45,4773368764088;43,1972483252125
"Eskimo_Aleut";"c0";0,998977294217816;44,8795648795649;21,1538461538462;44,7694687369861;45,9271038342704
"Eskimo_Aleut";"c0";0,9945039310928;45,7109557109557;54,902850772416;45,7536095163453;41,6885253901955
"Eskimo_Aleut";"c0";0,998110858452024;45,2991452991453;53,2853227232538;45,3362041270994;44,4004320255204
"Eskimo_Aleut";"c0";0,996711253479195;45,7420357420357;53,9424930391947;45,7800889081479;42,5821633532166
"Eskimo_Aleut";"c0";0,998645399033515;45,0815850815851;47,3575498575499;45,0921464030513;46,2610743790006
"Eskimo_Aleut";"c0";0,996529513487777;46,0761460761461;49,8495894909688;46,0936562544051;42,0740109034716
"Eskimo_Aleut";"c0";0,998635239890857;44,5765345765346;41,2;44,5608662026295;45,749355691636
"Eskimo_Aleut";"c0";0,997014504159886;44,9028749028749;53,4928071678446;44,9427353774223;45,8845382426483
"Eskimo_Aleut";"c0";0,994218389695359;46,3791763791764;56,0363636363636;46,4239893130844;39,6389420940924
"Eskimo_Aleut";"c0";0,997180431554272;45,7109557109557;53,6353276353276;45,747727738447;43,5224103765186
"Eskimo_Aleut";"c0";0,996654453147171;45,6177156177156;50,1719576719577;45,6388489915172;42,5619659435729
"Eskimo_Aleut";"c0";0,994662712522482;46,1227661227661;58,3914423154661;46,1796973347972;35,7045109044514
"Eskimo_Aleut";"c0";0,997806310226175;45,2292152292152;46,8999518999519;45,2369680675945;46,3828260616034
"Eskimo_Aleut";"c0";0,987924455437038;47,6689976689977;58,9891774891775;47,7215275057502;35,3992930707946
"Eskimo_Aleut";"c0";0,99946337228239;43,947163947164;46,8814814814815;43,960780269829;46,3888890540805
"Eskimo_Aleut";"c0";0,996015368769854;46,1305361305361;50,3876117496807;46,1502905417619;39,5703393940124
"Eskimo_Aleut";"c0";0,996047782935658;45,4312354312354;54,4723372440764;45,4731894999725;41,8462227287956
"Eskimo_Aleut";"c0";0,996457131900372;45,6021756021756;55,0956450956451;45,6462288248831;42,3122360714056
"Eskimo_Aleut";"c0";0,999005481357005;44,8484848484849;46,8550264550265;44,857795946427;47,7517489039615
"Eskimo_Aleut";"c0";0,996445803767282;45,5788655788656;51,8968878134032;45,6081835474713;38,6072849691933
"Eskimo_Aleut";"c0";0,991466092146123;45,6254856254856;56,2589023879346;45,6748286267035;40,6840798741873
"Eskimo_Aleut";"c0";0,996143479012475;44,6542346542347;48,3787356321839;44,6715177214177;42,6025534290812
"Eskimo_Aleut";"c0";0,998078117615398;44,001554001554;47,7027458492976;44,0187289057199;41,9994250834486
"Eskimo_Aleut";"c0";0,989098785090708;47,6301476301476;55,369930580928;47,6660630962765;33,551962550786
"Eskimo_Aleut";"c0";0,996203296518633;45,9052059052059;54,9061568061568;45,9469736588066;40,3420614447514
"Eskimo_Aleut";"c0";0,999021454488658;44,0792540792541;46,9413105413105;44,0925350837184;50,2247472378219
"Eskimo_Aleut";"c0";0,995295591465928;46,2393162393162;56,504215519642;46,2869491826124;38,3741576708234
"Eskimo_Aleut";"c0";0,997312042532349;45,0893550893551;50,0724637681159;45,1124785635025;42,2535099561611
"Eskimo_Aleut";"c0";0,995668911898788;45,8663558663559;51,5803434315231;45,8928708898601;38,5554881181065
"Eskimo_Aleut";"c0";0,999108509330262;44,4522144522144;52,3646723646724;44,4889311942676;46,546495287605
"Eskimo_Aleut";"c0";0,991307792461899;46,2703962703963;57,1978021978022;46,321103490477;37,5600624956276
"Eskimo_Aleut";"c0";0,992214106812692;46,9386169386169;58,4292929292929;46,9919379408939;35,8695175061455
"Eskimo_Aleut";"c0";0,996280412732573;45,1437451437451;54,473331011262;45,1870378855898;42,0663816909028
"Eskimo_Aleut";"c0";0,998681606218648;44,980574980575;48,3277591973244;44,9961071579149;44,171174855347
"Eskimo_Aleut";"c0";0,997444905646973;45,8585858585859;54,2005074385884;45,8972954714861;42,4364194636679
"Eskimo_Aleut";"c0";0,998224812641273;45,1048951048951;43,0357142857143;45,0952933377527;44,2552497090747
"Eskimo_Aleut";"c0";0,998336982071792;44,4444444444444;48,7984640158553;44,4646487115972;42,3954396165718
"Eskimo_Aleut";"c0";0,996422089602504;45,5089355089355;45,8862876254181;45,5106865628403;41,1781798508253
"Eskimo_Aleut";"c0";0,997424888948068;43,9083139083139;54,1333797387021;43,955762009615;42,5826057543132
"Eskimo_Aleut";"c0";0,997092670356705;45,3224553224553;39,010989010989;45,2931677757664;42,3750553578357
"Eskimo_Aleut";"c0";0,999264110366528;45,1825951825952;47,5021164021164;45,1933586221289;45,3846978725893
"Eskimo_Aleut";"c0";0,995740228459279;45,3224553224553;55,2724637681159;45,3686270553818;40,619624356483
"Eskimo_Aleut";"c0";0,994179655493652;45,5167055167055;51,6998357963875;45,5453975365648;36,9777715177045
"Eskimo_Aleut";"c0";0,996799635201344;45,6021756021756;53,7060162060162;45,6397804309637;43,7184630201465
"Eskimo_Aleut";"c0";0,987127366053621;46,4335664335664;58,0150883599159;46,4873089947096;36,7987137105
"Eskimo_Aleut";"c0";0,998439290153278;45,2913752913753;39,7745571658615;45,2657752072662;45,4191065540264
"Eskimo_Aleut";"c0";0,994638815606534;44,980574980575;55,5208791208791;45,0294859046599;41,5306757905719
"Eskimo_Aleut";"c0";0,998681274172081;45,4079254079254;52,8849206349206;45,4426214414613;46,8171495694317
"Eskimo_Aleut";"c0";0,997567697178022;44,4755244755245;53,5404761904762;44,5175892166611;42,7522392259537
"Eskimo_Aleut";"c0";0,999067955200515;45,027195027195;52,3112535612536;45,0609957628519;46,3060556212528
"Eskimo_Aleut";"c0";0,996922018977092;44,7707847707848;48,7278582930757;44,7891470609114;41,0891146994799
"Eskimo_Aleut";"c0";0,998218465441461;45,4778554778555;52,8383597883598;45,512010950294;45,6502347670688
"Eskimo_Aleut";"c0";0,999123277594703;45,1204351204351;22,6923076923077;45,0163602831816;47,6382048397215
"Eskimo_Aleut";"c0";0,993830609512789;45,9207459207459;57,2358974358974;45,9732524242965;38,8880127888916
"Eskimo_Aleut";"c0";0,995324105705875;45,5555555555556;44,9636363636364;45,5528088307671;42,2745608872263
"Eskimo_Aleut";"c0";0,997415078990626;45,3923853923854;54,144356393232;45,4329977868209;42,704596927409
"Eskimo_Aleut";"c0";0,99910952974676;44,7552447552448;52,6378713878714;44,7918230690853;44,1498073628897
"Eskimo_Aleut";"c0";0,998454869365233;44,6153846153846;53,4762258675302;44,656502208202;43,6001037051842
"Eskimo_Aleut";"c0";0,994949654028397;46,1616161616162;51,3321910473335;46,1856095485568;38,5784594896292
"Eskimo_Aleut";"c0";0,999034198528648;43,947163947164;52,6058201058201;43,9873433260904;43,4490666244009
"Eskimo_Aleut";"c0";0,994346178645566;45,4933954933955;55,0351574212894;45,5376728109263;41,2180435829193
"Eskimo_Aleut";"c0";0,993409668002675;46,2237762237762;42,5457875457875;46,2067089909317;37,6903572450686
"Eskimo_Aleut";"c0";0,996362234634517;45,0971250971251;47,9857142857143;45,1105292232902;42,4789714695344
"Eskimo_Aleut";"c0";0,996382747524211;45,2525252525253;53,9746099172636;45,2929989632665;42,9941976417324
"Eskimo_Aleut";"c0";0,995458472672327;45,7498057498058;54,9791461412151;45,7926333154271;41,2934326899745
"Eskimo_Aleut";"c0";0,999719728216275;44,2191142191142;36,4444444444444;44,1830368651714;46,3346437411919
"Eskimo_Aleut";"c0";0,994318715016315;45,8119658119658;50,447619047619;45,8334769638714;39,4051622210163
"Eskimo_Aleut";"c0";0,994239024311261;45,8275058275058;54,8818592840332;45,869521388789;42,6944253531247
"Eskimo_Aleut";"c0";0,996625167742972;45,7653457653458;53,935647560835;45,8032589987355;43,3646908361848
"Eskimo_Aleut";"c0";0,997140562035258;45,4933954933955;48,094839942666;45,5054671613735;44,9726271215531
"Eskimo_Aleut";"c0";0,997686872182912;44,9494949494949;47,7953384418902;44,9627007197613;43,424910406132
"Eskimo_Aleut";"c0";0,995044509229506;46,006216006216;50,4591385625868;46,0268792199347;40,7004906447592
"Eskimo_Aleut";"c0";0,990053506387327;47,1561771561772;59,4343185550082;47,2131522902785;34,7862670568745
"Eskimo_Aleut";"c0";0,998667434661959;44,7630147630148;48,0962962962963;44,7784824267423;44,6400854964739
"Eskimo_Aleut";"c0";0,991843859665218;45,990675990676;57,4817605022374;46,0439988886415;37,5231872512045
"Eskimo_Aleut";"c0";0,999218150949781;45,019425019425;41,9907407407407;45,0053708000344;45,844877569361
"Eskimo_Aleut";"c0";0,994955573571085;45,4778554778555;55,1374312843578;45,5226794955191;41,9547832039353
"Eskimo_Aleut";"c0";0,999094503066606;45,3457653457653;36,3425925925926;45,3039872819455;47,3314163026863
"Eskimo_Aleut";"c0";0,999145240974265;44,9417249417249;52,4170736670737;44,976413334882;45,9058528215372
"Eskimo_Aleut";"c0";0,999531031635499;44,5843045843046;37,4928774928775;44,551397730052;47,6199483069678
"Eskimo_Aleut";"c0";0,994511243284026;45,6021756021756;50,9062271062271;45,6267883701758;40,4752160477215
"Eskimo_Aleut";"c0";0,997814796691705;44,2268842268842;42,6190476190476;44,2194232681472;42,1433945641934
"Eskimo_Aleut";"c0";0,984099852529614;47,2338772338772;57,9118526401135;47,2834270037438;37,182273771386
"Eskimo_Aleut";"c0";0,997494493324966;44,9494949494949;40,3259259259259;44,9280398728195;46,5834223479083
"Eskimo_Aleut";"c0";0,996629499562888;45,6099456099456;50,7035767830371;45,6335819494959;43,3702949263904
"Eskimo_Aleut";"c0";0,994981107223737;46,1383061383061;51,7407407407407;46,1643035146515;38,8488286635502
"Eskimo_Aleut";"c0";0,998056176208723;45,003885003885;42,5;44,9922660479505;44,0605319147867
"Eskimo_Aleut";"c0";0,998057338564175;45,5322455322455;48,9489656880961;45,5481003821567;42,6406853035456
"Eskimo_Aleut";"c0";0,998408697043496;45,4156954156954;53,3325370281892;45,4524324997441;43,6475931276645
"Eskimo_Aleut";"c0";0,99945420162363;45,1437451437451;45,6826210826211;45,1462457281483;49,1403597276045
"Eskimo_Aleut";"c0";0,997226345072017;45,0971250971251;53,6864672364672;45,1369828332705;43,4219807704442
"Eskimo_Aleut";"c0";0,998357481269316;45,2136752136752;47,3245916724178;45,2234706496787;44,4555753297988
"Eskimo_Aleut";"c0";0,994816839546563;45,9052059052059;56,1369963369963;45,9526852111539;38,9718276366338
"Eskimo_Aleut";"c0";0,996749803820716;45,011655011655;49,2785714285714;45,0314550878356;45,6176583059172
"Eskimo_Aleut";"c0";0,995779953237416;46,021756021756;56,0119047619048;46,0681140205502;39,1907517089592
"Eskimo_Aleut";"c0";0,995468865156302;45,4623154623155;49,4155844155844;45,4806600978295;41,2200005155301
"Eskimo_Aleut";"c0";0,996623327416359;45,5788655788656;48,568115942029;45,5927368102492;43,5837807113497
"Eskimo_Aleut";"c0";0,994918765767945;45,8585858585859;56,1506585980639;45,9063448968201;38,8627983354993
"Eskimo_Aleut";"c0";0,996897767885805;45,1592851592852;50,1190476190476;45,1823002983096;41,6723443350977
"Eskimo_Aleut";"c0";0,997042540838427;44,8951048951049;54,0201327907475;44,937448412022;41,7880448191642
"Eskimo_Aleut";"c0";0,987105145675882;47,4669774669775;60,0542264752791;47,5253869751366;33,8797859871092
"Eskimo_Aleut";"c0";0,999563801566733;44,5454545454545;47,414245014245;44,55876679821;46,1213737443058
"Eskimo_Aleut";"c0";0,992621051928855;46,4724164724165;57,6140824527921;46,5241179386827;37,6215199435023
"Eskimo_Aleut";"c0";0,994996487453303;45,8585858585859;52,7380952380952;45,890509335985;37,8086589448499
"Eskimo_Aleut";"c0";0,997099299443519;45,7420357420357;43,3333333333333;45,7308584686775;43,7702120914779
"Eskimo_Aleut";"c0";0,99264215242055;46,4724164724165;56,5135944700461;46,519011265909;39,2827321281833
"Eskimo_Aleut";"c0";0,993369741183608;46,1072261072261;41,3655462184874;46,08522295229;35,0025820543446
"Eskimo_Aleut";"c0";0,995979278008695;45,3768453768454;55,4259259259259;45,4234768411103;40,1680620051014
"Eskimo_Aleut";"c0";0,993717597502007;46,2470862470863;51,25;46,2703016241299;40,3965887109709
"Eskimo_Aleut";"c0";0,99942966573912;45,3224553224553;47,7505494505494;45,3337225805903;48,2943182430784
"Eskimo_Aleut";"c0";0,996515483513074;44,9028749028749;48,8473925430447;44,9211789290474;42,1777601631389
"Eskimo_Aleut";"c0";0,996340421798436;45,7420357420357;53,928302731751;45,7800230598534;43,2570468213615
"Eskimo_Aleut";"c0";0,983892171943833;47,8321678321678;55,8182093163944;47,8692260293104;33,1992953923558
"Eskimo_Aleut";"c0";0,995341153883839;45,2602952602953;56,3941798941799;45,3119606182251;39,398758224205
"Eskimo_Aleut";"c0";0,997478781103459;45,5944055944056;53,8186335403727;45,6325690651525;44,0622110774445
"Eskimo_Aleut";"c0";0,99594041334666;44,957264957265;55,2297101449275;45,0049329163724;40,6844602704646
"Eskimo_Aleut";"c0";0,99767420986428;45,5710955710956;49,0484515484516;45,5872317937283;42,4476705800726
"Eskimo_Aleut";"c0";0,996866621296379;45,2136752136752;48,8798711755233;45,230687723939;42,973207277378
"Eskimo_Aleut";"c0";0,997602658333563;45,2447552447552;37,3142857142857;45,2079549221081;45,7579790442184
"Eskimo_Aleut";"c0";0,998392305178938;44,1491841491842;47,6406593406593;44,1653858902119;48,7628224605372
"Eskimo_Aleut";"c0";0,997181698449659;45,2214452214452;42,7846153846154;45,2101374263787;44,2077943035059
"Eskimo_Aleut";"c0";0,999127835743376;44,8251748251748;52,6068376068376;44,8612846292661;43,899424019778
"Eskimo_Aleut";"c0";0,998210450701406;45,1282051282051;47,4515527950311;45,1389863238749;44,5957719008862
"Eskimo_Aleut";"c0";0,996857500614221;45,1359751359751;54,1453350247953;45,1777819104012;42,5787716732447
"Eskimo_Aleut";"c0";0,99654287421848;45,8508158508158;44,9844720496894;45,8467956939661;42,5360057791511
"Eskimo_Aleut";"c0";0,999299482841536;43,4576534576535;46,9813186813187;43,4740045723804;45,6582781158877
"Eskimo_Aleut";"c0";0,995621452998539;45,5400155400155;50,0646599777034;45,5610115698888;41,0916667213914
"Eskimo_Aleut";"c0";0,999646024241647;45,0815850815851;47,3692307692308;45,0922006068178;47,3149978285848
"Eskimo_Aleut";"c0";0,998604141156363;45,5089355089355;46,8767806267806;45,515282818067;46,1861132961441
"Eskimo_Aleut";"c0";0,996349143593139;45,5633255633256;43,6111111111111;45,5542665635473;43,1132867502021
"Eskimo_Aleut";"c0";0,998798131784136;45,0738150738151;42,4;45,061407579273;45,9194974303121
"Eskimo_Aleut";"c0";0,998022051969483;45,5710955710956;54,0483781918565;45,610433309475;42,6379971330786
"Eskimo_Aleut";"c0";0,99716494395593;45,4778554778555;54,3058470764618;45,5188206360857;41,5999989414603
"Eskimo_Aleut";"c0";0,995981521050226;45,7342657342657;55,4282131661442;45,7792492490308;39,5360898859827
"Eskimo_Aleut";"c0";0,995300242310025;45,042735042735;48,5418285418285;45,0589721355383;41,2851772921295
"Eskimo_Aleut";"c0";0,995673595414745;45,2292152292152;54,497491638796;45,2722234724151;43,9960058233382
"Eskimo_Aleut";"c0";0,995212328004902;45,9207459207459;54,9206655413552;45,962508888823;41,220084852768
"Eskimo_Aleut";"c0";0,992362551130563;45,5633255633256;52,6022616222253;45,595988839701;35,2549665753003
"Eskimo_Aleut";"c0";0,994028302221887;45,7886557886558;50,5018518518519;45,8105267680674;41,8802601318299
"Eskimo_Aleut";"c0";0,995162359086086;45,9362859362859;33,3333333333333;45,8778035576179;42,917482459783
"Eskimo_Aleut";"c0";0,997744618504337;45,0971250971251;53,4467032967033;45,1358702395825;44,0231669930584
"Eskimo_Aleut";"c0";0,997516670573958;44,8562548562549;48,3241758241758;44,8723472969413;45,5152443709342
"Eskimo_Aleut";"c0";0,999419318141076;45,4234654234654;47,3680911680912;45,4324892088233;47,1296749113529
"Eskimo_Aleut";"c0";0,998602581663877;44,7785547785548;47,8418803418803;44,792769746366;44,2530706072987
"Eskimo_Aleut";"c0";0,990158564584131;46,8453768453768;51,5207373271889;46,8670722536451;38,591644481731
"Eskimo_Aleut";"c0";0,994925480265443;46,2004662004662;53,6582761250953;46,235073207077;37,5905670521327
"Eskimo_Aleut";"c0";0,997278935370264;45,8352758352758;54,1707300196056;45,8739554370593;43,0531807143355
"Eskimo_Aleut";"c0";0,997039199816524;45,4001554001554;53,8154589371981;45,4392055325779;42,4996505951193
"Eskimo_Aleut";"c0";0,991852469373847;46,6822066822067;58,2326505016722;46,7358050293968;36,1104808770819
"Eskimo_Aleut";"c0";0,997901252372561;45,1437451437451;49,0248447204969;45,1617548865607;42,8006478371978
"Eskimo_Aleut";"c0";0,994334516599691;46,3558663558664;50,3463927376971;46,37438387968;40,5929385370127
"Eskimo_Aleut";"c0";0,998543450860087;45,4234654234654;48,4037037037037;45,4372948354387;45,3612639124317
"Eskimo_Aleut";"c0";0,997848018627397;45,034965034965;54,115977725423;45,0771043049904;42,6553827642529
"Eskimo_Aleut";"c0";0,998991653644776;43,947163947164;52,5498575498575;43,9870836390558;43,5529634906863
"Eskimo_Aleut";"c0";0,998493685074488;45,042735042735;53,2339964633068;45,080745536566;45,6651999799738
"Eskimo_Aleut";"c0";0,994570226509448;46,1771561771562;50,4924704924705;46,1971808375521;40,6632014025618
"Eskimo_Aleut";"c0";0,997599559418572;44,8562548562549;38,8405797101449;44,8283398903796;43,1815290487474
"Eskimo_Aleut";"c0";0,999695685068468;44,7940947940948;37,1851851851852;44,7587866288562;46,7529960178983
"Eskimo_Aleut";"c0";0,995150290064112;45,0971250971251;55,5887112887113;45,1458099518424;38,793788599766
"Eskimo_Aleut";"c0";0,996821326369816;45,3613053613054;54,498861680271;45,4037070147576;41,424134209758
"Eskimo_Aleut";"c0";0,995542729541981;45,6332556332556;55,0606060606061;45,677002038951;41,5207818333606
"Eskimo_Aleut";"c0";0,997963691493977;45,5633255633256;53,6226553389972;45,6007238453472;44,216732463512
"Eskimo_Aleut";"c0";0,993927889336221;46,0839160839161;55,5493395493395;46,1278391626419;39,1577605380332
"Eskimo_Aleut";"c0";0,990276110280908;46,037296037296;54,2184171072359;46,0752594761357;35,2195194094264
"Eskimo_Aleut";"c0";0,99748329128405;45,6565656565657;48,0339105339105;45,6675974193376;43,791012064737
"Eskimo_Aleut";"c0";0,997277226423705;45,4312354312354;43,3012820512821;45,4213516568505;44,1645384537466
"Eskimo_Aleut";"c0";0,996225880154619;45,8275058275058;56,1253561253561;45,8752916757557;39,7602548578517
"Eskimo_Aleut";"c0";0,999255670793831;44,7630147630148;37,3148148148148;44,7284523502621;45,8719780345829
"Eskimo_Aleut";"c0";0,986603393468959;46,6588966588967;58,412987012987;46,7134400016071;36,5698435244268
"Eskimo_Aleut";"c0";0,999297317150059;44,1569541569542;38,7962962962963;44,1320787144453;46,1481251532111
"Eskimo_Aleut";"c0";0,991917341779865;45,9207459207459;56,0387147335423;45,9676970521278;39,5536731177851
"Eskimo_Aleut";"c0";0,995810088220437;45,8741258741259;55,2104377104377;45,9174498269626;41,0560965975432
"Eskimo_Aleut";"c0";0,99828965009829;45,5788655788656;52,7957671957672;45,6123546814962;45,6052161327829
"Eskimo_Aleut";"c0";0,999194438862879;44,8562548562549;36,2820512820513;44,8164673686715;47,2665284033585
"Eskimo_Aleut";"c0";0,999710025901476;44,6386946386946;37,9259259259259;44,6075448998883;46,4275978853711
"Eskimo_Aleut";"c0";0,997218542916785;45,7498057498058;39,1272727272727;45,7190747381003;43,4635983322178
"Eskimo_Aleut";"c0";0,994118002661336;45,8041958041958;55,099670444498;45,8473302572831;43,4600143237997
"Eskimo_Aleut";"c0";0,99819645354445;45,1825951825952;47,6190476190476;45,1939012263838;44,9706143682817
"Eskimo_Aleut";"c0";0,998712594607313;45,3690753690754;47,8274725274725;45,3804832445204;46,2683303089959
"Eskimo_Aleut";"c0";0,990461454076319;46,1616161616162;53,0887096774194;46,1937604470723;34,749819352525
"Eskimo_Aleut";"c0";0,99696146659258;45,6721056721057;47,9100529100529;45,6824905780822;45,6084295778216
"Eskimo_Aleut";"c0";0,998633035438463;45,042735042735;47,3757763975155;45,0535612207155;47,1911209512702
"Eskimo_Aleut";"c0";0,999574645122071;45,4234654234654;46,5977207977208;45,4289144043204;47,9326856541692
"Eskimo_Aleut";"c0";0,997434032178233;45,0971250971251;53,6019943019943;45,1365908474957;43,7255799071762
"Eskimo_Aleut";"c0";0,998570220143834;45,4467754467754;47,4785714285714;45,456203734394;46,4695023444785
"Eskimo_Aleut";"c0";0,996374370273016;45,5322455322455;53,7899137899138;45,5705641784528;43,4123640400729
"Eskimo_Aleut";"c0";0,996560444750364;45,7109557109557;49,483016983017;45,7284594755592;42,3073597432877
"Eskimo_Aleut";"c0";0,997542103410419;45,1670551670552;48,2063669020191;45,1811587017882;42,5734041326045
"Eskimo_Aleut";"c0";0,991855714898437;46,5889665889666;57,6312659082645;46,6402069570376;36,3882035330587
"Eskimo_Aleut";"c0";0,996487321650074;45,959595959596;44,1925465838509;45,9513961945113;42,3005609074372
"Eskimo_Aleut";"c0";0,996574524554184;45,7342657342657;49,2488545936822;45,7505747312932;42,2554957925475
"Eskimo_Aleut";"c0";0,998505506506593;44,6930846930847;52,9775132275132;44,7315275169103;45,1543654531549
"Eskimo_Aleut";"c0";0,999351970934406;45,4234654234654;42,8240740740741;45,411403282633;46,3458352588008
"Eskimo_Aleut";"c0";0,996812294969085;45,5633255633256;48,4553945249597;45,5767458369294;42,7578504902809
"Eskimo_Aleut";"c0";0,994514047846321;46,3714063714064;55,8703760008108;46,4154851167864;40,8080402952428
"Eskimo_Aleut";"c0";0,9964974883768;45,2214452214452;55,4581280788177;45,2689472300641;39,6087826494773
"Eskimo_Aleut";"c0";0,997905295506868;45,2525252525253;53,8189127658393;45,2922764706845;43,6386490313544
"Eskimo_Aleut";"c0";0,99893892860231;44,8795648795649;47,5068783068783;44,8917565892044;48,6964285324537
"Eskimo_Aleut";"c0";0,996905808962587;44,3045843045843;51,3306974332383;44,3371880778031;37,1130224893318
"Eskimo_Aleut";"c0";0,996940119764781;45,7498057498058;49,6557471264368;45,7679307677948;45,1082253077269
"Eskimo_Aleut";"c0";0,999033703111319;45,2369852369852;52,5274725274725;45,2708158044585;45,1264351594807
"Eskimo_Aleut";"c0";0,997612675633735;44,8096348096348;48,3410217967939;44,826021756211;46,9535862018582
"Eskimo_Aleut";"c0";0,998232436390191;45,2758352758353;53,0904761904762;45,312098110706;44,6699140072705
"Eskimo_Aleut";"c0";0,998029393296663;44,7397047397047;52,9043766578249;44,7775918483735;47,1393673934001
"Eskimo_Aleut";"c0";0,997622782002637;45,7808857808858;54,0434247162133;45,8192270288455;43,4504248640388
"Eskimo_Aleut";"c0";0,998951742761074;45,2136752136752;52,4323361823362;45,2471724803511;45,7532737316097
"Eskimo_Aleut";"c0";0,995230443972705;45,9362859362859;52,0865800865801;45,9648255843151;37,9209926548465
"Eskimo_Aleut";"c0";0,996099650212274;45,6721056721057;54,9284301904992;45,7150584540936;41,5897429658993
"Eskimo_Aleut";"c0";0,994604237292503;45,3069153069153;55,1683316683317;45,3526759396829;39,8641490165562
"Eskimo_Aleut";"c0";0,99477290510002;46,0839160839161;54,5878489326765;46,1233774892468;42,1064932172774
"Eskimo_Aleut";"c0";0,99375360490008;45,6177156177156;56,3295624914815;45,6674225637656;38,2319935880644
"Eskimo_Aleut";"c0";0,992319811347771;45,9052059052059;50,3622895622896;45,9258884279766;39,4791987518304
"Eskimo_Aleut";"c0";0,992958468125039;45,9129759129759;56,6303925959098;45,9627087050081;39,3129669808559
"Eskimo_Aleut";"c0";0,997309753314596;45,2136752136752;48,0996177735308;45,2270670585005;43,1698737711187
"Eskimo_Aleut";"c0";0,999785946153657;45,4156954156954;40,7549857549858;45,3940679926759;49,8937081890907
"Eskimo_Aleut";"c0";0,992628827654642;46,1460761460761;52,5840455840456;46,1759507142338;35,7906842579729
"Eskimo_Aleut";"c0";0,99484966154577;45,5866355866356;49,9878787878788;45,6070589889615;39,3657724494122
"Eskimo_Aleut";"c0";0,998191081255526;45,0505050505051;38,1642512077295;45,0185502762926;42,8179034329453
"Eskimo_Aleut";"c0";0,990782134657645;45,1825951825952;51,5317341329335;45,2120575443137;39,1612604139629
"Eskimo_Aleut";"c0";0,997286575073842;45,5788655788656;53,689637310327;45,6165025706589;44,1881369670459
"Eskimo_Aleut";"c0";0,991473000109092;45,6021756021756;49,2195767195767;45,6189616862471;39,0125614409595
"Eskimo_Aleut";"c0";0,997434348367026;45,0582750582751;53,4446554500527;45,0971909765664;44,7893644203895
"Eskimo_Aleut";"c0";0,992504641089378;46,5034965034965;56,344240467179;46,5491612086644;39,0767223105808
"Eskimo_Aleut";"c0";0,995530046418385;45,2991452991453;49,2857142857143;45,3176444591758;40,6016270639189
"Eskimo_Aleut";"c0";0,997389036767067;45,3846153846154;53,3220945083014;45,4214482343773;46,8743534466741
"Eskimo_Aleut";"c0";0,996967741218209;45,6099456099456;48,4420289855072;45,6230875281617;43,9733575837187
"Eskimo_Aleut";"c0";0,996637655267701;45,8119658119658;49,4166666666667;45,8286929621036;43,668092877154
"Eskimo_Aleut";"c0";0,996097616768297;45,975135975136;55,3891804097951;46,0188206360857;40,1105655290628
"Eskimo_Aleut";"c0";0,998874011505729;45,5011655011655;47,3619047619048;45,509800022097;45,9987101727065
"Eskimo_Aleut";"c0";0,998590941957313;43,2944832944833;48,4925058838102;43,3186040489581;43,2450786772826
"Eskimo_Aleut";"c0";0,998008420395544;45,5633255633256;47,943143812709;45,5743688034619;44,1713498843456
"Eskimo_Aleut";"c0";0,989988520774988;46,7599067599068;58,5804893252299;46,8147586511612;35,4732247058641
"Eskimo_Aleut";"c0";0,998984673213248;45,0738150738151;38,7278582930757;45,0443674785448;43,8018404110315
"Eskimo_Aleut";"c0";0,996771992829762;45,3146853146853;55,0960372960373;45,3600744190071;41,8575157669329
"Eskimo_Aleut";"c0";0,998720183574228;45,4700854700855;47,3538461538462;45,478826818966;45,287615251015
"Eskimo_Aleut";"c0";0,99684818508743;46,1149961149961;50,5670379096166;46,1356552416533;43,0161092277898
"Eskimo_Aleut";"c0";0,995060540335472;45,9207459207459;55,4055944055944;45,9647591387731;39,9145348554738
"Eskimo_Aleut";"c0";0,99908334346109;45,4545454545455;47,3571428571429;45,4633742127942;46,9568122160532
"Eskimo_Aleut";"c0";0,999660517036456;44,3045843045843;35,6740740740741;44,264535533213;46,032263709047
"Eskimo_Aleut";"c0";0,998632907827579;45,0971250971251;53,0960317460317;45,1342429934077;44,7681026050088
"Eskimo_Aleut";"c0";0,993069366624882;46,0839160839161;55,231598031598;46,1263647240445;40,5611710709
"Eskimo_Aleut";"c0";0,999343451430566;44,3589743589744;47,2210826210826;44,3722556038101;50,7730751543174
"Eskimo_Aleut";"c0";0,999311546190883;44,7474747474747;42,0833333333333;44,7351121423047;46,1553887591605
"Eskimo_Aleut";"c0";0,998985875023211;45,1048951048951;46,9571428571429;45,1134902220749;46,7108728191949
"Eskimo_Aleut";"c0";0,996852021187971;46,0606060606061;55,0157186364083;46,1021611073615;40,7827830857072
"Eskimo_Aleut";"c0";0,997239617623434;45,6487956487956;44,1958041958042;45,6420532290602;41,998789219278
"Eskimo_Aleut";"c0";0,998861504968951;45,6721056721057;47,5904761904762;45,681007623467;46,6369995408439
"Eskimo_Aleut";"c0";0,996977745934653;45,8508158508158;53,4809116809117;45,8862223279857;44,5489743433176
"Eskimo_Aleut";"c0";0,996610197672335;45,8818958818959;55,519292301901;45,9266169789725;40,2940092964576
"Eskimo_Aleut";"c0";0,995058108013139;46,3714063714064;51,3809523809524;46,3946525245829;39,0193976244133
"Eskimo_Aleut";"c0";0,995278771466638;45,9440559440559;55,7619047619048;45,9896144072478;39,5327822062882
"Eskimo_Aleut";"c0";0,998341548871407;45,5244755244755;48,2786324786325;45,5372558351677;46,9829832073533
"Eskimo_Aleut";"c0";0,996445972046348;45,7808857808858;54,018540080609;45,8191115548984;42,896155333583
"Eskimo_Aleut";"c0";0,99807130389588;45,2991452991453;49,6560846560847;45,3193631151868;41,1045037545848
"Eskimo_Aleut";"c0";0,998117868340468;45,4001554001554;53,7963462713088;45,439116842713;42,8702174976781
"Eskimo_Aleut";"c0";0,994996590026308;44,988344988345;54,6275362318841;45,0330744140691;42,9937947066056
"Eskimo_Aleut";"c0";0,995276865193197;45,7342657342657;49,9699897525985;45,7539210661374;42,5128385420143
"Eskimo_Aleut";"c0";0,996814176886696;45,7653457653458;49,1166666666667;45,7808971384377;42,4829436593622
"Eskimo_Aleut";"c0";0,996723657037584;45,4545454545455;49,3284301904992;45,4725217178213;43,4478680474768
"Eskimo_Aleut";"c0";0,995245288512135;44,9339549339549;51,2497212931996;44,9632624344619;44,387431454104
"Eskimo_Aleut";"c0";0,996267666470164;45,8508158508158;51,2151067323481;45,8757081518903;39,3312670058532
"Eskimo_Aleut";"c0";0,998038693860915;44,8174048174048;42,5252525252525;44,8067683798542;42,2933519475601
"Eskimo_Aleut";"c0";0,994312668751027;45,9362859362859;50,496632996633;45,9574476395822;39,5920830452304
"Eskimo_Aleut";"c0";0,997813767386556;45,2836052836053;49,1189020874178;45,301402484551;43,0710330078382
"Eskimo_Aleut";"c0";0,994352163718324;45,7731157731158;55,628968732417;45,8188505896323;40,668468939627
"Eskimo_Aleut";"c0";0,998389530344671;45,3846153846154;48,0075560510343;45,396786803021;45,428788530904
"Eskimo_Aleut";"c0";0,999244101443591;45,1359751359751;46,8681318681319;45,1440129862404;48,8565290015558
"Eskimo_Aleut";"c0";0,997348036066689;45,8663558663559;54,2133452754142;45,9050889958643;42,8076426580497
"Eskimo_Aleut";"c0";0,998300350039846;45,4079254079254;36,0769230769231;45,3646260931644;48,1857468030807
"Eskimo_Aleut";"c0";0,998672132069497;45,4623154623155;47,4274725274725;45,4714345206225;45,6092216156545
"Eskimo_Aleut";"c0";0,996871324621689;44,7008547008547;49,1895604395604;44,7216839618232;41,9329799202248
"Eskimo_Aleut";"c0";0,998913185607033;44,5532245532246;52,1499796499796;44,5884763170146;48,3488582684853
"Eskimo_Aleut";"c0";0,99662245833772;45,2758352758353;49,3214193214193;45,2946082876477;41,0157187631081
"Eskimo_Aleut";"c0";0,996366985372105;45,8430458430458;53,8791142890093;45,8803361838624;42,8789368936156
"Eskimo_Aleut";"c0";0,993757245282508;45,6177156177156;48,3886287625418;45,6305736833529;41,7530156963021
"Eskimo_Aleut";"c0";0,996791205331954;45,2758352758353;38,6858974358974;45,2452555178773;42,8581600806432
"Eskimo_Aleut";"c0";0,994540959541283;46,5656565656566;56,3198757763975;46,6109197638503;39,4833684326065
"Eskimo_Aleut";"c0";0,996743998405153;45,5866355866356;48,5488665923449;45,6003814381702;42,6931492871281
"Eskimo_Aleut";"c0";0,996415332959843;45,6954156954157;54,7407407407407;45,7373893615193;43,0880673421237
"Eskimo_Aleut";"c0";0,996132543107623;45,7964257964258;54,5642512077295;45,8371117612114;41,4183847284825
"Eskimo_Aleut";"c0";0,997156917426767;45,6798756798757;44,2857142857143;45,6734062534527;40,9542825518462
"Eskimo_Aleut";"c0";0,998473219347226;45,5477855477855;46,4031339031339;45,5517546816851;46,4014118665192
"Eskimo_Aleut";"c0";0,996954906131263;45,2447552447552;54,1891362011302;45,2862604928127;41,4491723962232
"Eskimo_Aleut";"c0";0,993505784884822;46,1771561771562;57,8426501035197;46,2312883995523;36,5950579394499
"Eskimo_Aleut";"c0";0,998701635640326;44,8251748251748;42,7407407407407;44,8155022772192;45,5886247033339
"Eskimo_Aleut";"c0";0,994668205679851;46,6045066045066;50,2928297755884;46,6216217932355;40,4556258049442
"Eskimo_Aleut";"c0";0,997492042283944;45,6099456099456;48,0427841634738;45,6212348839759;43,9509934893782
"Eskimo_Aleut";"c0";0,997441038647749;45,6332556332556;50,4597402597403;45,655652313657;42,1944414069854
"Eskimo_Aleut";"c0";0,999606410894918;44,040404040404;32,8444444444444;43,9884506316061;49,1985671527734
"Eskimo_Aleut";"c0";0,996184039087827;45,9052059052059;36,9846153846154;45,8638110536022;43,8010877031874
"Eskimo_Aleut";"c0";0,999044178566188;43,6674436674437;47,1661375661376;43,6836789059527;50,2526309952828
"Eskimo_Aleut";"c0";0,997003708554169;45,7575757575758;53,9406527505478;45,7955482726244;44,0174483355579
"Eskimo_Aleut";"c0";0,997861625407448;45,5167055167055;54,6165248544559;45,5589320565559;40,7421251002061
"Eskimo_Aleut";"c0";0,997106595226311;45,3613053613054;51,1619047619048;45,3882222958789;39,3321848533945
"Eskimo_Aleut";"c0";0,994204816415034;46,045066045066;56,9814271901386;46,0958148206812;39,0403650473547
"Eskimo_Aleut";"c0";0,997629155958122;45,2913752913753;47,6430976430976;45,3022881561165;43,3016188151373
"Eskimo_Aleut";"c0";0,999226463211123;44,6542346542347;46,9703703703704;44,6649823837759;46,482369815476
"Eskimo_Aleut";"c0";0,997561404942537;45,5788655788656;54,1110651023695;45,6184581520605;42,212472357292
"Eskimo_Aleut";"c0";0,997713420524571;45,3535353535353;48,2863354037267;45,3671446345107;42,8497013438714
"Eskimo_Aleut";"c0";0,994747325275554;46,021756021756;55,4484608345178;46,06549943156;41,6253711629466
"Eskimo_Aleut";"c0";0,999162417593496;45,5710955710956;47,7407407407407;45,5811635301194;47,4212659521062
"Eskimo_Aleut";"c0";0,998161699059728;45,2991452991453;37,2302737520129;45,2617027397619;43,9862863475052
"Eskimo_Aleut";"c0";0,998201268578021;45,2214452214452;43,6904761904762;45,2143409568004;44,4990098494103
"Eskimo_Aleut";"c0";0,995202947064255;46,021756021756;50,0865800865801;46,0406183144002;41,7891071668923
"Eskimo_Aleut";"c0";0,999785946153657;45,0505050505051;40,7549857549858;45,0305722463495;47,8573971450156
"Eskimo_Aleut";"c0";0,997538642680137;45,5089355089355;53,6778277527903;45,5468422014824;42,8353005499506
"Eskimo_Aleut";"c0";0,996543477755714;45,8585858585859;50,0529100529101;45,8780490799052;43,0854705125575
"Eskimo_Aleut";"c0";0,996677285001023;45,2292152292152;54,1647330181063;45,2706793488853;41,3041727234502
"Eskimo_Aleut";"c0";0,981973504621965;48,958818958819;62,4934640522876;49,0216247365149;31,5150912902282
"Eskimo_Aleut";"c0";0,999778321258483;43,6907536907537;40,7977207977208;43,6773289441503;46,1618740169489
"Eskimo_Aleut";"c0";0,997039692230185;45,3069153069153;49,96336996337;45,3285229851355;40,6955830167878
"Eskimo_Aleut";"c0";0,99902099571675;44,2113442113442;52,3519536019536;44,2491196609526;45,5777370010348
"Eskimo_Aleut";"c0";0,992051122079211;45,3923853923854;57,765037593985;45,4497990916968;36,5410527871374
"Eskimo_Aleut";"c0";0,998103254127799;45,3224553224553;53,2717966413619;45,3593432172066;44,4540129270204
"Eskimo_Aleut";"c0";0,997701189379969;45,2214452214452;54,0109270761445;45,2622316801677;43,0205446339845
"Eskimo_Aleut";"c0";0,989241237783296;45,9362859362859;57,3819698819699;45,9893981587717;36,7267106096607
"Eskimo_Aleut";"c0";0,994148190168637;45,4700854700855;56,5010989010989;45,5212734674452;37,1958577421277
"Eskimo_Aleut";"c0";0,998019087091155;45,3224553224553;48,9;45,33905645785;43,2630664562973
"Eskimo_Aleut";"c0";0,988937849209299;46,7909867909868;57,6013986013986;46,841151114933;37,4799268171815
"Eskimo_Aleut";"c0";0,998829053216226;44,972804972805;47,9709401709402;44,9867174331212;45,2545600318521
"Eskimo_Aleut";"c0";0,999241689359369;44,957264957265;42,037037037037;44,9437140156398;46,3264284438515
"Eskimo_Aleut";"c0";0,990379845756933;46,3480963480963;57,0961887477314;46,3979714868417;37,246148169756
"Eskimo_Aleut";"c0";0,998217251706998;44,9261849261849;49,1292815130896;44,9456888546624;45,1302635791315
"Eskimo_Aleut";"c0";0,995197190397743;45,4156954156954;48,3155270655271;45,4291517110543;41,9746008657719
"Eskimo_Aleut";"c0";0,99949549284849;45,3613053613054;36,7236467236467;45,3212234186712;47,5393349229636
"Eskimo_Aleut";"c0";0,99490304992873;45,4312354312354;55,1423719958203;45,4762987099574;42,1313680431021
"Eskimo_Aleut";"c0";0,99797925901193;45,1204351204351;35,7692307692308;45,0770420608008;45,623645668013
"Eskimo_Aleut";"c0";0,999293221245434;44,9261849261849;46,157264957265;44,9318975945426;46,3385609372304
"Eskimo_Aleut";"c0";0,995466344653182;45,8275058275058;56,0761904761905;45,8750635288918;39,1257855907725
"Eskimo_Aleut";"c0";0,998723051464826;45,4856254856255;36,4895330112721;45,4438802769278;45,7135074830537
"Eskimo_Aleut";"c0";0,995046402085575;45,7575757575758;49,586231884058;45,7753421433135;41,9285459999313
"Eskimo_Aleut";"c0";0,997658261257023;44,1181041181041;36,2857142857143;44,0817589216661;42,6851232740781
"Eskimo_Aleut";"c0";0,995002367002864;45,951825951826;55,3156565656566;45,9952776020061;41,0719441010417
"Eskimo_Aleut";"c0";0,997505480648149;44,9339549339549;54,5596995596996;44,9786219623807;40,9402017333116
"Eskimo_Aleut";"c0";0,995632018346155;45,6021756021756;55,2556935817805;45,6469715092735;40,5861341085176
"Eskimo_Aleut";"c0";0,994825783856923;45,003885003885;56,2135531135531;45,0559020252756;39,6851400122754
"Eskimo_Aleut";"c0";0,998755572835889;45,2136752136752;46,6951566951567;45,2205498377192;47,3095611132055
"Eskimo_Aleut";"c0";0,997541613777658;45,3379953379953;53,8952845006068;45,3777043364297;43,039627127901
"Eskimo_Aleut";"c0";0,997939316508893;44,8251748251748;52,9565482826352;44,8629074166248;44,6022716559287
"Eskimo_Aleut";"c0";0,997172807652494;45,6099456099456;36,9551282051282;45,569784044262;44,4288817528851
"Eskimo_Aleut";"c0";0,999374290203273;45,1981351981352;46,6746438746439;45,2049867465181;45,4168145417847
"Eskimo_Aleut";"c0";0,999271064301565;45,3535353535353;40,787037037037;45,332345106127;47,0642518609876
"Eskimo_Aleut";"c0";0,996660399568199;45,0582750582751;48,8119047619048;45,0756932935587;46,201458565421
"Eskimo_Aleut";"c0";0,999646455994859;44,4755244755245;37,4074074074074;44,4427257884334;49,1473704678992
"Eskimo_Aleut";"c0";0,996866003549781;45,6254856254856;53,8395980581138;45,6636021564955;44,2939809533573
"Eskimo_Aleut";"c0";0,997987804856308;43,986013986014;48,2407407407407;44,0057574976368;41,8525781959135
"Eskimo_Aleut";"c0";0,998207497824701;44,7474747474747;47,0054945054945;44,757952797396;48,4521273890839
"Eskimo_Aleut";"c0";0,996615486535805;45,5089355089355;47,9891304347826;45,5204445341135;44,6608374984592
"Eskimo_Aleut";"c0";0,999100324207067;45,3457653457653;36,5064102564103;45,3047474567196;47,1486848192528
"Eskimo_Aleut";"c0";0,997365038289313;45,2136752136752;54,0242417252912;45,2545595130331;43,346504727597
"Eskimo_Aleut";"c0";0,998483832595235;45,5322455322455;46,8989010989011;45,5385873214179;46,3086229264899
"Eskimo_Aleut";"c0";0,998420468835741;45,2059052059052;47,402380952381;45,2160976687659;47,6467537864874
"Eskimo_Aleut";"c0";0,99386728431066;45,9440559440559;44,3076923076923;45,9364626093164;39,5907908696489
"Eskimo_Aleut";"c0";0,997954528857349;45,3613053613054;47,9273504273504;45,3732127630039;44,4003040364994
"Eskimo_Aleut";"c0";0,994927807038969;46,3014763014763;49,2139208173691;46,3149911252159;41,6100079827382
"Eskimo_Aleut";"c0";0,998248469911684;45,5400155400155;53,1429266136163;45,5752958698234;45,8278391274823
"Eskimo_Aleut";"c0";0,997734948574714;44,7785547785548;44,0833333333333;44,7753286929621;42,9517919543768
"Eskimo_Aleut";"c0";0,996967806917082;44,7863247863248;54,5454545454545;44,8316107712859;41,5157800305558
"Eskimo_Aleut";"c0";0,996384849181548;45,7342657342657;49,3965293965294;45,7512599971997;43,3195074710624
"Eskimo_Aleut";"c0";0,998046880126449;44,7552447552448;53,3738284703802;44,7952381831572;44,5273581452023
"Eskimo_Aleut";"c0";0,998040933763018;45,5400155400155;47,5390313390313;45,549291715417;45,5011623900091
"Eskimo_Aleut";"c0";0,996883452811607;45,6876456876457;53,6210826210826;45,7244597801442;43,1698631989362
"Eskimo_Aleut";"c0";0,994159859252114;45,9362859362859;54,8135086497155;45,977479545165;42,5158574592433
"Eskimo_Aleut";"c0";0,997351290889261;45,2214452214452;48,6337173293695;45,2372794307627;42,4153834540953
"Eskimo_Aleut";"c0";0,996559111837112;45,0815850815851;53,7777777777778;45,1219386439804;42,495113388934
"Eskimo_Aleut";"c0";0,996775865671412;45,8275058275058;48,6010466988728;45,8403760867697;44,3113765480407
"Eskimo_Aleut";"c0";0,995147471917038;45,4467754467754;55,7779146141215;45,4947157677376;40,3926413924352
"Eskimo_Aleut";"c0";0,998750714293418;45,3224553224553;48,1692307692308;45,3356654173359;45,7752948035548
"Eskimo_Aleut";"c0";0,997302238924052;44,7940947940948;47,5031928480204;44,8066660147627;43,9658605371709
"Eskimo_Aleut";"c0";0,996876537455651;45,2292152292152;55,369002006933;45,2762676040538;40,3876198068024
"Eskimo_Aleut";"c0";0,992930210991982;47,3659673659674;60,6725956190639;47,4277150608773;33,3486424201077
"Eskimo_Aleut";"c0";0,99014102419627;46,029526029526;58,4064558629776;46,0869595786372;36,9628310534153
"Eskimo_Aleut";"c0";0,995134574330338;45,4933954933955;37,3076923076923;45,4554107918377;42,7858434890899
"Eskimo_Aleut";"c0";0,999064615214838;44,4599844599845;37,2685185185185;44,4266133883303;44,5891281282072
"Eskimo_Aleut";"c0";0,995392047753034;46,037296037296;55,6999746879807;46,0821344533085;39,6136198581684
"Eskimo_Aleut";"c0";0,999428925638397;45,2913752913753;46,9111111111111;45,2988914668729;46,8021217596717
"Eskimo_Aleut";"c0";0,999357750619902;45,4234654234654;32,8;45,3648878576953;47,1568314528726
"Eskimo_Aleut";"c0";0,998844973463056;45,3224553224553;43,6858974358974;45,3148610863228;45,1123315988438
"Eskimo_Aleut";"c0";0,999103208611425;44,6853146853147;30;44,6171693735499;48,0706065946822
"Eskimo_Aleut";"c0";0,995973886008789;44,6464646464646;55,0707070707071;44,6948370011015;40,2324030784124
"Eskimo_Aleut";"c0";0,998502914731013;44,6309246309246;47,1240740740741;44,642493769872;47,5105858272073
"Eskimo_Aleut";"c0";0,998449305415449;44,7552447552448;47,9698005698006;44,7701614875629;45,1713930669855
"Eskimo_Aleut";"c0";0,993632087167192;45,5011655011655;44,8701298701299;45,4982372615783;41,9276116833588
"Eskimo_Aleut";"c0";0,997394330539339;45,6798756798757;47,8991060025543;45,6901737324171;44,961575742035
"Eskimo_Aleut";"c0";0,995999302931074;45,6565656565657;55,0292954172265;45,7000586020908;40,7593667800005
"Eskimo_Aleut";"c0";0,99836763969891;45,6254856254856;48,355900621118;45,6381557646765;43,2125574955734
"Eskimo_Aleut";"c0";0,997919801092209;45,027195027195;52,8049406310276;45,063286654127;48,1195471690721
"Eskimo_Aleut";"c0";0,999351958268745;44,7008547008547;48,1538461538462;44,7168778630496;46,6465663182566
"Eskimo_Aleut";"c0";0,996455069020089;45,982905982906;54,58934169279;46,0228430395644;42,4479426460666
"Eskimo_Aleut";"c0";0,998253511886966;45,4234654234654;48,3537758537759;45,4370631516803;44,6504546853632
"Eskimo_Aleut";"c0";0,995904613777983;45,1903651903652;54,9490139490139;45,2356489433056;40,0998346820199
"Eskimo_Aleut";"c0";0,995612738888939;46,045066045066;49,7727272727273;46,0623637769809;41,1974790278075
"Eskimo_Aleut";"c0";0,996557862816498;45,4312354312354;54,8490338164251;45,4749375119092;40,9267118868685
"Eskimo_Aleut";"c0";0,999122767705088;45,2136752136752;40,9722222222222;45,1939932972416;48,2390448300847
"Eskimo_Aleut";"c0";0,992943389973536;46,3014763014763;55,8742424242424;46,345897489981;39,7195662484839
"Eskimo_Aleut";"c0";0,994328155105266;45,3224553224553;51,512987012987;45,3511816876086;40,8499270774198
"Eskimo_Aleut";"c0";0,997389419706745;45,1048951048951;49,6031746031746;45,1257687916621;39,2693384995885
"Eskimo_Aleut";"c0";0,996851080709162;45,990675990676;49,1234627441524;46,0052132841956;41,4954586411163
"Eskimo_Aleut";"c0";0,998152286614376;45,2836052836053;48,0172001911132;45,2962901787677;45,4210301926557
"Eskimo_Aleut";"c0";0,989632407343545;46,7909867909868;58,9612127134813;46,8474611572165;34,4257413564694
"Eskimo_Aleut";"c0";0,996654642976066;45,3923853923854;50,1373626373626;45,4144038482786;44,3316874483585
"Eskimo_Aleut";"c0";0,993554666799914;46,3558663558664;55,5574712643678;46,3985652185508;41,1208980608385
"Eskimo_Aleut";"c0";0,997250462960144;45,1903651903652;53,5258241758242;45,2290448144276;43,3638534124392
"Eskimo_Aleut";"c0";0,991635436996945;46,6045066045066;51,4047619047619;46,6267815710971;38,3434264429071
"Eskimo_Aleut";"c0";0,995318495794538;45,9440559440559;55,8928571428571;45,9902220749088;40,2175945627698
"Eskimo_Aleut";"c0";0,999100850747657;44,4832944832945;47,0307692307692;44,4951157118211;45,8707187330784
"Eskimo_Aleut";"c0";0,997457972562429;45,3302253302253;48,5570950788342;45,3451992037688;44,79581553917
"Eskimo_Aleut";"c0";0,999552400212029;45,0893550893551;45,4735042735043;45,0911376841771;49,082111475238
"Eskimo_Aleut";"c0";0,9936009628498;45,9052059052059;55,1384615384615;45,9480516390029;41,1886037201175
"Eskimo_Aleut";"c0";0,996593857820072;46,1072261072261;39,9259259259259;46,0785425797027;41,1153161862095
"Eskimo_Aleut";"c0";0,998449637312062;45,3457653457653;47,5907407407407;45,3561828649996;45,4370472923806
"Eskimo_Aleut";"c0";0,993809627113595;46,1693861693862;55,1551226551227;46,2110833224522;41,2350146834447
"Eskimo_Aleut";"c0";0,998971528051392;44,3589743589744;48,4650333563377;44,3780279970132;44,5020022696687
"Eskimo_Aleut";"c0";0,999089264400893;45,1670551670552;37,7884615384615;45,1328157534654;45,862119957125
"Eskimo_Aleut";"c0";0,999328117869441;44,9417249417249;47,4;44,95313225058;45,2700805306321
"Eskimo_Aleut";"c0";0,997987866688941;44,7785547785548;53,3002866698519;44,8180987780504;43,1101604513328
"Eskimo_Aleut";"c0";0,999807781897536;45,1825951825952;41,5669515669516;45,1658172539843;48,0560720980902
"Eskimo_Aleut";"c0";0,999372465280853;45,2836052836053;46,8792022792023;45,2910094459978;48,8762182160261
"Eskimo_Aleut";"c0";0,995734096357957;44,972804972805;49,0458937198068;44,9917056166426;42,5796898832798
"Eskimo_Aleut";"c0";0,995478545287906;45,3846153846154;54,0055989099467;45,424619948538;45,0422876968781
"Eskimo_Aleut";"c0";0,995040715168428;45,8197358197358;50,4428341384863;45,8411887121662;41,1908341299096
"Eskimo_Aleut";"c0";0,99825299438041;45,1515151515152;53,0404761904762;45,1881228593526;45,1460870140173
"Eskimo_Aleut";"c0";0,99669811839255;45,8818958818959;51,6206896551724;45,9085260154146;39,2343416530772
"Eskimo_Aleut";"c0";0,989568963212811;47,3815073815074;58,5184331797235;47,4331868515687;36,3803973416035
"Eskimo_Aleut";"c0";0,991244721195706;45,3613053613054;51,3550830889541;45,3891187150299;38,2969576764963
"Eskimo_Aleut";"c0";0,995489970868703;45,9052059052059;49,3389668801963;45,9211398308439;40,8276924835094
"Eskimo_Aleut";"c0";0,995289626683385;45,6721056721057;49,8510466988728;45,6914975098169;42,3728908609661
"Eskimo_Aleut";"c0";0,994647496005483;46,2237762237762;55,1253123438281;46,2650826558878;41,7602261786329
"Eskimo_Aleut";"c0";0,994348667487629;46,2004662004662;56,0742424242424;46,2462841875835;39,9020497890194
"Eskimo_Aleut";"c0";0,999448876012631;44,3667443667444;46,1111111111111;44,374838875999;48,9585152361738
"Eskimo_Aleut";"c0";0,996820108759037;45,8352758352758;54,6984326018809;45,8764041729399;41,9690608555037
"Eskimo_Aleut";"c0";0,993888899606326;45,1359751359751;50,1124423963134;45,1590677914756;40,904168067323
"Eskimo_Aleut";"c0";0,996701178206319;46,0761460761461;55,2790549169859;46,1188509895606;40,3067054588287
"Eskimo_Aleut";"c0";0,996484340874;45,7264957264957;50,2865234049642;45,7476559477415;41,0700946506083
"Eskimo_Aleut";"c0";0,999481032002811;44,7785547785548;46,5242165242165;44,7866552970961;47,2189077138665
"Eskimo_Aleut";"c0";0,993570163444686;45,7264957264957;55,5765345765346;45,7722035633869;39,2624354985828
"Eskimo_Aleut";"c0";0,99651559911923;45,4001554001554;54,1913765339552;45,4409499297786;41,5589443207208
"Eskimo_Aleut";"c0";0,999085054443411;44,9417249417249;35,1602564102564;44,8963352965673;48,7502731050035
"Eskimo_Aleut";"c0";0,99273483717411;45,4467754467754;55,3991718426501;45,4929582606774;40,2240343571192
"Eskimo_Aleut";"c0";0,999016119081164;45,2525252525253;52,4038461538462;45,2857100362901;45,6122293331838
"Eskimo_Aleut";"c0";0,99156699309856;46,8376068376068;56,9871794871795;46,8847046225236;38,4317173789032
"Eskimo_Aleut";"c0";0,991653753295435;46,2004662004662;50,0863354037267;46,2184980761194;39,0173013248441
"Eskimo_Aleut";"c0";0,999662673498115;45,2913752913753;31,5384615384615;45,2275566660717;49,1609368608868
"Eskimo_Aleut";"c0";0,997562322404095;44,3356643356643;54,1188632567943;44,3810620104724;45,1704993674711
"Eskimo_Aleut";"c0";0,999146919209445;45,3613053613054;37,7314814814815;45,3259001460858;45,5849779292144
"Eskimo_Aleut";"c0";0,996587325246819;45,6565656565657;48,1314699792961;45,6680501313811;43,5949494971703
"Eskimo_Aleut";"c0";0,99930595904968;45,0971250971251;41,2037037037037;45,079058176506;48,1618972176705
"Eskimo_Aleut";"c0";0,997369038716339;45,1437451437451;54,0204431583742;45,184936317827;42,0995169393437
"Eskimo_Aleut";"c0";0,997461163955629;45,6876456876457;38,4057971014493;45,6538552069673;44,4246179759144
"Eskimo_Aleut";"c0";0,995482463569785;46,3636363636364;56,0699479320169;46,4086772525848;39,4139136830325
"Eskimo_Aleut";"c0";0,998353383135056;45,3923853923854;48,5570950788342;45,4070708201647;45,7371548475733
"Eskimo_Aleut";"c0";0,995059077156939;45,3069153069153;54,3310789049919;45,3487907760479;43,3328796835718
"Eskimo_Aleut";"c0";0,995605161140954;45,4623154623155;56,935319066898;45,5155544581604;38,017802185831
"Eskimo_Aleut";"c0";0,993222239720029;46,6278166278166;57,2707874173512;46,6772039632669;37,9941214951995
"Eskimo_Aleut";"c0";0,99846795876033;45,3613053613054;47,7976190476191;45,3726107612419;44,8155861361944
"Eskimo_Aleut";"c0";0,995545988738633;45,1204351204351;37,7846153846154;45,0863941935868;44,043729117357
"Eskimo_Aleut";"c0";0,998286896563853;44,7008547008547;47,7878643096034;44,7151795714289;44,5444842200422
"Eskimo_Aleut";"c0";0,994045207536978;45,6254856254856;52,6132950241609;45,6579116551779;35,5812185044252
"Eskimo_Aleut";"c1";0,981561558269482;54,6825396825397;46,1460761460761;46,1856885058741;35,0247659183585
"Eskimo_Aleut";"c1";0,997776622165802;58,2687642353938;46,4491064491064;46,5039540490428;36,2420984730716
"Eskimo_Aleut";"c1";0,935196388109188;54,0459923884212;45,5477855477855;45,5872203823129;44,3467454724882
"Eskimo_Aleut";"c1";0,98668092787445;58,121303983373;47,2027972027972;47,2534631275331;36,8732152724899
"Eskimo_Aleut";"c1";0,842465478961636;46,5253561253561;44,972804972805;44,9800093865059;46,2370182258171
"Eskimo_Aleut";"c1";0,962175725134046;47,5277777777778;45,5167055167055;45,5260376385666;46,5580631919097
"Eskimo_Aleut";"c1";0,926768593665889;56,1777047983945;45,8041958041958;45,8523327368835;39,551265130536
"Eskimo_Aleut";"c1";0,923551325512958;55,5593397745572;45,5555555555556;45,6019768280335;40,7501200994081
"Eskimo_Aleut";"c1";0,79807617081678;48,6679549114332;44,965034965035;44,9822178882201;41,6620621867528
"Eskimo_Aleut";"c1";0,982770431210477;57,7244116037219;46,5811965811966;46,6329052355934;36,3867289074396
"Eskimo_Aleut";"c1";0,931106560366135;55,0792766010157;45,8119658119658;45,854969574328;40,5158797326268
"Eskimo_Aleut";"c1";0,94556204412822;56,6559218559219;46,3947163947164;46,4423321973206;37,1296207629287
"Eskimo_Aleut";"c1";0,810421808859283;55,1978260869565;45,4778554778555;45,5229597498235;40,6786791532911
"Eskimo_Aleut";"c1";0,718092245587857;49,7775862068966;45,1204351204351;45,1420460303491;42,5569073820732
"Eskimo_Aleut";"c1";0,889596727914594;55,0025252525252;45,4079254079254;45,4524479130048;41,576037525456
"Eskimo_Aleut";"c1";0,966562370928994;49,7547619047619;45,967365967366;45,9849408905093;42,7177713573627
"Eskimo_Aleut";"c1";0,975887506551982;46,8222222222222;44,957264957265;44,9659190513019;50,5857568604897
"Eskimo_Aleut";"c1";0,917314041513601;55,7261904761905;45,5944055944056;45,6414208374765;40,0599121061856
"Eskimo_Aleut";"c1";0,796584743463543;49,0019893899204;44,8640248640249;44,8832265555603;43,397143785017
"Eskimo_Aleut";"c1";0,95724991335846;55,4920634920635;47,6068376068376;47,6434279821751;32,2889932493429
"Eskimo_Aleut";"c1";0,946712521179019;53,5014311026305;46,5656565656566;46,5978411342736;36,9558272867271
"Eskimo_Aleut";"c1";0,862336524571003;44,85;44,7940947940948;44,7943542150039;43,5635630679046
"Eskimo_Aleut";"c1";0,834465209468466;48,9055472263868;45,0971250971251;45,1147975896043;42,7793524955887
"Eskimo_Aleut";"c1";0,986666709866106;59,1653726708075;47,1639471639472;47,2196382335846;35,5700610529847
"Eskimo_Aleut";"c1";0,97877813708503;50,8703703703704;46,2781662781663;46,2994758099166;38,5108171043792
"Eskimo_Aleut";"c1";0,963750311423079;52,8709454796411;46,4568764568765;46,486640118235;36,0549959469893
"Eskimo_Aleut";"c1";0,994044284731716;48,8841836391746;46,2082362082362;46,2206535977069;41,1031220564637
"Eskimo_Aleut";"c1";0,946933835470792;56,069696969697;45,8818958818959;45,9291710609576;39,473607355092
"Eskimo_Aleut";"c1";0,967459496613975;56,9179487179487;46,2470862470863;46,2966030102921;38,5925713351276
"Eskimo_Aleut";"c1";0,877093158571215;55,2017844224741;45,3768453768454;45,4224367413263;39,9385383042811
"Eskimo_Aleut";"c1";0,9220269908238;48,4603851920194;44,980574980575;44,996722591765;45,5376236948967
"Eskimo_Aleut";"c1";0,903367645067929;53,9710098330788;45,6254856254856;45,6642119559153;42,9855524916531
"Eskimo_Aleut";"c1";0,976389940144699;57,8778653581066;47,1406371406371;47,1904618655442;37,2826938104292
"Eskimo_Aleut";"c1";0,941061587313285;47,9117056856187;45,7808857808858;45,7907735762674;44,2456246867296
"Eskimo_Aleut";"c1";0,874023957198636;47,8917874396135;44,8407148407148;44,8548729502225;45,0683439594488
"Eskimo_Aleut";"c1";0,994640151639292;58,565192151399;47,2261072261072;47,2787247895657;36,8978623854988
"Eskimo_Aleut";"c1";0,990207297931649;50,1458128078818;46,6045066045066;46,6209395799283;39,778613416811
"Eskimo_Aleut";"c1";0,980957730847149;59,5893458393458;47,8088578088578;47,8635236465863;34,1585962661924
"Eskimo_Aleut";"c1";0,814311720048103;48,5057471264368;45,5244755244755;45,5383097314452;43,6661149276689
"Eskimo_Aleut";"c1";0,958001803512369;57,4912487525918;46,5112665112665;46,5622177049618;37,2765653121705
"Eskimo_Aleut";"c1";0,877783651277444;48,0406593406593;44,2113442113442;44,2291136550997;48,4765130164126
"Eskimo_Aleut";"c1";0,899372372074034;48,5622710622711;45,0582750582751;45,074534900521;45,8908982414387
"Eskimo_Aleut";"c1";0,703421386112898;49,3338143338143;45,3302253302253;45,3488034694531;43,20853059418
"Eskimo_Aleut";"c1";0,768355271248824;50,121635610766;45,2214452214452;45,2441839239479;41,7176062033148
"Eskimo_Aleut";"c1";0,921299009116703;48,8246753246753;45,5167055167055;45,5320557246311;41,4023047395317
"Eskimo_Aleut";"c1";0,994739010795837;57,1500282326369;46,6977466977467;46,7462491642659;38,0533602134545
"Eskimo_Aleut";"c1";0,955215413202619;42,8833333333333;45,1048951048951;45,0945862335654;42,8751465702317
"Eskimo_Aleut";"c1";0,96048999161804;51,4822134387352;45,6021756021756;45,6294611605819;39,0852830277176
"Eskimo_Aleut";"c1";0,996653763405944;56,1698591263809;46,2859362859363;46,3318013571216;39,5483819549785
"Eskimo_Aleut";"c1";0,475926313736783;47,3561253561254;45,1981351981352;45,2081490735783;47,1126390399105
"Eskimo_Aleut";"c1";0,984921339513439;57,6311387788468;46,7599067599068;46,8103533121988;36,7364761253435
"Eskimo_Aleut";"c1";0,848628027090432;54,495118674429;45,1903651903652;45,2335427007321;41,6190756169755
"Eskimo_Aleut";"c1";0,892861743719455;46,5987460815047;46,0683760683761;46,0708371821261;40,07034048409
"Eskimo_Aleut";"c1";0,966646715147717;54,3973244147157;45,5477855477855;45,5888506933398;40,680233603205
"Eskimo_Aleut";"c1";0,97614327325641;57,7841468875952;47,1173271173271;47,1668251209014;37,1137135730516
"Eskimo_Aleut";"c1";0,989561261391498;57,6341774167861;46,8609168609169;46,9109087892504;37,0692256334231
"Eskimo_Aleut";"c1";0,957164889946382;60,9573412698413;46,6744366744367;46,7407146539977;33,7031520704332
"Eskimo_Aleut";"c1";0,936780751982706;51,1693121693122;45,7342657342657;45,759486367375;39,8037329282121
"Eskimo_Aleut";"c1";0,974562133717104;54,2155388471178;46,6977466977467;46,7326320441475;36,8479150081787
"Eskimo_Aleut";"c1";0,964897206683017;57,2452599864942;46,2004662004662;46,2517181437888;37,5416261808948
"Eskimo_Aleut";"c1";0,946153133462494;49,987922705314;45,5944055944056;45,6147931448042;40,6511961523487
"Eskimo_Aleut";"c1";0,947998007616658;56,6382783882784;46,2082362082362;46,256635475893;38,3158272435604
"Eskimo_Aleut";"c1";0,947275235567162;57,6647966339411;45,7031857031857;45,7586920184096;37,1991550782733
"Eskimo_Aleut";"c1";0,940011569559493;48,75;45,0815850815851;45,0986078886311;42,6582326943816
"Eskimo_Aleut";"c1";0,833950249559362;48,9642282033586;44,9261849261849;44,9449229460326;39,6410952509406
"Eskimo_Aleut";"c1";0,827683906758669;53,4760683760684;45,4001554001554;45,4376306343824;44,215325021391
"Eskimo_Aleut";"c1";0,947592147718931;54,362962962963;46,4413364413364;46,4780957291398;34,3391787435223
"Eskimo_Aleut";"c1";0,887875808328239;51,3797313797314;45,8119658119658;45,8378023111202;37,9851445673957
"Eskimo_Aleut";"c1";0,990460342134618;48,7606837606838;45,4778554778555;45,4930890197712;44,6507532552026
"Eskimo_Aleut";"c1";0,47017156544133;55,159535616807;44,4055944055944;44,4554966849968;40,2309681777577
"Eskimo_Aleut";"c1";0,974616702994802;51,991341991342;46,2160062160062;46,2428059179799;39,2383609867937
"Eskimo_Aleut";"c1";0,894865385536556;46,583850931677;44,8873348873349;44,8952073515778;45,9059586141333
"Eskimo_Aleut";"c1";0,999910214318241;40,9722222222222;46,5190365190365;46,4932972415571;41,8692962460704
"Eskimo_Aleut";"c1";0,959319642225081;52,7028651572831;46,0683760683761;46,099162560668;36,5465259988942
"Eskimo_Aleut";"c1";0,969151618484555;55,1470815263919;45,7109557109557;45,7547428377095;40,1404736611857
"Eskimo_Aleut";"c1";0,960497978493633;45,2597402597403;46,4180264180264;46,4126515402617;40,4332721422395
"Eskimo_Aleut";"c1";0,891087088597746;49,1310541310541;45,9285159285159;45,943376894653;42,8181725169863
"Eskimo_Aleut";"c1";0,8745845667776;54,0376354169458;45,3146853146853;45,3551630413779;41,8246815287487
"Eskimo_Aleut";"c1";0,943637951102156;57,1727366836063;46,985236985237;47,0325107657399;38,227971579833
"Eskimo_Aleut";"c1";0,99661682305867;49,5925925925926;46,0916860916861;46,1079315974908;42,8425948769242
"Eskimo_Aleut";"c1";0,88052176471424;54,5733383308346;45,0815850815851;45,1256303402823;41,5775715064392
"Eskimo_Aleut";"c1";0,936224489795918;54,326378477428;45,8119658119658;45,8514758475364;42,3139992161214
"Eskimo_Aleut";"c1";0,984151136319771;58,3559353364254;47,039627039627;47,0921389110739;35,665831373147
"Eskimo_Aleut";"c1";0,756644449203734;53,432967032967;45,6254856254856;45,6617152375853;44,0247221088791
"Eskimo_Aleut";"c1";0,973699513185977;52,6475073313783;46,7676767676768;46,7949613642601;37,7899783178315
"Eskimo_Aleut";"c1";0,857770513022937;48,7169312169312;45,5477855477855;45,5624915601714;43,6509810729771
"Eskimo_Aleut";"c1";0,867328433152208;49,7057471264368;45,0660450660451;45,0875750060005;43,0928418814119
"Eskimo_Aleut";"c1";0,946287604709099;49,8951048951049;45,7808857808858;45,7999772848961;42,1121846246238
"Eskimo_Aleut";"c1";0,980383281811966;52,5467980295567;46,6200466200466;46,6475489467729;38,0247252980141
"Eskimo_Aleut";"c1";0,810373548751865;49,994027711419;45,0660450660451;45,0889127349331;40,5055125875115
"Eskimo_Aleut";"c1";0,990563491850017;44,6822742474916;45,6721056721057;45,6675124868406;40,6820972071235
"Eskimo_Aleut";"c1";0,987601013109975;59,3238636363636;47,5291375291375;47,5838694368277;35,8566796083088
"Eskimo_Aleut";"c1";0,564221697475096;47,3417582417582;44,001554001554;44,0170537892116;45,4461950738327
"Eskimo_Aleut";"c1";0,382363923753881;46,2592592592593;45,2525252525253;45,2571968720461;47,2237388362251
"Eskimo_Aleut";"c1";0,911923769951182;53,4300366300366;45,4079254079254;45,4451509820419;44,6981020273883
"Eskimo_Aleut";"c1";0,928766987688623;58,2187028657617;45,2836052836053;45,3436289382789;34,8246700434494
"Eskimo_Aleut";"c1";0,94735157815348;50,0592885375494;46,0839160839161;46,1023632878773;42,3210841578518
"Eskimo_Aleut";"c1";0,531778869460149;53,4087912087912;44,3978243978244;44,4396386289658;44,1553001570902
"Eskimo_Aleut";"c1";0,901702963366224;40,1333333333333;46,3714063714064;46,3424593967517;39,8820543491418
"Eskimo_Aleut";"c1";0,942934976137034;56,0453897953898;46,2237762237762;46,2693521568232;39,0206392248855
"Eskimo_Aleut";"c1";0,952701754248342;51,9859514687101;45,4545454545455;45,4848536031031;38,4044427435741
"Eskimo_Aleut";"c1";0,864468867214292;48,9351851851852;45,0738150738151;45,0917332645871;44,1301593300581
"Eskimo_Aleut";"c1";0,956977563506871;57,3703703703704;46,3714063714064;46,4224456475037;37,8905063192417
"Eskimo_Aleut";"c1";0,963689271875554;58,3620689655172;46,8142968142968;46,8678827639544;36,1809644304928
"Eskimo_Aleut";"c1";0,81233448541948;49,3939393939394;44,7086247086247;44,7303663080925;40,4951831733464
"Eskimo_Aleut";"c1";0,958216817443923;53,5984848484849;48,8811188811189;48,9030092104338;35,4378575068755
"Eskimo_Aleut";"c1";0,823329307421631;37,4643874643875;44,8174048174048;44,7832840872284;49,0343410217255
"Eskimo_Aleut";"c1";0,94396395408017;52,2115384615385;47,3193473193473;47,3420489023737;36,232754355313
"Eskimo_Aleut";"c1";0,843438848243824;54,4522615315719;45,5710955710956;45,6123074781047;42,1718026792097
"Eskimo_Aleut";"c1";0,97789120955375;51,5801127214171;45,7731157731158;45,8000623946856;38,186383821726
"Eskimo_Aleut";"c1";0,810712396186432;42,979797979798;45,1748251748252;45,164639433781;44,494366442473
"Eskimo_Aleut";"c1";0,91785415349536;56,2591778591779;44,9106449106449;44,9633063164386;37,5524106033761
"Eskimo_Aleut";"c1";0,950593171099629;51,8997832462068;46,8764568764569;46,8997669756205;37,943813872336
"Eskimo_Aleut";"c1";0,966157738127175;48,2359307359307;45,1748251748252;45,189029841002;45,7555690306327
"Eskimo_Aleut";"c1";0,879844682311147;54,0086956521739;45,4700854700855;45,509707791116;43,0933748055694
"Eskimo_Aleut";"c1";0,974506743559612;51,2424242424242;45,9052059052059;45,9299725796246;40,3762943687799
"Eskimo_Aleut";"c1";0,988654197253046;52,0238095238095;46,6666666666667;46,6915257982543;38,6836200197385
"Eskimo_Aleut";"c1";0,958736972700529;55,257105213627;46,2393162393162;46,2811621278281;42,3483230229884
"Eskimo_Aleut";"c1";0,873422389643122;56,5904761904762;45,8119658119658;45,8619821014253;39,1717472405519
"Eskimo_Aleut";"c1";0,999147447205286;56,0037037037037;46,2160062160062;46,2614247658331;40,7158765589109
"Eskimo_Aleut";"c1";0,944258680223427;48,9166666666667;45,1670551670552;45,1844547563805;45,2567808026688
"Eskimo_Aleut";"c1";0,973140053348239;57,9055373746818;46,7132867132867;46,7652229112514;36,9833427720694
"Eskimo_Aleut";"c1";0,984021861428444;59,7876428354738;47,4747474747475;47,5318838801337;34,2091212827111
"Eskimo_Aleut";"c1";0,920517266613378;51,1159673659674;45,975135975136;45,9989913412187;39,8562118348666
"Eskimo_Aleut";"c1";0,990031881327295;56,4281609195402;45,9207459207459;45,9695042270048;38,3697587028999
"Eskimo_Aleut";"c1";0,978778115327217;58,7299980721033;47,047397047397;47,1016086530801;35,537489244564
"Eskimo_Aleut";"c1";0,946950979328415;52,8111111111111;46,2548562548563;46,2852797112658;36,8043003471439
"Eskimo_Aleut";"c1";0,990662919339043;54,9194116228599;45,5322455322455;45,5758054677008;42,6504349344056
"Eskimo_Aleut";"c1";0,820689261290843;49,5712560386473;44,8873348873349;44,9090700202876;40,7139015891282
"Eskimo_Aleut";"c1";0,936568111358604;47,2962732919255;45,2991452991453;45,308412714425;45,0619483500926
"Eskimo_Aleut";"c1";0,96760642091119;59,3280423280423;47,6923076923077;47,7463018205478;35,1939174176576
"Eskimo_Aleut";"c1";0,987331031837329;60,7356902356902;48,1118881118881;48,1704672400728;32,5713823171906
"Eskimo_Aleut";"c1";0,857857372097917;50,3938415407681;45,5788655788656;45,6012088547909;41,2352368686605
"Eskimo_Aleut";"c1";0,886676417158367;54,6717144924041;44,996114996115;45,0410133696477;42,9847979219586
"Eskimo_Aleut";"c1";0,94426737043756;36,5064102564103;44,988344988345;44,9489856624427;46,6517425328303
"Eskimo_Aleut";"c1";0,984877771513671;59,6490224180714;47,5835275835276;47,6395159586299;34,6100563693175
"Eskimo_Aleut";"c1";0,84670387859287;49,6376811594203;45,9285159285159;45,9457278321396;41,431347521158
"Eskimo_Aleut";"c1";0,984188408705591;58,9252776209298;47,3659673659674;47,4196068567096;35,824834868113
"Eskimo_Aleut";"c1";0,872536172391489;55,5477855477855;44,8640248640249;44,9136014797268;41,318806295105
"Eskimo_Aleut";"c1";0,961003400823826;52,4561403508772;46,9463869463869;46,9719542475679;35,4264296215602
"Eskimo_Aleut";"c1";0,978140483126528;48,783908045977;45,8430458430458;45,8566925354028;43,3579154254265
"Eskimo_Aleut";"c1";0,974884908405622;58,9639773414728;47,2571872571873;47,3115111090865;35,028553873363
"Eskimo_Aleut";"c1";0,824713984233127;47,1581196581197;45,1748251748252;45,1840283974855;44,1910545349293
"Eskimo_Aleut";"c1";0,931635438297065;58,7747312578528;45,8896658896659;45,9494573762932;34,0519900027374
"Eskimo_Aleut";"c1";0,952414204456245;56,7562895262755;46,2004662004662;46,2494491393331;38,5504191301163
"Eskimo_Aleut";"c1";0,987988066607493;49,1690693114981;45,7109557109557;45,7270026418167;43,965927292473
"Eskimo_Aleut";"c1";0,792457618807187;55,149276011345;44,6464646464646;44,6952015901532;40,7317418080313
"Eskimo_Aleut";"c1";0,929213877512629;47,6333333333333;45,5555555555556;45,5651972157773;45,6622150933788
"Eskimo_Aleut";"c1";0,968706062762563;50,8628762541806;46,3869463869464;46,4077163631285;40,1840259560373
"Eskimo_Aleut";"c1";0,980586799225916;60,0375168690958;47,1173271173271;47,1772815941335;32,5480643734753
"Eskimo_Aleut";"c1";0,962254353878662;52,9037593984962;46,1149961149961;46,1464984968221;37,2869001226983
"Eskimo_Aleut";"c1";0,966683283600738;57,6125517598344;46,2626262626263;46,3152941303627;37,1088636232928
"Eskimo_Aleut";"c1";0,973954065670412;57,3180076628352;46,3558663558664;46,4067347610031;36,4338237596084
"Eskimo_Aleut";"c1";0,951476793248945;56,5939153439153;46,4957264957265;46,5425858407297;38,7193216051238
"Eskimo_Aleut";"c1";0,964476645203869;53,6698005698006;45,6099456099456;45,6473463290169;43,0486286922317
"Eskimo_Aleut";"c1";0,976867767845741;55,724959742351;46,3869463869464;46,4302782354633;39,8099507135825
"Eskimo_Aleut";"c1";0,916145273460141;50,2849816849817;45,4079254079254;45,4305567595591;41,374944482374
"Eskimo_Aleut";"c1";0,762063612978762;54,2262714796448;45,2991452991453;45,3405704786372;41,9319721353403
"Eskimo_Aleut";"c1";0,940641788274404;50,8644215903744;46,3014763014763;46,3226500615176;37,8489051329298
"Eskimo_Aleut";"c1";0,925676354321169;58,8135869565217;46,3480963480963;46,4059408520798;35,4282638819308
"Eskimo_Aleut";"c1";0,756842076844783;48,1297446514838;44,009324009324;44,0284442907261;44,6304604744046
"Eskimo_Aleut";"c1";0,985533572518262;56,291071247593;46,1849261849262;46,2318224497181;39,1140828476711
"Eskimo_Aleut";"c1";0,964412156730593;48,6857142857143;45,951825951826;45,9645122085957;41,4379192854876
"Eskimo_Aleut";"c1";0,967494002488627;50,6929765886288;46,3247863247863;46,3450563492125;40,7188838576293
"Eskimo_Aleut";"c1";0,958902335177569;55,7192118226601;45,6487956487956;45,6955261182799;40,6684704185299
"Eskimo_Aleut";"c1";0,976830776810881;51,9330533596838;46,9075369075369;46,9308571694958;38,4965899450176
"Eskimo_Aleut";"c1";0,866040520402916;44,3478260869565;45,7420357420357;45,7355660916641;39,7431701707934
"Eskimo_Aleut";"c1";0,961863674502317;51,9927536231884;46,6977466977467;46,7223174955446;38,6140865635995
"Eskimo_Aleut";"c1";0,894800223560872;49,9550224887556;45,8275058275058;45,8466590370708;41,1147349187027
"Eskimo_Aleut";"c1";0,964595491983424;50,919940029985;46,4102564102564;46,4311830163804;40,245718247882
"Eskimo_Aleut";"c1";0,971284834217253;51,2612903225806;46,7599067599068;46,7807948506848;38,081050119802
"Eskimo_Aleut";"c1";0,965528845034009;51,9202898550725;46,4957264957265;46,5208984834729;37,3058966682029
"Eskimo_Aleut";"c1";0,680103317520145;54,2203128594433;44,8174048174048;44,8610378013586;41,9018557355858
"Eskimo_Aleut";"c1";0,938635951926082;57,3404761904762;46,2237762237762;46,2753618384709;37,6289649754766
"Eskimo_Aleut";"c1";0,989167835825275;55,8478835978836;46,3247863247863;46,36897703139;39,6012992604018
"Eskimo_Aleut";"c1";0,615384615384616;49,7222222222222;44,5066045066045;44,5308069089972;40,0605230295244
"Eskimo_Aleut";"c1";0,958746677336634;50,6761904761905;45,9207459207459;45,9428129488454;39,7318998416227
"Eskimo_Aleut";"c1";0,989920157927738;60,0300215780092;47,7777777777778;47,8346327374076;35,2872909557444
"Eskimo_Aleut";"c1";0,86333615763829;51,2581209395302;45,8430458430458;45,8681738017302;39,2150954139439
"Eskimo_Aleut";"c1";0,904813613492476;52,9887101626232;45,011655011655;45,0486715088753;46,8244757931715
"Eskimo_Aleut";"c1";0,992726756995143;56,8755336617406;46,7987567987568;46,8455167841999;38,4349879325232
"Eskimo_Aleut";"c1";0,92547373967296;55,5121212121212;45,1048951048951;45,153188497504;41,1585608191005
"Eskimo_Aleut";"c1";0,968486066263168;48,1989347206738;45,027195027195;45,0419130768167;44,2311464811627
"Eskimo_Aleut";"c1";0,996414816314083;56,4449131513648;46,5190365190365;46,5650962713907;38,9118169619096
"Eskimo_Aleut";"c1";0,613971500995009;54,0863354037267;45,1126651126651;45,1543062741086;41,9782592511316
"Eskimo_Aleut";"c1";0,978963661740255;43,5703703703704;45,4856254856255;45,4767379908911;45,9066005610897
"Eskimo_Aleut";"c1";0,903786570791253;49,8138486312399;45,5788655788656;45,5985174723801;41,6453989404513
"Eskimo_Aleut";"c1";0,972867982904632;41,3675213675214;46,7365967365967;46,711682233724;38,5304507559608
"Eskimo_Aleut";"c1";0,983516586284627;49,4421404682274;45,6643356643357;45,6818660810591;44,367103609744
"Eskimo_Aleut";"c1";0,870980446353447;53,5592592592593;45,1282051282051;45,1673283492309;43,342457068368
"Eskimo_Aleut";"c1";0,949938646193478;49,2224137931034;45,3379953379953;45,3560204816385;44,6725834531632
"Eskimo_Aleut";"c1";0,962133021076536;51,6969696969697;46,2160062160062;46,2414399212543;38,6295937123031
"Eskimo_Aleut";"c1";0,972194654074802;56,0855411455112;46,3558663558664;46,4010156588345;40,9425614645361
"Eskimo_Aleut";"c1";0,98545446797446;50,0344827586207;46,3092463092463;46,3265327892898;41,585315655099
"Eskimo_Aleut";"c1";0,934258141052626;54,7833333333333;45,5011655011655;45,5442382057231;44,2164432138338
"Eskimo_Aleut";"c1";0,917299783633641;54,9320265081135;45,8741258741259;45,9161578956293;42,8806307711607
"Eskimo_Aleut";"c1";0,944549938741652;56,7009676979692;46,6511266511267;46,6977616443835;38,7962353490069
"Eskimo_Aleut";"c1";0,96834478003932;46,7142857142857;46,3480963480963;46,3497956026958;39,5991348826866
"Eskimo_Aleut";"c1";0,997853279075985;44,5804195804196;45,7886557886558;45,7830491241164;41,9724777587277
"Eskimo_Aleut";"c1";0,891506294876678;55,2961038961039;45,975135975136;46,0183887265094;40,087935119233
"Eskimo_Aleut";"c1";0,873096042041467;48,755045554146;45,4467754467754;45,4621270482018;44,5847024200564
"Eskimo_Aleut";"c1";0,863610754218202;54,861038961039;45,7964257964258;45,8384889665632;41,1774303464261
"Eskimo_Aleut";"c1";0,94472135078764;55,6601731601732;45,998445998446;46,0432799991965;39,5725784462663
"Eskimo_Aleut";"c1";0,920612112675289;49,2124542124542;45,9285159285159;45,9437546212488;41,8235888271606
"Eskimo_Aleut";"c1";0,998022149962538;56,5897849462366;46,1072261072261;46,1558690716763;37,9458740063502
"Eskimo_Aleut";"c1";0,927698139729227;61,6489386778554;46,5112665112665;46,581510929673;31,7548259241906
"Eskimo_Aleut";"c1";0,805990826325717;53,5228937728938;45,2991452991453;45,3373065449632;43,0055851368875
"Eskimo_Aleut";"c1";0,863648691650992;48,2453416149068;44,3589743589744;44,3770085457768;47,4149347020461
"Eskimo_Aleut";"c1";0,961654916210819;50,9826086956522;45,8041958041958;45,8282255623928;39,8047863543737
"Eskimo_Aleut";"c1";0,944408331084847;57,2222222222222;45,998445998446;46,0505284867234;37,5779754481146
"Eskimo_Aleut";"c1";0,950430325005403;49,5849802371542;46,0761460761461;46,0924283692366;42,337876076329
"Eskimo_Aleut";"c1";0,987213170244249;57,0424764576237;46,5112665112665;46,5601352349155;38,5470427584245
"Eskimo_Aleut";"c1";0,821386648246687;54,2864490831507;45,1592851592852;45,2016385881662;42,710344645117
"Eskimo_Aleut";"c1";0,818630839491797;50,730493339189;45,2059052059052;45,2315413457348;40,8136537745151
"Eskimo_Aleut";"c1";0,985778435336227;60,3780430096219;47,8865578865579;47,9445230147392;33,0283582312338
"Eskimo_Aleut";"c1";0,971320831950205;49,4381480588377;45,8896658896659;45,9061321642328;42,8304701324803
"Eskimo_Aleut";"c1";0,921568848185744;49,1794871794872;45,3613053613054;45,3790231423642;42,0774024295209
"Eskimo_Aleut";"c1";0,912731623658417;49,324959742351;45,7109557109557;45,727726031287;42,1325193422895
"Eskimo_Aleut";"c1";0,982577180791614;51,9259259259259;46,7987567987568;46,8225487668643;38,054917665835
"Eskimo_Aleut";"c1";0,987506774627161;54,5457079152731;45,3302253302253;45,3729885904808;43,7757977449853
"Eskimo_Aleut";"c1";0,959141703815836;50,0660450660451;45,5322455322455;45,5532840451634;41,5880237331814
"Eskimo_Aleut";"c1";0,830676473263241;50,3649068322981;44,996114996115;45,0210281832899;44,5127763772768
"Eskimo_Aleut";"c1";0,879988013105475;56,5458128078818;45,8818958818959;45,9313804151951;39,4573339772881
"Eskimo_Aleut";"c1";0,98305685833185;58,8067150635209;46,9075369075369;46,962753511509;34,9514122038531
"Eskimo_Aleut";"c1";0,975925429792415;55,7383478590375;46,037296037296;46,0823125190675;39,2300952925367
"Eskimo_Aleut";"c1";0,828157641411852;55,5379310344828;45,3379953379953;45,3853268261461;39,9582216117712
"Eskimo_Aleut";"c1";0,990419539777105;54,4960068666965;46,0916860916861;46,1306852600156;42,8973488573474
"Eskimo_Aleut";"c1";0,982211509539794;55,1420168067227;47,6379176379176;47,6727394438054;32,9171849936447
"Eskimo_Aleut";"c1";0,944687117237161;56,6427718040621;46,3403263403263;46,3881335118518;38,3012354935216
"Eskimo_Aleut";"c1";0,95020616966579;50,8862433862434;46,4257964257964;46,4464945555433;36,9323782815482
"Eskimo_Aleut";"c1";0,794761473217261;50,5601869394973;44,3201243201243;44,3490805271748;39,1684263332829
"Eskimo_Aleut";"c1";0,958244016732132;50,9449275362319;45,7420357420357;45,7661790914288;40,5067294341367
"Eskimo_Aleut";"c1";0,950247324744074;55,5781033781034;46,1771561771562;46,2207800620794;41,0044797149721
"Eskimo_Aleut";"c1";0,992916840976936;61,3765461591549;48,3372183372183;48,3977256588979;31,4482794232271
"Eskimo_Aleut";"c1";0,87595495261724;54,0354037267081;45,6487956487956;45,6877126236351;43,3929451602924
"Eskimo_Aleut";"c1";0,975446877598983;57,2198958124624;46,7521367521367;46,8007110401197;38,3160493780004
"Eskimo_Aleut";"c1";0,980327780162078;44,5496894409938;45,8741258741259;45,867979997406;41,7010519655256
"Eskimo_Aleut";"c1";0,959581923566633;54,5554852765479;46,5811965811966;46,6182002410358;34,7265730398555
"Eskimo_Aleut";"c1";0,981990869903183;56,8386699507389;46,6666666666667;46,7138685380545;37,8807378673217
"Eskimo_Aleut";"c1";0,973796357706269;60,5688405797101;47,8243978243978;47,8835367698981;33,330760324275
"Eskimo_Aleut";"c1";0,904238020169616;40,7012622720898;46,0839160839161;46,0589385720283;38,2801614657164
"Eskimo_Aleut";"c1";0,935573333674039;51,2857142857143;46,0839160839161;46,1080543586344;40,0353314769103
"Eskimo_Aleut";"c1";0,99400186644436;56,3841729928686;46,2237762237762;46,2709242366258;40,2623447303522
"Eskimo_Aleut";"c1";0,964417740919516;49,6953110746214;45,5788655788656;45,5979674141127;40,3978766617396
"Eskimo_Aleut";"c1";0,979814091971495;56,1618077324974;46,0683760683761;46,1152133382792;39,3649681458774
"Eskimo_Aleut";"c1";0,879070751731846;43,75;45,1825951825952;45,1759474091261;43,7121459242923
"Eskimo_Aleut";"c1";0,968261989054496;41,978021978022;45,967365967366;45,9488539302924;37,5443551270497
"Eskimo_Aleut";"c1";0,951782156193099;42,8571428571429;45,5400155400155;45,527566014805;45,0506471370738
"Eskimo_Aleut";"c1";0,858395075278952;47,8560846560847;45,0582750582751;45,0712579334389;47,1465548387193
"Eskimo_Aleut";"c1";0,99245146681991;62,0350877192982;47,8399378399378;47,9058086050393;31,3099066429666
"Eskimo_Aleut";"c1";0,934056237387475;59,4611466196726;46,969696969697;47,0276619332699;34,2578953588577
"Eskimo_Aleut";"c1";0,979443716303122;55,6133952254642;48,041958041958;48,0770923212318;31,444886327861
"Eskimo_Aleut";"c1";0,958987144543398;57,8809116809117;46,7132867132867;46,7651086388905;36,3758108979764
"Eskimo_Aleut";"c1";0,971340473506257;55,7848932676519;47,6845376845377;47,7221263415359;33,6564476595016
"Eskimo_Aleut";"c1";0,999097498200123;54,5658761528327;47,5213675213675;47,5540566565483;35,1533501663428
"Eskimo_Aleut";"c1";0,946232200510577;50,4086956521739;46,2703962703963;46,2895995157873;40,381335257655
"Eskimo_Aleut";"c1";0,975290535084377;50,8753623188406;46,2548562548563;46,2762971182622;38,9830093002292
"Eskimo_Aleut";"c1";0,97230885573507;58,6700336700337;46,3636363636364;46,4207426156382;35,1408505798797
"Eskimo_Aleut";"c1";0,958435439842824;59,1060253152644;47,3426573426573;47,3972437369618;35,9627836991807
"Eskimo_Aleut";"c1";0,916973083354681;53,6247863247863;45,4933954933955;45,5311281654669;44,1093803888983
"Eskimo_Aleut";"c1";0,989560964885409;59,1245505452402;47,1561771561772;47,211714851718;33,5709416141399
"Eskimo_Aleut";"c1";0,903088018017885;56,1304962598066;46,0683760683761;46,1150680414221;39,0187064944192
"Eskimo_Aleut";"c1";0,712185895065136;48,6764523721045;45,1048951048951;45,1214684564831;44,1623878504315
"Eskimo_Aleut";"c1";0,987810784810678;52,7555555555556;46,9230769230769;46,9501417891209;36,8871687958661
"Eskimo_Aleut";"c1";0,938716265490365;54,9814814814815;46,7676767676768;46,8057918707571;33,9133919742156
"Eskimo_Aleut";"c1";0,647231769940143;47,9236467236467;45,0971250971251;45,1102412067609;45,6293767746827
"Eskimo_Aleut";"c1";0,780657735291467;53,9558665111888;45,2447552447552;45,2851780348547;42,1572220341771
"Eskimo_Aleut";"c1";0,893942746483258;49,2657342657343;45,5866355866356;45,6037079702973;40,7914023026479
"Eskimo_Aleut";"c1";0,949144515324844;51,2684008872757;45,8197358197358;45,8450196483555;40,3460569228778
"Eskimo_Aleut";"c1";0,989115659686867;61,4553752535497;47,0940170940171;47,16065912724;32,590955927632
"Eskimo_Aleut";"c1";0,877651658480593;56,4970443349754;45,7886557886558;45,8383466867826;38,1050667351913
"Eskimo_Aleut";"c1";0,765187281521875;46,8811824246607;45,4234654234654;45,4302297714988;44,4230088094159
"Eskimo_Aleut";"c1";0,950580216238515;48,9182266009852;45,8508158508158;45,8650497754106;42,2808990707253
"Eskimo_Aleut";"c1";0,912447883502989;58,4260869565217;46,4724164724165;46,5278859410202;36,3548125992559
"Eskimo_Aleut";"c1";0,959536283723646;54,0179646440516;45,6643356643357;45,7030996039167;43,7602894931929
"Eskimo_Aleut";"c1";0,973104024539617;51,1552422169482;46,3791763791764;46,4013390976811;39,1899792137283
"Eskimo_Aleut";"c1";0,931527194152433;55,4571428571429;45,8197358197358;45,8644569660811;40,2274625535418
"Eskimo_Aleut";"c1";0,94212611472545;53,6842105263158;47,0707070707071;47,10139618187;35,4918546159961
"Eskimo_Aleut";"c1";0,955618417395269;56,2291187739464;45,5866355866356;45,6360206594305;40,1504981225893
"Eskimo_Aleut";"c1";0,921186612681215;55,4305383022774;45,5477855477855;45,5936451893377;40,151096768834
"Eskimo_Aleut";"c1";0,940455829206658;48,7215320910973;45,6876456876457;45,7017240468264;42,8802977203141
"Eskimo_Aleut";"c1";0,712837517783023;48,104347826087;44,8951048951049;44,9099969736709;43,3559209282042
"Eskimo_Aleut";"c1";0,936005797625464;53,397190293742;45,990675990676;46,0250449665603;34,2289386489988
"Eskimo_Aleut";"c1";0,96270465021103;56,7724137931034;46,3480963480963;46,3964690508574;38,3152236711813
"Eskimo_Aleut";"c1";0,95083169952582;54,6943457564147;45,8818958818959;45,9227889207568;42,0820569969915
"Eskimo_Aleut";"c1";0,40625;37,5641025641026;44,7163947163947;44,6832054256648;45,3579763784505
"Eskimo_Aleut";"c1";0,891259461533046;54,3493372971634;45,5477855477855;45,5886280153001;42,3169134305303
"Eskimo_Aleut";"c1";0,87505126518509;57,3867446393762;45,7886557886558;45,8424752264782;36,2700459769421
"Eskimo_Aleut";"c1";0,890457518057923;48,4224137931034;45,003885003885;45,0197482465264;44,2400635208736
"Eskimo_Aleut";"c1";-0,320256307610174;36,8444444444444;44,8018648018648;44,7649394173756;47,104655868062
"Eskimo_Aleut";"c1";0,893873035012106;55,9396424052806;45,6721056721057;45,7197508541622;40,9222516301651
"Eskimo_Aleut";"c1";0,761788279784967;47,3346560846561;45,1670551670552;45,1771136399907;43,2594286512324
"Eskimo_Aleut";"c1";0,988420963248729;51,468253968254;45,8585858585859;45,8846168010901;37,5132678762292
"Eskimo_Aleut";"c1";0,975295623626672;52,6984126984127;47,1639471639472;47,1896291385851;35,5344220763351
"Eskimo_Aleut";"c1";0,988094969498074;56,7072058376406;46,2237762237762;46,272423228945;38,0465815466589
"Eskimo_Aleut";"c1";0,954396635922571;57,2617866004963;46,3480963480963;46,3987399223534;37,4099510114366
"Eskimo_Aleut";"c1";0,89472514678064;57,2714285714286;46,5190365190365;46,5689316097669;37,3418561295129
"Eskimo_Aleut";"c1";0,982513435840297;58,420814479638;46,977466977467;47,0305683579875;36,7107677018894
"Eskimo_Aleut";"c1";0,991342581101609;50,7967032967033;46,2626262626263;46,2836660632484;39,892781514669
"Eskimo_Aleut";"c1";0,933022717131458;56,449531949532;46,2082362082362;46,2557596223489;37,4843812664707
"Eskimo_Aleut";"c1";0,895820045008988;49,3498168498169;45,1048951048951;45,1245931176326;42,2598856774861
"Eskimo_Aleut";"c1";0,948738110224783;56,4166666666667;45,951825951826;46,0003866976025;39,3410391283517
"Eskimo_Aleut";"c1";0,974743456593699;55,020979020979;45,951825951826;45,9939101888058;40,4532959322402
"Eskimo_Aleut";"c1";0,969836911122531;55,7444258639911;46,5656565656566;46,6082494626326;40,2373231826266
"Eskimo_Aleut";"c1";0,964758728968465;56,1243386243386;46,3869463869464;46,4321315017371;39,0461159660156
"Eskimo_Aleut";"c1";0,995635287676832;38,9423076923077;45,6876456876457;45,6563448152775;45,4903922738009
"Eskimo_Aleut";"c1";0,976771671877506;50,6177156177156;46,1383061383061;46,1590922611804;40,4964679111865
"Eskimo_Aleut";"c1";0,977622611899188;57,8765354165023;46,9386169386169;46,9893729408345;36,4309923596029
"Eskimo_Aleut";"c1";0,879536059427742;50,3978835978836;45,6332556332556;45,6553652757829;38,6931619976283
"Eskimo_Aleut";"c1";0,975825802970813;60,6959308454565;47,1173271173271;47,1803368794066;33,0020167488268
"Eskimo_Aleut";"c1";0,935585214234721;45,9230769230769;45,6876456876457;45,6887381759772;40,3343820000562
"Eskimo_Aleut";"c1";0,891996719129938;57,5648148148148;46,1227661227661;46,1758614763255;37,0745516509769
"Eskimo_Aleut";"c1";0,92804775558729;48,7521885521885;45,8197358197358;45,8333434890279;42,2607100773276
"Eskimo_Aleut";"c1";0,947481533935518;60,5941181456056;47,3504273504273;47,4118829921683;32,6202973239811
"Eskimo_Aleut";"c1";0,983159714973262;59,2373929994067;46,1849261849262;46,2454944764087;33,7627953211256
"Eskimo_Aleut";"c1";0,981151827714862;59,3789633305762;47,0862470862471;47,1432898530421;35,0497183712523
"Eskimo_Aleut";"c1";-0,702989494527411;39,6723646723647;43,6130536130536;43,5947673534681;46,115388768912
"Eskimo_Aleut";"c1";0,981644802616795;59,230303030303;47,2416472416472;47,2972790550517;35,0727773504614
"Eskimo_Aleut";"c1";0,994009195805333;51,3550179797319;46,7365967365967;46,75802792566;38,3092521587482
"Eskimo_Aleut";"c1";0,996657277099547;55,5780193236715;46,5578865578866;46,599743322461;40,8414265475848
"Eskimo_Aleut";"c1";0,895878192962366;47,9907407407407;45,5089355089355;45,5204520065309;44,7214985651427
"Eskimo_Aleut";"c1";0,937893511237652;55,1433791651183;46,013986013986;46,0563497873091;41,2866262723089
"Eskimo_Aleut";"c1";0,832595452344626;47,1238095238095;44,9261849261849;44,9363827201414;45,8191035187189
"Eskimo_Aleut";"c1";0,875187874917802;55,7473544973545;45,7808857808858;45,8271338955794;39,4060019810492
"Eskimo_Aleut";"c1";0,95895541643821;47,9020979020979;45,6410256410256;45,6515178556942;44,1303550332599
"Eskimo_Aleut";"c1";0,957047640052829;55,8333333333333;45,8119658119658;45,8584686774942;39,7452693455139
"Eskimo_Aleut";"c1";0,958054235522787;55,2513227513228;45,7575757575758;45,8016302679876;41,4133743402095
"Eskimo_Aleut";"c1";0,862286296306234;53,6351851851852;45,5944055944056;45,631717796683;43,6277361172116
"Eskimo_Aleut";"c1";0,9324873896017;54,7899607888363;45,8430458430458;45,8845628497548;41,868034204801
"Eskimo_Aleut";"c1";0,976347758643898;59,3287356321839;49,3861693861694;49,4323065845268;28,0893730675491
"Eskimo_Aleut";"c1";0,97944598932947;55,062115406943;45,7886557886558;45,8316880838683;41,3679584807883
"Eskimo_Aleut";"c1";0,974567357813573;58,1027164685908;49,2229992229992;49,2642044074335;30,7626494722696
"Eskimo_Aleut";"c1";0,996769920737001;51,6476190476191;46,5112665112665;46,5351010938018;39,1681580468017
"Eskimo_Aleut";"c1";0,978658823184544;57,5230042024828;46,5734265734266;46,6242366784338;37,8547702029577
"Eskimo_Aleut";"c1";0,825769652236615;54,6114245907349;45,5633255633256;45,6053121017358;40,8115739436626
"Eskimo_Aleut";"c1";0,980344355753603;62,4397216951297;48,0574980574981;48,1242369142852;30,5757083975394
"Eskimo_Aleut";"c1";0,893767815765455;48,250340641645;45,8041958041958;45,8155468243232;42,5657518725252
"Eskimo_Aleut";"c1";0,829319260029725;53,0238095238095;45,3846153846154;45,420064081317;44,8943542290163
"Eskimo_Aleut";"c1";0,990526002992059;56,6380952380952;46,5811965811966;46,627864324384;39,1254479710041
"Eskimo_Aleut";"c1";0,886684789557075;57,9069616977226;46,0528360528361;46,1078435964318;36,7897352193599
"Eskimo_Aleut";"c1";0,966619883791729;57,236288998358;45,6643356643357;45,7180338236583;36,7549449190098
"Eskimo_Aleut";"c1";0,88827311178711;49,6607096607097;45,4156954156954;45,4353938576676;40,4376329518238
"Eskimo_Aleut";"c1";0,915047418945728;51,9433198380567;46,2082362082362;46,2348491253119;37,9841843994158
"Eskimo_Aleut";"c1";0,967573330060933;54,5556252176942;45,7187257187257;45,7597322129205;42,7481067240736
"Eskimo_Aleut";"c1";0,68016526925972;48,5133831685556;44,4832944832945;44,5019955908827;41,2910685626821
"Eskimo_Aleut";"c1";0,778066369898404;43,2051282051282;44,7785547785548;44,7712534951514;44,5713873957704
"Eskimo_Aleut";"c1";0,984941242428116;49,5169082125604;45,5400155400155;45,5584697983568;43,750757394351
"Eskimo_Aleut";"c1";0,928690866661648;48,5393772893773;45,5710955710956;45,5848695001827;43,551251695246
"Eskimo_Aleut";"c1";0,764275354494286;49,2372442372442;45,1592851592852;45,1782084032664;41,5681614206172
"Eskimo_Aleut";"c1";0,986111804526433;52,2295957284516;46,6588966588967;46,6847467705883;37,2753976668161
"Eskimo_Aleut";"c1";0,962093535975561;50,5123745819398;46,2315462315462;46,2514108642627;41,3977449627706
"Eskimo_Aleut";"c1";0,990120519844375;52,6392156862745;46,8531468531469;46,8799963604932;37,5944477504396
"Eskimo_Aleut";"c1";0,96526728054922;47,1739130434783;45,2525252525253;45,2614412051515;45,3003611940954
"Eskimo_Aleut";"c1";0,951688608157391;56,562371445856;46,3170163170163;46,3645585681942;38,1513630965724
"Eskimo_Aleut";"c1";0,876816057253781;48,463768115942;45,1437451437451;45,1591512828273;44,4270286219642
"Eskimo_Aleut";"c1";0,987007064181523;55,9219576719577;46,4957264957265;46,5394677076812;39,7044095864947
"Eskimo_Aleut";"c1";0,970478750065659;56,4321548821549;46,7909867909868;46,8357253900177;39,1911854921034
"Eskimo_Aleut";"c1";0,961719916821687;50,0077639751553;44,8562548562549;44,8801597709597;42,3395783741621
"Eskimo_Aleut";"c1";0,95907949509959;46,7407407407407;45,7886557886558;45,7930738162757;38,6856291797357
"Eskimo_Aleut";"c1";0,938600110716509;50,1725589225589;45,2991452991453;45,3217597475138;39,9300525757622
"Eskimo_Aleut";"c1";0,947723745928179;59,2579900525928;47,2727272727273;47,3283433413113;34,2163985914052
"Eskimo_Aleut";"c1";0,934256239489967;55,3014992503748;45,7575757575758;45,8018631055702;40,264957460227
"Eskimo_Aleut";"c1";0,740830102273144;36,7236467236467;45,2214452214452;45,1820122817803;47,8359225185672
"Eskimo_Aleut";"c1";0,996597223527588;56,3298701298701;46,6122766122766;46,6573698536576;38,9351753932197
"Eskimo_Aleut";"c1";0,817734242049392;54,1551446498973;44,5532245532246;44,597781026991;42,8796064067171
"Eskimo_Aleut";"c1";0,871244168948905;49,7495894909688;45,8585858585859;45,8766415598962;40,8592486170077
"Eskimo_Aleut";"c1";0,970330930460409;57,4556471764118;46,4257964257964;46,4769790278875;36,6541300892941
"Eskimo_Aleut";"c1";0,869774984610143;56,2666666666667;46,013986013986;46,061562258314;39,3837500891658
"Eskimo_Aleut";"c1";0,966408046535116;58,2272727272727;46,5034965034965;46,5578991773887;35,9639522938716
"Eskimo_Aleut";"c1";0,965336740899502;55,252323838081;46,2393162393162;46,2811399404706;41,7408818376355
"Eskimo_Aleut";"c1";0,94598644550475;50,3068783068783;46,5578865578866;46,575283271339;38,2398013191993
"Eskimo_Aleut";"c1";0,996595249538373;55,7081280788177;45,8119658119658;45,8578876786333;40,6019250572571
"Eskimo_Aleut";"c1";0,899317711461173;55,7004662004662;45,2136752136752;45,2623378168622;40,5144723517572
"Eskimo_Aleut";"c1";0,880449198807429;58,4441493538945;46,1616161616162;46,2186116752694;34,8969060416105
"Eskimo_Aleut";"c1";0,871051254023046;55,0590150590151;45,7808857808858;45,8239397450534;40,130392934298
"Eskimo_Aleut";"c1";0,97451676925228;43,0952380952381;45,6721056721057;45,6601480499392;46,228363217842
"Eskimo_Aleut";"c1";0,979429237307131;54,5638238573021;45,7498057498058;45,7907060658498;41,5094411423811
"Eskimo_Aleut";"c1";0,951136886911181;50,6098901098901;45,8896658896659;45,9115694823351;39,1737402531131
"Eskimo_Aleut";"c1";0,806059024780626;54,3393242772553;45,1903651903652;45,2328197568937;42,3617527877685
"Eskimo_Aleut";"c1";0,994021514411235;51,8650793650794;46,6899766899767;46,713991087541;37,6636482080397
"Eskimo_Aleut";"c1";0,952290517847599;52,9378881987578;46,7365967365967;46,7653730310847;35,9897439894047
"Eskimo_Aleut";"c1";0,941936812549261;51,3644688644689;45,9285159285159;45,9537407681259;39,3051232006773
"Eskimo_Aleut";"c1";0,99677251048248;55,8947603121516;45,4390054390054;45,4875240231036;39,7127713601355
"Eskimo_Aleut";"c1";0,975843667219964;48,1618381618382;45,6876456876457;45,6991268592197;43,9869011493558
"Eskimo_Aleut";"c1";0,988756779868676;43,6545454545455;45,8041958041958;45,7942206285594;42,579791868427
"Eskimo_Aleut";"c1";0,965914448353232;55,7295285359802;46,037296037296;46,0822715941345;41,0371873345405
"Eskimo_Aleut";"c1";0,9826470641976;58,9931677018634;47,8088578088578;47,8607571587093;34,6755671585509
"Eskimo_Aleut";"c1";0,982959928379567;51,8372319688109;46,961926961927;46,9845501870169;36,7959156784532
"Eskimo_Aleut";"c1";0,773573713095759;48,0831608005521;45,4390054390054;45,451275301472;44,6736503788851
"Eskimo_Aleut";"c1";0,935436390416089;48,7510466988728;45,3224553224553;45,3383652592368;44,5077735340662
"Eskimo_Aleut";"c1";0,922859343745708;59,6580119245654;46,3947163947164;46,4562630097041;34,4616057176495
"Eskimo_Aleut";"c1";0,811913397272735;40,3525641025641;44,1724941724942;44,1547682788982;47,1766827618416
"Eskimo_Aleut";"c1";0,95383061132679;51,8984326018809;46,2703962703963;46,2965124482686;40,0313691205133
"Eskimo_Aleut";"c1";0,960922095768064;49,7759647759648;45,4545454545455;45,474598444436;40,67319154094
"Eskimo_Aleut";"c1";0,680895984807945;48,8981481481481;44,5454545454545;44,5656526596202;40,3092650084089
"Eskimo_Aleut";"c1";0,988235995252215;51,9831076364652;46,0839160839161;46,111290522675;37,8385346967988
"Eskimo_Aleut";"c1";0,948201308518709;57,2414361001318;46,2470862470863;46,2981041118336;38,3318459940218
"Eskimo_Aleut";"c1";0,926766134456585;54,4673632880529;44,972804972805;45,0168632480497;44,2182047058825
"Eskimo_Aleut";"c1";0,927852546131954;54,6464646464646;45,1825951825952;45,2265110501769;42,854149238308
"Eskimo_Aleut";"c1";0,971455978374865;58,2023809523809;46,961926961927;47,014086841233;36,2162415216624
"Eskimo_Aleut";"c1";0,978609846243778;50,3189202102246;46,4413364413364;46,4593298694983;40,8446948712016
"Eskimo_Aleut";"c1";0,954518746876151;58,149025974026;46,8764568764569;46,928765781782;37,225726092583
"Eskimo_Aleut";"c1";0,997565543863932;58,9183964183964;47,031857031857;47,087014987247;34,0090908520263
"Eskimo_Aleut";"c1";0,952154604816624;57,3265786749482;46,1616161616162;46,2134257324437;38,8293179797854
"Eskimo_Aleut";"c1";0,854457037241726;55,7275132275132;45,8352758352758;45,8811794890681;40,066673103304
"Eskimo_Aleut";"c1";0,99047611899407;50,0946859903382;46,1926961926962;46,2108028738917;41,7624328277101
"Eskimo_Aleut";"c1";0,999207398599798;55,0542066629023;46,1693861693862;46,2106150347853;41,2251784722077
"Eskimo_Aleut";"c1";0,921015516409779;58,0638072017382;46,1227661227661;46,1781769862416;35,8857347543275
"Eskimo_Aleut";"c1";0,995975190944465;45,4545454545455;46,5811965811966;46,5759685017226;39,9257799684797
"Eskimo_Aleut";"c1";0,939041055772952;61,9566111637723;47,6456876456876;47,7120956434514;32,0644914487077
"Eskimo_Aleut";"c1";0,988971045724825;53,7750626566416;47,9409479409479;47,9680203990254;33,3469417798298
"Eskimo_Aleut";"c1";0,944894252763873;56,4218708827404;46,2548562548563;46,3020349770274;39,1222096509837
"Eskimo_Aleut";"c1";0,979850183945854;55,9476372924649;46,2315462315462;46,2766325009705;40,0532318705306
"Eskimo_Aleut";"c1";0,90551006438499;42,3809523809524;44,972804972805;44,9607778146061;43,9515786999174
"Eskimo_Aleut";"c1";0,743285926496233;50,4285714285714;44,1336441336441;44,1628549331566;39,7927465616713
"Eskimo_Aleut";"c1";0,942654800701472;54,5893719806763;45,5710955710956;45,6129437214881;41,4056150380277
"Eskimo_Aleut";"c1";0,937804519963955;58,2126436781609;46,8609168609169;46,913593087447;36,4045805854259
"Eskimo_Aleut";"c1";0,617822993478284;49,9550224887556;45,1515151515152;45,1738052087645;40,2289271156198
"Eskimo_Aleut";"c1";0,985177353493734;51,2179487179487;45,9207459207459;45,9453269082039;40,273853149927
"Eskimo_Aleut";"c1";0,993177897301714;61,168706772155;47,7933177933178;47,8553845635212;31,3852804266649
"Eskimo_Aleut";"c1";0,987773162559117;50,6106825619448;46,4724164724165;46,4916195633192;40,7696363021974
"Eskimo_Aleut";"c1";0,923089294977181;55,1309921962096;45,6643356643357;45,7082644649476;41,3006477062667
"Eskimo_Aleut";"c1";0,979526399019366;61,9727069663549;48,3449883449883;48,4082260184054;31,6949497737867
"Eskimo_Aleut";"c1";0,859758485291359;46,4240740740741;44,965034965035;44,9718054481396;47,1876861181762
"Eskimo_Aleut";"c1";0,973537601099413;53,1760767967664;46,993006993007;47,0216987322356;35,2722403700473
"Eskimo_Aleut";"c1";0,888855957722242;57,0672043010753;45,4700854700855;45,5239004066562;38,5021664492132
"Eskimo_Aleut";"c1";0,986272551594185;58,7088395475492;46,6122766122766;46,6684091548997;35,8634256248515
"Eskimo_Aleut";"c1";0,994151711629051;55,5;48,1585081585082;48,1925754060325;32,2676204572965
"Eskimo_Aleut";"c1";0,866650517442773;52,9441798941799;45,4545454545455;45,4893001387201;45,7796932221451
"Eskimo_Aleut";"c1";0,876713745509408;53,6518518518519;44,5299145299145;44,5722437054224;43,165700436318
"Eskimo_Aleut";"c1";0,922007376088513;58,4004455583403;46,3558663558664;46,4117576746713;35,4067469749367
"Eskimo_Aleut";"c1";0,69238367430617;54,2826139377864;45,1126651126651;45,155217079371;41,3381221390362
"Eskimo_Aleut";"c1";0,883658696750984;49,3086956521739;45,951825951826;45,9674030734053;41,8164871923897
"Eskimo_Aleut";"c1";0,985646592760593;48,8359788359788;45,0738150738151;45,0912729102984;46,0202067018912
"Eskimo_Aleut";"c1";0,986795780955854;51,8634622082898;45,951825951826;45,9792581386309;40,7829555600027
"Eskimo_Aleut";"c1";0,980338850109928;57,5444664031621;47,2571872571873;47,3049240513681;38,1926926126934
"Eskimo_Aleut";"c1";0,682045612965458;54,0112097797255;44,980574980575;45,0224804784829;43,6630197411803
"Eskimo_Aleut";"c1";0,782507583603794;48,8227513227513;45,3613053613054;45,377367755558;43,0545023946639
"Eskimo_Aleut";"c1";0,864724029485977;55,6754883047986;45,967365967366;46,012415258955;39,6050848115778
"Eskimo_Aleut";"c1";0,84497222465283;54,8793735000632;45,8896658896659;45,9313814702246;41,2055021872742
"Eskimo_Aleut";"c1";0,346944333244355;47,1382783882784;44,6153846153846;44,6270917790639;43,54934064515
"Eskimo_Aleut";"c1";0,0372419461361929;40,7692307692308;44,3201243201243;44,303646855851;47,1095109564347
"Eskimo_Aleut";"c1";0,907411806708369;49,8142857142857;45,5633255633256;45,5830515965087;42,5916787283027
"Eskimo_Aleut";"c1";0,960851830787496;59,5767195767196;46,961926961927;47,0204642826453;35,5528216046777
"Eskimo_Aleut";"c1";0,675063387799284;53,2886960060873;45,2758352758353;45,3130179242355;43,7646852589811
"Eskimo_Aleut";"c1";0,987635108326493;53,9858147849152;45,5633255633256;45,6024090399919;44,7535414412222
"Eskimo_Aleut";"c1";0,959778870822323;52,9875971105356;46,8220668220668;46,8506771714333;37,0602340691411
"Eskimo_Aleut";"c1";0,978170662895026;58,0659727739817;47,031857031857;47,083059425092;37,067361704225
"Eskimo_Aleut";"c1";0,969125284868547;49,8234216225221;45,4390054390054;45,4593507577225;43,718590215137
"Eskimo_Aleut";"c1";0,996533583279519;56,3223325062035;46,3714063714064;46,4175823627511;39,7405767993807
"Eskimo_Aleut";"c1";0,866849595229397;48,9836026042923;44,9339549339549;44,9527468024948;41,5450792619499
"Eskimo_Aleut";"c1";0,996319583767716;51,5;46,4568764568765;46,4802784222738;40,1384257401014
"Eskimo_Aleut";"c1";0,885658768565173;53,7085235160198;45,3846153846154;45,423241408427;43,9865581889178
"Eskimo_Aleut";"c1";0,989511196836695;56,1323312702623;46,3558663558664;46,4012327823833;38,5956260534124
"Eskimo_Aleut";"c1";0,967775573163823;38,7784679089027;45,967365967366;45,9340068116422;41,4898973427046
"Eskimo_Aleut";"c1";0,985324864180205;58,9805668016194;47,1872571872572;47,2419825218946;34,5418113726764
"Eskimo_Aleut";"c1";0,975976886032194;49,2222222222222;45,6487956487956;45,6653776746584;43,1956471466821
"Eskimo_Aleut";"c1";0,926432291176015;48,983850931677;45,7498057498058;45,7648129200232;42,9898484181302
"Eskimo_Aleut";"c1";0,956968454728965;54,281045751634;46,9386169386169;46,972688534037;34,7259122424352
"Eskimo_Aleut";"c1";0,937668671696376;45,2508361204013;46,0916860916861;46,0877842356708;41,0166729640184
"Eskimo_Aleut";"c1";0,855388928680301;55,6401660280971;45,5788655788656;45,6255537480035;39,5017823199454
"Eskimo_Aleut";"c1";0,890005049406384;55,2282608695652;45,034965034965;45,0822657116917;40,1048298190518
"Eskimo_Aleut";"c1";0,87482188109108;49,2547504025765;45,3768453768454;45,3948402957583;41,7862087119544
"Eskimo_Aleut";"c1";0,946549132777654;49,8451548451548;45,6565656565657;45,6760022653294;40,5277161194311
"Eskimo_Aleut";"c1";0,887010374617323;59,0714285714286;45,8508158508158;45,9121644017236;36,0545270189633
"Eskimo_Aleut";"c1";0,806845451568572;48,3491508491508;45,3146853146853;45,328766361249;43,568365977892
"Eskimo_Aleut";"c1";0,981502378623501;54,3329684364167;45,6410256410256;45,6813594823036;43,4610753588081
"Eskimo_Aleut";"c1";0,954964299139879;51,2848932676519;46,045066045066;46,0693807885583;39,8207157266475
"Eskimo_Aleut";"c1";0,973882611219017;54,0659340659341;47,3426573426573;47,3738558425333;36,2665261371601
"Eskimo_Aleut";"c1";0,788339791445438;55,89067828723;44,8562548562549;44,9074586772803;38,3359239493575
"Eskimo_Aleut";"c1";0,942178994823758;54,1297113752122;45,982905982906;46,0207101842624;35,1728066306257
"Eskimo_Aleut";"c1";0,983791980838801;50,4241379310345;45,8352758352758;45,856569858922;41,2000859552038
"Eskimo_Aleut";"c1";0,718762871527822;53,3783882783883;45,4079254079254;45,4449113145169;43,9863336455503
"Eskimo_Aleut";"c1";0,241286506216555;46,614245014245;44,8096348096348;44,8180088709091;46,018353378336
"Eskimo_Aleut";"c1";0,791364097676321;48,0074074074074;44,4055944055944;44,4223081550228;44,8956190846776
"Eskimo_Aleut";"c1";0,844653026501336;46,0363636363636;45,6954156954157;45,6969978204317;40,2510875159594
"Eskimo_Aleut";"c1";0,881443298969072;48,8185234305924;45,1515151515152;45,1685314312325;44,2721894106802
"Eskimo_Aleut";"c1";0,971506118014306;58,0867472246783;46,8376068376068;46,8898070250178;35,0960801906182
"Eskimo_Aleut";"c1";0,848416030101;41,0648148148148;45,1437451437451;45,1248173927988;47,0527122832639
"Eskimo_Aleut";"c1";0,994524291367534;41,7236024844721;46,9075369075369;46,8834815273835;38,8944808128238
"Eskimo_Aleut";"c1";0,973724938738798;48,0929765886288;45,4467754467754;45,4590548024221;45,6274920136089
"Eskimo_Aleut";"c1";0,536016790215242;52,4679487179487;44,9417249417249;44,9766494140044;45,406705215911
"Eskimo_Aleut";"c1";0,767547311479018;47,9497354497354;44,8640248640249;44,87834370665;40,5823716893185
"Eskimo_Aleut";"c1";0,932881597284539;50,0599326599327;46,4257964257964;46,4426601670221;39,6413937022899
"Eskimo_Aleut";"c1";0,813355071461933;55,5766233766234;45,5866355866356;45,6329928385613;39,5450373697124
"Eskimo_Aleut";"c1";0,902825250960227;56,1555555555556;45,4467754467754;45,4964681618974;39,6185749181939
"Eskimo_Aleut";"c1";0,99477062027554;50,8115942028985;46,045066045066;46,0671845051952;40,9706367316528
"Eskimo_Aleut";"c1";0,911767787561618;52,1;46,3325563325563;46,3593194122196;36,5918632331746
"Eskimo_Aleut";"c1";0,912940913750195;56,6305275421685;45,8818958818959;45,9317735230108;39,5243473233406
"Eskimo_Aleut";"c1";0,940766550876711;53,4782608695652;45,2991452991453;45,3370994317227;42,6728779781596
"Eskimo_Aleut";"c1";0,896530903488841;50,1851851851852;44,7863247863248;44,8113775027928;40,0947917365067
"Eskimo_Aleut";"c1";0,974211432606365;50,0047619047619;45,6565656565657;45,6767429013369;40,7716661725495
"Eskimo_Aleut";"c1";0,958913259769038;56,9190881713568;46,4801864801865;46,5286268592638;38,7495318933429
"Eskimo_Aleut";"c1";0,929749567143143;56,7279569892473;45,4156954156954;45,4681885088442;39,2944994971993
"Eskimo_Aleut";"c1";0,990312430316587;50,6857142857143;46,2160062160062;46,236747320738;39,6577542038248
"Eskimo_Aleut";"c1";0,987286427095854;57,5138544251447;46,5190365190365;46,5700565557238;36,9318621841877
"Eskimo_Aleut";"c1";0,978248528365253;51,2592592592593;46,8531468531469;46,873592850391;37,8841541715166
"Eskimo_Aleut";"c1";-0,435906375057869;35,7333333333333;45,0738150738151;45,030471771075;46,7288908052512
"Eskimo_Aleut";"c1";0,969714403941824;38,3555555555556;45,5788655788656;45,5453467388502;44,1655352000826
"Eskimo_Aleut";"c1";0,849504389198807;48,7062937062937;45,6565656565657;45,670717526866;43,0355651822295
"Eskimo_Aleut";"c1";0,995854208552412;52,795225464191;45,5477855477855;45,5814163594626;46,4994859326759
"Eskimo_Aleut";"c1";0,929423772026438;57,2987644426635;46,4024864024864;46,4530491776148;38,068022748772
"Eskimo_Aleut";"c1";0,834177519881386;49,1452991452991;45,3846153846154;45,4020663533425;45,4281952471308
"Eskimo_Aleut";"c1";0,981718428615652;55,698560060629;46,1538461538462;46,1981371696549;39,6478516525551
"Eskimo_Aleut";"c1";0,986457943672635;55,6049364613881;46,3092463092463;46,3523817623885;40,1390626748985
"Eskimo_Aleut";"c1";0,922382671480144;52,025012025012;46,5811965811966;46,6064579057619;38,6112390673385
"Eskimo_Aleut";"c1";0,923950536846131;54,3204491161013;45,8430458430458;45,8823841412967;41,9849052099124
"Eskimo_Aleut";"c1";0,966157905451454;59,7560053981107;47,9176379176379;47,9725723375009;33,8147916223527
"Eskimo_Aleut";"c1";0,949871510586442;57,5729862290134;45,7187257187257;45,773733888147;36,8456402209372
"Eskimo_Aleut";"c1";0,997380665436585;59,5914786967419;47,5835275835276;47,639248934401;35,2673315707547
"Eskimo_Aleut";"c1";0,969770990381974;51,8796296296296;45,9285159285159;45,9561313053192;37,4754135453955
"Eskimo_Aleut";"c1";0,987849169974131;51,207729468599;46,1072261072261;46,1308943362812;39,8628538456798
"Eskimo_Aleut";"c1";0,995939948859591;54,3224637681159;45,8197358197358;45,8591916338814;43,6555790904323
"Eskimo_Aleut";"c1";0,952806509515124;54,5777591973244;45,6643356643357;45,7056972584563;43,2904129409517
"Eskimo_Aleut";"c1";0,972696794219924;50,969696969697;45,8818958818959;45,9055051676861;40,2159490909296
"Eskimo_Aleut";"c1";0,962999879839289;48,5851648351648;45,4856254856255;45,5000084988484;45,1716058422975
"Eskimo_Aleut";"c1";0,920366485746361;48,1776556776557;45,5788655788656;45,590924929672;45,3120616535192
"Eskimo_Aleut";"c1";0,980636247381028;51,8012820512821;46,3791763791764;46,4043369623416;38,038248075986
"Eskimo_Aleut";"c1";0,957917660646967;50,8497460671374;46,3170163170163;46,3380498657408;41,0814440313626
"Eskimo_Aleut";"c1";0,853743333618103;51,2565656565657;45,2059052059052;45,2339825165811;40,2692880787843
"Eskimo_Aleut";"c1";0,95382223924544;55,7415273132664;46,5967365967366;46,6391718204792;40,3892111298382
"Eskimo_Aleut";"c1";0,508304245252415;53,2089947089947;45,2602952602953;45,2971801765305;43,7677007627126
"Eskimo_Aleut";"c1";0,897268983148574;55,0779967159277;45,4234654234654;45,4682660327112;40,1071428277488
"Eskimo_Aleut";"c1";0,921634128234162;56,2281197063806;46,1693861693862;46,2160624270984;39,9313749382555
"Eskimo_Aleut";"c1";0,980604932002107;61,8901170514074;47,5679875679876;47,6344475655904;31,9064772060438
"Eskimo_Aleut";"c1";0,988911318830501;53,5816692268305;47,2494172494172;47,2788012493124;36,6141357745092
"Eskimo_Aleut";"c1";0,835523493785079;56,2853493887977;45,4933954933955;45,543474165764;38,6161819526036
"Eskimo_Aleut";"c1";0,995672081211654;52,8714285714286;47,1328671328671;47,1594961882665;36,7546257668237
"Eskimo_Aleut";"c1";0,957662115516324;48,7396480331263;45,4933954933955;45,5084593102852;42,6441763240608
"Eskimo_Aleut";"c1";0,968722798848706;55,8902017522707;45,8119658119658;45,8587325680693;39,5216743192883
"Eskimo_Aleut";"c1";0,879051899282328;55,5760905760906;46,045066045066;46,0892935370894;40,3679651246844
"Eskimo_Aleut";"c1";0,971871138160214;52,2618895830677;46,8376068376068;46,8627775232006;38,5579770956629
"Eskimo_Aleut";"c1";0,986041213359354;50,1124338624339;46,021756021756;46,0407382855179;39,8388207996847
"Eskimo_Aleut";"c1";0,840928328931956;48,9454545454545;44,9106449106449;44,9293679251916;40,4144976622598
"Eskimo_Aleut";"c1";0,927219613055164;56,6070891240597;46,037296037296;46,0863438010397;39,6955127007454
"Eskimo_Aleut";"c1";0,986977450707323;52,3153846153846;46,8453768453768;46,870759712059;35,0049704436292
"Eskimo_Aleut";"c1";0,936238435112162;56,3545787545788;45,8974358974359;45,945960922295;37,6043747786057
"Eskimo_Aleut";"c1";0,97535222757798;54,3435127674258;45,6487956487956;45,6891423639633;44,1830109853335
"Eskimo_Aleut";"c1";0,913594631969788;54,3163140651896;45,5089355089355;45,549805014997;42,5633034051124
"Eskimo_Aleut";"c1";0,82421795914962;47,7296703296703;45,5089355089355;45,5192405429064;46,1598347979536
"Eskimo_Aleut";"c1";0,435185185185185;35,5851851851852;44,4599844599845;44,4188020967603;47,2392819061004
"Eskimo_Aleut";"c1";0,978732557481548;56;45,8818958818959;45,9288476411446;39,3584535498363
"Eskimo_Aleut";"c1";0,990363937191064;58,4573607220666;47,016317016317;47,0694077063669;36,0866610701967
"Eskimo_Aleut";"c1";0,966848497578728;48,6333333333333;45,7498057498058;45,7631863882444;43,1174724398275
"Eskimo_Aleut";"c1";0,992152862908199;56,6892515619023;45,9362859362859;45,986183688609;39,0185380304488
"Eskimo_Aleut";"c1";0,975468626062624;51,8303726924417;46,3869463869464;46,4122059057654;39,6024122655196
"Eskimo_Aleut";"c1";0,828248358690989;55,7352657004831;45,6565656565657;45,7033345662822;39,6437760466077
"Eskimo_Aleut";"c1";0,852026891728996;56,7592592592593;45,5089355089355;45,5611411875913;37,4503076180274
"Eskimo_Aleut";"c1";0,954941860465117;51,0772669220945;45,2292152292152;45,2563523600407;41,0093605186885
"Eskimo_Aleut";"c1";0,735330973423824;54,3177518383665;45,3069153069153;45,3487289335114;41,5703792397492
"Eskimo_Aleut";"c1";0,968435345327324;56,9159487076738;46,3325563325563;46,3816672020464;38,272326598021
"Eskimo_Aleut";"c1";0,864884674810863;50,2173913043478;45,7031857031857;45,7241332929823;40,1251074173825
"Eskimo_Aleut";"c1";0,984030139812636;55,897550776583;45,7420357420357;45,7891611018248;41,5243564010889
"Eskimo_Aleut";"c1";0,974579097208729;54,1657248298927;45,7731157731158;45,8120605947249;42,0541044747916
"Eskimo_Aleut";"c1";0,867805519545184;41,9444444444444;44,965034965035;44,9510183036865;46,7741074756478
"Eskimo_Aleut";"c1";0,867708110348363;54,7378066378066;45,6254856254856;45,667770177747;41,8881718433602
"Eskimo_Aleut";"c1";0,646599455593872;41,2592592592593;44,1414141414141;44,1280398728195;45,3949841545977
"Eskimo_Aleut";"c1";0,991701880396007;57,4851190476191;48,3682983682984;48,410603800685;31,309455804357
"Eskimo_Aleut";"c1";0,859562526965266;53,5903133903134;45,4778554778555;45,5155002941546;43,0642439273155
"Eskimo_Aleut";"c1";0,989379933359073;59,4344375431332;46,4957264957265;46,5557669182203;36,2336695152009
"Eskimo_Aleut";"c1";0,827311962551765;47,6958689458689;45,2369852369852;45,2483953702051;45,3967975912911
"Eskimo_Aleut";"c1";0,972571925059659;53,5020045532789;45,8352758352758;45,8708523026448;44,6539727063263
"Eskimo_Aleut";"c1";0,732597026760101;49,0077183630407;45,2836052836053;45,3008865507952;40,8992619674599
"Eskimo_Aleut";"c1";0,909811504566364;52,1362433862434;44,5376845376845;44,5729446715526;46,5744112465651
"Eskimo_Aleut";"c1";0,94313151455542;53,5149572649573;46,4957264957265;46,5282983322426;36,0278598529442
"Eskimo_Aleut";"c1";0,956708614368442;59,1536734933797;46,3325563325563;46,392051075762;34,795222996668
"Eskimo_Aleut";"c1";0,937640139316868;59,6107456140351;46,8997668997669;46,9587505596939;36,1140187720628
"Eskimo_Aleut";"c1";0,942231193006184;49,1673141673142;45,3535353535353;45,3712327030192;41,7087725934413
"Eskimo_Aleut";"c1";0,829382608145688;35,8;45,1204351204351;45,077184841454;45,2433357861224
"Eskimo_Aleut";"c1";0,949652674652686;50,7416529830323;46,3170163170163;46,3375482737032;39,1752015651794
"Eskimo_Aleut";"c1";0,954259407855771;48,3600507438588;45,4623154623155;45,4757620297472;44,2947272953007
"Eskimo_Aleut";"c1";0,45073192182369;47,0693121693122;44,980574980575;44,990267496532;45,0962689893184
"Eskimo_Aleut";"c1";0,98556113228402;55,1361681796464;45,8663558663559;45,9093712367192;40,6991033086573
"Eskimo_Aleut";"c1";0,936393482185307;50,3786816269285;46,029526029526;46,0497077260337;40,4145049846164
"Eskimo_Aleut";"c1";0,951148682998547;52,9493087557604;46,7365967365967;46,7654260267089;35,6444495182788
"Eskimo_Aleut";"c1";0,978117033464272;49,8962732919255;45,6721056721057;45,6917073779981;40,9158000392997
"Eskimo_Aleut";"c1";0,967268801291337;56,1289238421725;46,4413364413364;46,4862904431965;39,8477161655357
"Eskimo_Aleut";"c1";0,991929920195876;53,0528284244974;47,3737373737374;47,4000904644602;36,8481159104246
"Eskimo_Aleut";"c1";0,989350414317121;49,8651059085842;46,2626262626263;46,2793431055309;42,1231182583007
"Eskimo_Aleut";"c1";0,972579079900002;54,918981018981;45,4390054390054;45,482996044945;41,5158764302469
"Eskimo_Aleut";"c1";0,996645077544298;51,3248120300752;46,7754467754468;46,7965575190877;38,5971214428012
"Eskimo_Aleut";"c1";0,886462645656312;48,7705128205128;45,4467754467754;45,4621988220596;43,2980516629563
"Eskimo_Aleut";"c1";0,984075214746301;49,4904761904762;46,1072261072261;46,1229256435753;42,7693832631709
"Eskimo_Aleut";"c1";0,811350548553175;52,3789173789174;43,6130536130536;43,6537304750762;45,3150167331324
"Eskimo_Aleut";"c1";0,896613870443995;49,6920289855072;45,5633255633256;45,5824842799018;41,9531329839022
"Eskimo_Aleut";"c1";0,685172654073908;53,5141830794005;45,1903651903652;45,2289907954187;44,0397296000265
"Eskimo_Aleut";"c1";0,450604986995659;49,8857623857624;43,947163947164;43,9747212485032;41,3541840582076
"Eskimo_Aleut";"c1";0,89519397971235;50,7728937728938;45,7498057498058;45,7731147429523;40,0494980364165
"Eskimo_Aleut";"c1";0,928658557499962;48,1703703703704;45,0582750582751;45,0727163358254;47,4021285385725
"Eskimo_Aleut";"c1";0,933058976766777;49,7751322751323;45,4545454545455;45,4745945813231;40,0510036755911
"Eskimo_Aleut";"c1";0,937196285160927;55,8171570780266;46,0916860916861;46,1368158874464;39,7004598942473
"Eskimo_Aleut";"c1";0,994432031620371;55,2352548473238;45,9362859362859;45,9794366040866;41,1803486684134
"Eskimo_Aleut";"c1";0,984856304405427;55,4389345010035;46,0839160839161;46,127326842232;40,7579632966181
"Eskimo_Aleut";"c1";0,854242196177249;32,3076923076923;45,4234654234654;45,3626033672437;49,4333181388461
"Eskimo_Aleut";"c1";0,951636849533262;39,4405594405594;46,2393162393162;46,2077674838696;40,9924027849612
"Eskimo_Aleut";"c1";0,986679149376658;61,6468253968254;47,9254079254079;47,989080396273;31,7615707775999
"Eskimo_Aleut";"c1";0,964397092227577;58,7154934437543;47,7078477078477;47,7589272704273;35,669649322319
"Eskimo_Aleut";"c1";0,78246129146363;52,4537037037037;44,8018648018648;44,8373721749592;45,6165360060957
"Eskimo_Aleut";"c1";0,974222006562314;57,8089026915114;47,1794871794872;47,2288116134177;36,7026320542772
"Eskimo_Aleut";"c1";0,81098323636885;54,8753782449435;45,2369852369852;45,2817109585999;41,8126371328587
"Eskimo_Aleut";"c1";0,804722946796896;47,710989010989;44,9106449106449;44,9236395468414;46,6345985294957
"Eskimo_Aleut";"c1";0,974644020463848;54,2270985719262;45,1825951825952;45,2245650359099;45,3435732766922
"Eskimo_Aleut";"c1";0,955114899307142;49,4430976430976;45,967365967366;45,9834946526362;41,6494832756331
"Eskimo_Aleut";"c1";0,921205954708573;37,8;45,8352758352758;45,7979891724671;43,4767943168092
"Eskimo_Aleut";"c1";0,987960532480681;59,3853983939205;47,5912975912976;47,6460265973422;34,2014910350937
"Eskimo_Aleut";"c1";0,893032915497516;54,3003134796238;45,5011655011655;45,5419968142906;42,31491737886
"Eskimo_Aleut";"c1";0,970519146760636;60,6073781291173;47,6068376068376;47,6671649410477;33,2948629619952
"Eskimo_Aleut";"c1";0,565612715407625;54,161053600184;44,2579642579643;44,303918268833;41,9073692572885
"Eskimo_Aleut";"c1";0,994639127384125;57,9005847953216;46,8764568764569;46,9276129224841;36,1985283034109
"Eskimo_Aleut";"c1";0,879293523352883;54,0697728059047;45,2991452991453;45,3398442666941;43,9973617059921
"Eskimo_Aleut";"c1";0,763902969506307;55,0067572274469;45,1359751359751;45,181779229207;40,1364534435754
"Eskimo_Aleut";"c1";0,322139076961583;46,9680911680912;44,8096348096348;44,8196508484211;47,1021457456423
"Eskimo_Aleut";"c1";0,925352093644265;56,0604816639299;46,2703962703963;46,3158259009927;39,2137445717293
"Eskimo_Aleut";"c1";0,950286555099302;54,786231884058;45,7731157731158;45,8149399778069;42,1486857208602
"Eskimo_Aleut";"c1";0,819178021909125;48,1211180124224;45,4312354312354;45,4437174849764;44,3209648042913
"Eskimo_Aleut";"c1";0,947858729991488;51,12023988006;46,013986013986;46,0376809275177;40,2131050528042
"Eskimo_Aleut";"c1";0,839131701125824;52,1538461538462;45,5322455322455;45,5629722172646;38,5456097121724
"Eskimo_Aleut";"c1";0,99130659808436;59,7655122655123;47,7233877233877;47,7792676516574;34,3739433706286
"Eskimo_Aleut";"c1";0,930468633207966;48,4949494949495;46,0606060606061;46,071902317842;41,621556304289
"Eskimo_Aleut";"c1";0,970881744548316;60,8500846979108;48,4693084693085;48,526759867121;32,852616575427
"Eskimo_Aleut";"c1";0,994475436329444;58,2449547115843;47,2105672105672;47,2617708648643;36,9101679724985
"Eskimo_Aleut";"c1";0,890179562894793;43,9538461538462;45,4234654234654;45,4166458444881;44,8027161870522
"Eskimo_Aleut";"c1";0,996030802755909;60,6380633212805;47,5757575757576;47,6363715235326;33,7180296003482
"Eskimo_Aleut";"c1";0,939333730151861;51,9475080273628;45,5322455322455;45,5620147317588;39,3250170904938
"Eskimo_Aleut";"c1";0,90815030164449;50,6785714285714;46,2626262626263;46,2831178875262;38,5687441403129
"Eskimo_Aleut";"c1";0,936913590025397;57,2891816717904;46,1072261072261;46,1591145321197;36,9939463604073
"Eskimo_Aleut";"c1";0,946053835390068;56,737037037037;46,1227661227661;46,1720202801409;38,0050395550837
"Eskimo_Aleut";"c1";0,976345921311247;54,8843557464247;46,0916860916861;46,1324873429842;41,7784957912709
"Eskimo_Aleut";"c1";0,988858686347109;50,6615442278861;46,0606060606061;46,0819561217071;40,580430563246
"Eskimo_Aleut";"c1";0,969398717478806;57,410858063032;46,7599067599068;46,8093311279027;38,0232127685411
"Eskimo_Aleut";"c1";0,873146222959225;54,1901280129166;44,957264957265;45,0001088693561;41,4535723090239
"Eskimo_Aleut";"c1";0,979075162361307;57,6116809116809;47,1095571095571;47,1582908626992;36,642772133186
"Eskimo_Aleut";"c1";0,987238491440505;56,3807895807896;46,5967365967366;46,6421382347136;38,8314424568915
"Eskimo_Aleut";"c1";0,983205890331411;47,7776397515528;45,2369852369852;45,2487748170992;45,8914137786151
"Eskimo_Aleut";"c1";0,993242814649093;54,4461285840596;45,4700854700855;45,5117376423081;42,7659062321988
"Eskimo_Aleut";"c1";0,963724555445659;58,4078572499625;47,2261072261072;47,2779946972156;35,1056314621685
"Eskimo_Aleut";"c1";0,969982364117341;56,3893714980672;46,3403263403263;46,3869576403623;39,5059146289548
"Eskimo_Aleut";"c1";0,985287632711471;56,945905707196;46,4724164724165;46,5210173505361;37,5703762479377
"Eskimo_Aleut";"c1";0,940250336692868;49,3818181818182;44,9339549339549;44,954594670604;44,7262740581506
"Eskimo_Aleut";"c1";0,942597103183561;57,8828136436832;46,969696969697;47,0203378823373;36,2653822593579
"Eskimo_Aleut";"c1";0,870136655009955;54,1126466126466;45,5477855477855;45,5875296826573;42,9534068233017
"Eskimo_Aleut";"c1";0,99674543987751;51,2898550724638;46,2160062160062;46,2395507582636;39,098831089311
"Eskimo_Aleut";"c1";0,97203403484801;58,3553554292463;46,3791763791764;46,434750295882;36,6795899092825
"Eskimo_Aleut";"c1";0,979338740160782;58,0659824046921;46,0994560994561;46,1549852238423;36,2700629906556
"Eskimo_Aleut";"c1";0,988089027297628;54,8437251154642;46,0606060606061;46,1013629935752;42,0184827193394
"Eskimo_Aleut";"c1";0,941171454002659;53,6785436785437;45,4856254856255;45,5236436674952;43,9642209177908
"Eskimo_Aleut";"c1";0,945421771853237;49,4987922705314;45,982905982906;45,999221000482;42,0089069028667
"Eskimo_Aleut";"c1";0,762528550363506;48,4053989488772;45,0660450660451;45,0815409077287;43,2991620024626
"Eskimo_Aleut";"c1";0,938854532889486;57,7173608999696;46,3325563325563;46,3853860521267;36,088225460728
"Eskimo_Aleut";"c1";0,911679737453294;55,938122186369;46,0606060606061;46,1064414022569;40,2407553396901
"Eskimo_Aleut";"c1";0,898053250155012;55,7738095238095;45,7187257187257;45,765385040327;39,797876077838
"Eskimo_Aleut";"c1";0,996031317226445;55,5829480863964;46,2703962703963;46,3136099679183;41,205819787084
"Eskimo_Aleut";"c1";0,988012866577253;58,9910421133519;47,1639471639472;47,2188292750813;35,1623777917975
"Eskimo_Aleut";"c1";0,965248056309093;49,8343685300207;45,7808857808858;45,7996954456149;44,5003665245292
"Eskimo_Aleut";"c1";0,965782287065241;50,0363636363636;45,042735042735;45,0659073331927;41,5136422167672
"Eskimo_Aleut";"c1";0,989073062502728;52,8659420289855;47,7777777777778;47,8013887487811;38,2901627765224
"Eskimo_Aleut";"c1";0,9553182096688;52,196223316913;45,967365967366;45,9962701778047;36,869623127406
"Eskimo_Aleut";"c1";0,988425925925926;47,7857142857143;45,6099456099456;45,6200419843111;45,8130759240721
"Eskimo_Aleut";"c1";0,966711402541474;56,1439446222055;46,3247863247863;46,3703508644495;40,4272166508941
"Eskimo_Aleut";"c1";0,898825968620592;56,439205955335;46,2703962703963;46,3175833222985;38,8712539382768
"Eskimo_Aleut";"c1";0,963684401304099;51,502024291498;46,8376068376068;46,8592514661632;38,3938563427725
"Eskimo_Aleut";"c1";0,984804855146928;58,4857978279031;47,031857031857;47,0850075691937;35,0156516023364
"Eskimo_Aleut";"c1";0,899767096321014;56,8598901098901;45,7653457653458;45,8168285697288;37,8310875448932
"Eskimo_Aleut";"c1";0,985665765813916;54,7402597402597;47,3193473193473;47,3537831078434;34,9182508165737
"Eskimo_Aleut";"c1";0,96812544741059;54,5579586275238;45,5633255633256;45,6050639998184;41,3678510777769
"Eskimo_Aleut";"c1";0,88056432212163;52,2649572649573;45,4623154623155;45,4938822456224;46,8096253757999
"Eskimo_Aleut";"c1";0,969146090992881;57,1847290640394;46,8298368298368;46,8778873738471;37,7601280111775
"Eskimo_Aleut";"c1";0,963591970383105;51,0131578947368;46,4257964257964;46,4470834859771;37,6556185602343
"Eskimo_Aleut";"c1";0,959027643706484;54,051238269754;45,7731157731158;45,8115293345851;43,5073216665676
"Eskimo_Aleut";"c1";0,902966753790742;49,4534550906365;45,5710955710956;45,5891111605134;41,9695349615837
"Eskimo_Aleut";"c1";0,929464312750026;56,1196919023006;45,6021756021756;45,6509807822226;41,3767730672059
"Eskimo_Aleut";"c1";0,959324469951511;55,4650212487741;46,9463869463869;46,9859165719201;34,1500302985618
"Eskimo_Aleut";"c1";0,971083754334137;57,5927405927406;46,3403263403263;46,3925417196879;38,5108339194409
"Eskimo_Aleut";"c1";0,959428847808525;59,6834858300496;47,031857031857;47,090565286141;34,2948380273805
"Eskimo_Aleut";"c1";0,837730211235104;54,8507354714251;44,9106449106449;44,9567706209038;40,9920281618632
"Eskimo_Aleut";"c1";0,926416441283515;54,2343114157207;45,1903651903652;45,2323324582323;42,1958353735824
"Eskimo_Aleut";"c1";0,97087129500668;55,8849860783894;46,0916860916861;46,1371306391882;40,5855003132885
"Eskimo_Aleut";"c1";0,903094703147333;48,4186335403727;44,6153846153846;44,6330331022755;45,1171924095506
"Eskimo_Aleut";"c1";0,739940073395944;47,9922935357718;45,2991452991453;45,3116425067399;44,2683811792173
"Eskimo_Aleut";"c1";0,96688495611742;53,0699427614128;46,5811965811966;46,6113067722881;37,7754998890224
"Eskimo_Aleut";"c1";0,855876749732591;56,9891904828384;45,3379953379953;45,3920612087371;37,1183047747366
"Eskimo_Aleut";"c1";0,758719686992628;46,9396011396011;45,4156954156954;45,4227669039734;48,4458385303302
"Eskimo_Aleut";"c1";0,843889426797582;49,4321070234114;45,6721056721057;45,6895534741999;42,3885907877336
"Eskimo_Aleut";"c1";0,935404240940591;57,0127634595401;46,4724164724165;46,5213275953266;38,6451289038309
"Eskimo_Aleut";"c1";0,922999891146412;56,7760210803689;45,990675990676;46,0407239957326;39,3094794320367
"Eskimo_Aleut";"c1";0,740622012967723;47,5633062589584;45,0505050505051;45,0621653809387;44,7681646719448
"Eskimo_Aleut";"c1";0,958230646632839;46,5909090909091;46,3714063714064;46,3724249455108;38,749712646938
"Eskimo_Aleut";"c1";0,914357823046142;57,8737060041408;46,1305361305361;46,1850287981631;36,6797206131373
"Eskimo_Aleut";"c1";0,912475274537583;54,7146464646465;45,0893550893551;45,1340200145305;43,1322191102806
"Eskimo_Aleut";"c1";0,900824767457337;54,8053175432486;45,4623154623155;45,5056704603708;40,7547525880796
"Eskimo_Aleut";"c1";0,925099852615544;55,5574063617542;45,8585858585859;45,9035919862108;40,4514189713759
"Eskimo_Aleut";"c1";0,663527151024432;49,5571856928678;44,0947940947941;44,1201416196111;41,2677412002135
"Eskimo_Aleut";"c1";0,98721924991329;57,1428571428571;46,4413364413364;46,4909954701138;37,1164973095096
"Eskimo_Aleut";"c1";0,865828207944132;54,4303232998885;44,8873348873349;44,9316178962099;42,7011985740491
"Eskimo_Aleut";"c1";0,922381027946815;50,2380952380952;45,8119658119658;45,8325046956137;42,4985491351226
"Eskimo_Aleut";"c1";0,993087225693225;57,2322929444369;46,3403263403263;46,3908691087909;38,1060924775052
"Eskimo_Aleut";"c1";0,975720196753652;59,8627162311373;47,3271173271173;47,3852871596186;34,0325085813782
"Eskimo_Aleut";"c1";0,903910636363001;57,1079404466501;46,2937062937063;46,3438883547408;38,178410713597
"Eskimo_Aleut";"c1";0,979917717428323;53,955045554146;45,5944055944056;45,6332020675366;44,1760983577118
"Eskimo_Aleut";"c1";0,823054891753101;41,1538461538462;45,2758352758353;45,2567077161045;49,2698489519222
"Eskimo_Aleut";"c1";0,886524489059896;50,1857142857143;45,5788655788656;45,6002430670644;41,5147299051396
"Eskimo_Aleut";"c1";0,943111527893225;53,8173863173863;45,7264957264957;45,7640404624163;42,7872926444023
"Eskimo_Aleut";"c1";0,311271508739734;53,2484126984127;45,0505050505051;45,0885463852981;43,4374870291427
"Eskimo_Aleut";"c1";0,732697727074236;46,3094017094017;45,3146853146853;45,3193011680251;47,2985127814991
"Eskimo_Aleut";"c1";0,96284514918368;51,3758272378962;46,4568764568765;46,479702214561;38,9883941135287
"Eskimo_Aleut";"c1";0,971815470485362;55,6274725274725;45,7342657342657;45,7801738864384;38,676021391022
"Eskimo_Aleut";"c1";0,946905458585165;49,6115942028986;46,021756021756;46,0384142035711;39,8162959095494
"Eskimo_Aleut";"c1";0,734155259694004;46,0404761904762;44,8562548562549;44,8617500828638;44,9863859105273
"Eskimo_Aleut";"c1";0,988930158648923;56,8925925925926;46,2548562548563;46,304219300507;38,0990625742513
"Eskimo_Aleut";"c1";0,965393810257733;50,167032967033;45,8741258741259;45,8940465566916;40,9492638445557
"Eskimo_Aleut";"c1";0,976941149280427;59,4180629155162;47,2571872571873;47,3136182347201;35,0982697206074
"Eskimo_Aleut";"c1";0,928138934414127;41,2087912087912;46,2781662781663;46,2546424959418;37,6851923302455
"Eskimo_Aleut";"c1";0,730771168852118;54,2118786760466;45,4545454545455;45,4951827316754;42,0787081835194
"Eskimo_Aleut";"c1";0,88836860658442;56,5201706506054;45,8896658896659;45,9389953781157;38,6714496974222
"Eskimo_Aleut";"c1";0,995948370013424;60,1293995859213;47,4514374514374;47,5102679021775;33,2774728959232
"Eskimo_Aleut";"c1";0,966093750986531;53,0342765125374;46,6278166278166;46,6575449799499;37,1117374867222
"Eskimo_Aleut";"c1";0,862085391952473;51,1091164095372;46,006216006216;46,0298953584356;40,6548367137711
"Eskimo_Aleut";"c1";0,855804192059898;50,4512315270936;45,7653457653458;45,7870900148202;40,3823782440267
"Eskimo_Aleut";"c1";0,974684154360066;55,020979020979;45,951825951826;45,9939101888058;40,6193480553125
"Eskimo_Aleut";"c1";0,941795031237298;55,7119967793881;45,6954156954157;45,7418963500977;38,9109885482712
"Eskimo_Aleut";"c1";0,999034453908109;62,3584398976982;48,7878787878788;48,8508512292237;31,020416047892
"Eskimo_Aleut";"c1";0,993092572133655;58,3392469599366;47,2183372183372;47,2699423679502;36,0938724932139
"Eskimo_Aleut";"c1";0,950831699525821;54,69559967491;45,951825951826;45,9924003078495;41,3372251910269
"Eskimo_Aleut";"c1";0,945496504687796;55,8468864468864;45,8818958818959;45,9281371374179;40,2815684777228
"Eskimo_Aleut";"c1";0,976826464923653;49,0384615384615;46,2004662004662;46,2136355523827;43,0630744224221
"Eskimo_Aleut";"c1";0,708293534661302;47,3095238095238;45,2136752136752;45,2234007292012;44,648655789077
"Eskimo_Aleut";"c1";0,818530317271333;52,2649572649573;44,5843045843046;44,6199456640292;47,0416784190303
"Eskimo_Aleut";"c1";0,984188437340107;54,5555976590459;45,5167055167055;45,5586493317512;43,6506693629014
"Eskimo_Aleut";"c1";0,925301198816801;60,3;47,047397047397;47,1088940448569;33,6859769328298
"Eskimo_Aleut";"c1";0,875656940261662;48,2576923076923;44,9417249417249;44,9571122612886;46,0040375758423
"Eskimo_Aleut";"c1";0,962896420220081;49,6490546490547;45,5866355866356;45,6054867191758;42,7127725622124
"Eskimo_Aleut";"c1";0,812782183947526;48,0434782608696;44,8407148407148;44,8555768519453;43,778385773025
"Eskimo_Aleut";"c1";0,929670334895361;56,6442478061668;46,1072261072261;46,1561217995646;38,4395554912446
"Eskimo_Aleut";"c1";0,938204351316392;61,721235341925;47,3737373737374;47,4403150905271;31,3242286562483
"Eskimo_Aleut";"c1";0,965842851369227;58,0428766635663;46,3403263403263;46,3946305181604;36,8253778391407
"Eskimo_Aleut";"c1";0,970755671083767;57,3349259436216;46,5190365190365;46,569226261146;37,4938273676551
"Eskimo_Aleut";"c1";0,989105367607012;59,6475951285389;47,8632478632479;47,9179316092585;34,1409755852693
"Eskimo_Aleut";"c1";0,913882982539598;53,9494363929146;45,1437451437451;45,1846068200754;43,0059907164901
"Eskimo_Aleut";"c1";0,954584840081946;49,9332873245917;46,013986013986;46,0321730270283;41,3517904025282
"Eskimo_Aleut";"c1";0,994358542007978;53,0887120542293;46,8065268065268;46,8356784782099;36,5482208767918
"Eskimo_Aleut";"c1";0,920732011680437;52,594708994709;46,2781662781663;46,3074773812593;37,3873051964716
"Eskimo_Aleut";"c1";0,974102672982749;55,3372489579386;46,2315462315462;46,273800072504;40,3692531194535
"Eskimo_Aleut";"c1";0,992416637824517;59,567135373587;47,6146076146076;47,6700717805426;33,9990339142959
"Eskimo_Aleut";"c1";0,986198038824221;56,4441077441077;46,4335664335664;46,4800190614576;38,933657385688
"Eskimo_Aleut";"c1";0,990778011315348;54,9160035366932;47,2727272727273;47,3081949120032;34,2935161968969
"Eskimo_Aleut";"c1";0,989490919685884;61,1841709015622;47,6689976689977;47,7317130900305;32,9569426035415
"Eskimo_Aleut";"c1";0,955226122988183;53,3409867105519;45,2525252525253;45,2900587163676;43,3568056709994
"Eskimo_Aleut";"c1";0,951044189211988;55,1244877561219;45,4623154623155;45,507151528644;41,3789074661977
"Eskimo_Aleut";"c1";0,962437201733144;42,2435897435897;44,9261849261849;44,9137366886787;46,7695320159943
"Eskimo_Aleut";"c1";0,983434298118677;62,2377431605053;47,8554778554779;47,9222169056172;30,738690561202
"Eskimo_Aleut";"c1";0,914174591583563;58,7229269980394;46,7288267288267;46,7844838066421;35,4539248668651
"Eskimo_Aleut";"c1";0,794168200275002;37,9172413793103;44,8484848484849;44,8163213057045;45,2858215690437
"Eskimo_Aleut";"c1";0,803685041486804;41,2;44,8174048174048;44,800618716164;45,4217047304539
"Eskimo_Aleut";"c1";0,930420346823523;54,4706119162641;45,8818958818959;45,9217507126818;42,6110977098461
"Eskimo_Aleut";"c1";0,932663720403347;42,8869565217391;47,5213675213675;47,4998621338982;36,7328255733182
"Eskimo_Aleut";"c1";0,807785668494776;46,8956043956044;44,8640248640249;44,873452147234;46,468917750847
"Eskimo_Aleut";"c1";0,978814859123563;53,8650905316572;45,5322455322455;45,5709130264423;45,1472395251199
"Eskimo_Aleut";"c1";0,981706580262123;48,7722222222222;45,998445998446;46,0113173498324;43,521588362102
"Eskimo_Aleut";"c1";0,753399006432237;41,3425925925926;45,3457653457653;45,327189138094;46,2391058022826
"Eskimo_Aleut";"c1";0,979885499534545;49,1991341991342;45,3302253302253;45,3481785036309;41,3525254252328
"Eskimo_Aleut";"c1";0,968132741148948;57,0649350649351;46,5034965034965;46,5525054991412;38,3832460702669
"Eskimo_Aleut";"c1";0,999351057206538;52,7151515151515;47,1794871794872;47,2051747170077;37,4060172464554
"Eskimo_Aleut";"c1";0,901078036126603;55,0322091701402;45,7808857808858;45,8238153557779;40,2652264327526
"Eskimo_Aleut";"c1";0,616951288171715;48,4538461538462;45,019425019425;45,0353620084479;42,7683321274516
"Eskimo_Aleut";"c1";0,578049758228914;47,6984126984127;45,0893550893551;45,1014620852208;42,0901685012692
"Eskimo_Aleut";"c1";0,887663887578598;52,927993059572;46,3247863247863;46,3554276553422;37,4020860402518
"Eskimo_Aleut";"c1";0,941210842450818;53,7218501860181;45,4001554001554;45,438771153222;43,5456921266905
"Eskimo_Aleut";"c1";-0,117141482531485;47,7834757834758;44,8951048951049;44,908508008276;45,3391465614333
"Eskimo_Aleut";"c1";0,950572275949123;53,0825817860301;45,0582750582751;45,0955108203528;45,2223057271667
"Eskimo_Aleut";"c1";0,984295787482332;58,5208071498394;47,3271173271173;47,3790602033249;36,1876025138305
"Eskimo_Aleut";"c1";0,895595803742915;48,4186335403727;45,2369852369852;45,2517492662353;44,1433709485637
"Eskimo_Aleut";"c1";0,974909468833962;58,8925245665483;46,7987567987568;46,8548763707651;35,8072884473507
"Eskimo_Aleut";"c1";0,872101105478984;55,7997212931996;46,1693861693862;46,2140744994271;39,6438697088646
"Eskimo_Aleut";"c1";0,95955461915719;54,7676642448007;44,7397047397047;44,7862381944848;42,8401795570889
"Eskimo_Aleut";"c1";0,964787018679774;58,0134099616858;46,6588966588967;46,7115858157541;36,4658709556628
"Eskimo_Aleut";"c1";0,941550673535151;49,7888021801065;45,7886557886558;45,8072179528853;39,5014315662433
"Eskimo_Aleut";"c1";0,955648780770606;55,8933682509395;46,037296037296;46,0830318712341;39,7069730374546
"Eskimo_Aleut";"c1";0,98542770659696;56,9305165599019;46,2082362082362;46,2579915694968;37,8456726161365
"Eskimo_Aleut";"c1";0,995887533454723;60,587343690792;47,9098679098679;47,9686961037469;33,1593272288537
"Eskimo_Aleut";"c1";0,667190209631197;48,2109195402299;45,2214452214452;45,235317492066;41,4234392440786
"Eskimo_Aleut";"c1";0,99117849564791;51,780303030303;46,013986013986;46,0407438655699;37,3883826274455
"Eskimo_Aleut";"c1";0,953980067587511;57,6418219461698;46,4879564879565;46,5397145643287;37,3510400331198
"Eskimo_Aleut";"c1";0,961636674435617;57,1081504702194;46,7987567987568;46,8465962125455;38,7199824553479
"Eskimo_Aleut";"c1";0,963286941953371;56,6684863523573;46,3170163170163;46,3650509807534;38,3305258486084
"Eskimo_Aleut";"c1";0,970934067788332;51,5418679549114;46,3403263403263;46,3644634243847;38,8160685316818
"Eskimo_Aleut";"c1";0,742994143802252;54,0419790104948;44,4444444444444;44,4889805677208;42,4482870884873
"Eskimo_Aleut";"c1";0,922578514086475;51,6463768115942;45,2059052059052;45,2357913850499;40,896339998898
"Eskimo_Aleut";"c1";0,744533331939247;52,5142857142857;45,2369852369852;45,27075461275;36,948627650582
"Eskimo_Aleut";"c1";0,946485359868625;56,014652014652;45,7031857031857;45,7510347347934;39,3070923473821
"Eskimo_Aleut";"c1";0,931055702780766;53,3776556776557;45,5788655788656;45,6150548600665;45,1587323425108
"Eskimo_Aleut";"c1";0,995728817435211;54,5275919732441;45,8275058275058;45,8678774569524;42,1887620000063
"Eskimo_Aleut";"c1";0,916534597417789;55,7128054740958;45,4623154623155;45,5098815412564;40,4172416071279
"Eskimo_Aleut";"c1";0,989189047341571;49,3219461697723;45,5788655788656;45,5962348623501;44,0493885837812
"Eskimo_Aleut";"c1";0,992655679254523;50,5621318373072;45,5244755244755;45,5478521198947;42,2098957864787
"Eskimo_Aleut";"c1";0,964469531445456;53,0474155474155;45,3457653457653;45,3815038617823;45,5882327777106
"Eskimo_Aleut";"c1";0,946718925979235;57,2112951460778;46,3325563325563;46,383037719162;37,8275726789274
"Eskimo_Aleut";"c1";0,966247932226996;58,0076804915515;46,6355866355866;46,6883573727373;37,0020638502047
"Eskimo_Aleut";"c1";0,873817882457885;50,7678347061287;45,7187257187257;45,7421554588065;39,4323220321697
"Eskimo_Aleut";"c1";0,98313643423704;58,4215429879045;46,7365967365967;46,7908192250019;36,2822784132935
"Eskimo_Aleut";"c1";0,959339207171549;53,8311688311688;47,1173271173271;47,1484818352568;36,1090608707502
"Eskimo_Aleut";"c1";0,94350013985509;58,6114827201784;46,2315462315462;46,2889937326536;34,8010538764179
"Eskimo_Aleut";"c1";0,950889755265237;58,2188545150502;46,1771561771562;46,23303412768;37,2252844028319
"Eskimo_Aleut";"c1";0,792848563885381;53,6404761904762;44,8640248640249;44,904750856259;37,6498367723992
"Eskimo_Aleut";"c1";0,948145399346244;60,2569072257615;46,4491064491064;46,5131797705758;34,9979746425479
"Eskimo_Aleut";"c1";0,983982687422582;59,6376149133217;47,1484071484072;47,2063617088012;33,7493661722284
"Eskimo_Aleut";"c1";0,875565826887735;57,0200138026225;45,0505050505051;45,106048014552;37,8375213009995
"Eskimo_Aleut";"c1";0,555352647090158;41,25;44,8640248640249;44,8472544470224;45,2745492297309
"Eskimo_Aleut";"c1";0,969609331669673;51,3939393939394;46,4646464646465;46,4875202137383;39,0672133142034
"Eskimo_Aleut";"c1";0,919985181782805;49,1534391534392;45,6099456099456;45,6263887354375;40,5040164966453
"Eskimo_Aleut";"c1";0,999849802489428;51,3861617578308;46,3480963480963;46,371474841877;41,8263867040118
"Eskimo_Aleut";"c1";0,806638332364352;47,1777777777778;45,4778554778555;45,4857437483888;43,5323754986521
"Eskimo_Aleut";"c1";0,703723495340154;49,0019893899204;45,3302253302253;45,3472636785302;43,1890926037229
"Eskimo_Aleut";"c1";0,992461093216626;50,2830687830688;46,0761460761461;46,0956677592408;40,5796377896958
"Eskimo_Aleut";"c1";0,955094514418121;53,6363636363636;46,5734265734266;46,6062012233706;36,245805305997
"Eskimo_Aleut";"c1";0,826999153171732;55,6745718050066;45,0582750582751;45,1075386162645;40,7322195494499
"Eskimo_Aleut";"c1";0,961077844311377;55,2189911537738;46,0606060606061;46,1031043673029;41,2588843490503
"Eskimo_Aleut";"c1";0,942520914752073;47,9134150873281;45,1515151515152;45,1643313925166;45,0922335018224
"Eskimo_Aleut";"c1";0,932681911504214;56,7098515519568;46,2160062160062;46,2647015539921;37,7090303440061
"Eskimo_Aleut";"c1";0,929804288855619;50,1272727272727;46,029526029526;46,0485410954088;39,2398972479044
"Eskimo_Aleut";"c1";0,931717702260817;57,1111111111111;45,5244755244755;45,5782418149007;35,9517551406585
"Eskimo_Aleut";"c1";0,970868240719697;38,3695652173913;45,7031857031857;45,6691549816739;45,0642400530842
"Eskimo_Aleut";"c1";0,986778207470639;56,0903639089546;45,4312354312354;45,4806977443571;38,9395746145657
"Eskimo_Aleut";"c1";0,997826638561805;59,0486857825568;47,4125874125874;47,4665832286894;35,2850074041695
"Eskimo_Aleut";"c1";0,978817883711412;52,3735632183908;47,0629370629371;47,0875803397605;34,9620078422648
"Eskimo_Aleut";"c1";0,970956134638357;59,0484848484848;47,5757575757576;47,6289952893201;35,9409335769143
"Eskimo_Aleut";"c1";0,689110261956548;53,4712454212454;45,0893550893551;45,1282501721017;43,9922122907955
"Eskimo_Aleut";"c1";0,955395472252363;56,3087774294671;45,967365967366;46,0153539555892;38,9483085835456
"Eskimo_Aleut";"c1";0,446130137936787;47,9805236270753;44,6697746697747;44,6851377739849;42,3675841126485
"Eskimo_Aleut";"c1";0,98140601312756;47,2866344605475;45,5710955710956;45,5790563084016;46,0845504756984
"Eskimo_Aleut";"c1";0,994273470539805;55,4644522144522;46,1305361305361;46,1738489661924;39,8213367484769
"Eskimo_Aleut";"c1";0,920813370162483;50,0359820089955;45,4156954156954;45,4371352606759;42,3712549445796
"Eskimo_Aleut";"c1";0,938898942228294;50,8894343151005;45,8197358197358;45,8432611027769;39,9144865550518
"Eskimo_Aleut";"c1";0,907576263427121;54,0233904027007;45,3457653457653;45,3860327474217;43,2707337424267
"Eskimo_Aleut";"c1";0,955882266654237;48,4782608695652;46,1072261072261;46,1182285887219;37,3627132456524
"Eskimo_Aleut";"c1";0,827531956846795;50,4572158365262;45,6643356643357;45,6865764075941;38,1040187820878
"Eskimo_Aleut";"c1";0,951114182719256;59,3610639501981;46,4491064491064;46,5090227252136;36,8181654668987
"Eskimo_Aleut";"c1";0,672736335749978;52,3570411070411;44,6697746697747;44,7054464397852;46,4536855297355
"Eskimo_Aleut";"c1";0,912744678425482;57,3241120041483;45,6332556332556;45,6875055468097;36,4857160602215
"Eskimo_Aleut";"c1";0,986545131426904;50,8906266970783;46,2859362859363;46,3073037588418;39,0557082457668
"Eskimo_Aleut";"c1";0,923322754739798;49,5454022988506;45,6876456876457;45,7055471104355;43,3545383803592
"Eskimo_Aleut";"c1";0,991452174305239;54,8814292348775;46,0839160839161;46,1247398108347;42,8774610502772
"Eskimo_Aleut";"c1";0,972048433591294;57,9989648033126;47,1017871017871;47,1523540516782;36,0558948026841
"Eskimo_Aleut";"c1";0,979230802127631;55,4354037267081;46,2859362859363;46,3283932114155;39,979423246135
"Eskimo_Aleut";"c1";0,970774440596893;40,7692307692308;46,6744366744367;46,6470343268487;37,6434446711081
"Eskimo_Aleut";"c1";0,59232923396205;52,4913512413512;44,9494949494949;44,9844919624502;45,2801752878616
"Eskimo_Aleut";"c1";0,974402417031292;47,2077922077922;44,2968142968143;44,3103223149627;47,1675556207933
"Eskimo_Aleut";"c1";0,940721014042088;55,9013426965741;46,2160062160062;46,2609497727606;40,4881055199522
"Eskimo_Aleut";"c1";0,779351572426668;57,5452380952381;44,5998445998446;44,6599160313777;35,8503037417027
"Eskimo_Aleut";"c1";0,978055146034451;55,5853861192571;46,0916860916861;46,1357403841574;41,9939655520191
"Eskimo_Aleut";"c1";0,980297257648974;58,6217391304348;46,7599067599068;46,8149500655705;35,2719353292498
"Eskimo_Aleut";"c1";0,963567482478409;57,0281197063806;46,5734265734266;46,6219402306561;37,7019033161118
"Eskimo_Aleut";"c1";0,908295571048741;49,5498885172798;45,5477855477855;45,5663567912635;40,6399888177336
"Eskimo_Aleut";"c1";0,980592811515274;58,968505942275;47,3271173271173;47,3811376919208;34,5481312424124
"Eskimo_Aleut";"c1";0,847991298844246;53,8414348381365;45,4623154623155;45,5011976867972;43,2862516354278
"Eskimo_Aleut";"c1";-0,95257934441568;43,4259259259259;45,0971250971251;45,089370112572;45,1937665583423
"Eskimo_Aleut";"c1";0,869048189253482;35,9259259259259;45,1359751359751;45,0932370885967;48,01027380984
"Eskimo_Aleut";"c1";0,876966069539122;55,8068914956012;46,1149961149961;46,1599701074815;40,5135781726719
"Eskimo_Aleut";"c1";0,944846382991618;56,0544548044548;45,7420357420357;45,7898891947616;39,4938293241407
"Eskimo_Aleut";"c1";0,952561456508692;53,1095238095238;45,6099456099456;45,6447464368578;44,5160849597053
"Eskimo_Aleut";"c1";0,984504195255016;49,3344155844156;45,9207459207459;45,9365866152409;41,9082697271993
"Eskimo_Aleut";"c1";0,946304974466314;49,1193633952255;45,4545454545455;45,4715515702795;39,0218916102589
"Eskimo_Aleut";"c1";0,971156265399155;55,8333333333333;45,5944055944056;45,6419180201083;39,8298529763652
"Eskimo_Aleut";"c1";0,887315312144741;48,419397993311;45,4234654234654;45,4373676627687;43,7825837884203
"Eskimo_Aleut";"c1";0,879202984771375;51,1352785145889;45,6332556332556;45,6587870619393;36,7798595657272
"Eskimo_Aleut";"c1";0,987823014318677;49,6601546601547;46,0839160839161;46,1005111585158;40,7387948283927
"Eskimo_Aleut";"c1";0,892607398288674;35,0666666666667;44,3201243201243;44,277184841454;49,8718667051663
"Eskimo_Aleut";"c1";0,637699312182453;50,2095238095238;45,0505050505051;45,0744448127279;40,3997144031836
"Eskimo_Aleut";"c1";0,92947092813804;58,7149887149887;45,1592851592852;45,2221886560634;35,999698854846
"Eskimo_Aleut";"c1";0,846462532076786;52,3382173382173;45,5322455322455;45,5638277680041;45,910789795544
"Eskimo_Aleut";"c1";0,978115942547138;53,0285714285714;47,1173271173271;47,1447574853607;37,9921411666726
"Eskimo_Aleut";"c1";0,987778676516617;38,1571428571429;45,6798756798757;45,6449674069164;45,3774266615019
"Eskimo_Aleut";"c1";0,982597657636567;56,6570386135604;46,2626262626263;46,3108601946492;37,7258869105646
"Eskimo_Aleut";"c1";0,99061616681291;52,5241935483871;46,4180264180264;46,4463613003019;38,6127512346486
"Eskimo_Aleut";"c1";0,99500963083115;51,0446859903382;46,8531468531469;46,8725971507672;39,682132076776
"Eskimo_Aleut";"c1";0,944733455841843;60,3292929292929;47,1173271173271;47,1786355433687;33,1914248873733
"Eskimo_Aleut";"c1";0,931351974347574;50,2743338008415;45,975135975136;45,9950858490372;40,6619334275991
"Eskimo_Aleut";"c1";0,94197035472466;56,6285714285714;46,2859362859363;46,3339299524914;38,5428206555636
"Eskimo_Aleut";"c1";0,989335180330483;61,6637937226173;48,1196581196581;48,1825079368412;32,296007906918
"Eskimo_Aleut";"c1";0,979887775153261;54,0549450549451;47,3737373737374;47,4047406576409;35,669892509893
"Eskimo_Aleut";"c1";0,854348945228091;53,2968864468864;45,4079254079254;45,4445331157628;44,8994653802116
"Eskimo_Aleut";"c1";0,829896907216495;53,555698005698;44,2812742812743;44,3243110502971;44,7207516024984
"Eskimo_Aleut";"c1";0,979275558144893;58,9659026598755;47,008547008547;47,0640335776947;34,9569476432626
"Eskimo_Aleut";"c1";0,990410694730626;56,4653524492234;46,4102564102564;46,4569157886275;39,6003173620337
"Eskimo_Aleut";"c1";0,997088490852418;56,3660968660969;46,5501165501165;46,5956663427661;37,9666776443364
"Eskimo_Aleut";"c1";0,943183062239645;58,35;47,2261072261072;47,2777262180974;35,9604854749113
"Eskimo_Aleut";"c1";0,949915412623224;60,587255975187;47,039627039627;47,1024930671702;33,1713686035641
"Eskimo_Aleut";"c1";0,686599397598315;46,22849002849;45,3146853146853;45,3189257077888;46,3802886665205
"Eskimo_Aleut";"c1";0,778273487794646;54,575298614429;44,2890442890443;44,3367763276772;40,8078399473193
"Eskimo_Aleut";"c1";0,983695652173913;48,7287712287712;45,5555555555556;45,5702804542712;44,26962560723
"Eskimo_Aleut";"c1";0,931322668268001;55,7027313266444;46,3170163170163;46,3605695189171;40,3497829433531
"Eskimo_Aleut";"c1";0,965547839131263;52,2119047619048;45,8352758352758;45,8648657606894;37,6257685117142
"Eskimo_Aleut";"c1";0,963842521191688;50,6446192108624;45,7420357420357;45,7647855493157;39,7725992934532
"Eskimo_Aleut";"c1";0,988861736804717;63,1383145363409;48,1740481740482;48,2434879251493;30,8350012792401
"Eskimo_Aleut";"c1";0,977822176630713;59,3743842364532;47,3970473970474;47,4526266863254;35,3360270287049
"Eskimo_Aleut";"c1";0,985550660919405;49,7642512077295;45,8818958818959;45,8999114518533;40,5490457666302
"Eskimo_Aleut";"c1";0,84582118948169;49,8085491506544;46,0761460761461;46,0934658119907;37,7309037178615
"Eskimo_Aleut";"c1";0,922576137848591;55,4110704110704;45,2059052059052;45,2532609609176;38,8331698377457
"Eskimo_Aleut";"c1";0,860123930127932;55,7190957190957;45,6798756798757;45,7264613877143;39,5162507620745
"Eskimo_Aleut";"c1";0,907061846860428;53,133908045977;45,1748251748252;45,2117582739953;45,9348445230943
"Eskimo_Aleut";"c1";0,92955622794872;52,2969696969697;46,6666666666667;46,692793362863;38,0209722945027
"Eskimo_Aleut";"c1";0,701668719319477;55,2929292929293;44,5454545454545;44,5953268180646;40,6722550121272
"Eskimo_Aleut";"c1";0,958991888518864;62,0486111111111;47,0862470862471;47,1556780097963;31,353022936992
"Eskimo_Aleut";"c1";0,989661766139561;55,4510320597277;46,1305361305361;46,1737866916925;41,9312117880722
"Eskimo_Aleut";"c1";0,988928279207451;54,7705882352941;47,8787878787879;47,910768390883;33,4533878899396
"Eskimo_Aleut";"c1";0,113981137682441;46,7031339031339;44,9417249417249;44,9498985331932;46,7223044276487
"Eskimo_Aleut";"c1";0,90132106115733;54,2580832960143;45,011655011655;45,0545618714432;42,6366938985826
"Eskimo_Aleut";"c1";0,867899435772006;54,3773818773819;45,7342657342657;45,7743730017512;41,014552151669
"Eskimo_Aleut";"c1";0,955527056118838;56,9150651946754;45,9129759129759;45,9640296915453;39,8052418491106
"Eskimo_Aleut";"c1";0,974972648951546;58,7727272727273;47,3348873348873;47,3879631582648;35,9002806940026
"Eskimo_Aleut";"c1";0,967079034934071;48,8333333333333;46,8764568764569;46,8855375096674;36,0233641387656
"Eskimo_Aleut";"c1";0,878639715159529;52,2321678321678;46,021756021756;46,0505746380456;39,0777375633529
"Eskimo_Aleut";"c1";0,883392062202781;48,9607196401799;44,965034965035;44,9835764252445;40,6132824831106
"Eskimo_Aleut";"c1";0,949996710543401;55,270082815735;45,7808857808858;45,8249191777992;41,4237685094116
"Eskimo_Aleut";"c1";0,832742955372543;57,0866995073892;45,6254856254856;45,6786699126406;38,0952119848068
"Eskimo_Aleut";"c1";0,893079255682378;55,9364548494983;46,045066045066;46,0909657610959;38,5673376976544
"Eskimo_Aleut";"c1";0,937914290631191;45,6168831168831;46,2548562548563;46,2518958226615;39,7310067581642
"Eskimo_Aleut";"c1";0,957248065752387;58,8983812187474;46,8142968142968;46,8703714519045;34,870141352383
"Eskimo_Aleut";"c1";0,798059679294991;48,2775919732441;45,4545454545455;45,4676454383909;43,1464685080286
"Eskimo_Aleut";"c1";0,983255389967383;56,1407407407407;45,7031857031857;45,7516198332904;40,5154276494549
"Eskimo_Aleut";"c1";0,958679236660061;47,8240802675585;45,1825951825952;45,1948526539871;42,4349499545672
"Eskimo_Aleut";"c1";0,981275664764464;50,8108672936259;45,6954156954157;45,7191532898389;39,7999410019725
"Eskimo_Aleut";"c1";0,978796652490491;58,3482434373776;46,5578865578866;46,612598190738;35,9118602202528
"Eskimo_Aleut";"c1";0,984094050272669;58,7992361640817;46,8220668220668;46,8776453340947;35,7277700180418
"Eskimo_Aleut";"c1";0,958838266629051;52,6969696969697;46,5034965034965;46,5322365183154;37,977912693014
"Eskimo_Aleut";"c1";0,922858663330761;48,7837162837163;45,4933954933955;45,5086638033274;42,8301217656793
"Eskimo_Aleut";"c1";0,980194702063296;53,9839009066895;45,9129759129759;45,9504280011138;43,4221469545608
"Eskimo_Aleut";"c1";0,99043781086481;56,0002927829015;45,9440559440559;45,990720616162;39,068703269896
"Eskimo_Aleut";"c1";0,951511261889445;51,3203463203463;46,029526029526;46,0540773997851;38,1912502319093
"Eskimo_Aleut";"c1";0,877179618530073;54,2262875055978;45,2680652680653;45,3096347448055;43,3780511428954
"Eskimo_Aleut";"c1";0,956529479427291;60,4296650717703;47,7622377622378;47,8210193274792;33,7742504154298
"Eskimo_Aleut";"c1";0,970674104466097;49,591987631915;46,1383061383061;46,1543325025456;40,4215333705997
"Eskimo_Aleut";"c1";0,904855044646303;57,6487179487179;45,9285159285159;45,9829020167767;36,725253658709
"Eskimo_Aleut";"c1";0,937174664582695;52,7126436781609;45,7109557109557;45,7434461423581;39,8518842206031
"Eskimo_Aleut";"c1";0,952982708180514;55,8440521802591;45,967365967366;46,013197457913;40,4395981013421
"Eskimo_Aleut";"c1";0,750389741865964;49,5130434782609;45,4856254856255;45,5043142002085;42,5821999968319
"Eskimo_Aleut";"c1";0,98454119535229;58,1166666666667;46,5578865578866;46,6115235885538;36,3118564458964
"Eskimo_Aleut";"c1";0,977034898168058;56,97668997669;47,8243978243978;47,8668678575871;30,7624812916966
"Eskimo_Aleut";"c1";0,990090349087881;55,2253968253968;45,9440559440559;45,9871248112547;41,5663048405815
"Eskimo_Aleut";"c1";0,893564356435644;56,0993788819876;45,8275058275058;45,875171131703;40,1681910156435
"Eskimo_Aleut";"c1";0,937476529780658;55,3506746626687;45,8818958818959;45,9258345305306;40,0970374821516
"Eskimo_Aleut";"c1";0,928967526194972;56,3721493560203;46,0683760683761;46,1161894014974;38,6730186237997
"Eskimo_Aleut";"c1";0,933037152475771;55,2475908510391;45,5089355089355;45,554126485001;41,8311739094318
"Eskimo_Aleut";"c1";0,941420247096055;49,9597423510467;45,7575757575758;45,7770753705385;42,0429864851015
"Eskimo_Aleut";"c1";0,992931811008091;53,5144781144781;47,6379176379176;47,6651870600827;36,5684211630908
"Eskimo_Aleut";"c1";0,976375596465584;58,2655677655678;46,7599067599068;46,8132972982161;35,1834181374573
"Eskimo_Aleut";"c1";0,802268492218507;55,7418719211823;45,3768453768454;45,4249429478168;39,9848151125476
"Eskimo_Aleut";"c1";0,993425468164076;55,4211822660099;48,041958041958;48,0762003817448;34,44732566685
"Eskimo_Aleut";"c1";0,997896728944423;58,0352437417655;47,047397047397;47,0983847350739;36,4901081753943
"Eskimo_Aleut";"c1";0,989548621388758;56,1505901505902;46,4568764568765;46,5018588870097;38,7438835916798
"Eskimo_Aleut";"c1";0,492031149372133;47,245584045584;44,7863247863248;44,7977366622378;43,8377974952086
"Eskimo_Aleut";"c1";0,922792176331562;57,4373626373626;46,3947163947164;46,4459583726405;36,912710589533
"Eskimo_Aleut";"c1";0,577712009607535;53,4084438549956;45,4312354312354;45,4682526396984;43,9987501297018
"Eskimo_Aleut";"c1";0,957849153406308;54,2574563367667;44,957264957265;45,0004212977731;42,6248611599325
"Eskimo_Aleut";"c1";0,984285148466496;57,8583112290009;46,7832167832168;46,8346093328492;36,0345972271874
"Eskimo_Aleut";"c1";0,989778596008898;61,3135944700461;47,5990675990676;47,6627080949886;33,029504045057
"Eskimo_Aleut";"c1";0,722467406992117;46,5441595441595;44,5920745920746;44,6011329909242;49,2079510761845
"Eskimo_Aleut";"c1";0,950534741619542;55,3059440559441;45,998445998446;46,0416362446525;41,2834988378548
"Eskimo_Aleut";"c1";0,960053419910956;57,7072124756335;46,7210567210567;46,7720365621452;36,6527836699867
"Eskimo_Aleut";"c1";0,9921875;57,6784879449676;46,9386169386169;46,9884539270455;37,2443317773063
"Eskimo_Aleut";"c1";0,910126010009492;56,3986954935231;45,7420357420357;45,7914865993512;39,1460524136884
"Eskimo_Aleut";"c1";0,955005657023012;50,303657694962;45,3146853146853;45,3378359985845;41,5670686716433
"Eskimo_Aleut";"c1";0,992146897300003;58,9813778175847;47,9176379176379;47,9689777779625;35,6201633994147
"Eskimo_Aleut";"c1";0,895876315663956;49,7751124437781;45,8119658119658;45,8303562835751;42,0752864110298
"Eskimo_Aleut";"c1";0,964279798509287;56,352708694814;46,0528360528361;46,1006312855134;38,8253178852771
"Eskimo_Aleut";"c1";0,923404651645745;48,9049919484702;45,3613053613054;45,3777493825915;42,303008075999
"Eskimo_Aleut";"c1";0,938788592141026;50,3666666666667;45,5555555555556;45,5778808971384;43,4104979993256
"Eskimo_Aleut";"c1";0,940733813090953;53,1481481481481;45,4234654234654;45,4593108189396;35,0184270275441
"Eskimo_Aleut";"c1";0,967375917904152;58,4154351395731;46,7909867909868;46,8449285466647;36,2591035634724
"Eskimo_Aleut";"c1";0,977514155119936;54,026936026936;47,3659673659674;47,3968767333036;34,0713440728729
"Eskimo_Aleut";"c1";0,863448950463364;49,3119038771213;45,3768453768454;45,3951055090972;42,8450770850891
"Eskimo_Aleut";"c1";0,994832314902317;56,1623979735435;48,8422688422688;48,8762369588873;33,2058387108666
"Eskimo_Aleut";"c1";0,979107934464706;56,7237770410982;46,4568764568765;46,5045186869657;39,9684922366569
"Eskimo_Aleut";"c1";0,96189650055802;54,5061800268697;45,4700854700855;45,5120163032956;42,0403292234989
"Eskimo_Aleut";"c1";0,989917594891759;52,7688311688312;47,1639471639472;47,1899559064292;36,7912201545673
"Eskimo_Aleut";"c1";0,922595007851124;50,3479853479853;45,9207459207459;45,9412899552111;41,140268347388
"Eskimo_Aleut";"c1";0,713392298408506;42,0296296296296;45,3535353535353;45,3381111970439;44,8624326238981
"Eskimo_Aleut";"c1";0,947570761004946;47,1596680292332;45,1282051282051;45,1376318702053;44,9984500012501
"Eskimo_Aleut";"c1";0,789126918176055;54,2864490831507;45,5555555555556;45,5960701426906;41,7246874303015
"Eskimo_Aleut";"c1";0,955671755231665;53,8854455888939;45,4623154623155;45,5014019130188;44,0748769961778
"Eskimo_Aleut";"c1";0,890383031658072;57,4476357780706;46,6511266511267;46,7012264614605;37,3004509047111
"Eskimo_Aleut";"c1";0,857634939620149;54,5733432429085;45,1903651903652;45,2339056917691;41,3641768348304
"Eskimo_Aleut";"c1";0,887134436226862;58,6533987297994;46,3558663558664;46,4129314712906;35,3136263719382
"Eskimo_Aleut";"c1";0,977262628359043;50,6318681318681;45,7886557886558;45,8111300918725;41,0654602313992
"Eskimo_Aleut";"c1";0,948470963165847;51,5542328042328;45,7964257964258;45,823144158411;37,2310158462431
"Eskimo_Aleut";"c1";0,95572597803024;56,9386921474036;45,9285159285159;45,979607233476;37,5780557214072
"Eskimo_Aleut";"c1";0,869765708817314;51,0569934973862;46,4491064491064;46,470488755595;37,8755883564398
"Eskimo_Aleut";"c1";0,952786789295157;47,4018633540373;45,1748251748252;45,1851594587194;44,9982261714533
"Eskimo_Aleut";"c1";0,965518145180649;51,2163561076605;46,3714063714064;46,3938887367718;39,1438760750028
"Eskimo_Aleut";"c1";0,94558233761047;55,3902097902098;45,2059052059052;45,2531641598927;40,6742992533035
"Eskimo_Aleut";"c1";0,995338006475721;56,3620689655172;46,1616161616162;46,2089500493373;39,4196996999198
"Eskimo_Aleut";"c1";0,991118978734943;60,4129567459738;47,9020979020979;47,9601529315358;33,6819483612861
"Eskimo_Aleut";"c1";0,961024984880415;54,5340310613924;46,006216006216;46,0457882338502;43,3342579300519
"Eskimo_Aleut";"c1";0,959729565496455;59,162656641604;47,5369075369075;47,5908553285767;33,9292396378998
"Eskimo_Aleut";"c1";0,967276256049802;54,7387478421961;46,0994560994561;46,1395456203041;42,3732345969232
"Eskimo_Aleut";"c1";0,940778949968752;48,110989010989;45,4623154623155;45,4746062908476;47,2738085823567
"Eskimo_Aleut";"c1";0,917517130301483;52,231884057971;45,2369852369852;45,2694441642288;37,9638419342838
"Eskimo_Aleut";"c1";0,901948875138035;51,8253968253968;45,990675990676;46,0177512613707;39,2613615485941
"Eskimo_Aleut";"c1";0,909901343008357;56,9074074074074;45,2836052836053;45,3375440405603;38,0709795887363
"Eskimo_Aleut";"c1";0,977196400826668;57,5258393530507;46,3947163947164;46,4463689374465;36,8231445952876
"Eskimo_Aleut";"c1";0,959045986504721;56,29855202269;45,8585858585859;45,9070311772128;39,6897401263804
"Eskimo_Aleut";"curveball";0,988372118368385;45,3690753690754;47,1380471380471;45,3772840547783;38,5690530705536
"Eskimo_Aleut";"curveball";0,988372118368385;46,2781662781663;47,1380471380471;46,2821564445694;38,8835568574918
"Eskimo_Aleut";"curveball";0,988372118368385;46,1693861693862;47,1380471380471;46,1738811158765;39,1484380380021
"Eskimo_Aleut";"curveball";0,989016435367214;46,5734265734266;46,026936026936;46,5708906544173;37,8235292455996
"Eskimo_Aleut";"curveball";0,989005790461426;46,6666666666667;46,3973063973064;46,6654167350223;37,4234706326146
"Eskimo_Aleut";"curveball";0,988790642765954;46,8919968919969;46,3131313131313;46,8893107408189;37,6985371511205
"Eskimo_Aleut";"curveball";0,988790642765954;46,5656565656566;46,3131313131313;46,56448475474;37,4371651205174
"Eskimo_Aleut";"curveball";0,988790642765954;46,5656565656566;46,3131313131313;46,56448475474;37,3973093235898
"Eskimo_Aleut";"curveball";0,988790642765954;46,8764568764569;46,3131313131313;46,8738428367199;37,446697516011
"Eskimo_Aleut";"curveball";0,989541811480821;46,8919968919969;46,9360269360269;46,8922012077465;37,3630990470494
"Eskimo_Aleut";"curveball";0,987238616015073;45,8585858585859;46,5656565656566;45,8618669291523;37,914933488637
"Eskimo_Aleut";"curveball";0,987734625804094;45,7342657342657;46,1952861952862;45,7364050403494;38,1094697882021
"Eskimo_Aleut";"curveball";0,987734625804094;45,4079254079254;46,1952861952862;45,4115790542705;37,8196754913381
"Eskimo_Aleut";"curveball";0,988539518285981;45,3379953379953;45,9090909090909;45,3406454334529;37,7077228390606
"Eskimo_Aleut";"curveball";0,98823138396291;45,2758352758353;45,8249158249158;45,278383213418;37,9114810323927
"Eskimo_Aleut";"curveball";0,989601696353923;45,5866355866356;46,3973063973064;45,5903974001422;37,8977969315914
"Eskimo_Aleut";"curveball";0,989330820795226;45,7964257964258;45,9427609427609;45,7971048458287;37,7428656215779
"Eskimo_Aleut";"curveball";0,989296040669301;46,6822066822067;47,3905723905724;46,6854937620599;37,8278922972422
"Eskimo_Aleut";"curveball";0,989830647662891;46,7055167055167;48,3838383838384;46,713304741147;37,5355249387293
"Eskimo_Aleut";"curveball";0,990412074746594;46,5501165501165;47,2727272727273;46,553469732124;37,0802604496264
"Eskimo_Aleut";"curveball";0,991731576071125;46,7365967365967;47,6430976430976;46,740803237323;37,1253723552929
"Eskimo_Aleut";"curveball";0,991311490673186;46,6588966588967;47,2727272727273;46,661745060817;37,0793545039126
"Eskimo_Aleut";"curveball";0,991938319084243;46,8609168609169;47,3905723905724;46,8633746591983;37,3120838285712
"Eskimo_Aleut";"curveball";0,991188087326475;46,7210567210567;46,9360269360269;46,7220542626575;36,8267332600836
"Eskimo_Aleut";"curveball";0,990713241479042;46,4257964257964;46,8518518518518;46,4277734811377;37,0424149674694
"Eskimo_Aleut";"curveball";0,989752841029771;45,8974358974359;46,4814814814815;45,9001460857609;37,1736917241906
"Eskimo_Aleut";"curveball";0,990713241479042;46,3869463869464;46,8518518518518;46,3891037208903;37,2833959849753
"Eskimo_Aleut";"curveball";0,989748979672023;46,5734265734266;46,8518518518518;46,5747185700782;37,4988787393166
"Eskimo_Aleut";"curveball";0,989748979672023;47,047397047397;46,8518518518518;47,0464896450975;37,806214031774
"Eskimo_Aleut";"curveball";0,990496711842581;46,993006993007;47,3905723905724;46,9948518440398;37,501971212706
"Eskimo_Aleut";"curveball";0,990033288500991;46,7909867909868;47,020202020202;46,7920504347418;37,6492180495575
"Eskimo_Aleut";"curveball";0,990772818161816;46,985236985237;47,3063973063973;46,9867272883514;37,994850071374
"Eskimo_Aleut";"curveball";0,990017326723609;46,9075369075369;46,9360269360269;46,9076691118455;37,6913218003599
"Eskimo_Aleut";"curveball";0,990021100883442;46,8376068376068;47,3905723905724;46,8401728030498;37,7359221037258
"Eskimo_Aleut";"curveball";0,990021100883442;47,024087024087;47,3905723905724;47,0257876522378;37,8271799699927
"Eskimo_Aleut";"curveball";0,990017326723609;46,977466977467;46,9360269360269;46,9772746802909;37,9939942801304
"Eskimo_Aleut";"curveball";0,990034794625158;47,0551670551671;46,7676767676768;47,0538329935082;38,5483648755368
"Eskimo_Aleut";"curveball";0,98958563735471;46,985236985237;46,2289562289562;46,981727561774;39,0985512294345
"Eskimo_Aleut";"curveball";0,98958563735471;46,985236985237;46,2289562289562;46,981727561774;39,2587423706344
"Eskimo_Aleut";"curveball";0,989392340317301;46,969696969697;47,0538720538721;46,9700875733358;39,1379231482987
"Eskimo_Aleut";"curveball";0,989446825086437;47,0551670551671;46,969696969697;47,0547704422414;39,0805381825112
"Eskimo_Aleut";"curveball";0,988981914102557;47,0551670551671;47,3400673400673;47,0564890982524;39,6100322500394
"Eskimo_Aleut";"curveball";0,988981914102557;46,961926961927;47,3400673400673;46,9636816736585;39,191591746902
"Eskimo_Aleut";"curveball";0,989999715374556;46,7288267288267;47,3400673400673;46,7316631121736;39,5326914633954
"Eskimo_Aleut";"curveball";0,989999715374556;46,5034965034965;47,3400673400673;46,5073785027381;38,6721185872203
"Eskimo_Aleut";"curveball";0,989410060821982;46,8065268065268;46,5993265993266;46,8055653206465;38,5581859592723
"Eskimo_Aleut";"curveball";0,990138235626265;46,8065268065268;47,1380471380471;46,8080651839353;39,9635738878271
"Eskimo_Aleut";"curveball";0,990138235626265;46,8220668220668;47,1380471380471;46,8235330880342;38,8150849628344
"Eskimo_Aleut";"curveball";0,98942971721764;46,8298368298368;46,1447811447811;46,8266579171452;38,8090204812006
"Eskimo_Aleut";"curveball";0,989864714460442;46,5423465423465;45,4040404040404;46,5370643792918;38,8418166282364
"Eskimo_Aleut";"curveball";0,988897342878988;46,7832167832168;45,7744107744108;46,7785355488372;38,6716281233217
"Eskimo_Aleut";"curveball";0,989934192042739;46,993006993007;46,1447811447811;46,9890709101846;39,0288351298573
"Eskimo_Aleut";"curveball";0,99079958878936;47,1639471639472;47,2222222222222;47,164217581851;38,479598586188
"Eskimo_Aleut";"curveball";0,989425631861425;47,1328671328671;47,4242424242424;47,1342192223863;38,7809739913146
"Eskimo_Aleut";"curveball";0,988575003530162;46,954156954157;47,2222222222222;46,9554008765146;37,9498786274206
"Eskimo_Aleut";"curveball";0,989338577889813;46,6278166278166;47,8451178451178;46,6334653573633;37,683316500955
"Eskimo_Aleut";"curveball";0,989564641461865;46,6122766122766;47,020202020202;46,6141695376034;37,3895213996966
"Eskimo_Aleut";"curveball";0,989554534671297;46,6200466200466;46,5656565656566;46,619794230003;37,561295915731
"Eskimo_Aleut";"curveball";0,988788703833963;46,8609168609169;45,9427609427609;46,8566562766099;38,7190980100465
"Eskimo_Aleut";"curveball";0,988793595199075;46,6433566433566;45,5723905723906;46,638386963213;38,5254742165355
"Eskimo_Aleut";"curveball";0,9878691381916;45,1048951048951;45,2020202020202;45,1053458014015;39,1318221093882
"Eskimo_Aleut";"curveball";0,988632049400968;45,8041958041958;45,7407407407407;45,803901349145;38,2462808221677
"Eskimo_Aleut";"curveball";0,988632049400968;45,7109557109557;45,7407407407407;45,711093924551;38,0589839077765
"Eskimo_Aleut";"curveball";0,989537747725322;46,9230769230769;46,4814814814815;46,9210277562946;37,7027204072495
"Eskimo_Aleut";"curveball";0,988790571104409;46,977466977467;46,3973063973064;46,9747748170022;38,2811194758591
"Eskimo_Aleut";"curveball";0,989273314822756;46,969696969697;46,026936026936;46,9653222089417;37,675571729725
"Eskimo_Aleut";"curveball";0,990780572021868;47,016317016317;46,8518518518518;47,0155538368995;37,9390531120802
"Eskimo_Aleut";"curveball";0,990780572021868;47,016317016317;46,8518518518518;47,0155538368995;37,9901492860315
"Eskimo_Aleut";"curveball";0,990780572021868;46,8764568764569;46,8518518518518;46,8763427000086;37,7575043437958
"Eskimo_Aleut";"curveball";0,990447496159996;46,7599067599068;46,9360269360269;46,760724022905;37,4565122750617
"Eskimo_Aleut";"curveball";0,987736064339152;46,5967365967366;46,1952861952862;46,5948737178436;36,9801275136799
"Eskimo_Aleut";"curveball";0,987562312783903;46,9230769230769;45,8585858585859;46,918137289367;37,803739935001
"Eskimo_Aleut";"curveball";0,989847155050325;47,1328671328671;47,1380471380471;47,1328911700141;38,505999875716
"Eskimo_Aleut";"curveball";0,989847155050325;47,1095571095571;47,1380471380471;47,1096893138657;38,3357714017006
"Eskimo_Aleut";"curveball";0,989847155050325;47,1561771561772;47,1380471380471;47,1560930261626;38,2325434401236
"Eskimo_Aleut";"curveball";0,989079716642574;46,969696969697;46,6835016835017;46,9683689173248;38,2171047402233
"Eskimo_Aleut";"curveball";0,989482863686316;46,7832167832168;46,3973063973064;46,7814260157648;37,1652782661716
"Eskimo_Aleut";"curveball";0,99076201754184;46,7599067599068;47,8451178451178;46,7649425422047;36,7829683715577
"Eskimo_Aleut";"curveball";0,99076201754184;46,6511266511267;47,8451178451178;46,6566672135118;37,2550218273285
"Eskimo_Aleut";"curveball";0,990286891284955;46,9308469308469;47,3063973063973;46,9325896240049;38,0470304214261
"Eskimo_Aleut";"curveball";0,990500197584287;46,6122766122766;47,8451178451178;46,6179974532643;37,5417875555132
"Eskimo_Aleut";"curveball";0,989353164424993;46,1305361305361;47,1380471380471;46,135211355629;37,9871714548765
"Eskimo_Aleut";"curveball";0,99008923752257;46,1926961926962;47,6767676767677;46,1995828353137;37,9665977315077
"Eskimo_Aleut";"curveball";0,990990224701134;46,5345765345765;47,9292929292929;46,5410485364082;37,3455928327306
"Eskimo_Aleut";"curveball";0,991721004908078;46,4957264957265;46,6498316498317;46,49644160085;37,1762391919176
"Eskimo_Aleut";"curveball";0,990978292656191;46,5268065268065;47,020202020202;46,5290960650589;37,3291228653634
"Eskimo_Aleut";"curveball";0,990978292656191;46,5268065268065;47,020202020202;46,5290960650589;37,1269806339384
"Eskimo_Aleut";"curveball";0,98899987674256;45,6332556332556;45,9090909090909;45,6345356113338;36,7768331235312
"Eskimo_Aleut";"curveball";0,989183022650086;45,7264957264957;45,4545454545455;45,7252337762779;37,248612359613
"Eskimo_Aleut";"curveball";0,989822391891563;45,6021756021756;46,9023569023569;45,6082089260744;36,6996808890523
"Eskimo_Aleut";"curveball";0,990982798930641;46,8065268065268;47,3063973063973;46,808846391213;38,0767955916609
"Eskimo_Aleut";"curveball";0,990053987177385;46,9153069153069;47,1380471380471;46,9163405126282;38,6645927456623
"Eskimo_Aleut";"curveball";0,990096590763036;46,8919968919969;47,0538720538721;46,8927480528409;39,1104073625023
"Eskimo_Aleut";"curveball";0,989929679717552;46,8919968919969;47,4242424242424;46,8944667088519;39,2296175900165
"Eskimo_Aleut";"curveball";0,990360044113784;46,7754467754468;46,6835016835017;46,7750201160874;39,069205479036
"Eskimo_Aleut";"curveball";0,990343410215972;46,9153069153069;47,1380471380471;46,9163405126282;39,1512480835737
"Eskimo_Aleut";"curveball";0,990343410215972;46,8997668997669;47,1380471380471;46,9008726085292;38,3924132327587
"Eskimo_Aleut";"curveball";0,988790571104409;46,4646464646465;46,3973063973064;46,4643339817354;37,0405576149686
"Eskimo_Aleut";"curveball";0,98876526408232;46,5811965811966;46,026936026936;46,5786246064668;36,8642627547874
"Eskimo_Aleut";"curveball";0,98876526408232;46,6433566433566;46,026936026936;46,6404962228628;37,0797033334426
"Eskimo_Aleut";"curveball";0,990982798930641;46,6899766899767;47,3063973063973;46,6928371104705;37,567589944277
"Eskimo_Aleut";"curveball";0,99001585540693;46,3170163170163;47,3063973063973;46,3216074120947;37,0104855034558
"Eskimo_Aleut";"curveball";0,988583841095618;46,2082362082362;47,3063973063973;46,2133320834017;36,7549976481543
"Eskimo_Aleut";"curveball";0,989323561501185;46,1926961926962;47,7609427609428;46,1999734389526;36,9301267202309
"Eskimo_Aleut";"curveball";0,99164645365305;45,7731157731158;47,8114478114478;45,782574390463;36,6157549288753
"Eskimo_Aleut";"curveball";0,992037289119621;45,8430458430458;48,1818181818182;45,8538986149195;36,4764607193671
"Eskimo_Aleut";"curveball";0,990253108680964;46,0916860916861;48,2996632996633;46,1019319255978;37,061969437489
"Eskimo_Aleut";"curveball";0,989810482621451;46,2781662781663;47,6767676767677;46,2846563078582;36,8124618396077
"Eskimo_Aleut";"curveball";0,990604174424238;46,5112665112665;48,047138047138;46,5183935253541;37,7287537804727
"Eskimo_Aleut";"curveball";0,990604174424238;46,2004662004662;48,047138047138;46,2090354433742;37,8787934286944
"Eskimo_Aleut";"curveball";0,990604174424238;46,2004662004662;48,047138047138;46,2090354433742;38,1487218228777
"Eskimo_Aleut";"curveball";0,990053987177385;46,1149961149961;47,1380471380471;46,11974345153;37,497017567779
"Eskimo_Aleut";"curveball";0,990016110645891;46,3325563325563;46,026936026936;46,3311381408829;37,1937790770826
"Eskimo_Aleut";"curveball";0,990016110645891;47,047397047397;46,026936026936;47,0426617294367;38,252913029619
"Eskimo_Aleut";"curveball";0,990016110645891;47,0784770784771;46,026936026936;47,0735975376347;37,9850997362787
"Eskimo_Aleut";"curveball";0,991525792281882;47,1173271173271;46,9360269360269;47,1164858171819;38,478751967081
"Eskimo_Aleut";"curveball";0,990580509073175;47,1406371406371;47,6767676767677;47,1431249853524;38,5939309193254
"Eskimo_Aleut";"curveball";0,991074069532311;47,000777000777;47,6767676767677;47,0039138484614;38,6255596041084
"Eskimo_Aleut";"curveball";0,990982798930641;46,5345765345765;47,3063973063973;46,5381580694806;36,9416777744314
"Eskimo_Aleut";"curveball";0,98876526408232;46,045066045066;46,026936026936;46,0449819150515;36,025440366599
"Eskimo_Aleut";"curveball";0,98876526408232;46,045066045066;46,026936026936;46,0449819150515;35,5845778318002
"Eskimo_Aleut";"curveball";0,988309711261663;46,969696969697;45,8585858585859;46,964541001664;37,9152986254569
"Eskimo_Aleut";"curveball";0,990025656877538;46,961926961927;46,5656565656566;46,9600881201809;37,914290303657
"Eskimo_Aleut";"curveball";0,990025656877538;46,8764568764569;46,5656565656566;46,8750146476365;37,9133230682271
"Eskimo_Aleut";"curveball";0,990025656877538;46,9386169386169;46,5656565656566;46,9368862640324;37,9774735974413
"Eskimo_Aleut";"curveball";0,990025656877538;46,8686868686869;46,5656565656566;46,867280695587;37,6531933718932
"Eskimo_Aleut";"curveball";0,990025656877538;46,8686868686869;46,5656565656566;46,867280695587;37,6860992252888
"Eskimo_Aleut";"curveball";0,990761468116322;46,7443667443667;46,2794612794613;46,7422094104229;37,0711804536546
"Eskimo_Aleut";"curveball";0,990272268968035;46,8376068376068;46,6498316498316;46,8367354910278;37,1428712335289
"Eskimo_Aleut";"curveball";0,990796326124959;46,7365967365967;47,1885521885522;46,7386939776731;37,2419007297899
"Eskimo_Aleut";"curveball";0,989537747725322;46,7443667443667;46,4814814814815;46,7431468591561;38,1606097476751
"Eskimo_Aleut";"curveball";0,991052812567424;46,8298368298368;47,3063973063973;46,8320482473615;38,6254496270851
"Eskimo_Aleut";"curveball";0,989772831176145;46,7132867132867;45,976430976431;46,709867429125;39,6394728494825
"Eskimo_Aleut";"curveball";0,991342576092294;46,7832167832168;47,1380471380471;46,7848633277868;37,9966035835606
"Eskimo_Aleut";"curveball";0,991342576092294;46,4257964257964;47,1380471380471;46,4291015335099;37,4862767989927
"Eskimo_Aleut";"curveball";0,99180868444615;46,4257964257964;46,7676767676768;46,4273828774989;37,5022793496871
"Eskimo_Aleut";"curveball";0,990998307359118;46,1926961926962;46,3973063973064;46,193645660003;36,3753714307533
"Eskimo_Aleut";"curveball";0,990509048895511;46,0761460761461;46,3973063973064;46,0776363792605;36,4336889617551
"Eskimo_Aleut";"curveball";0,990229898644707;46,1693861693862;46,8518518518518;46,1725530635043;36,9019226301039
"Eskimo_Aleut";"curveball";0,989751912858515;46,4024864024864;47,2222222222222;46,4062902810003;37,0100758900502
"Eskimo_Aleut";"curveball";0,989270522323886;46,4180264180264;46,8518518518518;46,4200395290882;37,0046368246087
"Eskimo_Aleut";"curveball";0,988589318908005;46,1849261849262;46,6835016835017;46,1872397603256;37,3987776682264
"Eskimo_Aleut";"curveball";0,989057044258937;46,045066045066;45,9427609427609;46,0445913114127;37,3262830068596
"Eskimo_Aleut";"curveball";0,988094968640632;45,7187257187257;46,3131313131313;45,7214839813448;37,2259040598968
"Eskimo_Aleut";"curveball";0,988299111534532;45,8585858585859;46,026936026936;45,8593670658636;37,4138152540217
"Eskimo_Aleut";"curveball";0,988299111534532;45,8585858585859;46,026936026936;45,8593670658636;37,2112543947819
"Eskimo_Aleut";"curveball";0,988839551876588;46,1693861693862;45,7407407407407;46,1673970954713;36,5796990615966
"Eskimo_Aleut";"curveball";0,988789413570394;46,2703962703963;45,6565656565657;46,2675478684759;36,8273476550345
"Eskimo_Aleut";"curveball";0,989688645337808;46,2703962703963;46,3636363636364;46,2708289390424;36,6512481498179
"Eskimo_Aleut";"curveball";0,989557145046577;46,4568764568765;47,4747474747475;46,4615997562633;36,6590608947994
"Eskimo_Aleut";"curveball";0,989557145046577;46,4801864801865;47,4747474747475;46,4848016124118;36,942218595536
"Eskimo_Aleut";"curveball";0,989616912794888;46,2160062160062;47,5589225589226;46,2222378463678;37,1334075316614
"Eskimo_Aleut";"curveball";0,989616912794888;46,1538461538462;47,5589225589226;46,1603662299718;37,2938084103819
"Eskimo_Aleut";"curveball";0,989366198561046;46,2703962703963;47,1043771043771;46,2742662510644;37,2428853306778
"Eskimo_Aleut";"curveball";0,989576942872228;46,4491064491064;47,4747474747475;46,4538658042138;37,7993999486619
"Eskimo_Aleut";"curveball";0,989794327782772;46,4491064491064;46,1952861952862;46,4479286289031;37,559652937349
"Eskimo_Aleut";"curveball";0,99030059859142;46,1693861693862;46,2794612794613;46,1698969587601;36,5207769104251
"Eskimo_Aleut";"curveball";0,989815951870224;46,045066045066;47,020202020202;46,0495910379901;36,8501909518356
"Eskimo_Aleut";"curveball";0,98934131875769;46,0761460761461;46,6498316498317;46,0788081901771;37,3551989490029
"Eskimo_Aleut";"curveball";0,98934131875769;45,8352758352758;46,6498316498316;45,8390556766427;36,6285462683336
"Eskimo_Aleut";"curveball";0,990003434627949;46,2004662004662;47,020202020202;46,2042700789801;36,7456032192503
"Eskimo_Aleut";"curveball";0,990290351806338;46,1693861693862;48,3838383838384;46,1796620497317;37,1004515498591
"Eskimo_Aleut";"curveball";0,990290351806338;46,1383061383061;48,3838383838384;46,1487262415337;37,1555548912954
"Eskimo_Aleut";"curveball";0,990750022643414;46,4180264180264;47,1043771043771;46,4212113400048;37,4301398289096
"Eskimo_Aleut";"curveball";0,989270522323886;46,3947163947164;46,8518518518518;46,3968376729398;37,9138617756585
"Eskimo_Aleut";"curveball";0,989270522323886;46,4413364413364;46,8518518518518;46,4432413852367;37,7073325938476
"Eskimo_Aleut";"curveball";0,989270522323886;46,4413364413364;46,8518518518518;46,4432413852367;37,8621192002844
"Eskimo_Aleut";"curveball";0,990275060611478;46,2937062937063;47,9292929292929;46,3012960228737;36,8657060053576
"Eskimo_Aleut";"curveball";0,990275060611478;46,7521367521367;47,9292929292929;46,7575991937941;37,3910267554829
"Eskimo_Aleut";"curveball";0,98975796175122;46,7987567987568;46,9360269360269;46,7993937831525;37,135070497747
"Eskimo_Aleut";"curveball";0,991241481746982;47,0862470862471;47,8451178451178;47,0897685282836;37,9501072811468
"Eskimo_Aleut";"curveball";0,991241481746982;46,7443667443667;47,8451178451178;46,7494746381057;37,1631675462942
"Eskimo_Aleut";"curveball";0,991720238277661;46,7443667443667;47,4747474747475;46,7477559820947;36,8237310151267
"Eskimo_Aleut";"curveball";0,99194493965964;46,7676767676768;47,5589225589226;46,7713484418821;36,8509949280872
"Eskimo_Aleut";"curveball";0,990984424467759;46,7521367521367;48,7542087542088;46,7614271094549;37,0985227661422
"Eskimo_Aleut";"curveball";0,990253108680964;46,5656565656566;48,2996632996633;46,5737030006172;37,0639329878304
"Eskimo_Aleut";"curveball";0,989887704602317;46,3403263403263;47,1885521885522;46,3442624231487;37,0535765660052
"Eskimo_Aleut";"curveball";0,991280566340098;47,008547008547;47,6767676767677;47,0116478005109;38,3754249701827
"Eskimo_Aleut";"curveball";0,992648076347936;46,045066045066;48,4680134680135;46,0563094205786;36,5277758721161
"Eskimo_Aleut";"curveball";0,989629590119215;46,1849261849262;47,3569023569024;46,1903645894365;36,518432168816
"Eskimo_Aleut";"curveball";0,989389443020049;46,1616161616162;46,9023569023569;46,1650534736382;36,4954495218449
"Eskimo_Aleut";"curveball";0,989389443020049;46,1460761460761;46,9023569023569;46,1495855695392;36,7971591358427
"Eskimo_Aleut";"curveball";0,989589752093055;46,1460761460761;46,9023569023569;46,1495855695392;36,926998193553
"Eskimo_Aleut";"curveball";0,988841800578457;46,2004662004662;46,8181818181818;46,2033326302468;36,8597655013194
"Eskimo_Aleut";"curveball";0,98805588939481;46,2004662004662;46,2794612794613;46,2008327669581;36,9449507937136
"Eskimo_Aleut";"curveball";0,98805588939481;46,3869463869464;46,2794612794613;46,386447616146;37,0331724593097
"Eskimo_Aleut";"curveball";0,990201111139977;46,4646464646465;47,3905723905724;46,468943104674;36,8502893697605
"Eskimo_Aleut";"curveball";0,989965006138948;46,5112665112665;47,3063973063973;46,5149562133321;37,4205843816354
"Eskimo_Aleut";"curveball";0,989965006138948;46,6122766122766;47,3063973063973;46,6154975899755;37,4235411399205
"Eskimo_Aleut";"curveball";0,990708473967502;46,6433566433566;47,7609427609428;46,6485426578234;37,67320388322
"Eskimo_Aleut";"curveball";0,990708473967502;46,3325563325563;47,7609427609428;46,3391845758435;37,0729538585792
"Eskimo_Aleut";"curveball";0,990708473967502;46,2703962703963;47,7609427609428;46,2773129594475;36,8455417000748
"Eskimo_Aleut";"curveball";0,991193488538875;46,3170163170163;47,020202020202;46,3202793597225;36,3980927576612
"Eskimo_Aleut";"curveball";0,9908680205422;47,039627039627;47,6767676767677;47,0425836087089;39,0764166040835
"Eskimo_Aleut";"curveball";0,990498125590773;46,3325563325563;47,3063973063973;46,3370753161936;36,9245391074451
"Eskimo_Aleut";"curveball";0,990498125590773;46,1926961926962;47,3063973063973;46,1978641793027;36,9002326875616
"Eskimo_Aleut";"curveball";0,991487512147199;46,1926961926962;47,6767676767677;46,1995828353137;37,3664856860931
"Eskimo_Aleut";"curveball";0,991487512147199;46,1616161616162;47,6767676767677;46,1686470271157;37,5246109049363
"Eskimo_Aleut";"curveball";0,992221553175918;46,1616161616162;48,2154882154882;46,1711468904044;37,5512466505609
"Eskimo_Aleut";"curveball";0,992221553175918;46,1616161616162;48,2154882154882;46,1711468904044;37,8950208276842
"Eskimo_Aleut";"curveball";0,991527743064001;46,1149961149961;47,5925925925926;46,1218527111799;38,3765148031113
"Eskimo_Aleut";"curveball";0,990026948399913;46,8065268065268;47,2222222222222;46,8084557875741;37,7762116746682
"Eskimo_Aleut";"curveball";0,989369408647483;46,5423465423465;47,1043771043771;46,5449545727968;37,6970737590183
"Eskimo_Aleut";"curveball";0,990729418515788;46,6666666666667;47,4747474747475;46,6704164615998;37,7017106542797
"Eskimo_Aleut";"curveball";0,989485495126182;46,8531468531469;46,8518518518518;46,8531408438601;37,8173793037048
"Eskimo_Aleut";"curveball";0,988799305426209;47,047397047397;46,6835016835017;47,0457084378198;38,2760972923137
"Eskimo_Aleut";"curveball";0,988042832053281;46,961926961927;46,3131313131313;46,9589163092643;38,0621678556686
"Eskimo_Aleut";"curveball";0,988042832053281;46,1305361305361;46,3131313131313;46,1313834399681;37,2737650226392
"Eskimo_Aleut";"curveball";0,988525892022362;46,4102564102564;45,9427609427609;46,408087057739;37,4796702983838
"Eskimo_Aleut";"curveball";0,988525892022362;46,8065268065268;45,9427609427609;46,8025186122634;37,4264999259685
"Eskimo_Aleut";"curveball";0,989783793746931;46,8764568764569;47,020202020202;46,8771239072863;37,3364166898366
"Eskimo_Aleut";"curveball";0,989783793746931;46,6899766899767;47,020202020202;46,6915090580984;37,6218875648686
"Eskimo_Aleut";"curveball";0,989748979672023;46,961926961927;46,8518518518518;46,9614161725531;37,9379326864606
"Eskimo_Aleut";"curveball";0,989974591384379;46,8220668220668;46,9360269360269;46,822595639301;37,3885664879703
"Eskimo_Aleut";"curveball";0,989974591384379;46,7832167832168;46,9360269360269;46,7839258790535;36,9628226692117
"Eskimo_Aleut";"curveball";0,990764551311711;46,7676767676768;47,5589225589226;46,7713484418821;36,9070232059842
"Eskimo_Aleut";"curveball";0,992161540334695;46,6666666666667;47,5589225589226;46,6708070652386;37,2552029256783
"Eskimo_Aleut";"curveball";0,989967232209634;46,7754467754468;46,7676767676768;46,7754107197263;37,3619180246097
"Eskimo_Aleut";"curveball";0,989962660570845;46,6122766122766;46,8518518518518;46,6133883303257;37,1333576583075
"Eskimo_Aleut";"curveball";0,989561220919858;46,8376068376068;47,1380471380471;46,8390009921332;37,8905343258279
"Eskimo_Aleut";"curveball";0,989834696732947;46,8142968142968;47,5925925925926;46,8179083956346;38,2012588162138
"Eskimo_Aleut";"curveball";0,98905867478627;46,5268065268065;47,3063973063973;46,5304241174311;37,6140762067456
"Eskimo_Aleut";"curveball";0,989055486828169;46,5190365190365;46,3973063973064;46,5184716460819;38,0650315481213
"Eskimo_Aleut";"curveball";0,989055486828169;46,7443667443667;46,3973063973064;46,7427562555173;38,0017695422283
"Eskimo_Aleut";"curveball";0,989323027758029;46,3947163947164;46,8518518518518;46,3968376729398;37,7989834380427
"Eskimo_Aleut";"curveball";0,989323027758029;46,3947163947164;46,8518518518518;46,3968376729398;37,6511487209981
"Eskimo_Aleut";"curveball";0,988589453146132;46,021756021756;46,4814814814815;46,0238893185529;37,5254636763396
"Eskimo_Aleut";"curveball";0,988104032195278;46,5578865578866;46,8518518518518;46,5592506659792;37,7138370703164
"Eskimo_Aleut";"curveball";0,988104032195278;46,4413364413364;46,8518518518518;46,4432413852367;37,3897977914002
"Eskimo_Aleut";"curveball";0,989056024203288;46,6355866355866;46,8518518518518;46,6365901864742;37,313149615488
"Eskimo_Aleut";"curveball";0,989286297865678;46,7754467754468;46,9360269360269;46,776191927004;37,1338061169529
"Eskimo_Aleut";"curveball";0,990788224923574;47,1173271173271;47,6767676767677;47,1199231292039;38,4676765594659
"Eskimo_Aleut";"curveball";0,990525809667186;47,1173271173271;46,7676767676768;47,1157046099041;38,2263309192701
"Eskimo_Aleut";"curveball";0,990243879846473;47,000777000777;46,7676767676768;46,9996953291617;38,4735350018569
"Eskimo_Aleut";"curveball";0,990733661746063;47,000777000777;46,7676767676768;46,9996953291617;38,5666055041353
"Eskimo_Aleut";"curveball";0,991457861679715;46,8919968919969;48,2154882154882;46,8981383830572;37,6463547035566
"Eskimo_Aleut";"curveball";0,991193239359974;46,8919968919969;47,3063973063973;46,8939198637575;37,5991283342795
"Eskimo_Aleut";"curveball";0,991188126242948;46,8919968919969;47,3905723905724;46,8943104673963;37,1759486069872
"Eskimo_Aleut";"curveball";0,990982798930641;46,6899766899767;47,3063973063973;46,6928371104705;38,164728073269
"Eskimo_Aleut";"curveball";0,990982798930641;46,1305361305361;47,3063973063973;46,1359925629067;37,3086621606927
"Eskimo_Aleut";"curveball";0,990982798930641;46,1305361305361;47,3063973063973;46,1359925629067;37,3365909553586
"Eskimo_Aleut";"curveball";0,990982798930641;46,1305361305361;47,3063973063973;46,1359925629067;37,3731959414878
"Eskimo_Aleut";"curveball";0,991006761288648;46,2703962703963;47,2222222222222;46,2748130961588;38,0602289424858
"Eskimo_Aleut";"curveball";0,99082502575509;46,3247863247863;47,5925925925926;46,3306694165163;38,4329497904616
"Eskimo_Aleut";"curveball";0,989806490746371;45,8119658119658;46,8518518518518;45,8167912692275;37,7147127067364
"Eskimo_Aleut";"curveball";0,989802953226698;45,7420357420357;46,9360269360269;45,7475763044209;37,5255025497047
"Eskimo_Aleut";"curveball";0,989806490746371;45,7109557109557;46,8518518518518;45,716249892584;37,7452889138878
"Eskimo_Aleut";"curveball";0,988846408781595;45,2214452214452;46,4814814814815;45,2272922574547;38,237970179353
"Eskimo_Aleut";"curveball";0,987887399748171;45,5244755244755;46,8518518518518;45,5306350433961;37,8733092769325
"Eskimo_Aleut";"curveball";0,987887399748171;45,7575757575758;46,8518518518518;45,762653604881;37,596430076441
"Eskimo_Aleut";"curveball";0,988130631240591;45,5944055944056;46,9360269360269;45,6006312154804;37,2255533304191
"Eskimo_Aleut";"curveball";0,98901109696952;44,9494949494949;47,6430976430976;44,9619942659386;37,2493046416206
"Eskimo_Aleut";"curveball";0,988316456653955;45,3768453768454;47,1885521885522;45,3852523690111;37,6545258552179
"Eskimo_Aleut";"curveball";0,987321054457622;45,3613053613054;46,6498316498317;45,3672846016233;36,7972779722008
"Eskimo_Aleut";"curveball";0,98871253207687;46,2937062937063;46,2794612794613;46,293640191552;36,3792478866522
"Eskimo_Aleut";"curveball";0,990033288500991;46,9463869463869;47,020202020202;46,9467294757318;37,4514107790455
"Eskimo_Aleut";"curveball";0,990033288500991;46,9230769230769;47,020202020202;46,9235276195833;37,5560077286638
"Eskimo_Aleut";"curveball";0,989278728936654;46,9308469308469;46,4814814814815;46,9287617083441;37,8877519930098
"Eskimo_Aleut";"curveball";0,989278728936654;46,8142968142968;46,4814814814815;46,8127524276016;37,8418589895901
"Eskimo_Aleut";"curveball";0,989275634976748;46,9153069153069;46,3131313131313;46,9125125969673;38,2758371068873
"Eskimo_Aleut";"curveball";0,989275634976748;46,9308469308469;46,3131313131313;46,9279805010664;37,5340896345715
"Eskimo_Aleut";"curveball";0,989353164424993;46,4957264957265;47,1380471380471;46,4987071019554;38,0318002064537
"Eskimo_Aleut";"curveball";0,989329670904903;46,4024864024864;47,2222222222222;46,4062902810003;37,6931730308213
"Eskimo_Aleut";"curveball";0,99023512212142;46,5811965811966;47,4242424242424;46,585108626872;38,9715558491511
"Eskimo_Aleut";"curveball";0,99072454797081;46,8764568764569;47,2222222222222;46,8780613560196;38,5481359568259
"Eskimo_Aleut";"curveball";0,989974591384379;46,3869463869464;46,9360269360269;46,3894943245291;37,3726689353792
"Eskimo_Aleut";"curveball";0,990459639230168;46,3869463869464;46,5656565656566;46,3877756685181;37,1635693155412
"Eskimo_Aleut";"curveball";0,990459639230168;45,4700854700855;46,5656565656566;45,4751693266774;36,73734128049
"Eskimo_Aleut";"curveball";0,990015832441604;45,4001554001554;47,7609427609428;45,4111103299038;37,5198493218402
"Eskimo_Aleut";"curveball";0,988606418671653;45,5788655788656;47,0538720538721;45,5857101564758;37,63942749754
"Eskimo_Aleut";"curveball";0,989916865161603;45,3535353535353;47,5925925925926;45,3639254103291;39,1083474136417
"Eskimo_Aleut";"curveball";0,989891859410881;45,7731157731158;47,2222222222222;45,779840164991;38,3442517286432
"Eskimo_Aleut";"curveball";0,99033831915056;45,3535353535353;46,1111111111111;45,3570507862851;38,5358376054142
"Eskimo_Aleut";"curveball";0,991057794740823;46,3636363636364;47,1885521885522;46,3674642792972;37,9667816680942
"Eskimo_Aleut";"curveball";0,991057794740823;46,3636363636364;47,1885521885522;46,3674642792972;37,6498071515963
"Eskimo_Aleut";"curveball";0,988817222098951;46,1227661227661;46,9360269360269;46,1265399548462;37,4704900539596
"Eskimo_Aleut";"curveball";0,989286297865678;46,5656565656566;46,9360269360269;46,5673752216676;37,4524019208495
"Eskimo_Aleut";"curveball";0,989286297865678;46,5656565656566;46,9360269360269;46,5673752216676;37,9373633701033
"Eskimo_Aleut";"curveball";0,990021100883442;46,6355866355866;47,3905723905724;46,6390900497629;37,5687252503945
"Eskimo_Aleut";"curveball";0,990021100883442;46,6433566433566;47,3905723905724;46,6468240018124;37,5384635252707
"Eskimo_Aleut";"curveball";0,99001585540693;46,6822066822067;47,3063973063973;46,685103158421;37,6950750550461
"Eskimo_Aleut";"curveball";0,990237002464243;46,6355866355866;47,3905723905724;46,6390900497629;37,4773809334109
"Eskimo_Aleut";"curveball";0,989826165711688;46,1616161616162;46,7676767676768;46,164428507816;38,5880184937544
"Eskimo_Aleut";"curveball";0,989993443534918;46,4646464646465;47,8451178451178;46,4710523643238;37,5479276393253
"Eskimo_Aleut";"curveball";0,990034625181374;46,1616161616162;47,9292929292929;46,1698188380323;37,2812042291145
"Eskimo_Aleut";"curveball";0,990113562985084;46,3247863247863;47,1885521885522;46,3287945190497;36,9299884153285
"Eskimo_Aleut";"curveball";0,989554534671297;46,6122766122766;46,5656565656566;46,6120602779535;37,5847852906656
"Eskimo_Aleut";"curveball";0,989553558179271;46,5112665112665;46,1952861952862;46,5098002452991;37,7349012834688
"Eskimo_Aleut";"curveball";0,989991165691132;46,8376068376068;46,5656565656566;46,836344887389;38,0570202822925
"Eskimo_Aleut";"curveball";0,989991165691132;46,7832167832168;46,5656565656566;46,7822072230425;37,8209091415535
"Eskimo_Aleut";"curveball";0,989504248880742;46,6200466200466;46,9360269360269;46,621512886014;37,9227885098485
"Eskimo_Aleut";"curveball";0,989504248880742;46,5501165501165;46,9360269360269;46,5519073175686;37,7006153428954
"Eskimo_Aleut";"curveball";0,989752841029771;46,6666666666667;46,4814814814815;46,6658073386612;38,7624546359086
"Eskimo_Aleut";"curveball";0,989752841029771;46,1926961926962;46,4814814814815;46,1940362636418;38,0917027811085
"Eskimo_Aleut";"curveball";0,99049933064222;46,4180264180264;46,5656565656566;46,4187114767161;38,0676612195977
"Eskimo_Aleut";"curveball";0,991980909477876;46,4180264180264;47,6767676767677;46,4238674447491;38,6654655774742
"Eskimo_Aleut";"curveball";0,991227588902104;46,1926961926962;47,5589225589226;46,1990359902193;37,0442043085579
"Eskimo_Aleut";"curveball";0,992179706153987;45,9129759129759;47,1885521885522;45,9188950604264;36,5407389017992
"Eskimo_Aleut";"curveball";0,992153732713352;46,1149961149961;46,9360269360269;46,1188060027967;37,5571877544974
"Eskimo_Aleut";"curveball";0,992624647510897;45,982905982906;47,4747474747475;45,989828681244;37,4892506287554
"Eskimo_Aleut";"curveball";0,992624647510897;45,982905982906;47,4747474747475;45,989828681244;37,6045524090961
"Eskimo_Aleut";"curveball";0,992431578811473;46,0683760683761;46,9360269360269;46,0724022904997;38,1242850632402
"Eskimo_Aleut";"curveball";0,99262585175577;45,6798756798757;47,020202020202;45,6860952916637;37,5716521661867
"Eskimo_Aleut";"curveball";0,990237002464243;45,8974358974359;47,3905723905724;45,9043646050607;37,0232177906007
"Eskimo_Aleut";"curveball";0,990495337429039;46,5423465423465;46,9360269360269;46,5441733655191;38,0269244513102
"Eskimo_Aleut";"curveball";0,991243779785705;46,6045066045066;47,3905723905724;46,6081542415649;38,3580168052589
"Eskimo_Aleut";"curveball";0,989552015369578;46,7288267288267;47,5925925925926;46,7328349230901;38,4656921948913
"Eskimo_Aleut";"curveball";0,989834696732947;46,7443667443667;47,5925925925926;46,7483028271891;38,4293463042894
"Eskimo_Aleut";"curveball";0,989834696732947;47,031857031857;47,5925925925926;47,0344590530205;38,491079560501
"Eskimo_Aleut";"curveball";0,989802294247926;46,9230769230769;47,7609427609428;46,9269649316053;38,4185103100031
"Eskimo_Aleut";"curveball";0,990017326723609;46,8298368298368;46,9360269360269;46,8303295913505;38,0099662197001
"Eskimo_Aleut";"curveball";0,989749850636975;46,7599067599068;46,026936026936;46,7565055036053;38,2701397084638
"Eskimo_Aleut";"curveball";0,990755097832482;46,2859362859363;47,1380471380471;46,2898903966189;38,3160197778888
"Eskimo_Aleut";"curveball";0,991679034423483;46,6122766122766;47,3063973063973;46,6154975899755;37,853391571937
"Eskimo_Aleut";"curveball";0,9903138899575;46,2937062937063;46,7340067340067;46,2957494512019;36,0966323658005
"Eskimo_Aleut";"curveball";0,989036022777553;46,045066045066;46,3636363636364;46,046544329607;36,8401433337662
"Eskimo_Aleut";"curveball";0,989183022650086;46,0839160839161;45,4545454545455;46,0809955705547;36,6204479283012
"Eskimo_Aleut";"curveball";0,989183022650086;46,0761460761461;45,4545454545455;46,0732616185052;36,8080279213673
"Eskimo_Aleut";"curveball";0,989508808071294;45,6332556332556;45,7070707070707;45,6335981626005;36,5002528405832
"Eskimo_Aleut";"curveball";0,988841800578457;46,013986013986;46,8181818181818;46,0177177810588;36,3229152279352
"Eskimo_Aleut";"curveball";0,990113562985084;46,2004662004662;47,1885521885522;46,2050512862578;36,140682793797
"Eskimo_Aleut";"curveball";0,99086036456173;46,2237762237762;47,2727272727273;46,2286437460451;36,7061213817698
"Eskimo_Aleut";"curveball";0,989826896621153;46,4568764568765;47,1043771043771;46,4598811002523;36,9501328782769
"Eskimo_Aleut";"curveball";0,989369408647483;46,5734265734266;47,1043771043771;46,5758903809948;36,863656558132
"Eskimo_Aleut";"curveball";0,990096636755922;46,5811965811966;46,7340067340067;46,5819056770333;36,9115645357112
"Eskimo_Aleut";"curveball";0,988857120554577;46,4646464646465;47,020202020202;46,467224448663;36,7498314860824
"Eskimo_Aleut";"curveball";0,990283484391741;46,7443667443667;47,7609427609428;46,7490840344669;37,6054624828893
"Eskimo_Aleut";"curveball";0,990983189079382;46,7210567210567;47,4747474747475;46,7245541259462;37,0470654698928
"Eskimo_Aleut";"curveball";0,990974810504535;46,8376068376068;47,3905723905724;46,8401728030498;38,27493556244
"Eskimo_Aleut";"curveball";0,990974810504535;47,0707070707071;47,3905723905724;47,0721913645348;37,7948165081073
"Eskimo_Aleut";"curveball";0,990501513871933;47,0940170940171;48,1313131313131;47,0988305327052;37,8615180590696
"Eskimo_Aleut";"curveball";0,990505813204122;46,6278166278166;48,2996632996633;46,6355746170131;37,2213410493739
"Eskimo_Aleut";"curveball";0,990282148317093;46,9153069153069;48,2154882154882;46,9213402392057;37,7817822151961
"Eskimo_Aleut";"curveball";0,990763417911867;46,7754467754468;48,2154882154882;46,7821291023147;37,7055057824033
"Eskimo_Aleut";"curveball";0,990763417911867;46,6278166278166;48,2154882154882;46,6351840133743;37,5359527698623
"Eskimo_Aleut";"curveball";0,990763417911867;46,5889665889666;48,2154882154882;46,5965142531268;37,7438156609034
"Eskimo_Aleut";"curveball";0,991242585045975;46,4335664335664;47,4747474747475;46,4383979001148;37,3439088251959
"Eskimo_Aleut";"curveball";0,990229470134687;46,7210567210567;46,4814814814815;46,7199450030076;37,7340541645082
"Eskimo_Aleut";"curveball";0,988321146789604;46,5967365967366;46,8518518518518;46,5979204262267;38,3428176409409
"Eskimo_Aleut";"curveball";0,989553558179271;46,7365967365967;46,1952861952862;46,7340848547345;36,9765879811293
"Eskimo_Aleut";"curveball";0,989062119101437;46,5578865578866;46,5656565656566;46,5579226136071;37,4003386438366
"Eskimo_Aleut";"curveball";0,989965006138948;46,5501165501165;47,3063973063973;46,5536259735796;37,0223307832263
"Eskimo_Aleut";"curveball";0,990229841809596;46,5967365967366;47,7609427609428;46,6021389455264;37,2198155812976
"Eskimo_Aleut";"curveball";0,990975440223524;46,5501165501165;48,2154882154882;46,5578444928793;37,533992762821
"Eskimo_Aleut";"curveball";0,990501513871933;46,7832167832168;48,1313131313131;46,7894724507253;37,9865382284789
"Eskimo_Aleut";"curveball";0,990709823707841;46,8531468531469;47,3063973063973;46,85525010351;37,9609463298839
"Eskimo_Aleut";"curveball";0,990709823707841;46,8997668997669;47,3063973063973;46,9016538158069;38,1253335518543
"Eskimo_Aleut";"curveball";0,989582838283132;46,3403263403263;47,5084175084175;46,3457467169764;38,7210661983762
"Eskimo_Aleut";"curveball";0,989892507222201;46,2859362859363;47,0538720538721;46,2894997929801;38,8748026614527
"Eskimo_Aleut";"curveball";0,990713241479042;46,2859362859363;46,8518518518518;46,2885623442468;37,3755925912186
"Eskimo_Aleut";"curveball";0,991672011820259;46,3092463092463;47,4747474747475;46,3146546673229;36,6488355594172
"Eskimo_Aleut";"curveball";0,991261098423979;47,016317016317;47,3063973063973;47,0176630965494;38,6087514336727
"Eskimo_Aleut";"curveball";0,991261098423979;46,8298368298368;47,3063973063973;46,8320482473615;38,0147006345344
"Eskimo_Aleut";"curveball";0,990778859695746;46,8453768453768;48,1313131313131;46,8513440671213;38,3886160972811
"Eskimo_Aleut";"curveball";0,989446825086437;46,8376068376068;46,969696969697;46,8382197848555;38,8473837163384
"Eskimo_Aleut";"curveball";0,99008923752257;46,8842268842269;47,6767676767677;46,887904567719;38,2459714133033
"Eskimo_Aleut";"curveball";0,990552635683681;46,8376068376068;46,9360269360269;46,8380635434;37,9688346918267
"Eskimo_Aleut";"curveball";0,989802339308188;46,7132867132867;46,4814814814815;46,7122110509582;38,0059871637115
"Eskimo_Aleut";"curveball";0,99082502575509;46,8220668220668;47,5925925925926;46,8256423476841;38,6536688993503
"Eskimo_Aleut";"curveball";0,99032873239612;46,7521367521367;47,5925925925926;46,7560367792386;38,3771442690332
"Eskimo_Aleut";"curveball";0,99032873239612;46,7521367521367;47,5925925925926;46,7560367792386;38,3355287063221
"Eskimo_Aleut";"curveball";0,989561220919858;46,7055167055167;47,1380471380471;46,7075238072918;37,7730267233391
"Eskimo_Aleut";"curveball";0,989561220919858;46,6899766899767;47,1380471380471;46,6920559031928;38,0378779486266
"Eskimo_Aleut";"curveball";0,989288458847581;46,5656565656566;46,6835016835017;46,566203410751;37,6541453856907
"Eskimo_Aleut";"curveball";0,99082502575509;46,8453768453768;47,5925925925926;46,8488442038326;38,558973361977
"Eskimo_Aleut";"curveball";0,989321379367633;46,5034965034965;46,5993265993266;46,5039411907161;38,8399395759836
"Eskimo_Aleut";"curveball";0,990343410215972;46,6511266511267;47,1380471380471;46,6533861429453;38,5980224676928
"Eskimo_Aleut";"curveball";0,990343410215972;46,6511266511267;47,1380471380471;46,6533861429453;38,4389647191796
"Eskimo_Aleut";"curveball";0,988267110241832;45,7498057498058;46,2794612794613;45,7522635480872;36,8317732602052
"Eskimo_Aleut";"curveball";0,988267110241832;45,9285159285159;46,2794612794613;45,9301444452257;36,3932428328653
"Eskimo_Aleut";"curveball";0,988013760866091;46,2082362082362;47,1043771043771;46,2123946346684;37,939994226069
"Eskimo_Aleut";"curveball";0,988013760866091;46,0683760683761;47,1043771043771;46,0731834977775;36,9160824096693
"Eskimo_Aleut";"curveball";0,988575003530162;46,6433566433566;47,2222222222222;46,6460427945347;37,820805778821
"Eskimo_Aleut";"curveball";0,989537747725322;46,6433566433566;46,4814814814815;46,6426054825127;37,4365988736414
"Eskimo_Aleut";"curveball";0,989056024203288;46,4801864801865;46,8518518518518;46,4819111454842;37,5737764156646
"Eskimo_Aleut";"curveball";0,989079716642574;46,3403263403263;46,6835016835017;46,3419188013156;37,4557913851219
"Eskimo_Aleut";"curveball";0,989805676234772;45,7342657342657;47,3905723905724;45,7419516120212;37,1723130415528
"Eskimo_Aleut";"curveball";0,989824679624613;45,6876456876457;47,4747474747475;45,6959385033631;37,17091500266
"Eskimo_Aleut";"curveball";0,989564641461865;45,7575757575758;47,020202020202;45,7634348121587;37,1852319912618
"Eskimo_Aleut";"curveball";0,99006605168215;45,6254856254856;46,2794612794613;45,6285203152953;36,6907808162863
"Eskimo_Aleut";"curveball";0,99006605168215;46,3791763791764;46,2794612794613;46,3787136640965;37,3454308121864
"Eskimo_Aleut";"curveball";0,990052505587254;46,3714063714064;46,6498316498316;46,372698368058;37,355235329209
"Eskimo_Aleut";"curveball";0,990052505587254;46,2160062160062;46,6498316498316;46,2180193270681;37,2111316929373
"Eskimo_Aleut";"curveball";0,990052505587254;46,3714063714064;46,6498316498317;46,372698368058;37,3958710663828
"Eskimo_Aleut";"curveball";0,990066260489904;46,3247863247863;47,1043771043771;46,3284039154109;37,6321239032545
"Eskimo_Aleut";"curveball";0,990066260489904;46,3791763791764;47,1043771043771;46,3825415797574;37,5354938335443
"Eskimo_Aleut";"curveball";0,989275634976748;46,7832167832168;46,3131313131313;46,7810354121259;38,0035511446935
"Eskimo_Aleut";"curveball";0,989275634976748;46,8142968142968;46,3131313131313;46,8119712203239;37,7567583075995
"Eskimo_Aleut";"curveball";0,989275634976748;46,7832167832168;46,3131313131313;46,7810354121259;38,0234594474315
"Eskimo_Aleut";"curveball";0,990017962247973;47,047397047397;46,8518518518519;47,0464896450975;38,0016372349531
"Eskimo_Aleut";"curveball";0,990017962247973;47,024087024087;46,8518518518519;47,023287788949;38,3306017209447
"Eskimo_Aleut";"curveball";0,990761963101485;47,0862470862471;47,3905723905724;47,0876592686338;38,5530745890511
"Eskimo_Aleut";"curveball";0,990291095743696;47,1328671328671;48,1313131313131;47,1375002929527;38,5692872798486
"Eskimo_Aleut";"curveball";0,990291095743696;46,4335664335664;48,1313131313131;46,441444608498;38,0349722685568
"Eskimo_Aleut";"curveball";0,9888007043034;46,2781662781663;47,3063973063973;46,2829376518472;37,1272263064999
"Eskimo_Aleut";"curveball";0,989552015369578;46,1305361305361;47,5925925925926;46,1373206152789;37,7080410277241
"Eskimo_Aleut";"curveball";0,990021135967193;46,013986013986;47,6767676767677;46,0217019381753;37,3514142021102
"Eskimo_Aleut";"curveball";0,990228824446501;46,1538461538462;47,3063973063973;46,1591944190552;36,8151116649998
"Eskimo_Aleut";"curveball";0,991030422997264;46,3092463092463;47,5925925925926;46,3152015124173;37,753538276044
"Eskimo_Aleut";"curveball";0,991157151945476;46,1383061383061;47,962962962963;46,1467732233393;38,1506215611609
"Eskimo_Aleut";"curveball";0,990578612362848;45,982905982906;47,5084175084175;45,9899849226995;38,1044420230985
"Eskimo_Aleut";"curveball";0,991679034423483;46,4957264957265;47,3063973063973;46,4994883092331;37,7539298246246
"Eskimo_Aleut";"curveball";0,991679034423483;46,4180264180264;47,3063973063973;46,4221487887381;38,0360387267332
"Eskimo_Aleut";"curveball";0,991323542286999;46,6045066045066;47,5925925925926;46,6090916902982;38,948597605505
"Eskimo_Aleut";"curveball";0,99083836606891;46,6045066045066;48,4175084175084;46,6129196059591;38,6841127080877
"Eskimo_Aleut";"curveball";0,989353231508505;46,1693861693862;47,9292929292929;46,1775527900818;37,4909786906622
"Eskimo_Aleut";"curveball";0,988571411482946;46,4335664335664;46,9360269360269;46,4358980368261;37,7616393155164
"Eskimo_Aleut";"curveball";0,988571411482946;45,8585858585859;46,9360269360269;45,8635855851633;37,3272656152774
"Eskimo_Aleut";"curveball";0,989525311992714;45,9129759129759;46,5656565656566;45,9160045934988;37,3316855921972
"Eskimo_Aleut";"curveball";0,989057044258937;46,2082362082362;45,9427609427609;46,2070043044521;38,3362163569981
"Eskimo_Aleut";"curveball";0,989802953226698;46,1460761460761;46,9360269360269;46,1497418109947;38,2281233401631
"Eskimo_Aleut";"curveball";0,989802953226698;46,2548562548563;46,9360269360269;46,2580171396877;38,537927960697
"Eskimo_Aleut";"curveball";0,991241775976017;46,7443667443667;46,5656565656566;46,743537462795;37,9613319683957
"Eskimo_Aleut";"curveball";0,990975516791272;46,6822066822067;46,5656565656566;46,681665846399;37,8600848247369
"Eskimo_Aleut";"curveball";0,990975516791272;46,8686868686869;46,5656565656566;46,867280695587;38,1680341224289
"Eskimo_Aleut";"curveball";0,990975516791272;46,8142968142968;46,5656565656566;46,8131430312405;37,6094016532323
"Eskimo_Aleut";"curveball";0,989110306886977;46,2470862470863;46,1952861952862;46,2468458756162;37,6776348206925
"Eskimo_Aleut";"curveball";0,989541811480821;46,9075369075369;46,9360269360269;46,9076691118455;37,6385739777155
"Eskimo_Aleut";"curveball";0,989541811480821;46,8609168609169;46,9360269360269;46,8612653995485;37,5198332500399
"Eskimo_Aleut";"curveball";0,99028436317816;46,9075369075369;46,5656565656566;46,9059504558344;37,8418514392073
"Eskimo_Aleut";"curveball";0,99028436317816;46,8764568764569;46,5656565656566;46,8750146476365;37,3649256417202
"Eskimo_Aleut";"curveball";0,991038035736275;46,993006993007;46,9360269360269;46,9927425843899;39,1619810998373
"Eskimo_Aleut";"curveball";0,991038035736275;47,016317016317;46,9360269360269;47,0159444405384;38,5738793609066
"Eskimo_Aleut";"curveball";0,991038035736275;47,016317016317;46,9360269360269;47,0159444405384;38,2320104792005
"Eskimo_Aleut";"curveball";0,990999418367286;46,1460761460761;48,3838383838384;46,1564601935832;36,8582229120579
"Eskimo_Aleut";"curveball";0,990572056229447;47,0629370629371;46,8518518518518;47,0619575491965;38,648642944762
"Eskimo_Aleut";"curveball";0,989802339308188;46,985236985237;46,4814814814815;46,9828993726906;38,2881529636269
"Eskimo_Aleut";"curveball";0,989541811480821;46,8298368298368;46,9360269360269;46,8303295913505;37,3101946873576
"Eskimo_Aleut";"curveball";0,9900696287481;46,8220668220668;46,9360269360269;46,822595639301;38,4753675755645
"Eskimo_Aleut";"curveball";0,990076119552637;46,8531468531469;47,3063973063973;46,85525010351;38,5181384827712
"Eskimo_Aleut";"curveball";0,990284000680971;46,7055167055167;46,4814814814815;46,7044770989087;38,5295166818811
"Eskimo_Aleut";"curveball";0,989811685343066;46,7909867909868;46,3973063973064;46,7891599678143;38,8957359753708
"Eskimo_Aleut";"curveball";0,989973183239912;46,8686868686869;45,6565656565657;46,8630621762872;37,642426131808
"Eskimo_Aleut";"curveball";0,989973183239912;46,9230769230769;45,6565656565657;46,9171998406337;37,517393197516
"Eskimo_Aleut";"curveball";0,989962444620182;46,7987567987568;45,5723905723906;46,7930660042029;37,443007131864
"Eskimo_Aleut";"curveball";0,99024397440739;46,8220668220668;47,8451178451178;46,8268141586007;37,2294594116189
"Eskimo_Aleut";"curveball";0,99024397440739;46,5345765345765;47,8451178451178;46,5406579327693;36,9664132621004
"Eskimo_Aleut";"curveball";0,989557145046577;46,4801864801865;47,4747474747475;46,4848016124118;36,8655569202329
"Eskimo_Aleut";"curveball";0,989616912794888;46,5345765345765;47,5589225589226;46,5393298803972;36,7394065133182
"Eskimo_Aleut";"curveball";0,988546316999414;46,7443667443667;46,026936026936;46,7410375995063;37,0369272233036
"Eskimo_Aleut";"curveball";0,989553558179271;46,4180264180264;46,1952861952862;46,4169928207051;36,4869194598759
"Eskimo_Aleut";"curveball";0,99058454713903;46,4724164724165;46,3636363636364;46,4719116923293;36,4928234699689
"Eskimo_Aleut";"curveball";0,99058454713903;46,3636363636364;46,3636363636364;46,3636363636364;36,3465597174603
"Eskimo_Aleut";"curveball";0,990556304687037;46,5034965034965;46,7340067340067;46,5045661565383;36,4986284500723
"Eskimo_Aleut";"curveball";0,990511851808228;46,3636363636364;47,4747474747475;46,3687923316694;37,3829768123999
"Eskimo_Aleut";"curveball";0,990027010552982;46,5578865578866;47,8451178451178;46,5638597889178;37,1293164967568
"Eskimo_Aleut";"curveball";0,990027010552982;46,2781662781663;47,8451178451178;46,2854375151359;37,1244448500891
"Eskimo_Aleut";"curveball";0,990511851808228;46,4879564879565;47,4747474747475;46,4925355644613;36,8512096307029
"Eskimo_Aleut";"curveball";0,989113452290729;46,5811965811966;47,4747474747475;46,5853429890553;37,0682053554132
"Eskimo_Aleut";"curveball";0,989238489867363;46,3714063714064;47,6430976430976;46,3773074909966;37,1213349683079
"Eskimo_Aleut";"curveball";0,990604174424238;47,0551670551671;48,047138047138;47,0597701688189;38,7450273098026
"Eskimo_Aleut";"curveball";0,990082851828138;47,0551670551671;46,2289562289562;47,0513331302194;38,502784790879
"Eskimo_Aleut";"curveball";0,989980380473785;47,016317016317;45,8585858585859;47,010944713961;38,4597284398113
"Eskimo_Aleut";"curveball";0,990014840759372;46,8531468531469;46,1952861952862;46,850094135477;36,6183749427954
"Eskimo_Aleut";"curveball";0,990288496484921;47,039627039627;47,020202020202;47,0395369003258;38,4685317580068
"Eskimo_Aleut";"curveball";0,988777792412835;46,6666666666667;46,4814814814815;46,6658073386612;37,2265240244344
"Eskimo_Aleut";"curveball";0,988759925146051;46,8298368298368;46,1447811447811;46,8266579171452;38,177561789068
"Eskimo_Aleut";"curveball";0,988777792412835;46,6511266511267;46,4814814814815;46,6503394345622;36,8976904909555
"Eskimo_Aleut";"curveball";0,990049613112266;46,6045066045066;47,1043771043771;46,6068261891928;36,8205390697741
"Eskimo_Aleut";"curveball";0,988288660338646;46,5345765345765;46,8518518518519;46,5360488098307;37,432369305897
"Eskimo_Aleut";"curveball";0,988575003530162;46,5345765345765;47,2222222222222;46,5377674658417;38,8934800599491
"Eskimo_Aleut";"curveball";0,988582662096862;46,5811965811966;47,1380471380471;46,5837805744998;37,4589370003136
"Eskimo_Aleut";"curveball";0,988583841095618;46,3947163947164;47,3063973063973;46,3989469325896;36,7977004548626
"Eskimo_Aleut";"curveball";0,989576942872228;46,4180264180264;47,4747474747475;46,4229299960158;36,8647462109464
"Eskimo_Aleut";"curveball";0,989576942872228;46,7599067599068;47,4747474747475;46,7632238861937;37,2571635331709
"Eskimo_Aleut";"curveball";0,989576942872228;46,7987567987568;47,4747474747475;46,8018936464412;37,4012026816542
"Eskimo_Aleut";"curveball";0,990283484391741;46,977466977467;47,7609427609428;46,9811025959518;37,9001468951553
"Eskimo_Aleut";"curveball";0,988914694198912;46,4335664335664;47,1043771043771;46,4366792441038;37,6003934687903
"Eskimo_Aleut";"curveball";0,988418965870116;46,4335664335664;47,4747474747475;46,4383979001148;37,4163099160176
"Eskimo_Aleut";"curveball";0,988914694198912;46,4801864801865;47,1043771043771;46,4830829564008;37,6944421411499
"Eskimo_Aleut";"curveball";0,987886997626517;46,2937062937063;46,9360269360269;46,2966868999352;37,9810044693568
"Eskimo_Aleut";"curveball";0,987886997626517;46,3869463869464;46,9360269360269;46,3894943245291;38,2250814719701
"Eskimo_Aleut";"curveball";0,987886997626517;46,2082362082362;46,9360269360269;46,2116134273907;38,4055911152277
"Eskimo_Aleut";"curveball";0,989376572373403;46,5578865578866;47,5084175084175;46,5622973743623;38,8735765252877
"Eskimo_Aleut";"curveball";0,987886997626517;46,2781662781663;46,9360269360269;46,2812189958362;38,4767381261185
"Eskimo_Aleut";"curveball";0,988143883171092;46,3014763014763;46,5656565656566;46,3027021959737;37,4003433320661
"Eskimo_Aleut";"curveball";0,988143883171092;46,4724164724165;46,5656565656566;46,4728491410626;37,4889238512601
"Eskimo_Aleut";"curveball";0,988143883171092;45,9129759129759;46,5656565656566;45,9160045934988;37,4411611797013
"Eskimo_Aleut";"curveball";0,988799305426209;46,6278166278166;46,6835016835017;46,628075027147;38,9738302722577
"Eskimo_Aleut";"curveball";0,990017962247973;46,5734265734266;46,8518518518518;46,5747185700782;38,2735069422032
"Eskimo_Aleut";"curveball";0,990017962247973;46,8065268065268;46,8518518518518;46,8067371315631;38,336094068525
"Eskimo_Aleut";"curveball";0,988356828874391;46,6355866355866;45,6902356902357;46,6311998562579;38,9401470168133
"Eskimo_Aleut";"curveball";0,988310425399769;46,6355866355866;45,9427609427609;46,6323716671745;39,2383874076601
"Eskimo_Aleut";"curveball";0,989293917276668;46,9153069153069;46,1111111111111;46,9115751482341;37,9747727024945
"Eskimo_Aleut";"curveball";0,98931911753001;46,9153069153069;47,020202020202;46,9157936675338;37,7806152747171
"Eskimo_Aleut";"curveball";0,991189552532487;47,008547008547;47,7609427609428;47,0120384041498;37,8468462808014
"Eskimo_Aleut";"curveball";0,991189552532487;46,7599067599068;47,7609427609428;46,7645519385659;38,2689930840034
"Eskimo_Aleut";"curveball";0,990237002464243;46,4102564102564;47,3905723905724;46,4148054403275;37,6049180071651
"Eskimo_Aleut";"curveball";0,990721019486105;46,7365967365967;47,020202020202;46,7379127703954;37,4243856349272
"Eskimo_Aleut";"curveball";0,990036606380047;46,7832167832168;45,4882154882155;46,777207496465;38,0963712220898
"Eskimo_Aleut";"curveball";0,990036606380047;46,8531468531469;45,4882154882155;46,8468130649105;38,6083548651335
"Eskimo_Aleut";"curveball";0,991241775976017;46,7754467754468;46,5656565656566;46,774473270993;38,2863250016375
"Eskimo_Aleut";"curveball";0,991241775976017;46,9153069153069;46,5656565656566;46,9136844078839;38,2790470403178
"Eskimo_Aleut";"curveball";0,991241775976017;46,8686868686869;46,5656565656566;46,867280695587;38,1697652144202
"Eskimo_Aleut";"curveball";0,991241775976017;46,7987567987568;46,5656565656566;46,7976751271415;38,4126705250883
"Eskimo_Aleut";"curveball";0,989802953226698;46,8065268065268;46,9360269360269;46,807127735202;38,2831452045768
"Eskimo_Aleut";"curveball";0,989025378120044;46,6355866355866;46,4814814814815;46,6348715304632;37,2032066694102
"Eskimo_Aleut";"curveball";0,98977994476456;47,1561771561772;46,6835016835017;47,1539837665128;38,2904809057795
"Eskimo_Aleut";"curveball";0,989321379367633;46,7987567987568;46,5993265993266;46,797831368597;39,0143881959037
"Eskimo_Aleut";"curveball";0,990709823707841;46,9308469308469;47,3063973063973;46,9325896240049;37,5532242120002
"Eskimo_Aleut";"curveball";0,991454088809081;46,9308469308469;47,8451178451178;46,9350894872937;37,5791579474001
"Eskimo_Aleut";"curveball";0,991454088809081;46,5967365967366;47,8451178451178;46,6025295491653;36,8320003693423
"Eskimo_Aleut";"curveball";0,991454088809081;46,5190365190365;47,8451178451178;46,5251900286703;37,1533833681551
"Eskimo_Aleut";"curveball";0,991253086732526;47,2183372183372;47,7609427609428;47,2208551094862;38,1192725287093
"Eskimo_Aleut";"curveball";0,990343410215972;47,2027972027972;47,1380471380471;47,2024967384596;38,3593381201947
"Eskimo_Aleut";"curveball";0,991074069532311;47,2027972027972;47,6767676767677;47,2049966017483;38,0374194627441
"Eskimo_Aleut";"curveball";0,991074069532311;46,9230769230769;47,6767676767677;46,9265743279664;38,1700454802718
"Eskimo_Aleut";"curveball";0,990076119552637;46,7909867909868;47,3063973063973;46,793378487114;38,1023256744634
"Eskimo_Aleut";"curveball";0,989003364241041;46,7599067599068;45,03367003367;46,7518963806667;37,3270407463615
"Eskimo_Aleut";"curveball";0,988788908050944;46,6200466200466;47,2222222222222;46,6228409383862;37,2769958861286
"Eskimo_Aleut";"curveball";0,988524933844654;46,7599067599068;45,4040404040404;46,7536150366777;37,28688437327
"Eskimo_Aleut";"curveball";0,987773761907858;46,7599067599068;44,9494949494949;46,7515057770278;37,0835364917933
"Eskimo_Aleut";"curveball";0,989525311992714;46,5889665889666;46,5656565656566;46,5888584218051;37,3293900172233
"Eskimo_Aleut";"curveball";0,988186205502097;46,4024864024864;46,1952861952862;46,4015249166061;37,1424977487129
"Eskimo_Aleut";"curveball";0,988186205502097;46,5889665889666;46,1952861952862;46,5871397657941;37,4900925609604
"Eskimo_Aleut";"curveball";0,988186205502097;46,6433566433566;46,1952861952862;46,6412774301405;37,2194692439795
"Eskimo_Aleut";"curveball";0,989564641461865;46,7599067599068;47,020202020202;46,7611146265439;37,1090285876616
"Eskimo_Aleut";"curveball";0,989126931444193;46,2470862470863;46,6498316498317;46,248955135266;38,1003392535115
"Eskimo_Aleut";"curveball";0,987839876736556;46,2160062160062;45,1178451178451;46,2109103408407;37,7340460896783
"Eskimo_Aleut";"curveball";0,987839876736556;46,4335664335664;45,1178451178451;46,4274609982267;38,3406715821056
"Eskimo_Aleut";"curveball";0,988587920220939;46,3869463869464;45,2020202020202;46,3814478895685;37,8369299594474
"Eskimo_Aleut";"curveball";0,990406366456473;46,0761460761461;45,993265993266;46,075761481794;36,2373741626636
"Eskimo_Aleut";"curveball";0,988871747264771;46,3714063714064;46,1952861952862;46,3705891084081;36,9093623943176
"Eskimo_Aleut";"curveball";0,988597910341214;46,4646464646465;45,2861952861953;46,4591780137024;37,834105766947
"Eskimo_Aleut";"curveball";0,988597910341214;46,4879564879565;45,2861952861953;46,4823798698509;37,6232745303412
"Eskimo_Aleut";"curveball";0,989502346987416;46,6355866355866;45,6565656565657;46,6310436148023;37,6677052498145
"Eskimo_Aleut";"curveball";0,990998307359118;46,8298368298368;46,3973063973064;46,8278297280617;38,3355416373414
"Eskimo_Aleut";"curveball";0,98979215473437;46,8298368298368;46,2289562289562;46,827048520784;38,9222882286991
"Eskimo_Aleut";"curveball";0,988309711261663;46,1305361305361;45,8585858585859;46,1292741803183;38,5713342841518
"Eskimo_Aleut";"curveball";0,988309711261663;46,1460761460761;45,8585858585859;46,1447420844173;38,5735090691124
"Eskimo_Aleut";"curveball";0,988309711261663;46,6045066045066;45,8585858585859;46,6010452553376;38,4328287224835
"Eskimo_Aleut";"curveball";0,988313682038131;46,6045066045066;45,1178451178451;46,5976079433156;38,092103118369
"Eskimo_Aleut";"curveball";0,990623486838139;46,6666666666667;46,3131313131313;46,6650261313834;38,6403542602461
"Eskimo_Aleut";"curveball";0,990780572021868;46,4801864801865;46,8518518518518;46,4819111454842;38,3781065998018
"Eskimo_Aleut";"curveball";0,991052812567424;46,5112665112665;47,3063973063973;46,5149562133321;38,1662503239058
"Eskimo_Aleut";"curveball";0,992103351541432;46,2315462315462;48,047138047138;46,2399712515722;39,6864235021737
"Eskimo_Aleut";"curveball";0,991246141260182;46,5423465423465;47,9292929292929;46,5487824884577;36,7874007618337
"Eskimo_Aleut";"curveball";0,990351672998526;46,5034965034965;47,1885521885522;46,5066754161882;36,7118555043458
"Eskimo_Aleut";"curveball";0,990384468531799;46,6278166278166;46,8181818181818;46,6286999929691;36,6844445446308
"Eskimo_Aleut";"curveball";0,990384468531799;46,6588966588967;46,8181818181818;46,6596358011671;37,1067965880166
"Eskimo_Aleut";"curveball";0,990229470134687;46,7676767676768;46,4814814814815;46,7663487153046;37,0358153645658
"Eskimo_Aleut";"curveball";0,991087177337681;46,6588966588967;47,2727272727273;46,661745060817;36,9678583152855
"Eskimo_Aleut";"curveball";0,990573751037227;46,6355866355866;47,1885521885522;46,6381526010296;37,5122615740412
"Eskimo_Aleut";"curveball";0,98931911753001;46,6355866355866;47,020202020202;46,6373713937519;36,6493241016783
"Eskimo_Aleut";"curveball";0,989305413044896;46,7754467754468;46,5656565656566;46,774473270993;37,5205305009669
"Eskimo_Aleut";"curveball";0,990033288500991;46,7443667443667;47,020202020202;46,7456467224449;37,8729701775678
"Eskimo_Aleut";"curveball";0,989286297865678;46,6355866355866;46,9360269360269;46,636980790113;38,1736695971335
"Eskimo_Aleut";"curveball";0,988046755802329;46,6355866355866;46,7676767676768;46,6361995828353;37,908519499038
"Eskimo_Aleut";"curveball";0,989556381388376;46,7676767676768;47,8451178451178;46,7726764942542;37,3874287339961
"Eskimo_Aleut";"curveball";0,989302337736867;46,6433566433566;47,020202020202;46,6451053458014;37,5537993326706
"Eskimo_Aleut";"curveball";0,989540110167716;46,2548562548563;47,020202020202;46,2584077433265;37,0181126476148
"Eskimo_Aleut";"curveball";0,989485495126182;46,4879564879565;46,8518518518518;46,4896450975337;37,9699718847894
"Eskimo_Aleut";"curveball";0,989342953868182;46,5501165501165;47,5925925925926;46,5549540259517;37,2609306604135
"Eskimo_Aleut";"curveball";0,990307295588766;46,5501165501165;47,2222222222222;46,5532353699407;37,0249014922065
"Eskimo_Aleut";"curveball";0,989535769155518;46,0839160839161;46,8518518518518;46,0874795909599;36,3935527394093
"Eskimo_Aleut";"curveball";0,99028258261032;46,5034965034965;47,3905723905724;46,5076128649215;36,7986866499209
"Eskimo_Aleut";"curveball";0,988790642765954;46,5034965034965;46,3131313131313;46,502613138344;36,667401247596
"Eskimo_Aleut";"curveball";0,989572433998592;46,6355866355866;46,6835016835017;46,6358089791964;37,1908388173555
"Eskimo_Aleut";"curveball";0,989572433998592;46,6511266511267;46,6835016835017;46,6512768832954;37,6276414423307
"Eskimo_Aleut";"curveball";0,989572433998592;46,9308469308469;46,6835016835017;46,9296991570774;37,8238602471631
"Eskimo_Aleut";"curveball";0,990307295588766;46,5889665889666;47,2222222222222;46,5919051301882;37,4523288017283
"Eskimo_Aleut";"curveball";0,991704967837995;46,029526029526;48,013468013468;46,0387322568297;36,5606228595649
"Eskimo_Aleut";"curveball";0,991704967837995;46,0839160839161;48,013468013468;46,0928699211762;36,8396418560229
"Eskimo_Aleut";"curveball";0,991704967837995;46,1305361305361;48,013468013468;46,1392736334732;36,4351305394713
"Eskimo_Aleut";"curveball";0,990959116363879;46,1771561771562;47,9292929292929;46,1852867421313;36,5873796098532
"Eskimo_Aleut";"curveball";0,990959116363879;45,6876456876457;47,9292929292929;45,698047763013;36,1585328820697
"Eskimo_Aleut";"curveball";0,990959116363879;45,6876456876457;47,9292929292929;45,698047763013;36,0566691503304
"Eskimo_Aleut";"curveball";0,991207539423737;45,6643356643357;47,9292929292929;45,6748459068645;35,9453583639807
"Eskimo_Aleut";"curveball";0,989824233499214;46,3869463869464;48,047138047138;46,3946502925621;37,4688283171213
"Eskimo_Aleut";"curveball";0,989805698242801;46,3170163170163;48,1313131313131;46,3254353277555;37,4919159005194
"Eskimo_Aleut";"curveball";0,990015832441604;46,2393162393162;47,7609427609428;46,2463771512495;37,3590454252177
"Eskimo_Aleut";"curveball";0,990033288500991;46,2548562548563;47,020202020202;46,2584077433265;37,5895277620507
"Eskimo_Aleut";"curveball";0,990017962247973;46,4646464646465;46,8518518518518;46,4664432413852;37,4919590824291
"Eskimo_Aleut";"curveball";0,98871253207687;46,0528360528361;46,2794612794613;46,0538876780176;37,1378226938102
"Eskimo_Aleut";"curveball";0,988128160150045;46,029526029526;45,6565656565657;46,0277953549415;37,933063870267
"Eskimo_Aleut";"curveball";0,987688925675025;46,1693861693862;46,5656565656566;46,1712250111322;37,6035655030396
"Eskimo_Aleut";"curveball";0,98899987674256;46,2859362859363;45,9090909090909;46,2841875834915;37,2365029771394
"Eskimo_Aleut";"curveball";0,989612047436154;46,4801864801865;46,2794612794613;46,47925504074;37,6759534285789
"Eskimo_Aleut";"curveball";0,989612047436154;46,4879564879565;46,2794612794613;46,4869889927895;37,4852063193041
"Eskimo_Aleut";"curveball";0,989116444328122;46,5734265734266;46,6498316498316;46,5737811213449;37,2822372298304
"Eskimo_Aleut";"curveball";0,989612047436154;46,4024864024864;46,2794612794613;46,401915520245;36,9775207768553
"Eskimo_Aleut";"curveball";0,990003434627949;46,6666666666667;47,020202020202;46,6683072019499;37,0430236927315
"Eskimo_Aleut";"curveball";0,990021100883442;46,5268065268065;47,3905723905724;46,5308147210699;37,171033794698
"Eskimo_Aleut";"curveball";0,99082502575509;46,7521367521367;47,5925925925926;46,7560367792386;38,9944563903875
"Eskimo_Aleut";"curveball";0,99082502575509;46,969696969697;47,5925925925926;46,9725874366246;39,015323498493
"Eskimo_Aleut";"curveball";0,991198971043789;46,993006993007;46,8518518518518;46,9923519807511;38,1177538997432
"Eskimo_Aleut";"curveball";0,990249194272949;46,6822066822067;45,7407407407407;46,6778379307382;37,5239966468234
"Eskimo_Aleut";"curveball";0,989756766282313;46,6977466977467;45,6565656565657;46,6929152311983;37,7102357818766
"Eskimo_Aleut";"curveball";0,989756766282313;46,7210567210567;45,6565656565657;46,7161170873468;37,7229857610528
"Eskimo_Aleut";"curveball";0,98905867478627;46,8842268842269;47,3063973063973;46,886185911708;37,5538369549542
"Eskimo_Aleut";"curveball";0,989541811480821;46,8842268842269;46,9360269360269;46,884467255697;37,5278776216321
"Eskimo_Aleut";"curveball";0,98874081288524;46,8453768453768;44,6632996632997;46,8352511972002;37,034092086595
"Eskimo_Aleut";"curveball";0,988794565007873;46,8376068376068;46,8518518518519;46,8376729397611;37,2527113595282
"Eskimo_Aleut";"curveball";0,988794565007873;46,5734265734266;46,8518518518518;46,5747185700782;36,8519498509498
"Eskimo_Aleut";"curveball";0,988790571104409;46,7132867132867;46,3973063973064;46,7118204473193;37,2081675518986
"Eskimo_Aleut";"curveball";0,989323561501185;46,6666666666667;47,7609427609428;46,6717445139719;39,1435524172532
"Eskimo_Aleut";"curveball";0,98932270402983;46,8997668997669;48,1313131313131;46,9054817314678;38,921199428445
"Eskimo_Aleut";"curveball";0,991008339889536;46,7055167055167;47,5589225589226;46,7094768254861;37,0107975062639
"Eskimo_Aleut";"curveball";0,990017326723609;46,5656565656566;46,9360269360269;46,5673752216676;37,4020822881074
"Eskimo_Aleut";"curveball";0,98939071530847;46,2548562548563;46,0606060606061;46,2539548618435;37,4361628677667
"Eskimo_Aleut";"curveball";0,991193239359974;46,6433566433566;47,3063973063973;46,6464333981735;37,1063461847102
"Eskimo_Aleut";"curveball";0,991193239359974;46,6433566433566;47,3063973063973;46,6464333981735;37,0619030031213
"Eskimo_Aleut";"curveball";0,990480468564099;46,5501165501165;46,6835016835017;46,550735506652;37,507407823884
"Eskimo_Aleut";"curveball";0,990597759341419;46,8686868686869;47,0538720538721;46,8695461966924;38,343184765471
"Eskimo_Aleut";"curveball";0,990515694151986;46,7599067599068;47,2222222222222;46,7620520752771;38,8500255139923
"Eskimo_Aleut";"curveball";0,990053987177385;46,6666666666667;47,1380471380471;46,6688540470443;38,6903679696945
"Eskimo_Aleut";"curveball";0,989271376584333;46,9463869463869;46,7676767676768;46,9455576648152;37,5433376500623
"Eskimo_Aleut";"curveball";0,989968410461137;46,6122766122766;46,4814814814815;46,6116696743147;36,9714030144165
"Eskimo_Aleut";"curveball";0,990551860187877;47,047397047397;48,2154882154882;47,0528174240471;37,6895899724713
"Eskimo_Aleut";"curveball";0,990764170035753;46,8531468531469;48,2996632996633;46,8598592264485;37,8119728715294
"Eskimo_Aleut";"curveball";0,990999418367286;46,5967365967366;48,3838383838384;46,605029412454;37,0966221472277
"Eskimo_Aleut";"curveball";0,990999418367286;46,4646464646465;48,3838383838384;46,4735522276126;36,7312091211278
"Eskimo_Aleut";"curveball";0,990975440223524;46,5501165501165;48,2154882154882;46,5578444928793;37,0593752952417
"Eskimo_Aleut";"curveball";0,991457813358213;46,5578865578866;48,7542087542088;46,5680783082175;37,1741298941842
"Eskimo_Aleut";"curveball";0,990989543223216;46,6822066822067;46,8518518518518;46,6829938987712;37,8339931482339
"Eskimo_Aleut";"curveball";0,990812934163731;46,8065268065268;46,7676767676768;46,8063465279243;38,6976934572293
"Eskimo_Aleut";"curveball";0,989633050451189;46,7132867132867;46,1447811447811;46,7106486364027;39,5196306282069
"Eskimo_Aleut";"curveball";0,989633050451189;46,5501165501165;46,1447811447811;46,5482356433633;39,3797675208442
"Eskimo_Aleut";"curveball";0,990067435402557;46,6433566433566;46,6835016835017;46,6435429312459;38,7372929451036
"Eskimo_Aleut";"curveball";0,990735725187396;47,047397047397;45,4882154882155;47,0401618661479;37,7996306792836
"Eskimo_Aleut";"curveball";0,990747382319242;46,9308469308469;45,8249158249158;46,9257149999609;37,1967047065587
"Eskimo_Aleut";"curveball";0,990792435809691;46,7443667443667;45,9090909090909;46,7404907544119;36,9397086792693
"Eskimo_Aleut";"curveball";0,990301334206694;46,7288267288267;46,6498316498316;46,7284601623349;37,2445629034746
"Eskimo_Aleut";"curveball";0,99004095495683;46,7443667443667;46,1952861952862;46,741818806784;37,1622166349667
"Eskimo_Aleut";"curveball";0,98863272409109;46,7288267288267;47,2222222222222;46,7311162670791;38,6850980298313
"Eskimo_Aleut";"curveball";0,989652952916705;47,0551670551671;47,962962962963;47,05937956518;38,754534492783
"Eskimo_Aleut";"curveball";0,989652952916705;47,0551670551671;47,962962962963;47,05937956518;39,3256370908135
"Eskimo_Aleut";"curveball";0,989108984361327;46,3558663558664;46,4814814814815;46,3564492566813;39,015941472723
"Eskimo_Aleut";"curveball";0,989108984361327;46,4257964257964;46,4814814814815;46,4260548251267;38,756388231073
"Eskimo_Aleut";"curveball";0,990072410418392;46,7132867132867;46,4814814814815;46,7122110509582;38,8083640187101
"Eskimo_Aleut";"curveball";0,987944474411863;46,5501165501165;45,6902356902357;46,5461263837134;39,1726438294622
"Eskimo_Aleut";"curveball";0,98809694219778;46,6899766899767;47,1380471380471;46,6920559031928;37,7637983332354
"Eskimo_Aleut";"curveball";0,988308533402146;46,6744366744367;46,7676767676768;46,6748693430828;37,4801862838819
"Eskimo_Aleut";"curveball";0,989834696732947;47,016317016317;47,5925925925926;47,0189911489215;38,0502505703731
"Eskimo_Aleut";"curveball";0,990551860187877;46,7987567987568;48,2154882154882;46,8053309584632;37,4978435457232
"Eskimo_Aleut";"curveball";0,991246141260182;46,6433566433566;47,9292929292929;46,6493238651011;37,1878937799112
"Eskimo_Aleut";"curveball";0,990761807021642;46,7365967365967;48,6700336700337;46,7455686017171;37,1492962174442
"Eskimo_Aleut";"curveball";0,990228824446501;46,7521367521367;47,3063973063973;46,7547087268665;37,1369574119641
"Eskimo_Aleut";"curveball";0,990996393780025;47,031857031857;47,6767676767677;47,0348496566594;38,0844883776278
"Eskimo_Aleut";"curveball";0,990495337429039;46,993006993007;46,9360269360269;46,9927425843899;37,8846144035662
"Eskimo_Aleut";"curveball";0,989749777204661;46,993006993007;46,3973063973064;46,9902427211012;37,7925906178055
"Eskimo_Aleut";"curveball";0,989749777204661;46,993006993007;46,3973063973064;46,9902427211012;37,8176013393101
"Eskimo_Aleut";"curveball";0,988560902773046;45,998445998446;45,9090909090909;45,9980313576601;36,8367199395225
"Eskimo_Aleut";"curveball";0,989898026292964;45,7653457653458;46,5319865319865;45,7689032631028;36,7596783099876
"Eskimo_Aleut";"curveball";0,990242407640452;46,6511266511267;46,5656565656566;46,650730038201;36,9017684282921
"Eskimo_Aleut";"curveball";0,990242407640452;46,6511266511267;46,5656565656566;46,650730038201;36,9802481315961
"Eskimo_Aleut";"curveball";0,990242407640452;46,7676767676768;46,5656565656566;46,7667393189435;37,5007096885037
"Eskimo_Aleut";"curveball";0,989269459249692;46,6977466977467;45,9427609427609;46,6942432835704;38,4757223653465
"Eskimo_Aleut";"curveball";0,990022134902898;46,5112665112665;46,3973063973064;46,5107376940324;38,8069279059275
"Eskimo_Aleut";"curveball";0,990022134902898;46,6045066045066;46,3973063973064;46,6035451186263;38,7473258290786
"Eskimo_Aleut";"curveball";0,990229470134687;46,8842268842269;46,4814814814815;46,8823579960471;38,0700742940723
"Eskimo_Aleut";"curveball";0,990761963101485;46,8220668220668;47,3905723905724;46,8247048989508;38,7685158510035
"Eskimo_Aleut";"curveball";0,990116668547379;46,6588966588967;47,1885521885522;46,6613544571781;37,1613758280083
"Eskimo_Aleut";"curveball";0,98832785735503;46,7132867132867;46,026936026936;46,7101017913083;37,106018025727
"Eskimo_Aleut";"curveball";0,98832785735503;46,6666666666667;46,026936026936;46,6636980790113;37,5290298612501
"Eskimo_Aleut";"curveball";0,98832785735503;45,967365967366;46,026936026936;45,9676423945565;37,1085659764236
"Eskimo_Aleut";"curveball";0,987092776263363;46,4335664335664;46,3131313131313;46,4330075698985;37,4927042911532
"Eskimo_Aleut";"curveball";0,989342953868182;46,8531468531469;47,5925925925926;46,8565781558821;38,3905286127283
"Eskimo_Aleut";"curveball";0,989342953868182;46,8531468531469;47,5925925925926;46,8565781558821;38,5032264626152
"Eskimo_Aleut";"curveball";0,988582662096862;46,8764568764569;47,1380471380471;46,8776707523807;38,1851902349283
"Eskimo_Aleut";"curveball";0,989005790461426;46,6666666666667;46,3973063973064;46,6654167350223;36,850183187309
"Eskimo_Aleut";"curveball";0,989005790461426;46,7987567987568;46,3973063973064;46,7968939198638;37,0464623167487
"Eskimo_Aleut";"curveball";0,989005790461426;46,7210567210567;46,3973063973064;46,7195543993688;37,2138119989066
"Eskimo_Aleut";"curveball";0,988531238889676;46,5112665112665;46,3973063973064;46,5107376940324;37,2080367248048
"Eskimo_Aleut";"curveball";0,989286297865678;45,8352758352758;46,9360269360269;45,8403837290148;36,9137383079108
"Eskimo_Aleut";"curveball";0,98933168459802;45,4623154623155;46,1952861952862;45,465716718617;37,1733873501544
"Eskimo_Aleut";"curveball";0,989357193612932;45,7886557886558;47,4747474747475;45,7964798800066;38,182346811586
"Eskimo_Aleut";"curveball";0,989369408647483;45,7575757575758;47,1043771043771;45,7638254157976;37,2732722033251
"Eskimo_Aleut";"curveball";0,988583941283664;45,7731157731158;46,1111111111111;45,774684196958;37,7603796006734
"Eskimo_Aleut";"curveball";0,988875630585297;45,7109557109557;47,4747474747475;45,7191403595116;37,4325826492676
"Eskimo_Aleut";"curveball";0,989863927127914;46,6433566433566;46,7340067340067;46,6437772934293;37,1494643891202
"Eskimo_Aleut";"curveball";0,989936352655821;46,6122766122766;46,8181818181818;46,6132320888701;37,02246409023
"Eskimo_Aleut";"curveball";0,990713672630743;46,3791763791764;47,3569023569024;46,3837133906739;36,7859340805765
"Eskimo_Aleut";"curveball";0,990713672630743;46,1926961926962;47,3569023569024;46,198098541486;36,7873189501116
"Eskimo_Aleut";"curveball";0,988639197515492;46,2393162393162;46,1952861952862;46,2391119235667;36,8665723179885
"Eskimo_Aleut";"curveball";0,989166968354892;46,2548562548563;47,5589225589226;46,2609076066153;36,9281528984242
"Eskimo_Aleut";"curveball";0,989411169154425;46,2393162393162;46,7340067340067;46,2416117868554;36,9575069734748
"Eskimo_Aleut";"curveball";0,989411169154425;46,2470862470863;46,7340067340067;46,2493457389049;37,2161411947336
"Eskimo_Aleut";"curveball";0,988961247046815;46,1072261072261;46,7340067340067;46,110134602014;37,6564687780532
"Eskimo_Aleut";"curveball";0,988961247046815;46,2548562548563;46,7340067340067;46,2570796909544;37,6034987825025
"Eskimo_Aleut";"curveball";0,991215577257977;46,7987567987568;47,1043771043771;46,8001749904302;37,4369395393948
"Eskimo_Aleut";"curveball";0,990750022643414;46,5190365190365;47,1043771043771;46,5217527166483;37,4156934879891
"Eskimo_Aleut";"curveball";0,990261985819032;46,5190365190365;47,4747474747475;46,5234713726593;37,5147336125884
"Eskimo_Aleut";"curveball";0,990228824446501;47,031857031857;47,3063973063973;47,0331310006484;38,1776996625447
"Eskimo_Aleut";"curveball";0,989286297865678;46,9230769230769;46,9360269360269;46,9231370159444;38,0032170536931
"Eskimo_Aleut";"curveball";0,989540110167716;46,6355866355866;47,020202020202;46,6373713937519;37,0638862017194
"Eskimo_Aleut";"curveball";0,989540110167716;46,4724164724165;47,020202020202;46,4749584007125;36,9986952964638
"Eskimo_Aleut";"curveball";0,989540110167716;46,6122766122766;47,020202020202;46,6141695376034;37,0995631729952
"Eskimo_Aleut";"curveball";0,989783793746931;46,8919968919969;47,020202020202;46,8925918113853;37,9514020566432
"Eskimo_Aleut";"curveball";0,988777792412835;46,8065268065268;46,4814814814815;46,8050184755521;37,1523293062468
"Eskimo_Aleut";"curveball";0,987823141076915;46,7521367521367;46,8518518518518;46,7525994672166;36,8145334632837
"Eskimo_Aleut";"curveball";0,988557757652957;46,6122766122766;46,4814814814815;46,6116696743147;37,180231940975
"Eskimo_Aleut";"curveball";0,98931911753001;46,2781662781663;47,020202020202;46,281609599475;37,1110320449245
"Eskimo_Aleut";"curveball";0,98931911753001;46,5889665889666;47,020202020202;46,5909676814549;37,5927439476895
"Eskimo_Aleut";"curveball";0,98931911753001;46,4879564879565;47,020202020202;46,4904263048115;37,1891414946881
"Eskimo_Aleut";"curveball";0,988521648319795;46,7832167832168;46,3131313131313;46,7810354121259;37,1861217074881
"Eskimo_Aleut";"curveball";0,988067065414647;46,5034965034965;45,5723905723906;46,499175826322;36,738599604298
"Eskimo_Aleut";"curveball";0,989497658262303;46,8220668220668;46,6835016835017;46,8214238283844;37,0525864033857
"Eskimo_Aleut";"curveball";0,990316027520164;46,6045066045066;48,047138047138;46,6112009499481;37,92502721079
"Eskimo_Aleut";"curveball";0,990316027520164;46,8376068376068;48,047138047138;46,843219511433;38,0129462619286
"Eskimo_Aleut";"curveball";0,988875630585297;46,5268065268065;47,4747474747475;46,5312053247088;37,4967746415208
"Eskimo_Aleut";"curveball";0,988875630585297;46,5268065268065;47,4747474747475;46,5312053247088;37,320345742935
"Eskimo_Aleut";"curveball";0,988914694198912;46,4801864801865;47,1043771043771;46,4830829564008;36,989500560571
"Eskimo_Aleut";"curveball";0,988089815895305;46,6200466200466;45,2020202020202;46,6134664510535;37,7637984345766
"Eskimo_Aleut";"curveball";0,988617411308977;46,6200466200466;45,7407407407407;46,6159663143422;37,1571282181982
"Eskimo_Aleut";"curveball";0,989536972231452;46,7676767676768;45,7407407407407;46,7629114032826;37,1286736764009
"Eskimo_Aleut";"curveball";0,990975516791272;46,9153069153069;46,5656565656566;46,9136844078839;37,6785912829215
"Eskimo_Aleut";"curveball";0,991029340674088;47,0629370629371;47,8451178451178;47,0665666721351;38,0858943009313
"Eskimo_Aleut";"curveball";0,990983189079382;46,7599067599068;47,4747474747475;46,7632238861937;37,2006419604575
"Eskimo_Aleut";"curveball";0,990983189079382;46,7599067599068;47,4747474747475;46,7632238861937;37,1239398454635
"Eskimo_Aleut";"curveball";0,989572396787003;46,4646464646465;46,6498316498316;46,465505792652;36,5708668158356
"Eskimo_Aleut";"curveball";0,99025110792511;46,6511266511267;47,020202020202;46,6528392978509;37,0383335851533
"Eskimo_Aleut";"curveball";0,99025110792511;46,6511266511267;47,020202020202;46,6528392978509;37,08799490129
"Eskimo_Aleut";"curveball";0,990229841809596;46,7365967365967;47,7609427609428;46,7413500824174;37,4256636402061
"Eskimo_Aleut";"curveball";0,991721406003204;46,7365967365967;47,9292929292929;46,7421312896951;37,2758657135591
"Eskimo_Aleut";"curveball";0,990412074746594;46,1616161616162;47,2727272727273;46,1667721296492;36,7414039223645
"Eskimo_Aleut";"curveball";0,990364058962211;46,2315462315462;47,6430976430976;46,2380963541056;36,7176543744176
"Eskimo_Aleut";"curveball";0,988314181414649;46,3947163947164;46,4814814814815;46,3951190169288;36,651728400348
"Eskimo_Aleut";"curveball";0,988789413570394;46,4257964257964;45,6565656565657;46,4222269094659;37,3133378128943
"Eskimo_Aleut";"curveball";0,989824679624613;46,5656565656566;47,4747474747475;46,5698750849563;37,2171267576494
"Eskimo_Aleut";"curveball";0,989305413044896;46,5811965811966;46,5656565656566;46,5811244697556;37,6149008231419
"Eskimo_Aleut";"curveball";0,989335050391425;46,8142968142968;47,4747474747475;46,8173615505402;37,2620870889743
"Eskimo_Aleut";"curveball";0,989335050391425;46,4568764568765;47,4747474747475;46,4615997562633;37,4095273249163
"Eskimo_Aleut";"curveball";0,98931911753001;46,6278166278166;47,020202020202;46,6296374417024;37,7406140023038
"Eskimo_Aleut";"curveball";0,989286297865678;46,8376068376068;46,9360269360269;46,8380635434;38,0397796034803
"Eskimo_Aleut";"curveball";0,990242407640452;46,8142968142968;46,5656565656566;46,8131430312405;37,8406685361216
"Eskimo_Aleut";"curveball";0,990242407640452;46,8609168609169;46,5656565656566;46,8595467435375;38,0722786967522
"Eskimo_Aleut";"curveball";0,989752841029771;46,6899766899767;46,4814814814815;46,6890091948097;37,9313864394912
"Eskimo_Aleut";"curveball";0,991342576092294;46,7521367521367;47,1380471380471;46,7539275195888;38,7134084327633
"Eskimo_Aleut";"curveball";0,991214385006518;46,6433566433566;47,2222222222222;46,6460427945347;38,5794982031345
"Eskimo_Aleut";"curveball";0,991673040051213;46,5190365190365;47,7609427609428;46,5247994250314;38,4436478132656
"Eskimo_Aleut";"curveball";0,990899369075413;46,7987567987568;47,0538720538721;46,7999406282469;39,0531662130922
"Eskimo_Aleut";"curveball";0,991058398430473;45,959595959596;46,8855218855219;45,9638925996235;40,4828911561874
"Eskimo_Aleut";"curveball";0,991325484311924;46,1460761460761;46,5993265993266;46,1481793964393;39,5674497731678
"Eskimo_Aleut";"curveball";0,990461273777079;46,8453768453768;46,3131313131313;46,8429070285219;37,8602009639393
"Eskimo_Aleut";"curveball";0,992412259878354;46,5345765345765;47,4747474747475;46,5389392767583;37,1455718875268
"Eskimo_Aleut";"curveball";0,991751696086535;46,8686868686869;47,3063973063973;46,870718007609;37,8908704375628
"Eskimo_Aleut";"curveball";0,991751696086535;46,7210567210567;47,3063973063973;46,7237729186685;37,3811417412949
"Eskimo_Aleut";"curveball";0,990723159166756;47,031857031857;46,5993265993266;47,029849930082;38,7748989999923
"Eskimo_Aleut";"curveball";0,990723159166756;46,961926961927;46,5993265993266;46,9602443616365;38,5344661193008
"Eskimo_Aleut";"curveball";0,9897097156625;46,961926961927;46,5993265993266;46,9602443616365;38,8457200272727
"Eskimo_Aleut";"curveball";0,989100885943325;47,0707070707071;47,0538720538721;47,0706289499793;38,269992972162
"Eskimo_Aleut";"curveball";0,989874553126712;46,954156954157;47,5084175084175;46,9567289288867;38,7587751764368
"Eskimo_Aleut";"curveball";0,990237045157858;46,7987567987568;47,2222222222222;46,8007218355246;37,6069470485344
"Eskimo_Aleut";"curveball";0,990053987177385;46,954156954157;47,1380471380471;46,9550102728757;38,1960163423956
"Eskimo_Aleut";"curveball";0,990053987177385;46,6355866355866;47,1380471380471;46,6379182388463;38,0678099036056
"Eskimo_Aleut";"curveball";0,989561220919858;46,6977466977467;47,1380471380471;46,6997898552423;37,8149617476119
"Eskimo_Aleut";"curveball";0,990283484391741;46,7210567210567;47,7609427609428;46,7258821783184;37,599891335575
"Eskimo_Aleut";"curveball";0,989748979672023;46,7754467754468;46,8518518518518;46,7758013233651;37,1744797752167
"Eskimo_Aleut";"curveball";0,989270522323886;46,7365967365967;46,8518518518518;46,7371315631176;37,3815838597517
"Eskimo_Aleut";"curveball";0,988853689713594;46,2703962703963;45,7407407407407;46,2679384721148;37,9371605515473
"Eskimo_Aleut";"curveball";0,988597910341214;46,1072261072261;45,2861952861953;46,1034162194255;38,1762635141629
"Eskimo_Aleut";"curveball";0,988597910341214;46,1072261072261;45,2861952861953;46,1034162194255;37,8690358879657
"Eskimo_Aleut";"curveball";0,989016435367214;46,7987567987568;46,026936026936;46,7951752638528;37,6700467385209
"Eskimo_Aleut";"curveball";0,989772607546821;46,7987567987568;46,5656565656566;46,7976751271415;38,0949136207399
"Eskimo_Aleut";"curveball";0,989795879796277;46,5501165501165;46,6498316498317;46,5505792651964;37,2860699426444
"Eskimo_Aleut";"curveball";0,989795879796277;46,3170163170163;46,6498316498317;46,3185607037115;37,4060852795325
"Eskimo_Aleut";"curveball";0,989863944167831;46,1305361305361;46,7340067340067;46,1333364581624;37,5336499064239
"Eskimo_Aleut";"curveball";0,989863944167831;46,2937062937063;46,7340067340067;46,2957494512019;37,002653317878
"Eskimo_Aleut";"curveball";0,9903138899575;46,5501165501165;46,7340067340067;46,5509698688353;36,9159473022705
"Eskimo_Aleut";"curveball";0,989452148499539;46,7754467754468;46,026936026936;46,7719734077043;36,9978616366946
"Eskimo_Aleut";"curveball";0,989473713961949;46,5889665889666;45,6565656565657;46,5846399025053;37,012220487029
"Eskimo_Aleut";"curveball";0,989752841029771;46,5268065268065;46,4814814814815;46,5265962017702;37,9709051004586
"Eskimo_Aleut";"curveball";0,990982335850671;46,6977466977467;46,2794612794613;46,6958056981259;37,2242681148097
"Eskimo_Aleut";"curveball";0,990750022643414;46,6511266511267;47,1043771043771;46,6532299014898;37,7690536176991
"Eskimo_Aleut";"curveball";0,99078130613067;46,2781662781663;48,013468013468;46,2862187224136;37,092634345842
"Eskimo_Aleut";"curveball";0,99078130613067;46,2082362082362;48,013468013468;46,2166131539681;37,4031205693831
"Eskimo_Aleut";"curveball";0,990290351806338;46,2082362082362;48,3838383838384;46,2183318099791;37,4933758198819
"Eskimo_Aleut";"curveball";0,990290351806338;46,0606060606061;48,3838383838384;46,0713867210387;36,9601717518335
"Eskimo_Aleut";"curveball";0,991685470754455;46,6200466200466;48,3838383838384;46,6282312686025;36,9290009867199
"Eskimo_Aleut";"curveball";0,991677670566974;46,8298368298368;47,9292929292929;46,8349387142891;37,1763067651965
"Eskimo_Aleut";"curveball";0,989812794114135;46,8531468531469;47,9292929292929;46,8581405704376;37,1575785387501
"Eskimo_Aleut";"curveball";0,989278728936654;46,993006993007;46,4814814814815;46,9906333247401;37,9626905624225
"Eskimo_Aleut";"curveball";0,989752841029771;46,8531468531469;46,4814814814815;46,8514221878491;38,2789442471108
"Eskimo_Aleut";"curveball";0,990229898644707;46,993006993007;46,8518518518518;46,9923519807511;38,7209349651626
"Eskimo_Aleut";"curveball";0,990710661064267;46,8220668220668;46,1111111111111;46,8187677236401;38,1352781655296
"Eskimo_Aleut";"curveball";0,990710661064267;46,5112665112665;46,1111111111111;46,5094096416602;37,8434692474487
"Eskimo_Aleut";"curveball";0,991198971043789;47,0707070707071;46,8518518518518;47,069691501246;38,2696658151775
"Eskimo_Aleut";"curveball";0,990443742627433;47,008547008547;46,4814814814815;47,0061012288391;37,9153832503292
"Eskimo_Aleut";"curveball";0,988538744845775;46,969696969697;46,8518518518519;46,9691501246026;37,7798186987096
"Eskimo_Aleut";"curveball";0,988092788608041;46,5034965034965;46,4814814814815;46,5033943456217;37,7620728843531
"Eskimo_Aleut";"curveball";0,989588377220469;46,5734265734266;46,6498316498317;46,5737811213449;37,6700574112627
"Eskimo_Aleut";"curveball";0,98807881743951;46,6666666666667;46,026936026936;46,6636980790113;37,377583966759
"Eskimo_Aleut";"curveball";0,987561726666558;46,6511266511267;44,5791245791246;46,6415117923239;37,6473177463679
"Eskimo_Aleut";"curveball";0,989588377220469;46,5578865578866;46,6498316498316;46,5583132172459;37,1702383364572
"Eskimo_Aleut";"curveball";0,990519275230716;46,6511266511267;46,6498316498316;46,6511206418399;36,9120684179746
"Eskimo_Aleut";"curveball";0,99127111743445;46,6588966588967;46,8518518518518;46,6597920426227;36,7076216042897
"Eskimo_Aleut";"curveball";0,991009073986957;46,4724164724165;45,9427609427609;46,469958674135;36,5274344048714
"Eskimo_Aleut";"curveball";0,991764500160365;46,4646464646465;46,8181818181818;46,4662869999297;36,479879965348
"Eskimo_Aleut";"curveball";0,992679324064308;46,4646464646465;47,9292929292929;46,4714429679627;36,8702117472686
"Eskimo_Aleut";"curveball";0,991386185163711;46,0994560994561;47,3569023569024;46,105291116892;36,4080254298311
"Eskimo_Aleut";"curveball";0,990812841629664;46,5501165501165;47,1885521885522;46,5530791284852;37,1402520210005
"Eskimo_Aleut";"curveball";0,990303192790446;46,5190365190365;47,9292929292929;46,5255806323092;37,714285571529
"Eskimo_Aleut";"curveball";0,990522828734312;46,5345765345765;46,2794612794613;46,5333927050864;37,1331548577567
"Eskimo_Aleut";"curveball";0,990522828734312;46,5345765345765;46,2794612794613;46,5333927050864;37,4207338192532
"Eskimo_Aleut";"curveball";0,988769435880535;46,3947163947164;45,9090909090909;46,3924629121845;37,1380811265723
"Eskimo_Aleut";"curveball";0,988514205398943;46,4413364413364;46,7340067340067;46,4426945401423;37,7971206981965
"Eskimo_Aleut";"curveball";0,988314710549682;46,6278166278166;46,3973063973064;46,6267469747748;37,602812444534
"Eskimo_Aleut";"curveball";0,988314710549682;46,5811965811966;46,3973063973064;46,5803432624778;37,4448057441925
"Eskimo_Aleut";"curveball";0,989564641461865;46,5811965811966;47,020202020202;46,5832337294054;37,5792911661859
"Eskimo_Aleut";"curveball";0,98807881743951;46,8531468531469;46,026936026936;46,8493129281992;37,6050880892339
"Eskimo_Aleut";"curveball";0,988105576628897;46,6433566433566;45,6565656565657;46,6387775668518;37,7828062809551
"Eskimo_Aleut";"curveball";0,987370670588712;46,6511266511267;46,3973063973064;46,6499488309233;38,0707043664776
"Eskimo_Aleut";"curveball";0,987841397076387;46,8609168609169;46,3973063973064;46,8587655362597;37,9665140371062
"Eskimo_Aleut";"curveball";0,987579560397589;46,8298368298368;45,9427609427609;46,8257204684119;37,9816233125553
"Eskimo_Aleut";"curveball";0,988840864884402;46,7676767676768;46,5656565656566;46,7667393189435;37,8369442039017
"Eskimo_Aleut";"curveball";0,98807881743951;46,8531468531469;46,026936026936;46,8493129281992;37,9212642655027
"Eskimo_Aleut";"curveball";0,987293209045194;46,8997668997669;45,3198653198653;46,8924355699298;38,1323322456059
"Eskimo_Aleut";"curveball";0,988806984782007;47,039627039627;46,2289562289562;47,0358652261204;38,4893617841853
"Eskimo_Aleut";"curveball";0,98878894464221;46,7599067599068;45,4882154882155;46,7540056403165;38,4709109914154
"Eskimo_Aleut";"curveball";0,98878894464221;46,7599067599068;45,4882154882155;46,7540056403165;38,5929803607361
"Eskimo_Aleut";"curveball";0,98878894464221;46,7210567210567;45,4882154882155;46,7153358800691;38,8518341249981
"Eskimo_Aleut";"curveball";0,98878894464221;46,5656565656566;45,4882154882155;46,5606568390791;38,4774577285945
"Eskimo_Aleut";"curveball";0,988793595199075;46,2781662781663;45,5723905723906;46,2748912168866;38,24970727527
"Eskimo_Aleut";"curveball";0,989322233891697;46,3869463869464;46,026936026936;46,3852758052294;38,1739078588394
"Eskimo_Aleut";"curveball";0,988793595199075;46,9153069153069;45,5723905723906;46,9090752849454;37,7544414456624
"Eskimo_Aleut";"curveball";0,989546603219646;46,7521367521367;46,1111111111111;46,7491621551946;37,8337241311456
"Eskimo_Aleut";"curveball";0,989541505744194;46,7909867909868;45,9427609427609;46,7870507081644;37,6958139541803
"Eskimo_Aleut";"curveball";0,988598011162868;46,8842268842269;46,2289562289562;46,8811861851305;38,4831698305754
"Eskimo_Aleut";"curveball";0,989629853657412;46,7987567987568;46,3131313131313;46,7965033162249;38,7147053935919
"Eskimo_Aleut";"curveball";0,990155845202276;46,8453768453768;46,6835016835017;46,8446256845329;38,8255023628081
"Eskimo_Aleut";"curveball";0,989494914342925;46,7288267288267;46,0606060606061;46,7257259368628;39,4063332960552
"Eskimo_Aleut";"curveball";0,990215379792318;46,7288267288267;46,5993265993266;46,7282258001516;39,8062786536803
"Eskimo_Aleut";"curveball";0,989494914342925;46,8764568764569;46,0606060606061;46,8726710258033;39,2056863313349
"Eskimo_Aleut";"curveball";0,988986641918488;46,6433566433566;46,0606060606061;46,6406524643184;38,9034214864408
"Eskimo_Aleut";"curveball";0,987346171014767;45,5710955710956;45,4040404040404;45,5703203731046;37,7059254635227
"Eskimo_Aleut";"curveball";0,987346171014767;46,0839160839161;45,4040404040404;46,0807612083714;37,9649308759957
"Eskimo_Aleut";"curveball";0,988839205905451;47,0862470862471;46,1447811447811;47,0818783347786;38,1545051533528
"Eskimo_Aleut";"curveball";0,989572433998592;47,0551670551671;46,6835016835017;47,0534423898693;38,4214780191147
"Eskimo_Aleut";"curveball";0,988041039114277;46,8997668997669;45,8585858585859;46,8949354332185;37,8418985674502
"Eskimo_Aleut";"curveball";0,989056024203288;46,9075369075369;46,8518518518518;46,9072785082066;37,8429337351933
"Eskimo_Aleut";"curveball";0,989756766282313;46,8376068376068;45,6565656565657;46,8321263680892;37,9367549388039
"Eskimo_Aleut";"curveball";0,990233046264057;47,031857031857;46,3973063973064;47,0289124813487;38,1261451389546
"Eskimo_Aleut";"curveball";0,989491954856674;47,031857031857;45,8585858585859;47,02641261806;37,8962995675788
"Eskimo_Aleut";"curveball";0,989491954856674;47,031857031857;45,8585858585859;47,02641261806;38,0064963480573
"Eskimo_Aleut";"curveball";0,989489132179648;46,8997668997669;46,026936026936;46,8957166404962;37,8355545482995
"Eskimo_Aleut";"curveball";0,990928828812057;46,7909867909868;46,3973063973064;46,7891599678143;37,8773633104518
"Eskimo_Aleut";"curveball";0,990928828812057;46,7909867909868;46,3973063973064;46,7891599678143;37,874222657143
"Eskimo_Aleut";"curveball";0,991193239359974;46,961926961927;47,3063973063973;46,9635254322029;37,7139211026442
"Eskimo_Aleut";"curveball";0,99129415527489;46,8065268065268;47,2222222222222;46,8084557875741;38,779766909527
"Eskimo_Aleut";"curveball";0,991139780266104;46,8842268842269;47,1380471380471;46,8854047044302;39,1469575424751
"Eskimo_Aleut";"curveball";0,991139780266104;46,7288267288267;47,1380471380471;46,7307256634403;39,4624035563381
"Eskimo_Aleut";"curveball";0,991139780266104;46,5423465423465;47,1380471380471;46,5451108142523;38,7107531098351
"Eskimo_Aleut";"curveball";0,991139780266104;46,8220668220668;47,1380471380471;46,8235330880342;38,8811046728638
"Eskimo_Aleut";"curveball";0,989516256246855;46,5656565656566;46,8855218855219;46,5671408594842;38,9512701792987
"Eskimo_Aleut";"curveball";0,989516256246855;46,1693861693862;46,8855218855219;46,1727093049599;38,6293398229179
"Eskimo_Aleut";"curveball";0,990416884000447;46,1693861693862;46,5993265993266;46,1713812525878;38,7901922662935
"Eskimo_Aleut";"curveball";0,989912392338036;45,8430458430458;46,5993265993266;45,8465552665089;38,6733209014691
"Eskimo_Aleut";"curveball";0,990812934163731;46,2004662004662;46,7676767676768;46,2030982680635;38,2351150198424
"Eskimo_Aleut";"curveball";0,988363472040129;46,0994560994561;46,7676767676768;46,10255689142;37,8278448020964
"Eskimo_Aleut";"curveball";0,988363472040129;46,4724164724165;46,7676767676768;46,4737865897959;39,0317930945822
"Eskimo_Aleut";"curveball";0,98933128254491;46,6433566433566;47,3905723905724;46,6468240018124;37,8364091093484
"Eskimo_Aleut";"curveball";0,986877589512072;46,6355866355866;45,6902356902357;46,6311998562579;38,4280986412939
"Eskimo_Aleut";"curveball";0,986867883582289;46,5501165501165;45,3198653198653;46,5444077277024;38,3101371753149
"Eskimo_Aleut";"curveball";0,989856470441616;46,9230769230769;45,6902356902357;46,9173560820893;38,6232351283362
"Eskimo_Aleut";"curveball";0,990461273777079;47,0784770784771;46,3131313131313;47,0749255900068;38,4385301557812
"Eskimo_Aleut";"curveball";0,990928828812057;47,0551670551671;46,3973063973064;47,0521143374972;38,0629838827148
"Eskimo_Aleut";"curveball";0,989502346987416;46,9463869463869;45,6565656565657;46,9404016967822;37,4319367907089
"Eskimo_Aleut";"curveball";0,988546316999414;46,7365967365967;46,026936026936;46,7333036474568;37,870760292482
"Eskimo_Aleut";"curveball";0,989482863686316;47,0707070707071;46,3973063973064;47,0675822415962;37,6797320962617
"Eskimo_Aleut";"curveball";0,989482863686316;46,9230769230769;46,3973063973064;46,9206371526557;37,4086801861905
"Eskimo_Aleut";"curveball";0,990974810504535;46,9075369075369;47,3905723905724;46,9097783714953;37,3829432797
"Eskimo_Aleut";"curveball";0,991193488538875;46,7909867909868;47,020202020202;46,7920504347418;36,7448233783249
"Eskimo_Aleut";"curveball";0,991518130415713;47,024087024087;47,3905723905724;47,0257876522378;38,0953779072208
"Eskimo_Aleut";"curveball";0,991036798263049;47,0707070707071;48,2154882154882;47,0760192801956;38,1003396658167
"Eskimo_Aleut";"curveball";0,991512494646645;47,0707070707071;47,8451178451178;47,0743006241846;38,1878024108224
"Eskimo_Aleut";"curveball";0,990767414986013;46,8065268065268;47,4747474747475;46,8096275984907;37,7623282062772
"Eskimo_Aleut";"curveball";0,988892349380355;46,5268065268065;47,4747474747475;46,5312053247088;37,6301840014725
"Eskimo_Aleut";"curveball";0,988892349380355;46,5268065268065;47,4747474747475;46,5312053247088;37,8957985420963
"Eskimo_Aleut";"curveball";0,989326996669803;46,6200466200466;48,2154882154882;46,6274500613248;38,1847388892088
"Eskimo_Aleut";"curveball";0,989326996669803;45,6410256410256;48,2154882154882;45,6529721030881;37,6167717171865
"Eskimo_Aleut";"curveball";0,989326996669803;46,6278166278166;48,2154882154882;46,6351840133743;37,9257477947733
"Eskimo_Aleut";"curveball";0,989326996669803;46,3403263403263;48,2154882154882;46,3490277875429;37,577150241688
"Eskimo_Aleut";"curveball";0,988372118368385;45,8585858585859;47,1380471380471;45,8645230338966;38,6515983877876
"Eskimo_Aleut";"curveball";0,989286297865678;45,6721056721057;46,9360269360269;45,6779707359754;37,4471685302679
"Eskimo_Aleut";"curveball";0,98975536972936;46,045066045066;48,047138047138;46,0543564023843;37,4275126877079
"Eskimo_Aleut";"curveball";0,989065411137348;46,3791763791764;47,8451178451178;46,3859788917794;36,3519763852533
"Eskimo_Aleut";"curveball";0,989065411137348;46,5578865578866;47,8451178451178;46,5638597889178;36,6006208100361
"Eskimo_Aleut";"curveball";0,990542817163057;46,3325563325563;46,7340067340067;46,3344192114494;37,0623186861982
"Eskimo_Aleut";"curveball";0,990014840759372;46,3325563325563;46,1952861952862;46,3319193481607;37,5597889375905
"Eskimo_Aleut";"curveball";0,990014840759372;45,9362859362859;46,1952861952862;45,9374877936363;37,4872961148934
"Eskimo_Aleut";"curveball";0,989981088307428;46,4957264957265;46,1111111111111;46,4939417375612;38,1148511267843
"Eskimo_Aleut";"curveball";0,989981088307428;46,4957264957265;46,1111111111111;46,4939417375612;37,8705148441329
"Eskimo_Aleut";"curveball";0,990999742562145;46,1460761460761;46,7340067340067;46,1488043622614;37,0998754776795
"Eskimo_Aleut";"curveball";0,990287819581915;46,1693861693862;46,026936026936;46,1687251478435;38,6176408708508
"Eskimo_Aleut";"curveball";0,989535969131323;46,006216006216;45,5723905723906;46,0042028951542;38,293064337568
"Eskimo_Aleut";"curveball";0,989060678293466;46,006216006216;45,4882154882155;46,0038122915153;39,1085258304103
"Eskimo_Aleut";"curveball";0,989803816139254;45,8275058275058;46,026936026936;45,8284312576656;39,0576569792027
"Eskimo_Aleut";"curveball";0,990815670203628;46,0761460761461;47,020202020202;46,0805268461881;38,1381467884248
"Eskimo_Aleut";"curveball";0,990815670203628;45,6410256410256;47,020202020202;45,6474255314163;38,1155542822227
"Eskimo_Aleut";"curveball";0,99006986959435;45,5555555555556;46,5656565656566;45,5602427992219;38,1618887547013
"Eskimo_Aleut";"curveball";0,991052812567424;45,2758352758353;47,3063973063973;45,285257837462;37,9975360751476
"Eskimo_Aleut";"curveball";0,9900696287481;45,5788655788656;46,9360269360269;45,5851633113814;38,1610506886193
"Eskimo_Aleut";"curveball";0,9900696287481;46,3714063714064;46,9360269360269;46,3740264204301;38,7137287409524
"Eskimo_Aleut";"curveball";0,989056024203288;46,4180264180264;46,8518518518518;46,4200395290882;38,3000416842194
"Eskimo_Aleut";"curveball";0,98909861803925;46,3791763791764;47,020202020202;46,3821509761185;38,1101059195899
"Eskimo_Aleut";"curveball";0,987841397076387;46,6200466200466;46,3973063973064;46,6190130227253;37,7630573988943
"Eskimo_Aleut";"curveball";0,988589453146132;46,4102564102564;46,4814814814815;46,4105869210278;37,9824688940007
"Eskimo_Aleut";"curveball";0,98960675434714;46,2859362859363;47,4747474747475;46,2914528111744;37,8723800826541
"Eskimo_Aleut";"curveball";0,990069321150804;46,6278166278166;48,2154882154882;46,6351840133743;37,8537703289916
"Eskimo_Aleut";"curveball";0,990511851808228;46,4724164724165;47,4747474747475;46,4770676603623;37,1564469886622
"Eskimo_Aleut";"curveball";0,990767414986013;46,2393162393162;47,4747474747475;46,2450490988774;37,4405431580915
"Eskimo_Aleut";"curveball";0,990017326723609;46,2393162393162;46,9360269360269;46,2425492355887;37,1859561995522
"Eskimo_Aleut";"curveball";0,990017326723609;46,4724164724165;46,9360269360269;46,4745677970736;37,542692023131
"Eskimo_Aleut";"curveball";0,98908600387056;46,3714063714064;46,5656565656566;46,3723077644191;37,1104784633054
"Eskimo_Aleut";"curveball";0,98908600387056;46,3791763791764;46,5656565656566;46,3800417164686;37,2795861083677
"Eskimo_Aleut";"curveball";0,990563295831809;46,5578865578866;47,3063973063973;46,5613599256291;37,7425905762018
"Eskimo_Aleut";"curveball";0,990983189079382;46,5578865578866;47,4747474747475;46,5621411329068;36,4821542376541
"Eskimo_Aleut";"curveball";0,990983189079382;46,3480963480963;47,4747474747475;46,3533244275704;36,3351258604159
"Eskimo_Aleut";"curveball";0,991741425423338;46,5734265734266;47,7609427609428;46,5789370893779;37,2806918866812
"Eskimo_Aleut";"curveball";0,990974810504535;46,4413364413364;47,3905723905724;46,4457412485255;36,865399382908
"Eskimo_Aleut";"curveball";0,990974810504535;46,4879564879565;47,3905723905724;46,4921449608225;37,3483701260021
"Eskimo_Aleut";"curveball";0,990015832441604;46,3247863247863;47,7609427609428;46,331450623794;37,286941992833
"Eskimo_Aleut";"curveball";0,990015832441604;46,2781662781663;47,7609427609428;46,285046911497;36,991073583371
"Eskimo_Aleut";"curveball";0,990015832441604;46,5889665889666;47,7609427609428;46,5944049934769;37,5772529658795
"Eskimo_Aleut";"curveball";0,99001585540693;46,3247863247863;47,3063973063973;46,3293413641441;37,3495792971944
"Eskimo_Aleut";"curveball";0,991973248771756;46,2470862470863;47,6430976430976;46,2535642582046;36,8987716446946
"Eskimo_Aleut";"curveball";0,991131073249572;46,2160062160062;46,9023569023569;46,2191911379846;36,4473753057066
"Eskimo_Aleut";"curveball";0,990359187878865;46,2160062160062;46,3636363636364;46,2166912746959;36,8501893588139
"Eskimo_Aleut";"curveball";0,988840864884402;46,3092463092463;46,5656565656566;46,3104361480232;37,8390264487208
"Eskimo_Aleut";"curveball";0,988840864884402;46,0916860916861;46,5656565656566;46,0938854906372;37,6431920225293
"Eskimo_Aleut";"curveball";0,989750279183636;46,4568764568765;47,3063973063973;46,4608185489856;38,5313776018519
"Eskimo_Aleut";"curveball";0,990739989358976;46,4413364413364;47,9292929292929;46,4482411118142;36,8054775013457
"Eskimo_Aleut";"curveball";0,990764551311711;46,2859362859363;47,5589225589226;46,2918434148133;36,4823475350437
"Eskimo_Aleut";"curveball";0,990773390474686;46,7676767676768;47,9292929292929;46,7730670978931;37,8181788649437
"Eskimo_Aleut";"curveball";0,98914556166905;46,4102564102564;47,1380471380471;46,4136336294109;39,0990896977024
"Eskimo_Aleut";"curveball";0,989056566064871;46,5423465423465;47,2222222222222;46,5455014178912;39,206175641761
"Eskimo_Aleut";"curveball";0,988788728718065;46,5268065268065;46,7676767676768;46,5279242541423;39,1097121921582
"Eskimo_Aleut";"curveball";0,988309216557683;46,5268065268065;47,1380471380471;46,5296429101533;39,1811686334189
"Eskimo_Aleut";"curveball";0,989055426132754;46,8065268065268;47,6767676767677;46,810565047224;38,9200928695927
"Eskimo_Aleut";"curveball";0,987602367255747;46,5578865578866;46,8518518518518;46,5592506659792;38,2716979190732
"Eskimo_Aleut";"curveball";0,98985854665888;46,7909867909868;47,962962962963;46,7964251954971;39,2299424195281
"Eskimo_Aleut";"curveball";0,989874553126712;46,9308469308469;47,5084175084175;46,9335270727382;39,1325681888982
"Eskimo_Aleut";"curveball";0,990604174424238;46,8842268842269;48,047138047138;46,88962322373;38,3775358378699
"Eskimo_Aleut";"curveball";0,990604174424238;46,7832167832168;48,047138047138;46,7890818470865;38,2159750359856
"Eskimo_Aleut";"curveball";0,989469924640545;46,8686868686869;46,5151515151515;46,8670463334036;38,4972145028049
"Eskimo_Aleut";"curveball";0,989469924640545;46,8686868686869;46,5151515151515;46,8670463334036;38,6019159616413
"Eskimo_Aleut";"curveball";0,989469924640545;46,9153069153069;46,5151515151515;46,9134500457006;38,8155937494417
"Eskimo_Aleut";"curveball";0,989874553126712;46,9308469308469;47,5084175084175;46,9335270727382;38,89915551231
"Eskimo_Aleut";"curveball";0,989207365005366;46,985236985237;46,8855218855219;46,9847742701571;38,8259344130504
"Eskimo_Aleut";"curveball";0,989874553126712;46,7055167055167;47,5084175084175;46,7092424633028;39,3320703730746
"Eskimo_Aleut";"curveball";0,990318409844198;46,7676767676768;46,7676767676768;46,7676767676768;39,1650405692529
"Eskimo_Aleut";"curveball";0,990708895293982;46,5112665112665;46,9360269360269;46,5132375573211;37,4219173390912
"Eskimo_Aleut";"curveball";0,990708895293982;46,5578865578866;46,9360269360269;46,5596412696181;37,6165135993452
"Eskimo_Aleut";"curveball";0,99050256591609;46,8609168609169;46,8518518518518;46,8608747959096;38,6464641703094
"Eskimo_Aleut";"curveball";0,99097580531646;46,8842268842269;46,9360269360269;46,884467255697;38,3222827999582
"Eskimo_Aleut";"curveball";0,99097580531646;46,7210567210567;46,9360269360269;46,7220542626575;38,1075595797366
"Eskimo_Aleut";"curveball";0,99097580531646;46,2859362859363;46,9360269360269;46,2889529478857;38,0054770966332
"Eskimo_Aleut";"curveball";0,991980909477876;46,0994560994561;47,6767676767677;46,1067754107197;38,4685584409547
"Eskimo_Aleut";"curveball";0,991787647514451;46,1693861693862;48,5016835016835;46,1802088948261;38,6241039044227
"Eskimo_Aleut";"curveball";0,99024397440739;46,5811965811966;47,8451178451178;46,5870616450663;37,2830031676978
"Eskimo_Aleut";"curveball";0,989482863686316;46,8376068376068;46,3973063973064;46,8355636801112;37,6727497804288
"Eskimo_Aleut";"curveball";0,989502346987416;46,4646464646465;45,6565656565657;46,4608966697134;37,4626155865379
"Eskimo_Aleut";"curveball";0,990287115311698;46,4957264957265;47,1043771043771;46,4985508604998;37,592680272905
"Eskimo_Aleut";"curveball";0,99025110792511;46,5501165501165;47,020202020202;46,5522979212074;37,19365962602
"Eskimo_Aleut";"curveball";0,990492522447406;45,9440559440559;46,6498316498317;45,9473310053356;36,3948020707127
"Eskimo_Aleut";"curveball";0,990492522447406;46,1693861693862;46,6498316498316;46,1716156147711;36,9851391872611
"Eskimo_Aleut";"curveball";0,987765549417225;45,5633255633256;46,6498316498316;45,5683673549103;37,8181593387493
"Eskimo_Aleut";"curveball";0,988546085495224;45,7264957264957;47,1885521885522;45,7332802112385;37,8388778891569
"Eskimo_Aleut";"curveball";0,988841800578457;45,6565656565657;46,8181818181818;45,661955986782;37,7295217761801
"Eskimo_Aleut";"curveball";0,988841800578457;45,3923853923854;46,8181818181818;45,3990016170991;37,2422127086182
"Eskimo_Aleut";"curveball";0,990164266750879;46,1849261849262;46,8181818181818;46,1878647261478;37,1963191403438
"Eskimo_Aleut";"curveball";0,990359187878865;46,2470862470863;46,3636363636364;46,2476270828939;36,6523435054906
"Eskimo_Aleut";"curveball";0,98974766320437;45,9362859362859;45,993265993266;45,936550344903;36,4376601940416
"Eskimo_Aleut";"curveball";0,990238498058307;46,0683760683761;46,9023569023569;46,0722460490442;36,6704224811129
"Eskimo_Aleut";"curveball";0,990238498058307;46,1383061383061;46,9023569023569;46,1418516174897;36,8146357373944
"Eskimo_Aleut";"curveball";0,99013898023238;46,2393162393162;47,6430976430976;46,2458303061551;36,917894161925
"Eskimo_Aleut";"curveball";0,99013898023238;46,1771561771562;47,6430976430976;46,1839586897592;36,7075442822599
"Eskimo_Aleut";"curveball";0,990610846958763;46,4335664335664;46,8181818181818;46,4353511917317;36,9964379101529
"Eskimo_Aleut";"curveball";0,989833230966882;46,2781662781663;46,6498316498317;46,279890943464;37,2337681017766
"Eskimo_Aleut";"curveball";0,990164266750879;46,2470862470863;46,8181818181818;46,2497363425438;37,3422058944261
"Eskimo_Aleut";"curveball";0,990164266750879;46,2470862470863;46,8181818181818;46,2497363425438;37,2404270860361
"Eskimo_Aleut";"curveball";0,990713241479042;46,7832167832168;46,8518518518518;46,7835352754146;37,8321935057792
"Eskimo_Aleut";"curveball";0,989269187978482;46,7987567987568;47,2222222222222;46,8007218355246;37,6363475718516
"Eskimo_Aleut";"curveball";0,989063847985798;46,7521367521367;47,5925925925926;46,7560367792386;38,4086191084701
"Eskimo_Aleut";"curveball";0,989063847985798;46,6977466977467;47,5925925925926;46,7018991148922;38,3383835666647
"Eskimo_Aleut";"curveball";0,989063847985798;46,7909867909868;47,5925925925926;46,7947065394861;38,4692290352174
"Eskimo_Aleut";"curveball";0,988141403689624;46,2393162393162;46,1111111111111;46,2387213199278;38,9939382756026
"Eskimo_Aleut";"curveball";0,988141403689624;46,1771561771562;46,1111111111111;46,1768497035318;38,3471157211803
"Eskimo_Aleut";"curveball";0,988883392612217;46,1460761460761;46,2289562289562;46,1464607404283;39,0011985431778
"Eskimo_Aleut";"curveball";0,988095435712983;45,8663558663559;45,9427609427609;45,8667104142742;37,8076987200344
"Eskimo_Aleut";"curveball";0,989590223230115;45,8275058275058;46,1111111111111;45,8288218613045;37,9337568375138
"Eskimo_Aleut";"curveball";0,989590223230115;45,9440559440559;46,1111111111111;45,9448311420469;37,6183249576341
"Eskimo_Aleut";"curveball";0,988633614252113;45,8508158508158;45,9427609427609;45,8512425101752;38,1198627572073
"Eskimo_Aleut";"curveball";0,988582654095912;46,1616161616162;46,026936026936;46,160991195794;38,3515766111535
"Eskimo_Aleut";"curveball";0,990022134902898;46,8220668220668;46,3973063973064;46,8200957760123;38,3503662599942
"Eskimo_Aleut";"curveball";0,990022134902898;46,7521367521367;46,3973063973064;46,7504902075668;38,0628079923712
"Eskimo_Aleut";"curveball";0,989354381005341;46,6588966588967;45,6902356902357;46,6544017124064;39,2486052850433
"Eskimo_Aleut";"curveball";0,98939071530847;46,7365967365967;46,0606060606061;46,7334598889123;39,0716019111176
"Eskimo_Aleut";"curveball";0,989278728936654;46,4335664335664;46,4814814814815;46,4337887771762;37,7908391040344
"Eskimo_Aleut";"curveball";0,990282348190941;46,5734265734266;46,1111111111111;46,5712812580562;38,149354666493
"Eskimo_Aleut";"curveball";0,990321206124732;46,4024864024864;46,2794612794613;46,401915520245;38,2114043152962
"Eskimo_Aleut";"curveball";0,989075590211624;46,4646464646465;46,1111111111111;46,4630059293632;37,8178239184553
"Eskimo_Aleut";"curveball";0,989802339308188;46,7599067599068;46,4814814814815;46,7586147632551;38,2305466770709
"Eskimo_Aleut";"curveball";0,989802339308188;46,7599067599068;46,4814814814815;46,7586147632551;38,0582642786461
"Eskimo_Aleut";"curveball";0,989802339308188;46,7754467754468;46,4814814814815;46,7740826673541;38,4546403475101
"Eskimo_Aleut";"curveball";0,989322244681166;46,6822066822067;47,3063973063973;46,685103158421;38,0875107129044
"Eskimo_Aleut";"curveball";0,990286891284955;46,7288267288267;47,3063973063973;46,731506870718;37,6918160818913
"Eskimo_Aleut";"curveball";0,99001585540693;46,8919968919969;47,3063973063973;46,8939198637575;37,7467628379009
"Eskimo_Aleut";"curveball";0,989068830636249;46,3636363636364;46,9360269360269;46,3662924683806;38,1703828299225
"Eskimo_Aleut";"swap";0,988688352666566;45,7575757575758;47,0538720538721;45,7635910536143;39,3504254005847
"Eskimo_Aleut";"swap";0,989187504516769;45,967365967366;47,0538720538721;45,9724077589507;39,2631608626305
"Eskimo_Aleut";"swap";0,989187504516769;45,967365967366;47,0538720538721;45,9724077589507;39,3749670091426
"Eskimo_Aleut";"swap";0,989187504516769;45,9440559440559;47,0538720538721;45,9492059028022;39,0350321711323
"Eskimo_Aleut";"swap";0,989187504516769;45,9440559440559;47,0538720538721;45,9492059028022;39,0537663269953
"Eskimo_Aleut";"swap";0,989187504516769;45,9440559440559;47,0538720538721;45,9492059028022;39,032863385383
"Eskimo_Aleut";"swap";0,989187504516769;45,9440559440559;47,0538720538721;45,9492059028022;39,0885711874261
"Eskimo_Aleut";"swap";0,988909923046236;45,7964257964258;46,5993265993266;45,8001515542119;39,0892946873903
"Eskimo_Aleut";"swap";0,98889439460005;46,3325563325563;47,0538720538721;46,3359035052771;38,8591500492878
"Eskimo_Aleut";"swap";0,989353164424993;46,4257964257964;47,1380471380471;46,4291015335099;38,3016130920175
"Eskimo_Aleut";"swap";0,989540560133458;46,6588966588967;47,2222222222222;46,6615106986337;38,114035380176
"Eskimo_Aleut";"swap";0,990286891284955;46,7443667443667;47,3063973063973;46,746974774817;37,988232334283
"Eskimo_Aleut";"swap";0,990286891284955;46,954156954157;47,3063973063973;46,9557914801534;38,1131487911933
"Eskimo_Aleut";"swap";0,99028258261032;46,8609168609169;47,3905723905724;46,8633746591983;37,8694182811116
"Eskimo_Aleut";"swap";0,990294766743181;46,5811965811966;47,4747474747475;46,5853429890553;37,7315642474111
"Eskimo_Aleut";"swap";0,990294766743181;46,5811965811966;47,4747474747475;46,5853429890553;37,749823770241
"Eskimo_Aleut";"swap";0,990557035443811;46,5501165501165;47,9292929292929;46,5565164405072;37,6173250719215
"Eskimo_Aleut";"swap";0,990068924711061;46,5501165501165;47,3905723905724;46,5540165772184;37,9330587206096
"Eskimo_Aleut";"swap";0,990068924711061;46,5501165501165;47,3905723905724;46,5540165772184;37,7739064128031
"Eskimo_Aleut";"swap";0,990068924711061;46,5501165501165;47,3905723905724;46,5540165772184;37,7874390791736
"Eskimo_Aleut";"swap";0,990068924711061;46,5501165501165;47,3905723905724;46,5540165772184;37,6329494966308
"Eskimo_Aleut";"swap";0,990288496484921;46,5811965811966;47,020202020202;46,5832337294054;37,9205559532113
"Eskimo_Aleut";"swap";0,990763570812485;46,8609168609169;47,020202020202;46,8616560031873;37,6942932358286
"Eskimo_Aleut";"swap";0,990763570812485;46,9075369075369;47,020202020202;46,9080597154843;37,9744301152458
"Eskimo_Aleut";"swap";0,990301334206694;46,8842268842269;46,6498316498316;46,8831392033248;38,0799159425641
"Eskimo_Aleut";"swap";0,990301334206694;46,8842268842269;46,6498316498316;46,8831392033248;38,0349245501428
"Eskimo_Aleut";"swap";0,989554534671297;46,8142968142968;46,5656565656566;46,8131430312405;37,9156736709427
"Eskimo_Aleut";"swap";0,98908600387056;46,5345765345765;46,5656565656566;46,5347207574586;38,2789889809994
"Eskimo_Aleut";"swap";0,98908600387056;46,5345765345765;46,5656565656566;46,5347207574586;38,1324589662352
"Eskimo_Aleut";"swap";0,98908600387056;46,3247863247863;46,5656565656566;46,3259040521222;38,2319168031837
"Eskimo_Aleut";"swap";0,98908600387056;46,1926961926962;46,5656565656566;46,1944268672807;37,6253680165776
"Eskimo_Aleut";"swap";0,989068830636249;46,2626262626263;46,9360269360269;46,2657510917372;37,5387724571586
"Eskimo_Aleut";"swap";0,989541811480821;46,5423465423465;46,9360269360269;46,5441733655191;37,4462531155601
"Eskimo_Aleut";"swap";0,989541811480821;46,5423465423465;46,9360269360269;46,5441733655191;37,3864764405865
"Eskimo_Aleut";"swap";0,989541811480821;46,5423465423465;46,9360269360269;46,5441733655191;37,4450957348959
"Eskimo_Aleut";"swap";0,988840864884402;46,1693861693862;46,5656565656566;46,1712250111322;37,0416720611805
"Eskimo_Aleut";"swap";0,988807173160609;46,4257964257964;46,4814814814815;46,4260548251267;37,3134207261398
"Eskimo_Aleut";"swap";0,988557757652957;46,3636363636364;46,4814814814815;46,3641832087308;37,2591273921118
"Eskimo_Aleut";"swap";0,988557757652957;46,3636363636364;46,4814814814815;46,3641832087308;37,2236648327539
"Eskimo_Aleut";"swap";0,988557757652957;45,9440559440559;46,4814814814815;45,9465497980579;37,1834279811987
"Eskimo_Aleut";"swap";0,988557757652957;45,9440559440559;46,4814814814815;45,9465497980579;37,2065807074605
"Eskimo_Aleut";"swap";0,989485495126182;45,7808857808858;46,8518518518518;45,7858554610295;37,4253121922307
"Eskimo_Aleut";"swap";0,989485495126182;46,2703962703963;46,8518518518518;46,2730944401478;37,5734464892998
"Eskimo_Aleut";"swap";0,989504248880742;46,3636363636364;46,9360269360269;46,3662924683806;37,3542875719304
"Eskimo_Aleut";"swap";0,989504248880742;46,3092463092463;46,9360269360269;46,3121548040342;37,2989891834016
"Eskimo_Aleut";"swap";0,989504248880742;46,3092463092463;46,9360269360269;46,3121548040342;37,1505303468079
"Eskimo_Aleut";"swap";0,989504248880742;45,7731157731158;46,9360269360269;45,7785121126188;37,0095160877837
"Eskimo_Aleut";"swap";0,98975796175122;45,8352758352758;46,9360269360269;45,8403837290148;37,3305696246917
"Eskimo_Aleut";"swap";0,98975796175122;45,8352758352758;46,9360269360269;45,8403837290148;37,3750580426326
"Eskimo_Aleut";"swap";0,98975796175122;45,8352758352758;46,9360269360269;45,8403837290148;37,226159700193
"Eskimo_Aleut";"swap";0,989270522323886;46,045066045066;46,8518518518518;46,0488098307124;37,6057705974136
"Eskimo_Aleut";"swap";0,989268939511787;46,0683760683761;46,3973063973064;46,069902427211;37,7932328412647
"Eskimo_Aleut";"swap";0,989268939511787;46,3403263403263;46,3973063973064;46,3405907489434;37,7936498002555
"Eskimo_Aleut";"swap";0,989752841029771;46,2703962703963;46,4814814814815;46,2713757841368;37,459981628959
"Eskimo_Aleut";"swap";0,989749777204661;46,4801864801865;46,3973063973064;46,4798018858344;37,7802485996914
"Eskimo_Aleut";"swap";0,989749777204661;46,5734265734266;46,3973063973064;46,5726093104283;38,0563319566335
"Eskimo_Aleut";"swap";0,989752653571028;46,6433566433566;45,9427609427609;46,640105619224;38,4403793344765
"Eskimo_Aleut";"swap";0,989752653571028;46,6433566433566;45,9427609427609;46,640105619224;38,7077386109557
"Eskimo_Aleut";"swap";0,989752653571028;46,8531468531469;45,9427609427609;46,8489223245604;38,0042907004001
"Eskimo_Aleut";"swap";0,990228872544568;46,993006993007;46,026936026936;46,9885240650902;38,1757118053886
"Eskimo_Aleut";"swap";0,990498849391977;46,9308469308469;46,026936026936;46,9266524486942;38,0172669076206
"Eskimo_Aleut";"swap";0,990498849391977;46,9308469308469;46,026936026936;46,9266524486942;38,3914636405638
"Eskimo_Aleut";"swap";0,989748972000608;46,9308469308469;45,5723905723906;46,9245431890443;37,6722032529839
"Eskimo_Aleut";"swap";0,989748972000608;46,9308469308469;45,5723905723906;46,9245431890443;37,5484368480957
"Eskimo_Aleut";"swap";0,989749850636975;46,8609168609169;46,026936026936;46,8570468802487;37,4723252530984
"Eskimo_Aleut";"swap";0,990016110645891;46,6822066822067;46,026936026936;46,6791659831103;37,6184881263899
"Eskimo_Aleut";"swap";0,990016110645891;46,6822066822067;46,026936026936;46,6791659831103;37,5738779543528
"Eskimo_Aleut";"swap";0,990016110645891;46,6822066822067;46,026936026936;46,6791659831103;37,5836097511772
"Eskimo_Aleut";"swap";0,990016110645891;46,6822066822067;46,026936026936;46,6791659831103;37,6875687327214
"Eskimo_Aleut";"swap";0,990498849391977;46,6355866355866;46,026936026936;46,6327622708133;37,4192097861231
"Eskimo_Aleut";"swap";0,990498849391977;46,8453768453768;46,026936026936;46,8415789761497;37,5700935118033
"Eskimo_Aleut";"swap";0,990498849391977;46,8686868686869;46,026936026936;46,8647808322982;37,9033360970106
"Eskimo_Aleut";"swap";0,990496268643652;46,7987567987568;46,1111111111111;46,7955658674916;37,4089920594303
"Eskimo_Aleut";"swap";0,990496268643652;46,7987567987568;46,1111111111111;46,7955658674916;37,6374737010039
"Eskimo_Aleut";"swap";0,990727565575871;46,5656565656566;46,1952861952862;46,5639379096456;37,7546034322272
"Eskimo_Aleut";"swap";0,990235865887507;46,6122766122766;46,1111111111111;46,6099510183037;37,8863587920018
"Eskimo_Aleut";"swap";0,990235865887507;46,8220668220668;46,1111111111111;46,8187677236401;38,1735551016499
"Eskimo_Aleut";"swap";0,990235865887507;46,8220668220668;46,1111111111111;46,8187677236401;37,808075430727
"Eskimo_Aleut";"swap";0,990229470134687;46,7055167055167;46,4814814814815;46,7044770989087;38,1676714565442
"Eskimo_Aleut";"swap";0,990229470134687;46,8220668220668;46,4814814814815;46,8204863796511;37,8889187014077
"Eskimo_Aleut";"swap";0,990229470134687;46,8919968919969;46,4814814814815;46,8900919480966;38,1873537780041
"Eskimo_Aleut";"swap";0,990229470134687;46,8919968919969;46,4814814814815;46,8900919480966;38,2420949895024
"Eskimo_Aleut";"swap";0,990242407640452;46,8919968919969;46,5656565656566;46,8904825517355;37,5343547364377
"Eskimo_Aleut";"swap";0,990242407640452;46,8919968919969;46,5656565656566;46,8904825517355;37,457100515782
"Eskimo_Aleut";"swap";0,98975796175122;46,8919968919969;46,9360269360269;46,8922012077465;37,5343472839237
"Eskimo_Aleut";"swap";0,98975796175122;46,8919968919969;46,9360269360269;46,8922012077465;37,7018297807207
"Eskimo_Aleut";"swap";0,98975796175122;46,8919968919969;46,9360269360269;46,8922012077465;37,7208746346513
"Eskimo_Aleut";"swap";0,98975796175122;46,8919968919969;46,9360269360269;46,8922012077465;37,5018743352194
"Eskimo_Aleut";"swap";0,99023217394125;46,8220668220668;46,9360269360269;46,822595639301;37,6809505913743
"Eskimo_Aleut";"swap";0,99023217394125;46,8220668220668;46,9360269360269;46,822595639301;37,4462488767443
"Eskimo_Aleut";"swap";0,989772607546821;46,6666666666667;46,5656565656566;46,6661979423;37,3136474658442
"Eskimo_Aleut";"swap";0,989537747725322;46,7132867132867;46,4814814814815;46,7122110509582;37,5571914439446
"Eskimo_Aleut";"swap";0,989541811480821;46,6899766899767;46,9360269360269;46,6911184544595;37,4042647892272
"Eskimo_Aleut";"swap";0,989564641461865;46,6433566433566;47,020202020202;46,6451053458014;37,2290765747295
"Eskimo_Aleut";"swap";0,990052505587254;46,6433566433566;46,6498316498316;46,6433866897904;36,9775006591049
"Eskimo_Aleut";"swap";0,989588377220469;46,6200466200466;46,6498316498316;46,6201848336419;37,2262209721266
"Eskimo_Aleut";"swap";0,989126931444193;46,4102564102564;46,6498316498316;46,4113681283055;37,2508803075829
"Eskimo_Aleut";"swap";0,989126931444193;46,4102564102564;46,6498316498316;46,4113681283055;37,3450743702835
"Eskimo_Aleut";"swap";0,989185546022557;45,990675990676;46,7340067340067;45,9941253212715;37,2854852379395
"Eskimo_Aleut";"swap";0,989185546022557;45,990675990676;46,7340067340067;45,9941253212715;37,1547716434642
"Eskimo_Aleut";"swap";0,989185546022557;45,990675990676;46,7340067340067;45,9941253212715;36,9943149914093
"Eskimo_Aleut";"swap";0,988909986166603;45,990675990676;45,8249158249158;45,9899068019718;37,1075494958541
"Eskimo_Aleut";"swap";0,988853689713594;46,4102564102564;45,7407407407407;46,4071496090058;37,0724250420325
"Eskimo_Aleut";"swap";0,988348085363302;46,4801864801865;45,6565656565657;46,4763645738124;37,4985376235012
"Eskimo_Aleut";"swap";0,987883796934886;46,1305361305361;45,6565656565657;46,128336731585;37,5803834722381
"Eskimo_Aleut";"swap";0,987883796934886;46,1305361305361;45,6565656565657;46,128336731585;37,5304116827655
"Eskimo_Aleut";"swap";0,988375508364868;46,1305361305361;45,2861952861953;46,126618075574;37,6019452417487
"Eskimo_Aleut";"swap";0,988313682038131;46,5268065268065;45,1178451178451;46,5202684228206;38,0726343717569
"Eskimo_Aleut";"swap";0,988050140662324;46,5656565656566;44,6632996632997;46,5568289234182;37,9131822893338
"Eskimo_Aleut";"swap";0,988042303599376;46,8686868686869;45,03367003367;46,8601717093596;37,7831452623706
"Eskimo_Aleut";"swap";0,988042303599376;46,8686868686869;45,03367003367;46,8601717093596;38,3711144047864
"Eskimo_Aleut";"swap";0,988042303599376;46,8686868686869;45,03367003367;46,8601717093596;37,838674933583
"Eskimo_Aleut";"swap";0,988828401900286;47,008547008547;45,3198653198653;47,0007108986227;38,7385027925932
"Eskimo_Aleut";"swap";0,988854489076526;47,0551670551671;45,6902356902357;47,0488332669307;38,9486485755896
"Eskimo_Aleut";"swap";0,989572433998592;46,993006993007;46,6835016835017;46,9915707734733;38,786679294027
"Eskimo_Aleut";"swap";0,989763012317094;46,9463869463869;46,3131313131313;46,9434484051653;38,5552393342674
"Eskimo_Aleut";"swap";0,989763012317094;46,9463869463869;46,3131313131313;46,9434484051653;38,853497580437
"Eskimo_Aleut";"swap";0,989763012317094;46,9463869463869;46,3131313131313;46,9434484051653;38,6619596455013
"Eskimo_Aleut";"swap";0,989763012317094;46,9463869463869;46,3131313131313;46,9434484051653;38,3450275964279
"Eskimo_Aleut";"swap";0,989763012317094;46,9463869463869;46,3131313131313;46,9434484051653;38,7498106373631
"Eskimo_Aleut";"swap";0,989763012317094;46,9463869463869;46,3131313131313;46,9434484051653;38,241405054863
"Eskimo_Aleut";"swap";0,989763012317094;46,9463869463869;46,3131313131313;46,9434484051653;38,6098666205674
"Eskimo_Aleut";"swap";0,98977994476456;46,9463869463869;46,6835016835017;46,9451670611763;38,8476350134952
"Eskimo_Aleut";"swap";0,98977994476456;46,9463869463869;46,6835016835017;46,9451670611763;38,4723684657481
"Eskimo_Aleut";"swap";0,98977994476456;46,9463869463869;46,6835016835017;46,9451670611763;38,556879520335
"Eskimo_Aleut";"swap";0,990515694151986;46,9463869463869;47,2222222222222;46,9476669244651;38,9168715158532
"Eskimo_Aleut";"swap";0,989756439312874;46,9308469308469;46,7676767676768;46,9300897607162;38,8303763506786
"Eskimo_Aleut";"swap";0,989756439312874;46,8142968142968;46,7676767676768;46,8140804799738;38,6307421852463
"Eskimo_Aleut";"swap";0,989756439312874;46,8142968142968;46,7676767676768;46,8140804799738;38,3838175255214
"Eskimo_Aleut";"swap";0,989756439312874;46,6045066045066;46,7676767676768;46,6052637746373;38,9346756174229
"Eskimo_Aleut";"swap";0,990229898644707;46,5578865578866;46,8518518518518;46,5592506659792;38,3175256670533
"Eskimo_Aleut";"swap";0,990229898644707;46,8609168609169;46,8518518518518;46,8608747959096;38,4616707197446
"Eskimo_Aleut";"swap";0,990229470134687;46,977466977467;46,4814814814815;46,9751654206411;38,2567238729641
"Eskimo_Aleut";"swap";0,990229898644707;46,8842268842269;46,8518518518518;46,8840766520581;37,9328560464615
"Eskimo_Aleut";"swap";0,990708895293982;46,9308469308469;46,9360269360269;46,9308709679939;37,7562893383482
"Eskimo_Aleut";"swap";0,990708895293982;46,9308469308469;46,9360269360269;46,9308709679939;37,9597782414397
"Eskimo_Aleut";"swap";0,990708895293982;46,9308469308469;46,9360269360269;46,9308709679939;38,099552713286
"Eskimo_Aleut";"swap";0,990708895293982;46,9308469308469;46,9360269360269;46,9308709679939;37,9037899445347
"Eskimo_Aleut";"swap";0,990750022643414;46,8531468531469;47,1043771043771;46,8543126547767;36,9945762279611
"Eskimo_Aleut";"swap";0,990750022643414;46,8531468531469;47,1043771043771;46,8543126547767;37,0053691030318
"Eskimo_Aleut";"swap";0,991455358746593;46,9463869463869;47,3905723905724;46,9484481317428;38,2208702656705
"Eskimo_Aleut";"swap";0,991455358746593;46,7365967365967;47,3905723905724;46,7396314264064;38,1882139333483
"Eskimo_Aleut";"swap";0,991455358746593;46,7365967365967;47,3905723905724;46,7396314264064;38,1443631846444
"Eskimo_Aleut";"swap";0,990974810504535;46,8531468531469;47,3905723905724;46,8556407071488;37,9874960011334
"Eskimo_Aleut";"swap";0,990974810504535;46,8531468531469;47,3905723905724;46,8556407071488;37,8908765176194
"Eskimo_Aleut";"swap";0,990974810504535;46,8531468531469;47,3905723905724;46,8556407071488;37,9806213989333
"Eskimo_Aleut";"swap";0,991457061972459;46,8298368298368;47,4747474747475;46,8328294546392;37,5755086431051
"Eskimo_Aleut";"swap";0,991455358746593;46,8764568764569;47,3905723905724;46,8788425632973;38,0904525400277
"Eskimo_Aleut";"swap";0,990982798930641;46,8531468531469;47,3063973063973;46,85525010351;38,2944002326582
"Eskimo_Aleut";"swap";0,990982798930641;46,5034965034965;47,3063973063973;46,5072222612826;37,8081459083869
"Eskimo_Aleut";"swap";0,990982798930641;46,5034965034965;47,3063973063973;46,5072222612826;37,7980549850219
"Eskimo_Aleut";"swap";0,99145869274687;46,5034965034965;46,9360269360269;46,5055036052716;37,8411918954792
"Eskimo_Aleut";"swap";0,990713241479042;46,3714063714064;46,8518518518518;46,3736358167913;37,7570727135515
"Eskimo_Aleut";"swap";0,990713241479042;46,3714063714064;46,8518518518518;46,3736358167913;37,9323323625187
"Eskimo_Aleut";"swap";0,989752841029771;46,1693861693862;46,4814814814815;46,1708344074933;37,5843345447043
"Eskimo_Aleut";"swap";0,989752841029771;46,1693861693862;46,4814814814815;46,1708344074933;37,4680798174765
"Eskimo_Aleut";"swap";0,989278728936654;45,8430458430458;46,4814814814815;45,8460084214145;37,5322029594343
"Eskimo_Aleut";"swap";0,989278728936654;45,8430458430458;46,4814814814815;45,8460084214145;37,5998404051988
"Eskimo_Aleut";"swap";0,990017962247973;45,9285159285159;46,8518518518518;45,9328005499699;38,2485006546949
"Eskimo_Aleut";"swap";0,990017962247973;45,9285159285159;46,8518518518518;45,9328005499699;37,7515074034036
"Eskimo_Aleut";"swap";0,99001566945102;45,9207459207459;46,4814814814815;45,9233479419094;37,614887755727
"Eskimo_Aleut";"swap";0,99001566945102;45,9207459207459;46,4814814814815;45,9233479419094;37,5730312260886
"Eskimo_Aleut";"swap";0,989537601851015;45,967365967366;46,3973063973064;45,9693610505675;38,0971229973361
"Eskimo_Aleut";"swap";0,989055486828169;46,0839160839161;46,3973063973064;46,08537033131;38,0924945530313
"Eskimo_Aleut";"swap";0,989055486828169;46,0839160839161;46,3973063973064;46,08537033131;38,2609350179793
"Eskimo_Aleut";"swap";0,989055486828169;46,0839160839161;46,3973063973064;46,08537033131;38,1148557539408
"Eskimo_Aleut";"swap";0,989065068569899;45,990675990676;46,3131313131313;45,9921723030772;38,5091853894295
"Eskimo_Aleut";"swap";0,989079716642574;45,7808857808858;46,6835016835017;45,7850742537517;38,461496723891
"Eskimo_Aleut";"swap";0,989079716642574;45,7808857808858;46,6835016835017;45,7850742537517;38,7572241270532
"Eskimo_Aleut";"swap";0,989079716642574;45,7653457653458;46,6835016835017;45,7696063496528;38,6451517659569
"Eskimo_Aleut";"swap";0,989079716642574;45,7653457653458;46,6835016835017;45,7696063496528;38,628221422382
"Eskimo_Aleut";"swap";0,989079716642574;45,7653457653458;46,6835016835017;45,7696063496528;38,6792424862344
"Eskimo_Aleut";"swap";0,989065068569899;45,975135975136;46,3131313131313;45,9767043989782;38,8473039158754
"Eskimo_Aleut";"swap";0,989057044258937;45,998445998446;45,9427609427609;45,9981875991157;38,7004561807408
"Eskimo_Aleut";"swap";0,989057044258937;46,2315462315462;45,9427609427609;46,2302061606006;39,0664402751996
"Eskimo_Aleut";"swap";0,989057044258937;46,2237762237762;45,9427609427609;46,2224722085511;39,3851496411172
"Eskimo_Aleut";"swap";0,989057974722965;46,2004662004662;46,026936026936;46,1996609560415;38,8926532958354
"Eskimo_Aleut";"swap";0,989057974722965;46,3170163170163;46,026936026936;46,3156702367839;38,3424541438984
"Eskimo_Aleut";"swap";0,989055486828169;46,6200466200466;46,3973063973064;46,6190130227253;38,468355046163
"Eskimo_Aleut";"swap";0,989278728936654;46,6588966588967;46,4814814814815;46,6580733866117;38,305181659516
"Eskimo_Aleut";"swap";0,989278728936654;46,6588966588967;46,4814814814815;46,6580733866117;38,2111586749578
"Eskimo_Aleut";"swap";0,989293917276668;46,4724164724165;46,1111111111111;46,4707398814127;38,2301637550842
"Eskimo_Aleut";"swap";0,989293917276668;46,4724164724165;46,1111111111111;46,4707398814127;38,5752243695332
"Eskimo_Aleut";"swap";0,989293917276668;46,4724164724165;46,1111111111111;46,4707398814127;38,4564760376284
"Eskimo_Aleut";"swap";0,98933168459802;46,3791763791764;46,1952861952862;46,3783230604576;38,012527335102
"Eskimo_Aleut";"swap";0,989365227694697;45,9129759129759;45,8249158249158;45,9125672814768;38,5947939401346
"Eskimo_Aleut";"swap";0,989365227694697;45,9129759129759;45,8249158249158;45,9125672814768;38,272077997677
"Eskimo_Aleut";"swap";0,988871747264771;45,9129759129759;46,1952861952862;45,9142859374878;38,5064641928773
"Eskimo_Aleut";"swap";0,988909986166603;45,2602952602953;45,8249158249158;45,262915309319;38,6734876081173
"Eskimo_Aleut";"swap";0,988909986166603;45,2602952602953;45,8249158249158;45,262915309319;38,8565474683065
"Eskimo_Aleut";"swap";0,988909986166603;45,2602952602953;45,8249158249158;45,262915309319;38,7060881002561
"Eskimo_Aleut";"swap";0,988648998843213;45,011655011655;46,1952861952862;45,0171474997461;39,0180814572991
"Eskimo_Aleut";"swap";0,988708556004397;44,6153846153846;46,2794612794613;44,6231065488606;39,1834926919953
"Eskimo_Aleut";"swap";0,98820625520731;44,017094017094;45,993265993266;44,0262641886772;38,6768640937648
"Eskimo_Aleut";"swap";0,987438341010453;43,0846930846931;45,6228956228956;43,0964712867265;38,7687339061777
"Eskimo_Aleut";"swap";0,987438341010453;43,1546231546232;45,6228956228956;43,166076855172;38,2977696778314
"Eskimo_Aleut";"swap";0,987347630440739;44,1569541569542;45,993265993266;44,1654753255681;38,289187334922
"Eskimo_Aleut";"swap";0,987347630440739;44,1569541569542;45,993265993266;44,1654753255681;38,119477513056
"Eskimo_Aleut";"swap";0,987025422845713;43,4343434343434;45,7070707070707;43,4448897325928;37,9033366324025
"Eskimo_Aleut";"swap";0,987622032600007;43,6441336441336;45,7912457912458;43,654097041568;38,0335797011322
"Eskimo_Aleut";"swap";0,988021981255847;44,3667443667444;45,7912457912458;44,3733545821713;37,3431743399593
"Eskimo_Aleut";"swap";0,987902373224729;45,0660450660451;46,1616161616162;45,071128922637;37,2407359483688
"Eskimo_Aleut";"swap";0,987902373224729;45,0660450660451;46,1616161616162;45,071128922637;37,5603216135729
"Eskimo_Aleut";"swap";0,987902373224729;45,0660450660451;46,1616161616162;45,071128922637;37,3859993861459
"Eskimo_Aleut";"swap";0,987902373224729;45,0660450660451;46,1616161616162;45,071128922637;37,4035930010862
"Eskimo_Aleut";"swap";0,988249750571279;45,7109557109557;46,4478114478114;45,7143749951175;37,4405879930944
"Eskimo_Aleut";"swap";0,987911730484214;45,5944055944056;46,0774410774411;45,596647058364;37,7084076057009
"Eskimo_Aleut";"swap";0,987911730484214;45,5944055944056;46,0774410774411;45,596647058364;37,6195357972054
"Eskimo_Aleut";"swap";0,987430828386608;44,957264957265;45,7070707070707;44,9607443342942;37,2044928423709
"Eskimo_Aleut";"swap";0,987367700252957;44,7707847707848;45,2525252525253;44,7730202254564;37,2302070234058
"Eskimo_Aleut";"swap";0,987731468046983;45,2602952602953;45,5387205387205;45,2615872569469;37,0478532139141
"Eskimo_Aleut";"swap";0,988539518285981;45,8741258741259;45,9090909090909;45,8742881248682;37,3309064890745
"Eskimo_Aleut";"swap";0,988457554764178;46,1538461538462;45,8249158249158;46,1523197950112;37,7529684015651
"Eskimo_Aleut";"swap";0,988457554764178;46,1538461538462;45,8249158249158;46,1523197950112;37,6341477236161
"Eskimo_Aleut";"swap";0,988457554764178;46,1538461538462;45,8249158249158;46,1523197950112;37,8628337183608
"Eskimo_Aleut";"swap";0,988484702269601;46,2237762237762;46,2794612794613;46,2240346231065;37,7408082165527
"Eskimo_Aleut";"swap";0,988484702269601;46,2237762237762;46,2794612794613;46,2240346231065;37,157704092913
"Eskimo_Aleut";"swap";0,988484702269601;46,2082362082362;46,2794612794613;46,2085667190075;37,3712020127153
"Eskimo_Aleut";"swap";0,988484702269601;46,2082362082362;46,2794612794613;46,2085667190075;37,3342853294016
"Eskimo_Aleut";"swap";0,988573315486562;46,1771561771562;46,3636363636364;46,1780215144484;37,1417978061714
"Eskimo_Aleut";"swap";0,988573315486562;46,1771561771562;46,3636363636364;46,1780215144484;37,2861778940023
"Eskimo_Aleut";"swap";0,989126931444193;46,5345765345765;46,6498316498316;46,5351113610974;37,8191756417702
"Eskimo_Aleut";"swap";0,989126931444193;46,5345765345765;46,6498316498316;46,5351113610974;37,6462484576887
"Eskimo_Aleut";"swap";0,989126931444193;46,5345765345765;46,6498316498316;46,5351113610974;38,0283786416539
"Eskimo_Aleut";"swap";0,989126931444193;46,5345765345765;46,6498316498317;46,5351113610974;37,7034846069013
"Eskimo_Aleut";"swap";0,989564641461865;46,6822066822067;47,020202020202;46,6837751060489;37,5928472950696
"Eskimo_Aleut";"swap";0,989541811480821;46,5656565656566;46,9360269360269;46,5673752216676;38,0772792914707
"Eskimo_Aleut";"swap";0,989541811480821;46,5656565656566;46,9360269360269;46,5673752216676;38,0839552904038
"Eskimo_Aleut";"swap";0,989541811480821;46,5656565656566;46,9360269360269;46,5673752216676;38,1879565114162
"Eskimo_Aleut";"swap";0,990017326723609;46,5656565656566;46,9360269360269;46,5673752216676;38,3666041222203
"Eskimo_Aleut";"swap";0,990017326723609;46,5656565656566;46,9360269360269;46,5673752216676;38,2790114195529
"Eskimo_Aleut";"swap";0,990017326723609;46,5656565656566;46,9360269360269;46,5673752216676;37,9838483913367
"Eskimo_Aleut";"swap";0,990033288500991;46,5190365190365;47,020202020202;46,5213621130095;38,1070392311002
"Eskimo_Aleut";"swap";0,989537747725322;46,2781662781663;46,4814814814815;46,2791097361863;38,2744581003264
"Eskimo_Aleut";"swap";0,989056024203288;46,2781662781663;46,8518518518518;46,2808283921973;38,2719832795579
"Eskimo_Aleut";"swap";0,989055486828169;46,3714063714064;46,3973063973064;46,3715265571414;38,5962472345595
"Eskimo_Aleut";"swap";0,989055486828169;46,3714063714064;46,3973063973064;46,3715265571414;38,7375186445311
"Eskimo_Aleut";"swap";0,989055486828169;46,3714063714064;46,3973063973064;46,3715265571414;38,6787613251493
"Eskimo_Aleut";"swap";0,989055486828169;46,3714063714064;46,3973063973064;46,3715265571414;38,5479886071226
"Eskimo_Aleut";"swap";0,989055486828169;46,5345765345765;46,3973063973064;46,5339395501809;38,9195490299012
"Eskimo_Aleut";"swap";0,989055486828169;46,5345765345765;46,3973063973064;46,5339395501809;38,9823126939275
"Eskimo_Aleut";"swap";0,989537601851015;46,6511266511267;46,3973063973064;46,6499488309233;38,8141696914793
"Eskimo_Aleut";"swap";0,989537601851015;46,6511266511267;46,3973063973064;46,6499488309233;38,7809400292438
"Eskimo_Aleut";"swap";0,989537601851015;46,6511266511267;46,3973063973064;46,6499488309233;38,9287034278325
"Eskimo_Aleut";"swap";0,989537601851015;46,6511266511267;46,3973063973064;46,6499488309233;39,0948355387614
"Eskimo_Aleut";"swap";0,989546108061782;46,6045066045066;46,7676767676768;46,6052637746373;38,9703545186472
"Eskimo_Aleut";"swap";0,989546108061782;46,6045066045066;46,7676767676768;46,6052637746373;39,0312053231269
"Eskimo_Aleut";"swap";0,989535769155518;46,8842268842269;46,8518518518519;46,8840766520581;38,5265544452323
"Eskimo_Aleut";"swap";0,989059786225315;46,7909867909868;46,7676767676768;46,7908786238253;38,7684479114698
"Eskimo_Aleut";"swap";0,989059786225315;46,7909867909868;46,7676767676768;46,7908786238253;38,6221891645398
"Eskimo_Aleut";"swap";0,988575865978511;46,6511266511267;46,7676767676768;46,6516674869343;38,9831043573142
"Eskimo_Aleut";"swap";0,987831174012187;46,6511266511267;46,2289562289562;46,6491676236456;38,9689108304196
"Eskimo_Aleut";"swap";0,987831174012187;46,4413364413364;46,2289562289562;46,4403509183092;38,6534193283456
"Eskimo_Aleut";"swap";0,987827220371564;46,3247863247863;45,8585858585859;46,3226229815557;38,4929234347828
"Eskimo_Aleut";"swap";0,987827220371564;46,3247863247863;45,8585858585859;46,3226229815557;39,0993047585311
"Eskimo_Aleut";"swap";0,987827220371564;46,2470862470863;45,8585858585859;46,2452834610607;38,2130344724355
"Eskimo_Aleut";"swap";0,988309711261663;46,5734265734266;45,8585858585859;46,5701094471396;38,6913794947649
"Eskimo_Aleut";"swap";0,989131933496625;46,4801864801865;46,1447811447811;46,4786300749178;39,0091569576602
"Eskimo_Aleut";"swap";0,989131933496625;46,4801864801865;46,1447811447811;46,4786300749178;39,1726179354659
"Eskimo_Aleut";"swap";0,989131933496625;46,4801864801865;46,1447811447811;46,4786300749178;39,2451702118969
"Eskimo_Aleut";"swap";0,989131933496625;46,5034965034965;46,1447811447811;46,5018319310663;39,1082591236509
"Eskimo_Aleut";"swap";0,989131933496625;46,5034965034965;46,1447811447811;46,5018319310663;39,1123084007961
"Eskimo_Aleut";"swap";0,98910363624579;46,3636363636364;45,7744107744108;46,3609021381643;39,0378639790477
"Eskimo_Aleut";"swap";0,989633050451189;46,5501165501165;46,1447811447811;46,5482356433633;38,953209667916
"Eskimo_Aleut";"swap";0,990100219632936;46,5501165501165;45,7744107744108;46,5465169873523;38,9519146254124
"Eskimo_Aleut";"swap";0,989653662752473;46,5734265734266;45,6902356902357;46,5693282398619;39,0000647380985
"Eskimo_Aleut";"swap";0,989653662752473;46,6666666666667;45,6902356902357;46,6621356644558;39,2361887624251
"Eskimo_Aleut";"swap";0,990159089835945;46,6433566433566;45,6902356902357;46,6389338083074;38,6164749835807
"Eskimo_Aleut";"swap";0,989695567182662;46,6433566433566;46,0606060606061;46,6406524643184;39,0380252331709
"Eskimo_Aleut";"swap";0,989695567182662;46,6433566433566;46,0606060606061;46,6406524643184;38,8441270814521
"Eskimo_Aleut";"swap";0,989671528571482;46,6666666666667;46,5151515151515;46,6659635801167;38,4481166610027
"Eskimo_Aleut";"swap";0,99011550768006;46,8997668997669;46,5993265993266;46,8983727452405;38,1633888415187
"Eskimo_Aleut";"swap";0,99011550768006;46,8997668997669;46,5993265993266;46,8983727452405;38,1334051470056
"Eskimo_Aleut";"swap";0,99011550768006;46,8997668997669;46,5993265993266;46,8983727452405;38,1267180196166
"Eskimo_Aleut";"swap";0,99011550768006;46,8997668997669;46,5993265993266;46,8983727452405;38,2611655058499
"Eskimo_Aleut";"swap";0,990082851828138;47,016317016317;46,2289562289562;47,012663369972;38,1966428119592
"Eskimo_Aleut";"swap";0,990082851828138;47,016317016317;46,2289562289562;47,012663369972;38,2206961303902
"Eskimo_Aleut";"swap";0,990082851828138;46,8065268065268;46,2289562289562;46,8038466646355;37,8519907543491
"Eskimo_Aleut";"swap";0,990082851828138;46,8065268065268;46,2289562289562;46,8038466646355;37,8500946762481
"Eskimo_Aleut";"swap";0,990252738198889;46,9463869463869;46,3131313131313;46,9434484051653;37,7729962008816
"Eskimo_Aleut";"swap";0,990229470134687;46,8065268065268;46,4814814814815;46,8050184755521;37,1812192598818
"Eskimo_Aleut";"swap";0,99071477326725;46,5734265734266;46,5656565656566;46,5733905177061;36,6968451171765
"Eskimo_Aleut";"swap";0,990229470134687;46,4801864801865;46,4814814814815;46,4801924894732;37,0298386290943
"Eskimo_Aleut";"swap";0,990229470134687;46,4801864801865;46,4814814814815;46,4801924894732;36,8219875083939
"Eskimo_Aleut";"swap";0,990229470134687;46,4801864801865;46,4814814814815;46,4801924894732;37,0040605402661
"Eskimo_Aleut";"swap";0,990229470134687;46,4801864801865;46,4814814814815;46,4801924894732;36,9687697826408
"Eskimo_Aleut";"swap";0,989512730775332;46,4257964257964;46,1111111111111;46,4243361691158;36,7656925697157
"Eskimo_Aleut";"swap";0,989981088307428;46,5889665889666;46,1111111111111;46,5867491621552;37,8131520031903
"Eskimo_Aleut";"swap";0,989512730775332;46,7521367521367;46,1111111111111;46,7491621551946;37,7211221297778
"Eskimo_Aleut";"swap";0,989482342571822;46,8997668997669;45,9427609427609;46,8953260368574;38,4546533779215
"Eskimo_Aleut";"swap";0,989482342571822;46,8997668997669;45,9427609427609;46,8953260368574;38,4883037591153
"Eskimo_Aleut";"swap";0,989482342571822;46,8997668997669;45,9427609427609;46,8953260368574;38,7694014579629
"Eskimo_Aleut";"swap";0,989009661197547;46,8531468531469;45,5723905723906;46,8472036685494;38,3159192668343
"Eskimo_Aleut";"swap";0,989009661197547;46,6588966588967;45,5723905723906;46,6538548673119;37,5942705120458
"Eskimo_Aleut";"swap";0,988537070012499;46,4491064491064;45,5723905723906;46,4450381619755;37,6928026033945
"Eskimo_Aleut";"swap";0,989034106610026;46,6122766122766;45,6565656565657;46,6078417586538;37,4405657279039
"Eskimo_Aleut";"swap";0,989034106610026;46,6588966588967;45,6565656565657;46,6542454709508;36,9974662759613
"Eskimo_Aleut";"swap";0,989034106610026;46,6588966588967;45,6565656565657;46,6542454709508;37,0581557422906
"Eskimo_Aleut";"swap";0,989034106610026;46,6588966588967;45,6565656565657;46,6542454709508;37,0757528895287
"Eskimo_Aleut";"swap";0,988763023261469;46,6588966588967;44,7474747474747;46,6500269516511;36,9395807640035
"Eskimo_Aleut";"swap";0,988763023261469;46,6588966588967;44,7474747474747;46,6500269516511;36,9692421022795
"Eskimo_Aleut";"swap";0,98829636548468;46,7055167055167;44,7474747474747;46,6964306639481;37,7399042721396
"Eskimo_Aleut";"swap";0,98829636548468;46,7055167055167;44,7474747474747;46,6964306639481;36,8753843861647
"Eskimo_Aleut";"swap";0,98829636548468;46,7055167055167;44,7474747474747;46,6964306639481;36,9612227519419
"Eskimo_Aleut";"swap";0,989023415163386;46,7521367521367;45,2020202020202;46,7449436358949;37,1064670531954
"Eskimo_Aleut";"swap";0,989023415163386;46,7521367521367;45,2020202020202;46,7449436358949;37,3857083857327
"Eskimo_Aleut";"swap";0,988529997397398;46,5423465423465;45,1178451178451;46,5357363269196;37,4677108814151
"Eskimo_Aleut";"swap";0,988544292729212;46,4957264957265;44,7474747474747;46,4876139586116;37,7462163291192
"Eskimo_Aleut";"swap";0,988786374441984;46,7288267288267;44,3771043771044;46,7179138640856;38,0449052984289
"Eskimo_Aleut";"swap";0,989550061417647;46,7288267288267;44,9158249158249;46,7204137273743;37,915265690588
"Eskimo_Aleut";"swap";0,989058916775283;46,7288267288267;45,2861952861953;46,7221323833853;38,0984948601994
"Eskimo_Aleut";"swap";0,98952261902065;46,961926961927;45,2861952861953;46,9541509448702;38,2867758890369
"Eskimo_Aleut";"swap";0,989058916775283;46,8220668220668;45,2861952861953;46,8149398079793;37,9078900453129
"Eskimo_Aleut";"swap";0,98952261902065;46,961926961927;45,2861952861953;46,9541509448702;37,8116011632057
"Eskimo_Aleut";"swap";0,990446575444812;47,024087024087;45,6565656565657;47,0177412172772;38,1381959424401
"Eskimo_Aleut";"swap";0,990446575444812;47,024087024087;45,6565656565657;47,0177412172772;37,5474138950976
"Eskimo_Aleut";"swap";0,991187951427125;47,039627039627;46,1111111111111;47,035318381026;37,9687433932643
"Eskimo_Aleut";"swap";0,991187951427125;47,039627039627;46,1111111111111;47,035318381026;38,3414466282881
"Eskimo_Aleut";"swap";0,990710342394407;46,993006993007;46,026936026936;46,9885240650902;38,5066257895551
"Eskimo_Aleut";"swap";0,990710342394407;46,993006993007;46,026936026936;46,9885240650902;38,3143775504632
"Eskimo_Aleut";"swap";0,990710342394407;46,993006993007;46,026936026936;46,9885240650902;38,1010732536803
"Eskimo_Aleut";"swap";0,990710342394407;46,993006993007;46,026936026936;46,9885240650902;38,1029208644212
"Eskimo_Aleut";"swap";0,989749850636975;46,8453768453768;46,026936026936;46,8415789761497;38,3905165347583
"Eskimo_Aleut";"swap";0,989749850636975;46,8453768453768;46,026936026936;46,8415789761497;38,5777473115583
"Eskimo_Aleut";"swap";0,990242407640452;46,9075369075369;46,5656565656566;46,9059504558344;37,8264090551207
"Eskimo_Aleut";"swap";0,990272268968035;46,8142968142968;46,6498316498317;46,8135336348793;37,715468986263
"Eskimo_Aleut";"swap";0,990287115311698;46,7676767676768;47,1043771043771;46,7692391822322;37,5727859106909
"Eskimo_Aleut";"swap";0,989783793746931;46,7909867909868;47,020202020202;46,7920504347418;37,8008490213853
"Eskimo_Aleut";"swap";0,989765231578361;46,8376068376068;47,3905723905724;46,8401728030498;37,7246970150758
"Eskimo_Aleut";"swap";0,989765231578361;46,8376068376068;47,3905723905724;46,8401728030498;37,8549230838139
"Eskimo_Aleut";"swap";0,989765231578361;46,8376068376068;47,3905723905724;46,8401728030498;37,6760958449038
"Eskimo_Aleut";"swap";0,989765231578361;46,8376068376068;47,3905723905724;46,8401728030498;37,7171815738536
"Eskimo_Aleut";"swap";0,989765231578361;46,8376068376068;47,3905723905724;46,8401728030498;37,8288722585829
"Eskimo_Aleut";"swap";0,989783793746931;46,7909867909868;47,020202020202;46,7920504347418;37,9666960996365
"Eskimo_Aleut";"swap";0,989783793746931;46,7909867909868;47,020202020202;46,7920504347418;37,5839506690773
"Eskimo_Aleut";"swap";0,989783793746931;46,6899766899767;47,020202020202;46,6915090580984;38,0905820317177
"Eskimo_Aleut";"swap";0,989541811480821;46,6122766122766;46,9360269360269;46,6137789339645;38,1831228198068
"Eskimo_Aleut";"swap";0,989278728936654;46,6122766122766;46,4814814814815;46,6116696743147;37,7486535330471
"Eskimo_Aleut";"swap";0,990229470134687;46,8453768453768;46,4814814814815;46,8436882357996;37,6811408589448
"Eskimo_Aleut";"swap";0,990233046264057;46,961926961927;46,3973063973064;46,9593069129032;38,0539929273536
"Eskimo_Aleut";"swap";0,990233046264057;46,7987567987568;46,3973063973064;46,7968939198638;38,4123064076758
"Eskimo_Aleut";"swap";0,989749777204661;46,8453768453768;46,3973063973064;46,8432976321607;38,0912524272851
"Eskimo_Aleut";"swap";0,989749777204661;46,8453768453768;46,3973063973064;46,8432976321607;38,2616045257145
"Eskimo_Aleut";"swap";0,989749777204661;46,8453768453768;46,3973063973064;46,8432976321607;38,2079975077351
"Eskimo_Aleut";"swap";0,989756439312874;46,961926961927;46,7676767676768;46,9610255689142;38,2615412680883
"Eskimo_Aleut";"swap";0,989751912858515;46,961926961927;47,2222222222222;46,9631348285641;37,9907832554001
"Eskimo_Aleut";"swap";0,989561220919858;46,8997668997669;47,1380471380471;46,9008726085292;38,1438667541999
"Eskimo_Aleut";"swap";0,989540560133458;46,7832167832168;47,2222222222222;46,7852539314256;37,8444060324278
"Eskimo_Aleut";"swap";0,989540560133458;46,9463869463869;47,2222222222222;46,9476669244651;38,375365969133
"Eskimo_Aleut";"swap";0,989056024203288;46,6744366744367;46,8518518518518;46,6752599467217;38,3972950262425
"Eskimo_Aleut";"swap";0,989079716642574;46,8220668220668;46,6835016835017;46,8214238283844;38,7093796345847
"Eskimo_Aleut";"swap";0,989079716642574;46,8764568764569;46,6835016835017;46,8755614927309;38,6322469294905
"Eskimo_Aleut";"swap";0,988799305426209;46,7443667443667;46,6835016835017;46,7440843078894;38,6982612046875
"Eskimo_Aleut";"swap";0,989540560133458;46,7443667443667;47,2222222222222;46,7465841711781;38,6432041143323
"Eskimo_Aleut";"swap";0,989540560133458;46,7443667443667;47,2222222222222;46,7465841711781;38,7550941526562
"Eskimo_Aleut";"swap";0,989561220919858;46,7210567210567;47,1380471380471;46,7229917113908;39,1863254129617
"Eskimo_Aleut";"swap";0,990026948399913;46,8842268842269;47,2222222222222;46,8857953080691;38,6261016648894
"Eskimo_Aleut";"swap";0,990053987177385;46,6744366744367;47,1380471380471;46,6765879990938;38,8862991229515
"Eskimo_Aleut";"swap";0,990053987177385;46,8142968142968;47,1380471380471;46,8157991359848;38,4963969779955
"Eskimo_Aleut";"swap";0,989769732359014;46,6977466977467;47,1380471380471;46,6997898552423;38,7563215004141
"Eskimo_Aleut";"swap";0,98959762156437;46,5112665112665;47,0538720538721;46,5137844024155;38,9124017529349
"Eskimo_Aleut";"swap";0,989769732359014;46,6977466977467;47,1380471380471;46,6997898552423;38,7161231227991
"Eskimo_Aleut";"swap";0,990237045157858;46,5345765345765;47,2222222222222;46,5377674658417;38,5738990224944
"Eskimo_Aleut";"swap";0,990261270213841;46,1149961149961;47,1380471380471;46,11974345153;39,0366967467641
"Eskimo_Aleut";"swap";0,990447602489533;46,1849261849262;47,2222222222222;46,1897396236143;38,7297162856699
"Eskimo_Aleut";"swap";0,990447602489533;46,1849261849262;47,2222222222222;46,1897396236143;38,8460247434327
"Eskimo_Aleut";"swap";0,990442262764053;46,1616161616162;47,3063973063973;46,1669283711047;38,1052867470014
"Eskimo_Aleut";"swap";0,990442262764053;46,1616161616162;47,3063973063973;46,1669283711047;38,1309858895801
"Eskimo_Aleut";"swap";0,990442262764053;46,5345765345765;47,3063973063973;46,5381580694806;38,3023712929722
"Eskimo_Aleut";"swap";0,990237045157858;46,7599067599068;47,2222222222222;46,7620520752771;38,9183729201776
"Eskimo_Aleut";"swap";0,990237045157858;46,7599067599068;47,2222222222222;46,7620520752771;38,7817195618502
"Eskimo_Aleut";"swap";0,990237045157858;46,8298368298368;47,2222222222222;46,8316576437226;38,4446385410615
"Eskimo_Aleut";"swap";0,990042524154818;46,7987567987568;47,5925925925926;46,8024404915356;38,6589125135979
"Eskimo_Aleut";"swap";0,990535338459654;46,5423465423465;47,5925925925926;46,5472200739022;38,7223531068587
"Eskimo_Aleut";"swap";0,990535338459654;46,5423465423465;47,5925925925926;46,5472200739022;38,7269624858028
"Eskimo_Aleut";"swap";0,990535338459654;46,5423465423465;47,5925925925926;46,5472200739022;38,7885056681535
"Eskimo_Aleut";"swap";0,99082502575509;46,5501165501165;47,5925925925926;46,5549540259517;38,4892399193552
"Eskimo_Aleut";"swap";0,99082502575509;46,5501165501165;47,5925925925926;46,5549540259517;38,6609872576786
"Eskimo_Aleut";"swap";0,99082502575509;46,5501165501165;47,5925925925926;46,5549540259517;38,5361217505713
"Eskimo_Aleut";"swap";0,99082502575509;46,5501165501165;47,5925925925926;46,5549540259517;38,4819560663436
"Eskimo_Aleut";"swap";0,99032873239612;46,8298368298368;47,5925925925926;46,8333762997336;38,5971252171001
"Eskimo_Aleut";"swap";0,99082502575509;46,5501165501165;47,5925925925926;46,5549540259517;38,7468939948525
"Eskimo_Aleut";"swap";0,991119782352334;46,4646464646465;47,5925925925926;46,4698805534072;38,4717596031538
"Eskimo_Aleut";"swap";0,991119782352334;46,1383061383061;47,5925925925926;46,1450545673284;38,2744388193929
"Eskimo_Aleut";"swap";0,991119782352334;46,1383061383061;47,5925925925926;46,1450545673284;38,298591584445
"Eskimo_Aleut";"swap";0,991119782352334;46,4646464646465;47,5925925925926;46,4698805534072;38,40834267537
"Eskimo_Aleut";"swap";0,990841895260146;46,3247863247863;47,1380471380471;46,3285601568664;37,7267076739256
"Eskimo_Aleut";"swap";0,990812934163731;46,7210567210567;46,7676767676768;46,7212730553798;37,7761103140965
"Eskimo_Aleut";"swap";0,990763988516384;46,6666666666667;46,9360269360269;46,667916598311;37,6954033216023
"Eskimo_Aleut";"swap";0,990282249000075;46,8997668997669;46,9360269360269;46,8999351597959;37,8527860708871
"Eskimo_Aleut";"swap";0,990282249000075;46,8997668997669;46,9360269360269;46,8999351597959;37,5998398242346
"Eskimo_Aleut";"swap";0,990282249000075;46,8997668997669;46,9360269360269;46,8999351597959;37,6901903936892
"Eskimo_Aleut";"swap";0,990763570812485;46,7599067599068;47,020202020202;46,7611146265439;37,1934803420418
"Eskimo_Aleut";"swap";0,990763570812485;46,7599067599068;47,020202020202;46,7611146265439;37,3003853871323
"Eskimo_Aleut";"swap";0,99028258261032;46,7599067599068;47,3905723905724;46,7628332825549;37,3780390189922
"Eskimo_Aleut";"swap";0,990294766743181;46,6666666666667;47,4747474747475;46,6704164615998;37,1239366022723
"Eskimo_Aleut";"swap";0,990294766743181;46,8065268065268;47,4747474747475;46,8096275984907;37,1267599887668
"Eskimo_Aleut";"swap";0,990294766743181;46,8142968142968;47,4747474747475;46,8173615505402;36,9299650058283
"Eskimo_Aleut";"swap";0,990025656877538;46,8142968142968;46,5656565656566;46,8131430312405;36,9581008768448
"Eskimo_Aleut";"swap";0,990025656877538;46,8142968142968;46,5656565656566;46,8131430312405;37,1366523416431
"Eskimo_Aleut";"swap";0,990025656877538;46,8142968142968;46,5656565656566;46,8131430312405;37,1958671886642
"Eskimo_Aleut";"swap";0,990025656877538;46,8142968142968;46,5656565656566;46,8131430312405;37,0052055168683
"Eskimo_Aleut";"swap";0,990763570812485;46,9075369075369;47,020202020202;46,9080597154843;37,5328514625708
"Eskimo_Aleut";"swap";0,990763570812485;46,9075369075369;47,020202020202;46,9080597154843;37,4491114464674
"Eskimo_Aleut";"swap";0,99028258261032;46,9075369075369;47,3905723905724;46,9097783714953;37,4642890310378
"Eskimo_Aleut";"swap";0,99028258261032;46,9075369075369;47,3905723905724;46,9097783714953;37,4329759809542
"Eskimo_Aleut";"swap";0,99028258261032;46,7599067599068;47,3905723905724;46,7628332825549;37,5583450213866
"Eskimo_Aleut";"swap";0,990286891284955;46,6666666666667;47,3063973063973;46,669635254322;37,9503964913593
"Eskimo_Aleut";"swap";0,990286891284955;46,6278166278166;47,3063973063973;46,6309654940745;38,2620532689995
"Eskimo_Aleut";"swap";0,98980335438669;46,6278166278166;47,3063973063973;46,6309654940745;38,2172534063998
"Eskimo_Aleut";"swap";0,990580509073175;46,6666666666667;47,6767676767677;46,671353910333;38,6728275672651
"Eskimo_Aleut";"swap";0,991074069532311;46,3636363636364;47,6767676767677;46,3697297804026;38,2583631003285
"Eskimo_Aleut";"swap";0,991074069532311;46,3636363636364;47,6767676767677;46,3697297804026;38,4525414017883
"Eskimo_Aleut";"swap";0,991074069532311;46,3636363636364;47,6767676767677;46,3697297804026;38,6773660665085
"Eskimo_Aleut";"swap";0,991043796750213;46,5034965034965;47,7609427609428;46,5093315209324;37,9792443338175
"Eskimo_Aleut";"swap";0,990767094240557;46,6045066045066;47,7609427609428;46,6098728975759;38,1210559025039
"Eskimo_Aleut";"swap";0,990767094240557;46,6278166278166;47,7609427609428;46,6330747537244;37,9781702031683
"Eskimo_Aleut";"swap";0,990767094240557;46,6278166278166;47,7609427609428;46,6330747537244;37,8544058986932
"Eskimo_Aleut";"swap";0,990767094240557;46,6278166278166;47,7609427609428;46,6330747537244;38,032506911302
"Eskimo_Aleut";"swap";0,990767094240557;46,6278166278166;47,7609427609428;46,6330747537244;37,9333113614167
"Eskimo_Aleut";"swap";0,990767094240557;46,6278166278166;47,7609427609428;46,6330747537244;37,8264027940283
"Eskimo_Aleut";"swap";0,991253086732526;46,6511266511267;47,7609427609428;46,6562766098729;38,0461937600966
"Eskimo_Aleut";"swap";0,991723374629541;46,3014763014763;47,8451178451178;46,3086393712844;37,5449319675124
"Eskimo_Aleut";"swap";0,991241481746982;46,2781662781663;47,8451178451178;46,2854375151359;37,6391477818167
"Eskimo_Aleut";"swap";0,991512494646645;46,2004662004662;47,8451178451178;46,2080979946409;37,6575476421625
"Eskimo_Aleut";"swap";0,991029340674088;46,5034965034965;47,8451178451178;46,5097221245713;37,8626082189476
"Eskimo_Aleut";"swap";0,991029340674088;46,5034965034965;47,8451178451178;46,5097221245713;37,7388726494784
"Eskimo_Aleut";"swap";0,990286891284955;46,5034965034965;47,3063973063973;46,5072222612826;37,6932862384024
"Eskimo_Aleut";"swap";0,990307295588766;46,4879564879565;47,2222222222222;46,4913637535447;37,7388310538588
"Eskimo_Aleut";"swap";0,990307295588766;46,4879564879565;47,2222222222222;46,4913637535447;37,5994560292147
"Eskimo_Aleut";"swap";0,990307295588766;46,4102564102564;47,2222222222222;46,4140242330498;37,3199869581813
"Eskimo_Aleut";"swap";0,990307295588766;46,4102564102564;47,2222222222222;46,4140242330498;37,3450324219275
"Eskimo_Aleut";"swap";0,990307295588766;45,8974358974359;47,2222222222222;45,9035833977829;37,2466626322615
"Eskimo_Aleut";"swap";0,990307295588766;45,8974358974359;47,2222222222222;45,9035833977829;37,3808911674795
"Eskimo_Aleut";"swap";0,990307295588766;45,8974358974359;47,2222222222222;45,9035833977829;37,3084103630245
"Eskimo_Aleut";"swap";0,990307295588766;45,8974358974359;47,2222222222222;45,9035833977829;37,2713675191212
"Eskimo_Aleut";"swap";0,990307295588766;45,8974358974359;47,2222222222222;45,9035833977829;37,1537853864069
"Eskimo_Aleut";"swap";0,989546108061782;45,6410256410256;46,7676767676768;45,6462537204997;36,9092436293313
"Eskimo_Aleut";"swap";0,990307295588766;45,8741258741259;47,2222222222222;45,8803815416344;37,1947331844356
"Eskimo_Aleut";"swap";0,990767094240557;46,0606060606061;47,7609427609428;46,0684962541111;36,9435283184859
"Eskimo_Aleut";"swap";0,990772818161816;46,4568764568765;47,3063973063973;46,4608185489856;36,9355545242569
"Eskimo_Aleut";"swap";0,99079958878936;46,4801864801865;47,2222222222222;46,4836298014952;37,1531348355394
"Eskimo_Aleut";"swap";0,99079958878936;46,4801864801865;47,2222222222222;46,4836298014952;37,0987373001063
"Eskimo_Aleut";"swap";0,99079958878936;46,4801864801865;47,2222222222222;46,4836298014952;37,0216647462939
"Eskimo_Aleut";"swap";0,99079958878936;46,4801864801865;47,2222222222222;46,4836298014952;37,1715899974218
"Eskimo_Aleut";"swap";0,991074069532311;46,1538461538462;47,6767676767677;46,1609130750662;37,3763969536148
"Eskimo_Aleut";"swap";0,991074069532311;46,1538461538462;47,6767676767677;46,1609130750662;37,4108083711118
"Eskimo_Aleut";"swap";0,991074069532311;46,1538461538462;47,6767676767677;46,1609130750662;37,34022621174
"Eskimo_Aleut";"swap";0,991074069532311;46,1538461538462;47,6767676767677;46,1609130750662;37,2137438128746
"Eskimo_Aleut";"swap";0,990076119552637;46,2315462315462;47,3063973063973;46,2365339395502;37,0968645533098
"Eskimo_Aleut";"swap";0,990076119552637;46,4646464646465;47,3063973063973;46,4685525010351;37,5011033507613
"Eskimo_Aleut";"swap";0,990549582779435;46,4957264957265;47,3905723905724;46,4998789128719;37,3550527572674
"Eskimo_Aleut";"swap";0,990549582779435;46,4957264957265;47,3905723905724;46,4998789128719;37,1632089845436
"Eskimo_Aleut";"swap";0,990549582779435;46,4957264957265;47,3905723905724;46,4998789128719;37,1339975746149
"Eskimo_Aleut";"swap";0,990556557958613;46,7288267288267;47,7609427609428;46,7336161303679;37,4478608172921
"Eskimo_Aleut";"swap";0,990283484391741;46,7132867132867;47,7609427609428;46,7181482262689;37,5262451097662
"Eskimo_Aleut";"swap";0,990283484391741;46,7132867132867;47,7609427609428;46,7181482262689;37,294779489606
"Eskimo_Aleut";"swap";0,990283484391741;46,7132867132867;47,7609427609428;46,7181482262689;37,3953758979292
"Eskimo_Aleut";"swap";0,990283484391741;46,7132867132867;47,7609427609428;46,7181482262689;37,5051923240809
"Eskimo_Aleut";"swap";0,990283484391741;46,7132867132867;47,7609427609428;46,7181482262689;37,4790472643778
"Eskimo_Aleut";"swap";0,990283484391741;46,7132867132867;47,7609427609428;46,7181482262689;37,3688753062026
"Eskimo_Aleut";"swap";0,989802294247926;46,4568764568765;47,7609427609428;46,4629278086355;37,5561472603094
"Eskimo_Aleut";"swap";0,989802294247926;46,4568764568765;47,7609427609428;46,4629278086355;37,2933823985906
"Eskimo_Aleut";"swap";0,989802294247926;46,5423465423465;47,7609427609428;46,5480012811799;37,685006058921
"Eskimo_Aleut";"swap";0,989810482621451;46,5656565656566;47,6767676767677;46,5708125336896;38,0309269386675
"Eskimo_Aleut";"swap";0,989810482621451;46,5656565656566;47,6767676767677;46,5708125336896;37,9463534775972
"Eskimo_Aleut";"swap";0,989810482621451;46,5734265734266;47,6767676767677;46,5785464857391;38,1516047799295
"Eskimo_Aleut";"swap";0,989810482621451;46,8609168609169;47,6767676767677;46,8647027115705;38,1931848799026
"Eskimo_Aleut";"swap";0,989325153873776;46,6045066045066;47,6767676767677;46,609482293937;38,3761604678629
"Eskimo_Aleut";"swap";0,98980335438669;46,6045066045066;47,3063973063973;46,607763637926;38,0792251727927
"Eskimo_Aleut";"swap";0,990788224923574;46,8531468531469;47,6767676767677;46,856968759521;38,1838443975157
"Eskimo_Aleut";"swap";0,990788224923574;46,8531468531469;47,6767676767677;46,856968759521;38,3060815525331
"Eskimo_Aleut";"swap";0,990788224923574;46,8531468531469;47,6767676767677;46,856968759521;38,1152410840278
"Eskimo_Aleut";"swap";0,990788224923574;46,9386169386169;47,6767676767677;46,9420422320654;38,8323365376741
"Eskimo_Aleut";"swap";0,990620073253344;46,9386169386169;47,5925925925926;46,9416516284266;38,7907904632605
"Eskimo_Aleut";"swap";0,990580509073175;46,961926961927;47,6767676767677;46,9652440882139;38,2460300556596
"Eskimo_Aleut";"swap";0,991043796750213;46,961926961927;47,7609427609428;46,9656346918528;38,0090160780239
"Eskimo_Aleut";"swap";0,991043796750213;46,8919968919969;47,7609427609428;46,8960291234073;37,9103579333688
"Eskimo_Aleut";"swap";0,991043796750213;46,8919968919969;47,7609427609428;46,8960291234073;37,8170926681057
"Eskimo_Aleut";"swap";0,990556557958613;46,7987567987568;47,7609427609428;46,8032216988133;38,0520567058369
"Eskimo_Aleut";"swap";0,990580509073175;46,7987567987568;47,6767676767677;46,8028310951745;38,2530132799552
"Eskimo_Aleut";"swap";0,990580509073175;46,8919968919969;47,6767676767677;46,8956385197684;38,2845863848671
"Eskimo_Aleut";"swap";0,990580509073175;46,8919968919969;47,6767676767677;46,8956385197684;38,5785151738536
"Eskimo_Aleut";"swap";0,990580509073175;46,8919968919969;47,6767676767677;46,8956385197684;38,6138918110539
"Eskimo_Aleut";"swap";0,990580509073175;46,8919968919969;47,6767676767677;46,8956385197684;38,4504503496115
"Eskimo_Aleut";"swap";0,989817310989874;46,8919968919969;47,2222222222222;46,8935292601186;38,2593936257673
"Eskimo_Aleut";"swap";0,99001585540693;46,8142968142968;47,3063973063973;46,8165803432625;37,4188667635083
"Eskimo_Aleut";"swap";0,99001585540693;46,8142968142968;47,3063973063973;46,8165803432625;37,3324528486004
"Eskimo_Aleut";"swap";0,99076201754184;46,8142968142968;47,8451178451178;46,8190802065512;37,6085481417693
"Eskimo_Aleut";"swap";0,990767094240557;47,047397047397;47,7609427609428;47,0507081643973;37,8229993706398
"Eskimo_Aleut";"swap";0,990767094240557;47,047397047397;47,7609427609428;47,0507081643973;37,9899729761375
"Eskimo_Aleut";"swap";0,990283484391741;46,8376068376068;47,7609427609428;46,8418914590608;38,0223572539453
"Eskimo_Aleut";"swap";0,990283484391741;46,7599067599068;47,7609427609428;46,7645519385659;37,6875011425751
"Eskimo_Aleut";"swap";0,990283484391741;46,8531468531469;47,7609427609428;46,8573593631598;38,033781045022
"Eskimo_Aleut";"swap";0,990283484391741;46,8531468531469;47,7609427609428;46,8573593631598;37,9757852070717
"Eskimo_Aleut";"swap";0,990283484391741;46,8531468531469;47,7609427609428;46,8573593631598;37,9910731165173
"Eskimo_Aleut";"swap";0,990283484391741;46,8531468531469;47,7609427609428;46,8573593631598;38,0492753810921
"Eskimo_Aleut";"swap";0,990283484391741;46,8531468531469;47,7609427609428;46,8573593631598;38,0686567908022
"Eskimo_Aleut";"swap";0,990283484391741;46,8531468531469;47,7609427609428;46,8573593631598;38,049773729446
"Eskimo_Aleut";"swap";0,990767094240557;47,0629370629371;47,7609427609428;47,0661760684963;37,8391033484063
"Eskimo_Aleut";"swap";0,990767094240557;47,0629370629371;47,7609427609428;47,0661760684963;37,8739493776081
"Eskimo_Aleut";"swap";0,99076201754184;46,8764568764569;47,8451178451178;46,8809518229472;37,6916167422629
"Eskimo_Aleut";"swap";0,990761963101485;46,7832167832168;47,3905723905724;46,7860351387034;37,9069323413641
"Eskimo_Aleut";"swap";0,990767094240557;46,8997668997669;47,7609427609428;46,9037630754568;37,6646535686505
"Eskimo_Aleut";"swap";0,991253086732526;47,0862470862471;47,7609427609428;47,0893779246447;38,7530009083439
"Eskimo_Aleut";"swap";0,991253086732526;47,0862470862471;47,7609427609428;47,0893779246447;37,8441268444017
"Eskimo_Aleut";"swap";0,991253086732526;47,0862470862471;47,7609427609428;47,0893779246447;37,950429211987
"Eskimo_Aleut";"swap";0,991253086732526;47,1484071484072;47,7609427609428;47,1512495410407;38,2795608831301
"Eskimo_Aleut";"swap";0,990767094240557;47,1250971250971;47,7609427609428;47,1280476848922;38,2996123129429
"Eskimo_Aleut";"swap";0,990788224923574;47,1017871017871;47,6767676767677;47,1044552251049;38,8527633476327
"Eskimo_Aleut";"swap";0,990767094240557;47,031857031857;47,7609427609428;47,0352402602983;38,0264474413842
"Eskimo_Aleut";"swap";0,990767094240557;47,031857031857;47,7609427609428;47,0352402602983;37,9968805245894
"Eskimo_Aleut";"swap";0,990975903207493;47,0784770784771;47,8451178451178;47,0820345762341;37,8539889282272
"Eskimo_Aleut";"swap";0,990975440223524;47,1017871017871;48,2154882154882;47,1069550883936;38,1114409106517
"Eskimo_Aleut";"swap";0,990027010552982;46,993006993007;47,8451178451178;46,9969611036896;37,4714892359076
"Eskimo_Aleut";"swap";0,989765231578361;46,7599067599068;47,3905723905724;46,7628332825549;37,1521403884229
"Eskimo_Aleut";"swap";0,989274226168144;46,993006993007;47,3063973063973;46,9944612404009;37,7184440898632
"Eskimo_Aleut";"swap";0,989750279183636;47,0629370629371;47,3063973063973;47,0640668088464;37,6417629073802
"Eskimo_Aleut";"swap";0,98975796175122;47,0629370629371;46,9360269360269;47,0623481528354;37,7221351544883
"Eskimo_Aleut";"swap";0,98975796175122;47,0629370629371;46,9360269360269;47,0623481528354;37,765012517217
"Eskimo_Aleut";"swap";0,98975796175122;47,0629370629371;46,9360269360269;47,0623481528354;37,5621858229312
"Eskimo_Aleut";"swap";0,98975796175122;47,0629370629371;46,9360269360269;47,0623481528354;37,6040495764223
"Eskimo_Aleut";"swap";0,990709823707841;47,0940170940171;47,3063973063973;47,0950026170444;37,8484430935314
"Eskimo_Aleut";"swap";0,990711313678845;47,047397047397;47,3905723905724;47,0489895083863;37,4589215997371
"Eskimo_Aleut";"swap";0,990711313678845;47,047397047397;47,3905723905724;47,0489895083863;37,3978920059456
"Eskimo_Aleut";"swap";0,990711313678845;47,047397047397;47,3905723905724;47,0489895083863;37,4586951798659
"Eskimo_Aleut";"swap";0,990974810504535;47,016317016317;47,3905723905724;47,0180537001883;37,4710286299696
"Eskimo_Aleut";"swap";0,990974810504535;47,016317016317;47,3905723905724;47,0180537001883;37,459557783315
"Eskimo_Aleut";"swap";0,990978092020771;46,993006993007;47,7609427609428;46,9965705000508;37,6672720343746
"Eskimo_Aleut";"swap";0,991720805071561;46,993006993007;48,2996632996633;46,9990703633395;37,6139613161004
"Eskimo_Aleut";"swap";0,991720805071561;46,993006993007;48,2996632996633;46,9990703633395;37,3609895217434
"Eskimo_Aleut";"swap";0,991720304564201;46,6899766899767;48,7542087542088;46,699555493059;37,2072002095255
"Eskimo_Aleut";"swap";0,991720304564201;46,7443667443667;48,7542087542088;46,7536931574055;37,5953792408041
"Eskimo_Aleut";"swap";0,991243155086162;47,024087024087;48,6700336700337;47,0317248275485;37,9947369229157
"Eskimo_Aleut";"swap";0,990975440223524;46,8142968142968;48,2154882154882;46,8207988625622;37,2318884275475
"Eskimo_Aleut";"swap";0,990027010552982;46,8531468531469;47,8451178451178;46,8577499667987;37,187126420982
"Eskimo_Aleut";"swap";0,990275060611478;46,6122766122766;47,9292929292929;46,6183880569031;36,8438508867553
"Eskimo_Aleut";"swap";0,990275060611478;46,6122766122766;47,9292929292929;46,6183880569031;36,8114297391978
"Eskimo_Aleut";"swap";0,990275060611478;46,4957264957265;47,9292929292929;46,5023787761607;36,8569626360876
"Eskimo_Aleut";"swap";0,990304193817433;46,4102564102564;47,5589225589226;46,4155866476052;36,7754007851524
"Eskimo_Aleut";"swap";0,990031103653686;46,4102564102564;46,6498316498316;46,4113681283055;36,4760424796184
"Eskimo_Aleut";"swap";0,990031103653686;46,4102564102564;46,6498316498316;46,4113681283055;36,5620341121697
"Eskimo_Aleut";"swap";0,990031103653686;46,4102564102564;46,6498316498316;46,4113681283055;36,4091258321737
"Eskimo_Aleut";"swap";0,990708895293982;46,6200466200466;46,9360269360269;46,621512886014;37,1136059521728
"Eskimo_Aleut";"swap";0,990233046264057;46,8842268842269;46,3973063973064;46,8819673924082;37,4550534417035
"Eskimo_Aleut";"swap";0,990233046264057;46,8842268842269;46,3973063973064;46,8819673924082;37,5516840020831
"Eskimo_Aleut";"swap";0,990238249360534;47,047397047397;45,9427609427609;47,0422711257978;37,8125989114897
"Eskimo_Aleut";"swap";0,99050256591609;47,047397047397;46,8518518518518;47,0464896450975;37,8546344466566
"Eskimo_Aleut";"swap";0,990509048895511;47,0707070707071;46,3973063973064;47,0675822415962;38,3155952268856
"Eskimo_Aleut";"swap";0,990998307359118;47,024087024087;46,3973063973064;47,0211785292992;38,1421735591611
"Eskimo_Aleut";"swap";0,990537919012452;47,024087024087;46,3131313131313;47,0207879256603;38,7882600786878
"Eskimo_Aleut";"swap";0,990378617402787;46,9463869463869;46,2289562289562;46,9430578015265;39,0277710112187
"Eskimo_Aleut";"swap";0,990378617402787;46,8842268842269;46,2289562289562;46,8811861851305;38,7039565298577
"Eskimo_Aleut";"swap";0,990416884000447;46,6511266511267;46,5993265993266;46,6508862796566;38,683541416437
"Eskimo_Aleut";"swap";0,990416884000447;46,6511266511267;46,5993265993266;46,6508862796566;38,7097219505335
"Eskimo_Aleut";"swap";0,98958563735471;46,4646464646465;46,2289562289562;46,4635527744576;38,4989931836712
"Eskimo_Aleut";"swap";0,98958563735471;46,4646464646465;46,2289562289562;46,4635527744576;38,3911463825966
"Eskimo_Aleut";"swap";0,98958563735471;46,4646464646465;46,2289562289562;46,4635527744576;39,0578813061161
"Eskimo_Aleut";"swap";0,990044657120874;46,4879564879565;46,3131313131313;46,487145234245;37,9111665727616
"Eskimo_Aleut";"swap";0,990812934163731;46,2082362082362;46,7676767676768;46,210832220113;39,0793779575273
"Eskimo_Aleut";"swap";0,990812934163731;46,2082362082362;46,7676767676768;46,210832220113;39,0830280644687
"Eskimo_Aleut";"swap";0,990812934163731;46,2082362082362;46,7676767676768;46,210832220113;38,6540595369123
"Eskimo_Aleut";"swap";0,990812934163731;46,2082362082362;46,7676767676768;46,210832220113;38,6602338411829
"Eskimo_Aleut";"swap";0,990812934163731;46,2082362082362;46,7676767676768;46,210832220113;39,2127278701357
"Eskimo_Aleut";"swap";0,990812934163731;46,2082362082362;46,7676767676768;46,210832220113;38,6463960149217
"Eskimo_Aleut";"swap";0,99127111743445;46,2548562548563;46,8518518518518;46,2576265360488;38,6438284406019
"Eskimo_Aleut";"swap";0,99127111743445;46,2548562548563;46,8518518518518;46,2576265360488;38,6698322415107
"Eskimo_Aleut";"swap";0,99049933064222;46,2781662781663;46,5656565656566;46,2795003398252;37,6623013437014
"Eskimo_Aleut";"swap";0,99001566945102;46,2315462315462;46,4814814814815;46,2327060238893;37,755064605932
"Eskimo_Aleut";"swap";0,99050256591609;46,4646464646465;46,8518518518518;46,4664432413852;37,9023646681866
"Eskimo_Aleut";"swap";0,99050256591609;46,4646464646465;46,8518518518518;46,4664432413852;38,2193819936307
"Eskimo_Aleut";"swap";0,99050256591609;46,6433566433566;46,8518518518518;46,6443241385237;38,3849974973753
"Eskimo_Aleut";"swap";0,99050256591609;46,6200466200466;46,8518518518518;46,6211222823752;38,6323767106652
"Eskimo_Aleut";"swap";0,99050256591609;46,4102564102564;46,8518518518518;46,4123055770388;38,8908037641204
"Eskimo_Aleut";"swap";0,99050256591609;46,6200466200466;46,8518518518518;46,6211222823752;38,7270068783478
"Eskimo_Aleut";"swap";0,99050256591609;46,6200466200466;46,8518518518518;46,6211222823752;38,548156847568
"Eskimo_Aleut";"swap";0,990017962247973;46,8764568764569;46,8518518518518;46,8763427000086;38,5408730050694
"Eskimo_Aleut";"swap";0,99079958878936;47,0551670551671;47,2222222222222;47,055942253158;38,7309583428721
"Eskimo_Aleut";"swap";0,99079958878936;47,0551670551671;47,2222222222222;47,055942253158;38,8188475553556
"Eskimo_Aleut";"swap";0,990307295588766;47,0784770784771;47,2222222222222;47,0791441093065;38,7871943247488
"Eskimo_Aleut";"swap";0,990138235626265;46,993006993007;47,1380471380471;46,9936800331232;39,4153020100787
"Eskimo_Aleut";"swap";0,990592866318517;47,039627039627;47,2222222222222;47,040474349059;39,3073235810348
"Eskimo_Aleut";"swap";0,990099351075508;47,016317016317;47,2222222222222;47,0172724929105;39,1502244964191
"Eskimo_Aleut";"swap";0,989656194047355;46,8453768453768;46,6835016835017;46,8446256845329;39,4142486184737
"Eskimo_Aleut";"swap";0,989656194047355;46,8453768453768;46,6835016835017;46,8446256845329;39,4057020317989
"Eskimo_Aleut";"swap";0,990155845202276;46,8686868686869;46,6835016835017;46,8678275406814;39,5392092742423
"Eskimo_Aleut";"swap";0,990155845202276;46,8686868686869;46,6835016835017;46,8678275406814;40,0168896783125
"Eskimo_Aleut";"swap";0,989688865217686;46,8686868686869;47,0538720538721;46,8695461966924;39,5293413588744
"Eskimo_Aleut";"swap";0,988963763371943;46,8686868686869;46,5151515151515;46,8670463334036;39,6779843403297
"Eskimo_Aleut";"swap";0,988963763371943;46,8686868686869;46,5151515151515;46,8670463334036;39,4874504680994
"Eskimo_Aleut";"swap";0,989032587563097;46,9230769230769;46,4309764309764;46,9207933941113;40,0299999713471
"Eskimo_Aleut";"swap";0,989544607982658;46,993006993007;46,4309764309764;46,9903989625567;39,9747525367902
"Eskimo_Aleut";"swap";0,99023512212142;47,000777000777;47,4242424242424;47,0027420375448;40,2282343990572
"Eskimo_Aleut";"swap";0,989929679717552;47,016317016317;47,4242424242424;47,0182099416438;39,5369213072499
"Eskimo_Aleut";"swap";0,990374748388696;47,1328671328671;47,5084175084175;47,1346098260251;38,8095424821294
"Eskimo_Aleut";"swap";0,990374748388696;47,016317016317;47,5084175084175;47,0186005452827;39,1744808668194
"Eskimo_Aleut";"swap";0,99082502575509;47,039627039627;47,5925925925926;47,04219300507;38,6733571953288
"Eskimo_Aleut";"swap";0,99082502575509;47,039627039627;47,5925925925926;47,04219300507;38,5495044985786
"Eskimo_Aleut";"swap";0,99082502575509;47,039627039627;47,5925925925926;47,04219300507;38,6016275526199
"Eskimo_Aleut";"swap";0,99082502575509;47,039627039627;47,5925925925926;47,04219300507;38,5615406496842
"Eskimo_Aleut";"swap";0,991280566340098;47,016317016317;47,6767676767677;47,0193817525604;38,1560645737828
"Eskimo_Aleut";"swap";0,990788224923574;47,1095571095571;47,6767676767677;47,1121891771544;37,806387221328
"Eskimo_Aleut";"swap";0,99032873239612;47,0862470862471;47,5925925925926;47,088596717367;38,7482782027252
"Eskimo_Aleut";"swap";0,99032873239612;47,0862470862471;47,5925925925926;47,088596717367;38,3360429889522
"Eskimo_Aleut";"swap";0,989561220919858;47,016317016317;47,1380471380471;47,0168818892717;38,245332045299
"Eskimo_Aleut";"swap";0,989847155050325;46,954156954157;47,1380471380471;46,9550102728757;37,6607640573697
"Eskimo_Aleut";"swap";0,990570143185353;46,977466977467;48,1313131313131;46,9828212519628;37,4561423982824
"Eskimo_Aleut";"swap";0,991036798263049;46,9075369075369;48,2154882154882;46,9136062871562;37,4910509749831
"Eskimo_Aleut";"swap";0,990767094240557;47,000777000777;47,7609427609428;47,0043044521003;37,5715111177061
"Eskimo_Aleut";"swap";0,990298185095101;47,024087024087;47,6767676767677;47,0271157046099;37,8594861367834
"Eskimo_Aleut";"swap";0,990298185095101;47,024087024087;47,6767676767677;47,0271157046099;37,7689279493225
"Eskimo_Aleut";"swap";0,990788224923574;46,9308469308469;47,6767676767677;46,9343082800159;37,3890926928264
"Eskimo_Aleut";"swap";0,990788224923574;46,9308469308469;47,6767676767677;46,9343082800159;37,4240564634316
"Eskimo_Aleut";"swap";0,991247099757818;46,9075369075369;48,2154882154882;46,9136062871562;37,5819748889058
"Eskimo_Aleut";"swap";0,990285019780663;46,9153069153069;47,8451178451178;46,9196215831947;37,4345012280368
"Eskimo_Aleut";"swap";0,990285019780663;46,9153069153069;47,8451178451178;46,9196215831947;37,5028223481687
"Eskimo_Aleut";"swap";0,990285019780663;46,9153069153069;47,8451178451178;46,9196215831947;37,4197998060149
"Eskimo_Aleut";"swap";0,990285019780663;46,8686868686869;47,8451178451178;46,8732178708977;37,8838496531646
"Eskimo_Aleut";"swap";0,990285019780663;46,5889665889666;47,8451178451178;46,5947955971158;37,8534952192454
"Eskimo_Aleut";"swap";0,990762017541841;46,5889665889666;47,8451178451178;46,5947955971158;37,6005691913299
"Eskimo_Aleut";"swap";0,990762017541841;46,5889665889666;47,8451178451178;46,5947955971158;37,7165343128543
"Eskimo_Aleut";"swap";0,990762017541841;46,5889665889666;47,8451178451178;46,5947955971158;37,6520644501829
"Eskimo_Aleut";"swap";0,990762017541841;46,4491064491064;47,8451178451178;46,4555844602248;37,9979107323657
"Eskimo_Aleut";"swap";0,990283484391741;46,4491064491064;47,7609427609428;46,455193856586;38,0694091447656
"Eskimo_Aleut";"swap";0,990500197584287;46,5034965034965;47,8451178451178;46,5097221245713;37,9081525550654
"Eskimo_Aleut";"swap";0,990500197584287;46,8065268065268;47,8451178451178;46,8113462545017;38,106760317095
"Eskimo_Aleut";"swap";0,990495745717692;46,6433566433566;47,7609427609428;46,6485426578234;38,2617839765708
"Eskimo_Aleut";"swap";0,990495745717692;46,6433566433566;47,7609427609428;46,6485426578234;38,2460183239344
"Eskimo_Aleut";"swap";0,990495745717692;46,6433566433566;47,7609427609428;46,6485426578234;38,1964218068876
"Eskimo_Aleut";"swap";0,990495745717692;46,6433566433566;47,7609427609428;46,6485426578234;38,3319836346859
"Eskimo_Aleut";"swap";0,990495745717692;46,6433566433566;47,7609427609428;46,6485426578234;38,2231203577322
"Eskimo_Aleut";"swap";0,990495745717692;46,6433566433566;47,7609427609428;46,6485426578234;38,2521403708997
"Eskimo_Aleut";"swap";0,990495745717692;46,8531468531469;47,7609427609428;46,8573593631598;38,2835378752206
"Eskimo_Aleut";"swap";0,990021135967193;46,9463869463869;47,6767676767677;46,9497761841149;38,3628149783746
"Eskimo_Aleut";"swap";0,990021135967193;46,9463869463869;47,6767676767677;46,9497761841149;38,2643371431774
"Eskimo_Aleut";"swap";0,990021135967193;46,9463869463869;47,6767676767677;46,9497761841149;38,0546936035337
"Eskimo_Aleut";"swap";0,990021135967193;46,9463869463869;47,6767676767677;46,9497761841149;38,0920940051933
"Eskimo_Aleut";"swap";0,989552015369578;46,993006993007;47,5925925925926;46,9957892927731;38,4986042168166
"Eskimo_Aleut";"swap";0,988788908050944;46,9075369075369;47,2222222222222;46,9089971642176;38,2117217436607
"Eskimo_Aleut";"swap";0,988788908050944;46,9075369075369;47,2222222222222;46,9089971642176;38,0485624995414
"Eskimo_Aleut";"swap";0,988311111249501;46,977466977467;47,2222222222222;46,9786027326631;38,0592510602317
"Eskimo_Aleut";"swap";0,988311111249501;46,8531468531469;47,2222222222222;46,8548594998711;38,3141458479835
"Eskimo_Aleut";"swap";0,988311111249501;46,8531468531469;47,2222222222222;46,8548594998711;38,1903477886935
"Eskimo_Aleut";"swap";0,988311111249501;46,8531468531469;47,2222222222222;46,8548594998711;38,2991760902688
"Eskimo_Aleut";"swap";0,989063457181676;46,8531468531469;47,7609427609428;46,8573593631598;38,3774168274996
"Eskimo_Aleut";"swap";0,988591072934553;46,7599067599068;47,7609427609428;46,7645519385659;38,3121660314654
"Eskimo_Aleut";"swap";0,987681742287521;46,4724164724165;47,3905723905724;46,4766770567235;38,2062866067371
"Eskimo_Aleut";"swap";0,987174840927449;46,3791763791764;47,3063973063973;46,3834790284906;38,6183843824092
"Eskimo_Aleut";"swap";0,987425932040258;46,4568764568765;46,9360269360269;46,4590998929746;37,922000088985
"Eskimo_Aleut";"swap";0,987941333046978;46,4335664335664;47,020202020202;46,436288640465;37,6222326180711
"Eskimo_Aleut";"swap";0,988437518620144;46,4335664335664;46,6498316498316;46,434569984454;37,463860836416
"Eskimo_Aleut";"swap";0,989068830636249;46,8065268065268;46,9360269360269;46,807127735202;38,0483892814674
"Eskimo_Aleut";"swap";0,989068830636249;46,8065268065268;46,9360269360269;46,807127735202;38,0724763138037
"Eskimo_Aleut";"swap";0,989068830636249;46,6666666666667;46,9360269360269;46,667916598311;37,8466749988278
"Eskimo_Aleut";"swap";0,989068830636249;46,4568764568765;46,9360269360269;46,4590998929746;37,7070908648994
"Eskimo_Aleut";"swap";0,989068830636249;46,4568764568765;46,9360269360269;46,4590998929746;37,7198555107875
"Eskimo_Aleut";"swap";0,989059786225315;46,5578865578866;46,7676767676768;46,5588600623403;37,7259818381692
"Eskimo_Aleut";"swap";0,989329670904903;46,1849261849262;47,2222222222222;46,1897396236143;37,9478217337929
"Eskimo_Aleut";"swap";0,988575865978511;46,1383061383061;46,7676767676768;46,1412266516675;37,7751683076
"Eskimo_Aleut";"swap";0,988575865978511;46,1383061383061;46,7676767676768;46,1412266516675;37,6866779614721
"Eskimo_Aleut";"swap";0,988575865978511;46,1383061383061;46,7676767676768;46,1412266516675;37,7453260524417
"Eskimo_Aleut";"swap";0,988575865978511;46,1383061383061;46,7676767676768;46,1412266516675;37,7575438232978
"Eskimo_Aleut";"swap";0,989329670904903;46,4646464646465;47,2222222222222;46,4681618973962;37,9806180064859
"Eskimo_Aleut";"swap";0,99008923752257;46,4724164724165;47,6767676767677;46,4780051090956;38,1979744291562
"Eskimo_Aleut";"swap";0,99008923752257;46,2315462315462;47,6767676767677;46,2382525955612;37,6094150814288
"Eskimo_Aleut";"swap";0,990099351075508;46,3714063714064;47,2222222222222;46,3753544728023;37,9697891839082
"Eskimo_Aleut";"swap";0,990572056229447;46,3714063714064;46,8518518518518;46,3736358167913;38,0060654789887
"Eskimo_Aleut";"swap";0,990572056229447;46,3714063714064;46,8518518518518;46,3736358167913;37,8604464626235
"Eskimo_Aleut";"swap";0,990768075785074;46,2937062937063;46,4814814814815;46,2945776402853;37,719705878304
"Eskimo_Aleut";"swap";0,990768075785074;46,2937062937063;46,4814814814815;46,2945776402853;37,7138647050665
"Eskimo_Aleut";"swap";0,990768075785074;46,4646464646465;46,4814814814815;46,4647245853742;37,8445311264141
"Eskimo_Aleut";"swap";0,990768075785074;46,4646464646465;46,4814814814815;46,4647245853742;37,7777077778011
"Eskimo_Aleut";"swap";0,990768075785074;46,6588966588967;46,4814814814815;46,6580733866117;38,3004755657766
"Eskimo_Aleut";"swap";0,990768075785074;46,6588966588967;46,4814814814815;46,6580733866117;38,2761433129031
"Eskimo_Aleut";"swap";0,990768075785074;46,6588966588967;46,4814814814815;46,6580733866117;38,3114655988158
"Eskimo_Aleut";"swap";0,990780572021868;46,9386169386169;46,8518518518518;46,9382143164046;38,499385442721
"Eskimo_Aleut";"swap";0,990772818161816;47,0784770784771;47,3063973063973;47,0795347129454;38,2671023714693
"Eskimo_Aleut";"swap";0,990974810504535;47,0862470862471;47,3905723905724;47,0876592686338;38,1282649938553
"Eskimo_Aleut";"swap";0,990975903207493;47,039627039627;47,8451178451178;47,0433648159866;37,7706029019778
"Eskimo_Aleut";"swap";0,990498125590773;47,0784770784771;47,3063973063973;47,0795347129454;37,9521756336266
"Eskimo_Aleut";"swap";0,990498125590773;47,0784770784771;47,3063973063973;47,0795347129454;37,9025898251085
"Eskimo_Aleut";"swap";0,990498125590773;47,0784770784771;47,3063973063973;47,0795347129454;37,8568847475242
"Eskimo_Aleut";"swap";0,990498125590773;47,1484071484072;47,3063973063973;47,1491402813909;38,1679304782427
"Eskimo_Aleut";"swap";0,990515694151986;47,2183372183372;47,2222222222222;47,2183552461975;38,4825733803184
"Eskimo_Aleut";"swap";0,990343410215972;47,1250971250971;47,1380471380471;47,1251572179646;38,4747584160543
"Eskimo_Aleut";"swap";0,990343410215972;47,1250971250971;47,1380471380471;47,1251572179646;38,4083883440155
"Eskimo_Aleut";"swap";0,990343410215972;47,1250971250971;47,1380471380471;47,1251572179646;38,5213525950951
"Eskimo_Aleut";"swap";0,990307295588766;47,1250971250971;47,2222222222222;47,1255478216035;38,1571345215139
"Eskimo_Aleut";"swap";0,990307295588766;47,1250971250971;47,2222222222222;47,1255478216035;38,2931906125261
"Eskimo_Aleut";"swap";0,990307295588766;47,0784770784771;47,2222222222222;47,0791441093065;38,3496251953546
"Eskimo_Aleut";"swap";0,989847155050325;47,008547008547;47,1380471380471;47,0091479372222;38,5503054724305
"Eskimo_Aleut";"swap";0,989847155050325;47,008547008547;47,1380471380471;47,0091479372222;38,5744935931934
"Eskimo_Aleut";"swap";0,989847155050325;47,008547008547;47,1380471380471;47,0091479372222;38,6050435003326
"Eskimo_Aleut";"swap";0,989847155050325;47,008547008547;47,1380471380471;47,0091479372222;38,383184317121
"Eskimo_Aleut";"swap";0,989336237226051;46,7599067599068;46,7676767676768;46,7599428156273;38,2923116625153
"Eskimo_Aleut";"swap";0,989847155050325;47,008547008547;47,1380471380471;47,0091479372222;38,2146763196968
"Eskimo_Aleut";"swap";0,990026948399913;46,961926961927;47,2222222222222;46,9631348285641;37,9689360800119
"Eskimo_Aleut";"swap";0,990515694151986;47,031857031857;47,2222222222222;47,0327403970095;37,9713041730269
"Eskimo_Aleut";"swap";0,990515694151986;47,031857031857;47,2222222222222;47,0327403970095;38,0966944389956
"Eskimo_Aleut";"swap";0,990515694151986;46,8686868686869;47,2222222222222;46,8703274039701;37,489190787123
"Eskimo_Aleut";"swap";0,990515694151986;46,8686868686869;47,2222222222222;46,8703274039701;37,5742857933414
"Eskimo_Aleut";"swap";0,98975796175122;46,8298368298368;46,9360269360269;46,8303295913505;37,2409682072182
"Eskimo_Aleut";"swap";0,989748979672023;46,7832167832168;46,8518518518518;46,7835352754146;37,5254231124535
"Eskimo_Aleut";"swap";0,989748979672023;46,7832167832168;46,8518518518518;46,7835352754146;37,3238428896601
"Eskimo_Aleut";"swap";0,99023217394125;46,6899766899767;46,9360269360269;46,6911184544595;36,9587659358089
"Eskimo_Aleut";"swap";0,990229898644707;46,6200466200466;46,8518518518518;46,6211222823752;37,4735986524417
"Eskimo_Aleut";"swap";0,990229898644707;46,8764568764569;46,8518518518519;46,8763427000086;38,1803477989859
"Eskimo_Aleut";"swap";0,990229898644707;46,977466977467;46,8518518518518;46,9768840766521;37,9016361290562
"Eskimo_Aleut";"swap";0,989482863686316;46,7832167832168;46,3973063973064;46,7814260157648;37,7727996397394
"Eskimo_Aleut";"swap";0,989489132179648;46,9230769230769;46,026936026936;46,9189184966447;37,7360328568055
"Eskimo_Aleut";"swap";0,989749850636975;46,8842268842269;46,026936026936;46,8802487363972;38,1555470358371
"Eskimo_Aleut";"swap";0,989749850636975;46,8842268842269;46,026936026936;46,8802487363972;38,947489927018
"Eskimo_Aleut";"swap";0,989756766282313;46,7443667443667;45,6565656565657;46,7393189434953;38,0983013336748
"Eskimo_Aleut";"swap";0,989756766282313;46,7443667443667;45,6565656565657;46,7393189434953;37,9408008956061
"Eskimo_Aleut";"swap";0,989270036673237;46,6278166278166;45,5723905723906;46,622919059114;38,6342612411198
"Eskimo_Aleut";"swap";0,989270036673237;46,6278166278166;45,5723905723906;46,622919059114;38,4572979292473
"Eskimo_Aleut";"swap";0,989270036673237;46,6278166278166;45,5723905723906;46,622919059114;38,4807937631903
"Eskimo_Aleut";"swap";0,989270036673237;46,5578865578866;45,5723905723906;46,5533134906685;38,4202089478116
"Eskimo_Aleut";"swap";0,989270036673237;46,5268065268065;45,5723905723906;46,5223776824705;38,5132811401815
"Eskimo_Aleut";"swap";0,989756766282313;46,8531468531469;45,6565656565657;46,8475942721882;38,5543509743064
"Eskimo_Aleut";"swap";0,989756766282313;46,8220668220668;45,6565656565657;46,8166584639903;38,0227392122271
"Eskimo_Aleut";"swap";0,990228872544569;46,9386169386169;46,026936026936;46,9343864007437;38,2520245796933
"Eskimo_Aleut";"swap";0,990228872544569;46,9386169386169;46,026936026936;46,9343864007437;38,1051859719979
"Eskimo_Aleut";"swap";0,989484799124098;46,961926961927;45,5723905723906;46,9554789972423;38,064816480843
"Eskimo_Aleut";"swap";0,989484799124098;46,961926961927;45,5723905723906;46,9554789972423;37,8848162063659
"Eskimo_Aleut";"swap";0,989484799124098;47,039627039627;45,5723905723906;47,0328185177373;37,9864959791994
"Eskimo_Aleut";"swap";0,990235865887507;47,039627039627;46,1111111111111;47,035318381026;38,1290030183972
"Eskimo_Aleut";"swap";0,989973183239912;46,993006993007;45,6565656565657;46,9868054090792;37,4508571279266
"Eskimo_Aleut";"swap";0,989964367757487;46,8997668997669;46,026936026936;46,8957166404962;37,9917708919515
"Eskimo_Aleut";"swap";0,989964367757487;46,8997668997669;46,026936026936;46,8957166404962;38,3140307482181
"Eskimo_Aleut";"swap";0,990229470134687;46,9463869463869;46,4814814814815;46,9442296124431;37,4145957569546
"Eskimo_Aleut";"swap";0,990228872544569;46,9463869463869;46,026936026936;46,9421203527932;37,4168908194525
"Eskimo_Aleut";"swap";0,990228872544569;46,9463869463869;46,026936026936;46,9421203527932;37,3157956737393
"Eskimo_Aleut";"swap";0,990228872544569;46,9463869463869;46,026936026936;46,9421203527932;37,3119926614218
"Eskimo_Aleut";"swap";0,990228872544569;46,9463869463869;46,026936026936;46,9421203527932;37,3943259360061
"Eskimo_Aleut";"swap";0,989752653571028;46,993006993007;45,9427609427609;46,9881334614513;37,6335255971922
"Eskimo_Aleut";"swap";0,989763604776227;46,7832167832168;46,1111111111111;46,7800979633926;37,089128605947
"Eskimo_Aleut";"swap";0,989763604776227;46,8609168609169;46,1111111111111;46,8574374838876;37,5224527850536
"Eskimo_Aleut";"swap";0,989752841029771;46,8142968142968;46,4814814814815;46,8127524276016;37,581926149697
"Eskimo_Aleut";"swap";0,989752841029771;46,8142968142968;46,4814814814815;46,8127524276016;37,6405540224664
"Eskimo_Aleut";"swap";0,989752841029771;46,6278166278166;46,4814814814815;46,6271375784137;37,9045536658686
"Eskimo_Aleut";"swap";0,989763012317094;46,7676767676768;46,3131313131313;46,7655675080269;38,625771685722
"Eskimo_Aleut";"swap";0,989763012317094;46,7676767676768;46,3131313131313;46,7655675080269;38,5341829770594
"Eskimo_Aleut";"swap";0,989763012317094;46,7676767676768;46,3131313131313;46,7655675080269;37,5831036534379
"Eskimo_Aleut";"swap";0,98979215473437;46,6278166278166;46,2289562289562;46,6259657674971;38,7049379608723
"Eskimo_Aleut";"swap";0,98979215473437;46,7599067599068;46,2289562289562;46,7574429523385;39,0085434712406
"Eskimo_Aleut";"swap";0,98979215473437;46,7599067599068;46,2289562289562;46,7574429523385;39,0491335843265
"Eskimo_Aleut";"swap";0,98979215473437;46,5268065268065;46,2289562289562;46,5254243908536;39,3840802519895
"Eskimo_Aleut";"swap";0,990687860673982;46,2859362859363;46,5151515151515;46,2869999296913;39,9586718156206
"Eskimo_Aleut";"swap";0,989671528571482;46,3170163170163;46,5151515151515;46,3179357378893;39,8854571935386
"Eskimo_Aleut";"swap";0,988886926555832;46,6200466200466;46,0606060606061;46,6174506081699;37,9875231087028
"Eskimo_Aleut";"swap";0,988385320077984;46,8531468531469;46,0606060606061;46,8494691696548;39,1497618563831
"Eskimo_Aleut";"swap";0,988368704762494;46,969696969697;46,5151515151515;46,9675877100471;38,4670968533021
"Eskimo_Aleut";"swap";0,988368704762494;46,969696969697;46,5151515151515;46,9675877100471;38,4635836182213
"Eskimo_Aleut";"swap";0,988368704762494;46,969696969697;46,5151515151515;46,9675877100471;38,5993005009913
"Eskimo_Aleut";"swap";0,988368704762494;46,6666666666667;46,5151515151515;46,6659635801167;37,349365347301
"Eskimo_Aleut";"swap";0,988645887053788;46,8531468531469;46,969696969697;46,8536876889545;39,0610000645075
"Eskimo_Aleut";"swap";0,988700692524905;46,7132867132867;46,8855218855219;46,7140859484247;39,624393561797
"Eskimo_Aleut";"swap";0,989568619053299;46,5423465423465;47,2558922558923;46,5456576593468;40,7489533080966
"Eskimo_Aleut";"swap";0,989999715374556;46,8220668220668;47,3400673400673;46,8244705367675;40,1722410649685
"Eskimo_Aleut";"swap";0,989999715374556;46,9386169386169;47,3400673400673;46,94047981751;39,8773372399511
"Eskimo_Aleut";"swap";0,989999715374556;46,9386169386169;47,3400673400673;46,94047981751;39,9796773327489
"Eskimo_Aleut";"swap";0,989999715374556;46,9386169386169;47,3400673400673;46,94047981751;39,8998770175708
"Eskimo_Aleut";"swap";0,989999715374556;46,9386169386169;47,3400673400673;46,94047981751;39,9710581643005
"Eskimo_Aleut";"swap";0,989999715374556;46,9386169386169;47,3400673400673;46,94047981751;39,8762399156701
"Eskimo_Aleut";"swap";0,989999715374556;46,8142968142968;47,3400673400673;46,816736584718;39,203155735658
"Eskimo_Aleut";"swap";0,989100885943325;47,008547008547;47,0538720538721;47,0087573335833;39,4560804798552
"Eskimo_Aleut";"swap";0,989999715374556;46,9386169386169;47,3400673400673;46,94047981751;39,8904911612209
"Eskimo_Aleut";"swap";0,990435866329542;46,9386169386169;47,4242424242424;46,9408704211488;39,5114422044643
"Eskimo_Aleut";"swap";0,990394861295071;47,0551670551671;47,0538720538721;47,0551610458803;39,2987867932561
"Eskimo_Aleut";"swap";0,991180569653325;46,7754467754468;47,5084175084175;46,7788480317483;39,6859553912071
"Eskimo_Aleut";"swap";0,991621668542759;46,9386169386169;47,5925925925926;46,9416516284266;39,1534858338406
"Eskimo_Aleut";"swap";0,991621668542759;46,9386169386169;47,5925925925926;46,9416516284266;39,4241800021681
"Eskimo_Aleut";"swap";0,991342576092294;46,7521367521367;47,1380471380471;46,7539275195888;38,5787316277782
"Eskimo_Aleut";"swap";0,991342576092294;46,7521367521367;47,1380471380471;46,7539275195888;38,5168976023818
"Eskimo_Aleut";"swap";0,99212569860028;46,5656565656566;47,5925925925926;46,5704219300507;39,2875800529198
"Eskimo_Aleut";"swap";0,99212569860028;46,5656565656566;47,5925925925926;46,5704219300507;39,3411567206029
"Eskimo_Aleut";"swap";0,991621668542759;46,7754467754468;47,5925925925926;46,7792386353871;38,863014387755
"Eskimo_Aleut";"swap";0,991621668542759;46,7754467754468;47,5925925925926;46,7792386353871;38,9119779555119
"Eskimo_Aleut";"swap";0,991621668542759;46,7754467754468;47,5925925925926;46,7792386353871;39,0904249809244
"Eskimo_Aleut";"swap";0,991621668542759;46,9386169386169;47,5925925925926;46,9416516284266;38,9994399810525
"Eskimo_Aleut";"swap";0,992067917788848;46,8220668220668;47,6767676767677;46,826032951323;38,7823316171875
"Eskimo_Aleut";"swap";0,992067917788848;46,8220668220668;47,6767676767677;46,826032951323;38,8645768482484
"Eskimo_Aleut";"swap";0,992067917788848;46,8997668997669;47,6767676767677;46,9033724718179;38,9617457056693
"Eskimo_Aleut";"swap";0,992038724812781;47,1095571095571;47,3063973063973;47,1104705211434;38,4387970666645
"Eskimo_Aleut";"swap";0,992038724812781;47,1095571095571;47,3063973063973;47,1104705211434;38,4603330807525
"Eskimo_Aleut";"swap";0,992038724812781;46,969696969697;47,3063973063973;46,9712593842524;38,7677204374443
"Eskimo_Aleut";"swap";0,992038724812781;46,969696969697;47,3063973063973;46,9712593842524;38,6035888366598
"Eskimo_Aleut";"swap";0,991884145113249;47,000777000777;47,2222222222222;47,0018045888116;38,9631284092684
"Eskimo_Aleut";"swap";0,991884145113249;47,000777000777;47,2222222222222;47,0018045888116;38,8609473416415
"Eskimo_Aleut";"swap";0,991586644476302;47,0862470862471;47,2222222222222;47,086878061356;38,9871682200216
"Eskimo_Aleut";"swap";0,992038724812781;46,969696969697;47,3063973063973;46,9712593842524;38,7505256301659
"Eskimo_Aleut";"swap";0,992086838855099;46,8997668997669;47,2222222222222;46,9012632121681;39,1976145523986
"Eskimo_Aleut";"swap";0,992067917788848;46,6899766899767;47,6767676767677;46,6945557664815;38,8261750166608
"Eskimo_Aleut";"swap";0,99129415527489;46,8997668997669;47,2222222222222;46,9012632121681;38,1405305826421
"Eskimo_Aleut";"swap";0,99129415527489;46,969696969697;47,2222222222222;46,9708687806136;38,2622153689677
"Eskimo_Aleut";"swap";0,99129415527489;46,969696969697;47,2222222222222;46,9708687806136;38,3022706802224
"Eskimo_Aleut";"swap";0,99129415527489;46,8997668997669;47,2222222222222;46,9012632121681;37,9690246928403
"Eskimo_Aleut";"swap";0,991261098423979;46,7832167832168;47,3063973063973;46,7856445350645;37,9413930699682
"Eskimo_Aleut";"swap";0,991261098423979;46,8764568764569;47,3063973063973;46,8784519596585;37,7458890609651
"Eskimo_Aleut";"swap";0,991261098423979;46,8764568764569;47,3063973063973;46,8784519596585;37,7652449299606
"Eskimo_Aleut";"swap";0,991261098423979;46,8453768453768;47,3063973063973;46,8475161514605;37,9214758881282
"Eskimo_Aleut";"swap";0,990525809667186;46,8453768453768;46,7676767676768;46,8450162881717;37,9782742516623
"Eskimo_Aleut";"swap";0,990718709406063;46,7909867909868;46,3973063973064;46,7891599678143;37,5681733181563
"Eskimo_Aleut";"swap";0,990233046264057;46,8142968142968;46,3973063973064;46,8123618239628;37,3706579141262
"Eskimo_Aleut";"swap";0,990233046264057;46,6744366744367;46,3973063973064;46,6731506870718;37,230955854627
"Eskimo_Aleut";"swap";0,990233046264057;46,4413364413364;46,3973063973064;46,4411321255869;37,0767017710102
"Eskimo_Aleut";"swap";0,990233046264057;46,4413364413364;46,3973063973064;46,4411321255869;37,1460098300893
"Eskimo_Aleut";"swap";0,990233046264057;46,4413364413364;46,3973063973064;46,4411321255869;37,0687098541884
"Eskimo_Aleut";"swap";0,990978292656191;46,3869463869464;47,020202020202;46,389884928168;37,194553003015
"Eskimo_Aleut";"swap";0,990721019486105;46,4257964257964;47,020202020202;46,4285546884155;36,9586149157163
"Eskimo_Aleut";"swap";0,990721019486105;46,4257964257964;47,020202020202;46,4285546884155;36,8072428194724
"Eskimo_Aleut";"swap";0,990721019486105;46,6355866355866;47,020202020202;46,6373713937519;37,0033216213694
"Eskimo_Aleut";"swap";0,990721019486105;46,6355866355866;47,020202020202;46,6373713937519;36,9030693197116
"Eskimo_Aleut";"swap";0,990711313678845;46,6200466200466;47,3905723905724;46,6236221456639;36,8130601434721
"Eskimo_Aleut";"swap";0,990711313678845;46,6200466200466;47,3905723905724;46,6236221456639;36,8810741915925
"Eskimo_Aleut";"swap";0,990229898644707;46,7365967365967;46,8518518518518;46,7371315631176;37,1377419080007
"Eskimo_Aleut";"swap";0,990982798930641;46,6433566433566;47,3063973063973;46,6464333981735;37,4376368715662
"Eskimo_Aleut";"swap";0,991454088809081;46,7055167055167;47,8451178451178;46,7108048778582;37,2341998720846
"Eskimo_Aleut";"swap";0,990978092020771;46,9386169386169;47,7609427609428;46,9424328357043;37,7461075459901
"Eskimo_Aleut";"swap";0,991462834093775;46,7987567987568;47,7609427609428;46,8032216988133;37,4052498520177
"Eskimo_Aleut";"swap";0,990978092020771;46,9386169386169;47,7609427609428;46,9424328357043;37,5324158817853
"Eskimo_Aleut";"swap";0,990978092020771;46,9386169386169;47,7609427609428;46,9424328357043;37,511106483389
"Eskimo_Aleut";"swap";0,990978092020771;46,8919968919969;47,7609427609428;46,8960291234073;37,2453588320712
"Eskimo_Aleut";"swap";0,990978092020771;46,8919968919969;47,7609427609428;46,8960291234073;37,2166180741231
"Eskimo_Aleut";"swap";0,990978092020771;46,8919968919969;47,7609427609428;46,8960291234073;37,3108945281714
"Eskimo_Aleut";"swap";0,990495745717692;46,8453768453768;47,7609427609428;46,8496254111103;37,3938061340554
"Eskimo_Aleut";"swap";0,990495745717692;46,8453768453768;47,7609427609428;46,8496254111103;37,4472965709914
"Eskimo_Aleut";"swap";0,990495745717692;46,8453768453768;47,7609427609428;46,8496254111103;37,2001613991607
"Eskimo_Aleut";"swap";0,990495745717692;47,008547008547;47,7609427609428;47,0120384041498;37,6536302823479
"Eskimo_Aleut";"swap";0,990498125590773;46,961926961927;47,3063973063973;46,9635254322029;37,9576250152815
"Eskimo_Aleut";"swap";0,990307295588766;46,9386169386169;47,2222222222222;46,9399329724156;38,4147201670504
"Eskimo_Aleut";"swap";0,990780572021868;46,9386169386169;46,8518518518518;46,9382143164046;38,8490714529536
"Eskimo_Aleut";"swap";0,990780572021868;46,9386169386169;46,8518518518518;46,9382143164046;38,3555379270528
"Eskimo_Aleut";"swap";0,990318409844198;47,039627039627;46,7676767676768;47,0383650894092;38,2870607581567
"Eskimo_Aleut";"swap";0,990318409844198;47,039627039627;46,7676767676768;47,0383650894092;38,3623879895799
"Eskimo_Aleut";"swap";0,990318409844198;46,8376068376068;46,7676767676768;46,8372823361222;37,9802804774273
"Eskimo_Aleut";"swap";0,990331510666888;46,6977466977467;46,3131313131313;46,6959619395814;38,4504523090276
"Eskimo_Aleut";"swap";0,989535806439359;46,6822066822067;46,026936026936;46,6791659831103;38,2242989274771
"Eskimo_Aleut";"swap";0,989537601851015;46,9386169386169;46,3973063973064;46,9361050567547;38,3269484650196
"Eskimo_Aleut";"swap";0,989546108061782;47,008547008547;46,7676767676768;47,0074292812112;38,2071610637886
"Eskimo_Aleut";"swap";0,989070767217026;47,008547008547;47,1380471380471;47,0091479372222;38,4072143103493
"Eskimo_Aleut";"swap";0,989070767217026;47,008547008547;47,1380471380471;47,0091479372222;38,0176583135287
"Eskimo_Aleut";"swap";0,989561220919858;46,985236985237;47,1380471380471;46,9859460810737;38,5251547072207
"Eskimo_Aleut";"swap";0,989561220919858;46,985236985237;47,1380471380471;46,9859460810737;38,5511597009865
"Eskimo_Aleut";"swap";0,989100885943325;46,985236985237;47,0538720538721;46,9855554774348;38,5369629676277
"Eskimo_Aleut";"swap";0,989100885943325;47,031857031857;47,0538720538721;47,0319591897318;39,0216707750713
"Eskimo_Aleut";"swap";0,989070767217026;47,1717171717172;47,1380471380471;47,1715609302616;38,6937521739644
"Eskimo_Aleut";"swap";0,989070767217026;47,0707070707071;47,1380471380471;47,0710195536182;38,0081106502031
"Eskimo_Aleut";"swap";0,989070767217026;47,0707070707071;47,1380471380471;47,0710195536182;38,0892345488223
"Eskimo_Aleut";"swap";0,988321146789604;47,000777000777;46,8518518518518;47,0000859328006;37,8409169514486
"Eskimo_Aleut";"swap";0,988338213683134;46,8842268842269;46,4814814814815;46,8823579960471;37,7143209445791
"Eskimo_Aleut";"swap";0,988379004520735;46,6045066045066;46,5656565656566;46,6043263259041;37,389468268991
"Eskimo_Aleut";"swap";0,988379004520735;46,4413364413364;46,5656565656566;46,4419133328646;37,1210669925847
"Eskimo_Aleut";"swap";0,988379004520735;46,4335664335664;46,5656565656566;46,4341793808151;37,2376518538797
"Eskimo_Aleut";"swap";0,988105576628897;46,4335664335664;45,6565656565657;46,4299608615154;37,1412193238368
"Eskimo_Aleut";"swap";0,98807881743951;46,5034965034965;46,026936026936;46,5012850859719;36,9658627719989
"Eskimo_Aleut";"swap";0,98807881743951;46,5034965034965;46,026936026936;46,5012850859719;36,9438565458172
"Eskimo_Aleut";"swap";0,988583941283664;46,1072261072261;46,1111111111111;46,1072441350864;36,5564180478261
"Eskimo_Aleut";"swap";0,988583941283664;46,1072261072261;46,1111111111111;46,1072441350864;36,727523898632
"Eskimo_Aleut";"swap";0,988617411308977;45,7342657342657;45,7407407407407;45,7342957806995;36,6637606377713
"Eskimo_Aleut";"swap";0,988617411308977;45,7342657342657;45,7407407407407;45,7342957806995;36,5920848038997
"Eskimo_Aleut";"swap";0,988617411308977;45,7342657342657;45,7407407407407;45,7342957806995;36,6583775548492
"Eskimo_Aleut";"swap";0,988617411308977;45,8741258741259;45,7407407407407;45,8735069175904;36,8472047036465
"Eskimo_Aleut";"swap";0,988568502719061;46,1072261072261;45,6565656565657;46,1051348754365;36,7377965700217
"Eskimo_Aleut";"swap";0,988568502719061;46,1072261072261;45,6565656565657;46,1051348754365;36,8358041128231
"Eskimo_Aleut";"swap";0,988568502719061;45,8741258741259;45,6565656565657;45,8731163139516;36,7747013083968
"Eskimo_Aleut";"swap";0,988568502719061;45,8741258741259;45,6565656565657;45,8731163139516;36,6091833019484
"Eskimo_Aleut";"swap";0,987988371042051;45,6332556332556;45,3703703703704;45,632035748045;36,5970060225483
"Eskimo_Aleut";"swap";0,987988371042051;46,013986013986;45,3703703703704;46,0109993984704;36,5412030768943
"Eskimo_Aleut";"swap";0,988020925994853;45,5011655011655;45,8249158249158;45,5026678228534;36,2714509735948
"Eskimo_Aleut";"swap";0,988020925994853;45,7653457653458;45,8249158249158;45,7656221925363;36,2425001488352
"Eskimo_Aleut";"swap";0,988020925994853;45,7653457653458;45,8249158249158;45,7656221925363;36,3001629291848
"Eskimo_Aleut";"swap";0,988020925994853;45,7653457653458;45,8249158249158;45,7656221925363;36,2870608709028
"Eskimo_Aleut";"swap";0,987649884661878;45,3457653457653;45,4545454545455;45,3462701258525;36,5445231905365
"Eskimo_Aleut";"swap";0,988085608947034;45,6954156954157;45,4545454545455;45,6942979680799;36,3116780835147
"Eskimo_Aleut";"swap";0,988873477525264;45,6954156954157;45,993265993266;45,6967978313686;36,3513265897189
"Eskimo_Aleut";"swap";0,988873477525264;45,8275058275058;45,993265993266;45,82827501621;36,595432901839
"Eskimo_Aleut";"swap";0,988873477525264;45,8275058275058;45,993265993266;45,82827501621;36,6733544314984
"Eskimo_Aleut";"swap";0,988873477525264;45,8275058275058;45,993265993266;45,82827501621;36,5586560751904
"Eskimo_Aleut";"swap";0,98849449685073;45,3923853923854;45,7070707070707;45,3938456490661;36,5049493221184
"Eskimo_Aleut";"swap";0,98849449685073;45,3923853923854;45,7070707070707;45,3938456490661;36,5608230641096
"Eskimo_Aleut";"swap";0,98849449685073;45,4467754467754;45,7070707070707;45,4479833134125;36,553156432656
"Eskimo_Aleut";"swap";0,989233995831783;45,7964257964258;46,0774410774411;45,7977298116509;36,2631918163979
"Eskimo_Aleut";"swap";0,989565885050498;45,5788655788656;45,7070707070707;45,579460498254;36,1134637282038
"Eskimo_Aleut";"swap";0,989050433960907;45,5788655788656;46,0774410774411;45,581179154265;36,0953542170674
"Eskimo_Aleut";"swap";0,989050433960907;45,5788655788656;46,0774410774411;45,581179154265;36,1363066444026
"Eskimo_Aleut";"swap";0,988676232320975;45,7420357420357;45,993265993266;45,7432015436656;36,1470145462974
"Eskimo_Aleut";"swap";0,988248370659143;45,6487956487956;45,993265993266;45,6503941190716;36,5026260143834
"Eskimo_Aleut";"swap";0,988248370659143;45,6487956487956;45,993265993266;45,6503941190716;36,407106426876
"Eskimo_Aleut";"swap";0,988248370659143;45,6487956487956;45,993265993266;45,6503941190716;36,4613274182297
"Eskimo_Aleut";"swap";0,98769210564275;45,6954156954157;45,9090909090909;45,6964072277297;36,6408544132834
"Eskimo_Aleut";"swap";0,98769210564275;45,6954156954157;45,9090909090909;45,6964072277297;36,6311414742421
"Eskimo_Aleut";"swap";0,98769210564275;45,6954156954157;45,9090909090909;45,6964072277297;36,7900108740762
"Eskimo_Aleut";"swap";0,987385167393687;45,6254856254856;46,2794612794613;45,6285203152953;36,8663519813522
"Eskimo_Aleut";"swap";0,987919874129826;45,8741258741259;46,5656565656566;45,8773348332513;36,8744707012787
"Eskimo_Aleut";"swap";0,987871891176083;46,3170163170163;46,4814814814815;46,3177794964338;37,035217879247
"Eskimo_Aleut";"swap";0,987871891176083;46,3170163170163;46,4814814814815;46,3177794964338;37,0713957829709
"Eskimo_Aleut";"swap";0,988794565007873;46,5345765345765;46,8518518518518;46,5360488098307;37,391078973178
"Eskimo_Aleut";"swap";0,988794565007873;46,5345765345765;46,8518518518518;46,5360488098307;37,3885399287714
"Eskimo_Aleut";"swap";0,988794565007873;46,5345765345765;46,8518518518518;46,5360488098307;37,4067604733929
"Eskimo_Aleut";"swap";0,989536025789498;46,7210567210567;47,3063973063973;46,7237729186685;37,7420610926121
"Eskimo_Aleut";"swap";0,989536025789498;46,7210567210567;47,3063973063973;46,7237729186685;37,8906567477519
"Eskimo_Aleut";"swap";0,989540560133458;46,7210567210567;47,2222222222222;46,7233823150296;38,3709767450644
"Eskimo_Aleut";"swap";0,989536025789498;46,7210567210567;47,3063973063973;46,7237729186685;38,0141455922502
"Eskimo_Aleut";"swap";0,989765231578361;46,7987567987568;47,3905723905724;46,8015030428023;37,8383337126366
"Eskimo_Aleut";"swap";0,989765231578361;46,7987567987568;47,3905723905724;46,8015030428023;37,7377158421463
"Eskimo_Aleut";"swap";0,989765231578361;46,7987567987568;47,3905723905724;46,8015030428023;37,7960152140966
"Eskimo_Aleut";"swap";0,989765231578361;46,7987567987568;47,3905723905724;46,8015030428023;37,7754978718669
"Eskimo_Aleut";"swap";0,989765231578361;46,7909867909868;47,3905723905724;46,7937690907528;37,7308957640392
"Eskimo_Aleut";"swap";0,990237002464243;46,6278166278166;47,3905723905724;46,6313560977134;37,8293410976966
"Eskimo_Aleut";"swap";0,989504248880742;46,7909867909868;46,9360269360269;46,791659831103;37,3890835584438
"Eskimo_Aleut";"swap";0,989504248880742;46,7909867909868;46,9360269360269;46,791659831103;37,4578382394114
"Eskimo_Aleut";"swap";0,989504248880742;46,7909867909868;46,9360269360269;46,791659831103;37,3943342999557
"Eskimo_Aleut";"swap";0,989515070602666;46,8065268065268;47,3905723905724;46,8092369948518;37,3287584197244
"Eskimo_Aleut";"swap";0,989515070602666;46,8065268065268;47,3905723905724;46,8092369948518;37,3185270413746
"Eskimo_Aleut";"swap";0,98998292938635;46,5734265734266;47,3905723905724;46,5772184333669;37,5335677181572
"Eskimo_Aleut";"swap";0,98998292938635;46,5734265734266;47,3905723905724;46,5772184333669;37,5172719566091
"Eskimo_Aleut";"swap";0,989515070602666;46,8065268065268;47,3905723905724;46,8092369948518;37,4849796307701
"Eskimo_Aleut";"swap";0,989490255454161;46,6433566433566;47,3063973063973;46,6464333981735;37,7822615422125
"Eskimo_Aleut";"swap";0,98972268500118;46,5501165501165;46,9360269360269;46,5519073175686;37,5965740967243
"Eskimo_Aleut";"swap";0,98972268500118;46,5501165501165;46,9360269360269;46,5519073175686;37,5530436386272
"Eskimo_Aleut";"swap";0,98972268500118;46,3636363636364;46,9360269360269;46,3662924683806;36,5468113088149
"Eskimo_Aleut";"swap";0,990442262764053;46,5268065268065;47,3063973063973;46,5304241174311;38,1422468624044
"Eskimo_Aleut";"swap";0,989695956031353;46,5268065268065;46,7676767676768;46,5279242541423;37,8069145894121
"Eskimo_Aleut";"swap";0,989695956031353;46,5268065268065;46,7676767676768;46,5279242541423;37,9071444742809
"Eskimo_Aleut";"swap";0,990178487986811;46,0606060606061;46,7676767676768;46,0638871311725;38,386415034281
"Eskimo_Aleut";"swap";0,989978699952153;46,1460761460761;47,1380471380471;46,150679259728;37,3030151060959
"Eskimo_Aleut";"swap";0,990453422590004;46,1460761460761;46,7676767676768;46,148960603717;37,3834623413355
"Eskimo_Aleut";"swap";0,990453422590004;46,2004662004662;46,7676767676768;46,2030982680635;37,6305228925303
"Eskimo_Aleut";"swap";0,990453422590004;46,1616161616162;46,7676767676768;46,164428507816;37,3918361469764
"Eskimo_Aleut";"swap";0,990453422590004;46,1616161616162;46,7676767676768;46,164428507816;37,3839905944539
"Eskimo_Aleut";"swap";0,990453422590004;46,5112665112665;46,7676767676768;46,5124563500434;37,5543369082803
"Eskimo_Aleut";"swap";0,991214385006518;46,6355866355866;47,2222222222222;46,6383088424852;37,687494307266
"Eskimo_Aleut";"swap";0,991679034423483;46,5423465423465;47,3063973063973;46,5458920215301;37,5941525954308
"Eskimo_Aleut";"swap";0,991679034423483;46,5423465423465;47,3063973063973;46,5458920215301;37,6841972606431
"Eskimo_Aleut";"swap";0,992167172534583;46,006216006216;47,3063973063973;46,0122493301148;37,7707552675709
"Eskimo_Aleut";"swap";0,99140885669823;46,0994560994561;46,8518518518518;46,1029474950589;37,1239311037512
"Eskimo_Aleut";"swap";0,99140885669823;46,0994560994561;46,8518518518518;46,1029474950589;37,2117928369636
"Eskimo_Aleut";"swap";0,991422461137361;45,4700854700855;47,2222222222222;45,4782160350606;37,237743609399
"Eskimo_Aleut";"swap";0,991422461137361;45,6798756798757;47,2222222222222;45,687032740397;37,3300514266326
"Eskimo_Aleut";"swap";0,99140885669823;46,2393162393162;46,8518518518518;46,2421586319498;37,1184356062053
"Eskimo_Aleut";"swap";0,991400835793492;46,2859362859363;46,9360269360269;46,2889529478857;36,9556264683441
"Eskimo_Aleut";"swap";0,991434232867499;46,0916860916861;47,1043771043771;46,096385353926;37,0288817962724
"Eskimo_Aleut";"swap";0,991476472096519;45,7653457653458;47,1885521885522;45,7719499714859;36,3743663950264
"Eskimo_Aleut";"swap";0,991476472096519;45,7653457653458;47,1885521885522;45,7719499714859;36,7554940474995
"Eskimo_Aleut";"swap";0,991019399631571;45,8818958818959;47,1885521885522;45,8879592522284;36,8442725467178
"Eskimo_Aleut";"swap";0,990970017384647;46,3014763014763;47,1043771043771;46,3052020592624;37,0157539612805
"Eskimo_Aleut";"swap";0,990970017384647;46,3014763014763;47,1043771043771;46,3052020592624;36,6095298744564
"Eskimo_Aleut";"swap";0,990970017384647;46,3014763014763;47,1043771043771;46,3052020592624;36,9659279975257
"Eskimo_Aleut";"swap";0,990970017384647;46,3014763014763;47,1043771043771;46,3052020592624;36,7746782004645
"Eskimo_Aleut";"swap";0,990970017384647;46,3014763014763;47,1043771043771;46,3052020592624;36,4625091205208
"Eskimo_Aleut";"swap";0,990970017384647;46,3014763014763;47,1043771043771;46,3052020592624;36,975365439517
"Eskimo_Aleut";"swap";0,990469411457736;46,6511266511267;47,020202020202;46,6528392978509;36,7063707254769
"Eskimo_Aleut";"swap";0,990469411457736;46,6511266511267;47,020202020202;46,6528392978509;36,7666906089411
"Eskimo_Aleut";"swap";0,990469411457736;46,5345765345765;47,020202020202;46,5368300171084;37,1747428935128
"Eskimo_Aleut";"swap";0,990223565442739;46,5578865578866;47,020202020202;46,5600318732569;36,865644292884
"Eskimo_Aleut";"swap";0,989476551994285;46,4957264957265;46,9360269360269;46,4977696532221;36,9339076831272
"Eskimo_Aleut";"swap";0,989476551994285;46,4957264957265;46,9360269360269;46,4977696532221;36,925802938917
"Eskimo_Aleut";"swap";0,989734588967485;46,5656565656566;47,3905723905724;46,5694844813174;37,2305508943464
"Eskimo_Aleut";"swap";0,989734588967485;46,4957264957265;47,3905723905724;46,4998789128719;37,0789982677369
"Eskimo_Aleut";"swap";0,989734588967485;46,4957264957265;47,3905723905724;46,4998789128719;37,1549040316231
"Eskimo_Aleut";"swap";0,990239139702682;46,3325563325563;47,4747474747475;46,3378565234714;36,7920359076817
"Eskimo_Aleut";"swap";0,990701241710526;46,3325563325563;47,4747474747475;46,3378565234714;37,0016174708343
"Eskimo_Aleut";"swap";0,991166002104252;46,1460761460761;47,4747474747475;46,1522416742834;37,0346910606402
"Eskimo_Aleut";"swap";0,991166002104252;46,1460761460761;47,4747474747475;46,1522416742834;37,0217108655659
"Eskimo_Aleut";"swap";0,990730306731406;46,2082362082362;47,1043771043771;46,2123946346684;36,7653256385595
"Eskimo_Aleut";"swap";0,990019864875892;46,1383061383061;46,6498316498317;46,1406798065731;36,6381686862431
"Eskimo_Aleut";"swap";0,990019864875892;46,1383061383061;46,6498316498317;46,1406798065731;36,3287390769489
"Eskimo_Aleut";"swap";0,990019864875892;46,1849261849262;46,6498316498317;46,1870835188701;36,6672014329835
"Eskimo_Aleut";"swap";0,990019864875892;46,1849261849262;46,6498316498317;46,1870835188701;36,5161102192919
"Eskimo_Aleut";"swap";0,990019864875892;46,1383061383061;46,6498316498317;46,1406798065731;36,2913861646302
"Eskimo_Aleut";"swap";0,98948879519445;46,4568764568765;46,1111111111111;46,4552719773137;36,753202841174
"Eskimo_Aleut";"swap";0,98948879519445;46,4568764568765;46,1111111111111;46,4552719773137;36,8460486875657
"Eskimo_Aleut";"swap";0,988984699938362;46,5734265734266;46,026936026936;46,5708906544173;37,0462322103553
"Eskimo_Aleut";"swap";0,988984699938362;46,5734265734266;46,026936026936;46,5708906544173;37,0772328133944
"Eskimo_Aleut";"swap";0,988984699938362;46,5734265734266;46,026936026936;46,5708906544173;37,0551248438005
"Eskimo_Aleut";"swap";0,98924406934914;46,7832167832168;46,4814814814815;46,7818166194036;37,1839303593027
"Eskimo_Aleut";"swap";0,98974570205689;46,4568764568765;46,5656565656566;46,4573812369636;36,8226866598214
"Eskimo_Aleut";"swap";0,989991165691132;46,6045066045066;46,5656565656566;46,6043263259041;37,3193473361604
"Eskimo_Aleut";"swap";0,989991165691132;46,4801864801865;46,5656565656566;46,4805830931121;37,472764131289
"Eskimo_Aleut";"swap";0,989991165691132;46,4801864801865;46,5656565656566;46,4805830931121;37,4823956952174
"Eskimo_Aleut";"swap";0,989752841029771;46,6899766899767;46,4814814814815;46,6890091948097;37,3147727656786
"Eskimo_Aleut";"swap";0,989749777204661;46,8531468531469;46,3973063973064;46,8510315842102;37,5848454306167
"Eskimo_Aleut";"swap";0,989763012317094;46,7832167832168;46,3131313131313;46,7810354121259;38,4058591145619
"Eskimo_Aleut";"swap";0,990233046264057;46,6666666666667;46,3973063973064;46,6654167350223;38,5333839077878
"Eskimo_Aleut";"swap";0,990233046264057;46,6666666666667;46,3973063973064;46,6654167350223;38,2067515500956
"Eskimo_Aleut";"swap";0,989756439312874;46,6666666666667;46,7676767676768;46,6671353910333;37,8485211207163
"Eskimo_Aleut";"swap";0,989756439312874;46,6666666666667;46,7676767676768;46,6671353910333;38,654684091396
"Eskimo_Aleut";"swap";0,989756439312874;46,6666666666667;46,7676767676768;46,6671353910333;37,8229442509284
"Eskimo_Aleut";"swap";0,989572433998592;46,5578865578866;46,6835016835017;46,5584694587015;38,3446862812847
"Eskimo_Aleut";"swap";0,989572433998592;46,5578865578866;46,6835016835017;46,5584694587015;38,3983297700463
"Eskimo_Aleut";"swap";0,988790571104409;46,2937062937063;46,3973063973064;46,2941870366464;37,5205369008394
"Eskimo_Aleut";"swap";0,988790571104409;46,2937062937063;46,3973063973064;46,2941870366464;37,4904215902423
"Eskimo_Aleut";"swap";0,988314710549682;46,0839160839161;46,3973063973064;46,08537033131;37,6537483243387
"Eskimo_Aleut";"swap";0,988314710549682;46,0839160839161;46,3973063973064;46,08537033131;37,6154065423187
"Eskimo_Aleut";"swap";0,988314710549682;46,0839160839161;46,3973063973064;46,08537033131;37,6596761295376
"Eskimo_Aleut";"swap";0,988314710549682;46,4801864801865;46,3973063973064;46,4798018858344;37,631514275968
"Eskimo_Aleut";"swap";0,988314710549682;46,4801864801865;46,3973063973064;46,4798018858344;37,6908812369949
"Eskimo_Aleut";"swap";0,988310425399769;46,1072261072261;45,9427609427609;46,1064629278086;37,6988086389012
