"matrix_id";"baseline";"ceof_cor";"stat_nodf_columns";"stat_nodf_rows";"stat_nodf_general";"stat_temp"
"Sino_Tibetan";"r1";0,998117692595342;12,5749593119645;36,8989008254526;13,3471479314403;11,4441455722539
"Sino_Tibetan";"r1";0,99789183729593;13,0007835650886;37,9545776513823;13,792967504336;11,1567703676198
"Sino_Tibetan";"r1";0,997804345894112;12,3540562420542;37,8560259228661;13,1636425811276;11,1561376647431
"Sino_Tibetan";"r1";0,99786379078593;12,9875964973352;37,3512786823208;13,7610467254299;11,5208131072824
"Sino_Tibetan";"r1";0,998137682797951;13,1295551466039;37,4486018395562;13,9015883749516;11,3421383401439
"Sino_Tibetan";"r1";0,997969941466911;12,9055028955625;37,322212462666;13,6806365326134;11,4289357118043
"Sino_Tibetan";"r1";0,997760847884653;13,0947454343197;37,593466253157;13,8724826031717;10,968767827747
"Sino_Tibetan";"r1";0,997908604675658;13,1617165823574;36,8393026815337;13,9133859823313;11,6071516110072
"Sino_Tibetan";"r1";0,997835282257134;12,8304104894119;38,2747832367569;13,638168354407;11,3701351651628
"Sino_Tibetan";"r1";0,99799132232991;13,3573997128145;37,5525799805223;14,1255006736941;11,4876916050027
"Sino_Tibetan";"r1";0,997767617074626;12,5667826089634;36,7545412037391;13,3346479611785;11,2228706298451
"Sino_Tibetan";"r1";0,997638777282566;12,8250909620272;37,6064508885229;13,6118008009636;11,2476245604788
"Sino_Tibetan";"r1";0,997798786560253;13,2252917125354;37,3781393679732;13,992048780962;11,6015159013691
"Sino_Tibetan";"r1";0,997805957050475;12,7831145170004;36,4517296544052;13,5344991245371;11,9938707809223
"Sino_Tibetan";"r1";0,997958932984383;12,3935126026685;37,9884077352064;13,2060489560824;11,3216052073092
"Sino_Tibetan";"r1";0,997907638004163;13,2055194276407;36,8946918301033;13,9575566467665;11,7294963918901
"Sino_Tibetan";"r1";0,998192407756443;12,5978135973148;37,4929881083768;13,388136597666;11,3983406789961
"Sino_Tibetan";"r1";0,997848012255048;12,8511280192264;36,5855221935891;13,6046008501586;11,5137758952974
"Sino_Tibetan";"r1";0,997518181524185;13,1197608179288;38,8720955802438;13,9372952548277;11,1304191122402
"Sino_Tibetan";"r1";0,997944019968607;13,0536169568259;38,5437071681203;13,8628261698828;10,9571028473855
"Sino_Tibetan";"r1";0,997862095484958;13,045900102123;37,554114653588;13,8239386593124;11,3350260552866
"Sino_Tibetan";"r1";0,99786810570736;12,8839221794576;37,9802127862291;13,6806298177678;11,4319988459328
"Sino_Tibetan";"r1";0,997873985214898;13,3243335268385;37,5185667981101;14,0924044243392;11,1321341872367
"Sino_Tibetan";"r1";0,997796936159502;12,7098495917156;37,5738629788114;13,4991833500361;11,2706634552811
"Sino_Tibetan";"r1";0,997623396907555;12,6124444536685;37,3892870376926;13,3990108849073;11,5986055132243
"Sino_Tibetan";"r1";0,99776576110343;12,5523042893902;37,7095537535802;13,3509471295232;11,0614526149331
"Sino_Tibetan";"r1";0,997916296291223;12,7173845847284;37,6060097863106;13,5074996704929;11,3350425665985
"Sino_Tibetan";"r1";0,998293073062618;12,354181317035;37,6678051615926;13,1577884232114;10,9864432369061
"Sino_Tibetan";"r1";0,997665617881957;13,0760978288032;37,5180669182513;13,8520333554523;11,0834323752241
"Sino_Tibetan";"r1";0,997967429316416;12,6523351644349;37,0308094450709;13,4262549828678;11,189888377262
"Sino_Tibetan";"r1";0,99785638968218;12,6546209519738;37,2258846244875;13,4346610685615;11,4094014210707
"Sino_Tibetan";"r1";0,997930524326631;12,6507409897713;37,1825931945612;13,4295299486535;11,3347839515547
"Sino_Tibetan";"r1";0,997734477440654;12,7081417392391;37,2383508013805;13,4868785348626;11,4260492668257
"Sino_Tibetan";"r1";0,997713270911292;12,6794516611917;37,2422204653295;13,4592220994183;11,1894790075535
"Sino_Tibetan";"r1";0,998033749130071;12,2965070458091;37,3804524710073;13,0928227735932;11,3069492090357
"Sino_Tibetan";"r1";0,997960897553593;13,0924714874442;38,0857005933412;13,8859073320758;11,1750248606648
"Sino_Tibetan";"r1";0,998044192894378;12,9180438863714;37,1291318191814;13,6866498524924;11,5481756238954
"Sino_Tibetan";"r1";0,997920580382299;12,6998847119779;37,0943839561448;13,4743132594118;11,5074585560354
"Sino_Tibetan";"r1";0,997760160531823;13,0237645340416;37,1987408666181;13,7912241001552;11,404039766383
"Sino_Tibetan";"r1";0,998003311132644;12,5917763202594;37,1410807436121;13,3711193178261;11,5099857545509
"Sino_Tibetan";"r1";0,997794859771453;12,6066634802559;36,6231379467315;13,3690912410963;11,588035515047
"Sino_Tibetan";"r1";0,997753778735593;12,5944301428958;37,9614215940645;13,3997314588059;10,9083766260192
"Sino_Tibetan";"r1";0,997867624266638;12,9188225760765;36,9296268697195;13,6810703314303;11,4299575490036
"Sino_Tibetan";"r1";0,997849094450823;13,0462360478154;37,1258204957583;13,810667300131;11,5925548299114
"Sino_Tibetan";"r1";0,998030648827403;12,8847494374116;37,5158143197705;13,6666880051056;11,1870753364075
"Sino_Tibetan";"r1";0,997995644762227;12,8842437875028;37,7232108039957;13,672782422947;11,0497134510362
"Sino_Tibetan";"r1";0,997906165254526;12,8055855319897;37,2778761703426;13,582483647493;11,1698634255689
"Sino_Tibetan";"r1";0,997946824248307;12,6665489117402;37,4481141877698;13,4532652697094;11,3268375105674
"Sino_Tibetan";"r1";0,997853644379652;12,6143436933588;37,3780630111367;13,4004935129708;11,1939303061544
"Sino_Tibetan";"r1";0,997885115045631;13,0809061981116;38,0653315839525;13,8740625595669;10,935790223638
"Sino_Tibetan";"r1";0,99772868574018;12,4108361735611;37,5596810494679;13,2092122013676;10,9242620260582
"Sino_Tibetan";"r1";0,997936678160284;12,8530628823158;37,9793076775518;13,6507214472439;11,3064922946947
"Sino_Tibetan";"r1";0,997846541161659;12,742516503132;35,8599532573454;13,4764033842182;12,3638562040496
"Sino_Tibetan";"r1";0,997863186839243;12,8527178436144;36,265005968306;13,5959650856681;11,6438266835052
"Sino_Tibetan";"r1";0,99778057258756;12,5186348099541;36,6981590744468;13,2862387548587;11,6571534163708
"Sino_Tibetan";"r1";0,998134514626855;12,8580388523353;38,1704785625926;13,6616083669467;11,3151727972247
"Sino_Tibetan";"r1";0,997860009501298;12,5837956693313;37,791084510559;13,3840270611163;11,2180196406701
"Sino_Tibetan";"r1";0,997955542814895;13,0264417334918;38,233147661375;13,8266546200912;10,9978358075505
"Sino_Tibetan";"r1";0,998004126236991;12,8733510088573;39,0918036796324;13,7056828396756;10,6188924741929
"Sino_Tibetan";"r1";0,998012836274888;12,9248992198894;36,3305580226223;13,6679360072777;11,6223728799955
"Sino_Tibetan";"r1";0,997953055927033;12,2475327204429;35,9131595964388;12,998822462538;11,6870256649002
"Sino_Tibetan";"r1";0,997969860680371;13,2250471190656;37,3701710555852;13,9915589900662;11,3477662467966
"Sino_Tibetan";"r1";0,997737172006742;12,73252662315;36,957608089099;13,5015768284182;11,3111597705285
"Sino_Tibetan";"r1";0,997918026868432;13,3025521981959;37,6173078043981;14,0744492015674;11,0697686623825
"Sino_Tibetan";"r1";0,997942110517835;12,8490959818008;37,2686062276713;13,6243185292888;11,3284598912281
"Sino_Tibetan";"r1";0,997777249736084;12,8885485709619;37,2255137511524;13,6611506401743;11,4869101013951
"Sino_Tibetan";"r1";0,997703459864569;13,0714089018025;37,5228807268333;13,8476461025971;11,1446854002205
"Sino_Tibetan";"r1";0,997907020855979;12,5486256042841;38,257492967828;13,3647801237617;11,0892325136741
"Sino_Tibetan";"r1";0,997880137247557;12,9035797339332;36,7600711261493;13,6609286670195;11,9493296089699
"Sino_Tibetan";"r1";0,99765796255516;13,2141416315226;36,0631609364675;13,9395073237431;11,4611947717152
"Sino_Tibetan";"r1";0,99804106683808;12,4700126421208;37,9891209973019;13,2801430660948;11,1330978491599
"Sino_Tibetan";"r1";0,99782652731034;13,0351836805809;37,6058051907046;13,815203411061;11,0787206914353
"Sino_Tibetan";"r1";0,997997129554104;12,2784916838011;37,4200541345277;13,0766365235067;11,4291866967616
"Sino_Tibetan";"r1";0,997990810415045;12,8781878382136;37,8934775055554;13,6723240181292;11,3164086034644
"Sino_Tibetan";"r1";0,997755848110868;12,9480922806733;37,8293339999896;13,7379729701754;11,3518563352701
"Sino_Tibetan";"r1";0,997861703821977;12,9027432608569;36,9411524407081;13,6658673618046;11,6242426719012
"Sino_Tibetan";"r1";0,997869449158111;13,1843840489268;36,2261935820017;13,9158700658498;11,7373516871285
"Sino_Tibetan";"r1";0,998178875206734;12,7426128456487;37,414073867045;13,5258338304549;11,681182189995
"Sino_Tibetan";"r1";0,997983111783203;12,8314511381256;37,4805563674694;13,6139624152476;11,4054846330027
"Sino_Tibetan";"r1";0,997832052634056;12,7371868244186;37,6668368826759;13,5286042865855;11,2278990762231
"Sino_Tibetan";"r1";0,99796903967633;12,7102607662317;37,6136887149086;13,5008457804754;11,2604011734346
"Sino_Tibetan";"r1";0,997998367491;12,8574087229819;38,4530486140955;13,6699687195252;11,2626370334542
"Sino_Tibetan";"r1";0,997961762666804;13,0051172090735;37,9231868998698;13,7961670405273;11,1298916881373
"Sino_Tibetan";"r1";0,997813793123394;13,22328353407;37,8032459627383;14,0035998016468;11,2690483463679
"Sino_Tibetan";"r1";0,997952335409265;12,7069872213526;37,0106072146229;13,4785307132024;11,263187697086
"Sino_Tibetan";"r1";0,997958773796706;12,2716525094275;37,5171053873601;13,0730954579333;11,3614828330744
"Sino_Tibetan";"r1";0,997816694716501;12,9283007573151;37,3543862023926;13,7037320412858;11,4386337216271
"Sino_Tibetan";"r1";0,99780477488223;13,200040603519;38,0903855479656;13,9902102842951;11,2276835276214
"Sino_Tibetan";"r1";0,997824958124823;13,0710891170239;38,2990074286923;13,8719754126324;11,2136934529212
"Sino_Tibetan";"r1";0,997674019169738;12,756090911787;37,1309900577998;13,5298972338826;11,2350526371402
"Sino_Tibetan";"r1";0,998021102175731;12,7065943338259;38,0304716289006;13,5105269463679;11,1117152747437
"Sino_Tibetan";"r1";0,998012098728837;12,6964540380513;37,16386534487;13,4731972541408;11,5763438103967
"Sino_Tibetan";"r1";0,997891938138206;13,0379661318503;37,1187007251975;13,8024338967185;11,3857671740698
"Sino_Tibetan";"r1";0,997840106809091;12,7048985955207;36,9397867256102;13,4742601234601;11,472686594576
"Sino_Tibetan";"r1";0,997641318527704;12,9224633041571;36,3658977791164;13,6666993192352;11,9090323162679
"Sino_Tibetan";"r1";0,997794413103319;12,2923185585936;37,2675820767288;13,0851840671059;10,7836102191639
"Sino_Tibetan";"r1";0,997862647123813;12,802697101336;37,3129630811853;13,580800783236;11,4868496175811
"Sino_Tibetan";"r1";0,998050788374936;12,6294744752314;37,4179822646796;13,416411230452;11,05606626813
"Sino_Tibetan";"r1";0,99797464192326;12,6711470671131;37,0164282942364;13,4440131378154;11,310325017273
"Sino_Tibetan";"r1";0,998085880363515;12,8597362157429;37,8673548470771;13,6536288707059;11,6175424849731
"Sino_Tibetan";"r1";0,998047484028075;12,7810997579723;37,6716875521945;13,5712771482651;11,4520106901121
"Sino_Tibetan";"r1";0,997790548712123;13,0167056214711;36,3291050305027;13,7567817931864;11,6314750920962
"Sino_Tibetan";"r1";0,997719307856545;13,0372107691302;38,0826073292866;13,8323027234209;11,4082962081433
"Sino_Tibetan";"r1";0,998122071924793;12,967086372601;37,9681535198218;13,7607710439414;11,3610896291226
"Sino_Tibetan";"r1";0,997835002808091;12,9462497971531;36,7550499208251;13,7020847217141;11,3881089797649
"Sino_Tibetan";"r1";0,997614697970083;12,7346457189353;37,4370944481204;13,5188504404967;11,0804540254077
"Sino_Tibetan";"r1";0,997806551192837;12,6833069372278;37,8855415577607;13,4833778775622;10,8847824115244
"Sino_Tibetan";"r1";0,997942552345024;12,8193222400831;36,6097523433029;13,5745739893916;11,3662079696448
"Sino_Tibetan";"r1";0,997988316349827;13,0531796305754;37,0925953688064;13,8163356857574;11,5523191358769
"Sino_Tibetan";"r1";0,997901879424652;12,9913690087795;37,8063655216407;13,7791466758544;11,306371170403
"Sino_Tibetan";"r1";0,997639997775327;13,287623633251;37,4490370686672;14,0546526312007;11,3427514524513
"Sino_Tibetan";"r1";0,997640283624931;12,9408747056556;37,535979956092;13,721671697733;11,2631765811268
"Sino_Tibetan";"r1";0,997985359500273;13,166063903976;37,5786649708117;13,9410671124469;11,5289196866246
"Sino_Tibetan";"r1";0,99763410199079;12,7415107483041;37,1741080364819;13,5171487574526;11,2942229588693
"Sino_Tibetan";"r1";0,997860620820111;12,645280566469;36,4909018102198;13,4022844154769;11,7316034035648
"Sino_Tibetan";"r1";0,998079212826372;13,2857880882773;37,8234284283759;14,0647607974868;11,5852678475355
"Sino_Tibetan";"r1";0,997770783233157;13,0221900126413;37,8491833835624;13,810348532353;11,2841922203675
"Sino_Tibetan";"r1";0,998067471384434;12,4780607623681;37,2383676512922;13,2641022509054;11,6093785646497
"Sino_Tibetan";"r1";0,997967145889623;12,9099967146108;37,1588558005113;13,6798017649569;11,600382501836
"Sino_Tibetan";"r1";0,997915158301311;12,6977214073163;37,3128195798151;13,4791530953321;11,414401120696
"Sino_Tibetan";"r1";0,998055596901809;12,9277499937316;37,7407076238632;13,7154629343707;11,1567461693593
"Sino_Tibetan";"r1";0,997706293250876;12,5572227935077;38,0138534498576;13,3653697984712;11,0937417245731
"Sino_Tibetan";"r1";0,998027742583329;12,8888611559684;37,5085157403245;13,6704374919797;11,4956191735106
"Sino_Tibetan";"r1";0,997881463607615;12,6695668637734;38,1543280776156;13,4786069023081;11,0242978120579
"Sino_Tibetan";"r1";0,998061497121139;12,9407280947207;37,6871952722718;13,7263302273414;11,5290279590479
"Sino_Tibetan";"r1";0,99785050148003;12,8828723591382;36,6759151938329;13,6382070523031;11,4552179819143
"Sino_Tibetan";"r1";0,99777718350328;12,4097758194603;38,7607358242011;13,2463142323092;10,8372825883091
"Sino_Tibetan";"r1";0,997840843692655;12,8767101364718;36,5019710961595;13,6267184209063;12,0343423596525
"Sino_Tibetan";"r1";0,997917461339622;12,5720673342594;38,1790281195522;13,3849867242687;11,2017741285925
"Sino_Tibetan";"r1";0,997600450306487;13,2676527292548;37,4083276271457;14,0340233609339;11,3945208175175
"Sino_Tibetan";"r1";0,997966852449392;12,7905174621724;37,851455632312;13,586102800907;11,2421106758385
"Sino_Tibetan";"r1";0,997613674513811;12,4390940909003;37,8218701206928;13,2448965045445;11,5105636955287
"Sino_Tibetan";"r1";0,998036053282468;12,8160484602615;38,2015002800872;13,621935819621;11,2292384839502
"Sino_Tibetan";"r1";0,997981317002915;12,7200296945563;37,2505080249437;13,4987750383781;11,680582575228
"Sino_Tibetan";"r1";0,997824165611056;12,6018733724599;36,434572604611;13,3584669988774;11,4971830960901
"Sino_Tibetan";"r1";0,997821252036263;12,4746419409271;37,828935277251;13,2795401420803;10,8572692291041
"Sino_Tibetan";"r1";0,998032216456487;12,782975685632;38,076872326004;13,5859565313581;11,0030908219656
"Sino_Tibetan";"r1";0,997857220451956;12,8702984618409;37,4219684246685;13,6497165558989;11,3612455549553
"Sino_Tibetan";"r1";0,997634026569847;12,6218155614716;37,8443901073445;13,4225322137216;10,8914231603557
"Sino_Tibetan";"r1";0,997856788009893;13,2161759160736;38,1839791666957;14,0088045906966;11,192804533577
"Sino_Tibetan";"r1";0,997739582131637;12,4176327253507;38,077922640737;13,2322451036169;11,116066646591
"Sino_Tibetan";"r1";0,997717634145221;12,9971390743794;36,9828469340233;13,7585901175427;11,4135299941385
"Sino_Tibetan";"r1";0,997719657188032;13,0356176491024;36,2004148148809;13,7710080353176;11,5573541280258
"Sino_Tibetan";"r1";0,99762425699274;12,8954648084722;37,8681164783346;13,6882474011662;11,1700575179451
"Sino_Tibetan";"r1";0,998069320198789;13,132762222934;37,4930483185406;13,9061046386675;11,4741805989664
"Sino_Tibetan";"r1";0,997804596054371;12,7915798459018;37,3940660757707;13,5726111547865;11,6241182220878
"Sino_Tibetan";"r1";0,997934554967865;12,7769253770284;37,6579274261518;13,566798457953;11,1924980120068
"Sino_Tibetan";"r1";0,998085104209501;12,7322369808409;36,574296612588;13,4891277628012;11,5778434854393
"Sino_Tibetan";"r1";0,997681272823908;12,7551321825187;38,1967352117752;13,5628021199554;10,938713952601
"Sino_Tibetan";"r1";0,997758926442801;13,0609289092073;37,3713296849909;13,8326876639941;11,4926159537472
"Sino_Tibetan";"r1";0,997896652506626;12,6948303402993;37,4975114337791;13,4822170416796;10,8213099241442
"Sino_Tibetan";"r1";0,997833694917003;12,7556803904309;37,1791313300463;13,5310280393076;11,3928427220013
"Sino_Tibetan";"r1";0,998006125841938;12,7659971219359;38,3052976757793;13,5767685680897;11,0048533272396
"Sino_Tibetan";"r1";0,997996906655534;12,8356555190719;38,5467495981621;13,6518807279319;10,7710153259264
"Sino_Tibetan";"r1";0,997575280375677;12,8364077151538;35,9003344108185;13,5685958642225;11,582438571402
"Sino_Tibetan";"r1";0,997653344329665;12,5963983116349;36,9152232357212;13,3684244997012;11,5843083127831
"Sino_Tibetan";"r1";0,997961824341773;13,1129431569147;38,4852883027697;13,9184144313862;11,3796297653864
"Sino_Tibetan";"r1";0,998019232837296;13,1775337836124;37,3818039653981;13,9459233131929;11,671947888378
"Sino_Tibetan";"r1";0,99780362619862;12,9587907249189;38,4255399881504;13,7672589554977;10,9934771025452
"Sino_Tibetan";"r1";0,998004619240446;12,913402759686;36,716034446086;13,6690418608416;11,450722023443
"Sino_Tibetan";"r1";0,997992680268188;12,672337810554;37,7045814887355;13,467012213036;11,2903323423209
"Sino_Tibetan";"r1";0,998260661823387;12,7852083401414;38,4787428953047;13,6008761037974;11,0187583091887
"Sino_Tibetan";"r1";0,99765787733696;12,626440829594;38,0983405678782;13,4350725673173;11,1937521753292
"Sino_Tibetan";"r1";0,997882843346732;13,125689449153;37,5997332428819;13,9026432203825;11,4382643822166
"Sino_Tibetan";"r1";0,997886737894496;12,7628240785359;37,2683098233535;13,5407760069428;11,6192078806021
"Sino_Tibetan";"r1";0,997938512383063;12,9370771903595;37,5499807088215;13,7184392068186;11,3835111119938
"Sino_Tibetan";"r1";0,997657902183891;12,9360849637741;36,9296174412837;13,6977844075045;11,3255016047068
"Sino_Tibetan";"r1";0,997921472848176;12,7412155789166;37,4832657527655;13,5266774891975;11,4535169029319
"Sino_Tibetan";"r1";0,997840365051757;13,249194905441;36,9032853228786;14,0001184107565;11,279469180419
"Sino_Tibetan";"r1";0,997961573329128;12,9001150730014;37,4821801808135;13,6804980922971;11,2515442354969
"Sino_Tibetan";"r1";0,997904593341769;12,6773206939118;36,8127939651675;13,4435261945866;11,6591671271603
"Sino_Tibetan";"r1";0,997872718066769;12,7350271705344;37,5063011495667;13,5214168206624;11,3219965108063
"Sino_Tibetan";"r1";0,997884814470031;12,842891826358;37,891136293405;13,6380741903913;11,0589823052012
"Sino_Tibetan";"r1";0,998068606923934;12,805551753132;37,3831939690077;13,5857943631598;12,0058665996998
"Sino_Tibetan";"r1";0,997988234825448;12,7019366895206;37,4560577418239;13,4877818022921;11,6292449652486
"Sino_Tibetan";"r1";0,99772955167316;12,8739571247916;37,5268138611987;13,656587497376;11,5088848971844
"Sino_Tibetan";"r1";0,997504998552044;12,652149128482;36,91752431969;13,4224784996314;11,5286419691822
"Sino_Tibetan";"r1";0,998035794998479;13,0016300477188;37,5360377164819;13,7805001324415;11,200997620196
"Sino_Tibetan";"r1";0,998128210283485;12,6605965353927;38,8749546522786;13,4927983803732;11,0087102123586
"Sino_Tibetan";"r1";0,997986125783658;13,0288536660263;37,7287191774896;13,8129763806759;11,2947885611186
"Sino_Tibetan";"r1";0,997992408857223;12,3188762118944;36,2139566175083;13,077450193025;11,6999390348226
"Sino_Tibetan";"r1";0,99793190938213;12,838974702177;36,9978215821196;13,6059222221752;11,6510643473925
"Sino_Tibetan";"r1";0,997974221512691;13,1592931635164;37,9530388304006;13,9463962005604;11,3030359166246
"Sino_Tibetan";"r1";0,99776291340183;13,3984385418243;37,7678388478506;14,1720702975712;11,4194111402238
"Sino_Tibetan";"r1";0,997660246513749;13,0108038363243;37,8152598487843;13,7982468843389;11,5533148125826
"Sino_Tibetan";"r1";0,997641744289907;13,1712567287582;36,8346877107308;13,9224767599319;11,6576841910589
"Sino_Tibetan";"r1";0,997851444655299;12,9051360745119;38,3410493002479;13,7126253832654;10,8612019979464
"Sino_Tibetan";"r1";0,997989350931024;12,8781932127102;38,3632490607606;13,6872426047118;10,8959343205716
"Sino_Tibetan";"r1";0,997998777072769;13,1762090534823;37,4525303223363;13,9468859191602;11,4884570440753
"Sino_Tibetan";"r1";0,997939746379259;12,8058849122298;36,9579470694073;13,5726170442037;11,8962867697101
"Sino_Tibetan";"r1";0,997736455835666;12,9655532012261;37,1335614788557;13,7327915592461;11,8062952510152
"Sino_Tibetan";"r1";0,997984051706268;13,0531700289048;38,1499688010235;13,8498937994482;11,475724435984
"Sino_Tibetan";"r1";0,997844643276934;12,715719420426;36,7421767736951;13,4784640983076;11,205271007492
"Sino_Tibetan";"r1";0,998031607227373;12,9772476100401;37,8188963054992;13,7658713781499;11,202562887523
"Sino_Tibetan";"r1";0,997717547713884;13,0710752191921;37,4502721156496;13,8450179778098;11,2314062526567
"Sino_Tibetan";"r1";0,9980297541235;12,7583510222554;37,239025049242;13,5355152770803;11,5791350740754
"Sino_Tibetan";"r1";0,998045419018268;13,0116777815796;37,2945975358842;13,7825641229861;11,270358461398
"Sino_Tibetan";"r1";0,997783984328587;12,9151933498547;37,5071570601211;13,6958906104981;11,2566668038123
"Sino_Tibetan";"r1";0,997892714014449;12,5680583090578;36,5289982476005;13,3287230690116;11,5590112749062
"Sino_Tibetan";"r1";0,997860572172772;12,6786264573398;37,4961201472026;13,4664833998752;11,4640191687658
"Sino_Tibetan";"r1";0,998132639992571;13,1588150199981;37,9725443846747;13,9465524601466;10,9792725390507
"Sino_Tibetan";"r1";0,997934103235386;12,8706007980507;37,4618353769956;13,651274911668;10,8845843667349
"Sino_Tibetan";"r1";0,997844110991294;13,2342881124728;36,7381320393166;13,9804418879282;11,9229946371524
"Sino_Tibetan";"r1";0,998010814097302;12,715790986232;36,4185597782651;13,4682598367727;11,6197518779157
"Sino_Tibetan";"r1";0,997908417430526;12,5469175275523;37,555795667531;13,3408501669167;11,4442340947262
"Sino_Tibetan";"r1";0,997898611708278;12,8445289363371;36,5546401502734;13,5972308796367;11,3710259460333
"Sino_Tibetan";"r1";0,998122377113399;13,0490201253594;37,7114323641971;13,8319538472273;11,1345455418454
"Sino_Tibetan";"r1";0,998038411346961;12,8598351708023;37,7865802385798;13,6511604110492;11,3191641891906
"Sino_Tibetan";"r1";0,997756927497449;13,0108097247462;37,0295724928835;13,7733101300838;11,4623351746159
"Sino_Tibetan";"r1";0,997978716683753;12,8334570507457;38,3222257083203;13,6426243097163;11,3046098817288
"Sino_Tibetan";"r1";0,99768419521959;12,9832736755061;36,965161526695;13,7446034485597;11,2777735652543
"Sino_Tibetan";"r1";0,99788776346848;12,7499942803773;37,781104717235;13,5446327069442;11,0064835615061
"Sino_Tibetan";"r1";0,997969793393529;12,7319197041865;37,6231198133089;13,5221165330475;11,3165492504432
"Sino_Tibetan";"r1";0,997894174215274;12,8163021704123;36,9457868916357;13,5823175583876;11,8676580487696
"Sino_Tibetan";"r1";0,997875051438313;12,899392233944;37,8339105299476;13,690964243341;11,1981503613855
"Sino_Tibetan";"r1";0,997986515030809;12,7222889018025;37,8159488548514;13,5189130272962;11,106112061732
"Sino_Tibetan";"r1";0,997973350340749;12,8659368057705;38,4804941878776;13,6790973575834;10,6274132826085
"Sino_Tibetan";"r1";0,998130704348807;12,9441293532663;37,1569419943205;13,71279007203;11,1091197659255
"Sino_Tibetan";"r1";0,997995318413822;12,8930372872003;37,931809435059;13,6879189426878;11,0771456518593
"Sino_Tibetan";"r1";0,997976732172968;12,5244887903557;37,3590886783722;13,3128887868007;11,1028646184376
"Sino_Tibetan";"r1";0,99802299315336;12,8515932220131;36,3670650576446;13,5981161374299;11,5405583567227
"Sino_Tibetan";"r1";0,997785795480413;13,1315626188529;37,3897363213492;13,9016633713131;11,4476765611292
"Sino_Tibetan";"r1";0,997755172247563;12,8308980202275;35,7475155177415;13,5584096868153;12,0644552881687
"Sino_Tibetan";"r1";0,997884197048994;12,6022790157507;36,5747131619395;13,3633086711853;11,468169306015
"Sino_Tibetan";"r1";0,997742179119971;12,6211026074467;36,9344096032334;13,392953623186;11,3701496995746
"Sino_Tibetan";"r1";0,997879804907525;12,7117172105574;38,0356062873038;13,5156501971208;11,2982995876979
"Sino_Tibetan";"r1";0,998043278694173;12,6643136293546;37,6427035956166;13,4572783901883;11,3797871945022
"Sino_Tibetan";"r1";0,997888642046662;12,7621687972909;37,7229163361051;13,5545734810628;10,91772516096
"Sino_Tibetan";"r1";0,997775572500506;12,6119667764023;37,8134068534617;13,4120124931344;11,1212263071636
"Sino_Tibetan";"r1";0,997618113333323;12,7038650898452;37,380991815893;13,4872659382912;11,103328930993
"Sino_Tibetan";"r1";0,998018110141735;13,1685965407752;37,6191938420287;13,9448059789103;11,6347685853761
"Sino_Tibetan";"r1";0,997829976201064;13,1600315322074;37,5107722279406;13,9330709193735;11,3924986824315
"Sino_Tibetan";"r1";0,997860777963442;12,7604893891318;36,6746900255429;13,5196703617163;11,5528167742379
"Sino_Tibetan";"r1";0,99777282872463;12,6419132893188;38,0422792546486;13,448274113615;11,3257998707307
"Sino_Tibetan";"r1";0,997799481587685;13,3904332969671;37,4577929690357;14,1544764611598;11,6383035779613
"Sino_Tibetan";"r1";0,997869888222843;12,6927703754515;37,6663704923633;13,4855830775757;11,6289758677849
"Sino_Tibetan";"r1";0,997738246201802;12,765281188172;38,0711046036629;13,5686406616797;11,1033541921062
"Sino_Tibetan";"r1";0,998062018706723;12,7175208175638;36,6714104666772;13,4779617588056;11,6227269696686
"Sino_Tibetan";"r1";0,997904172811004;12,9227460632549;37,8372120278727;13,7136814907031;10,9285085523786
"Sino_Tibetan";"r1";0,998128502846562;13,1517092812412;37,5791429957936;13,9271833674175;11,4679494549251
"Sino_Tibetan";"r1";0,997774551221917;12,5193486174159;37,4464625919257;13,3106855689876;11,1461030773803
"Sino_Tibetan";"r1";0,997921140762756;12,8890860003395;37,9309114980352;13,6840645875679;11,0998587532266
"Sino_Tibetan";"r1";0,998127768033723;13,0740347009105;36,9129514962631;13,8308257102867;11,292966232992
"Sino_Tibetan";"r1";0,997921144755924;12,8618396593716;37,794182752235;13,6533426147006;10,9916477575133
"Sino_Tibetan";"r1";0,99792851862122;12,6018801145084;37,5294983909046;13,3932330756639;11,0895846698704
"Sino_Tibetan";"r1";0,997879825203257;12,7407112710474;37,0527212356871;13,5125211111947;11,6759747806069
"Sino_Tibetan";"r1";0,99752113126415;12,7842036643746;36,9974029270804;13,5528766568414;11,038397884302
"Sino_Tibetan";"r1";0,997900318787957;13,0581261709249;37,8263758591489;13,8444198118209;11,5689808700504
"Sino_Tibetan";"r1";0,998022989800337;12,4565681153353;39,0948413566728;13,3022275833142;11,0814843780139
"Sino_Tibetan";"r1";0,99792904959583;13,4398535238693;37,7926554045517;14,2129583454783;11,2583807981063
"Sino_Tibetan";"r1";0,998048170825749;13,1888248057672;37,0198410735041;13,9453650047429;11,5701582126617
"Sino_Tibetan";"r1";0,99788152496963;12,6933854835744;36,7399343063794;13,4567679858856;11,6448407019774
"Sino_Tibetan";"r1";0,997792886430215;12,7358455825469;37,492662864542;13,5217762899118;11,3159270423715
"Sino_Tibetan";"r1";0,997898182002384;12,6303471468139;36,7477845333998;13,3959800797214;11,5922944846799
"Sino_Tibetan";"r1";0,997803644857443;12,9715674161236;37,0887660717396;13,7371927702702;11,4147838164372
"Sino_Tibetan";"r1";0,998296389195082;12,8956835262906;37,801516431322;13,6863448883551;11,4042040638063
"Sino_Tibetan";"r1";0,997751022176516;12,4361866951211;38,5477769488815;13,2651260682563;10,8368366802026
"Sino_Tibetan";"r1";0,997952914060624;12,7074049259335;36,8264537618189;13,4730890159616;11,2990415357074
"Sino_Tibetan";"r1";0,998119138233433;12,9187981730197;38,3664773252298;13,7266610032486;11,0699886062178
"Sino_Tibetan";"r1";0,997948451459662;13,0389270812341;36,7012643350148;13,7901123908779;11,4246433002051
"Sino_Tibetan";"r1";0,997763885199274;13,1795038048022;37,2862417130377;13,9447970717304;11,6787306529954
"Sino_Tibetan";"r1";0,998118790710116;12,782825890444;38,9430848152654;13,6133103007558;11,0485070888462
"Sino_Tibetan";"r1";0,998016583127714;12,8155295122;37,7914531222606;13,6084159760115;11,1965522018805
"Sino_Tibetan";"r1";0,997946307974975;12,9759043809004;37,8580503556809;13,7658137769252;11,238158209348
"Sino_Tibetan";"r1";0,997942157412354;13,0402457583684;38,1201033115559;13,8364317124378;11,5958861379188
"Sino_Tibetan";"r1";0,997945836817258;12,9437903831564;37,9148959305594;13,7365238925977;11,5359022903886
"Sino_Tibetan";"r1";0,997751998769791;12,4026624320825;37,2712540387501;13,1921415307069;11,1389896654295
"Sino_Tibetan";"r1";0,997896559409432;12,8536852797778;36,9384183353088;13,6182799799534;11,2148385349413
"Sino_Tibetan";"r1";0,998041584473502;12,7801300338137;37,5911957516339;13,5677829137445;11,234806545175
"Sino_Tibetan";"r1";0,997760043181591;13,0194415698721;37,9210406092317;13,8099685235026;11,2356819585749
"Sino_Tibetan";"r1";0,997866265427002;12,9943577138153;38,0593979644851;13,7900732773286;11,2549811978182
"Sino_Tibetan";"r1";0,997816586177767;12,7959259317268;37,3338456368904;13,5749075096685;11,352047430954
"Sino_Tibetan";"r1";0,99777576648435;12,3815898932352;37,0422655091667;13,1644684842171;11,7138034919421
"Sino_Tibetan";"r1";0,99802584687435;12,7989911404756;37,9601344306624;13,5977575941323;11,3474233408958
"Sino_Tibetan";"r1";0,997867532613595;12,8881988440255;37,6870197726582;13,6754630004901;11,3398244593193
"Sino_Tibetan";"r1";0,997985634205467;12,7900982648696;38,20318765016;13,5968630072598;10,9084753559123
"Sino_Tibetan";"r1";0,998159129796183;12,6234572831845;36,9899985142922;13,3969982746482;11,6258452510869
"Sino_Tibetan";"r1";0,997718666520476;12,8263234027052;37,571002507964;13,6118687711261;11,2595380778807
"Sino_Tibetan";"r1";0,997939309661226;12,8581960526804;38,3731918877916;13,6681959204617;10,8350630225548
"Sino_Tibetan";"r1";0,998079770076502;12,731167314225;37,9720405198398;13,532464876308;11,2799133151835
"Sino_Tibetan";"r1";0,998199231784846;12,8309800429838;37,8168402478585;13,6241819542497;11,4696831248512
"Sino_Tibetan";"r1";0,997960370300758;12,511704547789;38,1010716509978;13,3240654082083;10,8779715168833
"Sino_Tibetan";"r1";0,997774051057779;13,0336062272219;37,7033751810521;13,8167734955974;11,0812468850788
"Sino_Tibetan";"r1";0,99769784415451;12,7382882553344;37,9345740917313;13,5381703453787;11,4306434896326
"Sino_Tibetan";"r1";0,997909834380676;13,1883278604277;36,5517647561595;13,9300242698161;11,7420398446714
"Sino_Tibetan";"r1";0,997773406603384;13,0380771548834;38,1898496463623;13,8365461228669;11,4657521466981
"Sino_Tibetan";"r1";0,998094609729417;12,969178447284;38,3532049740162;13,7750205592438;11,224734066885
"Sino_Tibetan";"r1";0,997804446936947;12,5689898988337;38,6589768813552;13,3972434538344;11,0462657758244
"Sino_Tibetan";"r1";0,997769564115853;12,8291559954191;36,1704974613711;13,5701509625922;11,8463217511683
"Sino_Tibetan";"r1";0,998104774714624;12,4083572118461;37,9564194720007;13,2194068074066;11,1450063111646
"Sino_Tibetan";"r1";0,99799584851365;12,719212784469;37,3868396932265;13,5023120514137;11,6161176780638
"Sino_Tibetan";"r1";0,997849312681699;12,7503581146785;38,2264365221518;13,5591225085665;11,1133838051981
"Sino_Tibetan";"r1";0,997713502530656;13,1915960914144;36,8780710369036;13,9435476769855;11,8202333996069
"Sino_Tibetan";"r1";0,997750407735134;12,783115934475;37,2232194829425;13,558992237601;11,2953914684537
"Sino_Tibetan";"r1";0,997641916131326;13,1205183344345;37,8116056270915;13,9043623754712;11,2782340475698
"Sino_Tibetan";"r1";0,997863370608883;12,8793328225089;37,3305779351222;13,655562826084;11,3982052991568
"Sino_Tibetan";"r1";0,998183303121489;12,8263209932544;37,3574116147657;13,6050857748897;11,428064060168
"Sino_Tibetan";"r1";0,99787260024147;13,0485461690393;37,6970496457807;13,8310383429041;10,9498886990362
"Sino_Tibetan";"r1";0,997728850194207;12,4803733932994;37,9212296665027;13,2880196241947;11,009180318895
"Sino_Tibetan";"r1";0,997943735437947;13,165664688124;37,1828075056073;13,9281136664568;11,2078969583382
"Sino_Tibetan";"r1";0,997967453835896;13,0783582504174;37,3341801534081;13,8483843425759;11,2970348397939
"Sino_Tibetan";"r1";0,99781273866365;12,4172271345178;37,6814236800251;13,2192651200895;10,961843091949
"Sino_Tibetan";"r1";0,997767155826551;13,0397536784296;38,311742787433;13,8420390469694;10,9238127667751
"Sino_Tibetan";"r1";0,997863091725818;12,4067018014596;38,9313908550197;13,2487554222076;10,8578439576678
"Sino_Tibetan";"r1";0,997780096259524;13,0067380811829;37,0462121942079;13,7698959895329;11,2941540275599
"Sino_Tibetan";"r1";0,998021771874461;13,142870473747;37,7343820741989;13,9235533816979;11,1338814755004
"Sino_Tibetan";"r1";0,997677694895489;12,5638905211666;37,4385348394744;13,3535617693668;10,893038342634
"Sino_Tibetan";"r1";0,998161696599938;12,965199074636;36,673024835779;13,7178284638786;12,0724787146936
"Sino_Tibetan";"r1";0,997981286829461;13,0736904470985;37,8333593096015;13,8597116808288;11,1071253649114
"Sino_Tibetan";"r1";0,998060048667124;13,0499871110734;37,1261976357848;13,814311254715;11,6028972793857
"Sino_Tibetan";"r1";0,997732264720273;12,8505520994793;37,1313128631877;13,6213699015018;11,3128865089646
"Sino_Tibetan";"r1";0,997686745520902;13,1538084843815;37,9916622729431;13,9423117792565;11,1484732079023
"Sino_Tibetan";"r1";0,997871498024333;12,7554352834313;37,8202454875896;13,5511435438808;11,2157682330761
"Sino_Tibetan";"r1";0,997738487087154;13,1332112521854;37,0498693585998;13,8924702396906;11,6167066871342
"Sino_Tibetan";"r1";0,997946406770337;12,8983983825784;37,3540208701004;13,6747673504362;11,3071659182107
"Sino_Tibetan";"r1";0,997631124293161;13,1353986966855;36,629475272978;13,8812423975201;11,4132190479836
"Sino_Tibetan";"r1";0,998146761502144;12,9810306233248;38,9700193209859;13,806077883568;11,2706068917105
"Sino_Tibetan";"r1";0,998041219069471;12,6544520581954;38,5457772357447;13,4763988892287;10,8930728076007
"Sino_Tibetan";"r1";0,997811485682252;12,5994304785936;37,0684354510316;13,3762242872424;11,4078022942126
"Sino_Tibetan";"r1";0,997980004698535;12,880093148083;37,4936537059656;13,6614760229364;11,0869879340917
"Sino_Tibetan";"r1";0,997853437805598;12,9549126808898;37,4252575422718;13,7317490256956;11,73306400466
"Sino_Tibetan";"r1";0,997908825343171;13,0311433647091;36,6189471527215;13,7799625325825;12,0410074071583
"Sino_Tibetan";"r1";0,997976763352885;12,8000537188394;36,9584978854207;13,5669884542864;11,6225932023401
"Sino_Tibetan";"r1";0,998018411278542;12,1712918157443;37,8247399026891;12,9856869931077;11,3871558777595
"Sino_Tibetan";"r1";0,997716143222906;12,5267877352898;37,5945719198701;13,3225904078162;11,5489401024324
"Sino_Tibetan";"r1";0,998036370339574;12,9737287933024;37,9164988920413;13,765562764691;11,0023553484742
"Sino_Tibetan";"r1";0,997877162672885;12,9330231260305;38,3048033013036;13,7384764649281;11,0721066474618
"Sino_Tibetan";"r1";0,997933313542117;12,9783553202976;36,8536608479438;13,7363015275245;11,5499683209127
"Sino_Tibetan";"r1";0,997853134511126;13,306769022668;37,8166925153291;14,0848618319588;10,9772607805756
"Sino_Tibetan";"r1";0,997622960325733;13,2454490847234;37,4963902922802;14,0153202341696;10,9810324893787
"Sino_Tibetan";"r1";0,998052871538384;12,8726870817036;36,8361560373844;13,6334321279157;11,6714271815809
"Sino_Tibetan";"r1";0,997860386955482;12,7667541290733;37,0570100205474;13,5378733637233;11,708763339777
"Sino_Tibetan";"r1";0,997674534062163;12,9990900499726;37,6251016988861;13,7808681975572;11,1291004537693
"Sino_Tibetan";"r1";0,997781628113117;12,5678609597522;36,9946855869505;13,343315709822;11,3442161991491
"Sino_Tibetan";"r1";0,997905369555966;12,7381816866144;37,7401781384841;13,5318958596896;11,0810672698475
"Sino_Tibetan";"r1";0,997819040918615;12,678715628937;37,1867613944856;13,4567488278433;11,3672589613009
"Sino_Tibetan";"r1";0,997822556821279;12,4600281096844;38,279642069498;13,2796983941229;10,4948429434226
"Sino_Tibetan";"r1";0,997680753236043;13,2429244819213;37,6519582813171;14,0178144438069;11,0399383954035
"Sino_Tibetan";"r1";0,997708938000617;13,0827965943713;37,3166966813991;13,8521267558643;11,5296571199994
"Sino_Tibetan";"r1";0,997788741239132;12,9085046982372;37,2146164184581;13,6801272925299;11,1371413285106
"Sino_Tibetan";"r1";0,997763381286556;12,8402069046664;37,8442054949301;13,6339846376906;11,1385595914088
"Sino_Tibetan";"r1";0,997657990767568;13,0763216567259;38,9461673345351;13,8975865988786;10,5871344697532
"Sino_Tibetan";"r1";0,997775811303411;13,3918305798731;37,7055801650073;14,1636956460679;11,2269711633563
"Sino_Tibetan";"r1";0,998043295380586;12,6571045781545;36,8626630128888;13,425535004654;11,3281374576016
"Sino_Tibetan";"r1";0,99757581115735;13,1607800602563;36,5303064093325;13,9026697856238;11,7288670892806
"Sino_Tibetan";"r1";0,997669506219377;13,0022153080923;36,7162621609804;13,755042192311;11,4351037712757
"Sino_Tibetan";"r1";0,99778338576417;12,8777911276065;37,4764138715402;13,658699786144;11,3855031936004
"Sino_Tibetan";"r1";0,997911025487451;13,0443466458707;37,4860124513023;13,8202725444558;11,2728890598049
"Sino_Tibetan";"r1";0,997904765576282;12,9140708495737;38,5092376402015;13,7266158270539;11,008526351487
"Sino_Tibetan";"r1";0,997943864445056;12,3773368611239;37,0169866317763;13,1595479649541;11,1693649433408
"Sino_Tibetan";"r1";0,997997430892888;13,0675189497491;37,6811730719317;13,8489047948977;11,1660430362634
"Sino_Tibetan";"r1";0,998103658694646;13,3330031484375;37,4130702168161;14,0974497220369;11,4769584976623
"Sino_Tibetan";"r1";0,997775033915577;12,5890611290849;36,7479220448303;13,3560090946641;11,462955336917
"Sino_Tibetan";"r1";0,997969567889289;12,9382105360886;36,4374183294788;13,6842171327041;11,6860276207708
"Sino_Tibetan";"r1";0,997759198465338;12,7257668535575;37,6221205414161;13,5161272880927;11,0522824207514
"Sino_Tibetan";"r1";0,997917940659748;12,8403700912389;37,2567336635464;13,615492744328;10,9313572206617
"Sino_Tibetan";"r1";0,998034088572126;12,6962883886726;36,5273590609997;13,4528303147782;11,547755646866
"Sino_Tibetan";"r1";0,997920889681338;12,5081348601115;37,7206026792058;13,3085306638922;11,4630961586876
"Sino_Tibetan";"r1";0,998037907590885;12,5677501701803;37,0122369064499;13,3437656221253;11,5920905699272
"Sino_Tibetan";"r1";0,997686738471297;12,9406955860432;36,9549793148297;13,7030537996555;11,912451339461
"Sino_Tibetan";"r1";0,998054200290405;13,0325204084759;38,5351806323496;13,8421286695512;11,1188235881172
"Sino_Tibetan";"r1";0,997920047793583;12,5168693611158;37,2360957889288;13,3016067080305;11,4562224988759
"Sino_Tibetan";"r1";0,998038342048846;12,6093096717884;37,0594669799743;13,3855051418896;11,5882616018433
"Sino_Tibetan";"r1";0,998014954214181;12,7371457745178;37,0560941187275;13,5091758806832;11,4959427367924
"Sino_Tibetan";"r1";0,997610026417519;12,8247369400083;35,8254817476003;13,5549193148525;11,9417895134917
"Sino_Tibetan";"r1";0,997959376184161;12,5025415230071;37,7306711812859;13,3034345280319;11,1156786579202
"Sino_Tibetan";"r1";0,998121905942471;13,0563567767955;36,6649581884793;13,8058361866903;11,9264194132289
"Sino_Tibetan";"r1";0,99787518365792;12,3700746465581;37,1289927573709;13,1560720469013;11,6967184939709
"Sino_Tibetan";"r1";0,997791933343555;12,9104964713341;38,2439195385015;13,71473212426;11,2518474961227
"Sino_Tibetan";"r1";0,998148456273972;12,8943837125642;37,3038797557804;13,6692883488567;11,2936219437826
"Sino_Tibetan";"r1";0,997902902300826;13,2688846170924;37,2269050379552;14,0294566939452;11,2060437181641
"Sino_Tibetan";"r1";0,997781694529577;12,9518341601505;38,223896940897;13,7541218674758;11,2184276300064
"Sino_Tibetan";"r1";0,997696413472685;12,8461765050621;37,9539424698158;13,6432484404511;11,2436390132483
"Sino_Tibetan";"r1";0,99793792210534;12,129563932661;37,2255384528562;12,9262615364767;11,4686958626376
"Sino_Tibetan";"r1";0,997934315688266;12,7561809105464;38,0965087822708;13,560635763617;10,9622289278123
"Sino_Tibetan";"r1";0,997943507277943;12,9482295643246;37,0774536933924;13,7142366795331;11,4955906499002
"Sino_Tibetan";"r1";0,998067887262776;13,0126469739352;37,3653690083296;13,7857492607413;11,5144999713339
"Sino_Tibetan";"r1";0,997929872625303;12,9780471465236;37,8557605612496;13,7678158263562;11,3462071094655
"Sino_Tibetan";"r1";0,998021014096958;12,9765853969607;37,3136968607744;13,7491921100977;11,5163188484488
"Sino_Tibetan";"r1";0,997956752200588;12,6957819525375;37,8824813963416;13,4953597126582;10,9332537339925
"Sino_Tibetan";"r1";0,997963300649066;13,552722833854;36,7570430307636;14,2893679194702;11,9128447229689
"Sino_Tibetan";"r1";0,997803367481643;12,4269773006108;38,0602676062283;13,2407325484082;11,3091907767221
"Sino_Tibetan";"r1";0,997753693502898;12,4827045080698;36,8328087335178;13,2557236898301;11,6382758468144
"Sino_Tibetan";"r1";0,998043998212001;12,781078526139;37,7533822633646;13,5738500733525;11,2786170259446
"Sino_Tibetan";"r1";0,997964918475324;13,1808519561838;37,3356547445308;13,9476710923218;11,3629897618205
"Sino_Tibetan";"r1";0,997730548741665;13,1625114964887;37,6800197431652;13,9408450916212;11,1772592088392
"Sino_Tibetan";"r1";0,9978992850404;12,545022857826;38,2103531381805;13,3597952476786;11,2415843404056
"Sino_Tibetan";"r1";0,997987024838668;12,3157321963077;38,0256857492414;13,1319211979881;11,0195013392753
"Sino_Tibetan";"r1";0,997841012554976;12,5783810521685;38,7203016889886;13,4082832946072;10,6999293292246
"Sino_Tibetan";"r1";0,997971825860039;12,6184853974564;37,3799178013859;13,4045626166288;11,2668313784321
"Sino_Tibetan";"r1";0,997975663752928;12,8157351983405;37,691044077463;13,6054275437095;10,8854217098067
"Sino_Tibetan";"r1";0,997959768576956;13,1946305574906;37,4959717576102;13,9661017067008;11,4468406363148
"Sino_Tibetan";"r1";0,99795060268502;12,739380344472;37,088623264517;13,5123721832036;11,6491340117207
"Sino_Tibetan";"r1";0,997802222406531;13,0008538082191;37,5948377334262;13,7816152026702;11,7400812726206
"Sino_Tibetan";"r1";0,997853452709285;12,9459786308591;36,9732896650276;13,7087504097216;11,5166465322122
"Sino_Tibetan";"r1";0,997688888721188;12,5487398754145;36,9391768139664;13,3230394607654;11,2815573714694
"Sino_Tibetan";"r1";0,99776603259237;12,80787818226;37,4874736861028;13,5913574046042;11,1884704761182
"Sino_Tibetan";"r1";0,998000474348244;12,6953839403898;38,203021045307;13,5051501976888;11,0364394441152
"Sino_Tibetan";"r1";0,99780187158726;12,8965288207974;38,2998758995597;13,7029842836153;10,6669775651909
"Sino_Tibetan";"r1";0,997885089778856;12,7690845980913;36,6691963900595;13,5278183057728;11,576248292167
"Sino_Tibetan";"r1";0,997900988613566;13,3365329547642;38,3052332048243;14,1291901055597;10,8459233252331
"Sino_Tibetan";"r1";0,997908897891469;12,6753166948265;37,1363532852273;13,4518575389662;10,9717507102046
"Sino_Tibetan";"r1";0,997676025126785;12,8245114392581;37,8660878249644;13,6194821181694;10,8826185035515
"Sino_Tibetan";"r1";0,997620340081861;12,6954193626025;37,766910884558;13,4913397283788;11,4059932071158
"Sino_Tibetan";"r1";0,997795057809545;12,8821315981149;36,8003470867502;13,6414400263255;11,4408379368556
"Sino_Tibetan";"r1";0,997913297337081;12,1737060632119;37,438385933249;12,9757593924194;11,0806873930719
"Sino_Tibetan";"r1";0,998119497499115;12,5827117740636;38,3962709845894;13,4021898442391;10,7656516730978
"Sino_Tibetan";"r1";0,997875997983268;12,6501268662949;37,401306847743;13,4358786117377;11,4414713434217
"Sino_Tibetan";"r1";0,998058653331513;13,011002839474;36,7794032310834;13,7655552328584;11,5681129617749
"Sino_Tibetan";"r1";0,997808574322882;12,5635213676036;37,5795346750878;13,3576805202222;11,5669025948215
"Sino_Tibetan";"r1";0,998018897203095;12,981914794001;38,2248004602757;13,7832762437241;11,0085172557565
"Sino_Tibetan";"r1";0,997985896216084;12,5569964367924;37,8541874624705;13,360081866179;11,4241135999619
"Sino_Tibetan";"r1";0,997993330482276;12,7337550287361;37,2151406719459;13,5109418745523;11,5385263885414
"Sino_Tibetan";"r1";0,997963136752098;12,3377499361902;37,7514316003719;13,1445334810848;11,4579596155905
"Sino_Tibetan";"r1";0,997713168754035;12,6676573126042;37,7270485379467;13,4631935419802;11,804874223067
"Sino_Tibetan";"r1";0,997953123286574;13,1097405013138;37,3442114223314;13,8790887845207;11,5537353682195
"Sino_Tibetan";"r1";0,998051188086169;12,9790008401083;38,6004949927586;13,7923816068591;10,9661333198869
"Sino_Tibetan";"r1";0,997986861735121;12,7284177320775;36,6770757993121;13,4886925913548;11,5219708967024
"Sino_Tibetan";"r1";0,997972145497717;13,1377299237493;37,2102619583282;13,9019372899264;11,578140694175
"Sino_Tibetan";"r1";0,997982680380909;13,032520457031;38,5475845300998;13,8425224910966;11,0813491745205
"Sino_Tibetan";"r1";0,997787460728778;12,8852907100786;37,3260932036257;13,6611892019372;11,1542012658092
"Sino_Tibetan";"r1";0,997716210366905;12,8441855229802;37,2258592202135;13,6182069101939;11,4427247190869
"Sino_Tibetan";"r1";0,997796399231542;12,9879734158359;36,9649382355838;13,7491469021771;11,2830085097732
"Sino_Tibetan";"r1";0,997954236192275;12,772465898785;37,9013433949355;13,5702080415199;11,3347582920466
"Sino_Tibetan";"r1";0,997810313334917;12,9477492362375;36,5304980396396;13,696407928409;11,9720244281022
"Sino_Tibetan";"r1";0,997920496047327;12,8936192351702;36,5405893529047;13,6443166992253;11,9123216750005
"Sino_Tibetan";"r1";0,997718609992756;13,0203088139435;37,1501838966787;13,7863365943478;11,2907071919088
"Sino_Tibetan";"r1";0,998038871884462;12,9887541769466;36,8425252095821;13,7460167494112;11,4465754872404
"Sino_Tibetan";"r1";0,997909965136851;12,9016013685165;37,3258639177315;13,6769747827773;11,43039434084
"Sino_Tibetan";"r1";0,99809256211985;12,6127385549905;36,2737393622328;13,3638814377601;11,5322634934432
"Sino_Tibetan";"r1";0,997965140210046;12,9964509664639;38,1552197147379;13,7951420378377;11,5890688427581
"Sino_Tibetan";"r1";0,997982318619344;12,5986734892418;37,1986503937695;13,3796251370045;11,2823082009924
"Sino_Tibetan";"r1";0,998009732750312;12,7948907760097;35,9864592192528;13,5311310440491;12,397868155158
"Sino_Tibetan";"r1";0,997810968341383;13,1311663491964;36,902780177411;13,8858207564413;11,7501532046458
"Sino_Tibetan";"r1";0,997579271521104;13,0450305173904;36,8346999732717;13,8002581191644;11,845361777312
"Sino_Tibetan";"r1";0,997946141664446;12,8440866934424;38,5822607105402;13,6611715828741;11,0454748772853
"Sino_Tibetan";"r1";0,997899902695179;13,0393151653523;37,6536920375552;13,8207239549461;11,3415853487329
"Sino_Tibetan";"r1";0,997777758528199;12,9733497283415;38,3002422738745;13,7773780631203;11,2852878011965
"Sino_Tibetan";"r1";0,997665426710486;12,5950875189457;37,4530034834382;13,3842277082946;11,3352220610975
"Sino_Tibetan";"r1";0,997541410308573;12,8929155120106;37,1257934592877;13,6622132246226;11,5681833832381
"Sino_Tibetan";"r1";0,997936072711531;13,1344051627623;37,0017647770431;13,8920991187712;11,5653233542214
"Sino_Tibetan";"r1";0,997759816390143;13,1809732104888;36,6609636467787;13,9263697322758;11,6945014542666
"Sino_Tibetan";"r1";0,997941672276783;13,2219923165663;36,2368488079897;13,9526226813734;12,2256925355638
"Sino_Tibetan";"r1";0,997628081287702;12,5845365280363;37,3005014160547;13,3691703340052;11,1285083841123
"Sino_Tibetan";"r1";0,998215972393652;12,6766044541193;38,3163858697502;13,4905657689012;11,1985835055229
"Sino_Tibetan";"r1";0,997851149704845;13,0175465429146;37,7416598314237;13,8024390282641;11,1606587067068
"Sino_Tibetan";"r1";0,997802035583264;13,0517231109836;37,8938096456998;13,8403607787524;11,1902459625409
"Sino_Tibetan";"r1";0,997919318921474;12,9499330759203;37,7747846785084;13,7380236029866;11,5449064237488
"Sino_Tibetan";"r1";0,998018087538699;12,7694866069891;36,7909079462774;13,532071411411;11,6919915780691
"Sino_Tibetan";"r1";0,997790334972047;13,0338396254481;37,7061707572974;13,8170882328084;11,411843252323
"Sino_Tibetan";"r1";0,997660502246069;12,668193197987;37,9579889719327;13,4710438574774;11,4372760921213
"Sino_Tibetan";"r1";0,99778885528257;13,1184020181085;36,360865227321;13,8562579930042;11,6088155113041
"Sino_Tibetan";"r1";0,998018163159087;12,6492524790921;38,1359461730374;13,4583538662015;11,2162028507321
"Sino_Tibetan";"r1";0,997659260611333;12,8374069918922;37,2785003183961;13,6133147165431;11,2723439630918
"Sino_Tibetan";"r1";0,997851052529954;13,1274306782576;37,7194159169199;13,9081286223421;11,6288173673567
"Sino_Tibetan";"r1";0,997859337146334;12,8524673605887;36,7540494611753;13,6112477447343;11,574116187569
"Sino_Tibetan";"r1";0,997710531362236;12,6631952170822;37,0477207009914;13,4373071372063;11,3106575990607
"Sino_Tibetan";"r1";0,997544418495773;13,0255082193666;37,028436500939;13,7875059425911;11,3445189010551
"Sino_Tibetan";"r1";0,998090985520855;13,0365163236009;36,4324073288878;13,7792430221815;11,6773047986537
"Sino_Tibetan";"r1";0,997765445074295;12,8172679604894;37,6697093993274;13,6062343553731;11,2513494262169
"Sino_Tibetan";"r1";0,997926312650753;12,4729913367189;37,1460619049376;13,2562634182496;11,3842416638189
"Sino_Tibetan";"r1";0,998053077137241;13,1692397727208;37,0909366957313;13,9286587226576;11,6124124795542
"Sino_Tibetan";"r1";0,997710362376824;12,7567485319114;36,8837870885732;13,5226862638689;11,2427637090905
"Sino_Tibetan";"r1";0,997962373468411;12,8759245898181;37,546934810742;13,6591312634983;11,8880166725667
"Sino_Tibetan";"r1";0,997890310651769;12,6335785506759;38,0547716735239;13,4406005545758;10,994792855022
"Sino_Tibetan";"r1";0,997850495082279;12,7096262319739;36,8094175037199;13,4746989707595;11,1287633712267
"Sino_Tibetan";"r1";0,997872158935731;12,6411054300452;37,9341818392594;13,4440602366869;11,2065281529385
"Sino_Tibetan";"r1";0,99777130167662;12,9640251726768;36,3443447522983;13,7062575402838;11,6784750732638
"Sino_Tibetan";"r1";0,997829315139148;13,0032247985529;37,6775843493353;13,786537800165;11,257679985325
"Sino_Tibetan";"r1";0,997911289930237;13,1510794961466;36,8602267240207;13,903750836714;11,7083308037016
"Sino_Tibetan";"r1";0,997943232254668;12,8989394059202;37,874406986139;13,6918113925939;11,3049705321594
"Sino_Tibetan";"r1";0,997880998952491;13,0402245114035;37,8211866947909;13,8269217235745;11,208943124739
"Sino_Tibetan";"r1";0,998114233540138;12,6359221277576;38,567865924678;13,4591584387709;10,8737982131305
"Sino_Tibetan";"r1";0,997886315176134;12,7739179257557;36,8154931341855;13,5371425355471;11,49260199741
"Sino_Tibetan";"r1";0,997931029647668;12,7410141020346;37,165151082206;13,5163835299766;11,4464042362024
"Sino_Tibetan";"r1";0,998008765032827;13,1624141642523;37,6225043598314;13,9389249641119;11,412316887866
"Sino_Tibetan";"r1";0,998089216518686;12,8662860730618;38,2341438127643;13,6716148901952;11,0520028392732
"Sino_Tibetan";"r1";0,997764948395861;12,6412172433519;37,7523431544087;13,438395843703;10,9894705286688
"Sino_Tibetan";"r1";0,998169752234701;13,25353209298;37,8672944754303;14,0349213749625;11,5440105043748
"Sino_Tibetan";"r1";0,99790208556724;13,0896393448474;37,2748189415246;13,857422824107;11,3597523847534
"Sino_Tibetan";"r1";0,997788624288079;12,9288700802037;37,4139112232851;13,7061729736349;11,3193484383972
"Sino_Tibetan";"r1";0,997841920031331;12,5915682366329;38,4754008535023;13,4132772085971;11,1579569955153
"Sino_Tibetan";"r1";0,997814399076653;12,747109282371;36,5233773306969;13,5019114426353;11,5468669227375
"Sino_Tibetan";"r1";0,998128543260221;12,9000947032242;37,1352649902609;13,6694651885269;11,8716623917734
"Sino_Tibetan";"r1";0,998003984730423;12,9375105295503;37,5046245175599;13,717418910122;11,3322021000126
"Sino_Tibetan";"r1";0,997938921816333;12,8458862387603;38,4280535407171;13,6580185340605;10,8444247301973
"Sino_Tibetan";"r1";0,99805981419997;12,9179734179857;36,0991368183417;13,6538833672033;12,0548481818081
"Sino_Tibetan";"r1";0,997992632629835;12,8029507568686;37,4823974945693;13,5864252564781;10,9662777889264
"Sino_Tibetan";"r1";0,997880086826588;12,8562265866141;37,0300526170556;13,6236496351995;11,3492649886761
"Sino_Tibetan";"r1";0,998150394591209;12,9108114013095;37,1951327783167;13,6817422386748;11,1453427444791
"Sino_Tibetan";"r1";0,998037322653364;12,6459812826216;37,7782986267295;13,443832626879;10,9147465194155
"Sino_Tibetan";"r1";0,998077693814652;12,3708166832405;37,6731540085252;13,1740654872178;11,1460843905926
"Sino_Tibetan";"r1";0,997844462401772;13,2353950040044;37,7683307673732;14,0142183615716;11,1898809683367
"Sino_Tibetan";"r1";0,998180550877752;13,1932168098774;37,5377020695357;13,9660576117713;11,3508465149758
"Sino_Tibetan";"r1";0,99784642560043;13,028880963729;36,9810810074837;13,7892682667053;11,3538904394986
"Sino_Tibetan";"r1";0,998004498922537;12,6851832236721;37,6742706160798;13,4784875853358;11,2415360838283
"Sino_Tibetan";"r1";0,997913754684657;12,5095650714697;36,2361203423687;13,2627890483236;11,8590013604399
"Sino_Tibetan";"r1";0,997978988306118;12,7504627105583;38,6859381960247;13,5738111386683;10,8593340907173
"Sino_Tibetan";"r1";0,997757906492922;13,0731829264318;37,9675938435171;13,8634816857044;11,3796888391932
"Sino_Tibetan";"r1";0,997998660203402;12,8581768540418;38,0014296349468;13,6563753550229;11,1297392535373
"Sino_Tibetan";"r1";0,997882871596327;13,0467780810454;38,5085815592461;13,8550893025756;11,0473891822622
"Sino_Tibetan";"r1";0,998028143577093;12,9104776135022;37,5524259399149;13,6927616873566;11,1250989648379
"Sino_Tibetan";"r1";0,998015864095772;12,7653788856784;36,7393576192608;13,5264575756334;11,2737474496783
"Sino_Tibetan";"r1";0,997726388996153;13,0030267677799;36,7872716512789;13,7580821609069;11,5930211921835
"Sino_Tibetan";"r1";0,997969445842854;12,9087748204231;37,6019856922849;13,6926862766727;11,3224377306339
"Sino_Tibetan";"r1";0,998061565666402;12,4493317896031;37,7528863494027;13,2526192359459;11,1976839852551
"Sino_Tibetan";"r1";0,997725442364742;12,6868771352097;36,5488841167511;13,4444011663698;11,647844080701
"Sino_Tibetan";"r1";0,997935351310055;12,8381955153961;36,5080380812025;13,5896190889138;11,6390644742548
"Sino_Tibetan";"r1";0,997957020852776;12,77306559366;38,1366168990534;13,5782576985931;11,1110841142152
"Sino_Tibetan";"r1";0,997584341149445;12,4872354698409;38,3079288527551;13,3069400216794;11,2907619940123
"Sino_Tibetan";"r1";0,998041718803323;12,5131255360362;36,3418670003745;13,269593519031;11,6826497750637
"Sino_Tibetan";"r1";0,997999525066105;12,8834244706033;37,0119618619219;13,6494097846134;11,6476051769712
"Sino_Tibetan";"r1";0,997973065367292;13,0107358597564;36,8997973159441;13,7691187631274;11,3029501624044
"Sino_Tibetan";"r1";0,997808765959556;13,0826641288218;37,1082138323035;13,8453799924244;11,5232555206593
"Sino_Tibetan";"r1";0,997820321606273;12,8715184973159;36,8076169022825;13,6313946371561;11,5890492518576
"Sino_Tibetan";"r1";0,997896178209617;12,8376416927986;36,9390823669869;13,6027667935665;11,7898482609765
"Sino_Tibetan";"r1";0,998013328501618;12,581666807336;38,3831771407693;13,4007623734768;10,7452214825955
"Sino_Tibetan";"r1";0,99800469012376;12,8393216311787;37,771617466709;13,6308230862749;11,3365201206031
"Sino_Tibetan";"r1";0,997839732804516;12,6643376229958;37,4344586498031;13,4506906714659;11,2638842202366
"Sino_Tibetan";"r1";0,997608597150408;13,1331961583275;37,7246220924938;13,9138763467137;11,0137575478083
"Sino_Tibetan";"r1";0,998192888092019;13,2396709354368;38,1425067101202;14,0302371505061;11,345117779794
"Sino_Tibetan";"r1";0,997970944151606;12,6403075615687;37,7059983715533;13,4360437777587;11,5840398301037
"Sino_Tibetan";"r1";0,997967091239852;13,1795232480018;38,4423095373209;13,9815164635357;11,0952410129484
"Sino_Tibetan";"r1";0,997837895402572;12,6484238429676;37,1770113674233;13,4271091612043;11,6659537613188
"Sino_Tibetan";"r1";0,99757809895354;12,4864536986056;38,4070697130642;13,3093303974773;10,7736293257103
"Sino_Tibetan";"r1";0,998043762440433;12,9128093324773;37,7995220993475;13,7028637060288;11,6321007787116
"Sino_Tibetan";"r1";0,99779958869374;13,1298135744214;37,6021292648951;13,9067124852301;10,981348362463
"Sino_Tibetan";"r1";0,997595665436378;12,6922640219114;36,935575075078;13,4618929442341;11,7918878408798
"Sino_Tibetan";"r1";0,997728919850702;13,0103502288352;36,6722932588828;13,7615230234399;11,555319025245
"Sino_Tibetan";"r1";0,997654299224397;12,7273389184005;37,350471406967;13,5090256640693;11,2722587295039
"Sino_Tibetan";"r1";0,997886176728768;12,9016993443379;37,3365693491691;13,6774095032214;11,3303613327395
"Sino_Tibetan";"r1";0,997980389693726;13,1546324053714;38,4108774933309;13,9564179637193;11,4757078924552
"Sino_Tibetan";"r1";0,99830164729263;12,664721176688;37,6515520412523;13,4579539025472;11,2378107287807
"Sino_Tibetan";"r1";0,997766802725529;12,8765410341263;37,5050172794183;13,6583974228657;11,6350222797797
"Sino_Tibetan";"r1";0,997915808597061;13,345238316505;36,9979424148482;14,0961178116905;11,3145669093823
"Sino_Tibetan";"r1";0,997918404381511;12,6948186784238;37,3470815065188;13,477430196776;11,3541830501128
"Sino_Tibetan";"r1";0,998094212708384;12,8883139097081;38,2038755485323;13,6919825331628;10,938723734918
"Sino_Tibetan";"r1";0,997851432395497;12,8056380710438;36,5281305806635;13,5587330713492;11,4430700864963
"Sino_Tibetan";"r1";0,997998994927629;12,8756932182336;37,2802981508326;13,6504425811733;11,4514974177105
"Sino_Tibetan";"r1";0,997951613108043;12,8467982392609;37,0775333453858;13,6160279251696;11,3693418403087
"Sino_Tibetan";"r1";0,99790797985922;12,3926413914136;37,462689030036;13,1885159196239;11,2506868765037
"Sino_Tibetan";"r1";0,998039810564608;13,0774225875636;38,1337141345902;13,8728604144533;11,627128582677
"Sino_Tibetan";"r1";0,997772053524345;12,756175397115;37,4330873580561;13,5395694276211;11,3295641290448
"Sino_Tibetan";"r1";0,997704868750029;12,1580273503334;37,9907486856132;12,9781137419295;11,1623833507932
"Sino_Tibetan";"r1";0,997935944461384;12,9624084529187;37,3727302980322;13,7373393051446;11,276826082547
"Sino_Tibetan";"r1";0,997337866691473;12,3104865888956;37,2497399295691;13,1022089171709;10,9045210738082
"Sino_Tibetan";"r1";0,997714955932992;13,0472308932607;38,4030743362895;13,8521783041505;11,2686762384246
"Sino_Tibetan";"r1";0,997816543086723;12,5145744936987;36,8586582227823;13,2874025485902;11,3368168544247
"Sino_Tibetan";"r1";0,997768588049895;12,8998429851346;37,3576884500809;13,6762825237043;11,5695639330974
"Sino_Tibetan";"r1";0,997890852850259;13,1891528546623;37,0404383406593;13,9463365208844;11,4729559664568
"Sino_Tibetan";"r1";0,998065788558233;12,6943611168563;38,5438796667049;13,5149807533594;10,9346074960884
"Sino_Tibetan";"r1";0,997862613110856;12,6196389158948;36,9511404435366;13,3920675358199;11,3028946508889
"Sino_Tibetan";"r1";0,997798470673384;13,0471698238031;38,0263933120844;13,8401610456533;11,0954164773427
"Sino_Tibetan";"r1";0,997900355641797;12,6040947040992;37,9790395831707;13,409648509784;11,3405545488814
"Sino_Tibetan";"r1";0,997864548239872;12,8618016932911;37,8589237220314;13,6553611227749;11,3491977823566
"Sino_Tibetan";"r1";0,997726497522652;12,8737630584378;36,8986032669254;13,6364563983897;11,473862894121
"Sino_Tibetan";"r1";0,997900041212699;12,9287533487673;37,3999481758279;13,7056166766105;11,2892889464341
"Sino_Tibetan";"r1";0,997923310004003;12,9604939438406;38,3190225870649;13,7655265991811;10,891823461196
"Sino_Tibetan";"r1";0,997905478605221;12,7257080917039;38,3170272071048;13,5381309207642;11,0751223849498
"Sino_Tibetan";"r1";0,997751538164027;13,3730720518431;36,6617922511299;14,1123965026141;11,9421419788394
"Sino_Tibetan";"r1";0,997776347658869;12,9986717708638;37,1310531494138;13,7647791162146;11,3230582383447
"Sino_Tibetan";"r1";0,997642943980547;13,2130556224246;37,571659281885;13,9863446274868;11,1595047551067
"Sino_Tibetan";"r1";0,997679597032542;12,9995514471445;37,6175186393805;13,781074215152;11,2896092525643
"Sino_Tibetan";"r1";0,997772794594338;13,0305433841592;38,3868388654573;13,8355051454702;10,9814178364796
"Sino_Tibetan";"r1";0,998010394198479;13,4749054992557;36,6833329787671;14,2116809747957;11,7795229670684
"Sino_Tibetan";"r1";0,99804781260307;13,1441539760448;38,0743417604199;13,9355885088821;11,0021016469817
"Sino_Tibetan";"r1";0,99786288473631;13,0389042500989;37,302605475166;13,8091804794661;11,3550249248004
"Sino_Tibetan";"r1";0,997838216183552;12,5995938140213;37,95626671059;13,4045675567696;11,1176401482993
"Sino_Tibetan";"r1";0,997964744907519;12,9335197901313;38,1043184581979;13,7325927637207;10,6485511087163
"Sino_Tibetan";"r1";0,998077552608931;12,8904682193118;37,3851724854662;13,6680778785548;11,3695018390815
"Sino_Tibetan";"r1";0,997999833929006;12,657289786738;38,4075753822211;13,4747591707216;10,7908368542256
"Sino_Tibetan";"r1";0,997872199849128;13,0433291993802;37,1945142586416;13,8100334869758;11,5496018222356
"Sino_Tibetan";"r1";0,998039344080906;12,5714354199653;37,9171238229466;13,3760604486313;11,0805116850115
"Sino_Tibetan";"r1";0,997999072536951;12,9478604072593;38,6568192212185;13,7640178299246;10,774915632053
"Sino_Tibetan";"r1";0,998116505836627;13,0553194997824;38,2979391941794;13,8566725059538;11,0332799056534
"Sino_Tibetan";"r1";0,997965499463519;12,8911957606556;37,1344040317809;13,6608214200564;11,1663626531319
"Sino_Tibetan";"r1";0,997796601999219;12,7094779748171;36,8358676895454;13,475395108618;11,1301437361499
"Sino_Tibetan";"r1";0,997677686462922;13,2073214772283;36,7888427240726;13,9559411993504;11,2319765251386
"Sino_Tibetan";"r1";0,997846855776231;12,7615687986675;38,0505682857497;13,5643941792098;11,1905741083054
"Sino_Tibetan";"r1";0,997764910319189;12,65211799079;36,2109598439757;13,400017732161;11,5928578959062
"Sino_Tibetan";"r1";0,997730169762299;12,4026653651185;38,8637275830054;13,2426990863212;10,6520091046406
"Sino_Tibetan";"r1";0,997756269517401;13,1065379587252;37,2120404983004;13,8717920076006;11,3324659909113
"Sino_Tibetan";"r1";0,997954555778319;12,8494397590038;37,4258489919546;13,6296432267165;11,1740995730074
"Sino_Tibetan";"r1";0,998019898033781;12,6764042665398;36,7756587315674;13,4414599638423;11,8678105500778
"Sino_Tibetan";"r1";0,99773212311378;12,8832900093274;36,5447451493764;13,6344473153607;11,8402303322294
"Sino_Tibetan";"r1";0,998195340864071;13,1083374271007;37,1826154332391;13,8726002209463;11,7947828435432
"Sino_Tibetan";"r1";0,997947159490609;12,5730633858864;36,4175435670158;13,3300310106842;11,4233429368102
"Sino_Tibetan";"r1";0,998010640049844;12,7468689347194;37,2934610163278;13,526125826199;11,2827402428451
"Sino_Tibetan";"r1";0,99777340866742;12,9374406861417;37,553629178198;13,7189069874768;11,6165863035029
"Sino_Tibetan";"r1";0,997554378997843;13,120237825508;37,0334433606181;13,879387207575;11,4851476378712
"Sino_Tibetan";"r1";0,997872199779188;12,4573974241586;37,881274141032;13,2645046215197;11,0987626051463
"Sino_Tibetan";"r1";0,997854694820924;12,5493685922877;36,5774223518265;13,3121639497334;11,8002163967003
"Sino_Tibetan";"r1";0,998129916718141;12,9194991585508;38,004417384262;13,7158457688909;11,2826509119987
"Sino_Tibetan";"r1";0,99791561081727;13,0736488822749;38,3587725743663;13,8763512217064;11,2284436204105
"Sino_Tibetan";"r1";0,998114081149662;13,3241641384279;38,1058471011465;14,1108842324825;11,5314452732794
"Sino_Tibetan";"r1";0,997772022555821;13,069809582293;37,7855395716218;13,8544359311606;11,1458447059505
"Sino_Tibetan";"r1";0,99761363983229;12,6174810231189;37,49934912281;13,4073815977122;11,1974276470491
"Sino_Tibetan";"r1";0,998129708924499;12,4218848484957;36,9662481612423;13,2010709854083;11,3384475873763
"Sino_Tibetan";"r1";0,997891007754214;12,6106008769943;37,9623020002944;13,4154167856705;11,4242738877148
"Sino_Tibetan";"r1";0,99780655369245;12,8265647634299;37,4257386991988;13,607490920121;11,3875885204637
"Sino_Tibetan";"r1";0,99808683612472;12,8421844657236;36,3971574597578;13,5899613861691;12,115297491228
"Sino_Tibetan";"r1";0,997926341613864;12,899413816117;36,9708524367429;13,66358647074;11,887682247693
"Sino_Tibetan";"r1";0,998066034625551;12,8496917631113;37,8104071947617;13,6420954276081;11,0270130235449
"Sino_Tibetan";"r1";0,99791670232567;12,9902184442485;36,6499027941525;13,7413195347217;11,6573757768552
"Sino_Tibetan";"r1";0,997892904092196;12,9295600190749;39,0285387409091;13,7580990261172;10,9311633655204
"Sino_Tibetan";"r1";0,997896791835605;12,747439772771;38,3501503836309;13,5602242366078;10,7814004963132
"Sino_Tibetan";"r1";0,997999943231891;12,5688647978705;36,6522033910707;13,3334152294007;11,3158747246541
"Sino_Tibetan";"r1";0,997910784766377;12,4165208592423;37,8484158701046;13,2238826056189;10,9212584759765
"Sino_Tibetan";"r1";0,997645517824449;12,6243463605072;37,3202626060298;13,4083437016349;11,7952956035987
"Sino_Tibetan";"r1";0,997970771385196;12,48844584438;38,1550659759969;13,3032591818917;11,2045461155334
"Sino_Tibetan";"r1";0,998041930315764;12,8181169697877;37,0179142238505;13,5863645016627;11,6312409455653
"Sino_Tibetan";"r1";0,99785557724218;12,3463032691831;37,5646709817058;13,146886371168;11,1059126717145
"Sino_Tibetan";"r1";0,998058424480633;12,9359989620003;38,3815927645838;13,7437955906537;11,3778919738587
"Sino_Tibetan";"r1";0,998044533541009;13,5044038351554;37,0432659431956;14,2516692989027;11,5025243790553
"Sino_Tibetan";"r1";0,997915978626954;12,9530687378369;37,0534477876846;13,7181601362447;11,4114693486213
"Sino_Tibetan";"r1";0,99790868222822;13,459416933506;38,3785418336915;14,2505002636706;10,9855558284027
"Sino_Tibetan";"r1";0,997671244618016;12,277049439803;37,5143085827411;13,0782322697375;11,5066662513794
"Sino_Tibetan";"r1";0,99793341082053;12,2622920244358;37,8349040058606;13,074120976227;11,053249194601
"Sino_Tibetan";"r1";0,99796146236266;12,9392503365237;37,578439384748;13,7214468142451;11,2878267294556
"Sino_Tibetan";"r1";0,998081695524414;12,6809096209902;38,5932376628721;13,5035232096214;10,8656742344191
"Sino_Tibetan";"r1";0,998025043992477;12,5376682197022;38,2301277832458;13,3533018566401;11,0658474835518
"Sino_Tibetan";"r1";0,997803995051727;12,7164273074464;37,1831575463503;13,4931489023322;11,7438035393152
"Sino_Tibetan";"r1";0,99763511927299;12,9979362112833;37,9387575235471;13,7897083164346;11,1742253367243
"Sino_Tibetan";"r1";0,997918339119915;12,5724850834435;37,6102515282077;13,3673348118487;11,0633431406751
"Sino_Tibetan";"r1";0,997811301000312;12,6199307956973;37,4349210560106;13,4077082642786;11,3548948617005
"Sino_Tibetan";"r1";0,997981726089735;12,7038536085952;37,4678722180072;13,4900129295289;11,337510541625
"Sino_Tibetan";"r1";0,997863100768377;12,5884059557651;37,2497800832758;13,3713067217178;11,6175220815352
"Sino_Tibetan";"r1";0,997904862142336;12,553441870482;37,4972765288337;13,3453096374138;11,4357949852978
"Sino_Tibetan";"r1";0,997884439878683;12,7329864020408;38,2666132167212;13,5435777294909;11,1050441319108
"Sino_Tibetan";"r1";0,997911726388436;12,3893704771775;37,1058129597347;13,1740194448778;11,3499316602355
"Sino_Tibetan";"r1";0,998119121637321;12,9119089892689;37,2341447458231;13,684043457731;11,1282084056993
"Sino_Tibetan";"r1";0,998016758062032;12,5935875296949;36,3916777620359;13,3490824577057;11,5539424633161
"Sino_Tibetan";"r1";0,997602697145695;12,154440082699;36,8302472921747;12,93779904173;11,3776906157545
"Sino_Tibetan";"r1";0,997653679492402;12,9357568344001;37,0248526759753;13,7004900357199;11,5324526654405
"Sino_Tibetan";"r1";0,997995085266769;12,775200180663;37,888440533118;13,5724459061377;11,1438241053791
"Sino_Tibetan";"r1";0,997966841948803;12,4700504441903;37,6938759995781;13,270806811028;11,4817298069792
"Sino_Tibetan";"r1";0,99800152912379;12,6171971821326;37,5651848540903;13,4091967907662;11,161297094527
"Sino_Tibetan";"r1";0,99785654482911;13,1484224629449;37,7476821992232;13,9293513434617;11,5342273973149
"Sino_Tibetan";"r1";0,997714269954648;12,8431224698436;37,9363746055659;13,6397336487554;11,1449287283722
"Sino_Tibetan";"r1";0,997992978866658;12,8091314189912;37,6034191941646;13,5962516658221;11,3866190884673
"Sino_Tibetan";"r1";0,997747926584501;12,8899406521554;38,9367634089062;13,7168239142745;10,8220918427182
"Sino_Tibetan";"r1";0,997948605355148;12,3932785618418;38,2199860914467;13,2131740389721;11,1957602771614
"Sino_Tibetan";"r1";0,998120269185405;12,5466659160624;37,0994644634329;13,3261198382012;11,3702069368067
"Sino_Tibetan";"r1";0,997935807458479;12,4265136209634;37,2666201987154;13,2150884329555;11,5544519377265
"Sino_Tibetan";"r1";0,997781327587378;12,7525975608726;36,5593897142221;13,5083687403441;11,8734448725215
"Sino_Tibetan";"r1";0,997839808135043;12,846498358707;37,6213849993951;13,6330026965067;10,8811388890216
"Sino_Tibetan";"r1";0,997874446459196;12,8544086477624;37,8264680272183;13,6471724375864;11,3352668141805
"Sino_Tibetan";"r1";0,997817067828821;13,1626590000146;38,0943969171586;13,954142743416;11,0944034008879
"Sino_Tibetan";"r1";0,997759194050878;12,4311947272251;38,3042374618734;13,2525611632457;11,3292224265262
"Sino_Tibetan";"r1";0,998100284714389;12,5745244254656;36,8774670028794;13,3460464120502;11,5501483533572
"Sino_Tibetan";"r1";0,997931246504839;13,0378166288405;36,8492244842472;13,7937343385359;11,6970885618939
"Sino_Tibetan";"r1";0,998110791170968;12,3528708585196;36,8543075497655;13,1306942455433;11,347609403741
"Sino_Tibetan";"r1";0,998033777138386;12,6366624994776;36,1676704344669;13,3836786243979;11,7256601792405
"Sino_Tibetan";"r1";0,997951505020459;13,3684673879357;37,7203698606081;14,1415436569094;11,62324931946
"Sino_Tibetan";"r1";0,997769100055806;13,0057179654927;37,6349591434513;13,7875986378089;10,8863566167953
"Sino_Tibetan";"r1";0,997625441410504;12,9517795046181;37,2221967984003;13,7222689425159;11,666197925714
"Sino_Tibetan";"r1";0,997830111746377;13,3659177591248;36,4701691729646;14,0993860579769;11,9429800794455
"Sino_Tibetan";"r1";0,997883733660776;12,6995946999494;37,1788067553624;13,4767125429784;11,750922070681
"Sino_Tibetan";"r1";0,997850929634603;12,5676129596672;36,9873707164434;13,3428433646442;11,3734889613597
"Sino_Tibetan";"r1";0,997968566433374;13,1097763271184;37,0740711607976;13,8705475916797;11,5294580273875
"Sino_Tibetan";"r1";0,997944326176801;12,45785244362;38,389224041221;13,2810705895756;11,1659983072047
"Sino_Tibetan";"r1";0,99787945235658;12,8539047007898;37,9201962709244;13,6496599887306;11,2977619778092
"Sino_Tibetan";"r1";0,997803985305232;12,8571678640805;37,4334918939319;13,637368626933;11,1574591892195
"Sino_Tibetan";"r1";0,997905032698864;13,4242339630745;37,4335920325078;14,1864358065486;11,391175910646
"Sino_Tibetan";"r1";0,997780797214007;12,7534903833932;36,848042450385;13,5183967982184;11,3972824063463
"Sino_Tibetan";"r1";0,997808594299642;12,8978089394985;37,8280199704259;13,6892442103216;11,4123500672324
"Sino_Tibetan";"r1";0,998224745180917;13,1124036230613;37,6543564250066;13,8915132358215;11,0166438189535
"Sino_Tibetan";"r1";0,997802033512166;13,0063776747323;36,1901256676968;13,742369674509;11,55290337579
"Sino_Tibetan";"r1";0,997780087576976;12,8729771367058;37,5659142422968;13,6568799019627;11,3513195958343
"Sino_Tibetan";"r1";0,997728946111225;13,0155353659666;37,8091062436538;13,8026328541472;10,9441500737401
"Sino_Tibetan";"r1";0,997791487552626;13,1167164407837;36,8742056981345;13,8709224489535;11,4258650106929
"Sino_Tibetan";"r1";0,998037469577728;13,3721271534033;37,062364638764;14,1241981846846;11,537597010172
"Sino_Tibetan";"r1";0,997710651861878;13,0008805544599;38,5393700094671;13,8116262514443;11,1196252553871
"Sino_Tibetan";"r1";0,997897215341391;12,8462716938443;36,3648066491136;13,5928918511544;11,8670602334189
"Sino_Tibetan";"r1";0,997711993439852;13,1622090234305;36,3761708886623;13,8991601937553;11,8484665804674
"Sino_Tibetan";"r1";0,997805901327448;13,133744975855;38,2355167766035;13,9306266203232;11,1985590585617
"Sino_Tibetan";"r1";0,997714738498006;12,5988964574467;37,3195205493045;13,3836781746486;11,4601695608408
"Sino_Tibetan";"r1";0,997793646445229;12,9485977206354;36,8894849096337;13,7086258853655;11,5392084761903
"Sino_Tibetan";"r1";0,997924380982116;13,1195146539919;37,6163636775389;13,8971924007711;11,1699196689862
"Sino_Tibetan";"r1";0,997953884277622;13,1745317391942;37,3556426178385;13,942186052802;11,6458723010926
"Sino_Tibetan";"r1";0,997763457681745;12,61515776279;36,9258511538968;13,3869258069521;11,5157534991181
"Sino_Tibetan";"r1";0,997831087991753;13,0455995048228;37,1393753467294;13,8104812775818;11,1867146065855
"Sino_Tibetan";"r1";0,998058254781453;12,6441418218498;38,1756799565645;13,4546668419995;10,9939155085347
"Sino_Tibetan";"r1";0,99793468391833;12,7764470202665;37,7507137039421;13,5692808832403;11,4468443214147
"Sino_Tibetan";"r1";0,997776228649785;12,5733994404267;36,5819619050938;13,3355760266066;11,3819212474278
"Sino_Tibetan";"r1";0,997990852404756;13,0041363714949;37,3376799387556;13,7766298180746;11,5534682546875
"Sino_Tibetan";"r1";0,997914591578853;12,9415058532531;37,0827872032;13,7078957373784;11,1931776583968
"Sino_Tibetan";"r1";0,997952156038733;12,8696091361465;37,413286716434;13,6487735037746;11,5475616322603
"Sino_Tibetan";"r1";0,997908713801487;12,6054879994885;36,8702177622109;13,3757968808447;11,3125584297314
"Sino_Tibetan";"r1";0,99786843710795;13,3732332402516;36,8691208800087;14,1191344351645;11,2254950357119
"Sino_Tibetan";"r1";0,997870536648778;12,8102283296175;36,8321976628506;13,5728305306725;11,6771223172961
"Sino_Tibetan";"r1";0,998206732383919;13,0720702156227;37,1368774941486;13,8360323514489;11,6285004886544
"Sino_Tibetan";"r1";0,997716550883636;12,6630252508795;37,7510199501185;13,4594695270459;11,4170595503035
"Sino_Tibetan";"r1";0,997809789416964;12,9793693701926;36,4881488606144;13,7256798302059;11,7750792231087
"Sino_Tibetan";"r1";0,998014934190747;13,0631066495072;37,6087805381977;13,8423343920053;11,7015528090473
"Sino_Tibetan";"r1";0,997801638474245;12,9276721520149;38,1507904942479;13,7284060676413;11,1486467719662
"Sino_Tibetan";"r1";0,997777963368739;12,7109343736358;37,7148227376057;13,5047086074127;10,9968965967576
"Sino_Tibetan";"r1";0,998102955824873;13,0744154585845;38,4383792295887;13,879620657664;10,6794661117976
"Sino_Tibetan";"r1";0,997829303810251;12,8375982399943;37,8804564739904;13,6326096125022;11,1364969930501
"Sino_Tibetan";"r1";0,997957869331818;12,6514819453847;38,6548000260515;13,4769841066757;10,9235254476889
"Sino_Tibetan";"r1";0,99752943387669;12,7651615732771;36,211137530643;13,5094782703363;11,754752146182
"Sino_Tibetan";"r1";0,997717176980494;13,3397280339866;37,4765238369341;14,1059755197944;11,5679297096738
"Sino_Tibetan";"r1";0,997831255595502;13,0492700671171;38,3343733224796;13,8519717577635;11,1119662650656
"Sino_Tibetan";"r1";0,998072873196674;12,7124906872077;38,2635762854592;13,5236362617553;11,3501389979056
"Sino_Tibetan";"r1";0,997890228683105;12,451973683415;38,427030430411;13,2765786595101;11,0653538968739
"Sino_Tibetan";"r1";0,997668392097181;12,7759715721847;38,0440446415812;13,5781326220068;11,0919909524682
"Sino_Tibetan";"r1";0,997869645768358;13,4367952582615;37,3678746230774;14,1965120634938;11,5582382867
"Sino_Tibetan";"r1";0,997967782671682;12,6925836808672;37,5974404306214;13,4832140538753;11,3206156076127
"Sino_Tibetan";"r1";0,997889761268059;12,8304414737338;38,4241059547086;13,6429387588441;10,8430788739293
"Sino_Tibetan";"r1";0,997787260848279;12,62550375018;36,692397072817;13,3895321096288;11,640939871433
"Sino_Tibetan";"r1";0,998116517710491;13,2064266309702;37,7507380318077;13,9856111198857;11,3871349314801
"Sino_Tibetan";"r1";0,997962259334043;12,8749623877282;37,4323717198858;13,6545626839871;11,2164376619152
"Sino_Tibetan";"r1";0,998108515909894;13,07951902374;36,7669600275733;13,83150127783;11,846748539437
"Sino_Tibetan";"r1";0,997972372020567;12,4043666966816;36,810239623652;13,1791563134109;11,363785651496
"Sino_Tibetan";"r1";0,997978742500432;13,1878785993209;36,7851023942572;13,9369968150331;11,5930315999671
"Sino_Tibetan";"r1";0,997851877285018;12,7882630207346;37,9651970492736;13,5875307676724;11,2560191953417
"Sino_Tibetan";"r1";0,997884097736405;12,9724861224709;36,9241590610355;13,7328566919491;11,4520910770253
"Sino_Tibetan";"r1";0,998036158115448;12,8534237052009;38,1335421399104;13,6559671475726;11,0990738385911
"Sino_Tibetan";"r1";0,997839763041874;12,6296103268594;37,0013604015439;13,4033166784367;11,7252711704334
"Sino_Tibetan";"r1";0,997947394885764;12,6892489096315;37,3788720941253;13,473046471044;11,3643013598795
"Sino_Tibetan";"r1";0,997925625819605;12,7748762192956;37,2621929579894;13,5522513538573;11,2225519792639
"Sino_Tibetan";"r1";0,997958727136771;12,3645066113397;37,8904015730036;13,1748524831385;10,9190060087541
"Sino_Tibetan";"r1";0,997731635798174;12,9802060877006;37,3221826912121;13,7529672497168;11,311014076778
"Sino_Tibetan";"r1";0,99807918685354;12,7093421454089;38,1755596557759;13,5177934949444;11,201993492145
"Sino_Tibetan";"r1";0,997624719710573;12,9351149341148;37,4605824783434;13,7137012053602;11,1926425672377
"Sino_Tibetan";"r1";0,997873424983111;12,6844661063336;37,4111502186585;13,4694402051376;11,5586762723425
"Sino_Tibetan";"r1";0,997999932329986;12,7205115500386;37,0555780309985;13,4930533430849;11,2913966255395
"Sino_Tibetan";"r1";0,997782514025303;12,7046356022538;36,3798089563229;13,4562284071449;11,8316578997508
"Sino_Tibetan";"r1";0,998173900141254;12,8803595385241;37,1510349333741;13,6508571701066;11,3176223958586
"Sino_Tibetan";"r1";0,997790702508446;12,3999150960816;36,4898223659708;13,1646740570305;11,9733061808068
"Sino_Tibetan";"r1";0,998281265464336;13,5001866890984;38,2564899299752;14,2861010776977;10,8556858502597
"Sino_Tibetan";"r1";0,998128285951563;12,5542532348018;36,3967001833;13,3111563125319;12,1407358589303
"Sino_Tibetan";"r1";0,997825600246348;13,1633053522593;38,6718917284946;13,9731017451556;10,9249608074146
"Sino_Tibetan";"r1";0,99791012978989;12,940949574456;36,8292998300069;13,6993099000291;11,4760768681242
"Sino_Tibetan";"r1";0,997916583438747;12,8589159307323;37,5220778164874;13,641873450915;11,2110349072054
"Sino_Tibetan";"r1";0,998014971475867;12,8805210441495;38,5091188438786;13,694127323506;11,1051863590554
"Sino_Tibetan";"r1";0,998006945668391;12,7624626200659;36,3806786209354;13,5122472550141;11,8417157419772
"Sino_Tibetan";"r1";0,997889144418442;12,768757390748;37,917569461418;13,5671323771185;11,2059505458034
"Sino_Tibetan";"r1";0,997722729771188;13,272857707761;37,5418301864462;14,0433012785129;11,3536131702887
"Sino_Tibetan";"r1";0,997826401641878;13,3494980783885;37,6604816397071;14,1212753343034;11,4457465105338
"Sino_Tibetan";"r1";0,997624137272485;13,1565398394671;36,3516219160138;13,8928916514209;11,5712207874676
"Sino_Tibetan";"r1";0,998124248785962;12,8682674383043;36,7309281313185;13,6258122222095;11,400885073048
"Sino_Tibetan";"r1";0,99785575911569;13,1990979519719;37,786500225477;13,9796504050991;11,1946994246589
"Sino_Tibetan";"r1";0,997905013510367;12,6131385672339;36,3820795401134;13,3677081219285;12,0846097633001
"Sino_Tibetan";"r1";0,997842052175665;12,9160697184756;37,6105696827174;13,7000220982928;11,5116606802226
"Sino_Tibetan";"r1";0,997758354784693;12,8387972001156;37,5411976735828;13,6230003897494;11,2491465448769
"Sino_Tibetan";"r1";0,998074798641797;13,0532001782917;38,5553189755164;13,8627912512195;10,9110028537307
"Sino_Tibetan";"r1";0,997779435672197;12,9039081149458;36,5548907617378;13,6547329608757;11,0266625482249
"Sino_Tibetan";"r1";0,997944669811737;13,0074888538816;38,0699609998788;13,8031228902624;11,0856104499026
"Sino_Tibetan";"r1";0,997948382993566;13,2501549563223;38,1557056902533;14,0408073605741;11,2711275851204
"Sino_Tibetan";"r1";0,997581728957377;12,9530823949768;37,0466637929617;13,7179579949129;11,264439072145
"Sino_Tibetan";"r1";0,997812113917351;12,8380495094919;36,881372165764;13,601329593818;11,5439013336384
"Sino_Tibetan";"r1";0,997764611179705;13,1255613337699;37,9383189942284;13,9132679261654;10,8974467772035
"Sino_Tibetan";"r1";0,997906623129416;12,5525923870089;37,3528672187545;13,3399026991278;11,29275008715
"Sino_Tibetan";"r1";0,998187461076111;12,7211789468616;37,0310805602278;13,4929218552224;11,414357280226
"Sino_Tibetan";"r1";0,998178165738961;12,5593352137876;37,5284800311167;13,3520064778298;11,0816958674345
"Sino_Tibetan";"r1";0,998056556735969;13,136937179733;37,3045330559858;13,9041624456458;11,7587742963117
"Sino_Tibetan";"r1";0,997895131499386;12,7850993238312;38,2152503488264;13,5924057055771;11,1917104364078
"Sino_Tibetan";"r1";0,997847371858117;12,747106565943;38,4130302564552;13,5618977942132;11,3140287887567
"Sino_Tibetan";"r1";0,997995901495892;12,9278828715737;37,7450335898277;13,7157289261215;11,3739695634296
"Sino_Tibetan";"r1";0,997849590412507;13,0349948985148;37,5187876902224;13,8122581617436;11,5563707958302
"Sino_Tibetan";"r1";0,997945213828643;13,2097440043583;38,1450071077454;14,0013396584341;11,3495419735277
"Sino_Tibetan";"r1";0,99777759174444;13,0126216485435;37,3476468061548;13,7851621297375;11,6282746012208
"Sino_Tibetan";"r1";0,997918417276183;12,5492895454064;37,5286727711095;13,3422858382859;11,3181893230008
"Sino_Tibetan";"r1";0,998109477967171;12,9692592625618;36,9319413562206;13,7299793290271;11,555511374386
"Sino_Tibetan";"r1";0,997993975945262;12,7304393872823;37,4699329461313;13,5158201351823;11,233507275826
"Sino_Tibetan";"r1";0,99773768977805;13,0413968469551;37,0924817620218;13,8049233521954;11,5770383745515
"Sino_Tibetan";"r1";0,998003889617588;13,0761891055803;37,1177235555367;13,8394124214519;11,1954436878339
"Sino_Tibetan";"r1";0,997916332601491;13,4001416748263;37,4710725872373;14,1642982117282;11,1424943363866
"Sino_Tibetan";"r1";0,997800191804354;12,9635253157175;37,7769538382891;13,7512532053229;11,4000018409764
"Sino_Tibetan";"r1";0,997601882164647;12,4671318461849;38,1929809191092;13,2838254675476;11,1706809230283
"Sino_Tibetan";"r1";0,997711181250584;12,5385723551402;37,267943459409;13,3236317552757;11,5242849665534
"Sino_Tibetan";"r1";0,998014055692603;13,0680292709627;38,3154838977259;13,8695357670504;10,8819196298625
"Sino_Tibetan";"r1";0,998007991267365;12,9326442121465;36,113657304368;13,6685493896774;11,8870669708948
"Sino_Tibetan";"r1";0,997887039761407;12,5426943256297;36,7163793539815;13,3101128979583;11,6016975099345
"Sino_Tibetan";"r1";0,997893275669657;12,5883476997534;36,565570129091;13,3495293641769;11,7407017529665
"Sino_Tibetan";"r1";0,997811230916761;12,5492346618533;38,390939493387;13,3696062438067;11,0172847755787
"Sino_Tibetan";"r1";0,997696308787368;12,8911093008116;38,0177556266889;13,6887806127442;11,1231473866485
"Sino_Tibetan";"r1";0,998035065784028;12,7787630002059;37,7406677757466;13,5712044216516;11,2451957093283
"Sino_Tibetan";"r1";0,997920439725238;12,9618725013549;38,0231690924222;13,7574692185317;11,1503606587812
"Sino_Tibetan";"r1";0,997772018897576;12,5247649092894;37,6149517129068;13,3212787760709;11,2007126640398
"Sino_Tibetan";"r1";0,997650320229643;12,4898565084241;37,2990435886725;13,2774497490669;11,2212270845383
"Sino_Tibetan";"r1";0,997885412938843;12,8479181844015;38,1894491865867;13,6524112320899;11,1057459167614
"Sino_Tibetan";"r1";0,998006800918565;12,7064678113096;37,1823333216489;13,4834794148124;11,4133846696779
"Sino_Tibetan";"r1";0,997724633400245;12,9358628526325;37,2432485348946;13,7075258901646;11,2394261474124
"Sino_Tibetan";"r1";0,997965757764132;12,632068601081;38,4903464966152;13,4529663120504;11,0144865770621
"Sino_Tibetan";"r1";0,99797122016782;13,0219832288051;37,6684087246218;13,8044094350214;11,3618396456528
"Sino_Tibetan";"r1";0,997912374244261;12,6649415977161;38,5820652936727;13,4877074293338;10,8287116002763
"Sino_Tibetan";"r1";0,998077496179559;12,907988680993;38,1771672828502;13,7101848270837;11,1175980949996
"Sino_Tibetan";"r1";0,997961835174835;13,5140945785995;37,8538481771742;14,2867851690304;11,2983481104659
"Sino_Tibetan";"r1";0,998056002639372;12,7244403393406;36,4743438410888;13,4784055298722;11,671164377403
"Sino_Tibetan";"r1";0,997917513190188;12,9038010532623;37,3017005535514;13,6783375453349;11,1962189946878
"Sino_Tibetan";"r1";0,997878774927362;12,4820284503874;38,5401717832208;13,3092710958742;10,6961975119403
"Sino_Tibetan";"r1";0,998097698564033;12,9126912995228;38,089882406287;13,7119672076741;11,3419908203858
"Sino_Tibetan";"r1";0,998009077783091;12,6376749487333;37,5691364753154;13,4291499178311;11,5006986735357
"Sino_Tibetan";"r1";0,997781635743217;12,7815779078128;37,8123457215256;13,5762054574545;11,1098641447174
"Sino_Tibetan";"r1";0,997987788982658;13,0756388857153;37,4366399237797;13,8490039980348;11,214824467951
"Sino_Tibetan";"r1";0,997984479297649;12,7946303080863;37,9304659737097;13,5925933450902;11,1410579829489
"Sino_Tibetan";"r1";0,997815602242321;12,9526819460279;37,4458161831881;13,7302417630806;10,8663884779007
"Sino_Tibetan";"r1";0,997837019125003;12,7363604165554;36,4396782425583;13,488846696746;11,5169219464877
"Sino_Tibetan";"r1";0,997824659301252;13,2431925314725;37,0680083327034;13,9995358902417;11,4154334964233
"Sino_Tibetan";"r1";0,997837043238154;12,9487376302099;37,4721649711753;13,7272591330977;11,1139480693695
"Sino_Tibetan";"r1";0,997916993460424;13,100798846364;37,8219722425415;13,8855980017982;11,2156193960497
"Sino_Tibetan";"r1";0,997892370014556;12,496510928229;37,2093372407571;13,2810450968807;11,3675604582468
"Sino_Tibetan";"r1";0,997837023161842;13,0255161027786;36,7828744019008;13,7797179535444;11,5565877290732
"Sino_Tibetan";"r1";0,99792019081237;12,6617050654282;37,1613304656677;13,4394709511501;11,5266367469512
"Sino_Tibetan";"r1";0,998125281563686;12,7478995615667;37,6876323409205;13,5396371101176;11,4901678922702
"Sino_Tibetan";"r1";0,998091191846386;12,7918455137776;37,6426077217249;13,5807585997442;10,9779153325681
"Sino_Tibetan";"r1";0,997852840489234;12,7316145674918;37,0180983286978;13,5026140519746;11,4517957242447
"Sino_Tibetan";"r1";0,997895991898274;12,5715221513119;37,9585136876909;13,377458390562;11,1707442198234
"Sino_Tibetan";"r1";0,998103162851166;12,9250721841095;37,3584348972179;13,7007344924622;11,5029599149816
"Sino_Tibetan";"r1";0,997839156645473;13,2762426006959;38,0175021566936;14,0616794119974;11,0234718907884
"Sino_Tibetan";"r1";0,997898576938029;12,7726495864451;38,788212343711;13,5985404676282;10,8736859215735
"Sino_Tibetan";"r1";0,997632311817609;12,5131601770816;36,5435982122934;13,2760312258185;11,40964720821
"Sino_Tibetan";"r1";0,997782958821001;12,4201846614933;37,4572824148278;13,2150131615992;11,2271952291168
"Sino_Tibetan";"r1";0,997949571348764;12,9103477720576;37,1332687553177;13,6793293905738;11,4570028176487
"Sino_Tibetan";"r1";0,998125090030804;13,1855856206937;37,3530385333776;13,9528063480805;11,9789019233997
"Sino_Tibetan";"r1";0,997930794608164;12,989572863422;37,7960276796308;13,7770793655238;11,3501491155049
"Sino_Tibetan";"r1";0,99812648883955;12,371594198752;37,6684456513611;13,1746688480412;11,3076021130674
"Sino_Tibetan";"r1";0,997902344275594;12,7779834455042;38,08382444349;13,5813434771863;11,2191231927877
"Sino_Tibetan";"r1";0,997982043270212;12,9448575302046;36,4223635220969;13,6901751807408;11,7952156738505
"Sino_Tibetan";"r1";0,998126456628474;12,507738541159;37,465488027188;13,300048048652;11,6236075924444
"Sino_Tibetan";"r1";0,997817127122885;13,1996784357229;37,7217069119888;13,9781555302075;11,4407881929509
"Sino_Tibetan";"r1";0,997759318493185;12,433436204127;37,02757881163;13,2142026361113;11,3254335580543
"Sino_Tibetan";"r1";0,997812392591194;12,208963360337;35,9232611399934;12,9617982104848;11,7015904847838
"Sino_Tibetan";"r1";0,998043187311102;13,5202464034211;37,3229361071658;14,2758873463971;11,7002408147497
"Sino_Tibetan";"r1";0,997687999581293;12,8850310452989;36,9115010525591;13,6477761248944;11,5931916901791
"Sino_Tibetan";"r1";0,997927657933323;12,9286811383631;37,1859304874991;13,6987525462722;10,9798004658753
"Sino_Tibetan";"r1";0,998037258840708;12,6075822030971;37,2780656680521;13,3907721543655;11,4194236363799
"Sino_Tibetan";"r1";0,998019118263209;12,6113881953103;37,7085796999425;13,4081244335526;11,5759248137776
"Sino_Tibetan";"r1";0,99773247088471;12,6009827627987;37,451525995215;13,3898888971611;11,4917444316473
"Sino_Tibetan";"r1";0,997807453847394;12,8420690343233;38,1853783748588;13,6466185371975;11,3306975363004
"Sino_Tibetan";"r1";0,997839346955032;13,0558925880912;37,6465741572586;13,8365491458426;10,797087732889
"Sino_Tibetan";"r1";0,997967325036847;12,7102442485928;37,8542917633799;13,508467979221;11,0572854189002
"Sino_Tibetan";"r1";0,997635501631742;12,7173531470036;37,4895728244185;13,5037728193025;11,6923587922058
"Sino_Tibetan";"r1";0,998038502303689;13,0465345740837;37,6065400749794;13,8262172883979;11,1041455141165
"Sino_Tibetan";"r1";0,998094469233345;12,5657756015367;37,7459130337234;13,3651450438283;11,4851593870573
"Sino_Tibetan";"r1";0,997938065130717;12,805666663475;37,433427351864;13,5875003361223;11,195779554019
"Sino_Tibetan";"r1";0,998161317806175;12,6291993955186;37,8482910866338;13,4298054809508;11,1180665367405
"Sino_Tibetan";"r1";0,99780157866688;12,8766435339545;37,5949692499438;13,6613522868431;11,4059834330385
"Sino_Tibetan";"r1";0,997785034458219;12,7561079268131;37,5248205635522;13,5424162644874;11,4380875307287
"Sino_Tibetan";"r1";0,998028901060986;12,7557251637567;37,4933794179247;13,5410475210318;11,0466617160726
"Sino_Tibetan";"r1";0,997721905423333;12,9501141315981;36,9109363530846;13,7107751545024;11,5155717551247
"Sino_Tibetan";"r1";0,997722996128365;13,0980167115072;37,469048935706;13,8717002741801;11,0648058759987
"Sino_Tibetan";"r1";0,997866243477787;12,6420660007334;36,6463946835902;13,4041081811416;11,55004814236
"Sino_Tibetan";"r1";0,99809055866171;13,110930435505;36,8704971139374;13,8652023935505;11,6684081791581
"Sino_Tibetan";"r1";0,997857420721825;12,9877992811236;37,2361653898728;13,7575886814014;11,281493016979
"Sino_Tibetan";"r1";0,997979605879089;12,7727071524306;38,3310168870982;13,5840820646423;10,7843958821059
"Sino_Tibetan";"r1";0,997985389746625;13,1723130126837;36,8825476471771;13,9250188740962;11,4209727678998
"Sino_Tibetan";"r1";0,997991639403823;13,0455574165353;38,0817258838017;13,8403564154961;11,135542501541
"Sino_Tibetan";"r1";0,997965433273421;12,9718741042205;37,2457308749406;13,7424727318624;11,3624204270005
"Sino_Tibetan";"r1";0,99799028308235;12,849428547206;38,3671652143975;13,6595154255296;10,925737777407
"Sino_Tibetan";"r1";0,997998697051745;12,946932096923;37,6157560828915;13,7300693663188;11,1449907216652
"Sino_Tibetan";"r1";0,99788264837588;12,9955637553502;37,0620487893535;13,759579153255;11,4106804042916
"Sino_Tibetan";"r1";0,997982634418852;12,5237464966126;38,1271581399831;13,3365532154497;11,1228207236157
"Sino_Tibetan";"r1";0,997953524003928;12,8389000254863;37,4542353864608;13,620339243295;11,4367322633979
"Sino_Tibetan";"r1";0,997940912439352;13,0385562265011;37,7373436007963;13,822644714574;11,3270970674066
"Sino_Tibetan";"r1";0,998108924042266;13,040477864951;38,604791780048;13,8520433860652;11,2318686326775
"Sino_Tibetan";"r1";0,998202829174177;13,0390545396573;37,0870720212808;13,802483666058;11,3758711625118
"Sino_Tibetan";"r1";0,99798594729951;13,0215209525287;37,7646475821995;13,8070170360103;11,4028765829665
"Sino_Tibetan";"r1";0,997898432580833;12,6444405757204;37,1108318878554;13,4211514110262;11,7016003956944
"Sino_Tibetan";"r1";0,997665177623776;13,129843195392;37,591923938885;13,9064171872489;11,2952780208627
"Sino_Tibetan";"r1";0,997646727035767;13,0370418298148;37,3792849489774;13,8098114526453;11,329772185259
"Sino_Tibetan";"r1";0,997563063526;13,2039293036725;38,2729043448503;13,9997697811702;10,9251392437533
"Sino_Tibetan";"r1";0,997717999504067;12,8854962242765;37,4844045766434;13,6664139497484;11,0939010897138
"Sino_Tibetan";"r1";0,997750232525628;13,0145553277119;37,6050680698872;13,7952065258762;11,2895459426075
"Sino_Tibetan";"r1";0,997867383196313;12,6892401219237;37,387844304346;13,4733227943816;11,3123397495916
"Sino_Tibetan";"r1";0,99781174117111;12,8581386954811;37,1629031132332;13,6297185182668;11,7662259320799
"Sino_Tibetan";"r1";0,997932352879038;12,9121343839865;38,4340235834801;13,7223530887324;10,800716735258
"Sino_Tibetan";"r1";0,997866684270628;12,4266621214169;38,6613935356751;13,2595107377425;11,0411356128426
"Sino_Tibetan";"r1";0,997793665080229;12,6237885732459;37,6398508510993;13,4179492804793;11,6765044430362
"Sino_Tibetan";"r1";0,997881435815148;13,1440870547417;37,3240520362269;13,9117049906619;11,7583657884746
"Sino_Tibetan";"r1";0,997936007792987;13,2876949459947;36,2139918189214;14,0155138943416;11,8506843093087
"Sino_Tibetan";"r1";0,997969281893621;13,1226123915811;36,6834763569162;13,8705763269886;11,9352022033547
"Sino_Tibetan";"r1";0,997920637032403;12,9812597422625;37,5895444173496;13,7624751287732;11,3909570554265
"Sino_Tibetan";"r1";0,997708196759367;13,0980960705206;36,7023647788202;13,8474379342762;11,3787680862187
"Sino_Tibetan";"r1";0,997553147458003;12,4419257705029;37,4734349344218;13,2365768550718;11,0150602544872
"Sino_Tibetan";"r1";0,997896232599709;12,5021078733297;37,5881865659944;13,2984913238905;11,3120265622576
"Sino_Tibetan";"r1";0,998014585801692;12,6881829749618;37,5319569751109;13,4768742130617;11,6326491885833
"Sino_Tibetan";"r1";0,997893210870015;12,9783964314461;37,8610576998873;13,7683221859998;11,3782032730162
"Sino_Tibetan";"r1";0,997841620576785;12,7366969203283;37,4114174980815;13,5200213831141;11,5061497001183
"Sino_Tibetan";"r1";0,997976560297756;12,7981739327319;38,2354467001327;13,6057064015383;11,0922460224024
"Sino_Tibetan";"r1";0,99779715088241;13,0570441463621;37,599339561587;13,8361646357343;11,0921542958463
"Sino_Tibetan";"r1";0,997918095396755;13,0566046434019;38,966346994846;13,8791361466224;10,793354349734
"Sino_Tibetan";"r1";0,997672043269983;12,6514908460131;36,943212800151;13,4226566223349;11,5851982359672
"Sino_Tibetan";"r1";0,997759839266516;12,5899085037061;37,399134971632;13,3775029947513;11,1857511382913
"Sino_Tibetan";"r1";0,998045360038222;12,9768394836624;38,2034211601441;13,7776833464078;11,1676120967803
"Sino_Tibetan";"r1";0,997740457656881;12,7703714540798;37,282293730993;13,548527716839;11,3049457714778
"Sino_Tibetan";"r1";0,997648688426278;12,6218128905858;38,0816988881097;13,4300632397136;11,1745524983401
"Sino_Tibetan";"r1";0,997865407516459;12,8582359238267;37,2395045018272;13,6322444501124;11,6441673594657
"Sino_Tibetan";"r1";0,997695135513387;13,0149794563874;38,306911194534;13,8178979242651;11,0975262251211
"Sino_Tibetan";"r1";0,997642262663217;12,9926764622703;37,5820209287055;13,7732905723158;10,9644644783838
"Sino_Tibetan";"r1";0,997757155490733;12,8695974261667;37,9982422714345;13,6673321831593;10,8981943579718
"Sino_Tibetan";"r1";0,997832311027217;13,2209753320332;37,2276424303181;13,9830917478518;11,4519722098745
"Sino_Tibetan";"r1";0,997992803423349;12,6659673024715;37,4463364530213;13,4526456882032;11,0468633470237
"Sino_Tibetan";"r1";0,997749321164689;12,6093964801454;38,0194028070387;13,4160633476658;10,9639824804298
"Sino_Tibetan";"r1";0,998007078553797;13,2120763615357;37,6628913274574;13,9882927096602;11,4841332024023
"Sino_Tibetan";"r1";0,997754690407183;12,5985159012754;38,3217573848429;13,4151267420235;11,0106792920674
"Sino_Tibetan";"r1";0,997748550769485;13,029474249243;37,2421467986359;13,7981305206523;11,5304193427825
"Sino_Tibetan";"r1";0,997992156962418;12,7137890111038;37,5555936163094;13,5024177287293;11,7028626847933
"Sino_Tibetan";"r1";0,998021890743487;12,6963468609016;36,7808462054573;13,4609341416811;11,5179602847805
"Sino_Tibetan";"r1";0,997723007287347;13,1939407480429;36,4767426214721;13,9330773154534;11,4807325314632
"Sino_Tibetan";"r1";0,997693031645997;12,9395367723596;37,8427036679564;13,730113499204;10,9163500104341
"Sino_Tibetan";"r1";0,998062071314881;12,4894956538356;37,2850113418891;13,2766548820278;11,2571201416475
"Sino_Tibetan";"r1";0,997882196240288;13,1979571513718;36,5000028057896;13,9377046324644;11,5349783762888
"Sino_Tibetan";"r1";0,997732073307115;12,7010274635348;38,2677233317193;13,5126686022073;11,2224762301968
"Sino_Tibetan";"r1";0,998224464201633;12,5007534112232;37,8154578226089;13,3043948211085;11,2676090696791
"Sino_Tibetan";"r1";0,997712149124217;12,8052788257836;38,1835386371745;13,6109378674151;10,6131432414377
"Sino_Tibetan";"r1";0,99776677594593;12,8620855219814;38,5775671974911;13,6784500196166;10,981795804642
"Sino_Tibetan";"r1";0,998018086539744;12,9563880122748;38,8785904872418;13,7793150749721;10,5383788775151
"Sino_Tibetan";"r1";0,997632181475588;12,9383630444318;37,7316829522887;13,7254525653162;11,3257588466626
"Sino_Tibetan";"r1";0,997974234701078;13,1787273659085;38,6066881564717;13,9859642164026;11,0321051958145
"Sino_Tibetan";"r1";0,997998233476354;13,1473311057406;36,8377088540291;13,8994065898133;11,5612624871318
"Sino_Tibetan";"r1";0,997870587637854;12,7329634066462;37,5482539715242;13,5207504087058;11,3455353914078
"Sino_Tibetan";"r1";0,99772246018803;13,2874066823199;36,8557763799643;14,0356088949436;11,6108754163299
"Sino_Tibetan";"r1";0,99794221983039;12,8626337208785;37,4829780988956;13,6442319551012;11,5250060283507
"Sino_Tibetan";"r1";0,997981422287899;12,7906914817326;38,449305982758;13,6052506722413;11,366122544874
"Sino_Tibetan";"r1";0,998191507910567;13,1074492101829;36,9339817551533;13,8638470687533;11,6880911419214
"Sino_Tibetan";"r1";0,997718729870622;12,7865989388753;37,6078531461149;13,5745752629146;11,2681500163037
"Sino_Tibetan";"r1";0,998091464048631;13,0244153469912;37,6030472740274;13,8046893764209;11,4334443914983
"Sino_Tibetan";"r1";0,997700023192603;12,7927304958419;36,6621059185442;13,5504884457689;11,4232550228198
"Sino_Tibetan";"r1";0,997574984112475;12,8302156675754;37,8964311905068;13,6259685413192;10,7555480905603
"Sino_Tibetan";"r1";0,997846356226407;13,0203368361763;37,0648870451011;13,7836558904279;11,4056156737608
"Sino_Tibetan";"r1";0,997632547496915;12,8996880983994;37,6688950114352;13,6860121273847;11,3796522500659
"Sino_Tibetan";"r1";0,997652832257527;12,7729223303893;37,8741062659156;13,5697853124695;11,4336846590895
"Sino_Tibetan";"r1";0,997665122822621;12,5264107083687;37,0588075703881;13,3052169579566;11,5189713316421
"Sino_Tibetan";"r1";0,998043163836773;12,9299010079838;37,4190928242273;13,7073356688169;11,5145390180145
"Sino_Tibetan";"r1";0,99795098747768;12,613507444432;37,0609427828288;13,3896165027938;11,4170080501803
"Sino_Tibetan";"r1";0,997540692813657;12,7462174600148;38,9146673734347;13,5769619017107;10,8819495579505
"Sino_Tibetan";"r1";0,997871938457807;12,5614526044673;36,7060364062489;13,3279473283333;11,8307358633223
"Sino_Tibetan";"r1";0,998012621233866;12,8143009808551;38,1697028750088;13,6192343743203;11,1445091281603
"Sino_Tibetan";"r1";0,997854519219823;12,991837978884;37,7150444926332;13,7767016777332;11,6100780650076
"Sino_Tibetan";"r1";0,997870720693685;12,8438084775041;37,0974856269021;13,6137664822469;11,5664275666513
"Sino_Tibetan";"r1";0,997898851610231;12,8917275208927;38,4210399753652;13,7021818845267;10,7817209836606
"Sino_Tibetan";"r1";0,997754116305429;12,8906421825898;36,6642747824565;13,6453606778236;11,3614164149939
"Sino_Tibetan";"r1";0,997981324245823;12,3167530482799;38,7927727121104;13,1572616090364;11,1366171689577
"Sino_Tibetan";"r1";0,99768212766643;12,972676841236;37,7079498404979;13,7579236031173;11,4568713625911
"Sino_Tibetan";"r1";0,997695903026376;12,8753123326013;37,5562757389104;13,6588349804206;11,7287742323736
"Sino_Tibetan";"r1";0,998189362759671;12,6296379088047;37,6743460538838;13,4247080086485;11,5646642670515
"Sino_Tibetan";"r1";0,998105023694399;12,5972339178814;36,9066702324923;13,3689620548532;11,4995813285372
"Sino_Tibetan";"r1";0,997761775750167;12,9685257425657;36,5054424387209;13,7157294472055;11,6071553623503
"Sino_Tibetan";"r1";0,997925561259392;12,8131883908673;37,1907900612917;13,5870805073887;11,3847652419617
"Sino_Tibetan";"r1";0,998103296233961;12,9068449203171;38,2293265508545;13,7107332260485;11,4618319800577
"Sino_Tibetan";"r1";0,997906860534266;13,0288904499121;37,5123284681817;13,8061424504921;11,3188449937589
"Sino_Tibetan";"r1";0,997881919132314;13,0054037749631;36,8427461295601;13,7621448020931;11,080312526164
"Sino_Tibetan";"r1";0,998005569933254;12,6908310584644;37,584560763999;13,4811081919735;11,3612397266507
"Sino_Tibetan";"r1";0,998203426268907;13,2045515391502;38,2524777966451;13,9997238012929;11,2075639867268
"Sino_Tibetan";"r1";0,997944853279246;13,1298915181852;35,7633200287386;13,8484130582028;12,1753833561108
"Sino_Tibetan";"r1";0,998304122859641;12,5416993025049;37,2807744557294;13,3270667676866;11,2599041792268
"Sino_Tibetan";"r1";0,99785461807358;13,0030898386762;37,5087824501654;13,781048334279;11,1417351087205
"Sino_Tibetan";"r1";0,99773866821184;12,7359797401942;37,720183401303;13,5291290627691;10,9418233118034
"Sino_Tibetan";"r1";0,997867752054519;13,3703230273959;37,9467503989306;14,1505270709367;11,2528761036648
"Sino_Tibetan";"r1";0,998056793412225;12,8391496427554;38,3146143134436;13,647894552936;11,0441064718591
"Sino_Tibetan";"r1";0,998108228531295;12,8702566411735;37,6131273771798;13,6557446010467;11,4536631771923
"Sino_Tibetan";"r1";0,997835676262951;12,6393000510918;36,8382728130167;13,4075214086132;11,4723639396747
"Sino_Tibetan";"r1";0,997890037973908;12,9063961394317;37,332889018362;13,6818403578105;11,4786313853362
"Sino_Tibetan";"r1";0,998151863521235;13,2563214904904;38,1057669585459;14,0451927751906;10,9970853224106
"Sino_Tibetan";"r1";0,997868485176184;12,9791337828403;38,1410060763406;13,7779233794593;11,212360556131
"Sino_Tibetan";"r1";0,998010312608325;13,2166181360539;38,1598044103173;14,0084653193638;11,3543003269498
"Sino_Tibetan";"r1";0,998008360438513;12,6699700137503;38,1763447514302;13,4796961958989;11,1747936343756
"Sino_Tibetan";"r1";0,998157910920772;13,1133270559821;38,6583828281145;13,9242812074784;10,9864870642631
"Sino_Tibetan";"r1";0,997935902031164;12,8103870225025;38,1106030917781;13,6135684850192;11,0562450460719
"Sino_Tibetan";"r1";0,99807687562405;12,8090270140168;37,4129972356493;13,5901054337511;11,2286470153512
"Sino_Tibetan";"r1";0,997978694456154;12,518561563922;37,8766490330382;13,3235802137352;11,2405942896594
"Sino_Tibetan";"r1";0,997858696674503;13,4163168232985;37,6990559481824;14,1871974304376;11,3879672701552
"Sino_Tibetan";"r1";0,997880332762568;13,0354915776632;36,5815667936173;13,7829860289634;12,1866043936472
"Sino_Tibetan";"r1";0,997727104538855;12,8512798891792;37,4510432545615;13,6322247579215;11,3426461787907
"Sino_Tibetan";"r1";0,997790396116302;12,8668021184921;38,8043129303143;13,6902151601373;11,0709991235871
"Sino_Tibetan";"r1";0,998095436680013;12,8334031201903;37,5795274025341;13,6189943672488;11,3838954849496
"Sino_Tibetan";"r1";0,99788322586879;12,5376083916478;37,7075136687657;13,3366530036198;11,5259823298899
"Sino_Tibetan";"r1";0,998006068880113;12,4774324374071;37,6580645629986;13,2768175842513;11,1772667515744
"Sino_Tibetan";"r1";0,997831407873536;12,8251042458674;37,866345479656;13,6200642850352;11,2245444707719
"Sino_Tibetan";"r1";0,997680524010411;13,0786535129362;36,8584179138024;13,8335666685192;11,7180084993401
"Sino_Tibetan";"r1";0,998052887925874;12,7809206642751;36,8116922580429;13,5438023021725;11,3297533628883
"Sino_Tibetan";"r1";0,997901701560696;13,2043321214324;38,1243205253225;13,995442864413;11,1626219292432
"Sino_Tibetan";"r1";0,997693797746289;12,4655854104233;36,1683095116445;13,2180528422081;11,9506867645806
"Sino_Tibetan";"r1";0,997698531313563;12,8409774363755;37,6344091670878;13,6280705071918;11,1718080940834
"Sino_Tibetan";"r1";0,997794704952531;12,9368293795568;36,675141215599;13,690426580701;11,6441473647378
"Sino_Tibetan";"r1";0,997951612249992;12,8313062783937;38,0221996793323;13,6310171800108;11,0246711961351
"Sino_Tibetan";"r1";0,997820936945864;12,7242518384135;37,7380214769718;13,5183397634471;10,9453862906298
"Sino_Tibetan";"r1";0,997978851674492;13,4193413278534;37,3371435655357;14,1786366369862;11,4685073090533
"Sino_Tibetan";"r1";0,9978416270324;12,7632584194586;38,1604008197687;13,5695169083574;10,8785597009698
"Sino_Tibetan";"r1";0,997644599489926;12,7568341390463;36,7807394088356;13,5194977984047;11,3137961859926
"Sino_Tibetan";"r1";0,998021820685769;12,9910090813768;37,4978256688383;13,7690032587565;11,3108422286204
"Sino_Tibetan";"r1";0,997623472163572;12,8677763314844;36,7320353067145;13,6253718545076;11,7144238858902
"Sino_Tibetan";"r1";0,997819063251921;12,8915832763353;36,6418429481402;13,6455597738529;11,4987167722485
"Sino_Tibetan";"r1";0,997796499905963;12,898378018799;36,8943287845904;13,660154233586;11,4046904088081
"Sino_Tibetan";"r1";0,997994496845087;12,6069190945222;37,7696014588657;13,4057344076759;11,2242695037968
"Sino_Tibetan";"r1";0,997722771737698;12,9619795081031;37,0282622245654;13,7259884832288;11,2859533265648
"Sino_Tibetan";"r1";0,997755400365582;12,82136265075;37,3331145508007;13,5995135047199;11,583199670975
"Sino_Tibetan";"r1";0,997905858322226;12,9838301974049;37,0407475500293;13,747541859393;11,5593032653115
"Sino_Tibetan";"r1";0,997901623104193;12,8619974780269;37,293403450248;13,6375976676212;11,2517513176447
"Sino_Tibetan";"r1";0,998146071498186;12,8852549567902;37,5564544476617;13,6684676390401;11,5961007128834
"Sino_Tibetan";"r1";0,9978398497573;12,7726100214984;37,5965703425509;13,5606722539128;11,3882996966617
"Sino_Tibetan";"r1";0,997879946870402;12,2786442915764;37,0067738605487;13,063664277893;11,4327807891702
"Sino_Tibetan";"r1";0,99792070193174;12,7653287422395;37,9056556211034;13,5634343574416;10,9038422688716
"Sino_Tibetan";"r1";0,998039768530881;13,1781914545402;37,3976382213072;13,9470627804693;11,6568619112342
"Sino_Tibetan";"r1";0,997867303931988;12,407624663669;37,3460022967023;13,1993191917018;11,275040556999
"Sino_Tibetan";"r1";0,997866681181858;13,5006627757101;37,4132502674844;14,2597925373537;11,3368743680584
"Sino_Tibetan";"r1";0,997845741282673;12,8062492149358;36,6565497366205;13,5634016124496;11,5924778299332
