"matrix_id";"baseline";"ceof_cor";"stat_nodf_columns";"stat_nodf_rows";"stat_nodf_general";"stat_temp"
"Saharan";"c0";0,999433041882762;63,8760407030527;67,5694444444444;63,8964274762343;28,9906193842918
"Saharan";"c0";0,999441940408635;64,2923219241443;81,7017154301637;64,3884179324572;27,989741326088
"Saharan";"c0";0,9990070374876;64,7086031452359;82,3979505848249;64,8062444374507;26,4933742076334
"Saharan";"c0";0,999184742153306;64,477335800185;81,5242946708464;64,5714312493331;28,3183300778296
"Saharan";"c0";0,99885892411478;64,3385753931545;81,4986559139785;64,4332952488352;30,8696018383585
"Saharan";"c0";0,999140394928891;64,4310823311748;69,2424242424242;64,4576398762231;26,9599889919743
"Saharan";"c0";0,999872700021844;63,8297872340426;65,255376344086;63,8376561711725;32,2248379915018
"Saharan";"c0";0,999217074853044;63,8297872340426;81,555860327412;63,9276312437576;29,8325419454841
"Saharan";"c0";0,998743552137358;64,2460684551341;82,5001966270042;64,3468272122926;29,5004238873568
"Saharan";"c0";0,998761908143575;64,6623496762257;70,1388888888889;64,6925789635081;25,0744657244321
"Saharan";"c0";0,99970104886508;63,6447733580018;40,5555555555556;63,5173259736277;37,1102945150712
"Saharan";"c0";0,998751589651582;64,2460684551341;68,4626436781609;64,2693430193827;30,0921320402008
"Saharan";"c0";0,99822382936499;65,3561517113783;84,8850574712644;65,463946959363;24,2861209595527
"Saharan";"c0";0,99987721738013;62,904717853839;66,3810483870968;62,9239064308396;39,078946946746
"Saharan";"c0";0,999680533938265;63,413506012951;80,3535353535353;63,5070112347021;34,3029578068267
"Saharan";"c0";0,999251223276841;64,1535615171138;67,5026123301985;64,1720475381612;31,6515829582064
"Saharan";"c0";0,999498818665172;64,2923219241443;67,2883064516129;64,308859097249;30,9807807764064
"Saharan";"c0";0,999076976014852;64,3385753931545;81,4546325322187;64,4330522494879;28,2642268290817
"Saharan";"c0";0,999811838089184;63,7372802960222;66,3306451612903;63,7515950974864;32,4981178494768
"Saharan";"c0";0,999893175584048;64,0148011100833;65,8266129032258;64,0248019111494;33,6217657555249
"Saharan";"c0";0,999337239490703;64,4310823311748;81,0557184750733;64,5228466521163;28,9577660241344
"Saharan";"c0";0,999608781660231;63,691026827012;68,3299731182796;63,7166327863015;27,7169748498714
"Saharan";"c0";0,999629892220116;63,5060129509713;80,2146464646465;63,5982409188481;37,527893529981
"Saharan";"c0";0,999198357329309;64,3385753931545;81,5512992831541;64,4335858286099;27,7564848662184
"Saharan";"c0";0,998132595653836;65,1248843663275;71,1967545638945;65,1583997492027;25,3564934470338
"Saharan";"c0";0,998775475711775;64,3385753931545;67,8391053391053;64,35789754557;30,2941298239734
"Saharan";"c0";0,999708209243458;64,0610545790934;80,334595959596;64,1508809344596;32,3797920294221
"Saharan";"c0";0,99970786567986;63,7835337650324;65,8266129032258;63,7948111107814;36,5568866334525
"Saharan";"c0";0,999687784450435;63,8297872340426;80,3188131313131;63,9208030163642;36,3308004870711
"Saharan";"c0";0,999897310265892;63,691026827012;65,8602150537634;63,7030002670861;35,3344670885556
"Saharan";"c0";0,999357676444566;64,1073080481036;81,0377973281199;64,2007606108268;28,7146989262416
"Saharan";"c0";0,99695672039401;64,199814986124;70,7175925925926;64,2357916794439;26,423231902242
"Saharan";"c0";0,99940094208383;63,0897317298797;67,7083333333333;63,1152253909844;32,8461543742818
"Saharan";"c0";0,999454759338336;63,9222941720629;66,2634408602151;63,935216784877;33,0464716602407
"Saharan";"c0";0,99843878514389;64,8473635522664;82,8240869484613;64,9465910963117;26,4285825462148
"Saharan";"c0";0,999976292184239;63,413506012951;41,1458333333333;63,290593376265;38,4005609816597
"Saharan";"c0";0,996666481680387;64,6623496762257;71,0955710955711;64,697859638062;25,8326517892732
"Saharan";"c0";0,998972535806229;63,8297872340426;81,5939568094741;63,9278415279272;33,4684248296712
"Saharan";"c0";0,99922608992808;63,9222941720629;70,0790229885057;63,9562779557783;25,753574971198
"Saharan";"c0";0,999969262944029;64,0148011100833;40,1041666666667;63,8828196872125;33,3583182875451
"Saharan";"c0";0,999484660331416;64,2460684551341;68,75;64,2709291628335;29,8767851996697
"Saharan";"c0";0,9995982467844;63,8297872340426;80,217803030303;63,9202454629087;32,32557921073
"Saharan";"c0";0,99806081636331;64,7548566142461;70,7060755336617;64,7877060287047;25,3196048729948
"Saharan";"c0";0,998858690925013;63,8760407030527;68,1818181818182;63,8998076440579;30,2403351827384
"Saharan";"c0";0,999326662393888;63,9685476410731;67,1368861024033;63,9860361698385;34,2409553933982
"Saharan";"c0";0,99970104886508;63,8760407030527;67,4323884001303;63,8956709571304;32,5308568590767
"Saharan";"c0";0,99933846936981;64,3848288621647;81,1062235255784;64,4771272687704;30,5870948350919
"Saharan";"c0";0,998596742126914;64,9861239592969;83,5117918134996;65,0883815555483;27,6411378895347
"Saharan";"c0";0,998892628353465;64,0148011100833;81,5524193548387;64,1116048906431;30,3703596648016
"Saharan";"c0";0,999277662130126;63,2284921369103;81,4230668756531;63,3289221722667;25,1911655615877
"Saharan";"c0";0,999247230847476;64,1073080481036;81,632053291536;64,2040407725384;30,9493624213116
"Saharan";"c0";0,995600757657373;65,1248843663275;85,2640692640693;65,2360482204088;28,2309586490356
"Saharan";"c0";0,998811356463953;64,8011100832562;82,9862519720532;64,9014880513637;26,3912625720867
"Saharan";"c0";0,999972694963637;63,6447733580018;40,625;63,5177092916283;38,3636929851472
"Saharan";"c0";0,999502699194636;64,0610545790934;66,8637992831541;64,0765251110386;30,0853508340676
"Saharan";"c0";0,998774665229104;63,9222941720629;83,3694768229873;64,0296383265298;24,1220477828846
"Saharan";"c0";0,999122586219217;63,5985198889917;67,3632880529432;63,6193005780291;29,2880563056233
"Saharan";"c0";0,999670683211682;63,5985198889917;66,8621700879766;63,6165345175049;30,4375546232699
"Saharan";"c0";0,999965996534196;63,3672525439408;39,5833333333333;63,2359705611776;35,4972525516218
"Saharan";"c0";0,999241845305296;64,0148011100833;68,007662835249;64,0368408252176;36,9808828241201
"Saharan";"c0";0,99986657046883;63,3672525439408;66,364247311828;63,3837952933496;38,7407620835163
"Saharan";"c0";0,998388977606145;65,2173913043478;83,968253968254;65,3208919262277;26,0231820775115
"Saharan";"c0";0,999349715562365;62,9509713228492;66,2802419354839;62,9693481615574;35,0850153582949
"Saharan";"c0";0,999165768692236;64,2923219241443;82,0339593011843;64,3902518452687;28,8729833915466
"Saharan";"c0";0,999404606183453;63,9222941720629;67,3051075268817;63,9409665548862;32,2179856370809
"Saharan";"c0";0,999642126254073;64,199814986124;80,2683080808081;64,2885095202252;30,9083213988506
"Saharan";"c0";0,999615019343995;63,8297872340426;38,8888888888889;63,6921189819074;32,6200092658595
"Saharan";"c0";0,998777217605327;64,3385753931545;82,5743530971562;64,4392328597819;30,4903297673711
"Saharan";"c0";0,998909720056011;64,2460684551341;81,4986559139785;64,341298928688;30,3917759477835
"Saharan";"c0";0,999630307858031;63,6447733580018;80,1483585858586;63,7358695046138;33,989438120641
"Saharan";"c0";0,998631783776724;64,4310823311748;83,0875721500721;64,534062035787;30,1936513905245
"Saharan";"c0";0,999840867022877;63,8760407030527;66,8682795698925;63,8925572009378;29,6162451546007
"Saharan";"c0";0,998667383650374;64,2923219241443;82,3608723497489;64,3920563331173;27,9480394546209
"Saharan";"c0";0,999969262944029;63,9685476410731;40,1041666666667;63,8368215271389;33,5059616570632
"Saharan";"c0";0,99989234604213;63,8760407030527;66,3810483870968;63,8898677923851;35,9677204015452
"Saharan";"c0";0,999851394411193;63,5985198889917;67,4395161290323;63,6197213401787;31,4206555913247
"Saharan";"c0";0,999148332350606;64,3848288621647;68,7908496732026;64,4091491242311;28,4382595612925
"Saharan";"c0";0,997654437345489;65,1248843663275;71,5927750410509;65,1605856947988;28,798290252804
"Saharan";"c0";0,999479141945497;63,6447733580018;68,2638888888889;63,6702698558724;32,563520175788
"Saharan";"c0";0,998450035940999;64,7548566142461;83,416915153158;64,8578670569632;24,5198450166371
"Saharan";"c0";0,999653180178121;63,9222941720629;80,3693181818182;64,0130781132391;33,6937828109064
"Saharan";"c0";0,999640807356384;64,1535615171138;66,357119582926;64,1657246711109;34,228981018768
"Saharan";"c0";0,999629390488186;63,9222941720629;80,3156565656566;64,0127819129659;33,4877968912467
"Saharan";"c0";0,999312506136474;64,0148011100833;82,0606774411656;64,1144103630607;26,4239228681518
"Saharan";"c0";0,999959962185293;63,7372802960222;38,5416666666667;63,5982060717571;34,9699003967813
"Saharan";"c0";0,997996046692067;64,9861239592969;84,3347338935574;65,0929240141319;25,6980383177707
"Saharan";"c0";0,999561426720665;64,2460684551341;67,8259408602151;64,265828560406;29,4370899743966
"Saharan";"c0";0,999207015372208;64,2460684551341;81,670149773598;64,3422455369288;29,6899595979097
"Saharan";"c0";0,998983598631026;63,9222941720629;82,8555330178048;64,0268014701995;23,6927415263706
"Saharan";"c0";0,999311444030989;64,199814986124;81,0589768654285;64,2928738373437;30,0416539162317
"Saharan";"c0";0,999569773258034;64,2923219241443;80,2146464646465;64,3802096400993;31,7127448700904
"Saharan";"c0";0,999608524508541;64,199814986124;80,2840909090909;64,2885966379527;32,2475411965332
"Saharan";"c0";0,999591797774624;64,0148011100833;68,3467741935484;64,0387126450426;28,5592922425871
"Saharan";"c0";0,999529829505103;63,1359851988899;68,3635752688172;63,1648403418702;28,1791494460241
"Saharan";"c0";0,999708209243458;63,8760407030527;80,3535353535353;63,9669928354381;32,6056536222253
"Saharan";"c0";0,999603431762193;63,413506012951;80,2998737373737;63,5067150344289;35,5559455531054
"Saharan";"c0";0,997489071834154;65,3098982423682;84,3381734006734;65,4149301199669;25,7598068656385
"Saharan";"c0";0,999954595212495;63,691026827012;37,5;63,5464581416743;37,6025720073957
"Saharan";"c0";0,999328058762649;63,7372802960222;83,1304112554112;63,844326097086;22,2630320253025
"Saharan";"c0";0,999581286056733;63,6447733580018;67,3051075268817;63,6649775944446;28,6797263876574
"Saharan";"c0";0,999733120750868;64,1073080481036;41,1111111111111;63,9803741183686;35,3248555510202
"Saharan";"c0";0,998902424678525;63,691026827012;82,6810934708599;63,7958478020471;30,5664586731013
"Saharan";"c0";0,99988106189768;63,2747456059204;64,7345430107527;63,2828033652847;38,2581978055117
"Saharan";"c0";0,999654900243875;64,1073080481036;66,8621700879765;64,1225142783145;31,7142744006216
"Saharan";"c0";0,999646695780268;64,0148011100833;65,8520690778755;64,0249424236129;34,6121598707243
"Saharan";"c0";0,999406954884174;64,2460684551341;67,9569892473118;64,2665519185684;32,9702399524831
"Saharan";"c0";0,999754157920436;63,7835337650324;65,255376344086;63,7916580110989;33,5989337094772
"Saharan";"c0";0,999101639585324;64,0610545790934;68,4626436781609;64,0853503790883;35,1478283391629
"Saharan";"c0";0,998509470789824;64,6623496762257;82,7789046653144;64,7623490597901;25,9427289645589
"Saharan";"c0";0,998417632107855;64,8011100832562;82,920892494929;64,9011272814808;27,4014117688483
"Saharan";"c0";0,998969721250277;64,1073080481036;81,4280913978495;64,2029149479182;28,5984144345394
"Saharan";"c0";0,998305719158912;64,1073080481036;82,7327022763128;64,2101161119208;27,705511597867
"Saharan";"c0";0,999965996534196;63,9685476410731;39,5833333333333;63,8339466421343;33,3977699693909
"Saharan";"c0";0,99932195763496;63,9222941720629;68,5823754789272;63,948016791972;33,8160595259329
"Saharan";"c0";0,999389532196904;63,5985198889917;66,7842741935484;63,6161045493664;33,7128108441727
"Saharan";"c0";0,999155813385929;63,691026827012;68,9295977011494;63,7199425816071;34,4335867896854
"Saharan";"c0";0,999897310265892;64,0148011100833;66,364247311828;64,0277695343799;34,411746611013
"Saharan";"c0";0,999741133724844;64,0148011100833;66,3474462365591;64,027676796154;34,8157720825804
"Saharan";"c0";0,999292090314496;64,5235892691952;67,9418103448276;64,5424570948197;30,4080903251761
"Saharan";"c0";0,999062425824556;64,3848288621647;68,6868686868687;64,4085751721446;27,5461113813569
"Saharan";"c0";0,999864028517571;63,4597594819611;64,7345430107527;63,4667960055791;33,0088764203235
"Saharan";"c0";0,999064307176252;64,1535615171138;68,9834770114943;64,1802215842401;28,5163814869049
"Saharan";"c0";0,998292998632808;64,6623496762257;82,8982434186133;64,7630077833594;28,0801552274923
"Saharan";"c0";0,999665751193135;64,2460684551341;80,2840909090909;64,3345947980263;30,8044606674377
"Saharan";"c0";0,999962896144181;63,9222941720629;39,0625;63,7850735970561;36,6608820138466
"Saharan";"c0";0,999760007112931;62,904717853839;68,4424894102313;62,9352851301393;28,0221577716576
"Saharan";"c0";0,996046804851714;66,836262719704;74,6212121212121;66,8792339215522;19,8182869865228
"Saharan";"c0";0,998156319305978;64,7086031452359;69,9775533108866;64,7376865868126;29,4290673890181
"Saharan";"c0";0,999874201172531;63,7372802960222;65,7930107526882;63,7486274742559;34,672880543649
"Saharan";"c0";0,999465760635536;64,1535615171138;81,1746497230368;64,2475141659045;30,0867641979594
"Saharan";"c0";0,998834610578877;64,8011100832562;69,6180555555556;64,8276985587243;25,0936280478607
"Saharan";"c0";0,999601146158135;64,2460684551341;80,1988636363636;64,3341243622982;31,0307340098758
"Saharan";"c0";0,998643392209083;64,199814986124;82,7789046653144;64,3023674590542;27,4238454698406
"Saharan";"c0";0,999614131449851;64,2460684551341;80,2683080808081;64,3345076802988;31,4491480306449
"Saharan";"c0";0,999402557777591;64,2923219241443;67,6736111111111;64,3109858938976;31,2630056387662
"Saharan";"c0";0,998933021830054;63,3209990749306;67,7262931034483;63,345315325318;34,7828006467251
"Saharan";"c0";0,999962896144181;63,7372802960222;39,0625;63,6010809567617;35,2623920778437
"Saharan";"c0";0,999253178655322;64,5235892691952;69,7150072150072;64,5522447500368;31,4597099175433
"Saharan";"c0";0,999439936838071;63,7372802960222;67,7812608847092;63,7596021759966;34,4226900545415
"Saharan";"c0";0,999691855986967;63,3209990749306;65,255376344086;63,3316764103629;36,8966007026218
"Saharan";"c0";0,997426999292905;64,2923219241443;83,5716230936819;64,3987394099007;27,9932056818483
"Saharan";"c0";0,999306802972498;64,199814986124;68,3660130718954;64,2228114796977;29,9051390258611
"Saharan";"c0";0,999326597215993;64,0610545790934;67,6388888888889;64,0808034345293;33,1541830466678
"Saharan";"c0";0,999741133724844;64,1535615171138;66,3474462365591;64,1656712763748;34,5342417674159
"Saharan";"c0";0,997907573085756;65,1248843663275;84,7290640394089;65,2330951096932;22,2717081687566
"Saharan";"c0";0,999675005067065;64,0148011100833;67,367220593027;64,0333057254445;29,8336653754368
"Saharan";"c0";0,997593743296004;64,9398704902868;83,7698412698413;65,0438077714986;26,2171913638722
"Saharan";"c0";0,999589695803083;63,5522664199815;38,3333333333333;63,4130634774609;33,9515977455042
"Saharan";"c0";0,999127587315092;64,5235892691952;82,1555541015071;64,6209138220874;29,8654352224694
"Saharan";"c0";0,999312523187394;64,2460684551341;81,1094819159335;64,339150774145;30,862253694787
"Saharan";"c0";0,999857947719563;63,5985198889917;65,2889784946236;63,6078508472564;36,4577329313881
"Saharan";"c0";0,999390438249713;63,7835337650324;67,5287356321839;63,8042064524316;30,7074857768166
"Saharan";"c0";0,999481314568192;62,904717853839;66,8458781362007;62,9264721884243;33,7427582026722
"Saharan";"c0";0,998754321410958;64,5235892691952;82,2957045426456;64,6216874215785;27,6792250790993
"Saharan";"c0";0,999498591707748;63,8760407030527;66,2466397849462;63,8891258865774;31,4112916370706
"Saharan";"c0";0,999976292184239;63,2284921369103;41,1458333333333;63,1066007359706;40,4849593524487
"Saharan";"c0";0,997892617740679;64,0148011100833;83,6248428990365;64,1230442110342;26,1776292804908
"Saharan";"c0";0,998676443770491;64,9398704902868;82,8825783186838;65,0389102759081;26,651453902867
"Saharan";"c0";0,999292398260593;64,4310823311748;81,0736396220267;64,5229455728907;29,9316942241804
"Saharan";"c0";0,99940986301761;63,7372802960222;81,7936912225705;63,8369476976407;31,482296534023
"Saharan";"c0";0,998452467822661;64,7086031452359;69,7723765432099;64,7365540563563;27,8019797050029
"Saharan";"c0";0,9995982467844;64,0610545790934;80,2146464646465;64,1502188397313;29,8055286417563
"Saharan";"c0";0,99921145586282;63,5522664199815;81,0345389377648;63,6487647043483;31,996156795582
"Saharan";"c0";0,997701651487907;65,3561517113783;84,3591056494282;65,461043821432;26,3251858920297
"Saharan";"c0";0,99963281663289;63,7372802960222;65,8520690778755;63,7489534631714;35,9951825488574
"Saharan";"c0";0,999962896144181;64,0610545790934;39,0625;63,9230680772769;36,1940417201326
"Saharan";"c0";0,999547039692652;63,0434782608696;80,0599747474748;63,1374055643835;27,5215208103711
"Saharan";"c0";0,998614502841945;64,5698427382054;69,1954022988506;64,5953748056974;29,0933031363723
"Saharan";"c0";0,999839390947997;63,7835337650324;64,7513440860215;63,7888758643203;35,6617014666185
"Saharan";"c0";0,996899351595553;65,4949121184089;71,4798850574713;65,5279478476033;23,8694720924515
"Saharan";"c0";0,999861476174587;63,2747456059204;66,3306451612903;63,2916134967505;38,3536911774484
"Saharan";"c0";0,999161544454045;64,2923219241443;82,0813976313551;64,3905136943773;27,7060692710888
"Saharan";"c0";0,999729671177479;63,4597594819611;80,2683080808081;63,5525389590477;33,9838156422957
"Saharan";"c0";0,999600934340098;63,5522664199815;80,3503787878788;63,6449882913774;35,4663285407521
"Saharan";"c0";0,999513957309476;64,2923219241443;81,1241446725318;64,3852298693976;27,884557626323
"Saharan";"c0";0,998576446017004;64,1535615171138;68,2539682539683;64,1761948569676;32,8964884959757
"Saharan";"c0";0,999681314007855;63,8297872340426;80,3535353535353;63,9209946753645;32,7954859525771
"Saharan";"c0";0,999308423454789;63,9685476410731;80,9726295210166;64,0624064186993;28,3688170246089
"Saharan";"c0";0,999160324161004;64,1073080481036;81,4927290142807;64,2032717332895;28,3523455564203
"Saharan";"c0";0,999309516744075;64,199814986124;80,9872922776149;64,2924781542463;29,137480995534
"Saharan";"c0";0,999329267557864;64,2460684551341;67,0833333333333;64,2617295308188;32,253180033405
"Saharan";"c0";0,999442274313173;64,2923219241443;68,216649251132;64,3139833445325;31,2895478094521
"Saharan";"c0";0,998192826791437;64,5698427382054;82,7426046176046;64,6701523713943;27,4550956493104
"Saharan";"c0";0,999053132802483;64,1073080481036;81,5400774991292;64,2035330864717;31,2309242897279
"Saharan";"c0";0,999815234056058;63,3209990749306;65,7930107526882;63,3346440335935;31,9103376480154
"Saharan";"c0";0,999020792642834;64,2923219241443;81,5692204301075;64,3876865893106;30,0249780690944
"Saharan";"c0";0,99947049799212;64,199814986124;68,7216997561825;64,2247747916625;35,4351052677776
"Saharan";"c0";0,997909951020125;64,6623496762257;71,1967545638945;64,6984181484668;26,367276503638
"Saharan";"c0";0,999712027988066;63,4597594819611;80,334595959596;63,5529048535028;36,9545421027299
"Saharan";"c0";0,99851933678238;64,6160962072155;69,0277777777778;64,6404477154247;25,4188038491386
"Saharan";"c0";0,99989234604213;63,8760407030527;66,3810483870968;63,8898677923851;36,1350906264613
"Saharan";"c0";0,999063503841491;64,199814986124;41,3978494623656;64,0739531709054;31,038380311773
"Saharan";"c0";0,999748046501138;64,1073080481036;66,9273378950798;64,1228739902212;31,425731894191
"Saharan";"c0";0,998560027279188;63,9222941720629;82,1910014005602;64,023133402395;25,4305327029848
"Saharan";"c0";0,999630385532642;63,691026827012;80,3156565656566;63,7827911125979;31,8091496759678
"Saharan";"c0";0,998034340497896;64,477335800185;83,3389807535918;64,5814479158432;28,959763909783
"Saharan";"c0";0,999387884034109;64,2460684551341;69,0373563218391;64,2725153062843;32,1662727839022
"Saharan";"c0";0,997032015175449;64,1535615171138;83,824354657688;64,2621399521123;24,2795358126235
"Saharan";"c0";0,99995216302758;62,627197039778;36,9791666666667;62,485625574977;39,7883952406232
"Saharan";"c0";0,997607867850404;65,4949121184089;85,4320987654321;65,6049609867457;25,9633264440788
"Saharan";"c0";0,999219000434205;64,0148011100833;81,088302378625;64,1090430674073;32,5006602180462
"Saharan";"c0";0,998440852238449;64,8473635522664;69,5833333333333;64,8735050597976;27,1666022195425
"Saharan";"c0";0,999256780560312;63,9222941720629;67,3670977011494;63,9413087269613;32,192359105662
"Saharan";"c0";0,998558870904516;64,6160962072155;70,9031198686371;64,6507991897073;28,7259998583208
"Saharan";"c0";0,998247396321703;64,7548566142461;70,6093189964158;64,7871719539821;23,641753806129
"Saharan";"c0";0,999013357893026;64,1535615171138;68,0194805194805;64,1749005364461;31,3969934649852
"Saharan";"c0";0,999605636266986;63,6447733580018;80,3030303030303;63,7367232583424;33,8349967228181
"Saharan";"c0";0,999742720472896;62,9972247918594;67,9048550016292;63,0243138270559;34,0533545695694
"Saharan";"c0";0,999389532196904;63,6447733580018;66,7842741935484;63,66210270944;33,962720609731
"Saharan";"c0";0,999208282163934;64,1073080481036;81,0231345715217;64,2006796756478;31,5244348339099
"Saharan";"c0";0,999615044817054;63,1822386679001;70,2945402298851;63,2214970021889;35,8160282462779
"Saharan";"c0";0,999498818665172;64,2460684551341;67,2883064516129;64,2628609371754;29,6883744128641
"Saharan";"c0";0,998907552574475;64,5235892691952;68,4087643678161;64,5450345779272;27,7347320119189
"Saharan";"c0";0,999897310265892;63,691026827012;65,8602150537634;63,7030002670861;35,0499484157555
"Saharan";"c0";0,998782551122842;63,4597594819611;68,5704022988506;63,4879691019256;32,0804115612719
"Saharan";"c0";0,999447578655035;64,3848288621647;81,1062235255784;64,4771272687704;29,7958046746866
"Saharan";"c0";0,999322804293561;64,1535615171138;67,1527777777778;64,1701165286722;32,4983932221209
"Saharan";"c0";0,999712027988066;63,7835337650324;80,3377525252525;63,8749093975635;30,5050934471545
"Saharan";"c0";0,998550043279781;64,7548566142461;82,9287807076854;64,8551726625999;28,6757247086725
"Saharan";"c0";0,998625264919336;63,9685476410731;82,2216386554622;64,0693006733512;24,8932006674685
"Saharan";"c0";0,999601149981383;63,2747456059204;80,3661616161616;63,3690864486633;35,3424246974483
"Saharan";"c0";0,998348819289599;64,1535615171138;68,5304659498208;64,1777210632005;29,8810683450033
"Saharan";"c0";0,999188984812403;63,9222941720629;81,0410557184751;64,0167859561277;32,2303128146011
"Saharan";"c0";0,997968597611558;64,8011100832562;84,2180121750014;64,9082870957222;21,4672910620139
"Saharan";"c0";0,99933846936981;64,3848288621647;81,1062235255784;64,4771272687704;30,5831876340708
"Saharan";"c0";0,999581286056733;64,199814986124;67,3051075268817;64,2169555153278;29,5743476780516
"Saharan";"c0";0,997069745467159;65,1248843663275;71,4313271604938;65,1596945381444;26,203398465127
"Saharan";"c0";0,999614131449851;64,1073080481036;80,2493686868687;64,1964086588052;32,5763564599657
"Saharan";"c0";0,99970104886508;63,4597594819611;67,4323884001303;63,4816875164681;32,3165354459732
"Saharan";"c0";0,996506201120232;65,8186864014801;88,4074074074074;65,9433711540427;24,1844397556418
"Saharan";"c0";0,999893175584048;63,7372802960222;65,8266129032258;63,7488129507078;33,6332207760096
"Saharan";"c0";0,997673983877364;65,6336725254394;72,6220016542597;65,6722465592691;26,1035432478722
"Saharan";"c0";0,998872706664254;64,3848288621647;69,0295815295815;64,4104668713684;30,0344530779749
"Saharan";"c0";0,999733120750868;63,691026827012;66,3897034864777;63,7059229263283;30,3278643930698
"Saharan";"c0";0,999931149904751;62,5809435707678;67,9939516129032;62,610822180016;38,9728702727503
"Saharan";"c0";0,998673720355468;64,8473635522664;82,8240869484613;64,9465910963117;24,3907747870991
"Saharan";"c0";0,999608408359799;62,7659574468085;65,7258064516129;62,7822951598065;30,2680206157111
"Saharan";"c0";0,998252166329497;64,4310823311748;68,5416666666667;64,453771849126;28,5760521592951
"Saharan";"c0";0,999912900457336;63,691026827012;65,8602150537634;63,7030002670861;33,5411561701924
"Saharan";"c0";0,999408481771873;64,0148011100833;67,6388888888889;64,0348052744557;31,7636211303985
"Saharan";"c0";0,999802435215618;63,691026827012;42,2222222222222;63,572523765716;36,968385163069
"Saharan";"c0";0,999412045704115;64,3848288621647;67,0833333333333;64,3997240110396;30,8350573981222
"Saharan";"c0";0,999855973461596;63,6447733580018;65,255376344086;63,6536635308781;32,9842430331603
"Saharan";"c0";0,998836312076221;63,9222941720629;83,5074886799025;64,0304001215082;24,8810401256854
"Saharan";"c0";0,999577444325401;63,1822386679001;68,3635752688172;63,2108385019438;28,1236338048239
"Saharan";"c0";0,998748357934619;63,9685476410731;43,8271604938272;63,8573716310607;35,0426928068871
"Saharan";"c0";0,999130438184178;63,8760407030527;66,8582375478927;63,8925017711935;31,4757850475713
"Saharan";"c0";0,999805543901029;63,8297872340426;67,4059139784946;63,8495266640947;31,1046074332317
"Saharan";"c0";0,998751589651582;64,2460684551341;68,4626436781609;64,2693430193827;30,3994074206346
"Saharan";"c0";0,999062458979654;64,477335800185;69,5581896551724;64,5053809916569;28,0799773482887
"Saharan";"c0";0,999286309504269;63,8760407030527;81,6859326018809;63,9743473740674;31,1381479819119
"Saharan";"c0";0,999248778735736;64,199814986124;68,7049062049062;64,2246820949673;31,3531104952466
"Saharan";"c0";0,998656914051763;64,7548566142461;69,1187739463602;64,7789444744049;29,5751441507375
"Saharan";"c0";0,998332578486576;64,9398704902868;83,1006139829669;65,0401137846346;28,3727902629088
"Saharan";"c0";0,998881860035323;64,4310823311748;82,5498949579832;64,531094176401;27,4886890181279
"Saharan";"c0";0,99943151987731;64,1073080481036;67,9749103942652;64,128656359122;32,8053199887357
"Saharan";"c0";0,999048250176807;64,2923219241443;81,4388497039359;64,3869669716869;27,9947322953708
"Saharan";"c0";0,999331744711558;64,4310823311748;81,5939568094741;64,5258176088839;27,6210163496005
"Saharan";"c0";0,999581102882265;63,8760407030527;80,2651515151515;63,9665049761646;34,7574687444273
"Saharan";"c0";0,999501974781991;63,3209990749306;81,0915607689801;63,4190886518987;37,4382056136115
"Saharan";"c0";0,997721476319019;65,6336725254394;85,2977397855694;65,7422138350629;22,4232370031013
"Saharan";"c0";0,995949095829911;65,8649398704903;86,7582417582418;65,9802662838541;23,2660535829482
"Saharan";"c0";0,999558128007445;64,1535615171138;68,8610240334378;64,1795456708377;31,4055203234483
"Saharan";"c0";0,999127587315092;64,5235892691952;82,1555541015071;64,6209138220874;29,7091753258725
"Saharan";"c0";0,997351464729299;65,3098982423682;70,6470588235294;65,3393581903783;26,7017501015128
"Saharan";"c0";0,996883587092998;65,9111933395005;72,7380952380952;65,9488763306611;23,5127608636325
"Saharan";"c0";0,998316042466232;64,8011100832562;83,6172787785691;64,9049711800105;23,058118740377
"Saharan";"c0";0,999225257539149;64,2923219241443;69,6659482758621;64,3219831551566;28,9661512728331
"Saharan";"c0";0,99913979892444;64,2460684551341;69,281045751634;64,2738604181323;28,0640667831266
"Saharan";"c0";0,999484834959338;63,7372802960222;81,1208862821766;63,8332339629191;28,5919392815297
"Saharan";"c0";0,998903670488492;64,3848288621647;81,8752862657855;64,4813723252941;28,2830542038332
"Saharan";"c0";0,999166894475805;63,9685476410731;66,7385057471264;63,9838371982362;30,2243148225672
"Saharan";"c0";0,999257730384138;64,2460684551341;81,5165770609319;64,3413978494624;28,0573987308349
"Saharan";"c0";0,999686612218479;63,8297872340426;67,3998044965787;63,8494929411035;31,4935118380332
"Saharan";"c0";0,99776546727886;65,0786308973173;83,7751436781609;65,1818315198427;25,7055330248491
"Saharan";"c0";0,998144943075731;65,1248843663275;84,0873015873016;65,229552722653;27,9797050595545
"Saharan";"c0";0,999959962185293;63,3672525439408;38,5416666666667;63,2302207911684;37,6787168423302
"Saharan";"c0";0,997773104580728;64,9398704902868;83,8481800766284;65,0442401844156;26,1278186729523
"Saharan";"c0";0,996697280678438;65,3561517113783;85,8561577311577;65,4693072183873;25,0573178660566
"Saharan";"c0";0,999802646502307;63,8297872340426;66,3474462365591;63,8436841558596;32,1230880886407
"Saharan";"c0";0,998846038597959;64,1535615171138;81,5703405017921;64,2496982916382;31,4600556661418
"Saharan";"c0";0,998915634329617;64,0148011100833;68,4343434343434;64,0391960079173;34,5167384060527
"Saharan";"c0";0,999299888605836;63,8297872340426;80,9547083740632;63,9243130177041;28,5929889057704
"Saharan";"c0";0,999675419122825;63,5060129509713;80,2525252525253;63,5984500013939;29,5925603918561
"Saharan";"c0";0,997929860585505;64,477335800185;69,7997775305896;64,5067145033887;25,9804203149308
"Saharan";"c0";0,999832302606375;63,0434782608696;65,7762096774193;63,058562334926;38,0502844802549
"Saharan";"c0";0,99823745494715;63,9685476410731;70,1388888888889;64,0026065624042;27,4524653573477
"Saharan";"c0";0,999214353254499;63,2747456059204;81,6951846046674;63,3764223621233;32,0091827627749
"Saharan";"c0";0,999358470873324;64,1535615171138;67,4372759856631;64,171686895965;34,4192208722064
"Saharan";"c0";0,99970104886508;63,9222941720629;40,5555555555556;63,7933149340693;36,8932495641358
"Saharan";"c0";0,999907622201887;64,0148011100833;66,3810483870968;64,0278622726059;33,6574137210136
"Saharan";"c0";0,998042571107343;64,477335800185;82,8612926652142;64,5788111830647;31,2044216702556
"Saharan";"c0";0,999578534221846;63,9685476410731;80,1799242424242;64,0580308605838;31,2599408309022
"Saharan";"c0";0,999556132563511;64,1073080481036;80,1641414141414;64,1959382230771;31,2493906408757
"Saharan";"c0";0,999767577204358;63,7372802960222;66,2970430107527;63,7514096210345;32,5829998160553
"Saharan";"c0";0,999167749556422;64,199814986124;45,0617283950617;64,0941769736618;34,1377570023198
"Saharan";"c0";0,999713641956876;63,9222941720629;80,3188131313131;64,0127993365114;30,5028405035074
"Saharan";"c0";0,998679531288648;64,6160962072155;82,4754901960784;64,7146761188376;27,5299546601512
"Saharan";"c0";0,998758078800604;64,0148011100833;81,4986559139785;64,11130812832;31,5431416594304
"Saharan";"c0";0,999733120750868;63,8297872340426;66,9273378950798;63,8468850297796;32,7160245390112
"Saharan";"c0";0,998557369403173;64,8473635522664;84,0476190476191;64,9533447233539;25,8952087212683
"Saharan";"c0";0,998586582619754;64,7086031452359;71,2812711291413;64,74488282132;24,8210370106897
"Saharan";"c0";0,998807742325673;64,2460684551341;68,1699346405229;64,2677273301225;31,5117637784112
"Saharan";"c0";0,999258711428964;63,691026827012;81,1062235255784;63,7871548676665;31,3867280655626
"Saharan";"c0";0,999289147352109;64,199814986124;81,0703812316716;64,2929367869274;31,072017600462
"Saharan";"c0";0,999864028517571;63,413506012951;65,2385752688172;63,4235799922842;35,918981542691
"Saharan";"c0";0,999432559549837;64,1073080481036;66,7674731182796;64,12199157195;32,5078582688708
"Saharan";"c0";0,999670683211682;64,0610545790934;67,3998044965787;64,0794837414714;32,1075216671145
"Saharan";"c0";0,999735271917063;63,6447733580018;67,3998044965787;63,6655003008091;35,642041826706
"Saharan";"c0";0,999855973461596;63,5522664199815;65,255376344086;63,5616672107309;34,5875997887334
"Saharan";"c0";0,999655351236653;63,9222941720629;80,334595959596;64,0128864542388;33,0773078628812
"Saharan";"c0";0,999064239587867;64,477335800185;69,6120689655172;64,5056783935539;29,123684398454
"Saharan";"c0";0,999263248175471;64,3848288621647;81,0736396220267;64,4769474128171;31,0283383587628
"Saharan";"c0";0,998651030620226;64,8473635522664;82,9658189033189;64,9473734254093;25,1139560214642
"Saharan";"c0";0,998550043279781;64,477335800185;82,9973845598846;64,5795623802753;28,733440858648
"Saharan";"c0";0,997593743296004;64,9398704902868;83,7698412698413;65,0438077714986;26,2171913638722
"Saharan";"c0";0,99866919781218;64,0610545790934;69,7701149425287;64,0925673317895;32,3024170652679
"Saharan";"c0";0,998824381179339;64,3385753931545;82,4448529411765;64,4385180475134;25,3589900910039
"Saharan";"c0";0,998506418547294;65,0786308973173;84,3207282913165;65,184843026447;23,2066117990767
"Saharan";"c0";0,999759629747103;63,691026827012;66,3810483870968;63,7058751520907;35,588715712363
"Saharan";"c0";0,997579719708492;65,4486586493987;86,1696466581524;65,5630339281959;26,0722421583343
"Saharan";"c0";0,998988217131024;64,5698427382054;81,5344982078853;64,6634838907519;29,8607135463096
"Saharan";"c0";0,999022107111975;63,3209990749306;66,2138627655869;63,3369670437843;30,1794916887065
"Saharan";"c0";0,998243362732337;64,1535615171138;82,2522759103641;64,2534624245282;29,0884104930327
"Saharan";"c0";0,999660725546306;63,5522664199815;66,3897034864777;63,5679284461075;34,9020231054766
"Saharan";"c0";0,99937955676462;64,2923219241443;81,0231345715217;64,3846723159422;28,2278276149106
"Saharan";"c0";0,999344420233569;64,199814986124;81,0052134245683;64,2925770750206;28,9716843987506
"Saharan";"c0";0,999670683211682;63,9685476410731;40;63,836246550138;36,3878797814838
"Saharan";"c0";0,999634397364505;63,7372802960222;80,2840909090909;63,8286150372167;33,8699300485977
"Saharan";"c0";0,999418401362217;63,691026827012;66,3082437275986;63,7054732864449;30,6857395849376
"Saharan";"c0";0,999051546905047;64,1535615171138;81,5781739811912;64,2497415307149;31,2922849422599
"Saharan";"c0";0,997037656628676;64,4310823311748;84,5737578185396;64,5422654525402;26,3079112896137
"Saharan";"c0";0,999093005588935;63,4597594819611;66,7885754092651;63,4781338109067;30,4716285611483
"Saharan";"c0";0,998788058568539;64,5235892691952;68,9393939393939;64,547963536004;28,0560754697381
"Saharan";"c0";0,998990504716331;64,5698427382054;81,4818548387097;64,6631933109772;28,9876385055168
"Saharan";"c0";0,999809506606971;63,413506012951;80,4387626262626;63,5074816704302;31,3413387698915
"Saharan";"c0";0,999248362735224;64,3385753931545;81,4829749103943;64,4332086931576;26,1670819421506
"Saharan";"c0";0,998794642710671;64,4310823311748;68,524531024531;64,4536772641648;31,9819187789601
"Saharan";"c0";0,998379991160817;64,0148011100833;67,9032258064516;64,0362643558774;28,1239436080627
"Saharan";"c0";0,999674905561158;63,8760407030527;66,3897034864777;63,8899155666227;35,1099090213739
"Saharan";"c0";0,999087979306101;64,3848288621647;82,0235992060895;64,4821909799784;28,9271387653419
"Saharan";"c0";0,998676758216989;64,6160962072155;68,5632183908046;64,6378834501792;27,7405640514235
"Saharan";"c0";0,998565881581499;64,6160962072155;83,3017077798861;64,7192366574787;25,5888895760412
"Saharan";"c0";0,999877252901477;63,7372802960222;65,8266129032258;63,7488129507078;36,019302323336
"Saharan";"c0";0,997738626725105;64,1073080481036;83,7074663687567;64,2154965944918;27,5040855862357
"Saharan";"c0";0,997204835061733;64,8011100832562;84,7804952327406;64,9113918780096;26,8874906300801
"Saharan";"c0";0,999018433052788;64,6623496762257;82,7293417366947;64,7620754833672;28,851496202591
"Saharan";"c0";0,999344420233569;64,199814986124;81,0052134245683;64,2925770750206;28,7655181877173
"Saharan";"c0";0,998587681756826;64,1073080481036;81,9598028310323;64,2058498776322;32,630397583135
"Saharan";"c0";0,999965996534196;63,3209990749306;39,5833333333333;63,189972401104;35,1920098152369
"Saharan";"c0";0,999969262944029;64,0148011100833;40,1041666666667;63,8828196872125;32,5449822526836
"Saharan";"c0";0,998918671434033;64,5235892691952;69,0912356321839;64,5488016686229;29,6761899492417
"Saharan";"c0";0,999871577019702;63,5522664199815;66,3474462365591;63,567695195418;37,410924433549
"Saharan";"c0";0,998280375063463;64,5698427382054;71,6722284019281;64,6090463389251;25,3271086315756
"Saharan";"c0";0,999825654270491;63,6447733580018;67,9603494623656;63,6685943852569;30,9071127976756
"Saharan";"c0";0,999535111671723;64,0610545790934;67,3051075268817;64,078961035107;30,6097361631937
"Saharan";"c0";0,999250935170783;64,3385753931545;69,8051948051948;64,3687499253277;30,9909153379162
"Saharan";"c0";0,999464599508185;63,691026827012;80,094696969697;63,7815714644141;33,417112980521
"Saharan";"c0";0,999447026757125;63,9685476410731;81,0410557184751;64,0627841162013;27,4573155110259
"Saharan";"c0";0,999969262944029;63,3209990749306;40,1041666666667;63,1928472861086;33,2599865570524
"Saharan";"c0";0,999856113421541;63,5985198889917;66,8514784946236;63,6164755022702;36,9595211728173
"Saharan";"c0";0,99828444981777;64,1535615171138;82,8275630329996;64,2566378824269;28,3421610202229
"Saharan";"c0";0,999558527007584;64,199814986124;80,2493686868687;64,2884049789524;33,5213570178407
"Saharan";"c0";0,997891225948957;63,6447733580018;82,8464382385951;63,7507623085847;31,8158009061767
"Saharan";"c0";0,999524291479749;62,4421831637373;66,3978494623656;62,4640175683295;30,4499661626073
"Saharan";"c0";0,999454365184465;64,0610545790934;81,1599869664386;64,1554369105783;28,5029173022755
"Saharan";"c0";0,998905833253735;64,3848288621647;69,1919191919192;64,4113629394218;27,5688636643163
"Saharan";"c0";0,999468230603751;63,9222941720629;81,13880742913;64,0173255239878;28,4775475146432
"Saharan";"c0";0,998548058558058;64,6623496762257;82,2957045426456;64,7596819017993;27,8334897022815
"Saharan";"c0";0,99899889445181;64,1073080481036;82,5372748620802;64,2090373957429;29,150300147774
"Saharan";"c0";0,99962377385504;63,8297872340426;66,8621700879765;63,8465253178729;34,3064103886263
"Saharan";"c0";0,999851563806173;63,691026827012;66,3138440860215;63,7055041991869;37,5206060382705
"Saharan";"c0";0,999683389447188;63,7372802960222;80,334595959596;63,8288938139444;31,333481829111
"Saharan";"c0";0,998664105990022;64,6623496762257;83,5592301436704;64,7666562841417;28,816663282157
"Saharan";"c0";0,999788783956604;63,5060129509713;66,3810483870968;63,5218825117963;35,0157900849399
"Saharan";"c0";0,999679141370142;63,2747456059204;80,3882575757576;63,3692084134816;35,0615100522209
"Saharan";"c0";0,999558527007584;63,3209990749306;80,2462121212121;63,4144225140085;32,6114331160704
"Saharan";"c0";0,999052152132438;63,9685476410731;81,6478361198189;64,066133410045;33,6585289086976
"Saharan";"c0";0,997754010368775;64,6623496762257;83,6328976034858;64,7670629122547;25,8231168918539
"Saharan";"c0";0,999857947719563;63,8760407030527;65,7930107526882;63,8866219544767;34,9652987082336
"Saharan";"c0";0,999783634655015;63,1822386679001;65,7426075268817;63,1963713386948;31,3690096933095
"Saharan";"c0";0,999494852210798;63,6447733580018;66,2634408602151;63,6592278244354;32,6290306806223
"Saharan";"c0";0,998886386761021;64,4310823311748;82,2957045426456;64,5296911014313;25,7081465282435
"Saharan";"c0";0,998201559305445;64,7548566142461;83,3681644026472;64,8575979635841;27,6076041117347
"Saharan";"c0";0,999272579462946;63,4597594819611;66,4583333333333;63,4763109475621;31,6295510871919
"Saharan";"c0";0,999639263672241;64,0148011100833;66,8621700879765;64,0305179581673;33,5611510976221
"Saharan";"c0";0,999729084298328;63,3209990749306;65,8602150537634;63,3350149864973;36,534354239554
"Saharan";"c0";0,998955024789531;64,2460684551341;82,3698610127976;64,3461077884791;25,0651647819496
"Saharan";"c0";0,999323774973773;63,9685476410731;82,2667888067351;64,0695498922175;29,4212298380414
"Saharan";"c0";0,999032394530929;64,4310823311748;82,3653666812732;64,5300756210558;24,5732022030005
"Saharan";"c0";0,999280257873233;64,3848288621647;81,4639336917563;64,4791017499085;25,6932903947463
"Saharan";"c0";0,99847912021399;64,8936170212766;82,8072858731924;64,9924965181593;24,7948503010017
"Saharan";"c0";0,999247656285465;64,1073080481036;67,0833333333333;64,123735050598;33,3916475246267
"Saharan";"c0";0,99909529537619;63,5985198889917;70,6349206349206;63,6373592675341;25,7573976171048
"Saharan";"c0";0,997354980831422;63,5522664199815;69,4104560622914;63,5846023333705;28,0297619951119
"Saharan";"c0";0,999663755412046;64,1073080481036;80,2840909090909;64,1966003178055;30,8992935471543
"Saharan";"c0";0,999056494753121;63,3672525439408;69,2156862745098;63,399534606851;32,2408600935919
"Saharan";"c0";0,997785277233347;64,8011100832562;69,7172619047619;64,828246155868;26,8570233200089
"Saharan";"c0";0,999094637120602;63,7835337650324;67,7450980392157;63,8054007251475;29,024806739473
"Saharan";"c0";0,999659321659559;63,3672525439408;67,9205851619645;63,3923859346566;35,1299308748959
"Saharan";"c0";0,997962184727342;64,5698427382054;83,7248563218391;64,6755741839292;23,0707731362714
"Saharan";"c0";0,999527364109041;64,1535615171138;67,3219086021505;64,1710500934801;30,8607439333167
"Saharan";"c0";0,999678255220899;63,8297872340426;80,2335858585859;63,9203325806362;28,4416415526243
"Saharan";"c0";0,99987721738013;63,691026827012;66,8850806451613;63,7086572988693;37,1823704785925
"Saharan";"c0";0,999962896144181;63,691026827012;39,0625;63,5550827966881;35,3648509567452
"Saharan";"c0";0,999414637857053;63,9685476410731;68,6520376175549;63,99439947167;35,1765955962267
"Saharan";"c0";0,999118596166727;64,2923219241443;81,4927290142807;64,3872643735839;28,9001038708163
"Saharan";"c0";0,999334550748427;64,1535615171138;67,6041666666667;64,1726080956762;31,8101034845248
"Saharan";"c0";0,998789170479336;64,2460684551341;81,5344982078853;64,3414967702367;32,0045001477963
"Saharan";"c0";0,999769179543392;64,0148011100833;66,8850806451613;64,0306444193845;34,2879573392854
"Saharan";"c0";0,999583240263465;63,8297872340426;69,3660745384883;63,8603463175997;29,4326579232608
"Saharan";"c0";0,999326662393888;64,3848288621647;81,088302378625;64,4770283479961;30,7282957144163
"Saharan";"c0";0,998325978430629;64,5698427382054;83,3106931382793;64,6732880945995;27,2614864702426
"Saharan";"c0";0,997815613321424;64,7548566142461;83,6680737109659;64,8592533967487;24,4818505842811
"Saharan";"c0";0,999545554994981;63,6447733580018;67,2883064516129;63,6648848562187;29,2859220574564
"Saharan";"c0";0,999564123226846;63,413506012951;81,0377973281199;63,5107882097228;35,9820171372986
"Saharan";"c0";0,997949340903061;65,3561517113783;84,7366522366522;65,4631277952345;22,1205331723911
"Saharan";"c0";0,999959962185293;63,7835337650324;38,5416666666667;63,6442042318307;35,4257242559032
"Saharan";"c0";0,999296328359045;63,9685476410731;81,0377973281199;64,062766130606;31,0247567049221
"Saharan";"c0";0,999861476174587;64,0148011100833;65,8266129032258;64,0248019111494;35,6789939738615
"Saharan";"c0";0,99965564563527;63,8760407030527;66,8947539915282;63,8927033338999;33,7686672605498
"Saharan";"c0";0,998175641707472;64,3385753931545;83,1154684095861;64,442219696833;29,6451057456332
"Saharan";"c0";0,999402557777591;64,3385753931545;67,6736111111111;64,3569840539712;31,2705221145244
"Saharan";"c0";0,999839068364556;63,4597594819611;67,3555107526882;63,4812631688281;27,8764762552796
"Saharan";"c0";0,999275028795903;63,6447733580018;68,8562091503268;63,6735393329365;28,9404228039338
"Saharan";"c0";0,999861476174587;63,9685476410731;65,8266129032258;63,9788037510758;35,6935989248487
"Saharan";"c0";0,998205343199083;64,477335800185;83,7900898384769;64,5839379383909;24,7522464434725
"Saharan";"c0";0,999460745445102;64,0610545790934;80,1136363636364;64,1496612862758;32,5976224119816
"Saharan";"c0";0,998470898237644;64,7086031452359;68,5632183908046;64,7298797703264;28,2934277188997
"Saharan";"c0";0,997729668796134;64,3385753931545;84,3464052287582;64,4490141962949;28,1092007231768
"Saharan";"c0";0,999204859426667;63,0434782608696;81,1029651352232;63,1431626410408;34,0578883378326
"Saharan";"c0";0,999965996534196;64,0148011100833;39,5833333333333;63,8799448022079;34,4920386095905
"Saharan";"c0";0,999872700021844;63,5985198889917;65,255376344086;63,6076653708045;32,9610966591413
"Saharan";"c0";0,998832153963554;64,1535615171138;81,4997759856631;64,2493087910892;31,253939467449
"Saharan";"c0";0,999116342807051;62,8584643848289;65,4127481713689;62,8725634673673;36,0455016965289
"Saharan";"c0";0,999546808486849;63,8760407030527;80,1799242424242;63,9660345404366;33,4273843892369
"Saharan";"c0";0,999845845760212;63,7835337650324;66,3306451612903;63,79759325756;36,2842043964481
"Saharan";"c0";0,999962896144181;63,8297872340426;39,0625;63,6930772769089;35,5274213268771
"Saharan";"c0";0,998977652945491;64,6623496762257;69,0295815295815;64,68645583181;29,3179508836565
"Saharan";"c0";0,999514250608863;63,8760407030527;67,8259408602151;63,8978432798172;30,2264307042998
"Saharan";"c0";0,998420793163486;63,9222941720629;68,5125448028674;63,9476313420581;29,5591567944309
"Saharan";"c0";0,999544003082911;63,0897317298797;37,2222222222222;62,9469487887151;33,8551385847133
"Saharan";"c0";0,999119093148234;64,477335800185;81,5344982078853;64,5714875706047;28,7606167053294
"Saharan";"c0";0,99785619470071;64,5698427382054;85,5001629195178;64,6853734843764;24,838962277326
"Saharan";"c0";0,999326597215993;64,0610545790934;67,6388888888889;64,0808034345293;32,3523673084493
"Saharan";"c0";0,998750026914762;64,1535615171138;69,1919191919192;64,1813721390538;30,7416092611719
"Saharan";"c0";0,999562519702207;63,691026827012;80,2493686868687;63,7824252181428;32,1179681231923
"Saharan";"c0";0,997736758547836;65,2173913043478;70,9259259259259;65,2489011550649;25,2552860578624
"Saharan";"c0";0,998570910365776;64,3848288621647;70,2681992337165;64,4173037676194;31,8859341893012
"Saharan";"c0";0,999485117068053;63,5060129509713;80,1957070707071;63,5981363775752;34,3519267697844
"Saharan";"c0";0,999300934276248;64,3385753931545;67,5722744688262;64,35642469808;31,3363488763728
"Saharan";"c0";0,998882414419235;64,199814986124;68,6601307189542;64,2244349441709;27,8438229196967
"Saharan";"c0";0,998140579921758;63,6447733580018;70,8754208754209;63,6846849358349;25,3495984963392
"Saharan";"c0";0,997958527542026;63,5985198889917;82,5937950937951;63,7033696141332;29,200694537966
"Saharan";"c0";0,998980167017027;63,691026827012;69,7058823529412;63,7242275014882;27,210455499171
"Saharan";"c0";0,999766911836933;63,691026827012;66,4222873900293;63,7061027822817;32,8938127012941
"Saharan";"c0";0,999200124349803;63,3672525439408;66,5621734587252;63,3848878019801;36,4887667733793
"Saharan";"c0";0,99821690429244;64,8473635522664;83,9454452357678;64,9527807464716;26,2987475453241
"Saharan";"c0";0,998403550021019;64,5235892691952;70,8717357910906;64,5586296363814;31,4752619651594
"Saharan";"c0";0,999355390879098;64,0148011100833;67,6419366074538;64,0348220971893;32,6415512763943
"Saharan";"c0";0,998696127161518;63,5060129509713;81,6691749002159;63,6062695946654;28,6029132881825
"Saharan";"c0";0,999820738550081;63,7372802960222;67,4395161290323;63,7577158203994;32,6579139118765
"Saharan";"c0";0,99682807987605;64,8936170212766;84,1651812240048;64,9999918006845;26,5269667181918
"Saharan";"c0";0,999388658035618;64,3848288621647;81,1420658194852;64,4773251103192;30,396302532112
"Saharan";"c0";0,998988603176675;63,9685476410731;67,51443001443;63,9881201288745;30,672333391209
"Saharan";"c0";0,999264071290645;64,4310823311748;66,8817204301075;64,4446093124017;32,2283156576549
"Saharan";"c0";0,999731944219198;63,6447733580018;80,3882575757576;63,7371936940704;33,2437721908633
"Saharan";"c0";0,998905833253735;64,4310823311748;68,9834770114943;64,4562105446817;28,7415612948182
"Saharan";"c0";0,999186916605935;63,9685476410731;81,9968810661083;64,0680600610825;32,7637190430065
"Saharan";"c0";0,999131045189622;64,6160962072155;41,9354838709677;64,4909042347984;29,0028073839893
"Saharan";"c0";0,998433276165774;65,4486586493987;84,8747657571187;65,5558864715204;24,9988994935439
"Saharan";"c0";0,999743403031026;64,1073080481036;65,809811827957;64,1167054930706;34,6022448003643
"Saharan";"c0";0,999556733612336;63,7835337650324;66,7842741935484;63,8000971896608;30,7134134847155
"Saharan";"c0";0,999065268231454;64,5698427382054;70,0790229885057;64,6002521968087;26,8255737902931
"Saharan";"c0";0,999270141576881;64,3848288621647;81,1241446725318;64,4772261895448;30,7639967367967
"Saharan";"c0";0,99951091594814;64,1073080481036;80,2146464646465;64,1962169998049;33,9080143425361
"Saharan";"c0";0,999703962207545;63,4597594819611;80,2493686868687;63,5524344177748;36,1098210866014
"Saharan";"c0";0,999631551977861;64,0610545790934;80,3188131313131;64,1507938167322;33,1601810955634
"Saharan";"c0";0,999736435045177;63,3209990749306;68,4099055066797;63,3490887148483;27,6579172338623
"Saharan";"c0";0,999959962185293;63,2284921369103;38,5416666666667;63,0922263109476;36,8362699203306
"Saharan";"c0";0,999158272238719;63,6447733580018;67,8683385579937;63,6680865053799;35,6007298609187
"Saharan";"c0";0,999588324576703;64,199814986124;80,2493686868687;64,2884049789524;32,9270969546196
"Saharan";"c0";0,999541358556777;63,9685476410731;80,1294191919192;64,057752083856;30,0617297065452
"Saharan";"c0";0,999054873077978;64,2460684551341;81,9020044057668;64,3435253233069;27,2906258178338
"Saharan";"c0";0,999796932490076;63,9685476410731;66,8346774193548;63,9843680446331;30,4724456283578
"Saharan";"c0";0,996985990034724;65,5874190564292;85,7904998227579;65,6989356015976;24,4349312158682
"Saharan";"c0";0,999731073228929;63,8297872340426;66,3810483870968;63,8438696323115;36,2241165019242
"Saharan";"c0";0,999511957933591;63,8760407030527;80,1294191919192;63,9657557637088;30,7813613214898
"Saharan";"c0";0,999376440729119;63,7835337650324;81,1208862821766;63,8792321229927;30,826570955003
"Saharan";"c0";0,999251264336544;64,3385753931545;83,2363816738817;64,4428871113554;26,4204735390765
"Saharan";"c0";0,997469853288001;65,3098982423682;70,7264957264957;65,3397966645437;28,1164864122813
"Saharan";"c0";0,999195362251309;64,0610545790934;83,3265692640693;64,167395966499;28,2799252040005
"Saharan";"c0";0,998757612280927;64,7548566142461;82,9670948839306;64,8553841483934;27,0975433363963
"Saharan";"c0";0,999151000903628;64,2460684551341;67,8340517241379;64,265873330584;32,7646018058348
"Saharan";"c0";0,998492986902998;64,8936170212766;82,8825783186838;64,9929121158345;27,0411924475097
"Saharan";"c0";0,999874201172531;63,9222941720629;65,2889784946236;63,9298379677716;33,0186753724289
"Saharan";"c0";0,999310844475439;64,0148011100833;67,4014336917563;64,0334945741955;34,3057448831116
"Saharan";"c0";0,998753927520455;64,2460684551341;67,2593390804598;64,2627010436824;28,752733865943
"Saharan";"c0";0,999084256315523;64,5698427382054;69,6969696969697;64,5981433469934;25,7767763822957
"Saharan";"c0";0,99866078754961;64,6160962072155;82,7534065628476;64,7162101558207;24,829245187857
"Saharan";"c0";0,999171146314537;64,4310823311748;68,3006535947712;64,4524415101827;30,0851781460101
"Saharan";"c0";0,99858573120442;64,6160962072155;69,7318007662835;64,6443337668792;31,2328628551009
"Saharan";"c0";0,997441198472838;66,0962072155412;86,1896745230079;66,2071187186182;19,7311767872788
"Saharan";"c0";0,998429921062382;65,4949121184089;85,4532967032967;65,6050779946824;26,8743593231964
"Saharan";"c0";0,999407162475747;64,3848288621647;67,1368861024033;64,4000196105008;32,1053150494047
"Saharan";"c0";0,998410136520767;64,7548566142461;83,4569836293974;64,8580882261052;27,1755815756254
"Saharan";"c0";0,998239670576207;63,691026827012;82,2522759103641;63,7934808237923;31,2144973362536
"Saharan";"c0";0,999071912735144;64,199814986124;82,6114313322322;64,3014430432322;29,5498357537221
"Saharan";"c0";0,997627562778161;64,477335800185;85,7142857142857;64,5945590747799;27,6175648687266
"Saharan";"c0";0,999331744711558;64,2923219241443;81,5939568094741;64,3878231286631;29,132464573152
"Saharan";"c0";0,998932817352396;64,7086031452359;68,524531024531;64,7296662246064;31,8275259627792
"Saharan";"c0";0,999857947719563;63,7835337650324;65,7930107526882;63,7946256343295;34,4743281648912
"Saharan";"c0";0,997447394527736;64,199814986124;69,3362995921394;64,2281672470587;27,6802698264875
"Saharan";"c0";0,999724556399898;63,8297872340426;66,4222873900293;63,8440972625025;33,5972543001514
"Saharan";"c0";0,998221699578068;64,9398704902868;83,8098659003831;65,0440286986222;24,6398166627547
"Saharan";"c0";0,999085752221199;64,6160962072155;82,0339593011843;64,7122389657839;27,9554981895656
"Saharan";"c0";0,998492986902998;64,8936170212766;82,8825783186838;64,9929121158345;27,2338232269368
"Saharan";"c0";0,999670683211682;63,8760407030527;67,3998044965787;63,8954911011771;32,7823609579245
"Saharan";"c0";0,997992772756859;65,3561517113783;84,3389976958525;65,4609328299679;24,2134595048221
"Saharan";"c0";0,99962377385504;64,1073080481036;66,8621700879765;64,1225142783145;33,7987383707956
"Saharan";"c0";0,998976436008987;64,3848288621647;82,1555541015071;64,4829193418666;31,4531139626857
"Saharan";"c0";0,999762941643496;64,0610545790934;66,9018817204301;64,0767353176841;34,3782014680408
"Saharan";"c0";0,999300738729178;64,3848288621647;81,088302378625;64,4770283479961;30,7886582959274
"Saharan";"c0";0,998802906922508;64,477335800185;81,9494427359375;64,5737779727835;30,6236002717933
"Saharan";"c0";0,996745541039266;63,9685476410731;83,8783765254354;64,0784455006004;26,3737541599921
"Saharan";"c0";0,999176491949318;64,4310823311748;81,5781739811912;64,5257304911565;28,7264002306853
"Saharan";"c0";0,9984624134091;64,1535615171138;69,6743295019157;64,1840349374531;31,6039252462634
"Saharan";"c0";0,999361601659684;64,0148011100833;81,13880742913;64,109321844135;31,0679705126402
"Saharan";"c0";0,998466560565063;64,9398704902868;83,7900898384769;65,0439195391268;23,3781769874716
"Saharan";"c0";0,998981413398342;63,3209990749306;81,6691749002159;63,422276954371;25,4706799751719
"Saharan";"c0";0,999758229076372;63,0897317298797;65,3225806451613;63,1020565628988;35,7007103067102
"Saharan";"c0";0,997479820594782;64,6623496762257;84,1610549943883;64,76997822444;25,4104823136878
"Saharan";"c0";0,999246570545731;64,3848288621647;81,7017154301637;64,4804142526044;30,5147150760024
"Saharan";"c0";0,999069402976777;64,0610545790934;68,3006535947712;64,084456229594;32,9713222639773
"Saharan";"c0";0,999847239606753;62,904717853839;64,7009408602151;62,9146326082441;35,6477011496783
"Saharan";"c0";0,996577067215348;66,0037002775208;86,6788766788767;66,1178226863599;21,3919006250789
"Saharan";"c0";0,999732054397252;64,0148011100833;66,8947539915282;64,0306978141207;36,2047022299053
"Saharan";"c0";0,998827330535812;64,3848288621647;68,6363636363636;64,4082963954169;27,9891491322898
"Saharan";"c0";0,99970104886508;64,0148011100833;40,5555555555556;63,8853112542165;35,6525491035304
"Saharan";"c0";0,999366856966409;64,3385753931545;67,1368861024033;64,3540214504272;33,0182043968115
"Saharan";"c0";0,997968796234913;65,2173913043478;71,6394716394716;65,2528397698591;30,8993698031128
"Saharan";"c0";0,99946111414028;64,199814986124;67,8427419354839;64,2199231385583;30,5685107854037
"Saharan";"c0";0,999481300384428;63,0897317298797;80,951449983708;63,1883244709312;24,801845784581
"Saharan";"c0";0,999400418336627;64,199814986124;81,1567285760834;64,2934134052038;30,3483534414497
"Saharan";"c0";0,999897310265892;63,9222941720629;66,364247311828;63,9357732142327;35,7767368556239
"Saharan";"c0";0,99945560359855;64,1535615171138;81,0703812316715;64,2469386268537;28,22524224312
"Saharan";"c0";0,999528192529162;63,7372802960222;80,0978535353535;63,8275870480332;31,4481466403224
"Saharan";"c0";0,999310844475439;64,0148011100833;67,4014336917563;64,0334945741955;34,1427740237526
"Saharan";"c0";0,998697189694817;64,8011100832562;82,5805322128851;64,8992485678724;29,9497871059503
"Saharan";"c0";0,999549750028057;63,9222941720629;80,1830808080808;64,0120501240556;33,0030487694314
"Saharan";"c0";0,997774384775682;65,263644773358;71,0407239819004;65,2955329750611;26,8295343581403
"Saharan";"c0";0,99922608992808;63,9222941720629;70,0790229885057;63,9562779557783;25,8435916139343
"Saharan";"c0";0,997258792529854;64,6623496762257;83,6022603485839;64,7668938013721;27,5716816409426
"Saharan";"c0";0,998366507247397;64,6160962072155;68,5416666666667;64,6377644894204;28,7626859303924
"Saharan";"c0";0,999718343416895;64,1535615171138;66,9273378950798;64,1688721502948;33,1733567811349
"Saharan";"c0";0,999877252901477;63,8760407030527;66,3306451612903;63,8895895777072;32,4294329493838
"Saharan";"c0";0,9992906143426;64,1535615171138;81,0198761811665;64,246659850126;29,3296399392229
"Saharan";"c0";0,999590553003207;64,0610545790934;80,2493686868687;64,1504104987316;31,919936947861
"Saharan";"c0";0,997558004923312;65,1711378353377;84,2794561074131;65,2766115332516;24,5149067409905
"Saharan";"c0";0,999670683211682;63,5060129509713;40;63,376264949402;37,0067149841126
"Saharan";"c0";0,999718906925677;64,0148011100833;67,3998044965787;64,0334855813979;29,9644003121157
"Saharan";"c0";0,999881866816664;63,8760407030527;65,8602150537634;63,8869929073805;36,4108253428629
"Saharan";"c0";0,999032191166822;64,7086031452359;82,0339593011843;64,8042352859311;29,373810196146
"Saharan";"c0";0,998998693644141;64,3385753931545;81,9865209710135;64,4359881562337;29,7805055709557
"Saharan";"c0";0,9991596716026;64,1535615171138;81,0377973281199;64,2467587709004;31,8891783013182
"Saharan";"c0";0,99898894140514;64,4310823311748;81,4704153605016;64,5251356873625;30,6754378124156
"Saharan";"c0";0,999861476174587;63,8297872340426;66,3306451612903;63,8435914176336;36,9073579787298
"Saharan";"c0";0,997700255840816;64,1535615171138;83,0814583898075;64,2580393287386;28,1993357906258
"Saharan";"c0";0,999593607453503;63,691026827012;67,2883064516129;63,7108830162923;28,2575118464809
"Saharan";"c0";0,998291628161236;65,1711378353377;70,3374119391917;65,1996545277232;22,7259437216535
"Saharan";"c0";0,999121308191967;64,477335800185;68,7908496732026;64,5011454443783;28,5976274684732
"Saharan";"c0";0,998212529906553;64,7086031452359;84,4346240179573;64,8174864251221;24,4399798181195
"Saharan";"c0";0,999733120750868;64,0610545790934;41,1111111111111;63,934375958295;35,5182984642952
"Saharan";"c0";0,999783634655015;63,1359851988899;65,7426075268817;63,1503731786212;32,396642253743
"Saharan";"c0";0,999787064405198;63,6447733580018;66,9186827956989;63,6628446152476;34,2443540988018
"Saharan";"c0";0,998235917067883;64,7548566142461;83,1591779867642;64,8564444047108;24,5363432456603
"Saharan";"c0";0,997543537111434;64,5698427382054;70,8898944193062;64,6047280280735;32,3560819647725
"Saharan";"c0";0,997768593412355;64,9398704902868;84,4134024577573;65,0473600871633;25,2723573281551
"Saharan";"c0";0,998827330535812;64,1073080481036;69,7474747474747;64,1384405229851;29,5473420295387
"Saharan";"c0";0,999281360856912;63,8297872340426;66,5621734587252;63,844869402716;34,8058141783799
"Saharan";"c0";0,998835765372356;64,0610545790934;69,2424242424242;64,0896545956344;29,819654281111
"Saharan";"c0";0,999247656285465;64,0610545790934;67,0833333333333;64,0777368905244;33,4304652802336
"Saharan";"c0";0,998910102157658;64,6623496762257;68,6868686868687;64,6845641325862;29,7461828535201
"Saharan";"c0";0,997679690242371;64,477335800185;83,9365881032548;64,5847465764669;21,5054767895077
"Saharan";"c0";0,999014522485959;63,4597594819611;68,7908496732026;63,4891859227592;32,8696186429676
"Saharan";"c0";0,999793185314172;63,9685476410731;65,7762096774193;63,9785255363979;31,5148530667112
"Saharan";"c0";0,998134135572499;65,2173913043478;84,7239361945244;65,3250631252688;25,3176421424582
"Saharan";"c0";0,999404445494811;64,3385753931545;81,1241446725318;64,4312280294712;30,4430882429944
"Saharan";"c0";0,999475615972696;64,2923219241443;66,7674731182796;64,3059842122444;31,815023407326
"Saharan";"c0";0,999071811054351;63,8760407030527;81,4829749103943;63,9732270924217;29,1867059905526
"Saharan";"c0";0,999219767686359;64,199814986124;81,4818548387097;64,2952080303885;26,9076912548065
"Saharan";"c0";0,998950103845924;64,0610545790934;82,1288359615259;64,1607847431179;31,9129512843167
"Saharan";"c0";0,999577444325401;64,1535615171138;68,3635752688172;64,1767998634893;28,5705820052635
"Saharan";"c0";0,999670632221431;63,6447733580018;66,8947539915282;63,6627125335319;32,8125180395602
"Saharan";"c0";0,999670632221431;63,6447733580018;66,8947539915282;63,6627125335319;33,0970367123603
"Saharan";"c0";0,998018257599205;65,263644773358;84,4654528478058;65,3696345143393;26,1108328687286
"Saharan";"c0";0,996924450084435;65,6336725254394;85,7290558903462;65,7445946047305;21,6156491822751
"Saharan";"c0";0,999747777098142;63,5522664199815;67,4323884001303;63,5736838366153;30,7394470006505
"Saharan";"c0";0,999873242353802;63,691026827012;66,9018817204301;63,7087500370953;37,0023958253816
"Saharan";"c0";0,99963281663289;63,7372802960222;65,8520690778755;63,7489534631714;35,8437494281214
"Saharan";"c0";0,99900464130853;63,2747456059204;82,4886204481793;63,3808019527958;25,0450542727669
"Saharan";"c0";0,999679926207937;64,0610545790934;80,3693181818182;64,1510725934599;32,7844391173154
"Saharan";"c0";0,999340832499535;64,477335800185;68,4626436781609;64,4993338197507;31,9119281720738
"Saharan";"c0";0,999427088047877;63,9685476410731;81,1567285760834;64,0634226048358;29,2089628877137
"Saharan";"c0";0,998767775980589;64,6160962072155;83,9128613322162;64,7226100901502;22,1907682185407
"Saharan";"c0";0,999670683211682;63,8760407030527;67,3998044965787;63,8954911011771;32,8289586110915
"Saharan";"c0";0,998463031376882;64,5698427382054;82,8012265512265;64,6704759515247;24,8527677006216
"Saharan";"c0";0,996099041910798;65,0786308973173;85,8305274971942;65,1931767847131;21,3728981722894
"Saharan";"c0";0,99957747505841;63,9685476410731;80,2998737373737;64,0586929553121;35,2055388950742
"Saharan";"c0";0,999513618895587;63,3672525439408;67,9749103942652;63,3926857979444;34,9377106504268
"Saharan";"c0";0,999248298993152;63,0897317298797;82,6374299719888;63,1976307082171;24,9617322595983
"Saharan";"c0";0,999871577019702;63,2284921369103;65,8434139784946;63,2429259281242;38,2157325206104
"Saharan";"c0";0,998651886851469;64,6623496762257;82,6549369747899;64,7616647855094;32,213051325038
"Saharan";"c0";0,99950391971843;64,3385753931545;67,6041666666667;64,3566007359706;28,6186723069919
"Saharan";"c0";0,999535111671723;64,1535615171138;67,3051075268817;64,1709573552542;29,4821466586814
"Saharan";"c0";0,99913979892444;63,9222941720629;69,281045751634;63,9518732976171;27,4543050581413
"Saharan";"c0";0,99965564563527;64,0610545790934;66,8947539915282;64,0766959741943;33,911385308613
"Saharan";"c0";0,998694837720393;64,7548566142461;69,1379310344828;64,7790502173017;29,472782641787
"Saharan";"c0";0,999414637857053;64,3385753931545;81,0915607689801;64,4310481735178;28,458861117798
"Saharan";"c0";0,997789904402947;64,477335800185;69,1964285714286;64,5033841503483;28,6559048809151
"Saharan";"c0";0,998402000618192;64,477335800185;83,2277018551528;64,5808336808932;29,6576280716785
"Saharan";"c0";0,999212150567308;63,7372802960222;81,1746497230368;63,8335307252422;34,021414665166
"Saharan";"c0";0,999796932490076;63,9222941720629;66,8346774193548;63,9383698845595;32,1638455238862
"Saharan";"c0";0,998271760695314;64,8473635522664;84,6230869886784;64,9565211793303;27,3927350585518
"Saharan";"c0";0,99901208202525;63,9685476410731;82,1926323365831;64,0691405648754;32,8403013354208
"Saharan";"c0";0,998497021127665;64,477335800185;82,8327922077922;64,5786538668323;27,6850829007874
"Saharan";"c0";0,999470431488451;63,7372802960222;67,5287356321839;63,758208292358;30,5262391895921
"Saharan";"c0";0,999552858190981;64,1535615171138;80,1830808080808;64,2420409244236;32,0183505503821
"Saharan";"c0";0,999369979421763;64,2923219241443;81,0703812316716;64,3849331070745;30,0358014679641
"Saharan";"c0";0,997666424632985;64,8473635522664;69,7997775305896;64,8746997839775;25,4676050862292
"Saharan";"c0";0,999660725546306;63,7372802960222;65,8520690778755;63,7489534631714;34,0684613701504
"Saharan";"c0";0,997627796924057;65,263644773358;84,5879610585493;65,3703107326139;27,2422533460262
"Saharan";"c0";0,999354194310481;63,3672525439408;80,9188660801564;63,4641335754194;26,6385880052214
"Saharan";"c0";0,99940094208383;64,199814986124;67,7083333333333;64,2191812327507;32,2965526157928
"Saharan";"c0";0,999520015220694;64,199814986124;66,7674731182796;64,2139878920972;31,2499263340764
"Saharan";"c0";0,998058517291009;64,6623496762257;70,3869047619048;64,6939479563675;28,033653395743
"Saharan";"c0";0,997124629570989;65,3098982423682;71,2315462315462;65,3425844318209;24,7789108754278
"Saharan";"c0";0,998753692047493;63,5985198889917;81,4460125448029;63,697034107883;31,2094250197327
"Saharan";"c0";0,999727783340382;63,2747456059204;65,3393817204301;63,2861419414191;37,0529444288738
"Saharan";"c0";0,999881866816664;62,6734505087882;66,8682795698925;62,6966050390242;39,1990494522553
"Saharan";"c0";0,999055045111767;64,3385753931545;81,4460125448029;64,4330046690606;28,0820077147294
"Saharan";"c0";0,998534272602545;64,7548566142461;83,9285714285714;64,8606912866342;23,7364189732617
"Saharan";"c0";0,999418660665929;63,5985198889917;67,6041666666667;63,620630174793;31,5772873185555
"Saharan";"c0";0,998709583637541;64,3385753931545;82,4676127234525;64,4386436764864;30,3185343004606
"Saharan";"c0";0,999535111671723;64,1535615171138;67,3051075268817;64,1709573552542;31,2610034514816
"Saharan";"c0";0,999778341798914;63,691026827012;66,9273378950798;63,7088905495589;35,7383547309975
"Saharan";"c0";0,999881866816664;62,5809435707678;65,8602150537634;62,5990444253198;39,2141512285073
"Saharan";"c0";0,998518305124134;64,7086031452359;84,7555415263749;64,8192578189128;27,52752495037
"Saharan";"c0";0,997929860585505;65,0323774283071;69,7997775305896;65,0586924242719;25,4235084572705
"Saharan";"c0";0,998189763137346;63,691026827012;82,9229797979798;63,7971829611664;31,0080366361067
"Saharan";"c0";0,998481202696603;64,7086031452359;83,4378265412748;64,8119843231349;27,4424801633774
"Saharan";"c0";0,999646695780268;63,8760407030527;65,8520690778755;63,8869479433922;35,6559227619371
"Saharan";"c0";0,99949573440759;63,8760407030527;81,0052134245683;63,9705899545054;25,92147268555
"Saharan";"c0";0,999658785672873;63,9222941720629;80,2998737373737;64,0126947952385;33,8393371878949
"Saharan";"c0";0,999366856966409;64,0610545790934;81,1062235255784;64,1551401482553;29,6387522158381
"Saharan";"c0";0,998878058275713;64,3848288621647;81,9865209710135;64,4819863163073;31,1358873195747
"Saharan";"c0";0,99970104886508;64,0148011100833;40,5555555555556;63,8853112542165;36,3069629712184
"Saharan";"c0";0,99940368893121;63,7835337650324;67,7430555555556;63,8053894510886;33,0768833290415
"Saharan";"c0";0,999475841968418;64,0610545790934;80,1483585858586;64,1498529452761;33,7445423522955
"Saharan";"c0";0,998861789131892;63,691026827012;68,7254901960784;63,7188159532442;33,0990674049515
"Saharan";"c0";0,999492413956017;63,8297872340426;81,841039707419;63,9292053709701;29,7899755536648
"Saharan";"c0";0,998749193774149;64,3848288621647;68,4087643678161;64,4070400977064;29,2187017725606
"Saharan";"c0";0,999769179543392;64,0610545790934;66,8850806451613;64,0766425794581;34,0001154524642
"Saharan";"c0";0,998572398788203;64,8936170212766;69,6180555555556;64,9196948788715;26,6587396118805
"Saharan";"c0";0,999848576017315;63,6447733580018;65,7762096774193;63,6565384158827;36,4094536340551
"Saharan";"c0";0,999392764200174;64,2923219241443;81,1062235255784;64,3851309486233;30,0259421779635
"Saharan";"c0";0,998280203018368;64,8936170212766;83,2793451758969;64,9951021812837;26,6351370940057
"Saharan";"c0";0,998446309714657;64,5698427382054;69,6180555555556;64,5977077583563;26,8545769580662
"Saharan";"c0";0,996553971317788;65,5411655874191;72,1153846153846;65,5774538249239;22,0646639893291
"Saharan";"c0";0,998907921255355;63,9222941720629;69,0373563218391;63,9505281857691;29,7849787575045
"Saharan";"c0";0,999149564961774;64,477335800185;81,4986559139785;64,571289729056;28,3233147068109
"Saharan";"c0";0,999771595845374;63,5522664199815;66,3474462365591;63,567695195418;33,830063178055
"Saharan";"c0";0,997912023491358;65,263644773358;71,1122379986477;65,2959277166439;24,8220316865034
"Saharan";"c0";0,999661928950297;63,9685476410731;80,2998737373737;64,0586929553121;31,7124381041663
"Saharan";"c0";0,999573321809844;63,8760407030527;69,2708333333333;63,9058187672493;27,3481464091814
"Saharan";"c0";0,999183746306816;63,9685476410731;80,9693711306615;64,0623884331039;31,2625198009034
"Saharan";"c0";0,999287905344267;64,2460684551341;81,7174982584465;64,342506890111;31,3594338446246
"Saharan";"c0";0,999035463964411;64,3385753931545;81,4546325322187;64,4330522494879;29,5685977504952
"Saharan";"c0";0,999071313373807;64,4310823311748;81,4704153605016;64,5251356873625;28,4298877286021
"Saharan";"c0";0,999851563806173;63,8760407030527;66,3138440860215;63,8894968394813;35,1133857559191
"Saharan";"c0";0,999375053956899;64,0148011100833;67,7115987460815;64,0352066168137;34,3285998317992
"Saharan";"c0";0,999465712617501;64,1535615171138;67,4551971326165;64,1717858167394;32,815457522619
"Saharan";"c0";0,999907622201887;64,0148011100833;66,3810483870968;64,0278622726059;33,8553336093544
"Saharan";"c0";0,998531674758607;64,3848288621647;68,6059907834101;64,4081287439747;26,9627564065727
"Saharan";"c0";0,99921128391194;64,477335800185;67,9418103448276;64,4964589347461;32,6550095491759
"Saharan";"c0";0,999571075560206;63,6447733580018;68,1944444444444;63,6698865378718;29,0018918736089
"Saharan";"c0";0,99970104886508;64,1535615171138;40,5555555555556;64,0233057344373;35,3598227635843
"Saharan";"c0";0,999093105529256;64,4310823311748;81,5781739811912;64,5257304911565;31,1225656875342
"Saharan";"c0";0,998468131793115;64,8473635522664;82,8779662588061;64,9468884982087;26,4521264562781
"Saharan";"c0";0,999821743215033;63,0434782608696;64,6841397849462;63,0525343502389;34,4523546378918
"Saharan";"c0";0,997273630294079;65,4024051803885;85,0034340659341;65,5105985321027;27,4261552764155
"Saharan";"c0";0,99970104886508;64,1073080481036;66,8947539915282;64,1226941342679;31,8076892771952
"Saharan";"c0";0,998666668090091;64,5698427382054;82,8170093795094;64,6705630692521;24,4342103252837
"Saharan";"c0";0,999663755412046;64,1073080481036;80,2840909090909;64,1966003178055;30,5371889310362
"Saharan";"c0";0,999312968842125;64,1535615171138;69,0912356321839;64,1808163880341;33,4472190646183
"Saharan";"c0";0,999501512064521;62,3034227567068;80,1294191919192;62,4018183212065;36,6155314232112
"Saharan";"c0";0,997290866566585;65,2173913043478;71,3675213675214;65,2513386644021;24,9077714194006
"Saharan";"c0";0,999247656285465;63,6447733580018;67,0833333333333;63,663753449862;33,1903765874579
"Saharan";"c0";0,998675155107682;64,199814986124;82,4754901960784;64,3006926781752;30,7545895660199
"Saharan";"c0";0,999468397076503;64,1535615171138;67,8259408602151;64,1738322402588;31,2009803618428
"Saharan";"c0";0,999874201172531;63,691026827012;65,7930107526882;63,7026293141823;35,9009317954723
"Saharan";"c0";0,998139553884074;64,0610545790934;82,9883805374001;64,1655292393969;31,0155755537896
"Saharan";"c0";0,99853549127313;63,7835337650324;68,4865900383142;63,8094935972676;27,9373413944368
"Saharan";"c0";0,999753229360468;62,4884366327475;65,8938172043011;62,5072335816245;37,0000249087591
"Saharan";"c0";0,998575003134501;64,6623496762257;69,0322580645161;64,6864706056919;27,9154111736204
"Saharan";"c0";0,997660313890911;65,263644773358;84,8832417582418;65,3719406168808;22,802902131355
"Saharan";"c0";0,999675005067065;63,7372802960222;67,367220593027;63,7573167650029;30,8644490297921
"Saharan";"c0";0,999748046501138;63,9685476410731;66,9273378950798;63,9848795100004;31,5432295475727
"Saharan";"c0";0,999702686908157;63,5522664199815;67,9374389051808;63,5764716038924;32,328220198718
"Saharan";"c0";0,997660759531541;63,7372802960222;82,6368257740807;63,8416016142084;29,8304767826015
"Saharan";"c0";0,996227462070463;64,6623496762257;73,7394957983193;64,712453518666;22,5203020845713
"Saharan";"c0";0,998116063692028;64,6623496762257;82,9883805374001;64,7635053203536;29,9698750458557
"Saharan";"c0";0,999751781529402;63,691026827012;67,9374389051808;63,7144660841132;28,7707964502184
"Saharan";"c0";0,997607867850404;65,4949121184089;85,4320987654321;65,6049609867457;25,655633426746
"Saharan";"c0";0,999209425122332;64,3385753931545;67,5026123301985;64,3560401784556;30,8065936269593
"Saharan";"c0";0,999487755873841;63,413506012951;68,1944444444444;63,4398957375038;31,4080656210925
"Saharan";"c0";0,999732324613209;63,6447733580018;65,8434139784946;63,6569093687865;35,7234052088296
"Saharan";"c0";0,999621257778495;63,9685476410731;80,2525252525253;64,0584316021299;30,541461665457
"Saharan";"c0";0,99946111414028;64,2460684551341;66,2298387096774;64,2570184289403;32,0487163005857
"Saharan";"c0";0,999211472840279;63,1359851988899;81,6859326018809;63,2383768128899;33,6009330961338
"Saharan";"c0";0,999285417026944;63,691026827012;81,6859326018809;63,790354733773;30,9697636661722
"Saharan";"c0";0,999735339089831;63,6447733580018;66,364247311828;63,6597842537911;35,4419733613563
"Saharan";"c0";0,999189384519686;63,9685476410731;67,3132183908046;63,9870094851378;32,2750917554934
"Saharan";"c0";0,999841839440817;63,0434782608696;66,2970430107527;63,0614372199306;38,075828620084
"Saharan";"c0";0,997645695380861;65,5874190564292;72,5135975135975;65,6256500322738;23,7911062200585
"Saharan";"c0";0,999969262944029;63,8297872340426;40,1041666666667;63,6988270469181;34,1501515326608
"Saharan";"c0";0,999067652514653;64,3848288621647;81,5165770609319;64,4793923296832;27,7824562300272
"Saharan";"c0";0,998141368181106;64,2460684551341;68,5416666666667;64,2697792088317;30,1226508006277
"Saharan";"c0";0,999506513488874;63,5060129509713;68,0286738351255;63,5309770404883;34,3742717453869
"Saharan";"c0";0,999899082714578;63,6447733580018;66,4146505376344;63,660062468469;35,7867211076705
"Saharan";"c0";0,99811112474645;64,2923219241443;68,3755760368664;64,3148605853001;29,7536338388563
"Saharan";"c0";0,998580561662572;64,7086031452359;70,3896604938272;64,7399613274728;26,2248696203345
"Saharan";"c0";0,999296630048196;63,2747456059204;81,1599869664386;63,3734681893272;32,4204198230364
"Saharan";"c0";0,997454860160361;65,3561517113783;85,0927197802198;65,4650932094584;27,3730414068913
"Saharan";"c0";0,999408481771873;64,3385753931545;67,6388888888889;64,3567923949709;31,4238004111916
"Saharan";"c0";0,999585206795726;63,8760407030527;80,1830808080808;63,966051963982;31,0292848999782
"Saharan";"c0";0,998364999390971;64,8473635522664;83,3873214907698;64,949700026628;26,5411279273925
"Saharan";"c0";0,998927043508939;64,5235892691952;68,8757183908046;64,5476120610348;26,4217100884404
"Saharan";"c0";0,999674905561158;63,9222941720629;65,8520690778755;63,9329461034657;33,8026852927511
"Saharan";"c0";0,998325978430629;64,7086031452359;83,3106931382793;64,8112825748203;25,9184813192599
"Saharan";"c0";0,999479707908273;63,7835337650324;81,0410557184751;63,878791475907;25,9012591461342
"Saharan";"c0";0,998609395696343;64,2923219241443;67,7489177489177;64,3114015699112;32,4686712213921
"Saharan";"c0";0,99877855638591;64,199814986124;67,7262931034483;64,2192803667164;27,1564077477657
"Saharan";"c0";0,999423875872926;63,7835337650324;67,8259408602151;63,80584695967;31,720690491065
"Saharan";"c0";0,999446761876696;64,1535615171138;67,3051075268817;64,1709573552542;30,8206324947804
"Saharan";"c0";0,999579722571621;64,0610545790934;80,2840909090909;64,1506021577319;34,3176933676633
"Saharan";"c0";0,999866501961308;63,5522664199815;67,9435483870968;63,5765053268837;29,5080298135126
"Saharan";"c0";0,999373381180085;63,7372802960222;68,0773249738767;63,7612363844004;36,7255249647504
"Saharan";"c0";0,999815234056058;64,0610545790934;65,7930107526882;64,0706145947711;31,1751871269339
"Saharan";"c0";0,99936664832985;64,2923219241443;81,6478361198189;64,3881205305602;27,5970514215157
"Saharan";"c0";0,999639940321909;63,7835337650324;80,2683080808081;63,8745260795629;32,7553810625278
"Saharan";"c0";0,999250959658778;63,4597594819611;82,2297105716591;63,5633654677369;34,717459759569
"Saharan";"c0";0,999733120750868;64,1073080481036;66,9273378950798;64,1228739902212;32,8900110704813
"Saharan";"c0";0,999283003781157;64,3848288621647;81,1420658194852;64,4773251103192;31,0495676896872
"Saharan";"c0";0,999962896144181;62,9972247918594;39,0625;62,8651103955842;35,1618368115906
"Saharan";"c0";0,998737629024065;64,5235892691952;70,7565284178187;64,5579937171177;30,0147451771701
"Saharan";"c0";0,999505617902978;64,1535615171138;68,5663082437276;64,1779189047492;33,1287720876965
"Saharan";"c0";0,999493672306026;64,1535615171138;68,7152777777778;64,178741183686;29,6584316409169
"Saharan";"c0";0,999121308191967;64,2460684551341;68,7908496732026;64,2711546440103;29,5203505468917
"Saharan";"c0";0,999658785672873;63,9222941720629;80,2998737373737;64,0126947952385;32,7013073678227
"Saharan";"c0";0,999969262944029;63,6447733580018;40,1041666666667;63,5148344066237;33,0218522612784
"Saharan";"c0";0,999759021520446;63,413506012951;80,4545454545455;63,5075687881576;34,1282938274709
"Saharan";"c0";0,99806081636331;65,0786308973173;70,7060755336617;65,1096931492199;24,861221860727
"Saharan";"c0";0,999529829505103;64,1073080481036;68,3635752688172;64,1308017034157;28,7295019200289
"Saharan";"c0";0,998544586579773;64,0148011100833;69,0613026819923;64,0426566845372;29,7722486068774
"Saharan";"c0";0,997116052017292;65,5411655874191;84,7085385878489;65,6469652543948;24,4864372320348
"Saharan";"c0";0,999513359831094;64,1535615171138;68,125;64,1754829806808;27,5737661572317
"Saharan";"c0";0,999036638147614;64,199814986124;82,5417691936046;64,3010585236078;28,3172664474349
"Saharan";"c0";0,999529829505103;64,2923219241443;66,7506720430108;64,3058914740185;30,3471056373113
"Saharan";"c0";0,998222285026909;63,691026827012;67,9749103942652;63,7146729184596;29,8634345894427
"Saharan";"c0";0,999254756828971;63,8297872340426;81,0052134245683;63,9245917944318;31,3125583667593
"Saharan";"c0";0,998822011262561;63,4597594819611;81,5333781362007;63,5595218664372;32,346083574503
"Saharan";"c0";0,999325518857207;63,5522664199815;67,9569892473118;63,5765795174645;35,0552323101702
"Saharan";"c0";0,998584656238404;65,2173913043478;85,4532967032967;65,3290890342408;27,3931194314464
"Saharan";"c0";0,999706520310474;63,9685476410731;80,3693181818182;64,0590762733127;31,6790552911401
"Saharan";"c0";0,998427982611557;65,263644773358;70,3619909502262;65,2917865185845;29,2264302454406
"Saharan";"c0";0,998270441098082;64,8936170212766;83,3965844402277;64,9957493161374;28,5343814338519
"Saharan";"c0";0,999274817081832;64,4310823311748;81,0915607689801;64,523044493665;30,7301419621781
"Saharan";"c0";0,99976485202358;64,0148011100833;66,364247311828;64,0277695343799;33,6287514737634
"Saharan";"c0";0,998243579249243;64,7548566142461;83,3298502264019;64,8573864777906;26,7850628680329
"Saharan";"c0";0,999358470873324;63,8297872340426;67,921146953405;63,8523706363573;33,3103795514749
"Saharan";"c0";0,99989234604213;63,9685476410731;66,8850806451613;63,9846462593109;36,062714001966
"Saharan";"c0";0,998556119700528;64,7548566142461;83,4186694531522;64,8578767403118;26,3574212152893
"Saharan";"c0";0,999640807356384;63,8297872340426;66,357119582926;63,8437375505957;33,9927090888186
"Saharan";"c0";0,998012462488419;64,8936170212766;83,6498626821207;64,9971473561111;24,2771889845347
"Saharan";"c0";0,999292090314496;63,7835337650324;67,9418103448276;63,8064865336421;33,8474637170533
"Saharan";"c0";0,999384717008959;64,0610545790934;68,1469871125043;64,0836080245401;30,7841480740695
"Saharan";"c0";0,999965996534196;63,8297872340426;39,5833333333333;63,6959521619135;33,644130496408
"Saharan";"c0";0,99955042960309;63,8760407030527;66,8010752688172;63,892186248034;30,8313478986267
"Saharan";"c0";0,999202362384831;63,9222941720629;42,4731182795699;63,8038994569249;28,2345397072545
"Saharan";"c0";0,999102807478202;64,3385753931545;81,4861981887844;64,4332264849427;29,5997018000611
"Saharan";"c0";0,999092345521145;63,3672525439408;81,5356182795699;63,4675379113868;30,8841764705179
"Saharan";"c0";0,999840867022877;63,7835337650324;66,8682795698925;63,8005608807906;30,4050314373233
"Saharan";"c0";0,997971744078826;64,1073080481036;82,7597475771918;64,2102653960103;30,6275241899497
"Saharan";"c0";0,999244207255481;64,1535615171138;67,4209770114943;64,1715969292263;31,3007728493455
"Saharan";"c0";0,999063503841491;64,477335800185;41,3978494623656;64,349942131347;30,5308557057255
"Saharan";"c0";0,999186331785106;64,3385753931545;81,4818548387097;64,4332025106092;27,6171363702279
"Saharan";"c0";0,998751659842183;64,5235892691952;68,9295977011494;64,5479094629318;28,1259118721293
"Saharan";"c0";0,999611955926522;63,6447733580018;81,1925708699902;63,7416333258693;28,1150162452799
"Saharan";"c0";0,999732324613209;63,5985198889917;65,8434139784946;63,6109112087129;36,606414329792
"Saharan";"c0";0,998698250123584;63,5060129509713;67,2438672438672;63,5266450813829;32,9342699671854
"Saharan";"c0";0,999356140456061;64,2923219241443;43,5483870967742;64,1778199839748;28,5238469222569
"Saharan";"c0";0,999048483609732;63,691026827012;81,3087774294671;63,7882729204938;27,8784928128865
"Saharan";"c0";0,999763120304517;63,5522664199815;66,9273378950798;63,5708960693381;30,8585152862721
"Saharan";"c0";0,999738524642546;63,4597594819611;65,8846529814272;63,4731443586831;31,9030608964071
"Saharan";"c0";0,998772661570934;64,6623496762257;70,3896604938272;64,6939631673992;27,5187069989267
"Saharan";"c0";0,999053843230493;64,4310823311748;82,4024449163493;64,5302802847269;24,4099435212783
"Saharan";"c0";0,999785514796246;63,7372802960222;67,4563172043011;63,7578085586254;33,7377376003825
"Saharan";"c0";0,997078498497547;65,4486586493987;85,5604260935143;65,5596711651896;26,0334989724237
"Saharan";"c0";0,999392465067512;64,0610545790934;66,8458781362007;64,0764261902642;30,8829256926589
"Saharan";"c0";0,999838950254601;62,904717853839;80,4040404040404;63,0013102506203;36,3232042324891
"Saharan";"c0";0,998621037153335;64,8011100832562;69,6812596006144;64,8280474310982;28,968462938313
"Saharan";"c0";0,99992171327983;63,1359851988899;67,4563172043011;63,1598324776686;36,0539340209446
"Saharan";"c0";0,998290902220936;64,5235892691952;82,7163283277716;64,6240091720024;26,5871743994919
"Saharan";"c0";0,999307056696226;63,691026827012;66,2903225806452;63,7053743656705;30,5428204183638
"Saharan";"c0";0,999553718427524;63,6447733580018;80,1136363636364;63,7356778456134;35,0936462099714
"Saharan";"c0";0,99836384154161;64,8936170212766;83,2288401253918;64,994823404556;25,1735299752449
"Saharan";"c0";0,999538987733775;63,7835337650324;80,1957070707071;63,8741253380168;33,1304407734987
"Saharan";"c0";0,999412045704115;63,8297872340426;67,0833333333333;63,8477460901564;31,0928077808999
"Saharan";"c0";0,998577471614767;64,3848288621647;82,8363759296822;64,4866773280387;26,2934888769152
"Saharan";"c0";0,999355390879098;64,2460684551341;81,088302378625;64,3390338677753;30,8197171457211
"Saharan";"c0";0,996764325516388;66,049953746531;85,6490015360983;66,1581361630327;20,3723557228229
"Saharan";"c0";0,999691718548511;63,9222941720629;67,9048550016292;63,9442770285279;31,1030152150277
"Saharan";"c0";0,999498686056247;63,1359851988899;80,2651515151515;63,230534414987;37,3221404273052
"Saharan";"c0";0,999893175584048;63,691026827012;65,3225806451613;63,7000326438555;33,656467600222
"Saharan";"c0";0,999748046501138;63,5985198889917;66,9273378950798;63,6168942294117;32,7849192566216
"Saharan";"c0";0,999520015220694;63,413506012951;66,7674731182796;63,4320191708461;30,0505711043504
"Saharan";"c0";0,996603329101862;65,4949121184089;85,5909000398248;65,6058375347184;22,5327182949427
"Saharan";"c0";0,999775759085335;62,9972247918594;80,3030303030303;63,092749017312;34,0573047978158
"Saharan";"c0";0,99867129909485;64,4310823311748;82,5367647058823;64,5310217003085;29,8261689168971
"Saharan";"c0";0,998466978665457;64,7086031452359;69,1436251920123;64,7330834877204;28,5481054607371
"Saharan";"c0";0,999260643709014;63,7372802960222;66,326164874552;63,7515703672928;32,156482119872
"Saharan";"c0";0,997233116727248;64,5698427382054;84,1760037348273;64,6780644180395;27,3923911728495
"Saharan";"c0";0,998213319209935;65,4024051803885;72,1445221445222;65,4396201774307;25,2352811389693
"Saharan";"c0";0,998179634068618;64,6623496762257;83,8609749455338;64,7683218488254;22,5509196452363
"Saharan";"c0";0,999196468822344;63,1822386679001;81,7713775687914;63,2848466103153;34,2532212300031
"Saharan";"c0";0,998887252536418;64,4310823311748;82,3979505848249;64,5302554770092;27,944780423959
"Saharan";"c0";0,999655351236653;64,0148011100833;80,334595959596;64,104882774386;33,5862399656591
"Saharan";"c0";0,998730354525134;63,691026827012;68,5416666666667;63,7178012879485;27,4884697822085
"Saharan";"c0";0,998821936627525;64,6623496762257;82,4721070549769;64,7606556047193;28,6718891745655
"Saharan";"c0";0,999361559266779;63,9685476410731;81,1746497230368;64,0635215256101;31,9079001426158
"Saharan";"c0";0,999067652514653;63,7835337650324;68,2352941176471;63,8081064992694;34,9863841841731
"Saharan";"c0";0,998071095435048;64,5235892691952;70,6093189964158;64,5571811536141;24,7695688259362
"Saharan";"c0";0,99862132702137;63,5060129509713;82,1799755058932;63,6090891012285;26,4785913481106
"Saharan";"c0";0,999737101334183;64,0610545790934;65,8266129032258;64,0708000712229;34,6927083410392
"Saharan";"c0";0,999470913514304;64,0610545790934;81,0915607689801;64,1550592130762;26,8034185231409
"Saharan";"c0";0,999025354305328;64,3385753931545;81,4861981887844;64,4332264849427;30,1359000444259
"Saharan";"c0";0,998171181407026;64,199814986124;82,6681998556999;64,3017563929478;26,7952399320528
"Saharan";"c0";0,999404413388321;64,199814986124;67,1180555555556;64,2159230297455;31,7517111518337
"Saharan";"c0";0,99630491120622;66,5124884366328;88,1988869818484;66,6321925684371;17,7824663842548
"Saharan";"c0";0,998951627959939;64,8011100832562;82,4350288199009;64,898445421269;27,3726276763422
"Saharan";"c0";0,997943315892106;65,3098982423682;84,812706444585;65,4175494375966;23,2535014040483
"Saharan";"c0";0,999118596166727;64,0148011100833;81,4704153605016;64,1111522467001;27,6559037554376
"Saharan";"c0";0,999244389121916;64,1535615171138;82,1659141966019;64,2529857269362;29,3496074416661
"Saharan";"c0";0,99987721738013;63,5522664199815;66,8850806451613;63,5706628186485;37,7881220330644
"Saharan";"c0";0,999766911836933;63,2747456059204;41,6666666666667;63,1554737810488;38,135964997877
"Saharan";"c0";0,999140394928891;64,1535615171138;68,6868686868687;64,1785843717767;26,0029113057085
"Saharan";"c0";0,999433041882762;64,199814986124;67,5694444444444;64,2184145967495;28,7948262525138
"Saharan";"c0";0,999086064962932;63,5985198889917;67,2936259143156;63,6189160584047;28,7259037965542
"Saharan";"c0";0,999841839440817;63,8297872340426;65,7930107526882;63,8406237944031;35,5807144847925
"Saharan";"c0";0,997229500862565;65,3098982423682;85,3200414781297;65,4203498149667;22,6120572854997
"Saharan";"c0";0,998138951522622;64,9861239592969;83,7943007662835;65,0899409425922;24,7663236619251
"Saharan";"c0";0,999225873352772;64,0148011100833;81,5085118425636;64,1113625308697;29,2491357785691
"Saharan";"c0";0,999715425746197;64,1073080481036;80,2998737373737;64,1966874355329;30,7315188621994
"Saharan";"c0";0,998450892136411;64,6623496762257;69,8522167487685;64,6909965965893;29,440065189417
"Saharan";"c0";0,998785326096585;64,5235892691952;82,3608723497489;64,6220471334853;27,0785391131118
"Saharan";"c0";0,998917954398439;63,8760407030527;81,4280913978495;63,9729241475502;29,9725378167104
"Saharan";"c0";0,999515770242244;63,413506012951;80,1136363636364;63,5056870452455;33,3072206023578
"Saharan";"c0";0,998566528761678;63,6447733580018;82,4305344883765;63,7484666117114;31,0718710493564
"Saharan";"c0";0,999206004896569;64,2460684551341;81,5165770609319;64,3413978494624;26,9370913391047
"Saharan";"c0";0,998468005642873;64,3848288621647;82,3653666812732;64,4840774609822;29,8104010167271
"Saharan";"c0";0,998271004983303;64,9861239592969;83,3873214907698;65,0876945068488;26,042334431905
"Saharan";"c0";0,999452282825497;63,7835337650324;69,6659482758621;63,816003394347;34,3967352608284
"Saharan";"c0";0,999439478664906;64,1073080481036;81,1746497230368;64,2015160058309;31,2846557420497
"Saharan";"c0";0,997241653340951;66,0037002775208;86,4508830827616;66,1165642120484;21,8340505590643
"Saharan";"c0";0,99995216302758;63,0434782608696;36,9791666666667;62,8996090156394;38,5464221120091
"Saharan";"c0";0,998723415534746;64,477335800185;82,5367647058823;64,5770198603821;29,3543825094648
"Saharan";"c0";0,998329453369418;63,9685476410731;83,242556281772;64,0749359132388;31,1834575361561
"Saharan";"c0";0,999611577177526;64,1535615171138;65,8194851743239;64,1627570478804;34,9249741341319
"Saharan";"c0";0,999870021451925;63,3209990749306;67,4059139784946;63,3435469032852;28,6618881434128
"Saharan";"c0";0,9986108131431;64,7086031452359;84,610177404295;64,8184554410541;26,443789052681
"Saharan";"c0";0,999394940107846;64,0148011100833;66,7506720430108;64,0299025135769;33,3533621659669
"Saharan";"c0";0,999595514523866;64,1535615171138;80,2146464646465;64,2422151598785;31,1249789663047
"Saharan";"c0";0,997805114904882;64,477335800185;72,0926301555105;64,5193705436367;25,1651779972406
"Saharan";"c0";0,997748585513222;64,4310823311748;84,4819725028058;64,5417588178628;27,7711290726435
"Saharan";"c0";0,997990454842039;64,9398704902868;84,4710061443932;65,0476780467952;25,5259790364876
"Saharan";"c0";0,999260643709014;63,5060129509713;66,8100358422939;63,5242504278323;32,2606776777419
"Saharan";"c0";0,999392764200174;64,2923219241443;81,1062235255784;64,3851309486233;29,8979042834022
"Saharan";"c0";0,998393443418214;65,0786308973173;83,3490073145246;65,1794793412025;26,3450071426086
"Saharan";"c0";0,998916357681315;64,2923219241443;81,4471326164875;64,3870126915353;29,7157414642479
"Saharan";"c0";0,999734888156511;62,8122109158187;64,7009408602151;62,8226362880969;34,0100200376046
"Saharan";"c0";0,999186467605828;64,3385753931545;81,9494427359375;64,4357834925627;26,7184917574034
"Saharan";"c0";0,998225650109833;63,8760407030527;82,2216386554622;63,977304353204;30,9042905237455
"Saharan";"c0";0,999654549592419;63,9222941720629;80,334595959596;64,0128864542388;33,1609127731723
"Saharan";"c0";0,99962377385504;63,8760407030527;66,8621700879765;63,8925234779465;33,6494671133897
"Saharan";"c0";0,999418660665929;64,2460684551341;67,6041666666667;64,2646044158234;30,9146064202823
"Saharan";"c0";0,999121308191967;64,5235892691952;68,7908496732026;64,5471436044519;28,775294545518
"Saharan";"c0";0,998966964840163;64,5235892691952;69,1197691197691;64,5489591671744;30,3214202129592
"Saharan";"c0";0,999718343416895;63,7835337650324;66,9273378950798;63,800886869706;34,0971808162842
"Saharan";"c0";0,998999785185715;64,1073080481036;40,8602150537634;63,9789892275277;31,7824235287969
"Saharan";"c0";0,999562519702207;64,1073080481036;80,2304292929293;64,1963041175323;33,2279592114795
"Saharan";"c0";0,999972694963637;63,9222941720629;40,625;63,7936982520699;33,659577481817
"Saharan";"c0";0,998859712714975;63,691026827012;81,5871415770609;63,7898094291282;31,9488336194711
"Saharan";"c0";0,999708575842776;63,7372802960222;67,9048550016292;63,7602843882335;29,9082968003773
"Saharan";"c0";0,999414968657204;63,0434782608696;68,3333333333333;63,0726770929163;34,257228586078
"Saharan";"c0";0,999405598614369;64,2460684551341;68,1944444444444;64,2678626188286;30,3195638154673
"Saharan";"c0";0,999111419932455;63,8297872340426;69,281045751634;63,8598769774699;27,4488319302092
"Saharan";"c0";0,999296976288773;64,3848288621647;81,4997759856631;64,4792995914572;26,4176464492182
"Saharan";"c0";0,999724250690096;63,3672525439408;80,2872474747475;63,4606471801734;28,4459977238702
"Saharan";"c0";0,99614485662282;65,8649398704903;86,0901295384054;65,9765784519139;22,4781284970434
"Saharan";"c0";0,999732054397252;63,8297872340426;66,8947539915282;63,8467051738263;35,9952037135427
"Saharan";"c0";0,999902943976966;63,8297872340426;65,8434139784946;63,8409020090809;33,7673504876295
"Saharan";"c0";0,999492022823885;64,199814986124;81,0736396220267;64,2929547725227;27,9755657151536
"Saharan";"c0";0,999642010945775;64,0610545790934;66,8295861844249;64,0763362622875;31,2104934608935
"Saharan";"c0";0,998365385808057;64,8936170212766;84,1764251997095;65,0000538649478;26,3893494853537
"Saharan";"c0";0,999031476257436;64,5698427382054;82,0813976313551;64,6665026548189;30,0820272128191
"Saharan";"c0";0,998581110134087;64,8011100832562;69,6527777777778;64,8278902177246;26,5106963373971
"Saharan";"c0";0,999213691954594;63,691026827012;81,6004876349704;63,7898830964212;29,4542172375215
"Saharan";"c0";0,998599746064705;64,3385753931545;68,4343434343434;64,3611831284324;31,9463626240252
"Saharan";"c0";0,999410625209757;62,627197039778;79,9747474747475;62,7229516879931;31,6575139449876
"Saharan";"c0";0,999733120750868;63,5985198889917;41,1111111111111;63,474394357559;37,3050147186486
"Saharan";"c0";0,999023376566201;64,6160962072155;70,3341013824885;64,647658333298;28,1468968107257
"Saharan";"c0";0,998341647493463;64,9861239592969;70,3284072249589;65,0156121833944;28,2968290814648
"Saharan";"c0";0,999658785672873;64,1535615171138;80,3188131313131;64,2427901368794;31,0989326275319
"Saharan";"c0";0,999132472317869;64,2460684551341;81,4650537634409;64,3411134522361;28,6907719456799
"Saharan";"c0";0,999962896144181;63,1359851988899;39,0625;63,003104875805;36,6501040518713
"Saharan";"c0";0,99855539774814;64,5698427382054;43,2098765432099;64,4519404409009;32,9534939557399
"Saharan";"c0";0,996907659859665;64,3848288621647;70,8526234567901;64,4205296602951;21,1713213288403
"Saharan";"c0";0,999757263984485;63,8760407030527;66,3138440860215;63,8894968394813;32,9081979071917
"Saharan";"c0";0,999809159490398;63,7372802960222;66,817876344086;63,7542845060391;30,3313158256373
"Saharan";"c0";0,999468397076503;64,1535615171138;67,8259408602151;64,1738322402588;31,2613429433538
"Saharan";"c0";0,998994527858164;64,1535615171138;70,1792114695341;64,1868217744409;25,9159565749784
"Saharan";"c0";0,999085007889166;64,5698427382054;82,1184758664311;64,66670731849;29,6945497941616
"Saharan";"c0";0,997816163382057;65,4024051803885;85,0034340659341;65,5105985321027;24,4655444889361
"Saharan";"c0";0,999209585637261;64,3385753931545;82,1926323365831;64,4371258454641;30,8433975148133
"Saharan";"c0";0,997897389205398;64,3385753931545;70,4857248794957;64,3725063010828;26,8338829402609
"Saharan";"c0";0,998864370666759;64,5698427382054;69,1197691197691;64,594957327248;31,9834405118163
"Saharan";"c0";0,999285695948765;63,7835337650324;81,1746497230368;63,8795288853158;33,3750890330464
"Saharan";"c0";0,999751218379452;64,0610545790934;65,7930107526882;64,0706145947711;32,943439668018
"Saharan";"c0";0,999300738729178;63,9685476410731;81,088302378625;64,0630449073337;31,2056760309669
"Saharan";"c0";0,998682982437763;64,477335800185;69,0909090909091;64,5028017061136;28,0492608405089
"Saharan";"c0";0,999149881443959;63,9685476410731;82,0443193962791;64,068321910191;28,9588992242909
"Saharan";"c0";0,998452385316946;64,8936170212766;70,1612903225807;64,922693414844;28,9593503392931
"Saharan";"c0";0,999202362384831;64,3848288621647;42,4731182795699;64,2638810576609;28,2861291498769
"Saharan";"c0";0,998500549043916;64,7548566142461;68,494623655914;64,7754993026085;28,2739525639723
"Saharan";"c0";0,999084578653018;64,199814986124;69,1451149425287;64,2271119500048;30,1212919876847
"Saharan";"c0";0,998933886640057;64,0610545790934;81,5400774991292;64,1575349263981;31,9487449515396
"Saharan";"c0";0,99965557418803;63,8297872340426;80,217803030303;63,9202454629087;30,2323768548616
"Saharan";"c0";0,999293045358119;63,4597594819611;80,9221244705116;63,556147881162;28,0137819909848
"Saharan";"c0";0,999451626566001;63,5060129509713;80,0599747474748;63,5973871651195;32,6311302375781
"Saharan";"c0";0,998928762752928;63,7835337650324;68,7373737373737;63,8108778679156;29,9679177732668
"Saharan";"c0";0,999433041882762;64,199814986124;67,5694444444444;64,2184145967495;29,6481462047172
"Saharan";"c0";0,998487637115899;64,3385753931545;82,4350288199009;64,438463820533;30,9632528068684
"Saharan";"c0";0,998547804007958;62,9972247918594;69,1039426523297;63,0309325261398;28,9015684975842
"Saharan";"c0";0,997607034514107;65,3561517113783;84,7085385878489;65,4629726141004;22,2785017253648
"Saharan";"c0";0,999976292184239;62,5809435707678;41,1458333333333;62,4626264949402;40,2905465916957
"Saharan";"c0";0,998702075682832;64,8473635522664;82,9017354068064;64,9470196986576;26,6562237024732
"Saharan";"c0";0,999959962185293;63,9685476410731;38,5416666666667;63,8281968721251;37,7242763600471
"Saharan";"c0";0,999519747047915;63,8760407030527;80,1136363636364;63,9656686459814;31,1845235306286
"Saharan";"c0";0,998953048641563;64,5698427382054;69,534632034632;64,59724727894;27,5458579129991
"Saharan";"c0";0,998874478658324;64,477335800185;82,0339593011843;64,5742444855631;31,4400492143538
"Saharan";"c0";0,999523887945006;63,5522664199815;80,094696969697;63,6435769841934;31,7908353402548
"Saharan";"c0";0,999281360856912;64,3848288621647;81,0557184750733;64,4768484920427;29,8180476099449
"Saharan";"c0";0,998617620391708;64,7086031452359;82,7789046653144;64,8083472198637;24,8144147693619
"Saharan";"c0";0,998862103056111;64,6160962072155;68,4343434343434;64,637172088874;30,5126166988846
"Saharan";"c0";0,999538579262865;63,3209990749306;69,7198275862069;63,356319195508;34,9657878642651
"Saharan";"c0";0,999102454588354;63,3209990749306;67,7262931034483;63,345315325318;33,7064792933945
"Saharan";"c0";0,999095623579596;63,9222941720629;81,5681003584229;64,0196951261734;30,0516750658015
"Saharan";"c0";0,999867506524027;63,9222941720629;65,809811827957;63,9327128527762;35,9617525377186
"Saharan";"c0";0,999302550739004;63,7372802960222;80,9872922776149;63,8324965535103;29,5236155520583
"Saharan";"c0";0,999872700021844;63,4597594819611;65,255376344086;63,4696708905837;33,8576683028995
"Saharan";"c0";0,99981879539187;63,8760407030527;66,8514784946236;63,8924644627118;31,4661042996859
"Saharan";"c0";0,998409491851341;63,1359851988899;69,1039426523297;63,1689270063606;30,0245420896215
"Saharan";"c0";0,999685766751969;63,5060129509713;67,4323884001303;63,5276856765417;33,8812366837086
"Saharan";"c0";0,999867506524027;64,1073080481036;65,809811827957;64,1167054930706;34,4995835203035
"Saharan";"c0";0,999887187324178;63,8297872340426;65,8434139784946;63,8409020090809;34,6597524723823
"Saharan";"c0";0,999535111671723;64,199814986124;67,3051075268817;64,2169555153278;30,724821962605
"Saharan";"c0";0,99981879539187;63,5522664199815;66,8514784946236;63,5704773421966;31,1599490278444
"Saharan";"c0";0,999214835164511;64,1073080481036;81,0377973281199;64,2007606108268;30,7783451277011
"Saharan";"c0";0,998912256543418;64,477335800185;68,9295977011494;64,5019113028582;28,1374974463173
"Saharan";"c0";0,999287351505276;64,0148011100833;67,3835125448029;64,0333956534212;32,303536339375
"Saharan";"c0";0,999251223276841;64,0610545790934;67,5026123301985;64,080051218014;28,6784764372706
"Saharan";"c0";0,99962212563235;63,8297872340426;69,3660745384883;63,8603463175997;35,6172966947489
"Saharan";"c0";0,998170425183483;64,0610545790934;69,4508448540707;64,0908050313932;29,7003463120205
"Saharan";"c0";0,999389532196904;63,9222941720629;66,7842741935484;63,9380916698816;32,7350223350595
"Saharan";"c0";0,999766911836933;63,9685476410731;41,6666666666667;63,8454461821527;35,8984856977263
"Saharan";"c0";0,998915634329617;64,477335800185;68,4343434343434;64,4991776086532;29,8035449853185
"Saharan";"c0";0,999800844181548;63,5522664199815;66,2970430107527;63,5674169807401;30,2997382051506
"Saharan";"c0";0,998296433593939;65,0323774283071;83,7650700553926;65,1357777555955;24,6034377315131
"Saharan";"c0";0,999766911836933;64,199814986124;41,6666666666667;64,0754369825207;34,3508754922239
"Saharan";"c0";0,999209425122332;64,3385753931545;67,5026123301985;64,3560401784556;32,1785779722265
"Saharan";"c0";0,999805543901029;63,3672525439408;67,4059139784946;63,3895450633588;33,2175252769331
"Saharan";"c0";0,998800811369734;63,6447733580018;81,5512992831541;63,7436134275059;32,5083214677641
"Saharan";"c0";0,999172461809261;64,1535615171138;66,9278996865204;64,1688752512595;31,1977061076416
"Saharan";"c0";0,998601897244554;64,3848288621647;82,4350288199009;64,4844619806066;30,6581794656891
"Saharan";"c0";0,998647104797361;64,8011100832562;82,5061274509804;64,8988378700146;29,655197405616
"Saharan";"c0";0,999628567272674;63,9685476410731;80,334595959596;64,0588846143124;33,8818113498027
"Saharan";"c0";0,998866292559396;64,2460684551341;81,9598028310323;64,343844357853;31,2570705239027
"Saharan";"c0";0,998744054925484;63,9222941720629;68,3441558441558;63,9467018721849;33,8179830652628
"Saharan";"c0";0,996453736825534;65,8186864014801;73,7394957983193;65,8624075205059;21,9084426045947
