"matrix_id";"baseline";"ceof_cor";"stat_nodf_columns";"stat_nodf_rows";"stat_nodf_general";"stat_temp"
"vanschaik2009_unk_present";"c0";0,994184950156503;49,9859943977591;42,6066580478345;49,6543388314704;55,6175535844848
"vanschaik2009_unk_present";"c0";0,995330536378043;50,8207282913165;44,921968787515;50,5556155046288;54,5860639049689
"vanschaik2009_unk_present";"c0";0,98378866653694;51,5378151260504;51,5339868464868;51,5376430685419;47,5547043943562
"vanschaik2009_unk_present";"c0";0,98631246384061;52,5826330532213;53,3327199116673;52,6163448221402;47,1274539487597
"vanschaik2009_unk_present";"c0";0,992480161385532;50,7226890756303;47,5412286126572;50,5797020885303;51,3667266592188
"vanschaik2009_unk_present";"c0";0,989475893214902;51,9103641456583;50,5841633211989;51,8507596142219;50,3995111616391
"vanschaik2009_unk_present";"c0";0,99134468849158;50,2829131652661;48,1339808650733;50,1863319382911;51,2831968877764
"vanschaik2009_unk_present";"c0";0,98996725892831;49,8179271708683;50,6018508955539;49,8531596978205;53,9615111368687
"vanschaik2009_unk_present";"c0";0,986104551539709;52,733893557423;49,5081555349413;52,5889165676485;47,528687349107
"vanschaik2009_unk_present";"c0";0,991169686134035;50,3389355742297;51,2900215754318;50,381681012486;51,8404363641908
"vanschaik2009_unk_present";"c0";0,994890725587898;50,8963585434174;50,1096752803686;50,8610019922691;51,869745576025
"vanschaik2009_unk_present";"c0";0,994586911091516;50,5070028011204;48,1170801653995;50,3995905478296;55,1328176837986
"vanschaik2009_unk_present";"c0";0,992547538810137;51,9271708683473;50,1208656539539;51,8459886115207;51,3541496355682
"vanschaik2009_unk_present";"c0";0,983273979206617;51,327731092437;51,9288292239973;51,3547467387992;50,5923708075033
"vanschaik2009_unk_present";"c0";0,987254826002061;51,6862745098039;40,7191664544606;51,1933707769795;49,7118563998006
"vanschaik2009_unk_present";"c0";0,989946282330636;51,9859943977591;50,4095169536346;51,915141478922;46,5817718151548
"vanschaik2009_unk_present";"c0";0,991205031995809;50,9327731092437;50,1584479945824;50,8979719804949;51,8372904404913
"vanschaik2009_unk_present";"c0";0,994210879785847;50,0924369747899;50,039019395637;50,0900361847156;53,948074471622
"vanschaik2009_unk_present";"c0";0,996030778856041;49,9243697478992;44,6058423369348;49,6853348080805;57,4024743089566
"vanschaik2009_unk_present";"c0";0,995540205415325;50,5826330532213;46,6832983193277;50,4073820539452;55,0633488254051
"vanschaik2009_unk_present";"c0";0,987987991572545;51,6274509803922;54,5765197104483;51,7599933952261;48,820436627651
"vanschaik2009_unk_present";"c0";0,995406679148196;50,5658263305322;42,7389705882353;50,2140575331256;54,0452918035131
"vanschaik2009_unk_present";"c0";0,992385569554606;50,7983193277311;50,1947824584379;50,7711940751786;48,3234359840984
"vanschaik2009_unk_present";"c0";0,991467707154945;51,8347338935574;48,0015082956259;51,6624540914032;50,5670725462208
"vanschaik2009_unk_present";"c0";0,989475643332413;51,406162464986;51,4682315233786;51,4089520855879;51,1702867426215
"vanschaik2009_unk_present";"c0";0,987744854983083;52,4705882352941;48,0671584055043;52,2726812766519;46,4815852895099
"vanschaik2009_unk_present";"c0";0,994920114997146;48,3837535014006;50,421543617447;48,4753395740319;56,9095514904458
"vanschaik2009_unk_present";"c0";0,994932159033303;49,4145658263305;44,4729141656663;49,1924691224805;58,4979278218322
"vanschaik2009_unk_present";"c0";0,998347126866999;49,4453781512605;39,6918767507003;49,0070185377522;59,8047243766189
"vanschaik2009_unk_present";"c0";0,99383820509662;50,2857142857143;46,1954365079365;50,1018815766007;52,5263407506999
"vanschaik2009_unk_present";"c0";0,979720864290371;54,546218487395;55,1987006923982;54,5755435303165;43,7655560315505
"vanschaik2009_unk_present";"c0";0,989884130582382;51,1960784313725;47,9641984999128;51,0508254007451;49,7860922633526
"vanschaik2009_unk_present";"c0";0,981275832229911;53,1904761904762;53,2302263010467;53,1922627122996;44,2500148461198
"vanschaik2009_unk_present";"c0";0,994123357198349;49,4733893557423;50,2646892090169;49,5089533940917;53,4684523204069
"vanschaik2009_unk_present";"c0";0,99565549835521;50,750700280112;44,0216952165482;50,448273086244;54,3320015434221
"vanschaik2009_unk_present";"c0";0,984190880566891;51,1848739495798;50,2310972235784;51,1420075798719;50,7558113447749
"vanschaik2009_unk_present";"c0";0,990239502662124;52,0896358543417;52,1173661772401;52,0908821609889;49,6241526487327
"vanschaik2009_unk_present";"c0";0,996952027512738;49,7899159663866;43,1301270508203;49,4905996106308;57,5279943549778
"vanschaik2009_unk_present";"c0";0,994895094113755;51,1708683473389;48,2082031530561;51,0377148554611;51,227617308837
"vanschaik2009_unk_present";"c0";0,990930652588686;50,4957983193277;52,2099519632414;50,5728389325373;51,3585710063049
"vanschaik2009_unk_present";"c0";0,995980952237464;50,1764705882353;45,1295518207283;49,9496427784597;52,1224106808192
"vanschaik2009_unk_present";"c0";0,996065525384358;48,9719887955182;48,8724335888201;48,9675144042059;56,9748879339451
"vanschaik2009_unk_present";"c0";0,987811802293183;52,4313725490196;52,7884519192292;52,4474210600403;46,8418801245609
"vanschaik2009_unk_present";"c0";0,991461441944361;50,8879551820728;50,5739154636213;50,8738410374233;51,1346156150151
"vanschaik2009_unk_present";"c0";0,998559426765561;50,0672268907563;39,8967086834734;49,6101249488559;60,7866641408412
"vanschaik2009_unk_present";"c0";0,987728004704642;51,9019607843137;53,510392793481;51,9742498633774;47,2880282337718
"vanschaik2009_unk_present";"c0";0,993326057494224;51,0672268907563;46,0907951697425;50,8435670381265;51,5811463902057
"vanschaik2009_unk_present";"c0";0,985722203601442;51,890756302521;50,921201814059;51,8471808198935;46,6550718444102
"vanschaik2009_unk_present";"c0";0,98998154559241;50,9943977591036;54,1233203807839;51,1350234949095;50,6488248730345
"vanschaik2009_unk_present";"c0";0,993505869981841;50,5490196078431;51,6314859277044;50,5976697795223;52,0592813270941
"vanschaik2009_unk_present";"c0";0,986157368088295;51,3361344537815;52,3107448107448;51,379937166454;48,998052862645
"vanschaik2009_unk_present";"c0";0,996682762185998;49,4733893557423;42,6318027210884;49,1659023159826;57,8528803357682
"vanschaik2009_unk_present";"c0";0,998941130536478;49,5966386554622;39,2219387755102;49,1303600091722;63,7519585634492
"vanschaik2009_unk_present";"c0";0,992351714904186;50,2240896358543;47,4294333117862;50,0984871044356;52,7400586004217
"vanschaik2009_unk_present";"c0";0,995220617155561;50,7086834733894;46,3795518207283;50,514115758663;54,4300449962102
"vanschaik2009_unk_present";"c0";0,988161158607297;51,5994397759104;50,7882640235581;51,562982438726;52,1062202179906
"vanschaik2009_unk_present";"c0";0,997246608224644;49,7591036414566;44,9357627666451;49,5423242762965;55,1644880535448
"vanschaik2009_unk_present";"c0";0,992309969113804;50,750700280112;45,353372118078;50,5081237335038;54,2243157852657
"vanschaik2009_unk_present";"c0";0,995293027957418;50,7394957983193;51,3132304203733;50,7652816240296;50,9763680368635
"vanschaik2009_unk_present";"c0";0,991445172150207;50,2324929971989;45,1256828488971;50,0029734399718;51,2231405337296
"vanschaik2009_unk_present";"c0";0,996754092191387;50,7843137254902;46,6108911513323;50,5967441715955;53,286771594867
"vanschaik2009_unk_present";"c0";0,993764027367959;50,3389355742297;45,4413356251592;50,1188187225861;53,3030012701821
"vanschaik2009_unk_present";"c0";0,996737648997139;50,1680672268908;45,9601244343891;49,9789462025087;52,1543957365437
"vanschaik2009_unk_present";"c0";0,982222503117253;52,7170868347339;52,8348917164707;52,7223814361603;45,3864788903351
"vanschaik2009_unk_present";"c0";0,985551942156517;51,3529411764706;52,8606911878971;51,420705221928;51,6739933386131
"vanschaik2009_unk_present";"c0";0,997802800881806;48,0812324929972;45,5548469387755;47,9676870748299;61,5778870915317
"vanschaik2009_unk_present";"c0";0,996161240190285;50,6526610644258;49,6673990108864;50,6083796238173;51,8615488920927
"vanschaik2009_unk_present";"c0";0,981970706320711;53,3865546218487;48,8703173577123;53,1835776661572;45,2605575478622
"vanschaik2009_unk_present";"c0";0,986655133636631;52,453781512605;51,2770325434799;52,4008939184871;47,3139242120011
"vanschaik2009_unk_present";"c0";0,987709401485894;50,9831932773109;54,0047339786117;51,1189928593919;48,8247802728877
"vanschaik2009_unk_present";"c0";0,990142286737658;53,0252100840336;55,0419148152452;53,1158484989195;46,568723205836
"vanschaik2009_unk_present";"c0";0,987243148630696;52,0924369747899;51,8616617300828;52,0820650536795;44,8188726574856
"vanschaik2009_unk_present";"c0";0,98571911946953;51,4621848739496;53,5255768974256;51,5549215941058;45,1844192703612
"vanschaik2009_unk_present";"c0";0,979593804999191;53,9971988795518;49,6245906656123;53,8006771620714;43,2344134588738
"vanschaik2009_unk_present";"c0";0,987599379578746;52,0756302521008;53,5722117794486;52,1428923432176;46,0955454262443
"vanschaik2009_unk_present";"c0";0,981636968220793;51,5266106442577;51,1666609963824;51,5104331319936;46,5175871767918
"vanschaik2009_unk_present";"c0";0,994960354356051;50,7787114845938;48,34127881922;50,6691639490714;52,940444788606
"vanschaik2009_unk_present";"c0";0,994023236940995;51,5238095238095;49,1291099773243;51,4161825779001;49,9028180358006
"vanschaik2009_unk_present";"c0";0,993993024540282;50,1904761904762;44,7196186166774;49,9445949512043;54,4553597234279
"vanschaik2009_unk_present";"c0";0,992943536770149;51,4929971988796;47,5287483414418;51,3148287109048;51,409906504683
"vanschaik2009_unk_present";"c0";0,982672010292618;53,1540616246499;52,8840318178553;53,141925453558;46,1673222692801
"vanschaik2009_unk_present";"c0";0,991698606247643;51,3613445378151;45,875350140056;51,1147829918484;49,5873341576906
"vanschaik2009_unk_present";"c0";0,985735698437775;52,5490196078431;53,5956731177319;52,5960602150291;46,671376992296
"vanschaik2009_unk_present";"c0";0,991227044109514;51,890756302521;49,9488898123352;51,8034814040857;50,9604564767849
"vanschaik2009_unk_present";"c0";0,980226519673699;53,0224089635854;53,9069112493482;53,0621618753051;45,331854792123
"vanschaik2009_unk_present";"c0";0,98720100152105;51,5266106442577;52,4053015268186;51,5661023693166;48,0536043299088
"vanschaik2009_unk_present";"c0";0,994268250934498;50,2549019607843;50,0791983460051;50,2470051691088;52,3055240439655
"vanschaik2009_unk_present";"c0";0,998166493836785;49,2941176470588;45,5764805922369;49,1270328356062;60,1890015138101
"vanschaik2009_unk_present";"c0";0,982374198843282;52,6302521008403;49,1123642439432;52,4721447814292;43,9815891363909
"vanschaik2009_unk_present";"c0";0,987253334627633;52,4677871148459;54,0554511278196;52,5391428008223;50,1170884057879
"vanschaik2009_unk_present";"c0";0,985344594318585;53,9943977591036;50,7836023625497;53,8500923480226;44,1383167316145
"vanschaik2009_unk_present";"c0";0,98949436408762;52,2352941176471;50,3299227923288;52,1496594513406;50,5027758780779
"vanschaik2009_unk_present";"c0";0,997005217883806;49,6078431372549;44,235347985348;49,3663826809894;55,9786275362665
"vanschaik2009_unk_present";"c0";0,993816048090309;50,6974789915966;49,8722822462318;50,6603914974229;52,55520565753
"vanschaik2009_unk_present";"c0";0,995891358444839;49,7198879551821;44,5239730507588;49,4863636898147;55,9711445653387
"vanschaik2009_unk_present";"c0";0,989686946222307;51,4957983193277;46,6970727685013;51,2801252608636;48,2308563147066
"vanschaik2009_unk_present";"c0";0,990872909493952;50,7927170868347;48,3203377504848;50,6815989144145;50,9124575868829
"vanschaik2009_unk_present";"c0";0,996782599919568;50,2941176470588;49,737606581094;50,269105913757;54,6574318007678
"vanschaik2009_unk_present";"c0";0,981213867705297;51,4565826330532;53,7609029625836;51,5601475916838;46,3557026940974
"vanschaik2009_unk_present";"c0";0,995867055976854;50,0336134453782;47,6977040816327;49,9286287548727;55,4509066948638
"vanschaik2009_unk_present";"c0";0,991289329668332;50,5406162464986;52,6089214363208;50,6335737831198;50,3559305941949
"vanschaik2009_unk_present";"c0";0,995022516349464;50,6778711484594;46,5948879551821;50,4943662858402;51,1181238978665
"vanschaik2009_unk_present";"c0";0,985533250320142;52,7254901960784;53,0149367439283;52,7384990296897;46,8228782236139
"vanschaik2009_unk_present";"c0";0,984211306746392;52,2268907563025;52,2645211930926;52,2285820118886;47,5745837297673
"vanschaik2009_unk_present";"c0";0,981203304397143;53,5490196078431;52,3350041771094;53,4944571165742;44,3701579464007
"vanschaik2009_unk_present";"c0";0,98465797874138;51,3389355742297;51,6901331750956;51,3547197360664;47,0963601620076
"vanschaik2009_unk_present";"c0";0,984098349476432;52,8067226890756;50,8956158220864;52,7208302456154;48,2403413586284
"vanschaik2009_unk_present";"c0";0,992581978269046;52,1456582633053;49,2453231292517;52,015306122449;48,9528156982597
"vanschaik2009_unk_present";"c0";0,994413556787213;50,6526610644258;51,5115061175986;50,6912608420965;50,7192667500439
"vanschaik2009_unk_present";"c0";0,990147743204829;51,9159663865546;53,0663420901424;51,9676686653676;48,3215281780741
"vanschaik2009_unk_present";"c0";0,98628347427932;51,1064425770308;49,00215855573;51,0118680142757;49,7045334780338
"vanschaik2009_unk_present";"c0";0,992919969421737;50,6190476190476;48,076506243523;50,5047760965521;52,80397151917
"vanschaik2009_unk_present";"c0";0,990066844008468;52,1372549019608;43,0607769423559;51,7293233082707;47,2471604880843
"vanschaik2009_unk_present";"c0";0,982117955170043;54,7478991596639;54,4365899193686;54,7339077331337;43,897123827562
"vanschaik2009_unk_present";"c0";0,990545914626656;51,890756302521;49,6003628724217;51,7878172719547;49,4420112230884
"vanschaik2009_unk_present";"c0";0,98074036878432;52,2072829131653;55,5995731625984;52,3597453962859;45,7304489861356
"vanschaik2009_unk_present";"c0";0,99220292192658;50,6106442577031;49,5479762417788;50,5628838974368;52,9397236819525
"vanschaik2009_unk_present";"c0";0,984304068091657;52,7058823529412;50,0491117499631;52,5864769325826;42,3504388073091
"vanschaik2009_unk_present";"c0";0,986888956142996;50,8935574229692;52,8202114179005;50,9801486137526;46,60310507769
"vanschaik2009_unk_present";"c0";0,994324408720644;50,6834733893557;45,6619667097608;50,4577876958908;53,8673254685494
"vanschaik2009_unk_present";"c0";0,995077497037631;50,6050420168067;40,4286714685874;50,1476770483474;53,4556160883097
"vanschaik2009_unk_present";"c0";0,99174773218167;50,0476190476191;47,3756425647182;49,9275302169269;52,3984495279365
"vanschaik2009_unk_present";"c0";0,990965058421568;52,0980392156863;49,890581232493;51,998827620936;48,1876146570569
"vanschaik2009_unk_present";"c0";0,998473835300575;49,5126050420168;45,6373799519808;49,3384376222399;56,8263962734752
"vanschaik2009_unk_present";"c0";0,996952874248864;50,2128851540616;39,1414835164835;49,7152940692267;57,652810716541
"vanschaik2009_unk_present";"c0";0,994754412609571;50,1820728291317;50,9152058259201;50,2150226267401;55,6068078186
"vanschaik2009_unk_present";"c0";0,995519033126807;50,3137254901961;51,4638355342137;50,365415829253;51,4177295556045
"vanschaik2009_unk_present";"c0";0,993476433573692;50,6610644257703;50,6879607443517;50,6622732490773;53,0005579123666
"vanschaik2009_unk_present";"c0";0,995963072834936;49,7198879551821;39,3962585034014;49,2559046090346;54,2383023668872
"vanschaik2009_unk_present";"c0";0,992877527441899;51,1064425770308;46,4898459383754;50,898955087653;53,1534779740526
"vanschaik2009_unk_present";"c0";0,989573476580916;50,1680672268908;48,5389555619819;50,0948487250971;53,7364305393766
"vanschaik2009_unk_present";"c0";0,996621964173448;49,6190476190476;45,7924836601307;49,4470672163997;58,9205181798683
"vanschaik2009_unk_present";"c0";0,996623601569393;48,9831932773109;39,1587885154062;48,541646995877;56,1293123299778
"vanschaik2009_unk_present";"c0";0,991451033719089;51,2521008403361;50,3801141668789;51,2129104280459;50,4935616193477
"vanschaik2009_unk_present";"c0";0,992764275612076;50,2324929971989;45,2339117465168;50,0078376600896;53,459311327941
"vanschaik2009_unk_present";"c0";0,988015172357231;52,5742296918768;51,0046326222797;52,5036860033555;48,3664899113954
"vanschaik2009_unk_present";"c0";0,975384652563454;53,6862745098039;51,2889366272825;53,578528986994;42,2653532336558
"vanschaik2009_unk_present";"c0";0,995502705863925;50,1736694677871;47,6525706436421;50,060361655466;52,8258190060199
"vanschaik2009_unk_present";"c0";0,984070770100069;52,3417366946779;51,5413793722617;52,3057655790637;46,4991237174285
"vanschaik2009_unk_present";"c0";0,995374048133162;49,0196078431373;39,5841291061879;48,5955413830496;55,1190491501155
"vanschaik2009_unk_present";"c0";0,992170405884971;51,8263305322129;43,0955135090473;51,4339342615088;49,0906151281044
"vanschaik2009_unk_present";"c0";0,996445019568129;50,5686274509804;39,8240546218487;50,0857253013565;54,6059910967978
"vanschaik2009_unk_present";"c0";0,997857722863631;50,327731092437;43,8087157940099;50,0347416408223;56,6187162798903
"vanschaik2009_unk_present";"c0";0,9924076672671;51,0196078431373;47,6937441643324;50,8701308238651;52,7437010483463
"vanschaik2009_unk_present";"c0";0,991263789281412;51,8011204481793;52,5830602146392;51,8362638084696;48,091796052658
"vanschaik2009_unk_present";"c0";0,990450827799099;51,3305322128851;52,40100166861;51,3786431996593;49,3005603620726
"vanschaik2009_unk_present";"c0";0,986317791988645;51,9243697478992;53,1022100135601;51,9773063890525;49,9035137156457
"vanschaik2009_unk_present";"c0";0,993894363981259;50,0812324929972;49,7541099773243;50,0665303574613;54,3546513144203
"vanschaik2009_unk_present";"c0";0,993248199880468;51,4621848739496;50,1285173160173;51,4022447589863;48,635213868697
"vanschaik2009_unk_present";"c0";0,991559396370252;51,0448179271709;49,3640789649193;50,9692790974067;55,2117182115789
"vanschaik2009_unk_present";"c0";0,984745772503846;52,703081232493;49,2243867243867;52,5467354119039;44,1215761425202
"vanschaik2009_unk_present";"c0";0,994211798955087;51,1120448179272;48,4481677286299;50,992320004925;53,8503188966337
"vanschaik2009_unk_present";"c0";0,996818048270508;49,6050420168067;48,2189510419552;49,5427457932179;58,939344866266
"vanschaik2009_unk_present";"c0";0,995434677350181;50,2857142857143;43,4954751131222;49,9805349970585;53,7413853286062
"vanschaik2009_unk_present";"c0";0,994678289708973;51,0448179271709;46,7603708149927;50,8522585063988;53,2367356502182
"vanschaik2009_unk_present";"c0";0,983236694885716;52,9747899159664;45,9325396825397;52,6582842874978;46,6407502033624
"vanschaik2009_unk_present";"c0";0,998118956771477;49,5658263305322;43,9257433742728;49,3123394560936;58,4608371512729
"vanschaik2009_unk_present";"c0";0,986893924358236;51,9635854341737;51,7573696145125;51,9543173074473;44,6021898502711
"vanschaik2009_unk_present";"c0";0,995247356854711;49,6386554621849;48,0906721663024;49,5690831792239;57,5506400081455
"vanschaik2009_unk_present";"c0";0,989870039552912;51,9551820728291;49,2240646258503;51,8324352212795;50,8342131981262
"vanschaik2009_unk_present";"c0";0,990265260249062;50,8683473389356;51,7165799886388;50,9064701546526;48,3110129695502
"vanschaik2009_unk_present";"c0";0,998302860727427;49,5714285714286;48,8810652466115;49,5404010062682;59,2001552362757
"vanschaik2009_unk_present";"c0";0,984836489026959;52,4817927170868;49,5524459783914;52,350136683887;49,2111750897765
"vanschaik2009_unk_present";"c0";0,989368978305055;50,406162464986;45,1755189255189;50,1710773620886;53,8825664886487
"vanschaik2009_unk_present";"c0";0,993897571487285;51,1316526610644;45,6915266106443;50,8871526138545;51,5875579484347
"vanschaik2009_unk_present";"c0";0,987770766917689;51,5014005602241;52,1478730125347;51,530455501901;52,3825525422867
"vanschaik2009_unk_present";"c0";0,988705638705978;51,1596638655462;42,4508553421369;50,7682567408986;50,4164146979038
"vanschaik2009_unk_present";"c0";0,990396935704724;51,2100840336134;49,1932349863022;51,1194391326107;52,4315813609042
"vanschaik2009_unk_present";"c0";0,990819756575058;51,0756302521008;46,4863020106828;50,8693683086663;50,735430976513
"vanschaik2009_unk_present";"c0";0,995441855590742;49,7983193277311;49,9241908301782;49,8039764739085;55,8912716771025
"vanschaik2009_unk_present";"c0";0,996778240306004;49,6694677871148;44,1307773109244;49,4205378780726;55,3898431190024
"vanschaik2009_unk_present";"c0";0,993515797192135;51,563025210084;47,1067404234421;51,362742747763;51,5542026062619
"vanschaik2009_unk_present";"c0";0,987187607275715;53,1148459383754;44,5041800304958;52,7278497177965;47,356508709984
"vanschaik2009_unk_present";"c0";0,984461759253022;51,843137254902;51,2003617236368;51,8142484669799;47,7187411673524
"vanschaik2009_unk_present";"c0";0,985548738507392;53,1932773109244;51,1205325585025;53,1001202433998;46,4529515837686
"vanschaik2009_unk_present";"c0";0,99250660298045;50,7198879551821;46,6456582633053;50,5367765083561;55,2677583331723
"vanschaik2009_unk_present";"c0";0,99750163401699;50,3669467787115;44,1705432172869;50,088456731007;57,0784407870174
"vanschaik2009_unk_present";"c0";0,986300610664583;51,7563025210084;54,0040086547439;51,857323021401;47,2092442256378
"vanschaik2009_unk_present";"c0";0,989151647737302;51,2857142857143;49,5804090867116;51,209071355422;51,994223211731
"vanschaik2009_unk_present";"c0";0,990269996224398;51,593837535014;52,3451741143028;51,6276054711618;48,6207126695702
"vanschaik2009_unk_present";"c0";0,988551144640111;52,5854341736695;49,2314728921872;52,4346943407939;47,6496806020557
"vanschaik2009_unk_present";"c0";0,996066296451582;50,843137254902;45,9710775335775;50,6241682786627;56,3907889213495
"vanschaik2009_unk_present";"c0";0,988829396104568;53,8067226890756;54,9839743589744;53,8596328764868;44,3946973604673
"vanschaik2009_unk_present";"c0";0,995199646760858;49,9719887955182;48,7307839802588;49,9162043094391;53,678449207769
"vanschaik2009_unk_present";"c0";0,990211441127261;52,6386554621849;53,0289388482666;52,6561962885256;46,5248211827052
"vanschaik2009_unk_present";"c0";0,988332977125424;52,6022408963585;53,1840236094438;52,6283884340253;48,677049602222
"vanschaik2009_unk_present";"c0";0,990773460090999;51,4033613445378;51,1315864064924;51,3911467405807;55,2290985241545
"vanschaik2009_unk_present";"c0";0,984869333291366;53,0700280112045;51,5243824802648;53,0005607963308;45,9650787700081
"vanschaik2009_unk_present";"c0";0,993986643765763;51,7394957983193;42,3646541950113;51,318154602665;50,5504151015574
"vanschaik2009_unk_present";"c0";0,991702078796201;51,4033613445378;49,6547368947579;51,3247714816264;52,7073686215476
"vanschaik2009_unk_present";"c0";0,995923758064078;50,6218487394958;42,8450963718821;50,2723317791536;54,6120764943178
"vanschaik2009_unk_present";"c0";0,996389999029302;50,641456582633;48,3545918367347;50,5386761446151;54,7264452914375
"vanschaik2009_unk_present";"c0";0,995747126886834;49,8795518207283;40,2784863945578;49,4480432622487;56,4694763086449
"vanschaik2009_unk_present";"c0";0,991730399381747;49,6946778711485;46,0004674946902;49,5286459441166;53,6694053476058
"vanschaik2009_unk_present";"c0";0,993497991764671;50,9607843137255;49,9522070974139;50,9154550006328;51,074315343205
"vanschaik2009_unk_present";"c0";0,985234744318717;52,5798319327731;48,0505535547552;52,3762688596038;47,1406063061379
"vanschaik2009_unk_present";"c0";0,989021958880554;51,546218487395;49,9701707606119;51,4753848816968;48,829117965817
"vanschaik2009_unk_present";"c0";0,994828994617294;49,9383753501401;30,6122448979592;49,0697852174578;59,6602521582857
"vanschaik2009_unk_present";"c0";0,988040115637583;51,1680672268908;48,9670745920746;51,0691462095956;49,4722288800585
"vanschaik2009_unk_present";"c0";0,996388701272934;50,327731092437;45,6039338812448;50,1154255997991;54,831215694034
"vanschaik2009_unk_present";"c0";0,994156520017451;51,4817927170868;50,2380952380952;51,4258962011771;49,9704143063861
"vanschaik2009_unk_present";"c0";0,983578776849755;53,5854341736695;51,4939923337756;53,4914367876068;44,2390463441308
"vanschaik2009_unk_present";"c0";0,993835810820126;49,8851540616246;43,937324929972;49,6178358984043;55,9631536012103
"vanschaik2009_unk_present";"c0";0,996893081286147;49,9607843137255;44,3884765444639;49,710343515107;57,333026161849
"vanschaik2009_unk_present";"c0";0,995259869340719;50,9523809523809;47,7543934240363;50,8086511758261;53,2152363082497
"vanschaik2009_unk_present";"c0";0,995604400084022;50,8879551820728;44,4479041616647;50,5985146867736;56,3130563472246
"vanschaik2009_unk_present";"c0";0,982460237255549;51,1456582633053;53,4439192343604;51,2489508912179;48,527254038883
"vanschaik2009_unk_present";"c0";0,991556877262147;50,9803921568627;51,0192410297452;50,9821381736215;53,6782221025036
"vanschaik2009_unk_present";"c0";0,995584307859166;50,7871148459384;45,4491892911011;50,5472080794288;54,7286872737348
"vanschaik2009_unk_present";"c0";0,99371134320621;51,3361344537815;48,8721450118509;51,2253933552678;52,899890213566
"vanschaik2009_unk_present";"c0";0,99296150734991;49,9775910364146;48,0658930238762;49,8916720246151;53,1488283380287
"vanschaik2009_unk_present";"c0";0,996743544213114;49,7254901960784;50,2891156462585;49,7508216769854;49,5739790025367
"vanschaik2009_unk_present";"c0";0,986970285239834;49,0364145658263;51,8857959850607;49,1644766520841;52,4555922882592
"vanschaik2009_unk_present";"c0";0,994726050606719;50,5238095238095;50,433238072557;50,5197388967869;53,0462323148892
"vanschaik2009_unk_present";"c0";0,992620781992349;50,9299719887955;51,6978906947394;50,9644851890627;51,7661698481202
"vanschaik2009_unk_present";"c0";0,976385815559481;56,0924369747899;59,9388176323161;56,2653080155776;33,3446297769223
"vanschaik2009_unk_present";"c0";0,990737425887983;50,7591036414566;52,4474460836966;50,8349842006584;51,565890821326
"vanschaik2009_unk_present";"c0";0,992534159688719;50,1456582633053;51,2287339178095;50,1943358208111;53,3163877337411
"vanschaik2009_unk_present";"c0";0,992176375422685;50,2773109243697;49,446397148603;50,2399664850094;53,6676420356215
"vanschaik2009_unk_present";"c0";0,994946152260491;50,6638655462185;49,5500283446712;50,6138054472725;50,9930447845939
"vanschaik2009_unk_present";"c0";0,997498586955556;49,5882352941176;43,589474251239;49,3186280562355;55,3240111280364
"vanschaik2009_unk_present";"c0";0,996184102000805;51,1736694677871;45,977092760181;50,9401154584565;52,8230846204961
"vanschaik2009_unk_present";"c0";0,99508061996156;50,4481792717087;42,4649859943978;50,089384068234;56,9093312525798
"vanschaik2009_unk_present";"c0";0,995094388994498;50,2408963585434;45,8638583638584;50,0441755497935;53,8447151849027
"vanschaik2009_unk_present";"c0";0,993627790761047;49,4985994397759;46,5062274909964;49,3641108128645;54,405747674189
"vanschaik2009_unk_present";"c0";0,990835592117707;50,1624649859944;49,1654077132018;50,1176534231723;53,9482246591224
"vanschaik2009_unk_present";"c0";0,990455912919665;51,3893557422969;50,2238587742789;51,3369738560939;50,6412210289572
"vanschaik2009_unk_present";"c0";0,993869574620521;50,5182072829132;46,5625;50,3404226859283;51,6426771083489
"vanschaik2009_unk_present";"c0";0,98697405262141;50,6134453781513;54,1045838038319;50,7703504759347;51,8137806294088
"vanschaik2009_unk_present";"c0";0,993199639808556;50,5182072829132;50,8841036414566;50,5346520630724;54,0794680151084
"vanschaik2009_unk_present";"c0";0,993741694619102;51,4229691876751;49,6924603174603;51,3451935081149;49,6559093869385
"vanschaik2009_unk_present";"c0";0,994824172283411;49,2128851540616;47,4519326961554;49,1337412233692;58,9083814021161
"vanschaik2009_unk_present";"c0";0,994818943809832;50;48,0590986394558;49,9127684781778;52,318338527039
"vanschaik2009_unk_present";"c0";0,988912725522476;51,2464985994398;49,3728703602653;51,1622905886904;52,358933464822
"vanschaik2009_unk_present";"c0";0,984761583526059;52,8739495798319;56,936774709884;53,0565484620815;45,2281908319297
"vanschaik2009_unk_present";"c0";0,985674168497581;53,2212885154062;50,8943833943834;53,1167085099669;43,7368228706606
"vanschaik2009_unk_present";"c0";0,992334046993447;50,6358543417367;50,5891575744517;50,6337556106228;53,0736311239219
"vanschaik2009_unk_present";"c0";0,983656214888159;54,1428571428571;54,2564839701063;54,1479639665537;44,5566890634928
"vanschaik2009_unk_present";"c0";0,995434824577724;50,2913165266106;45,9569597069597;50,0965139729185;52,539947016907
"vanschaik2009_unk_present";"c0";0,990532773999272;51,8375350140056;48,695065147271;51,6963004132535;48,8664254361942
"vanschaik2009_unk_present";"c0";0,995123716748132;51,2997198879552;43,549727583341;50,9514056270736;52,8915646826538
"vanschaik2009_unk_present";"c0";0,99205151251705;51,2521008403361;41,6806722689076;50,8219242753281;51,5549215639405
"vanschaik2009_unk_present";"c0";0,990984668070373;51,703081232493;48,5054883197298;51,5593691914699;49,2862008912568
"vanschaik2009_unk_present";"c0";0,97853572697988;54,7787114845938;56,2470442722544;54,8447039694325;43,3152952063949
"vanschaik2009_unk_present";"c0";0,971851094086502;53,7955182072829;52,4549656692514;53,7352686550118;45,4748998908701
"vanschaik2009_unk_present";"c0";0,991853557758772;50,7310924369748;48,1748031380384;50,616203030281;52,9111000432214
"vanschaik2009_unk_present";"c0";0,98800835047229;52,0224089635854;52,7271303258145;52,054081833798;46,4925086485665
"vanschaik2009_unk_present";"c0";0,989548305271219;51,9719887955182;44,3233543417367;51,6282299436629;47,8633385350525
"vanschaik2009_unk_present";"c0";0,997980020326917;48,9859943977591;38,3797268907563;48,5093082176691;60,6142937908023
"vanschaik2009_unk_present";"c0";0,990753704345567;51,890756302521;50,0576480592237;51,8083694151818;49,6446287751638
"vanschaik2009_unk_present";"c0";0,998469095668489;49,2324929971989;42,2644057623049;48,9193205372037;57,7293769185383
"vanschaik2009_unk_present";"c0";0,994316144736187;50,9859943977591;49,0887188208617;50,9007235853143;51,6757431407594
"vanschaik2009_unk_present";"c0";0,988867942259432;51,812324929972;52,5042960381306;51,8434247550578;47,8074552782248
"vanschaik2009_unk_present";"c0";0,992485442116132;51,344537815126;46,0019841269841;51,1044230426253;48,9074686071743
"vanschaik2009_unk_present";"c0";0,991826416461608;50,140056022409;49,8740518934847;50,1281007806596;51,5053634381167
"vanschaik2009_unk_present";"c0";0,988825808741102;51,406162464986;51,297602374283;51,4012833597859;49,6637440817086
"vanschaik2009_unk_present";"c0";0,996041319542871;50,5378151260504;46,8102240896359;50,3702829446385;51,8927594570794
"vanschaik2009_unk_present";"c0";0,994882596786933;50,3249299719888;48,4541252398395;50,2408488604315;54,1177510532058
"vanschaik2009_unk_present";"c0";0,990602629313672;52,3977591036415;47,217733247145;52,1649489527877;50,5252962054563
"vanschaik2009_unk_present";"c0";0,992303133029156;51,3725490196078;46,2467839699983;51,142177556704;50,4811152225953
"vanschaik2009_unk_present";"c0";0,988943939916593;49,6806722689076;50,5968806520277;49,7218501737669;49,1445271607963
"vanschaik2009_unk_present";"c0";0,996200309147934;51,0392156862745;39,4157663065226;50,5168134669598;55,1163842100351
"vanschaik2009_unk_present";"c0";0,996843093347849;50,0952380952381;46,3619197679072;49,9274485074929;54,976085354911
"vanschaik2009_unk_present";"c0";0,992943107015175;50,3837535014006;45,5762804447015;50,1676872966051;53,3298241535586
"vanschaik2009_unk_present";"c0";0,995218429563196;50,6358543417367;47,5493787258493;50,4971363365283;51,5339885758251
"vanschaik2009_unk_present";"c0";0,993192290410626;50,8291316526611;44,8569730922672;50,5607200319692;50,9037513924979
"vanschaik2009_unk_present";"c0";0,990851449134244;51,7647058823529;47,5396825396825;51,5748171927947;47,5222522264925
"vanschaik2009_unk_present";"c0";0,997890644439957;49,6078431372549;45,9881452581032;49,4451600865065;56,9658654109387
"vanschaik2009_unk_present";"c0";0,99046113268644;51,3865546218487;44,2049547091564;51,0637860864468;49,2377623120681
"vanschaik2009_unk_present";"c0";0,985389410071821;52,2128851540616;46,6033966033966;51,9607733090879;48,2593041636902
"vanschaik2009_unk_present";"c0";0,987436953669659;51,4089635854342;52,760752028084;51,4697181221825;48,9965303203979
"vanschaik2009_unk_present";"c0";0,990041656596924;51,4313725490196;50,3555154119064;51,3830194192617;50,5744421018625
"vanschaik2009_unk_present";"c0";0,986764647362894;53,4705882352941;52,7687753423047;53,4390460828002;44,2381626201155
"vanschaik2009_unk_present";"c0";0,980410399992735;52,109243697479;49,2081832733093;51,9788589593141;46,8977450931107
"vanschaik2009_unk_present";"c0";0,986125846015558;51,4817927170868;52,2230120118223;51,5151059438165;45,4226331762125
"vanschaik2009_unk_present";"c0";0,9805841125886;52,7282913165266;54,294535121741;52,7986842965362;47,4353846226073
"vanschaik2009_unk_present";"c0";0,992185075756677;50,4677871148459;47,6890756302521;50,342901205426;52,0846840869032
"vanschaik2009_unk_present";"c0";0,992832264323144;50,327731092437;45,9087384953982;50,1291246835813;59,4184621682652
"vanschaik2009_unk_present";"c0";0,99204033120944;51,0056022408964;52,4286772125118;51,0695606665869;49,3292522889985
"vanschaik2009_unk_present";"c0";0,996503149695843;50,703081232493;38,5749299719888;50,1579957825827;56,0601277887277
"vanschaik2009_unk_present";"c0";0,996078579115134;49,9299719887955;50,7321774863792;49,9660261684622;54,6368456055429
"vanschaik2009_unk_present";"c0";0,98893822578797;51,2268907563025;45,8999946132299;50,9874796936925;50,1291120313308
"vanschaik2009_unk_present";"c0";0,99752453409457;49,7282913165266;37,5831582633053;49,1824426399773;57,604605102009
"vanschaik2009_unk_present";"c0";0,993016638036421;50,0420168067227;46,5814659197012;49,8864864297779;56,0181096687424
"vanschaik2009_unk_present";"c0";0,996405286954729;50,6750700280112;51,1943527410964;50,6984085769139;49,8099736204465
"vanschaik2009_unk_present";"c0";0,989589071562978;51,96918767507;51,0784977866745;51,92915666885;45,1248993430347
"vanschaik2009_unk_present";"c0";0,992099829233166;50,3949579831933;48,0267106842737;50,288519902343;53,1987914153805
"vanschaik2009_unk_present";"c0";0,993897632303077;50,1932773109244;45,8184523809524;49,9966559657571;55,6567307427548
"vanschaik2009_unk_present";"c0";0,990447076636632;50,7142857142857;50,3618421052632;50,6984455520825;50,9760442213519
"vanschaik2009_unk_present";"c0";0,995502827640986;51,7282913165266;48,6291486291486;51,5890040047343;51,8662399556752
"vanschaik2009_unk_present";"c0";0,986045731292707;51,2717086834734;53,0520124716553;51,3517223368748;49,476817119291
"vanschaik2009_unk_present";"c0";0,984660767719439;51,9299719887955;53,6533039329092;52,0074251098793;48,6262117292813
"vanschaik2009_unk_present";"c0";0,993877459557445;50,6778711484594;46,4647108843537;50,4885156309715;51,4598007009369
"vanschaik2009_unk_present";"c0";0,998419531933166;49,6974789915966;36,7559523809524;49,1158373461744;59,707724400451
"vanschaik2009_unk_present";"c0";0,998232207244418;49,6134453781513;39,4257703081232;49,1555723412961;58,2465524903068
"vanschaik2009_unk_present";"c0";0,996684004476473;50,2296918767507;41,8551587301587;49,8533083645443;55,1906785664038
"vanschaik2009_unk_present";"c0";0,988685698436338;51,6218487394958;49,347854526426;51,5196467523915;50,1664634995686
"vanschaik2009_unk_present";"c0";0,991049467703627;52,4565826330532;54,4893708158027;52,5479438996936;47,1624163827398
"vanschaik2009_unk_present";"c0";0,989817064972006;51,3333333333333;49,5719954648526;51,2541720808173;50,7486134407447
"vanschaik2009_unk_present";"c0";0,994621677764994;50,4229691876751;49,1865335877941;50,3673990483546;57,705615404642
"vanschaik2009_unk_present";"c0";0,992701027689203;50,0644257703081;50,8827248848257;50,101203258601;52,3010937874795
"vanschaik2009_unk_present";"c0";0,988070807220634;51,6078431372549;48,8426620648259;51,4835653362469;50,1630051862142
"vanschaik2009_unk_present";"c0";0,993399541635716;50,8179271708684;46,5057272909164;50,6241204346907;53,8997287609038
"vanschaik2009_unk_present";"c0";0,98542605807932;51,5686274509804;47,2468987595038;51,3743924536107;49,6441625013344
"vanschaik2009_unk_present";"c0";0,994617601827609;51,8879551820728;49,640939709217;51,7869657226186;47,417262601515
"vanschaik2009_unk_present";"c0";0,995352186264008;50,7086834733894;49,0078429697238;50,6322412035617;52,5540223792109
"vanschaik2009_unk_present";"c0";0,983866478438548;51,546218487395;53,7261308031985;51,6441920746221;49,5048254699115
"vanschaik2009_unk_present";"c0";0,992282954113387;51,8655462184874;47,9257811424165;51,6884781251808;51,3151171570926
"vanschaik2009_unk_present";"c0";0,99801803224179;50,4257703081233;41,6540750915751;50,0315368152447;57,6849666266644
"vanschaik2009_unk_present";"c0";0,996148689655247;50,0196078431373;42,6339285714286;49,6876672017121;52,8266872512303
"vanschaik2009_unk_present";"c0";0,987071438536895;50,1036414565826;48,0700898780565;50,0122458800197;50,9272446451844
"vanschaik2009_unk_present";"c0";0,986655779960245;51,4481792717087;51,6781564024211;51,4585153225272;49,5456759242564
"vanschaik2009_unk_present";"c0";0,992352767399635;51,2913165266106;49,0286210177851;51,1896223464387;52,0231808542048
"vanschaik2009_unk_present";"c0";0,997161892536256;50,0952380952381;50,0458196098952;50,0930170397171;56,5245839382292
"vanschaik2009_unk_present";"c0";0,99756752171709;50,1372549019608;45,6232492997199;49,9343782456803;56,4332318933309
"vanschaik2009_unk_present";"c0";0,988673876322761;52,0056022408964;47,778293135436;51,8156108204262;49,9080364625659
"vanschaik2009_unk_present";"c0";0,981081537014093;53,5126050420168;54,6074263038549;53,5618104919871;41,0463190202451
"vanschaik2009_unk_present";"c0";0,984140852877498;53,3137254901961;54,8544154503907;53,3829699827891;44,0698373089171
"vanschaik2009_unk_present";"c0";0,997558142152295;50,3025210084034;47,2228891556623;50,1641105880554;55,9576178341243
"vanschaik2009_unk_present";"c0";0,98262230568727;53,6974789915966;49,3018798428462;53,4999239736753;45,7887566273061
"vanschaik2009_unk_present";"c0";0,997183092875824;50,6274509803922;46,2786172161172;50,4319977775034;55,2455565803555
"vanschaik2009_unk_present";"c0";0,991378557053596;50,5770308123249;45,5898224674485;50,3528866170496;54,2705410089973
"vanschaik2009_unk_present";"c0";0,98767291940105;50,8207282913165;50,0928970072878;50,7880167729332;49,61038244618
"vanschaik2009_unk_present";"c0";0,99357722194745;50,3865546218487;48,021227721858;50,2802477948829;50,716888696242
"vanschaik2009_unk_present";"c0";0,986022811701581;51,3333333333333;47,4668063919225;51,1595568415845;50,0468789751107
"vanschaik2009_unk_present";"c0";0,995123563852947;50,6694677871148;51,4646692010137;50,7052071765036;50,6316893581182
"vanschaik2009_unk_present";"c0";0,988567152803271;52,3473389355742;49,2456982793117;52,2079393555175;48,6872289109161
"vanschaik2009_unk_present";"c0";0,976411433415524;53,0420168067227;55,0876791337318;53,1339566865883;42,0214698597233
"vanschaik2009_unk_present";"c0";0,991156898198226;50,6078431372549;52,4838849016481;50,6921596210478;49,5381908135014
"vanschaik2009_unk_present";"c0";0,987635811924535;52,156862745098;47,4304465375894;51,9444395447606;51,2832281473928
"vanschaik2009_unk_present";"c0";0,996578132873434;50,2464985994398;44,3519042232277;49,9815730094977;56,1593935117919
"vanschaik2009_unk_present";"c0";0,987161422306587;51,4145658263305;50,0698309626881;51,3541283043691;48,6505737002815
"vanschaik2009_unk_present";"c0";0,993226327549989;51,1736694677871;41,5496198479392;50,7411279118389;51,7483703070616
"vanschaik2009_unk_present";"c0";0,985636900685458;51,4761904761905;49,9771062271062;51,4088159031979;51,3229439103765
"vanschaik2009_unk_present";"c0";0,997233107458575;49,9747899159664;46,1829731892757;49,8043711866769;58,8535334856597
"vanschaik2009_unk_present";"c0";0,990588579929425;50,5042016806723;50,5211187038918;50,5049619963226;53,4211570388642
"vanschaik2009_unk_present";"c0";0,97511254726819;55,0504201680672;51,1791383219955;54,8764299727382;43,9739507797295
"vanschaik2009_unk_present";"c0";0,984712473393844;52,1484593837535;52,8619671552832;52,1805271487661;45,5418727563308
"vanschaik2009_unk_present";"c0";0,988228669809708;50,8403361344538;47,4648192610377;50,6886275109295;49,6215792586468
"vanschaik2009_unk_present";"c0";0,99645666440826;49,515406162465;44,8819527811124;49,3071610666739;58,9837494035327
"vanschaik2009_unk_present";"c0";0,98817513097524;51,3193277310924;51,3597529092609;51,3211445930326;51,0268504758918
"vanschaik2009_unk_present";"c0";0,993285482341656;51,0588235294118;41,9795430133776;50,6507659781293;53,0258394922188
"vanschaik2009_unk_present";"c0";0,991973291027646;50,5714285714286;51,6380293682925;50,6193656858944;51,4699461147521
"vanschaik2009_unk_present";"c0";0,99673949908273;50,3641456582633;49,060483167626;50,3055540856504;55,5809829514472
"vanschaik2009_unk_present";"c0";0,987924447318233;50,9075630252101;50,3801975335589;50,8838612053606;50,4382917907274
"vanschaik2009_unk_present";"c0";0,989774777470164;50,3361344537815;48,4337068160598;50,2506320880412;50,9369798597295
"vanschaik2009_unk_present";"c0";0,994144847926315;50,2352941176471;50,3587011727768;50,2408405021473;51,408345502978
"vanschaik2009_unk_present";"c0";0,989447632496407;51,1204481792717;49,3968901663229;51,0429848977909;50,9552236630211
"vanschaik2009_unk_present";"c0";0,982210535096164;51,9663865546218;55,6071836015722;52,1300178825747;48,8351231543209
"vanschaik2009_unk_present";"c0";0,990386485964795;51,7619047619048;41,8167266906763;51,3149304665686;52,1721798746373
"vanschaik2009_unk_present";"c0";0,992290474085604;52,1932773109244;50,4865151188681;52,1165688977982;50,251498216755
"vanschaik2009_unk_present";"c0";0,993194269655742;50,2240896358543;49,8151722810336;50,2057113277725;51,0949495034389
"vanschaik2009_unk_present";"c0";0,994632743622109;49,8235294117647;48,6787518037518;49,7720787327529;56,3200013002257
"vanschaik2009_unk_present";"c0";0,994700692390913;49,5602240896359;50,3028519099948;49,5936006208879;57,3972992957376
"vanschaik2009_unk_present";"c0";0,995214941594713;49,3725490196078;39,6794871794872;48,9369057908384;54,0422111278084
"vanschaik2009_unk_present";"c0";0,999377174014267;49,3221288515406;36,6369047619048;48,7520064205458;58,2451439084881
"vanschaik2009_unk_present";"c0";0,972872110284483;53,3081232492997;49,0711902476608;53,1176992941699;50,2854032927564
"vanschaik2009_unk_present";"c0";0,991369762479804;51,5658263305322;52,1758817163229;51,5932445501183;49,5386656557231
"vanschaik2009_unk_present";"c0";0,995284593635378;49,8571428571429;49,7848658694247;49,8538944532005;54,298059235644
"vanschaik2009_unk_present";"c0";0,985416573320509;54,9495798319328;48,5012755102041;54,6597684017427;43,9863740000888
"vanschaik2009_unk_present";"c0";0,975248489265919;52,6358543417367;56,114337051837;52,7921906433142;45,4903574926178
"vanschaik2009_unk_present";"c0";0,993183879958251;50,1456582633053;51,4076143277824;50,2023753897987;50,8521859038646
"vanschaik2009_unk_present";"c0";0,988553568599609;51,5686274509804;51,0836161387632;51,5468291897571;50,0891206815233
"vanschaik2009_unk_present";"c0";0,989985066009306;52,4089635854342;52,9111322329202;52,4315329628493;47,5930462453199
"vanschaik2009_unk_present";"c0";0,991749088017837;51,327731092437;51,6635625235249;51,3428246399016;51,3946428403173
"vanschaik2009_unk_present";"c0";0,991961234118358;51,1652661064426;50,9469644807991;51,1554547974249;50,2441689369661
"vanschaik2009_unk_present";"c0";0,989685822308916;51,1344537815126;50,8192274885663;51,1202863076723;52,6696727225486
"vanschaik2009_unk_present";"c0";0,988580874152847;50,6834733893557;53,3496096113577;50,803299736412;48,0397912961151
"vanschaik2009_unk_present";"c0";0,99278766947341;51,9663865546218;48,2620224203042;51,7998982789222;51,7433431482924
"vanschaik2009_unk_present";"c0";0,994071324844278;50,109243697479;43,7484993997599;49,8233675492669;56,9865774223671
"vanschaik2009_unk_present";"c0";0,99302906232512;51,6386554621849;50,6723383133158;51,595225477966;49,9682104435627
"vanschaik2009_unk_present";"c0";0,992511935659476;50,8011204481793;51,1662888839746;50,8175325127094;50,5666740588948
"vanschaik2009_unk_present";"c0";0,992281374887351;51,7422969187675;49,8591368365528;51,6576605105781;48,3936607581343
"vanschaik2009_unk_present";"c0";0,990216919612625;51,4089635854342;49,767054947976;51,3351699388068;47,411236605566
"vanschaik2009_unk_present";"c0";0,98578248066025;53,0728291316527;49,4122325043378;52,9083079349194;45,7587782804322
"vanschaik2009_unk_present";"c0";0,988096105437436;51,1512605042017;50,2492054514113;51,1107187040763;49,3369250935955
"vanschaik2009_unk_present";"c0";0,995769100843893;49,1932773109244;44,1605392156863;48,9670868347339;54,6137201162705
"vanschaik2009_unk_present";"c0";0,994967482046145;49,4817927170868;48,9100984523364;49,4560985928284;54,6754103056452
"vanschaik2009_unk_present";"c0";0,985780727110769;53,0056022408964;52,1849415756979;52,9687186154942;45,8323169634522
"vanschaik2009_unk_present";"c0";0,990220970422659;51,9831932773109;48,1514528888478;51,810980226144;51,6279522483722
"vanschaik2009_unk_present";"c0";0,993150372646204;50,9551820728291;48,6668417366947;50,8523353161489;51,9452370876235
"vanschaik2009_unk_present";"c0";0,991888902657126;51,3193277310924;49,907825309611;51,2558894200146;50,3268334374159
"vanschaik2009_unk_present";"c0";0,991677867951842;50,8655462184874;51,804936718277;50,9077660162307;53,3583917069539
"vanschaik2009_unk_present";"c0";0,995682971942671;50;44,7473508634223;49,7639258815021;55,525543169291
"vanschaik2009_unk_present";"c0";0,98361030378363;52,6358543417367;53,5690921105284;52,6777976122442;44,9376576247212
"vanschaik2009_unk_present";"c0";0,995199365704127;49,6834733893557;38,0112044817927;49,1588770339596;53,8304399638246
"vanschaik2009_unk_present";"c0";0,996804792194062;50,2829131652661;48,7825899590605;50,2154829088074;53,8115136332423
"vanschaik2009_unk_present";"c0";0,996109673630083;49,8879551820728;45,7514255702281;49,7020437388438;55,2574727927276
"vanschaik2009_unk_present";"c0";0,997414447222661;49,4509803921569;44,6573629451781;49,2355369113938;57,9053812934742
"vanschaik2009_unk_present";"c0";0,990057605027397;50,8319327731092;49,0716374269006;50,7528183755268;51,329308268406
"vanschaik2009_unk_present";"c0";0,993600465376681;50,1540616246499;48,8818892941792;50,0968853401343;52,4303530620645
"vanschaik2009_unk_present";"c0";0,990924928632866;52,1932773109244;47,8408029878618;51,9976604874159;47,9602302960128
"vanschaik2009_unk_present";"c0";0,982328416502306;53,0980392156863;53,2511850894204;53,1049221763035;45,3966198702741
"vanschaik2009_unk_present";"c0";0,994435132622537;50,6834733893557;46,7204381752701;50,5053594471496;54,7816226735115
"vanschaik2009_unk_present";"c0";0,992114140536196;50,3949579831933;50,2757046874694;50,3895982845091;48,8269707174661
"vanschaik2009_unk_present";"c0";0,992477448744705;50,7450980392157;52,6012488328665;50,8285205467955;54,5706789266996
"vanschaik2009_unk_present";"c0";0,994182917066739;50,4677871148459;48,9814259036948;50,400984363783;52,8803009722213
"vanschaik2009_unk_present";"c0";0,99327824891468;50,453781512605;47,7491725435113;50,3322260533199;54,4822458570934
"vanschaik2009_unk_present";"c0";0,994543558739168;50,5182072829132;47,4228697889412;50,3790909910493;53,6713165582012
"vanschaik2009_unk_present";"c0";0,993096060533976;52,1652661064426;42,1989468864469;51,7173416471169;53,0533983446998
"vanschaik2009_unk_present";"c0";0,99033636626728;50,9663865546218;48,2637538821196;50,8449199176555;52,2281152933594
"vanschaik2009_unk_present";"c0";0,994574088457596;50,9271708683473;49,5386904761905;50,8647672552167;53,5897774882841
"vanschaik2009_unk_present";"c0";0,991001818668935;51,2128851540616;47,0649142524143;51,0264594955606;51,7934471359483
"vanschaik2009_unk_present";"c0";0,993124058401321;51,9327731092437;50,4147416542374;51,8645469764344;48,2420708913263
"vanschaik2009_unk_present";"c0";0,996245424412679;49,5798319327731;44,8975840336134;49,3693938249457;54,4151483581676
"vanschaik2009_unk_present";"c0";0,987535896568227;52,1764705882353;51,6628659039373;52,1533872316376;49,5285461002408
"vanschaik2009_unk_present";"c0";0,984628134607828;52,6386554621849;53,0735930735931;52,658203220001;44,4547783321279
"vanschaik2009_unk_present";"c0";0,989381294449135;52,3837535014006;46,7931352703025;52,132489760677;49,0534876889472
"vanschaik2009_unk_present";"c0";0,986306575773013;52,4089635854342;50,8402703186538;52,3384605172643;46,7496283760474
"vanschaik2009_unk_present";"c0";0,984854545984295;53,4509803921569;51,3580432172869;53,3569158000279;47,2359385422267
"vanschaik2009_unk_present";"c0";0,996105753453192;49,9775910364146;43,9828816141841;49,7081658938424;58,0933954094993
"vanschaik2009_unk_present";"c0";0,992815368170061;52,1260504201681;53,9495116535143;52,2080037340263;50,8635055986294
"vanschaik2009_unk_present";"c0";0,990802199556771;50,1596638655462;48,8673499702911;50,101582342164;50,9161551753055
"vanschaik2009_unk_present";"c0";0,992475487462215;50,2352941176471;47,7953296703297;50,1256327941721;52,0288520730071
"vanschaik2009_unk_present";"c0";0,983697493654589;53,9327731092437;53,7629434058005;53,9251403135833;47,6163284891232
"vanschaik2009_unk_present";"c0";0,991125573090207;51,3193277310924;50,25215855573;51,2713650715256;50,6379576382036
"vanschaik2009_unk_present";"c0";0,985776413007826;52,9299719887955;55,0027056277056;53,0231285568364;46,1633482359964
"vanschaik2009_unk_present";"c0";0,981511808284519;54,0028011204482;54,3798018532649;54,0197449736085;46,0446907129459
"vanschaik2009_unk_present";"c0";0,993425952646565;51,4341736694678;46,6749520320949;51,2202760677881;51,8611647472461
"vanschaik2009_unk_present";"c0";0,990634866566091;50,7899159663866;49,1311524609844;50,7153647976044;48,3386327411347
"vanschaik2009_unk_present";"c0";0,989828782514805;52,8795518207283;49,1940635903484;52,7139119002618;47,7845760472081
"vanschaik2009_unk_present";"c0";0,992483455836715;51,6442577030812;49,4397759103641;51,5451798697007;47,7820621033229
"vanschaik2009_unk_present";"c0";0,988295866128056;53,7647058823529;53,1800144300144;53,7384276148321;45,362649864837
"vanschaik2009_unk_present";"c0";0,98964527858789;52,9747899159664;50,2992105933282;52,8545391598928;44,0289838918959
"vanschaik2009_unk_present";"c0";0,990437689206823;50,703081232493;45,9624758994507;50,4900203186484;50,9904718061229
"vanschaik2009_unk_present";"c0";0,987826392399206;51,8095238095238;53,0384614740265;51,8647569629846;47,9018354873152
"vanschaik2009_unk_present";"c0";0,991780934918683;51,3781512605042;48,4418767507003;51,2461838668051;52,2441070039199
"vanschaik2009_unk_present";"c0";0,988656693590064;52,0028011204482;50,0728785103785;51,9160630256136;49,2689281365225
"vanschaik2009_unk_present";"c0";0,993886494582526;50,8039215686275;52,6024022969512;50,8847521631589;54,1532160548188
"vanschaik2009_unk_present";"c0";0,990483245151938;52,812324929972;49,7439657681254;52,6744211474171;47,4173681537884
"vanschaik2009_unk_present";"c0";0,993847961431173;50,7675070028011;44,5367919895231;50,4874748673729;52,7277413499206
"vanschaik2009_unk_present";"c0";0,992009666435243;50,4257703081233;49,1872506578389;50,3701065036161;50,8807855996841
"vanschaik2009_unk_present";"c0";0,985674699702155;51,6386554621849;50,3830859266784;51,5822253707014;48,1883535855725
"vanschaik2009_unk_present";"c0";0,986662931011403;53,1904761904762;54,4027808491818;53,2449617931146;40,8885415769259
"vanschaik2009_unk_present";"c0";0,993725336751471;50,750700280112;50,7067891259068;50,7487267450916;53,5898492863348
"vanschaik2009_unk_present";"c0";0,998521878620278;50,1064425770308;42,8507653061225;49,7803447221585;57,4280694208711
"vanschaik2009_unk_present";"c0";0,987222982096629;51,8739495798319;51,3209990473922;51,8490978705088;50,1670788317904
"vanschaik2009_unk_present";"c0";0,986116136804202;52,9971988795518;50,2023177692129;52,8715862453793;48,1379897494203
"vanschaik2009_unk_present";"c0";0,993946825517775;50,1988795518207;50,9718406593407;50,2336193768778;55,0430701625364
"vanschaik2009_unk_present";"c0";0,98936883449582;52,3053221288515;51,6530715156876;52,276007494552;46,97023626959
"vanschaik2009_unk_present";"c0";0,990736499756118;52,4341736694678;53,1479068900287;52,4662515670211;46,1477205003784
"vanschaik2009_unk_present";"c0";0,984547184302411;51,8263305322129;41,1169326030007;51,3450092769674;41,455896616312
"vanschaik2009_unk_present";"c0";0,993626920193549;49,9327731092437;51,0734293717487;49,9840385592439;51,6405013562885
"vanschaik2009_unk_present";"c0";0,995210501220522;50,5238095238095;48,4067024245596;50,4286586429444;54,0418875200527
"vanschaik2009_unk_present";"c0";0,994412176821554;50,7002801120448;49,0067373103087;50,6241658288207;52,6946744944222
"vanschaik2009_unk_present";"c0";0,993537248097092;51,2717086834734;50,9360410830999;51,2566224991869;46,79017071455
"vanschaik2009_unk_present";"c0";0,98665239436088;51,2296918767507;49,6159977148754;51,1571662964417;49,9133317342959
"vanschaik2009_unk_present";"c0";0,987620862870667;52,2128851540616;49,4625799037564;52,0892759293288;44,7683196665011
"vanschaik2009_unk_present";"c0";0,99784039094198;50,4985994397759;42,0684523809524;50,1197164258962;58,4466800837627
"vanschaik2009_unk_present";"c0";0,995900786784636;49,563025210084;48,5185003488575;49,5160802725008;55,6728341151694
"vanschaik2009_unk_present";"c0";0,985890615549739;50,5014005602241;52,3428558026081;50,5841625935897;52,0751732580519
"vanschaik2009_unk_present";"c0";0,994684723220341;50,2408963585434;45,8056299442854;50,0415585421723;55,8817616850453
"vanschaik2009_unk_present";"c0";0,993758635916585;50,3893557422969;49,275816095669;50,3393090166058;53,1529407431164
"vanschaik2009_unk_present";"c0";0,993762845899646;51,4929971988796;46,4357762335704;51,265706368978;53,6980995616711
"vanschaik2009_unk_present";"c0";0,994616839461409;51,8207282913165;52,1444119145634;51,8352758698894;49,1026780118181
"vanschaik2009_unk_present";"c0";0,992433353796067;50,1652661064426;49,8626918716204;50,1516672644281;51,4686834073262
"vanschaik2009_unk_present";"c0";0,991426515768471;51,6190476190476;51,993210162853;51,6358639131512;47,1247330690329
"vanschaik2009_unk_present";"c0";0,988886924708368;52,546218487395;53,0861447449793;52,5704848360504;47,2168347420365
"vanschaik2009_unk_present";"c0";0,99216813374641;50,6498599439776;51,3648632529935;50,6819949241581;51,028976072273
"vanschaik2009_unk_present";"c0";0,995323964687612;50,5098039215686;47,6024223792081;50,3791350882041;53,6668625187196
"vanschaik2009_unk_present";"c0";0,992187160107989;51,750700280112;50,1369105334441;51,6781704038573;52,872837122139
"vanschaik2009_unk_present";"c0";0,997097749324428;50,7619047619048;43,2546768707483;50,4245012611786;54,7700073348846
"vanschaik2009_unk_present";"c0";0,993164139612387;51,3137254901961;52,4085138441341;51,3629294611596;51,7629356021019
"vanschaik2009_unk_present";"c0";0,990332677139571;51,7927170868347;52,1857911825017;51,8103833383254;47,5809910589997
"vanschaik2009_unk_present";"c0";0,99879876116645;50,0196078431373;45,9987745098039;49,8388962326504;55,9619002829271
"vanschaik2009_unk_present";"c0";0,990699772573251;51,6498599439776;46,4698000412286;51,4170482629552;45,9933729940503
"vanschaik2009_unk_present";"c0";0,983940927967653;51,3025210084034;50,3846538615446;51,2612685523648;46,7236132811178
"vanschaik2009_unk_present";"c0";0,992524874680809;50,344537815126;47,5881634705164;50,2206558221099;52,0900590307591
"vanschaik2009_unk_present";"c0";0,990588361971191;52,6078431372549;53,7141354517516;52,6575641401536;45,7936573649792
"vanschaik2009_unk_present";"c0";0,991449553869984;51,1932773109244;41,2142697988286;50,7447825912796;50,282545535689
"vanschaik2009_unk_present";"c0";0,984241748170276;52,4145658263305;47,8337890179995;52,2086882169673;48,6502677310551
"vanschaik2009_unk_present";"c0";0,991944896250941;51,5994397759104;50,7137021475257;51,559631343174;49,2981773149221
"vanschaik2009_unk_present";"c0";0,982360547341059;54,5910364145658;57,9573367808662;54,7423308130512;40,1653271717055
"vanschaik2009_unk_present";"c0";0,991103193593395;50,5042016806723;50,400057458881;50,4995210414906;49,9679969883545
"vanschaik2009_unk_present";"c0";0,987977655982636;52,3137254901961;50,4472462061748;52,2298387808019;48,3676164035249
"vanschaik2009_unk_present";"c0";0,993780308398615;51,5882352941176;50,3840702947846;51,5341155188667;49,5107507115646
"vanschaik2009_unk_present";"c0";0,998323932007834;49,9243697478992;45,8010704281713;49,7390529245406;56,8296261677817
"vanschaik2009_unk_present";"c0";0,986432630740884;50,8739495798319;49,8500994527366;50,8279338437827;52,3843106769069
"vanschaik2009_unk_present";"c0";0,985687843472321;53,1764705882353;52,9539758487127;53,1664708246612;43,6704414086656
"vanschaik2009_unk_present";"c0";0,993776625312442;49,8235294117647;52,3532064647721;49,9372227624617;55,1466104144474
"vanschaik2009_unk_present";"c0";0,987199960199573;51,8879551820728;48,172393957583;51,7209636663654;51,4216302788454
"vanschaik2009_unk_present";"c0";0,99087397634199;51,2913165266106;52,9832854194309;51,3673600723554;48,5402185506577
"vanschaik2009_unk_present";"c0";0,996016670707889;51,1120448179272;50,2577697745765;51,0736504339563;52,0413996089354
"vanschaik2009_unk_present";"c0";0,993417638298032;51,1120448179272;48,3931553390587;50,989847537978;54,5756173622678
"vanschaik2009_unk_present";"c0";0,977861078903523;53,8459383753501;54,2817150170091;53,865523842391;44,5170329758632
"vanschaik2009_unk_present";"c0";0,985551338403923;51,7114845938375;46,0588972431078;51,4574357241418;47,9814594971466
"vanschaik2009_unk_present";"c0";0,994527222243109;51,1316526610644;50,5916950113379;51,1073849015262;51,4257509585436
"vanschaik2009_unk_present";"c0";0,992096176300908;51,5994397759104;48,1981983076631;51,4465749908206;51,7950973670763
"vanschaik2009_unk_present";"c0";0,993840161023408;50,8879551820728;47,6900856496445;50,7442307087053;52,6139977289554
"vanschaik2009_unk_present";"c0";0,99395220307155;50,9859943977591;47,2747849139656;50,8191984659032;53,3031386260479
"vanschaik2009_unk_present";"c0";0,997397067486152;51,2857142857143;49,7816915227629;51,2181177570423;53,7968688517158
"vanschaik2009_unk_present";"c0";0,979552098189967;53,1204481792717;55,888287133035;53,2448454356206;46,4600366942139
"vanschaik2009_unk_present";"c0";0,994811976670695;50,0364145658263;43,370886816265;49,7368402849472;54,6918263772615
"vanschaik2009_unk_present";"c0";0,993851592157293;51,9327731092437;47,1385349011399;51,7173017291042;49,7129636387967
"vanschaik2009_unk_present";"c0";0,981040755120039;51,859943977591;52,0774848400899;51,8697210950067;48,2503912124291
"vanschaik2009_unk_present";"c0";0,991906205073095;51,6526610644258;50,8405399946753;51,6161612410662;48,2458448463833
"vanschaik2009_unk_present";"c0";0,991359209463203;52,4733893557423;47,2100090036014;52,2368329354214;49,7438504494166
"vanschaik2009_unk_present";"c0";0,982623028480814;50,8403361344538;51,1557886557887;50,8545137758621;52,0159959671911
"vanschaik2009_unk_present";"c0";0,992827451375259;51,8627450980392;49,4390976087405;51,7538171209921;48,8184595223988
"vanschaik2009_unk_present";"c0";0,99536507448062;50,2072829131653;47,2093837535014;50,0725458722815;53,0746954977084
"vanschaik2009_unk_present";"c0";0,986587663034927;51,4145658263305;48,5597923379878;51,2862613998882;50,3149742300922
"vanschaik2009_unk_present";"c0";0,992689112700353;50,6470588235294;47,377300279086;50,5001033833297;53,3070607873528
"vanschaik2009_unk_present";"c0";0,997464194245537;49,1148459383754;45,0769057623049;48,9333654810239;59,1544119608216
"vanschaik2009_unk_present";"c0";0,995782921875013;50,4229691876751;47,5233939729738;50,2926512004975;53,6848858499929
"vanschaik2009_unk_present";"c0";0,992543519802808;50,8459383753501;45,6246184371184;50,6112723107105;55,855179269925
"vanschaik2009_unk_present";"c0";0,975782668662542;55,6386554621849;55,1339285714286;55,6159711075441;37,0924058837949
"vanschaik2009_unk_present";"c0";0,985936369833823;49,9915966386555;52,2380444019099;50,0925605830714;46,9953421185075
"vanschaik2009_unk_present";"c0";0,987945702546634;50,8655462184874;50,2887329174094;50,8396220251805;50,7279398243079
"vanschaik2009_unk_present";"c0";0,988099249288147;51,4565826330532;48,4636544011544;51,3220690046533;49,49689211748
"vanschaik2009_unk_present";"c0";0,993664772619054;50,4733893557423;45,6925710567628;50,2585211175859;55,2170381383501
"vanschaik2009_unk_present";"c0";0,997441230920735;50,2296918767507;44,187675070028;49,9581405595946;56,6387282414672
"vanschaik2009_unk_present";"c0";0,989182316634943;49,9971988795518;45,5719627594628;49,7983118629186;51,2866351213599
"vanschaik2009_unk_present";"c0";0,984781230769978;50,593837535014;52,5789966336185;50,6830581686591;47,3432814415721
"vanschaik2009_unk_present";"c0";0,996818107548387;49,9495798319328;43,6495848339336;49,6664339893261;54,9469006905656
"vanschaik2009_unk_present";"c0";0,989957700085375;51,6302521008403;50,5292529231052;51,5807689917286;48,3493726537464
"vanschaik2009_unk_present";"c0";0,989801907142111;50,9663865546218;46,0440426170468;50,7451576136072;50,5147604877899
"vanschaik2009_unk_present";"c0";0,99069663620322;51,3305322128851;51,8511113959754;51,3539290301027;51,2859001749293
"vanschaik2009_unk_present";"c0";0,977797251564218;54,5798319327731;53,9736652236652;54,5525884851727;42,0909759883229
"vanschaik2009_unk_present";"c0";0,993895129077375;50,4453781512605;51,83933745563;50,5080280076367;51,4364812490616
"vanschaik2009_unk_present";"c0";0,992627408163295;50,9859943977591;44,078256302521;50,6755342586473;50,20134884687
"vanschaik2009_unk_present";"c0";0,988018916362017;52,1260504201681;49,5691954244586;52,0111355889002;47,2921471288407
"vanschaik2009_unk_present";"c0";0,99003285513358;51,0756302521008;48,2718472004186;50,9496175306769;54,3242722757483
"vanschaik2009_unk_present";"c0";0,985121287143854;53,0700280112045;55,8753767732096;53,1961111016317;46,9242994993342
"vanschaik2009_unk_present";"c0";0,99563318622462;49,8459383753501;49,0949713218621;49,8121870471035;55,4901507940164
"vanschaik2009_unk_present";"c0";0,995671304803445;49,8739495798319;46,146727921938;49,7064339997019;54,7084638713647
"vanschaik2009_unk_present";"c0";0,986175742968658;52,266106442577;51,1534992784993;52,216101626214;47,7802319987867
"vanschaik2009_unk_present";"c0";0,996253078950334;49,9327731092437;45,4429945054945;49,730985306828;56,4062360140395
"vanschaik2009_unk_present";"c0";0,992389309656669;50,0252100840336;49,656279178338;50,0086289197327;52,6783280219045
"vanschaik2009_unk_present";"c0";0,994505545047536;51,3865546218487;47,3019624516473;51,2029774456599;54,5634238084345
"vanschaik2009_unk_present";"c0";0,985794616726482;52,5210084033613;54,0079668230929;52,5878379952594;44,3303723171687
"vanschaik2009_unk_present";"c0";0,99590713053698;50,1176470588235;44,592962184874;49,8693466150505;56,981327727012
"vanschaik2009_unk_present";"c0";0,991265360706096;52,4733893557423;52,3754044618706;52,4689855402874;47,6948576274839
"vanschaik2009_unk_present";"c0";0,99419796535725;51,1036414565826;45,1610644257703;50,8365593428383;53,5310034765363
"vanschaik2009_unk_present";"c0";0,994257065172262;51,4341736694678;42,7562615955473;51,0441551492916;51,3432005629974
"vanschaik2009_unk_present";"c0";0,991056778596376;51,563025210084;42,9113472312002;51,1741857503589;51,9521410352404
"vanschaik2009_unk_present";"c0";0,995439663434061;51,3361344537815;47,6605642256903;51,1709402862269;52,5000922549072
"vanschaik2009_unk_present";"c0";0,989231421195048;51,1232492997199;52,4767270268431;51,1840797593659;48,9026044800015
"vanschaik2009_unk_present";"c0";0,985388498138521;51,4509803921569;51,0848526473527;51,4345252126151;47,5446482820685
"vanschaik2009_unk_present";"c0";0,989421962930635;52,0924369747899;44,4802921168467;51,75031810477;47,3285358321967
"vanschaik2009_unk_present";"c0";0,986847831965632;53,7086834733893;50,5149874635169;53,5651465740692;44,2820176898782
"vanschaik2009_unk_present";"c0";0,995381514631784;50,406162464986;46,4655862344938;50,2290579153009;53,6448451653981
"vanschaik2009_unk_present";"c0";0,983234657828011;52,7927170868347;55,9444479546204;52,9343679123532;45,0898102123856
"vanschaik2009_unk_present";"c0";0,993999615225963;51,2577030812325;51,062216553288;51,2489171698642;52,700975850033
"vanschaik2009_unk_present";"c0";0,988946551228688;52,3165266106443;52,4241450966351;52,3213633965315;46,9492537599401
"vanschaik2009_unk_present";"c0";0,991584052508997;51,296918767507;52,1637020192692;51,335875318148;49,3202629788626
"vanschaik2009_unk_present";"c0";0,982588097518607;51,6358543417367;51,1735555466206;51,6150768677989;47,4944728504263
"vanschaik2009_unk_present";"c0";0,990724125384716;50,375350140056;49,707365463668;50,3453283568476;51,8150824988837
"vanschaik2009_unk_present";"c0";0,989635221477878;51,8263305322129;47,0289330307022;51,6107171613585;50,1400619550833
"vanschaik2009_unk_present";"c0";0,992266210513361;51,8179271708684;50,0974367019535;51,7406017565351;47,2497370560855
"vanschaik2009_unk_present";"c0";0,993904993657231;50,6974789915966;44,7829612614277;50,431657970016;52,9312972513863
"vanschaik2009_unk_present";"c0";0,985559250751291;51,9887955182073;47,7436895810956;51,7980042401349;51,2059824960148
"vanschaik2009_unk_present";"c0";0,989555605506283;52,1288515406163;51,4418363499246;52,0979744533942;47,7219477436856
"vanschaik2009_unk_present";"c0";0,995993976094004;50,9859943977591;49,6645517181231;50,9266037155283;53,9492377108201
"vanschaik2009_unk_present";"c0";0,997105148834971;50,2324929971989;43,799827623357;49,9433844410712;55,6784096810919
"vanschaik2009_unk_present";"c0";0,988107266125293;52,6582633053221;50,0716592304938;52,5420114367905;49,9919170912733
"vanschaik2009_unk_present";"c0";0,993781377361141;50,2521008403361;47,5524376417234;50,1307676628704;56,9536007238585
"vanschaik2009_unk_present";"c0";0,987997014695753;51,5742296918768;49,2949661922185;51,4717908829033;48,8880743261308
"vanschaik2009_unk_present";"c0";0,994108631420668;51,3669467787115;51,7948846205149;51,3861799401409;51,0660890440172
"vanschaik2009_unk_present";"c0";0,990763129254502;52,1288515406163;51,8572653420343;52,1166454193317;49,2226052636122
"vanschaik2009_unk_present";"c0";0,994393189723707;47,6610644257703;48,1731442577031;47,6840792496774;56,3053093475615
"vanschaik2009_unk_present";"c0";0,9979224804681;49,4985994397759;37,9876373626374;48,9812528295674;55,4702078678343
"vanschaik2009_unk_present";"c0";0,993541832052716;50,5490196078431;49,2627732911346;50,4912107846203;51,1101547158623
"vanschaik2009_unk_present";"c0";0,984368788072458;51,3361344537815;48,0174890469008;51,1869818512251;49,9418493385462
"vanschaik2009_unk_present";"c0";0,990341310996744;51,6610644257703;51,0602427543217;51,6340612045816;48,4613351235122
"vanschaik2009_unk_present";"c0";0,997076332694158;50,6470588235294;43,6351271277742;50,3319158259674;55,4129653441372
"vanschaik2009_unk_present";"c0";0,991213667684941;51,7086834733894;47,9312119584676;51,5389094727187;50,4644869662127
"vanschaik2009_unk_present";"c0";0,997994789352826;50,1596638655462;44,3269807923169;49,8975208060752;56,4240153913284
"vanschaik2009_unk_present";"c0";0,986301700962367;51,0476190476191;42,3490646258503;50,6566727814721;51,1671488130818
"vanschaik2009_unk_present";"c0";0,992320400665866;51,4425770308123;49,5240027829314;51,3563489747278;49,7888943554112
"vanschaik2009_unk_present";"c0";0,988518294907338;52,3697478991597;54,8951894584358;52,4832508905878;46,0298215197467
"vanschaik2009_unk_present";"c0";0,996739522509928;50,1624649859944;46,1980176686059;49,9842875784713;53,9724194450834
"vanschaik2009_unk_present";"c0";0,986982325903949;52,1792717086835;46,7367553081839;51,9346642300093;49,2745047503655
"vanschaik2009_unk_present";"c0";0,997646925526894;48,5854341736695;44,593837535014;48,4060365719321;57,5267854782136
"vanschaik2009_unk_present";"c0";0,986929906686419;51,3529411764706;42,2715442452285;50,9447885054035;49,3458224359599
"vanschaik2009_unk_present";"c0";0,99769262572936;50,4117647058824;38,4566326530612;49,8744554001376;54,7262352261434
"vanschaik2009_unk_present";"c0";0,990022812013474;51,4985994397759;54,070059872802;51,6141706951928;49,1587684719017
"vanschaik2009_unk_present";"c0";0,990625721119967;51,4033613445378;51,6323283699445;51,4136519973651;50,4474524469427
"vanschaik2009_unk_present";"c0";0,995443867654581;50,0840336134454;49,3871138198869;50,0527113755326;53,2995171703155
"vanschaik2009_unk_present";"c0";0,995568869293917;50,2997198879552;43,0217086834734;49,9726182607875;58,5174306363107
"vanschaik2009_unk_present";"c0";0,997490823328721;50,1428571428571;45,0201330532213;49,9126223523117;56,7084761033784
"vanschaik2009_unk_present";"c0";0,997850734050903;49,546218487395;44,9521058423369;49,3397415145834;57,3626646329069
"vanschaik2009_unk_present";"c0";0,97889001113108;52,7394957983193;54,4747225813402;52,8174835189045;45,7826500202635
"vanschaik2009_unk_present";"c0";0,988930756614419;52,0168067226891;54,7819897189645;52,1410846101621;48,3477725670744
"vanschaik2009_unk_present";"c0";0,994052533513783;51,5070028011204;52,8154283275082;51,5658084427558;47,7929197747277
"vanschaik2009_unk_present";"c0";0,992878224921854;49,5042016806723;45,7554536966302;49,3357186252097;52,5605277819085
"vanschaik2009_unk_present";"c0";0,995632075082647;50,1456582633053;48,5550470188075;50,0741701174852;55,2350266819631
"vanschaik2009_unk_present";"c0";0,987946274087891;50,2549019607843;52,4649708368196;50,3542308990331;49,2835364843901
"vanschaik2009_unk_present";"c0";0,989666381292939;52,436974789916;50,1323133841931;52,3333945020183;49,3058493211951
"vanschaik2009_unk_present";"c0";0,988379091643656;51,1960784313725;47,2899159663866;51,0205205677777;50,3157990652041
"vanschaik2009_unk_present";"c0";0,988847264206527;51,8207282913165;50,4943002842163;51,7611135494244;48,2824353276051
"vanschaik2009_unk_present";"c0";0,991920497103774;49,6162464985994;45,1757369614512;49,4166730362557;54,4242944395832
"vanschaik2009_unk_present";"c0";0,99766893962414;50,2549019607843;41,7563948656386;49,8729465857216;56,3025843552591
"vanschaik2009_unk_present";"c0";0,998513721430146;49,7983193277311;40,7219137655062;49,3903909878558;59,4644457981311
"vanschaik2009_unk_present";"c0";0,979266207533777;53,5378151260504;53,6507519674536;53,5428909391472;45,1127560621443
"vanschaik2009_unk_present";"c0";0,994440798324463;50,7675070028011;48,805599162742;50,67933136954;52,6624671856609
"vanschaik2009_unk_present";"c0";0,994050173468821;50,6134453781513;51,2607983476791;50,6425398936357;52,278800617307
"vanschaik2009_unk_present";"c0";0,994706140963931;51,2829131652661;42,7197802197802;50,8980532576038;52,6018462383894
"vanschaik2009_unk_present";"c0";0,987049501155929;52,2745098039216;44,9679871948779;51,9461267653129;48,5811193105508
"vanschaik2009_unk_present";"c0";0,992983506616358;50,563025210084;48,3034143144437;50,4614696642126;53,157687958796
"vanschaik2009_unk_present";"c0";0,992212754183785;50,9439775910364;51,8354465605405;50,9840436121377;49,0678690582164
"vanschaik2009_unk_present";"c0";0,994756086617715;51,5126050420168;47,1773324714501;51,3177613309801;51,998014715398
"vanschaik2009_unk_present";"c0";0,9946537153059;50,3221288515406;50,2505842080422;50,3189133619452;52,250032651972
"vanschaik2009_unk_present";"c0";0,990448803514766;51,8179271708684;50,9031112444978;51,7768118483348;47,0778169893949
"vanschaik2009_unk_present";"c0";0,988423334712275;51,3193277310924;53,5285996989889;51,4186208532451;53,0202696525265
"vanschaik2009_unk_present";"c0";0,988272324760223;53,1064425770308;50,8413782179538;53,004641931679;46,6487404162641
"vanschaik2009_unk_present";"c0";0,987973438598728;52,4313725490196;53,1504011861155;52,4636884428217;47,1110330466761
"vanschaik2009_unk_present";"c0";0,990853310053325;51,6302521008403;50,6119720615519;51,5844867058161;47,8808018614477
"vanschaik2009_unk_present";"c0";0,991701721990848;50,9747899159664;49,7067160197412;50,9177978307428;54,1128943911519
"vanschaik2009_unk_present";"c0";0,995851988231449;50,8795518207283;45,4307107458368;50,6346600870253;53,0277266365788
"vanschaik2009_unk_present";"c0";0,993135808160148;50,5826330532213;43,9793531048783;50,2858564263295;53,6811568806457
"vanschaik2009_unk_present";"c0";0,986399469240881;51,8823529411765;53,3266336837765;51,9472644352259;47,6228236261278
"vanschaik2009_unk_present";"c0";0,994516512839032;51,0896358543417;45,9524718978501;50,8587520810163;48,9146426034735
"vanschaik2009_unk_present";"c0";0,989998727440701;51,5238095238095;44,8202307238685;51,2225250833627;49,6927071868151
"vanschaik2009_unk_present";"c0";0,988217082574473;52,1232492997199;51,7274637127578;52,1054611834519;46,7624127175859
"vanschaik2009_unk_present";"c0";0,992506632674373;50,5826330532213;38,6267006802721;50,0452877780326;54,1689161362228
"vanschaik2009_unk_present";"c0";0,987074786433364;52,3865546218487;49,2447039544563;52,2453478502805;47,2510344168051
"vanschaik2009_unk_present";"c0";0,996806527748264;50,1176470588235;45,8801020408163;49,9271955973401;55,9114642370663
"vanschaik2009_unk_present";"c0";0,992552323940966;52,0392156862745;49,7529538131042;51,9364623436601;47,9873426871232
"vanschaik2009_unk_present";"c0";0,993857557115755;50,5994397759104;46,2294501133787;50,4030357461337;52,6012787542693
"vanschaik2009_unk_present";"c0";0,9906328884827;51,4677871148459;50,9644100555202;51,4451634267863;50,5650634770349
"vanschaik2009_unk_present";"c0";0,990318803472536;52,249299719888;50,3473226335068;52,1638176036461;47,6321589964965
"vanschaik2009_unk_present";"c0";0,996691522493086;50,0336134453782;44,4431618801367;49,7823571952549;56,740875908768
"vanschaik2009_unk_present";"c0";0,994095801942129;51,9327731092437;44,5294784580499;51,6000407653698;50,3082442681427
"vanschaik2009_unk_present";"c0";0,978812837880142;51,9131652661064;51,7802555631503;51,9071917963107;47,4427775756129
"vanschaik2009_unk_present";"c0";0,996183221333435;50,5826330532213;45,1499542124542;50,3384677120632;57,0079401766424
"vanschaik2009_unk_present";"c0";0,9876769433802;51,4257703081233;52,8580519436335;51,4901425164608;48,6806247452101
"vanschaik2009_unk_present";"c0";0,994534880324816;51,1652661064426;51,1326197145525;51,1637988528745;51,7656458443854
"vanschaik2009_unk_present";"c0";0,994379430713732;49,8263305322129;45,2037545787546;49,6185743095855;56,8964333297252
"vanschaik2009_unk_present";"c0";0,988338513062689;51,5658263305322;52,1631184525092;51,592670920284;51,4004332633172
"vanschaik2009_unk_present";"c0";0,997537904710991;48,7759103641457;47,1143745959922;48,7012345992848;53,9292548961076
"vanschaik2009_unk_present";"c0";0,996997983645872;49,140056022409;44,9427270908363;48,9514120254844;57,4089645358783
"vanschaik2009_unk_present";"c0";0,994519245602904;50,4313725490196;45,0205082032813;50,1881876346044;52,5004409938915
"vanschaik2009_unk_present";"c0";0,992173186881463;51,7983193277311;49,1416263475087;51,6789173960357;49,8234981485834
"vanschaik2009_unk_present";"c0";0,990211018690761;50,8739495798319;48,3325355200355;50,7597287232119;52,5670430730615
"vanschaik2009_unk_present";"c0";0,99250168260745;50,1456582633053;50,7906912765106;50,1746485110898;54,9100861617049
"vanschaik2009_unk_present";"c0";0,996914018778739;50,5126050420168;44,6562567334626;50,2493983764638;55,7483189948929
"vanschaik2009_unk_present";"c0";0,992874078571956;50,3417366946779;45,6681839402428;50,1316893798718;55,2756248355626
"vanschaik2009_unk_present";"c0";0,983634270602455;51,7282913165266;51,1830076160019;51,7037841839188;47,6124964148403
"vanschaik2009_unk_present";"c0";0,991014270241153;52,4705882352941;53,6138602938415;52,5219712491614;49,0272632958135
"vanschaik2009_unk_present";"c0";0,993419538501819;52,0532212885154;51,295667052246;52,01917390711;48,8358396577651
"vanschaik2009_unk_present";"c0";0,99491440463741;50,8879551820728;46,4037698412698;50,6864187622615;52,5175494716002
"vanschaik2009_unk_present";"c0";0,994566733997018;49,9495798319328;42,8826530612245;49,6319651456088;55,4615881228801
"vanschaik2009_unk_present";"c0";0,99572075741385;50,0840336134454;48,0998713587999;49,9948577817759;54,5091620842983
"vanschaik2009_unk_present";"c0";0,997190515688167;50,3781512605042;46,5121882086168;50,2044001121048;55,3954023416838
"vanschaik2009_unk_present";"c0";0,996467237067959;50,1120448179272;41,1195728291316;49,7078887734869;54,0232478332503
"vanschaik2009_unk_present";"c0";0,991839582496872;50,6050420168067;51,8498229251215;50,6609872261692;50,0324665519363
"vanschaik2009_unk_present";"c0";0,994797411932177;50,9467787114846;48,0920284780579;50,818475330207;50,8631237361291
"vanschaik2009_unk_present";"c0";0,985865231918023;52,5070028011204;51,3659951159951;52,4557215568452;46,2172266802966
"vanschaik2009_unk_present";"c0";0,991975562636244;51,8515406162465;51,7369407277081;51,8463900594583;50,9106488736055
"vanschaik2009_unk_present";"c0";0,994528475949333;50,5098039215686;46,7909663865546;50,34266515595;51,1254220968651
"vanschaik2009_unk_present";"c0";0,992210290859424;52,3949579831933;52,6347205548886;52,4057338291122;47,5535494184731
"vanschaik2009_unk_present";"c0";0,986084937482495;53,4397759103641;50,0852928890855;53,2890126285089;44,7222983516347
"vanschaik2009_unk_present";"c0";0,995323257784103;49,7563025210084;45,2623549419768;49,5543273489171;54,7835332920489
"vanschaik2009_unk_present";"c0";0,992419434359952;51,5602240896359;50,6948852108627;51,5213324546348;49,9254410248223
"vanschaik2009_unk_present";"c0";0,992671435246407;51,593837535014;49,3955498866213;51,4950380901424;52,0791927577875
"vanschaik2009_unk_present";"c0";0,989881331149615;51,7647058823529;50,3713151927438;51,7020815816964;49,2034069517913
"vanschaik2009_unk_present";"c0";0,987619170594686;50,9663865546218;51,2368432221373;50,9785419104652;50,2064893546574
"vanschaik2009_unk_present";"c0";0,985219624122632;51,8767507002801;51,6195336096652;51,8651903816008;47,6980874462091
"vanschaik2009_unk_present";"c0";0,997869998484259;49,6750700280112;40,1446828731493;49,2467380210511;60,7729415701577
"vanschaik2009_unk_present";"c0";0,993036320271379;50,2829131652661;50,028412005828;50,2714749109093;52,9003332005078
"vanschaik2009_unk_present";"c0";0,991769760641877;51,624649859944;50,4157047434358;51,5703152479661;50,4937345444722
"vanschaik2009_unk_present";"c0";0,985838481673279;52,0084033613445;47,29526425955;51,7965768848594;49,7163235362442
"vanschaik2009_unk_present";"c0";0,990994318082523;52,4481792717087;50,0070861678005;52,3384672220948;50,2516026832271
"vanschaik2009_unk_present";"c0";0,994015126852709;50,1932773109244;48,335309832435;50,1097731545878;52,3352805940737
"vanschaik2009_unk_present";"c0";0,986526426243325;51,06162464986;46,3196015585721;50,8485000165436;48,3119045875103
"vanschaik2009_unk_present";"c0";0,994945463119821;50,4565826330532;46,1739241151006;50,2641035985385;52,0665833200749
"vanschaik2009_unk_present";"c0";0,995231286081319;50,3613445378151;43,8587454212454;50,0690928921266;53,3615511136036
"vanschaik2009_unk_present";"c0";0,986523532417888;52,0056022408964;54,3835148769359;52,1124747189206;48,2395768933395
"vanschaik2009_unk_present";"c0";0,995670475201528;50,1512605042017;40,3967837134854;49,7128570529335;52,4886943116233
"vanschaik2009_unk_present";"c0";0,991477511174935;50,515406162465;49,6837068160598;50,4780264165591;53,2690176408374
"vanschaik2009_unk_present";"c0";0,993831554456721;51,0924369747899;48,5416695355605;50,9777957415661;51,12315229432
"vanschaik2009_unk_present";"c0";0,990709947979748;50,5182072829132;51,4029464687359;50,5579708418266;49,324032907265
"vanschaik2009_unk_present";"c0";0,990685047748357;51,6834733893557;51,2750933706816;51,6651192312131;50,2016052968941
"vanschaik2009_unk_present";"c0";0,989488724629641;52,781512605042;54,3580765639589;52,8523694121843;47,9112055738966
"vanschaik2009_unk_present";"c0";0,992263595301834;50,7843137254902;49,3482392957183;50,7197710544892;52,6281613308525
"vanschaik2009_unk_present";"c0";0,987724074605111;51,7787114845938;48,3374903605167;51,6240498610398;50,1746962310272
"vanschaik2009_unk_present";"c0";0,9951366234645;49,6414565826331;43,9399092970522;49,3852072664272;55,8536463762422
"vanschaik2009_unk_present";"c0";0,984786542543002;53,4481792717087;41,9471153846154;52,9312775239742;46,348759782673
"vanschaik2009_unk_present";"c0";0,988810573604269;52,5658263305322;54,3812642680677;52,6474190468259;47,0203741362903
"vanschaik2009_unk_present";"c0";0,989756554307835;50,4397759103641;49,4652059541765;50,3959750134568;51,5983508581806
"vanschaik2009_unk_present";"c0";0,991189103140573;50,1456582633053;48,3051553954915;50,0629390332912;51,7283758843204
"vanschaik2009_unk_present";"c0";0,990413054863401;50,812324929972;45,0683638840151;50,5541693773447;53,799478164326
"vanschaik2009_unk_present";"c0";0,990879065764341;51,4985994397759;52,0739216739327;51,5244566188391;49,9696012926556
"vanschaik2009_unk_present";"c0";0,989057731011502;50,5714285714286;46,2882653061224;50,3789268516395;50,1809183287266
"vanschaik2009_unk_present";"c0";0,990612208873809;50,7478991596639;45,7386800874196;50,5227657182147;53,0424892151427
"vanschaik2009_unk_present";"c0";0,998586536780203;48,9859943977591;40,3448879551821;48,5976300632613;61,81230996543
"vanschaik2009_unk_present";"c0";0,994281127633443;51,7170868347339;41,2254901960784;51,2455544015359;51,9294202182713
"vanschaik2009_unk_present";"c0";0,992066548138554;50,9299719887955;46,8956043956044;50,7486520969667;50,126246650558
"vanschaik2009_unk_present";"c0";0,974363320074894;52,6610644257703;54,1897399985635;52,7297689458958;45,2405236694431
"vanschaik2009_unk_present";"c0";0,990437442809764;51,4173669467787;51,5563270762851;51,4236123458576;46,4750220614207
"vanschaik2009_unk_present";"c0";0,991843395274927;50,8039215686275;44,9516738513587;50,540899199312;50,5394329769238
"vanschaik2009_unk_present";"c0";0,986479563328048;50,8543417366947;52,1807236880766;50,9139544086669;50,2741472964704
"vanschaik2009_unk_present";"c0";0,997134537471738;50,4341736694678;45,1829481792717;50,198163535077;53,3280177825092
"vanschaik2009_unk_present";"c0";0,984533016021815;51,4201680672269;55,187939210772;51,5895060961503;45,6577862641586
"vanschaik2009_unk_present";"c0";0,992326984323268;50,2100840336134;44,3280948743134;49,9457249702741;51,6832558264741
"vanschaik2009_unk_present";"c0";0,995729889290038;50,7983193277311;47,4851863822452;50,6494144762486;55,0126753123018
"vanschaik2009_unk_present";"c0";0,997567366809821;50,3417366946779;39,9264705882353;49,8736348471973;57,5312171529756
"vanschaik2009_unk_present";"c0";0,991445738833528;52,3669467787115;54,0737750136246;52,4436581600559;48,4158885128576
"vanschaik2009_unk_present";"c0";0,989008469721129;51,3921568627451;49,0732062055592;51,2879343612985;50,3577963102147
"vanschaik2009_unk_present";"c0";0,992481702215734;51,1120448179272;47,5238813474108;50,9507790439714;50,0519353338169
"vanschaik2009_unk_present";"c0";0,993928415758171;51,0112044817927;42,3189275710284;50,6205403509719;52,6558759437574
"vanschaik2009_unk_present";"c0";0,992080150012372;50,8067226890756;51,6617637270833;50,8451514997726;50,8982703906519
"vanschaik2009_unk_present";"c0";0,985540390916052;53,6022408963585;53,531807459826;53,5990753486492;40,9738684205737
"vanschaik2009_unk_present";"c0";0,999262697676349;49,1680672268908;31,281887755102;48,3641939922036;58,20100776788
"vanschaik2009_unk_present";"c0";0,991685170842126;51,140056022409;46,0597875513842;50,9117293495539;48,7926345806751
"vanschaik2009_unk_present";"c0";0,993641191383733;51,8179271708684;47,3498376623377;51,617114159249;48,9705899685999
"vanschaik2009_unk_present";"c0";0,983972113329152;52,6050420168067;53,0070661407736;52,6231105167603;48,6538777904126
"vanschaik2009_unk_present";"c0";0,989856937886513;49,6554621848739;51,4940751941802;49,738096477427;51,2151916438626
"vanschaik2009_unk_present";"c0";0,994717381087813;50,8879551820728;49,1750802885257;50,8109720407898;54,6880739729025
"vanschaik2009_unk_present";"c0";0,995300400703777;49,6666666666667;50,3461929643652;49,6972071744284;56,2377096616912
"vanschaik2009_unk_present";"c0";0,988936956440538;51,2408963585434;51,9244542222483;51,271618060283;52,3001136444202
"vanschaik2009_unk_present";"c0";0,992091884546459;51,1484593837535;48,2829798586101;51,0196737871178;51,6377704104899
"vanschaik2009_unk_present";"c0";0,994376788427104;50,6582633053221;49,4257048298402;50,6028674187836;52,7049942495215
"vanschaik2009_unk_present";"c0";0,984525097122228;53,8291316526611;52,9544413919414;53,789819730831;44,2119560528536
"vanschaik2009_unk_present";"c0";0,994084313635658;51,2997198879552;49,4053198202358;51,2145783118779;51,5407685361451
"vanschaik2009_unk_present";"c0";0,994769834785343;49,7450980392157;46,7345848595849;49,6097940760862;56,3003903080919
"vanschaik2009_unk_present";"c0";0,993444691379507;50,344537815126;41,7952635599694;49,9603007699505;55,4244948617574
"vanschaik2009_unk_present";"c0";0,987574086178132;53,1008403361345;54,6959168282698;53,1725291672416;44,4329736230214
"vanschaik2009_unk_present";"c0";0,986385434075646;51,9383753501401;51,176072701808;51,9041145569566;48,5202030023875
"vanschaik2009_unk_present";"c0";0,992873597350657;50,3165266106443;47,0736371471666;50,1707787695891;51,9058141383358
"vanschaik2009_unk_present";"c0";0,987704261978212;52,890756302521;52,0300291169099;52,8520719346284;47,143172506954
"vanschaik2009_unk_present";"c0";0,992599068605888;50,8543417366947;52,1366463251967;50,9119734035936;48,1331198511894
"vanschaik2009_unk_present";"c0";0,995804468794239;51,2773109243697;40,418956043956;50,7892949746882;54,0491161030556
"vanschaik2009_unk_present";"c0";0,99347154510445;51,7675070028011;39,7682823129252;51,2282160055033;53,8835607599404
"vanschaik2009_unk_present";"c0";0,993197033506387;51,0588235294118;51,9769446240035;51,1000873988316;48,8888014890049
"vanschaik2009_unk_present";"c0";0,997323681247418;49,6638655462185;47,3387335703512;49,5593652326964;59,141189522817
"vanschaik2009_unk_present";"c0";0,995299743373463;50,5574229691877;43,9266187244128;50,2594092952652;53,7917211797032
"vanschaik2009_unk_present";"c0";0,987879442545721;50,703081232493;50,0966977700171;50,6758280431682;48,5108195559677
"vanschaik2009_unk_present";"c0";0,99519003973781;50,5714285714286;48,6296016382261;50,4841554508352;55,9812803347601
"vanschaik2009_unk_present";"c0";0,990281618435518;51,5546218487395;52,3811179790282;51,5917677422356;49,8921968573549
"vanschaik2009_unk_present";"c0";0,990753019989708;50,9775910364146;52,5969682744893;51,0503720358786;52,5581361707808
"vanschaik2009_unk_present";"c0";0,991532118992321;51,0448179271709;47,0116341991342;50,8635512427647;48,8236019574408
"vanschaik2009_unk_present";"c0";0,983548881518011;53,8823529411765;55,3642509635433;53,9489550994851;41,272421696747
"vanschaik2009_unk_present";"c0";0,987996109944385;50,890756302521;51,8023108366153;50,9317250456264;48,5840020186337
"vanschaik2009_unk_present";"c0";0,990592277543026;51,515406162465;52,8869391886309;51,5770480962253;48,5385153981818
"vanschaik2009_unk_present";"c0";0,994553746649503;49,8291316526611;45,7365900905817;49,6451972004328;49,8070117015441
"vanschaik2009_unk_present";"c0";0,99230037888196;50,8179271708684;48,625283446712;50,719381385513;53,5836498201285
"vanschaik2009_unk_present";"c0";0,994091996335019;52,3613445378151;50,5270024676537;52,2789021975832;49,1144302925156
"vanschaik2009_unk_present";"c0";0,996946487979001;50,0224089635854;45,859468787515;49,8353105287059;58,0243619881509
"vanschaik2009_unk_present";"c0";0,986702265573203;51,2408963585434;52,9655271199389;51,3184078534376;49,263724545464
"vanschaik2009_unk_present";"c0";0,989791873432462;52,3669467787115;53,3538678629346;52,4113027824968;46,9828152912059
"vanschaik2009_unk_present";"c0";0,987810465394852;52,2913165266106;54,3373599439776;52,3832735341328;49,6318792408867
"vanschaik2009_unk_present";"c0";0,995823849097315;50,8879551820728;43,1846584787761;50,5417395999022;53,9049727358403
"vanschaik2009_unk_present";"c0";0,992988559650411;50,2324929971989;46,5016134658992;50,0648130182641;53,1625816059802
"vanschaik2009_unk_present";"c0";0,993777567558664;50,8319327731092;49,595575409651;50,7763661500325;53,2836985853498
"vanschaik2009_unk_present";"c0";0,99202425921617;49,8571428571429;52,5620151906917;49,9787101530327;54,6332795262056
"vanschaik2009_unk_present";"c0";0,986455897599155;53,2521008403361;53,1764372415633;53,2487002291553;43,6287613166317
"vanschaik2009_unk_present";"c0";0,996529631729338;49,8235294117647;44,4313302243975;49,5811833808718;55,5145931788794
"vanschaik2009_unk_present";"c0";0,984653930680805;53,2268907563025;47,7450980392157;52,9805180499166;45,4520413237812
"vanschaik2009_unk_present";"c0";0,993875838496705;50,8151260504202;46,9785282534066;50,6426946887566;54,7029688507347
"vanschaik2009_unk_present";"c0";0,988494914168181;51,0504201680672;52,1795548362886;51,1011677936053;48,8279911253591
"vanschaik2009_unk_present";"c0";0,995536012933931;51,4229691876751;44,8050213675214;51,1255333305895;53,0860382641636
"vanschaik2009_unk_present";"c0";0,992898504211265;51,5126050420168;51,8483769105728;51,5276959125137;47,5189787455642
"vanschaik2009_unk_present";"c0";0,977453633419072;53,4481792717087;53,652312599681;53,4573538033029;44,3676842924809
"vanschaik2009_unk_present";"c0";0,986255991812257;51,6974789915966;48,2904677022324;51,5443548887039;47,2864310017092
"vanschaik2009_unk_present";"c0";0,984136170156542;54,1596638655462;56,6498156126639;54,2715807980009;44,3646772663433
"vanschaik2009_unk_present";"c0";0,992223550960325;49,5210084033613;47,970467032967;49,4513211507594;51,9212187405054
"vanschaik2009_unk_present";"c0";0,976070525209574;52,2773109243697;56,6489445428521;52,4737888398072;44,00582107819
"vanschaik2009_unk_present";"c0";0,989043953643877;50,7787114845938;48,8294740973312;50,6911053098854;52,7846942860396
"vanschaik2009_unk_present";"c0";0,994456718498281;49,6414565826331;45,343137254902;49,4482736914991;53,270288766936
"vanschaik2009_unk_present";"c0";0,977641068711357;52,0952380952381;54,7493325940363;52,2145232412515;49,9617097476167
"vanschaik2009_unk_present";"c0";0,992961752286724;50,9075630252101;48,8725907029478;50,8161035949961;53,9722123954268
"vanschaik2009_unk_present";"c0";0,990896290869532;49,3809523809524;45,9400123685838;49,2263033916324;52,6112829822814
"vanschaik2009_unk_present";"c0";0,994013383815264;49,6806722689076;44,3140589569161;49,4394761649978;56,0782080777385
"vanschaik2009_unk_present";"c0";0,985491226352345;53,5182072829132;54,0570936999508;53,542426897162;46,8894757068554
"vanschaik2009_unk_present";"c0";0,998034741002556;50,4397759103641;46,2052128543725;50,2494584696454;52,7792037404306
"vanschaik2009_unk_present";"c0";0,986060126645986;51,6778711484594;47,3901098901099;51,4851627772976;48,2454378483697
"vanschaik2009_unk_present";"c0";0,985849685266021;52,8235294117647;51,2986085122308;52,7549936409991;47,1458809175712
"vanschaik2009_unk_present";"c0";0,994698281115094;50,812324929972;45,5955074337427;50,5778612222763;51,6488059052743
"vanschaik2009_unk_present";"c0";0,993091549176201;50,6946778711485;50,5543884220355;50,6883727273681;51,3591079420196
"vanschaik2009_unk_present";"c0";0,992800313748634;51,375350140056;50,2164327269369;51,3232639641855;51,645808975197
"vanschaik2009_unk_present";"c0";0,987408837362993;51,8347338935574;42,3322510822511;51,4076560143976;48,5384572030033
"vanschaik2009_unk_present";"c0";0,995750187928489;50,8011204481793;48,4433773509404;50,6951544662809;51,9188335954377
"vanschaik2009_unk_present";"c0";0,986507641483836;52,2773109243697;52,3098203825758;52,278772023615;47,1864121729485
"vanschaik2009_unk_present";"c0";0,992873064730864;51,5910364145658;43,5291955851166;51,2287064896468;49,5430504516154
"vanschaik2009_unk_present";"c0";0,994253131864537;50,406162464986;46,24949979992;50,2193461654325;55,2694130232248
"vanschaik2009_unk_present";"c0";0,997049104063022;50,4201680672269;45,7777726475205;50,2115210820715;53,2968017018393
"vanschaik2009_unk_present";"c0";0,993053656510246;51,3669467787115;45,9058282403871;51,1215032488992;50,4714666726979
"vanschaik2009_unk_present";"c0";0,989908763343089;50,4509803921569;42,2008803521409;50,0801893791224;54,563289127834
"vanschaik2009_unk_present";"c0";0,99603495615362;50,8851540616246;48,968212284914;50,7989993750309;52,1103084940601
"vanschaik2009_unk_present";"c0";0,987839537077621;50,8011204481793;51,7916301135839;50,8456377365121;50,6843420288474
"vanschaik2009_unk_present";"c0";0,995265381114199;49,7114845938375;42,9751900760304;49,4087297840484;54,504317311745
"vanschaik2009_unk_present";"c0";0,997792266512755;48,8879551820728;42,0805822328932;48,5820058360423;55,0334109484326
"vanschaik2009_unk_present";"c0";0,984152823375773;51,4453781512605;46,9798175680529;51,2446787992062;49,0296092971148
"vanschaik2009_unk_present";"c0";0,994010760892677;48,890756302521;51,0665900975775;48,9885465854449;51,5876566409404
"vanschaik2009_unk_present";"c0";0,994092145923258;50,2605042016807;48,8272039585065;50,1960862132234;54,1911104988759
"vanschaik2009_unk_present";"c0";0,990875650915094;50,7619047619048;46,1288265306122;50,5536765267905;51,5427856413083
"vanschaik2009_unk_present";"c0";0,992086646764268;52,1120448179272;54,7753089089887;52,2317420804468;48,5434657407626
"vanschaik2009_unk_present";"c0";0,986389052985368;51,9075630252101;42,9123187736633;51,5032823846911;51,3933389626303
"vanschaik2009_unk_present";"c0";0,987597868319;51,9103641456583;54,0082129342965;52,0046494844735;49,1131314944307
"vanschaik2009_unk_present";"c0";0,984038240785057;53,1932773109244;52,4424132154395;53,1595306100037;46,0912691491769
"vanschaik2009_unk_present";"c0";0,992501317621354;51,2745098039216;49,9847150398621;51,2165414999189;52,9246153525334
"vanschaik2009_unk_present";"c0";0,99565549835521;49,8319327731092;40,1029642626281;49,3946757614022;55,9510357913125
"vanschaik2009_unk_present";"c0";0,995104854023056;49,8627450980392;43,0017551892552;49,5543860010152;54,7247912461963
"vanschaik2009_unk_present";"c0";0,990471066906464;51,03081232493;48,7829234257806;50,9297836103615;52,5992135926926
"vanschaik2009_unk_present";"c0";0,994100250261202;49,8235294117647;45,6932773109244;49,6379001038618;52,5711810857625
"vanschaik2009_unk_present";"c0";0,995012226630816;51,1344537815126;49,6047008547009;51,0657008409817;55,3363258455724
"vanschaik2009_unk_present";"c0";0,993133045479815;50,8207282913165;48,5868097238896;50,7203274568254;50,7407831594836
"vanschaik2009_unk_present";"c0";0,985647809716714;52,2464985994398;52,2549474335189;52,2468783223197;47,1201745574478
"vanschaik2009_unk_present";"c0";0,989904115656347;51,4397759103641;40,6746031746032;50,9559479222401;47,8979661716744
"vanschaik2009_unk_present";"c0";0,987556119398311;52,0504201680672;55,2651602599082;52,1949028688241;48,1232754045276
"vanschaik2009_unk_present";"c0";0,994753401947098;51,0168067226891;51,054469864869;51,0184994481803;50,878931096852
"vanschaik2009_unk_present";"c0";0,990544143860372;50,5742296918768;47,9408943064405;50,4558775397223;51,2013727998204
"vanschaik2009_unk_present";"c0";0,985245240895967;51,5098039215686;51,2098711402117;51,4963237965638;49,5307780988939
"vanschaik2009_unk_present";"c0";0,99283197392021;52,2380952380952;52,1899772054571;52,2359326298868;49,0391616976069
"vanschaik2009_unk_present";"c0";0,98429484976834;51,6162464985994;48,2191273638642;51,4635669869259;48,4036504649982
"vanschaik2009_unk_present";"c0";0,993017481208582;50,5882352941176;48,4520667241256;50,4922277179382;53,447749656194
"vanschaik2009_unk_present";"c0";0,99769706291214;50,0672268907563;45,7600732600733;49,8736469522986;53,5542954007773
"vanschaik2009_unk_present";"c0";0,997398356781889;50,1344537815126;45,0172569027611;49,9044674049395;57,9892900016611
"vanschaik2009_unk_present";"c0";0,994466718715747;50,9971988795518;49,1869588744589;50,9158397781993;49,6982406699727
"vanschaik2009_unk_present";"c0";0,996764899947497;49,546218487395;44,3728741496599;49,3137086295192;58,079453069032
"vanschaik2009_unk_present";"c0";0,991840860733859;51,1288515406162;49,0664727429433;51,0361603586984;52,0632198861164
"vanschaik2009_unk_present";"c0";0,998652260909063;50,0756302521008;46,203606442577;49,9016067100998;55,8980793503
"vanschaik2009_unk_present";"c0";0,98873816183717;51,7142857142857;50,5522850165707;51,6620609638266;49,7988500766945
"vanschaik2009_unk_present";"c0";0,997104722758437;49,9159663865546;44,8243720565149;49,6871306863281;55,3010539730764
"vanschaik2009_unk_present";"c0";0,990567695585255;51,06162464986;49,7464562748176;51,0025159588468;51,3245355346752
"vanschaik2009_unk_present";"c0";0,995072889519741;49,9103641456583;48,046314679718;49,8265866415711;58,3671486333976
"vanschaik2009_unk_present";"c0";0,99566691757012;49,8347338935574;46,8837535014006;49,7021055613257;52,9893196191539
"vanschaik2009_unk_present";"c0";0,99416231368501;50,1148459383754;50,9152378900278;50,1508186103597;53,8289592123824
"vanschaik2009_unk_present";"c0";0,986278259274236;52,4593837535014;55,7512478675681;52,6073327024482;45,7552254230321
"vanschaik2009_unk_present";"c0";0,988587918245368;50,4397759103641;50,1650432900433;50,4274283768666;48,8014547738544
"vanschaik2009_unk_present";"c0";0,995587625230426;50,5882352941176;48,2642640389489;50,4837871478179;55,9710535131358
"vanschaik2009_unk_present";"c0";0,995642590621521;50,1736694677871;40,2829400991166;49,7291423051502;55,3987116666245
"vanschaik2009_unk_present";"c0";0,995822837530661;49,3781512605042;49,1316270097783;49,3670715188985;56,5578016171821
"vanschaik2009_unk_present";"c0";0,990608091140433;50,781512605042;46,3885554221689;50,5840763271601;53,0861147565442
"vanschaik2009_unk_present";"c0";0,988470916458753;51,6778711484594;50,2582282913165;51,6140669751046;49,42707240402
"vanschaik2009_unk_present";"c0";0,994832248721994;51,2156862745098;50,266389450517;51,1730212487124;50,9090722804662
"vanschaik2009_unk_present";"c0";0,992717037098619;51,3893557422969;51,0971215409241;51,3762216208869;50,5770273134915
"vanschaik2009_unk_present";"c0";0,993719711066094;50,0896358543417;44,5251433906896;49,8395463054135;55,4246542104173
"vanschaik2009_unk_present";"c0";0,994254083947885;50,1708683473389;47,6713762428048;50,0585316235396;53,5349429810896
"vanschaik2009_unk_present";"c0";0,994444804807154;50,5070028011204;44,7512414056532;50,2483168957062;52,5186713051213
"vanschaik2009_unk_present";"c0";0,989597073356069;52,3529411764706;52,4382972886124;52,3567774062298;47,686463829031
"vanschaik2009_unk_present";"c0";0,994050058049215;50,593837535014;50,9058775331995;50,6078618045954;53,3982472284856
"vanschaik2009_unk_present";"c0";0,991783366549381;50,6386554621849;49,9563575430172;50,6079903871661;49,996547672994
"vanschaik2009_unk_present";"c0";0,979722116353377;53,3977591036414;48,3064058956916;53,1689342403628;47,0676959023244
"vanschaik2009_unk_present";"c0";0,992451033371418;51,1260504201681;44,3497398959584;50,8214971381811;54,7783297347524
"vanschaik2009_unk_present";"c0";0,99202121431794;51,6302521008403;50,9663195421709;51,6004124352822;48,3446357423753
"vanschaik2009_unk_present";"c0";0,991220601450883;52,4901960784314;53,8678804855275;52,5521144787503;44,592870731521
"vanschaik2009_unk_present";"c0";0,980669450609359;52,2016806722689;56,140081032413;52,3786874300282;44,0193993338862
"vanschaik2009_unk_present";"c0";0,986159759790811;50,515406162465;49,2534324335795;50,4586882420656;48,6645666144421
"vanschaik2009_unk_present";"c0";0,987638352339098;51,3893557422969;51,6658834586466;51,4017839542677;49,2932149392456
"vanschaik2009_unk_present";"c0";0,992465636819999;51,8543417366947;54,3035561053031;51,9644187869692;49,7785551447595
"vanschaik2009_unk_present";"c0";0,992595368926521;50,8515406162465;46,1817226890756;50,6416611588456;49,8594636473588
"vanschaik2009_unk_present";"c0";0,996249778233779;50,6106442577031;32,0386904761905;49,775949705725;56,6549894566791
"vanschaik2009_unk_present";"c0";0,987220952105583;51,3473389355742;54,2552525396123;51,4780316818231;46,2825343383811
"vanschaik2009_unk_present";"c0";0,995299860658806;50,4425770308123;44,6240996398559;50,1810724289716;52,2526116160809
"vanschaik2009_unk_present";"c0";0,983714181991896;52,3473389355742;53,4027550414105;52,3947733672972;43,8746854029685
"vanschaik2009_unk_present";"c0";0,996840945351282;50,2464985994398;35,1934523809524;49,5699571963617;56,0798280391254
"vanschaik2009_unk_present";"c0";0,998651346913223;49,6750700280112;36,4434523809524;49,0803905831996;58,0866740770931
"vanschaik2009_unk_present";"c0";0,993111255576494;51,0924369747899;47,6218692605247;50,9364564033623;51,3752234048543
"vanschaik2009_unk_present";"c0";0,995067393864055;50,0420168067227;44,8261804721889;49,8075971961818;54,5028741362173
"vanschaik2009_unk_present";"c0";0,98777357892239;51,3025210084034;50,5421642341147;51,2683476702331;49,8017044360969
"vanschaik2009_unk_present";"c0";0,992294677073456;51,3585434173669;50,0249770961016;51,2986078523663;52,2810985023227
"vanschaik2009_unk_present";"c0";0,986673362538193;52,2436974789916;51,1183724501946;52,193121073203;47,4131644795528
"vanschaik2009_unk_present";"c0";0,998102232478207;50,0896358543417;45,4209183673469;49,8798058549262;57,3046700712291
"vanschaik2009_unk_present";"c0";0,991315412143705;52,3193277310924;46,0389540431557;52,0370637451178;50,341529402899
"vanschaik2009_unk_present";"c0";0,989550036624469;51,733893557423;49,2933327177025;51,6242054297951;53,2544992353637
"vanschaik2009_unk_present";"c0";0,988699689381403;52,1484593837535;47,1221565549297;51,9225581330198;50,0773720507448
"vanschaik2009_unk_present";"c0";0,99206842241687;51,2296918767507;44,8764960529666;50,9441549857941;51,1156681106077
"vanschaik2009_unk_present";"c0";0,998155639429051;50,1484593837535;37,1428571428571;49,5639379347244;57,0745786135224
"vanschaik2009_unk_present";"c0";0,989259776426778;52,9663865546218;53,8097931480284;53,0042924689323;45,005325163614
"vanschaik2009_unk_present";"c0";0,993229540031436;50,9131652661064;50,8925653594771;50,9122394276062;52,0061791129592
"vanschaik2009_unk_present";"c0";0,987960119537745;51,1988795518207;44,2898767898768;50,8883625737558;52,1481973923811
"vanschaik2009_unk_present";"c0";0,994497051676389;50,5742296918768;48,7945178071229;50,4942426408766;52,1329289593966
"vanschaik2009_unk_present";"c0";0,99378392262334;50,8011204481793;42,0541774402068;50,4079994141131;51,0289705870437
"vanschaik2009_unk_present";"c0";0,99577035595464;50,9131652661064;46,0956594176132;50,6966481493202;55,8405860425104
"vanschaik2009_unk_present";"c0";0,99418965955718;50,5714285714286;40,2725563909774;50,108557911633;53,4141220668139
"vanschaik2009_unk_present";"c0";0,996086126477509;50,5434173669468;45,8077686202686;50,3305792210287;54,126679281562
"vanschaik2009_unk_present";"c0";0,994151662318039;49,5406162464986;46,155679377014;49,3884842523645;54,1209570566303
"vanschaik2009_unk_present";"c0";0,988612271287516;53,0420168067227;51,6917932213985;52,9813326006407;45,5968377272057
"vanschaik2009_unk_present";"c0";0,994515747138832;50,3641456582633;50,0122965853008;50,3483322167818;53,8293716065266
"vanschaik2009_unk_present";"c0";0,988175120839326;52,0840336134454;47,1274150685915;51,861264240643;49,6241170948552
"vanschaik2009_unk_present";"c0";0,987233783856521;54,0280112044818;48,9900346103354;53,8015852901381;43,9189024555977
"vanschaik2009_unk_present";"c0";0,986356021179211;52,2464985994398;52,1108186864489;52,2404006258222;47,04069001953
"vanschaik2009_unk_present";"c0";0,98917878100949;52,156862745098;51,823153350409;52,1418645700558;47,1396481278499
"vanschaik2009_unk_present";"c0";0,98815932478698;51,6330532212885;53,3405313879938;51,7097938130506;45,5649340544947
"vanschaik2009_unk_present";"c0";0,996636058319343;50,4873949579832;45,2573529411765;50,2523368898121;54,0332433565129
"vanschaik2009_unk_present";"c0";0,99246359218318;51,0056022408964;47,3038766788767;50,8392325527157;51,9196583646011
"vanschaik2009_unk_present";"c0";0,987195574140569;53,4201680672269;47,5013082155939;53,1541518941198;48,1811571633168
"vanschaik2009_unk_present";"c0";0,986653094247508;50,4733893557423;50,2425200849571;50,4630132087407;52,2603577005722
"vanschaik2009_unk_present";"c0";0,991519961292321;51,1288515406162;49,6393557422969;51,0619079092311;51,4466959823059
"vanschaik2009_unk_present";"c0";0,988968847471138;49,0420168067227;52,0414876476907;49,1768244849684;47,843340125154
"vanschaik2009_unk_present";"c0";0,991412547531784;51,3809523809524;47,2055969823827;51,1932959585448;53,0413876535129
"vanschaik2009_unk_present";"c0";0,986867063795925;52;54,7805565607423;52,1249688341907;48,0136195895119
"vanschaik2009_unk_present";"c0";0,983109844321384;53,4733893557423;48,8164817208935;53,2640901361985;44,5291898898744
"vanschaik2009_unk_present";"c0";0,985186405509919;53,0252100840336;53,4775501109535;53,0455399728839;46,9631388082996
"vanschaik2009_unk_present";"c0";0,994989453252109;51,1764705882353;49,871153589641;51,1178046557142;51,9728720947456
"vanschaik2009_unk_present";"c0";0,992520267806865;50,8683473389356;52,2805531242064;50,9318172618691;50,4871538318816
"vanschaik2009_unk_present";"c0";0,990417021526415;51,7114845938375;47,2685324129652;51,5118013497534;48,4684740259042
"vanschaik2009_unk_present";"c0";0,989895449805007;51,1624649859944;47,1458006279435;50,9819407451831;52,1530333309998
"vanschaik2009_unk_present";"c0";0,995332508908606;51,1344537815126;49,0242346938776;51,0396124742032;53,2028441753328
"vanschaik2009_unk_present";"c0";0,993272498968077;51,4733893557423;50,6089743589744;51,434539243528;49,9123786210268
"vanschaik2009_unk_present";"c0";0,990163057318729;50,5854341736695;43,161525974026;50,2517753781799;51,7594086497148
"vanschaik2009_unk_present";"c0";0,994522046467982;48,6918767507003;50,8700563558757;48,7897724632924;56,0576260797044
"vanschaik2009_unk_present";"c0";0,995812323235319;49,453781512605;45,9287016088487;49,2953509551328;58,7974885166811
"vanschaik2009_unk_present";"c0";0,994245136142756;51,1652661064426;47,358985260771;50,9941973043899;52,504282159794
"vanschaik2009_unk_present";"c0";0,984390405773606;51,7142857142857;50,3716223331438;51,6539412926614;49,048224331415
"vanschaik2009_unk_present";"c0";0,992055023381794;50,8235294117647;51,5511928455593;50,8562333863173;52,2721339884528
"vanschaik2009_unk_present";"c0";0,98155695231936;51,9887955182073;51,1217403628118;51,9498267471783;44,6032226492548
"vanschaik2009_unk_present";"c0";0,977940177676456;53,9719887955182;54,303281305161;53,9868783465134;45,2508607599598
"vanschaik2009_unk_present";"c0";0,994326852665705;51,0924369747899;49,8078237705339;51,0347015498795;52,4034217664373
"vanschaik2009_unk_present";"c0";0,990966189808855;50,8403361344538;51,3629140467376;50,8638227821969;51,2422863013372
"vanschaik2009_unk_present";"c0";0,993758635916585;51,0560224089636;49,3208180708181;50,9780356971368;52,9490633328506
"vanschaik2009_unk_present";"c0";0,994606067796079;51,344537815126;45,7730263157895;51,0941328039199;52,159893300533
"vanschaik2009_unk_present";"c0";0,984363565406768;52,7450980392157;51,9074328449328;52,7074501653153;43,8011829644446
"vanschaik2009_unk_present";"c0";0,994142817773009;50,93837535014;47,9434562286453;50,803772243556;52,8304939306436
"vanschaik2009_unk_present";"c0";0,990027736863832;50,3697478991597;51,6805472188876;50,4286602281362;50,4322291914659
"vanschaik2009_unk_present";"c0";0,997178382192182;50,2240896358543;43,9562074829932;49,9423870671864;52,3355840939517
"vanschaik2009_unk_present";"c0";0,983686790077605;50,8711484593838;50,1960784313725;50,8408082334057;48,2462757612821
"vanschaik2009_unk_present";"c0";0,99645937277437;50,3305322128851;50,1086428161008;50,3205596557263;53,9765525180147
"vanschaik2009_unk_present";"c0";0,988890503860276;50,7899159663866;49,6470767794297;50,7385524074222;53,9145646418257
"vanschaik2009_unk_present";"c0";0,992323993641359;51,3361344537815;49,4937237715599;51,2533294792996;51,5562052571899
"vanschaik2009_unk_present";"c0";0,992263446149779;50,5238095238095;47,2055137844612;50,3746726366478;52,1967468539404
"vanschaik2009_unk_present";"c0";0,988011878914824;52,2016806722689;54,3334385649733;52,2974900157612;49,7757627299742
"vanschaik2009_unk_present";"c0";0,987155883309183;53,2913165266106;56,1425435558839;53,4194615616342;43,6736599599177
"vanschaik2009_unk_present";"c0";0,98488481481632;53,1764705882353;53,649648962149;53,1977370320067;45,6823628455119
"vanschaik2009_unk_present";"c0";0,996262314069135;50,0840336134454;50,8865886098029;50,1201035009221;51,8088353082112
"vanschaik2009_unk_present";"c0";0,986512197583743;51,3697478991597;46,7171717171717;51,1606433516546;47,5308604819966
"vanschaik2009_unk_present";"c0";0,995341253353634;50,249299719888;50,3425055919804;50,2534887478472;55,858460195955
"vanschaik2009_unk_present";"c0";0,995997108944468;49,4481792717087;44,5737044817927;49,2291017530608;55,5910026417758
"vanschaik2009_unk_present";"c0";0,994661698218131;50,0336134453782;49,9494797919168;50,0298321575821;51,0553246272242
"vanschaik2009_unk_present";"c0";0,987248975567188;51,672268907563;52,8512162440734;51,7252553047096;45,5266353704244
"vanschaik2009_unk_present";"c0";0,995479500269212;50,5042016806723;45,7052051589867;50,2885164437426;54,9504207959338
"vanschaik2009_unk_present";"c0";0,993962383337434;49,0056022408964;47,688896071249;48,9464244355189;56,1439282950795
"vanschaik2009_unk_present";"c0";0,995986636265268;50,2773109243697;39,9511054421769;49,8132118015746;54,0015257525896
"vanschaik2009_unk_present";"c0";0,984172783473195;53,1120448179272;51,9168576521518;53,0583285408137;44,8731647830516
"vanschaik2009_unk_present";"c0";0,992165890894886;50,4173669467787;50,7563263159515;50,4326010757303;52,3324025682698
"vanschaik2009_unk_present";"c0";0,996469491901039;50,7871148459384;49,4364925457362;50,7264127200866;53,5278774806441
"vanschaik2009_unk_present";"c0";0,978355911122148;53,3165266106443;50,9401068119556;53,2097212264335;48,5954454331654
"vanschaik2009_unk_present";"c0";0,983529848045456;52,4929971988796;54,4544708909205;52,5811533198702;49,2616986401079
"vanschaik2009_unk_present";"c0";0,992748864293069;51,1512605042017;51,8479891956783;51,1825741532568;51,8227379813491
"vanschaik2009_unk_present";"c0";0,989395155124085;51,3389355742297;47,7416607668709;51,1772603019888;50,6572621270972
"vanschaik2009_unk_present";"c0";0,994668504519904;50,078431372549;40,0025394773294;49,6255822986066;55,2559009990461
"vanschaik2009_unk_present";"c0";0,984924256913135;53,1008403361345;50,1967453648126;52,9703192138279;48,6814736469679
"vanschaik2009_unk_present";"c0";0,980164484581864;52,1120448179272;52,5522741147741;52,1318304043023;48,2042400014109
"vanschaik2009_unk_present";"c0";0,987445276525412;52,4341736694678;54,4930867083676;52,5267090869464;45,1984819076894
"vanschaik2009_unk_present";"c0";0,986524728374833;51,4677871148459;51,7321054295844;51,4796665896656;49,8837637204166
"vanschaik2009_unk_present";"c0";0,990941749110358;49,4201680672269;52,4310645310756;49,5554892566133;50,8747724206705
"vanschaik2009_unk_present";"c0";0,993490731176934;52,2829131652661;52,2188856986789;52,2800355263184;49,9548359613015
"vanschaik2009_unk_present";"c0";0,971365371214402;52,0252100840336;55,6510899814471;52,1881709782994;46,4323172088322
"vanschaik2009_unk_present";"c0";0,990672945800798;51,7619047619048;48,1965583436172;51,6016644734424;46,8144539520973
"vanschaik2009_unk_present";"c0";0,987517577639514;51,5070028011204;51,3640127103473;51,5005762801868;48,8965409899849
"vanschaik2009_unk_present";"c0";0,992833876603441;50,9019607843137;50,0710284113646;50,864615509125;51,0818580637919
"vanschaik2009_unk_present";"c0";0,990659798766904;50,7450980392157;49,0641711229947;50,6695507620822;50,7128031223138
"vanschaik2009_unk_present";"c0";0,994326839226074;50,8795518207283;48,5549091431444;50,7750734981403;54,0967380688192
"vanschaik2009_unk_present";"c0";0,986560907369713;51,5742296918768;54,51904547244;51,7065809629133;48,3576477000143
"vanschaik2009_unk_present";"c0";0,992573899656403;50,5518207282913;52,0804154995332;50,6205216168865;51,6320965935919
"vanschaik2009_unk_present";"c0";0,982271034655022;52,4705882352941;54,5321944567301;52,5632446946845;44,5221229662312
"vanschaik2009_unk_present";"c0";0,997693660177874;50,2577030812325;41,1352040816327;49,8477031261943;58,9469674483898
"vanschaik2009_unk_present";"c0";0,995492424136476;51,0252100840336;51,3641289849273;51,0404423941861;51,3360351907748
"vanschaik2009_unk_present";"c0";0,987271145655036;52,4313725490196;52,593921340466;52,4386781126801;49,6357764995575
"vanschaik2009_unk_present";"c0";0,989731548888377;52,3389355742297;51,6385501569049;52,3074575779454;46,2718646711248
"vanschaik2009_unk_present";"c0";0,997026725174223;49,9943977591036;46,3617754794225;49,8311338364213;57,2239365404531
"vanschaik2009_unk_present";"c0";0,99623430143048;50,1456582633053;45,0771558623449;49,917860402588;56,2761624908475
"vanschaik2009_unk_present";"c0";0,987543630876599;52,4789915966387;53,0508660340593;52,5046938185452;46,6199900853859
"vanschaik2009_unk_present";"c0";0,992671134869478;49,6526610644258;51,5879970409216;49,7396424566278;52,265240606679
"vanschaik2009_unk_present";"c0";0,989837506480664;51,3641456582633;53,8173558897243;51,4744022978795;46,5919369058962
"vanschaik2009_unk_present";"c0";0,994795316259725;49,7591036414566;38,9288888632376;49,2723524154692;51,4280884686948
"vanschaik2009_unk_present";"c0";0,98933941992628;51,8039215686275;50,9908315552942;51,7673781972417;47,2696121069322
"vanschaik2009_unk_present";"c0";0,992171867247961;50,375350140056;50,4566409897292;50,3790036613896;54,5035537608768
"vanschaik2009_unk_present";"c0";0,996325824918951;49,4901960784314;46,2705915699613;49,345494752208;55,1350924126846
"vanschaik2009_unk_present";"c0";0,993607225664039;52,3361344537815;51,9749245852187;52,3199003023854;47,9689866257596
"vanschaik2009_unk_present";"c0";0,993150152811757;50,4985994397759;45,218253968254;50,2612805421794;55,5001414776661
"vanschaik2009_unk_present";"c0";0,995473628389091;49,2240896358543;43,9865946378551;48,9886966022364;55,358296983605
"vanschaik2009_unk_present";"c0";0,974155066717665;51,7478991596639;53,1447322518751;51,8106781750441;45,1515410001698
"vanschaik2009_unk_present";"c0";0,994799482978372;51,1120448179272;49,0121882086168;51,0176692399806;53,2465132425326
"vanschaik2009_unk_present";"c0";0,96993556364579;53,2296918767507;51,6400266400266;53,1582462481339;45,0146194700784
"vanschaik2009_unk_present";"c0";0,988893436115031;50,9131652661064;48,2443458152492;50,7932183244949;50,8160454476778
"vanschaik2009_unk_present";"c0";0,983608100820975;54,2717086834734;55,0719402133323;54,3076741454895;43,6734367119494
"vanschaik2009_unk_present";"c0";0,994156744581736;50,9159663865546;45,7889405762305;50,6855382602479;51,3382896841222
"vanschaik2009_unk_present";"c0";0,990926457963077;49,4901960784314;44,6002037178508;49,2704211408772;56,4305948090119
"vanschaik2009_unk_present";"c0";0,997713881021357;50,5882352941176;42,0408163265306;50,2040816326531;56,2952095402613
"vanschaik2009_unk_present";"c0";0,994143470788238;49,5714285714286;43,070807868602;49,2792658432116;55,1016384114216
"vanschaik2009_unk_present";"c0";0,980720510482627;52,375350140056;50,0300985778927;52,2699455754644;46,0339902758589
"vanschaik2009_unk_present";"c0";0,989945336351991;52,3053221288515;50,4257624102273;52,2208475347561;46,4457660364619
"vanschaik2009_unk_present";"c0";0,992146305741862;50,7002801120448;49,1766706682673;50,631803283111;49,8548552776022
"vanschaik2009_unk_present";"c0";0,992328213869168;51,6582633053221;52,1718444462805;51,6813456037922;51,4804800973535
"vanschaik2009_unk_present";"c0";0,986279062988513;52,2100840336134;42,1162567591139;51,756428875209;50,4406818710397
"vanschaik2009_unk_present";"c0";0,991352957425744;50,9243697478992;45,254063163727;50,6695245081611;48,4563278615455
"vanschaik2009_unk_present";"c0";0,984805961174947;50,4341736694678;51,8828044038128;50,4992806687642;50,1645961508746
"vanschaik2009_unk_present";"c0";0,996249238495484;48,7478991596639;33,5565476190476;48,0651417870519;56,814025597828
"vanschaik2009_unk_present";"c0";0,99135187279949;50,9803921568627;49,875687116952;50,9307424921477;52,2958802057578
"vanschaik2009_unk_present";"c0";0,995790898714262;50,4257703081233;42,9236598485548;50,0885968043224;54,2497706156194
"vanschaik2009_unk_present";"c0";0,992800036509828;51,2773109243697;51,4391031378813;51,2845824845276;52,0853447614822
"vanschaik2009_unk_present";"c0";0,991557437845047;52,2801120448179;50,401962020853;52,1957008077858;48,7234337270724
"vanschaik2009_unk_present";"c0";0,995411565454072;50,5350140056022;45,594487795118;50,3129678837827;55,8084832510404
"vanschaik2009_unk_present";"c0";0,994270336363037;50,4929971988796;51,282541862899;50,5284823523186;54,1897937330884
"vanschaik2009_unk_present";"c0";0,994790569062361;51,0224089635854;41,1954365079365;50,5807472801855;53,057471410859
"vanschaik2009_unk_present";"c0";0,983102479030297;54,7058823529412;57,3639167205344;54,8253445717094;38,1013786829784
"vanschaik2009_unk_present";"c0";0,997503987235001;50,2521008403361;46,2825130052021;50,0736923983076;55,7525824792667
"vanschaik2009_unk_present";"c0";0,987528279000296;51,921568627451;50,1607309590503;51,8424298558375;49,6746536265626
"vanschaik2009_unk_present";"c0";0,991338973966795;49,8795518207283;45,0183823529412;49,6610722940862;52,4213152713148
"vanschaik2009_unk_present";"c0";0,992912531830363;50,296918767507;50,037925089064;50,2852786021837;55,4340585089747
"vanschaik2009_unk_present";"c0";0,986269360991595;53,4929971988796;56,8130772736036;53,6422142808896;43,7990987355706
"vanschaik2009_unk_present";"c0";0,98827992094193;52,2689075630252;52,5277479412818;52,2805408384525;49,1001069817633
"vanschaik2009_unk_present";"c0";0,990691846717538;51,0196078431373;51,4857061245551;51,0405560805043;52,63620406213
"vanschaik2009_unk_present";"c0";0,989841918973838;50,3333333333333;50,6055146417541;50,3455662011275;56,1378829463849
"vanschaik2009_unk_present";"c0";0,98643256625027;52,8039215686275;52,7854911900965;52,8030932370081;47,0217356165651
"vanschaik2009_unk_present";"c0";0,99171417176499;50,9411764705882;52,1852680005875;50,9970906966556;52,9309352189885
"vanschaik2009_unk_present";"c0";0,991820136845763;50,6190476190476;45,2446241654557;50,3775004975379;53,6196984168935
