"matrix_id";"baseline";"ceof_cor";"stat_nodf_columns";"stat_nodf_rows";"stat_nodf_general";"stat_temp"
"vanschaik2009_unk_present";"r2";0,99154274642084;49,484593837535;66,3481964372057;50,2425085611157;29,8605956939052
"vanschaik2009_unk_present";"r2";0,991627478994356;53,1736694677871;64,7623741712364;53,6945101286163;30,1193057342102
"vanschaik2009_unk_present";"r2";0,993341668270418;44,4145658263305;64,7356094627767;45,3278711583056;30,3510365386106
"vanschaik2009_unk_present";"r2";0,992038822384095;48,921568627451;66,3107194018572;49,7031034937164;28,9892161794672
"vanschaik2009_unk_present";"r2";0,992769706394108;49,0140056022409;62,6434291972218;49,6265639660603;33,3089260779546
"vanschaik2009_unk_present";"r2";0,98730125084154;42,4873949579832;61,5197995374079;43,342783927845;32,9633999896069
"vanschaik2009_unk_present";"r2";0,988537563504469;49,3865546218487;61,9254149488283;49,9500989062074;31,7893682226032
"vanschaik2009_unk_present";"r2";0,992678047539847;52,7955182072829;65,8913342204751;53,3840942078758;28,8474968221748
"vanschaik2009_unk_present";"r2";0,990855912069656;48,2577030812325;64,520077445774;48,9885963110995;30,3167102287821
"vanschaik2009_unk_present";"r2";0,990569491130873;43,2885154061625;66,1833635275973;44,3174973442045;29,1192954609975
"vanschaik2009_unk_present";"r2";0,98828429057248;42,5798319327731;60,9637250649248;43,406074320735;36,2069401882335
"vanschaik2009_unk_present";"r2";0,995700625607344;55,7927170868347;70,3340535238755;56,4462602974883;27,0903450349333
"vanschaik2009_unk_present";"r2";0,991110215037305;43,8039215686275;68,0610685109524;44,8941304199679;28,114778430254
"vanschaik2009_unk_present";"r2";0,994658393168412;51,436974789916;69,0159943255918;52,2270430836542;25,6282509732106
"vanschaik2009_unk_present";"r2";0,990617553809444;55,1988795518207;62,0065692821111;55,5048431352046;35,1319555984146
"vanschaik2009_unk_present";"r2";0,98975984141792;41,9971988795518;65,6740221852451;43,0613257696953;29,7974275774118
"vanschaik2009_unk_present";"r2";0,993752804717803;51,4173669467787;71,8219200175469;52,3344255117571;24,4731285140648
"vanschaik2009_unk_present";"r2";0,992099513415074;50,5238095238095;63,9155655361151;51,1256861985199;33,8734453635313
"vanschaik2009_unk_present";"r2";0,991882105343972;52,563025210084;59,7891514445307;52,8877949284861;35,9066378274333
"vanschaik2009_unk_present";"r2";0,992892401738703;52,5742296918768;63,9637242917042;53,0861170896218;31,1207770988075
"vanschaik2009_unk_present";"r2";0,977124786385536;45,6806722689076;57,0822801424582;46,1931040834492;38,9938458433431
"vanschaik2009_unk_present";"r2";0,99173712522929;46,1764705882353;68,3307259690774;47,1721674592844;28,0050426597676
"vanschaik2009_unk_present";"r2";0,990561328130893;47,5574229691877;64,5073434692243;48,3192171489646;31,6104113785278
"vanschaik2009_unk_present";"r2";0,990981539219736;47,1792717086835;63,1590159066939;47,8974624591558;32,2473629184857
"vanschaik2009_unk_present";"r2";0,993589178140747;52,4145658263305;61,4729439806839;52,8216839456273;32,1521051773618
"vanschaik2009_unk_present";"r2";0,991319610590708;48,6302521008403;65,6619325591849;49,395720885485;27,9883001463035
"vanschaik2009_unk_present";"r2";0,994815397040163;47,3305322128852;70,7556907102186;48,3833483251249;24,9981100215351
"vanschaik2009_unk_present";"r2";0,989978911794175;50,4229691876751;63,5824572744077;51,0144068544945;31,0394655266417
"vanschaik2009_unk_present";"r2";0,996604322453202;49,2324929971989;70,9343739335999;50,2078584325428;25,0649987969627
"vanschaik2009_unk_present";"r2";0,992626559200584;48,2689075630252;66,8436568591367;49,1037277561089;27,345621658463
"vanschaik2009_unk_present";"r2";0,994748502636821;55,5602240896359;65,9307507507972;56,0263151755308;33,3871990741999
"vanschaik2009_unk_present";"r2";0,994243690165441;52,156862745098;62,8494602662559;52,6374289258242;31,8832653547555
"vanschaik2009_unk_present";"r2";0,99291415193034;51,0504201680672;63,9907692926269;51,6320088927665;29,7915486385139
"vanschaik2009_unk_present";"r2";0,993637393225638;49,5294117647059;67,9081738050391;50,3554235417995;26,2786352885606
"vanschaik2009_unk_present";"r2";0,994527701632117;55,344537815126;68,4229148044938;55,9323300393673;27,6978986699766
"vanschaik2009_unk_present";"r2";0,9913891338862;49,7366946778711;63,0699360623896;50,3359414816697;32,1478312722959
"vanschaik2009_unk_present";"r2";0,994724623874411;49,1204481792717;67,168274192268;49,9315864270468;27,5812836381375
"vanschaik2009_unk_present";"r2";0,990899753316983;47,344537815126;63,3270447947306;48,0628527355577;32,28170713173
"vanschaik2009_unk_present";"r2";0,995392116097729;46,0028011204482;66,9760628303585;46,9454196242644;28,1915276502319
"vanschaik2009_unk_present";"r2";0,990484072158803;47,6442577030812;65,4206023594569;48,44319454157;29,3285359400604
"vanschaik2009_unk_present";"r2";0,993048725279707;51,0168067226891;67,6629050129437;51,7649459716893;30,0314427426695
"vanschaik2009_unk_present";"r2";0,992892336299515;48,7002801120448;63,6882338507725;49,3738960104146;32,2733510167503
"vanschaik2009_unk_present";"r2";0,992267965794907;47,3641456582633;63,8855098075299;48,1066788784551;30,2677353082883
"vanschaik2009_unk_present";"r2";0,994021723220986;49,6022408963585;64,7359767425557;50,2824087995584;28,8979547923365
"vanschaik2009_unk_present";"r2";0,993489362814061;52,2913165266106;64,1838601929546;52,8258128711654;31,2247762510698
"vanschaik2009_unk_present";"r2";0,988121306345237;49,8767507002801;62,4172460666269;50,4403684695541;33,271929631711
"vanschaik2009_unk_present";"r2";0,990553766101774;48,2521008403361;60,354544835969;48,7960309075556;34,4774842869039
"vanschaik2009_unk_present";"r2";0,991735522305238;47,2885154061625;67,8171786289046;48,2111519554992;26,7044055972135
"vanschaik2009_unk_present";"r2";0,990943995550297;51,6946778711485;60,5703362040436;52,0935838636381;35,2351322556918
"vanschaik2009_unk_present";"r2";0,992188050387531;53,3669467787115;64,1732896231735;53,8526251087997;30,9021473828023
"vanschaik2009_unk_present";"r2";0,990175207703514;49,406162464986;67,0213284522495;50,1978553183461;29,3612599302531
"vanschaik2009_unk_present";"r2";0,992129866057851;51,1960784313725;68,391465667975;51,9689048240288;27,1935492686596
"vanschaik2009_unk_present";"r2";0,992867524580637;46,750700280112;69,0904892965652;47,7547357415257;27,8435492789453
"vanschaik2009_unk_present";"r2";0,994161190834213;47,7955182072829;65,8943449481375;48,6089486226022;28,1856697004014
"vanschaik2009_unk_present";"r2";0,993179876854715;47,1820728291317;65,7824035484639;48,0180427491016;28,4070438566471
"vanschaik2009_unk_present";"r2";0,982961182474185;46,0280112044818;54,9020461607536;46,4268442362243;43,9147100056128
"vanschaik2009_unk_present";"r2";0,992375021569905;51,2773109243697;64,3904260728951;51,8666644141911;33,5251878386591
"vanschaik2009_unk_present";"r2";0,995559730566441;52,5098039215686;67,2849112961342;53,173853691212;27,7814504832128
"vanschaik2009_unk_present";"r2";0,994038618252008;47,1736694677871;72,4509494633334;48,3097269956768;23,5889747540211
"vanschaik2009_unk_present";"r2";0,994040951323621;54,4117647058823;71,2245845614654;55,1673970589423;26,6651628649623
"vanschaik2009_unk_present";"r2";0,990821309851615;45,5070028011204;67,289457188838;46,4859895151752;27,9910337141194
"vanschaik2009_unk_present";"r2";0,990845581930369;44,952380952381;69,5321738375144;46,0570907449712;26,3421760011873
"vanschaik2009_unk_present";"r2";0,993296658492053;50,6386554621849;66,0034753688005;51,329209165853;30,6368128435577
"vanschaik2009_unk_present";"r2";0,990589184401912;55,0644257703081;61,6373902799986;55,3598399055751;35,4735723081123
"vanschaik2009_unk_present";"r2";0,990640627679979;42,8319327731092;64,965616813527;43,8267050895325;30,9915420825588
"vanschaik2009_unk_present";"r2";0,994152503456529;44,1064425770308;69,1041849662206;45,2299366169944;27,5902464663553
"vanschaik2009_unk_present";"r2";0,993402248005199;50,9243697478992;67,3460182748108;51,6624213670862;30,6991267865776
"vanschaik2009_unk_present";"r2";0,990733999707638;51,8319327731092;70,0685714569228;52,6515569836177;25,1690412209699
"vanschaik2009_unk_present";"r2";0,992750146396113;48,6134453781513;68,6830745364027;49,5154511830165;25,8987432161901
"vanschaik2009_unk_present";"r2";0,990430123247179;47,1316526610644;64,2986834501927;47,9032046066432;29,8088180881734
"vanschaik2009_unk_present";"r2";0,991120858776074;42,7114845938375;67,5227104551795;43,8265958685046;28,5305439086872
"vanschaik2009_unk_present";"r2";0,987905639671531;40,5518207282913;66,6260129834046;41,7236945375099;30,554728510128
"vanschaik2009_unk_present";"r2";0,995623572733467;52,7198879551821;63,004497437547;53,1821175948389;35,6288690968596
"vanschaik2009_unk_present";"r2";0,990058418592409;49,4929971988796;58,3889375588292;49,8928147431469;36,8730716639772
"vanschaik2009_unk_present";"r2";0,992549167838097;47,3893557422969;68,5621267277614;48,3409409551268;26,5720088400603
"vanschaik2009_unk_present";"r2";0,995019072223127;53,3053221288515;70,7759523113625;54,0905189909869;26,7605656024992
"vanschaik2009_unk_present";"r2";0,993195833782122;52,266106442577;67,3380476592551;52,9434970590569;27,1718361220752
"vanschaik2009_unk_present";"r2";0,990026187122304;47,7591036414566;65,6296586540395;48,5622746532581;28,2888549374376
"vanschaik2009_unk_present";"r2";0,992846751549355;48,1344537815126;67,9684237975647;49,0258681642565;26,8223170581374
"vanschaik2009_unk_present";"r2";0,991028573492714;48,8963585434174;64,3833704350345;49,5924040216923;31,9786526699341
"vanschaik2009_unk_present";"r2";0,991983028479628;50,5182072829132;67,9942074824041;51,3036454941262;27,630607885231
"vanschaik2009_unk_present";"r2";0,994530302134138;52,1372549019608;67,196429086909;52,8140717192618;28,3122649746718
"vanschaik2009_unk_present";"r2";0,990573236905709;51,8963585434174;65,7253656431288;52,5178869523932;29,8542376510902
"vanschaik2009_unk_present";"r2";0,993252298720233;52,6498599439776;63,2944503252166;53,1282685004378;34,1423585635499
"vanschaik2009_unk_present";"r2";0,992094610186502;49,2212885154062;66,2770359800159;49,9878389632538;29,7409960140072
"vanschaik2009_unk_present";"r2";0,990966300162452;47,3893557422969;61,8050518882562;48,0372521982951;32,3508992992469
"vanschaik2009_unk_present";"r2";0,983569102865031;45,0420168067227;60,1491742261866;45,7209901738896;35,3711791256274
"vanschaik2009_unk_present";"r2";0,99039891171127;49,4481792717087;66,3666232503307;50,2085587763658;28,710962677452
"vanschaik2009_unk_present";"r2";0,991889954175026;49,7142857142857;59,5605471669713;50,1568143189008;35,0072190931572
"vanschaik2009_unk_present";"r2";0,994236324030084;54,406162464986;64,8518986173785;54,875633752734;30,775173240931
"vanschaik2009_unk_present";"r2";0,992528120132129;51,1708683473389;66,1023348426599;51,8419454931961;30,7915919147661
"vanschaik2009_unk_present";"r2";0,993723520978516;51,8207282913165;65,0113463677705;52,4135650587976;29,8583755295083
"vanschaik2009_unk_present";"r2";0,992455868766306;51,4733893557423;69,7818805936066;52,2962428945227;27,4472916012024
"vanschaik2009_unk_present";"r2";0,99120436847591;49,3809523809524;66,0645952344869;50,1307790260551;29,3670380828307
"vanschaik2009_unk_present";"r2";0,992939759685741;56,1988795518207;66,9848920429416;56,6836441581632;29,1031952156027
"vanschaik2009_unk_present";"r2";0,995035289227902;50,7563025210084;69,252353361293;51,5875857048414;26,325929658504
"vanschaik2009_unk_present";"r2";0,994857810551422;49,0364145658263;71,6439568558377;50,0524838822313;25,6459983782628
"vanschaik2009_unk_present";"r2";0,991848529513801;49,9943977591036;58,9735905864002;50,3979569872967;36,0825054326906
"vanschaik2009_unk_present";"r2";0,991770917221078;49,9159663865546;68,3411177315976;50,7440630762195;26,4281066724723
"vanschaik2009_unk_present";"r2";0,99304386667239;54,8263305322129;64,6608084253208;55,2683295386447;31,1671557713757
"vanschaik2009_unk_present";"r2";0,989249785230735;45,7843137254902;66,5435747817714;46,7173142224017;28,8714487706281
"vanschaik2009_unk_present";"r2";0,987341724233684;48,4817927170868;61,3054160751529;49,0581353399213;33,1330379953477
"vanschaik2009_unk_present";"r2";0,990469791985007;46,2577030812325;65,5103120563647;47,1229888778676;32,4704675859115
"vanschaik2009_unk_present";"r2";0,989568070925637;56,2128851540616;61,9885725729379;56,4724666110898;33,4275875664705
"vanschaik2009_unk_present";"r2";0,991647893373423;49,3137254901961;66,9593048850015;50,1067852382772;28,1673593915713
"vanschaik2009_unk_present";"r2";0,994771890876003;48,2857142857143;65,7509721315836;49,0706696945174;30,1100866784495
"vanschaik2009_unk_present";"r2";0,990768684255459;48,9355742296919;66,4557771949413;49,7229990820626;28,1046248779057
"vanschaik2009_unk_present";"r2";0,994387711152499;54,7647058823529;66,3198691788088;55,2840390642161;28,9587878392374
"vanschaik2009_unk_present";"r2";0,990724986505566;45,6498599439776;61,4394087594552;46,3595025873698;34,4332540898408
"vanschaik2009_unk_present";"r2";0,991340203414131;51,0168067226891;66,1878320982423;51,6986505597926;30,5721821608383
"vanschaik2009_unk_present";"r2";0,996149092110785;49,1120448179272;71,1062141547823;50,1005468105948;24,8418268533651
"vanschaik2009_unk_present";"r2";0,99261311426801;53,8571428571429;67,5242101809439;54,4713930739429;27,4306714824531
"vanschaik2009_unk_present";"r2";0,992730718740027;53,2100840336134;64,2904373748027;53,7080774422062;31,6223097052802
"vanschaik2009_unk_present";"r2";0,990627652882908;52,7563025210084;60,7240460133262;53,1144033521238;33,5887949245296
"vanschaik2009_unk_present";"r2";0,993575768467906;49,0392156862745;65,1104813014643;49,7615197588673;29,6567154760511
"vanschaik2009_unk_present";"r2";0,991981613163517;50,9467787114846;64,3857271469501;51,5507763939774;31,5622255952056
"vanschaik2009_unk_present";"r2";0,99342355281713;51,0924369747899;61,1192390555781;51,5430797649377;34,2885109327099
"vanschaik2009_unk_present";"r2";0,989171001376734;50,3697478991597;63,8237165955819;50,9744206495607;30,9140010097866
"vanschaik2009_unk_present";"r2";0,992990951228001;52,8459383753501;66,3250433132399;53,4517408444688;29,5253642311029
"vanschaik2009_unk_present";"r2";0,991568969605647;46,1372549019608;62,788430609638;46,8856223494968;33,6341714386784
"vanschaik2009_unk_present";"r2";0,992254126916005;49,9747899159664;68,1060731708952;50,7896790510194;27,1087360788632
"vanschaik2009_unk_present";"r2";0,983904380794924;47,9775910364146;62,1437627774702;48,6142729124171;30,7354018927916
"vanschaik2009_unk_present";"r2";0,988476957944015;51,0028011204482;64,533848826612;51,6109380960061;30,3220463734391
"vanschaik2009_unk_present";"r2";0,991893933847412;49,1288515406162;68,305338559789;49,9907161257476;27,4211106342847
"vanschaik2009_unk_present";"r2";0,992770241474659;55,9915966386555;68,0811754679789;56,5349484961531;28,2108193119232
"vanschaik2009_unk_present";"r2";0,989519187602071;45,5742296918768;66,6094386779371;46,5196323429357;28,6923450041161
"vanschaik2009_unk_present";"r2";0,993331043250335;52,5882352941176;65,8425729971783;53,1839358650417;33,019211791612
"vanschaik2009_unk_present";"r2";0,994959869379553;47,3977591036415;75,4917167455867;48,6604088853019;21,5783270469254
"vanschaik2009_unk_present";"r2";0,995039178453634;52,4005602240896;70,1676628969586;53,1990816925332;25,5026998232597
"vanschaik2009_unk_present";"r2";0,989983873506016;52,4257703081233;61,4381103932188;52,8308193007118;34,6617546941861
"vanschaik2009_unk_present";"r2";0,992346339019857;49,8151260504202;65,4919271260216;50,5197013796607;29,7598523616697
"vanschaik2009_unk_present";"r2";0,991752453065244;43,6666666666667;66,0055566208817;44,6706617207887;31,112039737166
"vanschaik2009_unk_present";"r2";0,993599323376256;42,7142857142857;68,4395938169158;43,8704793368758;27,346817944403
"vanschaik2009_unk_present";"r2";0,987649955591598;52,3389355742297;60,9742682498101;52,7270404135816;35,9090532328091
"vanschaik2009_unk_present";"r2";0,995393816142363;54,5098039215686;65,7404724403563;55,0145530684804;30,538967768954
"vanschaik2009_unk_present";"r2";0,99175244024385;51,6750700280112;64,1161647305223;52,2342203517196;30,5394304705396
"vanschaik2009_unk_present";"r2";0,989850251099938;50,5238095238095;62,6862044044707;51,070434012828;34,7780581445531
"vanschaik2009_unk_present";"r2";0,990443465187702;44,9915966386555;67,1749593285971;45,9886017033719;27,7761565851771
"vanschaik2009_unk_present";"r2";0,994008972643534;50,0812324929972;68,6576226920654;50,9161264345284;26,7431408271778
"vanschaik2009_unk_present";"r2";0,993548014270172;47,5910364145658;67,1907217524478;48,4719211488527;28,7434399102979
"vanschaik2009_unk_present";"r2";0,995783250434146;50,0896358543417;68,3580270993197;50,9106871462509;26,6955726984975
"vanschaik2009_unk_present";"r2";0,99473828924695;51,859943977591;66,6065181593432;52,5227113565462;29,6251526910844
"vanschaik2009_unk_present";"r2";0,989374904343466;51,2072829131653;63,4530217589428;51,7576531983688;32,9190968216482
"vanschaik2009_unk_present";"r2";0,9931097867201;54,4621848739496;60,4933298770373;54,7332475707176;37,8623087501748
"vanschaik2009_unk_present";"r2";0,994255909964172;55,5602240896359;61,1625603498669;55,8120144833541;38,543687641026
"vanschaik2009_unk_present";"r2";0,987229740574462;50,2464985994398;61,968707247345;50,7733394375479;34,2084018746582
"vanschaik2009_unk_present";"r2";0,990857714551502;49,4005602240896;60,3765075224054;49,8938612262611;34,8132138627542
"vanschaik2009_unk_present";"r2";0,992220001917277;52,2885154061625;61,3268858334648;52,6947343017716;35,3399268730075
"vanschaik2009_unk_present";"r2";0,993429529202759;48,8879551820728;66,7944735862692;49,6927425260817;28,6551121466673
"vanschaik2009_unk_present";"r2";0,993167877807225;51,9775910364146;66,2503775893869;52,6190645893571;27,0111147374382
"vanschaik2009_unk_present";"r2";0,990362613892639;45,9019607843137;66,4785517629945;46,8267513900971;29,3882843015302
"vanschaik2009_unk_present";"r2";0,994441402382609;57,672268907563;64,8297152408995;57,9939518888366;31,1681549600697
"vanschaik2009_unk_present";"r2";0,996256293913701;49,6106442577031;71,19061279278;50,5805304839987;25,1124860640855
"vanschaik2009_unk_present";"r2";0,991931259360554;48,5574229691877;65,3486896230704;49,3120866390251;29,8111053442401
"vanschaik2009_unk_present";"r2";0,992617988445937;49,9859943977591;67,2838432851978;50,7634258084305;27,8976756211067
"vanschaik2009_unk_present";"r2";0,992167476398933;50,109243697479;62,2266117525405;50,6538445089424;31,2704885276366
"vanschaik2009_unk_present";"r2";0,993738203828423;49,9495798319328;69,8364184190423;50,8433703302298;25,7780982831006
"vanschaik2009_unk_present";"r2";0,990684738019281;49,9019607843137;62,941035357831;50,4879866078426;31,3506525063203
"vanschaik2009_unk_present";"r2";0,993514373158998;54,249299719888;68,8797657450908;54,9068487547285;27,8973065017207
"vanschaik2009_unk_present";"r2";0,993602767994004;51,7983193277311;67,9292617856859;52,5233055056167;27,8103882136802
"vanschaik2009_unk_present";"r2";0,987665196401199;46,2941176470588;64,1464926971893;47,0964715818962;34,0318587354355
"vanschaik2009_unk_present";"r2";0,987077180819727;48,8039215686275;62,2133477977131;49,4065924103841;33,2143788043135
"vanschaik2009_unk_present";"r2";0,993646855025614;48,8039215686275;67,6859357103165;49,6525514176921;28,3901619675237
"vanschaik2009_unk_present";"r2";0,993628397364607;53,515406162465;65,0195602256361;54,0324467945176;30,9824868248685
"vanschaik2009_unk_present";"r2";0,994293145035257;51,5518207282913;66,9076553606352;52,2419705994079;30,7255174037869
"vanschaik2009_unk_present";"r2";0,990155803392016;47,5966386554622;69,6754741646382;48,5889458693577;25,1395850083766
"vanschaik2009_unk_present";"r2";0,991119169870803;44,4509803921569;64,9103106001326;45,3705008509423;28,6920305398579
"vanschaik2009_unk_present";"r2";0,994719493209208;48,7086834733894;67,6997087020307;49,5622126971485;28,458098554065
"vanschaik2009_unk_present";"r2";0,991446777709954;51,8991596638655;63,0501770546275;52,4003289847987;35,4501031527254
"vanschaik2009_unk_present";"r2";0,99566887612636;49,6218487394958;67,6439143931404;50,4318292183113;27,4225751977243
"vanschaik2009_unk_present";"r2";0,992461257359767;52,0868347338936;62,7357710658794;52,5654386139828;34,2589258797285
"vanschaik2009_unk_present";"r2";0,990987755771888;49,8375350140056;62,3590499412868;50,4002997298385;34,0121355803687
"vanschaik2009_unk_present";"r2";0,992877688504951;46,8067226890756;62,9666515115431;47,5330116249169;31,6886148465543
"vanschaik2009_unk_present";"r2";0,992513980858101;54,3949579831933;61,4656595983995;54,7127423254497;37,6883987605883
"vanschaik2009_unk_present";"r2";0,994820760457359;55,4033613445378;66,1053052984168;55,884347589656;29,9103347388069
"vanschaik2009_unk_present";"r2";0,994302051905994;46,1316526610644;66,7805781679621;47,0596942568801;28,2751718554732
"vanschaik2009_unk_present";"r2";0,988258904072745;45,4733893557423;62,1547473424408;46,2231133102007;31,7903425464458
"vanschaik2009_unk_present";"r2";0,991089799887238;42,6330532212885;64,6695715919787;43,6234585413195;33,3204874882731
"vanschaik2009_unk_present";"r2";0,993596858261496;50,672268907563;63,3510726244859;51,2421027824809;32,5349361164465
"vanschaik2009_unk_present";"r2";0,995191365908447;56,7899159663866;70,2447900396817;57,394629407883;26,568021748697
"vanschaik2009_unk_present";"r2";0,993602998057363;51,5182072829132;64,9455549610348;52,1216835830535;32,0247717731448
"vanschaik2009_unk_present";"r2";0,993566555202033;51,140056022409;66,6363580305144;51,8365190340092;28,1697173815185
"vanschaik2009_unk_present";"r2";0,990736334461914;48,6526610644258;65,5605649510448;49,4125668570828;28,3430344085512
"vanschaik2009_unk_present";"r2";0,993744717470964;51,9747899159664;65,9668859262513;52,6036481636196;29,5290723020117
"vanschaik2009_unk_present";"r2";0,990878319594193;51,9859943977591;66,3245085023336;52,6304219979647;29,529371010797
"vanschaik2009_unk_present";"r2";0,991560681985523;50,5322128851541;67,0164007818807;51,273075262535;26,8775464395047
"vanschaik2009_unk_present";"r2";0,988436079163654;47,8683473389356;62,5257031410282;48,5271049030746;30,5937338936773
"vanschaik2009_unk_present";"r2";0,993561303063666;50,4285714285714;67,2376433550969;51,1840353353816;28,3612082575482
"vanschaik2009_unk_present";"r2";0,992605158923926;45,9019607843137;66,5085623870454;46,8281001821893;27,5535162830328
"vanschaik2009_unk_present";"r2";0,994076661469599;42,1484593837535;66,0371442927557;43,2221081437087;28,4099893396989
"vanschaik2009_unk_present";"r2";0,993972922370256;47,5658263305322;63,7535017227355;48,2933623032155;30,0964383265455
"vanschaik2009_unk_present";"r2";0,992840451441443;53,5182072829132;67,9610137669348;54,1673221810714;28,3653514660177
"vanschaik2009_unk_present";"r2";0,990418576893967;49,5770308123249;67,1402513894774;50,3663890405116;29,6489080888285
"vanschaik2009_unk_present";"r2";0,991613350095942;51,9355742296919;68,5569107105485;52,6826005883821;27,1918441400253
"vanschaik2009_unk_present";"r2";0,995761108497768;44,1680672268908;74,2334452183523;45,5193201703272;22,7323797389389
"vanschaik2009_unk_present";"r2";0,988280136286882;51,7591036414566;60,164798114682;52,1368876627251;34,9830953992322
"vanschaik2009_unk_present";"r2";0,993455680352524;46,0728291316527;62,9865345567745;46,8329956676132;33,1459603680045
"vanschaik2009_unk_present";"r2";0,990708954373663;47,4089635854342;64,6647244654211;48,184503400265;28,9155471159804
"vanschaik2009_unk_present";"r2";0,988345921926102;49,6302521008403;57,834409527521;49,9989782773204;42,519176590076
"vanschaik2009_unk_present";"r2";0,988837592818305;49,6162464985994;63,8427523199195;50,2556400186588;30,8013083744926
"vanschaik2009_unk_present";"r2";0,995605010582402;49,0616246498599;67,2833664658355;49,8805793382184;28,6287356747487
"vanschaik2009_unk_present";"r2";0,994157378827317;51,6778711484594;66,4277125093689;52,3407853669272;28,9398522086843
"vanschaik2009_unk_present";"r2";0,99226303518698;45,7114845938375;63,8792966579344;46,5280154731228;29,7699118787693
"vanschaik2009_unk_present";"r2";0,993410384212525;55,1148459383753;66,0295216264643;55,6053931603119;28,9079803060466
"vanschaik2009_unk_present";"r2";0,994150238947984;53,3389355742297;58,5948155946221;53,5751549009889;39,0024618902019
"vanschaik2009_unk_present";"r2";0,993629809801173;52,9775910364146;64,9359589713692;53,5150457750642;32,449634941746
"vanschaik2009_unk_present";"r2";0,994934450981512;49,3473389355742;73,3582948269481;50,4264830205798;24,1645383454233
"vanschaik2009_unk_present";"r2";0,993016026834409;50;63,4163711030971;50,6029829709257;33,3397832156164
"vanschaik2009_unk_present";"r2";0,993171186938051;47,6442577030812;67,4717036704266;48,5353788701529;30,062535760483
"vanschaik2009_unk_present";"r2";0,990275917564582;47,7955182072829;64,3808623007539;48,540926930585;30,4856422132818
"vanschaik2009_unk_present";"r2";0,98354767309741;43,2296918767507;61,9399514958725;44,0706024214303;32,8436082337301
"vanschaik2009_unk_present";"r2";0,992104519480722;53,8067226890756;59,2159646339213;54,0498346865968;38,0485268184903
"vanschaik2009_unk_present";"r2";0,993047019524614;46,515406162465;73,60748127002;47,7330275156135;22,5024033213451
"vanschaik2009_unk_present";"r2";0,991661286683028;48,266106442577;60,6118565387141;48,8209716154371;33,7998661811939
"vanschaik2009_unk_present";"r2";0,985654601999157;48,6330532212885;61,6080223955611;49,2161979032783;32,668538309437
"vanschaik2009_unk_present";"r2";0,98901786533578;43,1204481792717;67,9225718167282;44,2351503652248;27,1478553057753
"vanschaik2009_unk_present";"r2";0,992735444947778;50,9019607843137;66,4459991762623;51,6005692513676;29,1885402888925
"vanschaik2009_unk_present";"r2";0,994968155598079;49,3305322128852;67,1549135848671;50,1316280048843;28,1409048252585
"vanschaik2009_unk_present";"r2";0,989798426702054;42,296918767507;66,8031014393244;43,3983202359033;28,2012161327285
"vanschaik2009_unk_present";"r2";0,987142639385117;37,6190476190476;72,6226946428185;39,1922452380935;23,3211578041515
"vanschaik2009_unk_present";"r2";0,99621137389653;45,9775910364146;66,1362792264495;46,8835994943937;31,3642953003755
"vanschaik2009_unk_present";"r2";0,992409425554518;51,7591036414566;68,1223575186423;52,4945307820043;26,1606924583116
"vanschaik2009_unk_present";"r2";0,993048793301013;52,5770308123249;61,9961485238188;53,0003619454258;34,7166945561602
"vanschaik2009_unk_present";"r2";0,99221378807443;44,96918767507;63,0104947297285;45,7800329359536;32,8623900131505
"vanschaik2009_unk_present";"r2";0,991054133296927;46,9299719887955;65,1885588611595;47,7505826347445;29,5731985049626
"vanschaik2009_unk_present";"r2";0,984621805572841;50,4509803921569;59,7832395287891;50,8704077690842;36,4157612436722
"vanschaik2009_unk_present";"r2";0,990372435256156;49,2689075630252;61,5575375347047;49,8212055392805;33,7002607790782
"vanschaik2009_unk_present";"r2";0,994687287908856;53,890756302521;63,0032135691965;54,3003049437199;33,84618013498
"vanschaik2009_unk_present";"r2";0,992106143202191;47,3837535014006;66,7054066289747;48,2521424060106;29,0813760530432
"vanschaik2009_unk_present";"r2";0,991054320535464;47,375350140056;68,1276669666763;48,3080385367581;27,6405675070208
"vanschaik2009_unk_present";"r2";0,993979005952676;51,436974789916;65,7248469409847;52,0791263472674;28,6186152279154
"vanschaik2009_unk_present";"r2";0,994559961793472;47,9971988795518;66,6179924306859;48,8340884773556;28,2664034976976
"vanschaik2009_unk_present";"r2";0,99319342479977;54,7198879551821;65,3746778891903;55,1987549185083;30,2996780290591
"vanschaik2009_unk_present";"r2";0,987449646113629;47,6330532212885;62,8381793000601;48,316429674267;33,4034977018972
"vanschaik2009_unk_present";"r2";0,994419394375475;56,1008403361345;66,2754621539451;56,5581267099686;33,6025196499022
"vanschaik2009_unk_present";"r2";0,995802543911098;51,2829131652661;69,1694399511737;52,0868020095766;26,1820894800086
"vanschaik2009_unk_present";"r2";0,994945365751941;53,9131652661064;70,6229641746283;54,6641674642423;25,0435222708839
"vanschaik2009_unk_present";"r2";0,994258969425262;51,1512605042017;64,8724211804707;51,7679418829104;30,2297862064874
"vanschaik2009_unk_present";"r2";0,994464922832534;44,9719887955182;65,2162272711808;45,8818422101547;29,5419084147251
"vanschaik2009_unk_present";"r2";0,992594199768774;47,2801120448179;63,8951960062641;48,0268573913998;31,3044408736073
"vanschaik2009_unk_present";"r2";0,995767729373871;50,1652661064426;66,1434540691507;50,8833869137553;32,9519170172029
"vanschaik2009_unk_present";"r2";0,993268318263415;51,1540616246499;69,2308691050951;51,9665024102878;25,5337183114382
"vanschaik2009_unk_present";"r2";0,99405415232011;56,6554621848739;68,1654661772696;57,172765735094;27,0808604377749
"vanschaik2009_unk_present";"r2";0,987010453117467;46,5770308123249;58,7007452042282;47,1219168524105;35,5154662155389
"vanschaik2009_unk_present";"r2";0,995100318536568;52,7450980392157;61,0007558875593;53,1161388413884;37,0116559443202
"vanschaik2009_unk_present";"r2";0,996030035947606;51,1260504201681;72,17163319137;52,0719193087614;23,8579332157781
"vanschaik2009_unk_present";"r2";0,996236922233818;51,9019607843137;69,7531377291439;52,7042608717218;26,3036142485541
"vanschaik2009_unk_present";"r2";0,990785513754706;43,3417366946779;69,5014318756579;44,5174533320253;25,3471909105891
"vanschaik2009_unk_present";"r2";0,993163902689817;53,8627450980392;64,5150885621087;54,3415021076603;33,5321693180737
"vanschaik2009_unk_present";"r2";0,992513573917179;46,6330532212885;65,4952342549092;47,4807916947097;31,1314611314241
"vanschaik2009_unk_present";"r2";0,987107189994983;51,96918767507;57,3652820992217;52,2117087727847;40,5999699156984
"vanschaik2009_unk_present";"r2";0,990887419551301;49,6974789915966;69,0262491636331;50,5661877633736;26,0723138278564
"vanschaik2009_unk_present";"r2";0,992691824662503;51,1988795518207;66,7304895826568;51,8969294408471;29,0897761619227
"vanschaik2009_unk_present";"r2";0,99541776504145;54,6414565826331;71,948586436783;55,4193051154038;26,1801388522524
"vanschaik2009_unk_present";"r2";0,988107302772465;56,515406162465;57,913097609305;56,5782237555814;40,2904234735731
"vanschaik2009_unk_present";"r2";0,990946438087728;43,1316526610644;69,1919970509367;44,3029040943171;25,7355751113776
"vanschaik2009_unk_present";"r2";0,994895003704913;54,0112044817927;64,4061143964395;54,4783914442488;30,6673622455786
"vanschaik2009_unk_present";"r2";0,989757135735619;50,5070028011204;62,4034279703784;51,0416735952444;33,0802171205073
"vanschaik2009_unk_present";"r2";0,991290343104395;53,7731092436975;64,6372847998235;54,2613867967818;31,6959144776448
"vanschaik2009_unk_present";"r2";0,989635456832455;48,3725490196078;65,0600399342659;49,1225486112779;29,0390750451879
"vanschaik2009_unk_present";"r2";0,991190828899018;47,3501400560224;67,8023215174918;48,26933922283;27,5610112096854
"vanschaik2009_unk_present";"r2";0,986885401284866;50,3305322128851;59,7090022980116;50,752036486374;37,0633152048544
"vanschaik2009_unk_present";"r2";0,992126267690051;45,4005602240896;71,4385846351791;46,5708085122285;24,4384658752396
"vanschaik2009_unk_present";"r2";0,994720754654604;51,6526610644258;69,967112028838;52,4757824560848;25,0134930298463
"vanschaik2009_unk_present";"r2";0,995855535351953;45,3053221288515;70,6963122017302;46,4464902220146;24,4340043440513
"vanschaik2009_unk_present";"r2";0,992860514595672;47,921568627451;65,946211940794;48,7316649561406;30,0650926583527
"vanschaik2009_unk_present";"r2";0,990406365229218;48,5658263305322;66,3548090841047;49,3653311733894;29,5302812274008
"vanschaik2009_unk_present";"r2";0,992601476929114;44,2885154061625;64,439180852687;45,1941632913995;31,4625606117849
"vanschaik2009_unk_present";"r2";0,996208145172195;51,3585434173669;68,3786881977671;52,1234937445759;30,6991516368188
"vanschaik2009_unk_present";"r2";0,993887138281555;53,3193277310924;64,222580824748;53,8093615779983;31,6201389170685
"vanschaik2009_unk_present";"r2";0,99275646408873;49,1456582633053;67,578462881288;49,9740989202933;27,2755134567392
"vanschaik2009_unk_present";"r2";0,993390040663882;50,7927170868347;64,7229834149339;51,4187964723673;32,0001905741237
"vanschaik2009_unk_present";"r2";0,989410516407048;48,7871148459384;61,7452319996825;49,3695021337471;34,3133451774096
"vanschaik2009_unk_present";"r2";0,991905209793368;51,593837535014;62,5454444291519;52,0860445864359;31,9215100325976
"vanschaik2009_unk_present";"r2";0,994527147897326;49,9299719887955;67,5634946194157;50,7224898598346;26,9844772004688
"vanschaik2009_unk_present";"r2";0,993927360457384;52,2885154061625;66,7075974206392;52,9365640360266;28,6354080340839
"vanschaik2009_unk_present";"r2";0,992482943059995;50,4481792717087;64,7765627690163;51,0921515637225;31,4644715641214
"vanschaik2009_unk_present";"r2";0,99131835805557;51,4453781512605;65,6292623784884;52,0828560940573;31,6308022894961
"vanschaik2009_unk_present";"r2";0,994787335241938;54,0420168067227;68,7244660009753;54,7019021637678;26,6419092414999
"vanschaik2009_unk_present";"r2";0,990523770188614;47,9635854341737;61,7008668576006;48,5809913408445;33,2306982394848
"vanschaik2009_unk_present";"r2";0,994449942302527;53,4229691876751;67,9761189532861;54,0770433344441;27,1562906765027
"vanschaik2009_unk_present";"r2";0,982699522076487;46,2408963585434;60,1767202096149;46,8672255203893;33,9020868320646
"vanschaik2009_unk_present";"r2";0,996117576484855;55,1820728291317;67,8845422508348;55,7529703312307;28,1858090772179
"vanschaik2009_unk_present";"r2";0,992177251706816;51,1316526610644;60,3719906254736;51,5469487493525;35,996335756337
"vanschaik2009_unk_present";"r2";0,992764488267964;52,0560224089636;68,0466189512242;52,774700905245;27,3732251380652
"vanschaik2009_unk_present";"r2";0,994592093954993;52,0840336134454;64,3341597772712;52,6346010814825;31,2137400259822
"vanschaik2009_unk_present";"r2";0,996111787099032;48,2156862745098;70,3934787477744;49,2124409924093;26,4874769003312
"vanschaik2009_unk_present";"r2";0,990008937535996;45,2745098039216;64,8001411643052;46,1520662695568;28,8980163379306
"vanschaik2009_unk_present";"r2";0,991834063221639;48,0840336134454;66,9825788246841;48,933406431928;27,7855210560188
"vanschaik2009_unk_present";"r2";0,994413585144853;51,8459383753501;61,8389028412248;52,2950603738164;34,6904816699454
"vanschaik2009_unk_present";"r2";0,993583490452375;55,4985994397759;63,83246687523;55,8731552795716;32,494792979671
"vanschaik2009_unk_present";"r2";0,990930607204497;48,4901960784314;66,0819330952845;49,2808359443573;29,7691230932902
"vanschaik2009_unk_present";"r2";0,990691465284164;46,7703081232493;62,7243241794325;47,4873425527407;30,4245536761479
"vanschaik2009_unk_present";"r2";0,99311522981721;49,9775910364146;63,6709878099197;50,5930245992687;30,236294030236
"vanschaik2009_unk_present";"r2";0,994630844756307;48,5994397759104;66,9840495546765;49,4257143727088;27,301752885133
"vanschaik2009_unk_present";"r2";0,995492905071181;56,0924369747899;64,2480181711993;56,4589799499094;32,9706246722257
"vanschaik2009_unk_present";"r2";0,993806010618167;50,3725490196078;67,3848291156728;51,1371458778579;28,1366499252468
"vanschaik2009_unk_present";"r2";0,991043086126447;52,1764705882353;67,154940969763;52,849660268304;27,9208189144056
"vanschaik2009_unk_present";"r2";0,993439530618941;50,4453781512605;63,3154287662802;51,023807392385;32,3426247523265
"vanschaik2009_unk_present";"r2";0,986737151486107;43,3473389355742;63,5794884295271;44,2566490251901;32,5497658304431
"vanschaik2009_unk_present";"r2";0,994942107987194;45,9299719887955;70,1285604875001;47,0175489999733;26,0179204659239
"vanschaik2009_unk_present";"r2";0,992539354298147;49,3389355742297;64,496951706704;50,020194726251;29,1739382109524
"vanschaik2009_unk_present";"r2";0,99059967932796;54,7591036414566;61,7017415633902;55,0711323121053;37,2414207813486
"vanschaik2009_unk_present";"r2";0,995006681373718;50,2380952380952;67,8433022086273;51,0293404951978;28,459695500558
"vanschaik2009_unk_present";"r2";0,993378875684127;53,2044817927171;62,1282903113399;53,6055518384979;32,5004427062738
"vanschaik2009_unk_present";"r2";0,990473914883791;48,8459383753501;66,2203073629157;49,6268088916452;28,3120559251165
"vanschaik2009_unk_present";"r2";0,993283252569854;48,8543417366947;60,9004611229843;49,3957403607976;35,4377819954633
"vanschaik2009_unk_present";"r2";0,994498739035325;51,7170868347339;70,0179641694735;52,5395981756211;25,3740222821339
"vanschaik2009_unk_present";"r2";0,99238368930323;54,7170868347339;65,3012847575541;55,1927811234;29,6589629117493
"vanschaik2009_unk_present";"r2";0,990236603077512;49,9411764705882;62,2183350705022;50,4929588795731;34,0473782735145
"vanschaik2009_unk_present";"r2";0,995235364567917;51,9131652661064;68,7192354858764;52,6684942647478;25,9051952039154
"vanschaik2009_unk_present";"r2";0,987939070755327;51,2156862745098;65,2479792524297;51,84635112745;28,9127686145976
"vanschaik2009_unk_present";"r2";0,990541373616908;45,7450980392157;66,1314868696835;46,6613402338435;28,0113938588543
"vanschaik2009_unk_present";"r2";0,985032616135685;45,0532212885154;64,5745717775517;45,9305853554384;31,0142260804694
"vanschaik2009_unk_present";"r2";0,994336601968017;49,8515406162465;68,8188117996554;50,7040022424671;27,4624999169602
"vanschaik2009_unk_present";"r2";0,990398134016236;46,9355742296919;64,6228384618477;47,730507453609;31,2509998598882
"vanschaik2009_unk_present";"r2";0,991801361222089;45,6946778711485;62,7393987591356;46,4607327425187;32,8610208093596
"vanschaik2009_unk_present";"r2";0,991555327555365;53,8543417366947;61,5857101489841;54,2018189687077;37,6417329383369
"vanschaik2009_unk_present";"r2";0,992736070761498;53,0588235294118;63,1560744467091;53,5126325594027;31,0958318866914
"vanschaik2009_unk_present";"r2";0,995357043689026;54,8291316526611;71,4411298196128;55,5757383118499;24,3368912136707
"vanschaik2009_unk_present";"r2";0,988624614877926;51,6022408963585;53,7870942911578;51,7004365545518;49,015193468949
"vanschaik2009_unk_present";"r2";0,993566745228487;52,2913165266106;64,1847059029722;52,8258508806044;32,0020902081804
"vanschaik2009_unk_present";"r2";0,994329201619869;50,3893557422969;68,5814878490962;51,2069796572092;25,1409700888102
"vanschaik2009_unk_present";"r2";0,993780607441693;45,7675070028011;67,1553243583042;46,728757221026;29,7906233587671
"vanschaik2009_unk_present";"r2";0,994045248808424;47,5574229691877;69,6808319389589;48,551733484683;26,254428981232
"vanschaik2009_unk_present";"r2";0,990027226123083;48,9635854341737;60,0731924164587;49,4628936131528;35,1389324471509
"vanschaik2009_unk_present";"r2";0,995459323964882;48,7703081232493;69,9564319194737;49,7224934624055;25,8542861192507
"vanschaik2009_unk_present";"r2";0,990796097609551;49,3165266106443;61,7055367877736;49,8733360568074;34,2271144311731
"vanschaik2009_unk_present";"r2";0,988113790945782;46,1988795518207;63,0220962602929;46,9549791791678;34,4177126220594
"vanschaik2009_unk_present";"r2";0,993617726123722;50,4285714285714;66,4664444172958;51,1493747089635;29,1823918986375
"vanschaik2009_unk_present";"r2";0,99132363959412;48,6498599439776;63,9926314655417;49,3394227089917;30,0700725382434
"vanschaik2009_unk_present";"r2";0,986808909483214;49,1848739495798;57,731509976092;49,5689924226815;37,8558603736435
"vanschaik2009_unk_present";"r2";0,99221502038071;49,6302521008403;65,4069485725832;50,3393171108063;28,9533254969322
"vanschaik2009_unk_present";"r2";0,991570062168737;43,5910364145658;58,8888375556332;44,2785780388835;36,4355269952383
"vanschaik2009_unk_present";"r2";0,991398657079459;54,156862745098;65,6364082254175;54,672797373427;28,3559657493312
"vanschaik2009_unk_present";"r2";0,990940785466092;46,4649859943978;66,5607451114417;47,3681661794334;27,3956435349835
"vanschaik2009_unk_present";"r2";0,98933093147639;48,5658263305322;63,4704256656656;49,2356959635719;32,6914319452427
"vanschaik2009_unk_present";"r2";0,990587739786324;50,03081232493;68,6709961864761;50,868573397359;27,7519496911689
"vanschaik2009_unk_present";"r2";0,992589508668878;50,8459383753501;61,4770404389213;51,3237407152859;35,2250227201608
"vanschaik2009_unk_present";"r2";0,993297812638789;47,7703081232493;69,8912687544654;48,7645086010568;25,7804203136186
"vanschaik2009_unk_present";"r2";0,990142010079915;48,4985994397759;61,9278924764606;49,1021631717617;35,55730000757
"vanschaik2009_unk_present";"r2";0,990898304449297;48,5742296918768;65,7484720516841;49,3461057529917;29,3830322164409
"vanschaik2009_unk_present";"r2";0,993132380296286;52,3949579831933;65,3530840934092;52,9773456735401;29,4247449947154
"vanschaik2009_unk_present";"r2";0,988955230452668;50,6610644257703;63,9355983928352;51,257672693953;31,8490801200831
"vanschaik2009_unk_present";"r2";0,986370783031524;47,3557422969188;56,1955298313657;47,7530361186917;38,7607842632243
"vanschaik2009_unk_present";"r2";0,99137719290158;44,9327731092437;64,6401328289873;45,8184971415917;30,022491924341
"vanschaik2009_unk_present";"r2";0,994103230001226;55,2941176470588;67,0490290797953;55,8224282732492;29,1777785342999
"vanschaik2009_unk_present";"r2";0,99125014469698;54,5406162464986;65,5530067198024;55,0355551441752;29,3307398641702
"vanschaik2009_unk_present";"r2";0,990444386395169;48,218487394958;63,14915895508;48,8895288133904;31,2060285121987
"vanschaik2009_unk_present";"r2";0,994365806742498;54,6106442577031;67,2970009221944;55,1808175909386;31,2340992094223
"vanschaik2009_unk_present";"r2";0,986944184618991;47,5350140056022;61,2571622778666;48,1517397706478;33,2971841024204
"vanschaik2009_unk_present";"r2";0,995461820895222;46,9495798319328;67,8552822951043;47,889161965109;27,6616479796165
"vanschaik2009_unk_present";"r2";0,993676497487606;51,8151260504202;69,6053285594694;52,6146857137482;26,0883389161865
"vanschaik2009_unk_present";"r2";0,990135310143987;48,9019607843137;66,5872536905819;49,6968054093145;28,4961445708713
"vanschaik2009_unk_present";"r2";0,994380731513108;49,8291316526611;67,0312160105117;50,6022590395308;29,800093224682
"vanschaik2009_unk_present";"r2";0,987818375978228;47,7927170868347;68,6027143650983;48,7279978633859;26,8732497203233
"vanschaik2009_unk_present";"r2";0,992751804780406;52,672268907563;67,7864785498299;53,3515592285638;27,9670327428165
"vanschaik2009_unk_present";"r2";0,992525547868547;49,7759103641457;63,6860285612221;50,4010842156997;30,8200967402752
"vanschaik2009_unk_present";"r2";0,988007358424217;48,3333333333333;65,3045693341746;49,0960855131464;30,5522738905828
"vanschaik2009_unk_present";"r2";0,986453239779989;50,5322128851541;58,6700032423717;50,8979562719953;35,8125943121193
"vanschaik2009_unk_present";"r2";0,990635850295918;39,9775910364146;63,4948127208189;41,0345448199833;33,9772689921823
"vanschaik2009_unk_present";"r2";0,994708543101414;47,1624649859944;68,4592448959709;48,1196236336338;27,2318306138618
"vanschaik2009_unk_present";"r2";0,990725101777768;56,7478991596639;66,0189462240546;57,1645754322207;30,9022384583259
"vanschaik2009_unk_present";"r2";0,992994623332307;48,7871148459384;66,3620918555129;49,5770014531103;28,0356404233834
"vanschaik2009_unk_present";"r2";0,992924455609329;49,453781512605;63,3739518994937;50,0794071479708;33,0050570243508
"vanschaik2009_unk_present";"r2";0,989672047759655;47,358543417367;64,6709537237788;48,1366292738349;29,9002008241451
"vanschaik2009_unk_present";"r2";0,990052964242705;49,8683473389356;66,8641633134667;50,6322042366673;28,324669463029
"vanschaik2009_unk_present";"r2";0,990222193896135;45,2633053221289;68,5026902277289;46,3077720594592;26,1242818064732
"vanschaik2009_unk_present";"r2";0,992750920718547;51,546218487395;63,8795415111205;52,1005251401467;30,6597030969609
"vanschaik2009_unk_present";"r2";0,994672125472589;54,344537815126;71,3542794280023;55,1090205842441;26,2557280158141
"vanschaik2009_unk_present";"r2";0,993259503818957;48,8879551820728;65,1595115410905;49,6192610858489;30,434392923383
"vanschaik2009_unk_present";"r2";0,996349380610413;47,3165266106443;70,8218622837431;48,3729461914577;27,5706287297483
"vanschaik2009_unk_present";"r2";0,990231343280933;45,3137254901961;65,2754656334378;46,2108823505665;29,4316349781516
"vanschaik2009_unk_present";"r2";0,993169084412039;47,8375350140056;73,4567725231425;48,9889614189106;23,3921863737902
"vanschaik2009_unk_present";"r2";0,988186019374776;38,8515406162465;62,5980266508517;39,9187984155546;34,8891253903935
"vanschaik2009_unk_present";"r2";0,98730867935668;43,4705882352941;66,1733567644945;44,4909373826739;28,7368122818228
"vanschaik2009_unk_present";"r2";0,995216368839512;51,4089635854342;67,8486712590815;52,1478268516655;27,596845951417
"vanschaik2009_unk_present";"r2";0,989926623570964;48,9131652661064;64,9515377553303;49,6339909959592;29,6225282564664
"vanschaik2009_unk_present";"r2";0,989902751278412;47,5546218487395;59,1394609002968;48,075288772405;35,5137798745258
"vanschaik2009_unk_present";"r2";0,991719445328819;50,2212885154062;61,2019011690064;50,7147991964668;35,5005671602377
"vanschaik2009_unk_present";"r2";0,991707408577114;52,9355742296919;64,0142735876095;53,4334933019578;31,2469260126765
"vanschaik2009_unk_present";"r2";0,98649425327471;42,9187675070028;63,8413411923474;43,8591078973554;31,9494924613161
"vanschaik2009_unk_present";"r2";0,995352157668484;49,8767507002801;68,2291441143995;50,7015773705776;27,5298453109154
"vanschaik2009_unk_present";"r2";0,992971230704424;52,6190476190476;63,6900251451335;53,1166196426919;30,6402563933626
"vanschaik2009_unk_present";"r2";0,994008163278065;43,0644257703081;72,6368784079697;44,3935247652592;22,9778157160921
"vanschaik2009_unk_present";"r2";0,991378723689072;50,8347338935574;65,7252287186498;51,5039696160335;31,5064956720575
"vanschaik2009_unk_present";"r2";0,992534707538366;48,0196078431373;64,8583695071698;48,7764061201724;30,6887007733349
"vanschaik2009_unk_present";"r2";0,996576476658165;54,0756302521008;65,3206442680127;54,5810241404564;31,0038424502431
"vanschaik2009_unk_present";"r2";0,991282513986389;47,0812324929972;62,5861512713293;47,7780827751694;32,5185594008523
"vanschaik2009_unk_present";"r2";0,990268934402433;47,6890756302521;64,4499270079766;48,4423723213858;29,7293724661744
"vanschaik2009_unk_present";"r2";0,995038765168586;47,4649859943978;64,9650530068487;48,2515058601259;30,2232875688381
"vanschaik2009_unk_present";"r2";0,987756507472943;47,3025210084034;62,5471567905778;47,9876731783887;33,539003524268
"vanschaik2009_unk_present";"r2";0,98675336064602;44,1176470588235;59,3854884150937;44,8038421759593;38,3311241522235
"vanschaik2009_unk_present";"r2";0,992576378380469;50,6358543417367;64,6406515311314;51,2652834289005;29,3483715197717
"vanschaik2009_unk_present";"r2";0,994654616405858;48,0504201680672;66,0819073212649;48,8608240850649;28,9894892075508
"vanschaik2009_unk_present";"r2";0,993440056759636;52,2044817927171;64,9899184922405;52,779108161235;32,0417279376865
"vanschaik2009_unk_present";"r2";0,993685913730514;41,1036414565826;66,1605148592378;42,2297930701851;28,6303572121186
"vanschaik2009_unk_present";"r2";0,991846172550659;47,156862745098;68,8781258730949;48,1330992901766;27,4288547466863
"vanschaik2009_unk_present";"r2";0,994209089344286;51,703081232493;60,7808342328466;52,1110701313853;33,6554016437626
"vanschaik2009_unk_present";"r2";0,991994403843497;51,1512605042017;68,85777084113;51,9470587215917;26,2289754820275
"vanschaik2009_unk_present";"r2";0,991497864175498;48,9439775910364;63,514449301988;49,5988302522028;32,0374664057427
"vanschaik2009_unk_present";"r2";0,990651359878846;50,2072829131653;64,0288584609405;50,8284773198069;31,2625466545474
"vanschaik2009_unk_present";"r2";0,986381387405719;47,5966386554622;63,308009070393;48,3027676628748;31,3520221803149
"vanschaik2009_unk_present";"r2";0,992403556429354;49,7955182072829;63,8087032291754;50,4253242756826;31,8278799911852
"vanschaik2009_unk_present";"r2";0,988066276654192;49,0980392156863;63,1127354327819;49,7279132029715;29,4577471932124
"vanschaik2009_unk_present";"r2";0,980840976552087;41,4985994397759;60,0219552764057;42,3311098144559;34,4538725854114
"vanschaik2009_unk_present";"r2";0,993300446952879;53,9075630252101;70,3616333357045;54,6470718032098;26,0575578336925
"vanschaik2009_unk_present";"r2";0,987724245254334;43,672268907563;65,8941000949515;44,6710028935131;27,5256167718933
"vanschaik2009_unk_present";"r2";0,989053393403084;49,3837535014006;65,9998331776582;50,1305435992099;30,8786211643935
"vanschaik2009_unk_present";"r2";0,992166206362538;54,109243697479;60,0686046409731;54,3770801443776;35,6500541949759
"vanschaik2009_unk_present";"r2";0,993756360425359;58,8235294117647;68,6815264843516;59,2665854599708;28,7953003494487
"vanschaik2009_unk_present";"r2";0,989806766194043;49,0840336134454;64,4751774927858;49,7757704170112;30,4808951150088
"vanschaik2009_unk_present";"r2";0,993838312158818;46,9719887955182;66,0666780974444;47,8301770787508;29,2004783029959
"vanschaik2009_unk_present";"r2";0,992400262236909;52,6050420168067;67,1308567593397;53,2578876232127;30,4151961911297
"vanschaik2009_unk_present";"r2";0,987853310046248;49,0364145658263;64,9834008870387;49,753133052173;29,7163619441951
"vanschaik2009_unk_present";"r2";0,99501789908582;50,546218487395;67,2674365108576;51,2977339041798;27,8051868640776
"vanschaik2009_unk_present";"r2";0,993688778806466;47,7787114845938;63,3166997476208;48,4770480357411;33,3571574886718
"vanschaik2009_unk_present";"r2";0,993629129164733;49,0756302521008;72,5745230002196;50,1317602632522;22,8764510587724
"vanschaik2009_unk_present";"r2";0,994957059047476;46,2885154061625;66,6255248879088;47,2025383042185;28,0907507347137
"vanschaik2009_unk_present";"r2";0,99054788595607;48,2268907563025;66,0373086021306;49,0273589740926;28,2201664255769
"vanschaik2009_unk_present";"r2";0,996266136573832;52,1904761904762;70,3296187816312;53,0057185541236;26,3117057701157
"vanschaik2009_unk_present";"r2";0,991553874531475;50,249299719888;69,1690420647464;51,0996252185333;27,5678382475186
"vanschaik2009_unk_present";"r2";0,994098298901604;50,3781512605042;65,6581244477916;51,0648916284722;30,0228047705263
"vanschaik2009_unk_present";"r2";0,992228885443194;50,7983193277311;60,6038827014059;51,2390188051996;35,6605290641061
"vanschaik2009_unk_present";"r2";0,993888240828861;51,7366946778712;66,1418786322037;52,3841186758187;30,7012080375182
"vanschaik2009_unk_present";"r2";0,992306605717207;50,0140056022409;63,7750181964578;50,6324780783855;31,0400499778112
"vanschaik2009_unk_present";"r2";0,995146711224146;54,9299719887955;64,6720893915166;55,3678199619515;29,0377449804936
"vanschaik2009_unk_present";"r2";0,988759677218005;49,9551820728291;66,226058191035;50,6864574039844;28,2515469217647
"vanschaik2009_unk_present";"r2";0,990697973366371;46,2128851540616;63,0700584889826;46,9705109219232;32,1001947486486
"vanschaik2009_unk_present";"r2";0,990514140970091;45,6414565826331;65,6803883680819;46,5420827302937;29,3301260024526
"vanschaik2009_unk_present";"r2";0,994744015643551;50,3949579831933;69,644914231795;51,2601245561641;28,3078935411844
"vanschaik2009_unk_present";"r2";0,988919677302469;45,0196078431373;67,4870537099639;46,0293806910845;28,3087325994223
"vanschaik2009_unk_present";"r2";0,991530989900217;50,9299719887955;64,0662581742303;51,5203668735342;30,4096289643789
"vanschaik2009_unk_present";"r2";0,994567478134563;50,7478991596639;73,4123944940508;51,7665281634565;24,1600089753193
"vanschaik2009_unk_present";"r2";0,99415769033941;51,8263305322129;70,4231655857043;52,6621433436058;26,5007810013002
"vanschaik2009_unk_present";"r2";0,986600097161683;46,1372549019608;66,152328386268;47,036808766424;30,7865850046198
"vanschaik2009_unk_present";"r2";0,987332277011246;50,2100840336134;59,4365741327816;50,6247577459356;36,3726533302775
"vanschaik2009_unk_present";"r2";0,99200034821717;46,2128851540616;66,5058222865885;47,1249272723774;28,7449389405861
"vanschaik2009_unk_present";"r2";0,99397407877846;46,0196078431373;71,0799375418184;47,145914795887;26,6224157906858
"vanschaik2009_unk_present";"r2";0,985881465128533;43,0840336134454;62,8323189323576;43,971596998565;32,2807907136621
"vanschaik2009_unk_present";"r2";0,99374943159725;41,4565826330532;74,6279971318671;42,9474327228876;21,8021453826332
"vanschaik2009_unk_present";"r2";0,988936305700208;50,8879551820728;61,5649443435821;51,367819863489;34,2055857783858
"vanschaik2009_unk_present";"r2";0,993664741624867;46,2689075630252;66,4012812522874;47,1737333468123;30,0478279099447
"vanschaik2009_unk_present";"r2";0,991414380133161;52,0840336134454;61,3169998860788;52,4989983897435;34,1187041743558
"vanschaik2009_unk_present";"r2";0,99074624939906;47,593837535014;70,5676740699961;48,6263695141143;25,7175258077515
"vanschaik2009_unk_present";"r2";0,993760385214923;45,2773109243697;64,4320978299306;46,1382002234961;29,0658414940752
"vanschaik2009_unk_present";"r2";0,990774357317135;45,8683473389356;64,5010836042183;46,705773687937;30,7725215299772
"vanschaik2009_unk_present";"r2";0,988536431266606;44,3781512605042;63,9568249088373;45,2580916491933;29,1868288450512
"vanschaik2009_unk_present";"r2";0,99239980414022;53,1736694677871;62,3305857584108;53,5852162673657;33,6362431014079
"vanschaik2009_unk_present";"r2";0,991003207828892;53,3585434173669;68,471837115413;54,0377925723353;26,7609818553953
"vanschaik2009_unk_present";"r2";0,995221906243137;51,9187675070028;65,2207425572364;52,5166090822942;28,2411739320565
"vanschaik2009_unk_present";"r2";0,994753931411809;53,4761904761905;61,8439384403007;53,8522690363752;34,0520018002899
"vanschaik2009_unk_present";"r2";0,99324223688862;44,9103641456583;68,2946874461967;45,9613449681544;26,9551445769291
"vanschaik2009_unk_present";"r2";0,99049572728807;54,5378151260504;69,710333526123;55,2197260653795;28,3647208463042
"vanschaik2009_unk_present";"r2";0,992636283160565;48,1120448179272;65,2486236029193;48,8822281341066;30,8590574620003
"vanschaik2009_unk_present";"r2";0,99373957152865;41,2100840336134;62,4080044697305;42,1627995588322;35,073517494519
"vanschaik2009_unk_present";"r2";0,994893144422478;46,7478991596639;66,3471413132791;47,6287639755567;28,4762291033567
"vanschaik2009_unk_present";"r2";0,992736164401353;49,2549019607843;61,7417122351333;49,8161069169348;33,4105889703302
"vanschaik2009_unk_present";"r2";0,995767199867317;52,3669467787115;67,7238911759036;53,0571465268999;26,3343514146516
"vanschaik2009_unk_present";"r2";0,991255898040607;51,0840336134454;67,3527050220162;51,8152098565272;27,4961570087237
"vanschaik2009_unk_present";"r2";0,992590672422972;50,2324929971989;68,0159398135404;51,0317490338884;26,9179262434128
"vanschaik2009_unk_present";"r2";0,989570101759149;53,5714285714286;60,1305315556477;53,8662197167867;35,1563555481387
"vanschaik2009_unk_present";"r2";0,994672339514656;48,8207282913165;65,6393786811743;49,5766226908607;28,3532481697086
"vanschaik2009_unk_present";"r2";0,992608207173373;51,7478991596639;61,9633204772524;52,2070192188813;34,5065869771935
"vanschaik2009_unk_present";"r2";0,990297526417538;48,5434173669468;66,8977839111353;49,3683327172474;28,4681179741282
"vanschaik2009_unk_present";"r2";0,991266760164315;41,7675070028011;70,4418034236146;43,0562394262085;28,6465929685136
"vanschaik2009_unk_present";"r2";0,993024744072041;51,9495798319328;64,7781527038493;52,5261449048279;29,2378566221178
"vanschaik2009_unk_present";"r2";0,992659087245981;46,7058823529412;66,5253348302884;47,5966442620354;29,0191150457322
"vanschaik2009_unk_present";"r2";0,988701211449928;43,8487394957983;62,3589420125798;44,6806587100357;34,0164010008784
"vanschaik2009_unk_present";"r2";0,985505008467859;42,1204481792717;61,9960824778936;43,0137351140412;34,0058333418796
"vanschaik2009_unk_present";"r2";0,993712863811627;50,0700280112045;62,7660571497646;50,6406360623757;30,4352262544933
"vanschaik2009_unk_present";"r2";0,993273614180456;52,4229691876751;65,4287598366546;53,0074991044831;30,2067108093052
"vanschaik2009_unk_present";"r2";0,990702196249039;47,6834733893557;60,2677894860557;48,2490606296569;36,4243018372891
"vanschaik2009_unk_present";"r2";0,988917454802236;50,4089635854342;60,2399390470211;50,8508051792134;34,9608473801022
"vanschaik2009_unk_present";"r2";0,993853219114159;47,9299719887955;66,666367043689;48,772057159802;28,9163307620036
"vanschaik2009_unk_present";"r2";0,988432118943656;52,703081232493;62,6354714686758;53,1494807936698;31,6978966926182
"vanschaik2009_unk_present";"r2";0,994869001396961;55,9439775910364;69,0653016359286;56,5337000200203;27,4989877450574
"vanschaik2009_unk_present";"r2";0,990140232185443;51,0756302521008;60,0510799185335;51,479021248345;34,0740029274386
"vanschaik2009_unk_present";"r2";0,994390048459347;49,1960784313725;71,1643522885783;50,1834165822582;23,786671485884
"vanschaik2009_unk_present";"r2";0,992155704811401;51,9299719887955;69,1949820045795;52,7059274951229;25,4358635352002
"vanschaik2009_unk_present";"r2";0,992691370477159;56,624649859944;68,2393039107435;57,1466567835754;26,5904126719834
"vanschaik2009_unk_present";"r2";0,994144519289099;55,1540616246499;71,1422220710146;55,8726306334752;25,6634037226105
"vanschaik2009_unk_present";"r2";0,992360163297335;53,0896358543417;60,6674559315813;53,4302120375885;33,3397803325642
"vanschaik2009_unk_present";"r2";0,992906390549906;52,9327731092437;67,095947460692;53,5693202711065;28,2351818982044
"vanschaik2009_unk_present";"r2";0,987240866998122;48,6890756302521;60,6785597013925;49,2279288469326;35,8729773554667
"vanschaik2009_unk_present";"r2";0,990812830490809;50,1652661064426;67,759834657087;50,9560332323142;26,9918123044134
"vanschaik2009_unk_present";"r2";0,990745743287834;56,3221288515406;62,8780613736109;56,6167775042179;32,1991837503252
"vanschaik2009_unk_present";"r2";0,995730540293156;49,7899159663866;72,3475730925421;50,8037432529553;28,0915064638326
"vanschaik2009_unk_present";"r2";0,990361974225968;47,5994397759104;64,5503635296592;48,3612790457418;29,3423891301445
"vanschaik2009_unk_present";"r2";0,993911045644014;49,6610644257703;69,3999402300486;50,5482049113558;27,3029081290138
"vanschaik2009_unk_present";"r2";0,991960824495248;47,3417366946779;64,2366292762965;48,1010577095821;31,6374248470964
"vanschaik2009_unk_present";"r2";0,988758527362703;47,781512605042;65,5698371545895;48,5809878656958;32,1359391346522
"vanschaik2009_unk_present";"r2";0,989994103084741;52,0588235294118;60,7682065741276;52,4502564752417;33,9462011109034
"vanschaik2009_unk_present";"r2";0,993240659798021;44,6582633053221;69,4720639912203;45,7734903024412;26,8450640295015
"vanschaik2009_unk_present";"r2";0,993474151227016;53,4033613445378;63,6437043993159;53,8636014818312;30,7534413642561
"vanschaik2009_unk_present";"r2";0,993423363420556;53,0252100840336;63,3080992794615;53,4873624074236;31,7321107603026
"vanschaik2009_unk_present";"r2";0,993692518957093;46,4901960784314;67,123066561921;47,4175161001612;26,7105662119941
"vanschaik2009_unk_present";"r2";0,993774353447416;54,0224089635854;65,4706281205894;54,536935667271;31,2084815126802
"vanschaik2009_unk_present";"r2";0,991147396753893;44,0644257703081;67,0040936875302;45,0954220811945;27,4942461430755
"vanschaik2009_unk_present";"r2";0,991486233060013;49,6694677871148;63,8600015825248;50,3072445869086;31,311771603106
"vanschaik2009_unk_present";"r2";0,994272459607467;47,3249299719888;72,9280893899702;48,4756337660554;23,9899567877375
"vanschaik2009_unk_present";"r2";0,99310717778885;50,8711484593838;65,588800389497;51,5326159618608;30,4117767489059
"vanschaik2009_unk_present";"r2";0,993168914012199;46,1736694677871;73,3944267806497;47,3970742908371;23,2330546361918
"vanschaik2009_unk_present";"r2";0,989686191627902;45,1960784313725;60,8150202480698;45,8980533444825;33,050177176993
"vanschaik2009_unk_present";"r2";0,992431956075005;53,2549019607843;65,3616974485783;53,7990276006852;30,5878053311496
"vanschaik2009_unk_present";"r2";0,987866448028885;47,7563025210084;63,6641029249388;48,4712598425334;30,3371833444428
"vanschaik2009_unk_present";"r2";0,993540235861337;52,3193277310924;64,769689160169;52,8788945368936;33,3492921963269
"vanschaik2009_unk_present";"r2";0,993582475052289;47,0840336134454;64,2091896106989;47,8537035459062;32,2174918477522
"vanschaik2009_unk_present";"r2";0,992904738469166;44,3921568627451;68,0868521957918;45,457086990073;26,5112083494736
"vanschaik2009_unk_present";"r2";0,988872464936176;49,0168067226891;63,2495954767627;49,6564826217486;32,0401204984143
"vanschaik2009_unk_present";"r2";0,991940394639939;52,3333333333333;62,5215551347517;52,7912309423858;32,3892570220774
"vanschaik2009_unk_present";"r2";0,987899892823665;45,3221288515406;63,471248823416;46,1378196367934;31,5276965524606
"vanschaik2009_unk_present";"r2";0,992937722238547;51,7310924369748;63,9156605778123;52,2787134770124;30,0260219116927
"vanschaik2009_unk_present";"r2";0,990038006984205;52,2913165266106;66,7447973852773;52,940911171944;28,0900535115391
"vanschaik2009_unk_present";"r2";0,991520245246857;50,9355742296919;69,0220689398321;51,7484503964398;26,467988894961
"vanschaik2009_unk_present";"r2";0,99089233430575;47,5798319327731;60,8844973396057;48,1777944229678;35,5575867034641
"vanschaik2009_unk_present";"r2";0,990924501733589;50,1596638655462;63,4751374786204;50,7581121178192;32,6216858453179
"vanschaik2009_unk_present";"r2";0,996336379096103;54,8823529411765;71,4810698847077;55,6283626914475;24,7305762179515
"vanschaik2009_unk_present";"r2";0,994900041958165;51,6666666666667;66,1028551556802;52,315484126847;28,9283786765613
"vanschaik2009_unk_present";"r2";0,995112850471067;49,4677871148459;65,6354610301979;50,1944241447494;30,838299577809
"vanschaik2009_unk_present";"r2";0,989663212862034;49,4873949579832;64,0466505888333;50,1417435256618;30,5375031642274
"vanschaik2009_unk_present";"r2";0,993763061636937;49,5406162464986;64,7463846138382;50,224021566379;29,9324598656275
"vanschaik2009_unk_present";"r2";0,994425438153959;50,0420168067227;69,0158429032268;50,8947730357791;25,7626251966165
"vanschaik2009_unk_present";"r2";0,994125567776873;56,0224089635854;69,5838394706429;56,6319114582846;26,9664104001098
"vanschaik2009_unk_present";"r2";0,994940161604409;52,0980392156863;69,0027255381358;52,8578003987177;28,363831259532
"vanschaik2009_unk_present";"r2";0,989754554649438;48,0476190476191;60,4839787405577;48,6065565619084;35,0714807176656
"vanschaik2009_unk_present";"r2";0,991558883026739;44,249299719888;65,8648417500972;45,2207847549535;28,6677209182333
"vanschaik2009_unk_present";"r2";0,988425849747804;45,3249299719888;65,8709179752136;46,248345163145;28,0951065153615
"vanschaik2009_unk_present";"r2";0,990744685707;51,6778711484594;62,2205548579388;52,1516996297843;32,7877336706493
"vanschaik2009_unk_present";"r2";0,988567148042405;49,8655462184874;63,7527236695193;50,4896890252753;32,2740833357901
"vanschaik2009_unk_present";"r2";0,990902755730439;50,1764705882353;61,644415311211;50,6918838342117;33,8602364936453
"vanschaik2009_unk_present";"r2";0,993013470569712;48,5546218487395;61,2453030071064;49,1249895412504;35,229987932394
"vanschaik2009_unk_present";"r2";0,98941047307531;45,859943977591;65,1809957972884;46,728305857128;30,0914932002939
"vanschaik2009_unk_present";"r2";0,992009449201411;49,9607843137255;61,8635895193558;50,4957418510572;34,3477331405576
"vanschaik2009_unk_present";"r2";0,993639409571043;47,6610644257703;69,0828247474919;48,6238401705668;25,5914688775408
"vanschaik2009_unk_present";"r2";0,989398097405121;51,3193277310924;63,101166119742;51,8488485575486;31,5853301014812
"vanschaik2009_unk_present";"r2";0,990750578527787;51,8655462184874;62,4745465447865;52,3423552219166;31,8899146300363
"vanschaik2009_unk_present";"r2";0,995331753251457;46,4481792717087;65,3402131923804;47,2972594479186;28,7142611723195
"vanschaik2009_unk_present";"r2";0,994394775890214;48,1344537815126;63,8085630829439;48,8389081321387;32,3463581462547
"vanschaik2009_unk_present";"r2";0,994877595064498;46,453781512605;68,4955427699236;47,4444224679901;26,8683466990492
"vanschaik2009_unk_present";"r2";0,990469857565864;50,5210084033613;69,0131301876658;51,3521150004087;26,6683891135365
"vanschaik2009_unk_present";"r2";0,995856764252533;45,3949579831933;78,3648417500972;46,8767505120429;20,7987857505257
"vanschaik2009_unk_present";"r2";0,988844929014713;44,4733893557423;64,2846333877681;45,3637823459457;30,4956583355384
"vanschaik2009_unk_present";"r2";0,993748311947522;47,9243697478992;63,4756577916408;48,6233040419999;31,5316675203688
"vanschaik2009_unk_present";"r2";0,991228481381093;47,1680672268908;65,1616105128102;47,9767658015388;31,38280786573
"vanschaik2009_unk_present";"r2";0,988932735827182;55,8403361344538;56,6597891917164;55,877165485342;40,9919073665661
"vanschaik2009_unk_present";"r2";0,992371291695813;51,5182072829132;66,7043208983998;52,2007292431598;29,5898549901011
"vanschaik2009_unk_present";"r2";0,989015694243726;43,2464985994398;68,5390187083299;44,3832410762438;25,8658693145848
"vanschaik2009_unk_present";"r2";0,991337559418668;50,7731092436975;63,9711149918193;51,3662780413659;32,7028378142517
"vanschaik2009_unk_present";"r2";0,994609256031782;50,3893557422969;68,4188264006375;51,1996690303122;27,1207195962407
"vanschaik2009_unk_present";"r2";0,994061799909595;49,3809523809524;71,4112416221549;50,3710777401076;24,2647406953562
"vanschaik2009_unk_present";"r2";0,99074285005242;46,2100840336134;63,6316276602654;46,9930747584068;31,9593036574716
"vanschaik2009_unk_present";"r2";0,988494352030756;42,2156862745098;65,4439214036737;43,2596518982925;30,5030025660299
"vanschaik2009_unk_present";"r2";0,989890744898954;52,9523809523809;62,5988369215923;53,3859295352669;34,4318752076172
"vanschaik2009_unk_present";"r2";0,991981330093705;44,3893557422969;65,2875375398595;45,3285998680301;30,478863032703
"vanschaik2009_unk_present";"r2";0,988785576432204;47,5490196078431;62,9094025814227;48,2393738987905;32,6635957865751
"vanschaik2009_unk_present";"r2";0,989826869423229;45,0560224089636;65,6910716991986;45,9834403545921;29,0120848810618
"vanschaik2009_unk_present";"r2";0,992605338489099;51,1484593837535;69,902577105557;51,9913410791155;25,9299235643576
"vanschaik2009_unk_present";"r2";0,991728077728823;54,9551820728291;61,0778878629111;55,2303598611474;34,3134999676545
"vanschaik2009_unk_present";"r2";0,996180540066979;50,1260504201681;69,2798993447213;50,9868975628446;28,7710060293343
"vanschaik2009_unk_present";"r2";0,987304310415253;52,8571428571429;62,8835109678763;53,3077661430185;30,6985670261266
"vanschaik2009_unk_present";"r2";0,994313326817304;43,6694677871148;70,68036613799;44,8834407467047;27,6566687669498
"vanschaik2009_unk_present";"r2";0,991727656134173;50,2072829131653;63,0574936544364;50,7848204745707;31,7128393444398
"vanschaik2009_unk_present";"r2";0,992166330103071;50,5714285714286;66,0488005931117;51,2670407971222;29,2585629816078
"vanschaik2009_unk_present";"r2";0,992793034072729;51,5238095238095;59,6863227716556;51,8906640518026;38,4649507965328
"vanschaik2009_unk_present";"r2";0,994621343089345;51,2605042016807;70,2289519046485;52,1130187051848;25,5412333410438
"vanschaik2009_unk_present";"r2";0,993831961051167;53,7731092436975;64,8712436299511;54,271901800383;29,8237037286826
"vanschaik2009_unk_present";"r2";0,993416507553947;48,8935574229692;64,5440408404805;49,5969499361158;33,3246620746632
"vanschaik2009_unk_present";"r2";0,992675535296845;50,4621848739496;61,8509795802752;50,9740408158069;33,6376043701469
"vanschaik2009_unk_present";"r2";0,991246658255229;51,4341736694678;65,3095308329441;52,0577852273768;30,4998526117345
"vanschaik2009_unk_present";"r2";0,992566748367473;50,5714285714286;63,649181378477;51,1591927425319;31,4240592871114
"vanschaik2009_unk_present";"r2";0,992814252813955;50,4313725490196;65,6788419269069;51,1166520716213;28,8493247191919
"vanschaik2009_unk_present";"r2";0,994868357852433;50,0588235294118;68,612843554794;50,8927120698784;25,5853894988834
"vanschaik2009_unk_present";"r2";0,989955738570687;51,1904761904762;64,1390407837776;51,7724341497257;31,6087240228261
"vanschaik2009_unk_present";"r2";0,986336542967369;44,1848739495798;64,4493148750115;45,0956353394869;29,6791551790872
"vanschaik2009_unk_present";"r2";0,990543312169076;54,0532212885154;64,8078427635316;54,5365750626734;30,5117247145009
"vanschaik2009_unk_present";"r2";0,99322619361088;51,4089635854342;66,8755167690926;52,1040895712166;28,263782888124
"vanschaik2009_unk_present";"r2";0,994133211670091;51,4957983193277;66,3976245632592;52,165543319055;29,7664730390335
"vanschaik2009_unk_present";"r2";0,994924909395962;51,7983193277311;65,4384283157503;52,4113579339342;29,2655524262689
"vanschaik2009_unk_present";"r2";0,994794105571583;49,2717086834734;75,2502915041615;50,4392854394594;22,2079881386059
"vanschaik2009_unk_present";"r2";0,992214720431199;50,9775910364146;65,5752577530828;51,6336659450289;30,3251443826443
"vanschaik2009_unk_present";"r2";0,990387773102076;45,7843137254902;65,3523334250888;46,6637752850227;28,3929394145441
"vanschaik2009_unk_present";"r2";0,989106432078182;49,0812324929972;61,8477352755604;49,6550078989551;31,2752721487505
"vanschaik2009_unk_present";"r2";0,99344792703319;49,375350140056;67,6899306833517;50,198477355485;28,1382695510462
"vanschaik2009_unk_present";"r2";0,989056019674956;39,4817927170868;67,0717343801709;40,721790095203;29,8478258739551
"vanschaik2009_unk_present";"r2";0,995316715401339;48,9271708683473;68,258267145651;49,7959841841812;27,4660247086712
"vanschaik2009_unk_present";"r2";0,992248172745714;47,1848739495798;68,2862239025165;48,1332492283635;26,7961458786857
"vanschaik2009_unk_present";"r2";0,991978639021529;48,3361344537815;68,1374320983454;49,2260804153349;26,3796200449951
"vanschaik2009_unk_present";"r2";0,9953695474101;47,7535014005602;69,285379545635;48,721226261013;27,7180212658304
"vanschaik2009_unk_present";"r2";0,995466603677566;55,0392156862745;67,9287720793139;55,6185215915797;29,6492446211683
"vanschaik2009_unk_present";"r2";0,993640778355558;52,0196078431373;67,2702056070864;52,7050279673597;26,9023841063877
"vanschaik2009_unk_present";"r2";0,995036860049559;52,2857142857143;70,9788453935126;53,1258550096603;25,4715849618417
"vanschaik2009_unk_present";"r2";0,994195650280454;45,6106442577031;67,4560507861592;46,5924602814539;27,6750538126936
"vanschaik2009_unk_present";"r2";0,991712595701242;47,0140056022409;67,7686944763183;47,9468006078174;28,22699043154
"vanschaik2009_unk_present";"r2";0,992943461691739;46,6890756302521;63,1774105022944;47,4301243885461;32,2982942310676
"vanschaik2009_unk_present";"r2";0,990091474996591;46,5322128851541;65,250168433218;47,3734693142805;28,2621132510812
"vanschaik2009_unk_present";"r2";0,988129125642337;47,593837535014;58,0352326337233;48,0631137192257;39,1318504159653
"vanschaik2009_unk_present";"r2";0,995243920240088;52,2212885154062;67,0327769495726;52,8869733888518;28,4659002308155
"vanschaik2009_unk_present";"r2";0,994882175653456;45,9915966386555;71,558350060672;47,1406642081843;23,8033104240932
"vanschaik2009_unk_present";"r2";0,994001313765667;46,0224089635854;72,001716356399;47,1900182846108;24,2659605334982
"vanschaik2009_unk_present";"r2";0,994051050343534;49,9719887955182;69,1317486692874;50,8331015988337;29,4549840175935
"vanschaik2009_unk_present";"r2";0,993482667616342;47,6834733893557;72,3249547794826;48,7909556990244;22,7528952097395
"vanschaik2009_unk_present";"r2";0,991629195923087;43,2464985994398;70,8205623066304;44,4857823615607;24,881815610202
"vanschaik2009_unk_present";"r2";0,99120623544089;50,4033613445378;64,348743039726;51,0301200724114;28,5733472689879
"vanschaik2009_unk_present";"r2";0,993086461950858;49,8879551820728;66,4721404756234;50,6333118244796;27,8694220614737
"vanschaik2009_unk_present";"r2";0,993524251395835;51,4621848739496;62,2651632423304;51,9477119916296;34,6529483858095
"vanschaik2009_unk_present";"r2";0,989675017246364;53,344537815126;64,0234072557989;53,8244870034709;30,5139462944348
"vanschaik2009_unk_present";"r2";0,992031617871006;51,5966386554622;64,3751694641788;52,1709546468652;33,0356518209164
"vanschaik2009_unk_present";"r2";0,993637976248817;50,5490196078431;62,9108137089948;51,1046058595803;31,5421954534048
"vanschaik2009_unk_present";"r2";0,984751362038624;42,3417366946779;61,2056512888556;43,189553080933;34,5861725273874
"vanschaik2009_unk_present";"r2";0,993778222775791;52,1288515406163;65,5202125016366;52,7307104602127;29,4474879681145
"vanschaik2009_unk_present";"r2";0,9933792432776;49,5966386554622;63,24875621025;50,2102169725313;31,5301295677303
"vanschaik2009_unk_present";"r2";0,990715741826856;47,358543417367;67,0775528650916;48,244791032995;29,6140789095297
"vanschaik2009_unk_present";"r2";0,992620418729534;50,6190476190476;64,4364149782106;51,2400528936167;31,2727729360654
"vanschaik2009_unk_present";"r2";0,992011616223294;46,2829131652661;62,8368503271754;47,0269103410823;32,5027808636152
"vanschaik2009_unk_present";"r2";0,99077061535107;47,0868347338936;65,3406110788077;47,9072291763616;33,40897909921
"vanschaik2009_unk_present";"r2";0,991774976118118;55,1316526610644;66,0867399499365;55,6240161347216;28,36452538888
"vanschaik2009_unk_present";"r2";0,988991537350372;43,6638655462185;69,6936094091667;44,8337416748903;26,1156441383508
"vanschaik2009_unk_present";"r2";0,995276676364446;49,7647058823529;72,6999023293528;50,7955012282855;25,4409256641603
"vanschaik2009_unk_present";"r2";0,991690045287433;50,7254901960784;66,691068219706;51,4430442645561;28,4252419546208
"vanschaik2009_unk_present";"r2";0,988067845257178;48,0924369747899;70,0315213037736;49,0784632367667;24,9840348905805
"vanschaik2009_unk_present";"r2";0,992584679581049;45,8291316526611;68,8933067706288;46,8657237927944;28,0418388869782
"vanschaik2009_unk_present";"r2";0,993980332535198;50,2240896358543;68,0701731833698;51,0261608065292;26,5153108269174
"vanschaik2009_unk_present";"r2";0,995180562546588;47,563025210084;74,1681338527314;48,7587604299783;22,9261537680825
"vanschaik2009_unk_present";"r2";0,993750183659717;51,9551820728291;72,2037991678085;52,8652322793451;24,5202963101817
"vanschaik2009_unk_present";"r2";0,990954216619974;53,2324929971989;65,2330109905574;53,7718421204959;30,4960769196254
"vanschaik2009_unk_present";"r2";0,991558900903362;48,8459383753501;66,594443031169;49,6436239778589;28,22772682151
"vanschaik2009_unk_present";"r2";0,988628443378364;50,6330532212885;67,8360452112387;51,4062214006121;27,8098064066732
"vanschaik2009_unk_present";"r2";0,994465164980311;51,8095238095238;65,8970560528223;52,4426713260766;28,8555221639523
"vanschaik2009_unk_present";"r2";0,990306430799525;53,593837535014;65,15368016916;54,1133810241891;30,5633288540881
"vanschaik2009_unk_present";"r2";0,989894390788468;51,515406162465;61,9792504322303;51,9856912981848;32,8836818710463
"vanschaik2009_unk_present";"r2";0,994161091215575;44,8179271708684;73,7343877098134;46,1175433748659;24,7050079636008
"vanschaik2009_unk_present";"r2";0,992326126099503;55,0532212885154;62,5805373676891;55,3915276291524;34,341811915958
"vanschaik2009_unk_present";"r2";0,994386191725241;49,3193277310924;67,8682772336023;50,1529883828906;27,5961895409528
"vanschaik2009_unk_present";"r2";0,995599966472805;53,4985994397759;69,5210346284263;54,2187088864568;26,3137127220552
"vanschaik2009_unk_present";"r2";0,991151091646812;47,5546218487395;70,007325942891;48,5637321451059;25,1406158575204
"vanschaik2009_unk_present";"r2";0,990808030734897;51,4285714285714;68,1250815103369;52,1789763760665;26,5753080018607
"vanschaik2009_unk_present";"r2";0,993394773078495;53,2717086834734;64,3605717038379;53,7700845495572;30,9685801253606
"vanschaik2009_unk_present";"r2";0,992686093797488;46,9467787114846;70,8191237941625;48,0196930972229;25,3704962737773
"vanschaik2009_unk_present";"r2";0,992061339971516;49,4761904761905;66,059300284339;50,2214987821747;28,5792323585644
"vanschaik2009_unk_present";"r2";0,989586384027411;48,5210084033613;66,201435947953;49,3156343604216;28,8022862888975
"vanschaik2009_unk_present";"r2";0,991878306646809;51,7563025210084;65,4515456808413;52,3718190675177;30,424852768655
"vanschaik2009_unk_present";"r2";0,991902896304545;48,140056022409;65,6896025800825;48,9287996879224;30,8076683074198
"vanschaik2009_unk_present";"r2";0,994335088539023;50,2577030812325;70,2893372107768;51,1580012443581;25,3583273926355
"vanschaik2009_unk_present";"r2";0,990718637183062;48,7983193277311;62,2372805857713;49,4023175865194;33,1670079915577
"vanschaik2009_unk_present";"r2";0,991114695911776;49,6778711484594;62,7576242127326;50,2657252187638;32,4922378494578
"vanschaik2009_unk_present";"r2";0,994043330179321;49,8627450980392;64,2089157617408;50,5075168132618;32,6876452440565
"vanschaik2009_unk_present";"r2";0,988530397852571;42,3165266106443;61,8676585926973;43,1952291716354;32,6921747966236
"vanschaik2009_unk_present";"r2";0,99204394259269;50,4313725490196;63,8683700845079;51,0352825506146;30,9176315298789
"vanschaik2009_unk_present";"r2";0,990668253012911;45,6078431372549;64,4974253043139;46,4568131222913;32,2943894714884
"vanschaik2009_unk_present";"r2";0,989458704801415;49,4593837535014;61,9026274937653;50,0186306631762;32,4786917672016
"vanschaik2009_unk_present";"r2";0,991025211509761;51,2016806722689;65,8728606919396;51,8610595495575;29,9533689700086
"vanschaik2009_unk_present";"r2";0,993705232488299;49,0728291316527;67,0179472230556;49,879351293064;29,0391146889626
"vanschaik2009_unk_present";"r2";0,986060286065989;43,2577030812325;62,5708318384402;44,1257088680733;35,9988823442429
"vanschaik2009_unk_present";"r2";0,993410483814581;52,047619047619;62,8222799517304;52,5318734702757;32,5662808843401
"vanschaik2009_unk_present";"r2";0,991914720150051;43,2100840336134;70,7855644097904;44,4494314662506;25,1645528337158
"vanschaik2009_unk_present";"r2";0,990198184722163;48,2240896358543;69,7243690906617;49,1903943304524;26,1336079486637
"vanschaik2009_unk_present";"r2";0,992908110989622;47,7002801120448;63,9016556199219;48,428431820264;30,1118367180654
"vanschaik2009_unk_present";"r2";0,993955615859949;51,3389355742297;66,4575862089407;52,0184254903965;28,4996745771297
"vanschaik2009_unk_present";"r2";0,993434363961706;48,9131652661064;67,748113921682;49,7596798124244;28,1016833317946
"vanschaik2009_unk_present";"r2";0,993746985454314;51,2296918767507;60,4786386858755;51,645374879408;35,0878266677565
"vanschaik2009_unk_present";"r2";0,992984610329684;47,1624649859944;67,3649815097183;48,0704432567236;27,9061362347961
"vanschaik2009_unk_present";"r2";0,992986203566391;52,4453781512605;66,7320940153758;53,0874777406589;28,6514838121554
"vanschaik2009_unk_present";"r2";0,994229111595812;45,9635854341737;67,786507545602;46,9443909223277;27,3837965391621
"vanschaik2009_unk_present";"r2";0,992638436020067;45,5518207282913;65,6359024102832;46,4544760847853;32,304640521383
"vanschaik2009_unk_present";"r2";0,994031510690542;47,8347338935574;70,5371141371528;48,8550655898988;26,655245645348
"vanschaik2009_unk_present";"r2";0,993778437155403;50,4257703081233;64,845930320969;51,0738673873523;32,6208535002076
"vanschaik2009_unk_present";"r2";0,992345210797929;45,266106442577;65,393009660618;46,170686362489;31,0694500423977
"vanschaik2009_unk_present";"r2";0,992642717789352;47,6386554621849;62,9292501873771;48,325873202643;34,8010275523781
"vanschaik2009_unk_present";"r2";0,992867057753096;51,1428571428571;67,9805424193969;51,8996070429263;29,0026912600871
"vanschaik2009_unk_present";"r2";0,990333886861976;50,2941176470588;65,4564121379137;50,9755690848501;28,8295905407312
"vanschaik2009_unk_present";"r2";0,993508074370371;57,7787114845938;67,0737431428221;58,1964657164243;29,3640638068319
"vanschaik2009_unk_present";"r2";0,988295026713601;51,1764705882353;61,4542255989624;51,6383921617511;34,8799301609638
"vanschaik2009_unk_present";"r2";0,994572551751159;52,3305322128852;72,1856478145178;53,222896959026;25,0698698627035
"vanschaik2009_unk_present";"r2";0,991206748287575;46,5490196078431;67,2283067165033;47,4784257700301;27,2731255364577
"vanschaik2009_unk_present";"r2";0,990542158099889;50,0364145658263;63,4493956765629;50,6392451775448;31,7230658370305
"vanschaik2009_unk_present";"r2";0,995931196457301;44,5602240896359;69,1413575459628;45,6649941326168;27,895212117293
"vanschaik2009_unk_present";"r2";0,989009481765059;44,6946778711485;65,921050054177;45,6486721265655;29,8033415364158
"vanschaik2009_unk_present";"r2";0,994983422959286;52,9663865546218;66,5176670594627;53,5754328694462;28,9456233839705
"vanschaik2009_unk_present";"r2";0,993747895332331;51,1008403361345;67,8380990784242;51,8530766841025;27,7466825823352
"vanschaik2009_unk_present";"r2";0,992874176803226;55,7254901960784;66,8724126106092;56,226475473136;28,4920968643991
"vanschaik2009_unk_present";"r2";0,993975880829983;54,8851540616247;68,0858905026862;55,4784455870656;29,2184701774976
"vanschaik2009_unk_present";"r2";0,990421489088616;41,3333333333333;61,8911934943282;42,257282104614;33,0115125875669
"vanschaik2009_unk_present";"r2";0,994144148480223;50,7899159663866;69,8583504988304;51,6469242599795;25,7943918159006
"vanschaik2009_unk_present";"r2";0,995544009120119;47,140056022409;74,0741231163058;48,3505758917976;22,8204590703438
"vanschaik2009_unk_present";"r2";0,991506297598581;44,3473389355742;58,4564703227629;44,981457200167;40,6849329062218
"vanschaik2009_unk_present";"r2";0,992078871104072;52,4341736694678;66,3218118955348;53,0583371852461;28,6150998164294
"vanschaik2009_unk_present";"r2";0,993312682894802;52,4901960784314;61,7130499144818;52,9047063631977;34,2380898032594
"vanschaik2009_unk_present";"r2";0,992813781969857;52,0056022408964;66,5011233606435;52,6570863361659;30,3522418458519
"vanschaik2009_unk_present";"r2";0,991599332432956;52,1960784313725;68,3521522337312;52,9221941078831;26,047348843503
"vanschaik2009_unk_present";"r2";0,986703388673485;44,703081232493;61,5675024150256;45,4610327463147;33,4333070753079
"vanschaik2009_unk_present";"r2";0,994215437871818;46,9271708683473;67,7964579280369;47,8651163541761;27,3733539771144
"vanschaik2009_unk_present";"r2";0,991503324339396;51,5014005602241;63,7205866888529;52,0505774648816;32,6990583172382
"vanschaik2009_unk_present";"r2";0,992006389262426;49,1764705882353;67,2743101197049;49,9898566345935;27,7956111271673
"vanschaik2009_unk_present";"r2";0,995017484575204;51,7114845938375;62,563656995739;52,1992226793163;32,270953068037
"vanschaik2009_unk_present";"r2";0,988365624339728;44,047619047619;69,1878490446602;45,1775170250141;26,0758752807951
"vanschaik2009_unk_present";"r2";0,990397448971566;49,843137254902;63,4652644182443;50,4553676892095;32,599466076047
"vanschaik2009_unk_present";"r2";0,990340691057832;51,1064425770308;62,6218080165449;51,6239870911663;33,2752620651015
"vanschaik2009_unk_present";"r2";0,993208931798652;52,5658263305322;61,1545542950342;52,9518365761278;34,8763345130502
"vanschaik2009_unk_present";"r2";0,993276507831368;50,6022408963585;63,777163883588;51,1943722665711;31,2201752974649
"vanschaik2009_unk_present";"r2";0,992835856715694;57,4033613445378;64,726474183711;57,732490011467;31,7908779434012
"vanschaik2009_unk_present";"r2";0,990184470461025;46,8067226890756;69,7531264530104;47,8380217346457;26,1909030909552
"vanschaik2009_unk_present";"r2";0,986505096160989;46,2829131652661;63,07438530252;47,0375860703112;31,0603008448005
"vanschaik2009_unk_present";"r2";0,994035526879482;48,3781512605042;66,2638928409052;49,1820048146795;29,6524884235096
"vanschaik2009_unk_present";"r2";0,993776021146377;49,952380952381;62,3869019911977;50,51123583053;33,9246972790995
"vanschaik2009_unk_present";"r2";0,995244625776794;48,453781512605;66,3552665729523;49,2583426389128;28,9375843279991
"vanschaik2009_unk_present";"r2";0,994497149347838;48,5882352941177;69,925962195699;49,5472342559865;25,0171399726533
"vanschaik2009_unk_present";"r2";0,995000410554098;49,7703081232493;67,457093023076;50,5652198041404;28,570508931095
"vanschaik2009_unk_present";"r2";0,992346141183325;53,7591036414566;63,5172828332658;54,1976734927739;31,5260795503002
"vanschaik2009_unk_present";"r2";0,992972944946109;46,4957983193277;68,7565884837557;47,496283270538;26,7443069755314
"vanschaik2009_unk_present";"r2";0,987916442614656;42,6666666666667;63,8612500115983;43,6192322102591;33,4812588400886
"vanschaik2009_unk_present";"r2";0,994863076329538;49,6890756302521;69,2190082234587;50,5668254097221;27,6892472781297
"vanschaik2009_unk_present";"r2";0,994481376533698;50,7563025210084;70,8219702124501;51,6581302824215;25,7275354863667
"vanschaik2009_unk_present";"r2";0,991938916445334;50,6302521008403;68,4975160932978;51,4332752016249;26,9181534177356
"vanschaik2009_unk_present";"r2";0,986278483766824;49,4201680672269;60,5274256831919;49,9193706567085;32,7316047231514
"vanschaik2009_unk_present";"r2";0,991461887121893;50,0168067226891;68,1986888885109;50,8339699660968;26,4908333371051
"vanschaik2009_unk_present";"r2";0,992304265868157;52,6134453781513;62,9931455927973;53,0799487585848;31,9509137432511
"vanschaik2009_unk_present";"r2";0,992370937361075;47,7058823529412;65,9336293866093;48,525106938724;28,4226368745327
"vanschaik2009_unk_present";"r2";0,991432294274738;46,1764705882353;67,1976211353146;47,12124139934;26,9963467725732
"vanschaik2009_unk_present";"r2";0,990017537397162;44,4117647058823;63,7004297946635;45,2786710020074;31,5555711059935
"vanschaik2009_unk_present";"r2";0,991016697189672;47,7619047619048;69,2503929249285;48,7276795108047;25,9022511192149
"vanschaik2009_unk_present";"r2";0,9893566824473;49,5210084033613;62,4423129115467;50,1017411902461;33,4031200321926
"vanschaik2009_unk_present";"r2";0,994951291947736;45,8543417366947;69,3527898829756;46,910451765741;26,1461158362238
"vanschaik2009_unk_present";"r2";0,993195281472963;51,7198879551821;69,4708848298245;52,5176855675255;28,2396820840091
"vanschaik2009_unk_present";"r2";0,992132637413333;46,8347338935574;68,2841297634254;47,7987516854616;28,421933994732
"vanschaik2009_unk_present";"r2";0,990532674148766;50,8207282913165;59,953918308214;51,2312087415142;35,7103534119455
"vanschaik2009_unk_present";"r2";0,991187308168667;49,1792717086835;59,8280170551842;49,6578670051554;37,0060779993173
"vanschaik2009_unk_present";"r2";0,990952676789835;52,2324929971989;61,5690762410964;52,6521147160257;34,3759727005766
"vanschaik2009_unk_present";"r2";0,989169220461141;44,7899159663866;64,965220537976;45,696671228031;29,5017081300313
"vanschaik2009_unk_present";"r2";0,990652361472099;49,6974789915966;62,7928991802831;50,2860372023241;31,8620317541631
"vanschaik2009_unk_present";"r2";0,983417498405166;49,4873949579832;59,4969175561281;49,9372611421695;36,9601706904871
"vanschaik2009_unk_present";"r2";0,996000576228136;48,9439775910364;67,7211478536943;49,7878953556503;29,9365515253281
"vanschaik2009_unk_present";"r2";0,994132480457112;44,6274509803922;71,2322023951281;45,8231701450994;26,0627485186071
"vanschaik2009_unk_present";"r2";0,993196878145072;43,4033613445378;68,4630240115921;44,529638318338;28,1028623924778
"vanschaik2009_unk_present";"r2";0,990326988871526;48,7114845938375;64,8140832980229;49,4351968951492;29,2796516420937
"vanschaik2009_unk_present";"r2";0,990040377576424;49,3529411764706;64,8904001700054;50,051253940225;29,6595956443965
"vanschaik2009_unk_present";"r2";0,995855305164712;45,6974789915966;70,916422328961;46,8309146472085;27,4083715088209
"vanschaik2009_unk_present";"r2";0,992305024655627;51,2633053221289;64,7927375771803;51,8713696931424;29,8518722755769
"vanschaik2009_unk_present";"r2";0,995741672275703;51,6106442577031;67,4966496996296;52,3246220303739;29,1189687044616
"vanschaik2009_unk_present";"r2";0,987513216452297;45,2268907563025;58,9182634316148;45,8422333484514;36,827882992668
"vanschaik2009_unk_present";"r2";0,987646932793875;42,9299719887955;69,6553366009635;44,1311119713649;27,988878519477
"vanschaik2009_unk_present";"r2";0,988070541203425;42,8487394957983;66,8642100288772;43,9280864860491;29,7595226909359
"vanschaik2009_unk_present";"r2";0,989374990718361;45,6106442577031;66,4693069443456;46,5481122436196;31,3193770370761
"vanschaik2009_unk_present";"r2";0,993426495712212;48,7787114845938;71,7495803989612;49,8111100874868;25,4384503114342
"vanschaik2009_unk_present";"r2";0,992668762221752;48,1988795518207;67,0190329536305;49,0447291429133;29,8539018415691
"vanschaik2009_unk_present";"r2";0,993401046125894;55,1988795518207;65,618567771238;55,6671801459518;29,8126600119105
"vanschaik2009_unk_present";"r2";0,992632739206749;48,1820728291316;70,9411347811116;49,2049520179847;25,4733542824256
"vanschaik2009_unk_present";"r2";0,986997714804135;44,5406162464986;62,1637005924932;45,33266498115;33,263301511032
"vanschaik2009_unk_present";"r2";0,994730069782434;48,1456582633053;69,6300861161542;49,1112505263547;25,1950063661959
"vanschaik2009_unk_present";"r2";0,991515000250956;50,8487394957983;65,8516937783579;51,5230295759133;30,9057787684273
"vanschaik2009_unk_present";"r2";0,990585223147959;49,7394957983193;59,6737434392233;50,18597883836;35,617758792594
"vanschaik2009_unk_present";"r2";0,991122957750668;46,0140056022409;65,6988167920831;46,8987162175147;29,1337186977049
"vanschaik2009_unk_present";"r2";0,993938398070449;54,2549019607843;66,5846327949656;54,8090471668149;29,5236780971425
"vanschaik2009_unk_present";"r2";0,992532647488826;45,2997198879552;71,755838653091;46,4887589335793;24,7227653492272
"vanschaik2009_unk_present";"r2";0,990726382978444;46,7310924369748;66,4013795157371;47,6151502832113;28,7441414461151
"vanschaik2009_unk_present";"r2";0,993234253983653;45,1316526610644;69,011203579702;46,2048909045987;30,1538206370929
"vanschaik2009_unk_present";"r2";0,993724151961409;54,7002801120448;64,5240853058191;55,1417994465965;33,237096428903
"vanschaik2009_unk_present";"r2";0,992032765522652;51,5042016806723;70,3203256366956;52,3498701730778;25,3676159351949
"vanschaik2009_unk_present";"r2";0,99423631822095;55,9047619047619;66,6471315706997;56,3875650358153;29,6250678440648
"vanschaik2009_unk_present";"r2";0,993926295831917;54,3417366946779;64,3005858950131;54,7893254227828;29,6520191831596
"vanschaik2009_unk_present";"r2";0,991975423009249;46,3865546218487;70,593871750025;47,4745239309803;24,2563377537779
"vanschaik2009_unk_present";"r2";0,995569939110774;56,078431372549;64,5041346037863;56,4571146638406;33,753703097942
"vanschaik2009_unk_present";"r2";0,993539933468863;48,9719887955182;67,4434859516129;49,8021684429831;29,4344773329229
"vanschaik2009_unk_present";"r2";0,994365856861779;48,1148459383754;66,7113749253842;48,9506449939713;28,6223991776086
"vanschaik2009_unk_present";"r2";0,995775543463666;48,9747899159664;65,2989715392966;49,708461000161;29,6256842728994
"vanschaik2009_unk_present";"r2";0,991577330477407;49,9495798319328;62,7443715340387;50,5246266500049;31,5039482632346
"vanschaik2009_unk_present";"r2";0,994214088867996;52,2549019607843;62,509958436816;52,7158033754374;33,2508435498806
"vanschaik2009_unk_present";"r2";0,995690395474236;50,9299719887955;69,1651711291804;51,7495315007229;28,2895363391134
"vanschaik2009_unk_present";"r2";0,987569877189848;49,0700280112045;64,3056295484701;49,7547741477108;32,2509294750771
"vanschaik2009_unk_present";"r2";0,985958325016454;43,1428571428571;61,9417878947678;43,987752906988;33,3582630546834
"vanschaik2009_unk_present";"r2";0,991638066798053;53,6638655462185;62,1139680108333;54,0436454322686;32,1999582756687
"vanschaik2009_unk_present";"r2";0,991045066664986;48,8487394957983;65,4817496100391;49,5962905121687;30,1753966895494
"vanschaik2009_unk_present";"r2";0,984139000711435;43,8627450980392;64,2353148012978;44,778366208298;30,3855715897216
"vanschaik2009_unk_present";"r2";0,990466143025965;45,9159663865546;66,1475537491404;46,8252512118394;30,5936482615486
"vanschaik2009_unk_present";"r2";0,989787424196264;47,9551820728291;63,2019570341939;48,6404303856995;32,180154800816
"vanschaik2009_unk_present";"r2";0,990319378534948;48,7450980392157;66,0881478557562;49,5245609523186;29,5666068059815
"vanschaik2009_unk_present";"r2";0,990733873697844;49,0252100840336;65,7810536341883;49,7782817042653;29,3927308119838
"vanschaik2009_unk_present";"r2";0,994450368967895;56,0868347338936;65,5399070743498;56,5116919177343;32,2166676863532
"vanschaik2009_unk_present";"r2";0,992460822225246;50,1428571428571;63,5571004717677;50,7457444834823;32,8148749625922
"vanschaik2009_unk_present";"r2";0,992293479719542;49,2016806722689;66,893407160435;49,9968144470179;27,7444240652202
"vanschaik2009_unk_present";"r2";0,99212703517611;49,7871148459384;67,8152069164066;50,5973661749482;26,6714443909502
"vanschaik2009_unk_present";"r2";0,991215757038248;48,7899159663866;64,9900280318237;49,5180108906759;29,3526162786264
"vanschaik2009_unk_present";"r2";0,993132456717968;46,5658263305322;67,3012713550639;47,4977564439943;29,4573100139175
"vanschaik2009_unk_present";"r2";0,993036751353171;53,9019607843137;65,6061849657051;54,427993331792;30,6135919848377
"vanschaik2009_unk_present";"r2";0,992099783735102;46,406162464986;71,3994242341765;47,5294551287698;24,6318983848049
"vanschaik2009_unk_present";"r2";0,992395103299034;51,5882352941176;63,6640078832416;52,1309666464378;31,9088066723615
"vanschaik2009_unk_present";"r2";0,991709753256057;44,3305322128852;68,6962611691714;45,4256211547407;27,0346890137086
"vanschaik2009_unk_present";"r2";0,993902515772445;55,6414565826331;64,4051784773534;56,0353317239688;34,1995835759231
"vanschaik2009_unk_present";"r2";0,995292777386986;50,7759103641457;71,6296925468752;51,7131590015717;24,6441352711838
"vanschaik2009_unk_present";"r2";0,994416446339788;54,047619047619;64,8632375751184;54,5337142623381;30,7228811814676
"vanschaik2009_unk_present";"r2";0,995361231617122;48,8151260504202;71,6174208918017;49,8399482904823;23,8406260558286
"vanschaik2009_unk_present";"r2";0,994889103707815;48,5602240896359;68,8008746929026;49,4699162515804;26,8224050882485
"vanschaik2009_unk_present";"r2";0,98786765713241;45,733893557423;61,9234400145778;46,4615136229131;34,3737202925655
"vanschaik2009_unk_present";"r2";0,988458362916643;47,9355742296919;65,6249758368566;48,7306035154072;31,1393911537507
"vanschaik2009_unk_present";"r2";0,987840684306284;45,9439775910364;62,5626453654704;46,6908840078649;33,6726467089287
"vanschaik2009_unk_present";"r2";0,995104625218082;52,4985994397759;64,3430034877403;53,0309322059766;34,3261912982724
"vanschaik2009_unk_present";"r2";0,991582054890636;45,1764705882353;70,5464024494597;46,3166922449195;25,2707183651467
"vanschaik2009_unk_present";"r2";0,994045480297333;54,0056022408964;65,0572708380371;54,5023064475094;30,1125562149339
"vanschaik2009_unk_present";"r2";0,994201393495694;50,8347338935574;64,6775776468114;51,4568841746025;29,3736085870622
"vanschaik2009_unk_present";"r2";0,992714431620167;51,3865546218487;64,4057004012499;51,9716847692376;30,4892897108896
"vanschaik2009_unk_present";"r2";0,992522420819127;49,0448179271709;63,1749168658998;49,6798785536306;31,4604885770455
"vanschaik2009_unk_present";"r2";0,992897242912653;45,593837535014;65,7233439934678;46,4985344544951;27,0035335555266
"vanschaik2009_unk_present";"r2";0,990699882276929;44,0392156862745;63,2286315335851;44,9016613423334;31,233527186808
"vanschaik2009_unk_present";"r2";0,989910905860686;47,6162464985994;62,121189568945;48,2681540523228;33,4116768786637
"vanschaik2009_unk_present";"r2";0,993073773841252;49,7002801120448;67,5486520058889;50,5024541297457;27,2264274158723
"vanschaik2009_unk_present";"r2";0,993131747093114;47,6162464985994;70,5421803428769;48,6466255477805;25,0447861710024
"vanschaik2009_unk_present";"r2";0,990874414385757;53,703081232493;64,1416729555274;54,1722314222923;33,1642976322907
"vanschaik2009_unk_present";"r2";0,993238432631188;48,6050420168067;67,235988985215;49,4423879479711;29,3909535304189
"vanschaik2009_unk_present";"r2";0,994020808545822;52,8179271708684;67,5340993500823;53,479328167687;28,3187093921724
"vanschaik2009_unk_present";"r2";0,992224099224916;52,3109243697479;66,2266590478665;52,9363506474162;27,5721475567578
"vanschaik2009_unk_present";"r2";0,991371827139825;47,1484593837535;66,1940887414959;48,0044427256745;30,7014778122536
"vanschaik2009_unk_present";"r2";0,993325968164302;54;64,5107118114084;54,4723915420858;31,3588322077123
"vanschaik2009_unk_present";"r2";0,989656678613735;40,3613445378151;66,506659942225;41,5364148930695;29,0684621493388
"vanschaik2009_unk_present";"r2";0,99012717170514;55,4509803921569;66,8882942393004;55,9650169695566;29,6484287385195
"vanschaik2009_unk_present";"r2";0,99289053645927;49,327731092437;64,8237082834606;50,0241795055167;30,1539129591993
"vanschaik2009_unk_present";"r2";0,988856984463408;50,6442577030812;61,827700807964;51,1468843594805;32,9507829399558
"vanschaik2009_unk_present";"r2";0,995144955071648;54,4929971988796;67,0378270465345;55,0568097763023;32,0611580567461
"vanschaik2009_unk_present";"r2";0,991115777222052;39,1652661064426;70,3134085341903;40,5651826200492;27,5090389028615
"vanschaik2009_unk_present";"r2";0,992591639852087;52,3809523809524;66,9738881474563;53,036814662593;28,8638670840301
"vanschaik2009_unk_present";"r2";0,993640749839083;48,1624649859944;69,0689003334127;49,1020800577885;25,694283828049
"vanschaik2009_unk_present";"r2";0,989196342945236;51,3137254901961;66,2740526372492;51,9860997439962;28,2283973000798
"vanschaik2009_unk_present";"r2";0,993694103544098;49,5686274509804;70,4764968648483;50,5083069751992;24,5471824255536
"vanschaik2009_unk_present";"r2";0,995608793667513;52,6862745098039;66,9631919293297;53,3279337196703;27,5217110327639
"vanschaik2009_unk_present";"r2";0,994113515214656;43,7142857142857;71,566199860511;44,966057136588;24,4773290953116
"vanschaik2009_unk_present";"r2";0,992124808569153;48,2296918767507;67,0424921440788;49,075210989889;30,142952913149
"vanschaik2009_unk_present";"r2";0,994426386893001;51,4649859943978;64,6224276884107;52,0563316885107;28,5357540618331
"vanschaik2009_unk_present";"r2";0,993018935123376;48,5798319327731;70,7959706701967;49,5783100782753;23,2510023833714
"vanschaik2009_unk_present";"r2";0,99235229038316;53,1176470588235;64,0291629165468;53,6080522659122;31,2170497478154
"vanschaik2009_unk_present";"r2";0,990777772577091;51,6554621848739;65,8727656502424;52,2944421159017;30,4922567030529
"vanschaik2009_unk_present";"r2";0,993459298523371;53,3501400560224;69,3233172915835;54,0680356621151;25,3565582269331
"vanschaik2009_unk_present";"r2";0,988257197210875;52,0588235294118;61,4388739485489;52,4803988291483;35,1277831656041
"vanschaik2009_unk_present";"r2";0,993139279089777;50,8039215686275;63,8102303398356;51,3884747718278;31,164220074077
"vanschaik2009_unk_present";"r2";0,989030451650727;48,8319327731092;57,6313650230059;49,2274128742282;36,6652707020017
"vanschaik2009_unk_present";"r2";0,995021446104567;45,7450980392157;70,432912997735;46,8546627564525;24,6405399567589
"vanschaik2009_unk_present";"r2";0,993697885092934;48,156862745098;65,0498656400359;48,9160988302638;30,6797287724775
"vanschaik2009_unk_present";"r2";0,986557100933878;42,6862745098039;61,7504512386478;43,5430914414374;32,9927525071184
"vanschaik2009_unk_present";"r2";0,992347160948083;49,7731092436975;64,3003378200747;50,4260183931976;31,7182148406601
"vanschaik2009_unk_present";"r2";0,991361096459515;48,2240896358543;67,1600522800213;49,0751441367158;28,4869716340665
"vanschaik2009_unk_present";"r2";0,991192474418444;47,1064425770308;69,1428105563167;48,0968411378976;25,6774818722068
"vanschaik2009_unk_present";"r2";0,994807019820929;50,3137254901961;65,2107776769154;50,9832559255543;30,8171276772841
"vanschaik2009_unk_present";"r2";0,993394588875482;46,5798319327731;72,2973620806438;47,7356759843628;22,5826110365639
"vanschaik2009_unk_present";"r2";0,993748479999666;47,1708683473389;67,8259949544779;48,099188644289;27,5675937986495
"vanschaik2009_unk_present";"r2";0,991742386069982;53,9607843137255;62,2305036294974;54,3324570919624;31,5389728546786
"vanschaik2009_unk_present";"r2";0,990430301738515;47,8767507002801;65,9123126615387;48,6873377547187;30,2216130997777
"vanschaik2009_unk_present";"r2";0,994313044870398;48,03081232493;67,2184207691174;48,8931767493878;27,2755235520561
"vanschaik2009_unk_present";"r2";0,989119102335938;47,1932773109244;67,1275190238039;48,0891982867841;27,718180659311
"vanschaik2009_unk_present";"r2";0,991058636004003;50,4817927170868;62,414692827812;51,0181028344228;32,5527926491944
"vanschaik2009_unk_present";"r2";0,990140503663389;51,2605042016807;60,8815123859629;51,6929090638956;36,7110601773335
"vanschaik2009_unk_present";"r2";0,992643126849485;54,0840336134454;69,5378666740896;54,7785879083058;27,0940658841942
"vanschaik2009_unk_present";"r2";0,990451070185078;48,1988795518207;58,5142895030666;48,6624934822138;38,5567141231276
"vanschaik2009_unk_present";"r2";0,992227954275709;53,109243697479;62,3750588291997;53,5256848269945;32,2374095123351
"vanschaik2009_unk_present";"r2";0,992779257085935;46,3977591036415;68,6572086968759;47,398183804461;25,9891923592587
"vanschaik2009_unk_present";"r2";0,993497469942267;49,4509803921569;62,731853414903;50,0478735617185;33,2073093816132
"vanschaik2009_unk_present";"r2";0,991579635803404;50,3865546218487;67,0673946796238;51,1362552986027;29,3039632942903
"vanschaik2009_unk_present";"r2";0,993087209992794;50,7563025210084;62,7102902257701;51,2935603953797;30,6323604056573
"vanschaik2009_unk_present";"r2";0,990065578294578;53,5658263305322;63,8617590484851;54,0285648796537;30,391184211667
"vanschaik2009_unk_present";"r2";0,995698684182683;47,3081232492997;63,4356065760865;48,032953960616;32,3744694942636
"vanschaik2009_unk_present";"r2";0,992942044151656;52,3669467787115;60,7375097168054;52,7431518545809;34,3731386743792
"vanschaik2009_unk_present";"r2";0,989862305611801;51,8459383753501;66,0531789546882;52,4844660418372;28,4308844829674
"vanschaik2009_unk_present";"r2";0,992866200513073;53,5238095238095;64,8654734713171;54,0335472293155;29,8997194296772
"vanschaik2009_unk_present";"r2";0,990536946130072;47,781512605042;63,1140402425232;48,4706149707715;34,4485450540797
"vanschaik2009_unk_present";"r2";0,994008762953198;51,2240896358543;65,9055775880466;51,883931791009;28,6504001973484
"vanschaik2009_unk_present";"r2";0,991155919866392;50,2268907563025;62,7062533699531;50,7877609861295;31,394297953601
"vanschaik2009_unk_present";"r2";0,990511381370352;46,2268907563025;64,0607908603265;47,0284143564834;29,5511226156825
"vanschaik2009_unk_present";"r2";0,992110856879411;49,8067226890756;63,2052158367948;50,4089021563888;33,1125687761578
"vanschaik2009_unk_present";"r2";0,991761857316388;52,8347338935574;65,9220761823316;53,4229290526035;28,5189985529091
"vanschaik2009_unk_present";"r2";0,988632842742566;47,7899159663866;63,4098373891331;48,4919349067347;31,0208843861095
"vanschaik2009_unk_present";"r2";0,994003596297775;51,327731092437;65,8653459543552;51,9811070412872;31,1833859568206
"vanschaik2009_unk_present";"r2";0,993356450798524;52,5210084033613;65,3223566294387;53,0963498966682;32,6238608695368
"vanschaik2009_unk_present";"r2";0,992463523174664;43,6526610644258;73,1365979866367;44,9777818249746;22,5658612280504
"vanschaik2009_unk_present";"r2";0,995450773802203;51,5966386554622;66,7583094150432;52,2780620603872;26,8491792905221
"vanschaik2009_unk_present";"r2";0,991846029639359;52,2324929971989;64,1125048197417;52,7664261128188;31,9525313031521
"vanschaik2009_unk_present";"r2";0,993751701629913;50,1316526610644;67,9600198563047;50,9329275911876;28,9341446376954
"vanschaik2009_unk_present";"r2";0,987648289392316;45,8571428571429;66,1189687505477;46,7677867175206;27,9683621121891
"vanschaik2009_unk_present";"r2";0,994737678620661;44,4509803921569;72,0520481840141;45,6914778210044;25,4504096789726
"vanschaik2009_unk_present";"r2";0,994237589721715;47,9523809523809;68,1759481488584;48,861305320762;27,5256852990608
"vanschaik2009_unk_present";"r2";0,994419786941241;48,9467787114846;68,4235736528693;49,8221402818839;29,1608545487019
"vanschaik2009_unk_present";"r2";0,992107203109473;53,8711484593838;64,8611128293791;54,3650794423049;32,0917688089387
"vanschaik2009_unk_present";"r2";0,989952279822649;51,5294117647059;59,3071708348411;51,8789739701052;35,424455524439
"vanschaik2009_unk_present";"r2";0,993436283278805;47,8711484593838;69,7967232071334;48,8565675491703;26,0131294173248
"vanschaik2009_unk_present";"r2";0,985106467596512;46,0952380952381;64,4460560724106;46,9199939593807;32,6257813117598
"vanschaik2009_unk_present";"r2";0,991900675148373;50,3613445378151;62,766973738336;50,9189009063779;32,9871001168722
"vanschaik2009_unk_present";"r2";0,990378114275065;49,2380952380952;62,3467009641545;49,827246057244;33,1948555020641
"vanschaik2009_unk_present";"r2";0,990673745579482;48,6526610644258;66,5923456703255;49,4589390242415;29,4910215415944
"vanschaik2009_unk_present";"r2";0,989073472416566;48,1372549019608;58,7594310359403;48,6146560765217;38,107301959916
"vanschaik2009_unk_present";"r2";0,989912032737547;47,6134453781513;63,7227919784034;48,3374609556907;32,5167470959438
"vanschaik2009_unk_present";"r2";0,99468589523932;47,9551820728291;70,1182750428107;48,9512761388957;26,1172416366607
"vanschaik2009_unk_present";"r2";0,995324199917179;52,2072829131653;67,6837046467464;52,9028524292813;29,4694796708902
"vanschaik2009_unk_present";"r2";0,992615892890707;48,5070028011204;67,927499487097;49,3798341128497;29,9601416353592
"vanschaik2009_unk_present";"r2";0,989751671553017;51,6526610644258;63,6615158577233;52,1923848753605;31,8661365926697
"vanschaik2009_unk_present";"r2";0,993760925746339;51,3249299719888;59,3172855266509;51,6841369632096;37,4529772299507
"vanschaik2009_unk_present";"r2";0,992980851369286;51,6666666666667;67,390997160734;52,3733781495461;29,8947261904959
"vanschaik2009_unk_present";"r2";0,992970675877165;50,9747899159664;66,8379495246755;51,6877409096162;29,659605335993
"vanschaik2009_unk_present";"r2";0,992779713898892;43,7871148459384;68,5705773844319;44,9009783308145;28,2684135877446
"vanschaik2009_unk_present";"r2";0,988492145019322;48,6834733893557;68,8208769429745;49,5885252344622;25,2798048026152
"vanschaik2009_unk_present";"r2";0,98861907844625;49,1176470588235;62,871068559923;49,7357783622437;33,565057015116
"vanschaik2009_unk_present";"r2";0,992293321359844;51,9439775910364;65,8971800902916;52,571087815722;28,2388769278167
"vanschaik2009_unk_present";"r2";0,991768894921184;46,3053221288515;63,2748588485818;47,0679979364799;32,9709222399758
"vanschaik2009_unk_present";"r2";0,995170021887491;50,249299719888;68,8052353348406;51,0832743542678;28,0497127430877
"vanschaik2009_unk_present";"r2";0,986305150060731;44,5854341736695;67,2035282184276;45,6019777262429;28,987775546977
"vanschaik2009_unk_present";"r2";0,994467700007198;51,9607843137255;64,2586338455147;52,5134966522329;31,863765743863
"vanschaik2009_unk_present";"r2";0,989624889818023;46,7787114845938;64,5538961812182;47,5775961900601;31,9265646064313
"vanschaik2009_unk_present";"r2";0,991571519402686;49,7002801120448;63,0070039609513;50,2983351164901;32,9827599801839
"vanschaik2009_unk_present";"r2";0,990095233661448;50,6050420168067;62,625068430022;51,1452679230186;32,9728970649892
"vanschaik2009_unk_present";"r2";0,990650288373274;53,9579831932773;63,7361686945665;54,3974522045712;31,2990387181999
"vanschaik2009_unk_present";"r2";0,990718716551879;45,1008403361345;63,9646134953798;45,9486503657635;31,1725758783563
"vanschaik2009_unk_present";"r2";0,994249627231484;47,3529411764706;68,5223251980218;48,3043741662032;29,7258784463319
"vanschaik2009_unk_present";"r2";0,991922132919036;48,952380952381;64,7724292606259;49,6633943594931;29,0843454613583
"vanschaik2009_unk_present";"r2";0,996862803839047;54,703081232493;67,0417318105012;55,2576273258866;32,4223735096289
"vanschaik2009_unk_present";"r2";0,993133298727356;45,6890756302521;70,1747298109527;46,7895544698342;24,2726871646729
"vanschaik2009_unk_present";"r2";0,992104256658334;51,3613445378151;65,4648160791737;51,9952084273144;28,5206891985753
"vanschaik2009_unk_present";"r2";0,992731604650372;45,6302521008403;71,2685518171199;46,7825352341563;25,5317529532921
"vanschaik2009_unk_present";"r2";0,990478854757434;43,9327731092437;67,945832869401;45,0120117501496;26,6473194308107
"vanschaik2009_unk_present";"r2";0,989148320845642;46,4481792717087;62,6961193476286;47,1784237695028;32,2953472157144
"vanschaik2009_unk_present";"r2";0,992105956972333;47,4621848739496;61,9588519066073;48,113720470923;31,8405791827469
"vanschaik2009_unk_present";"r2";0,991095904041406;48,8711484593838;59,0753979637494;49,3297664146361;39,8915884291706
"vanschaik2009_unk_present";"r2";0,991166605183405;47,3249299719888;63,9841099303174;48,0736571611272;32,9532284862698
"vanschaik2009_unk_present";"r2";0,994178909501869;49,1372549019608;66,998544218939;49,9400094780047;28,6493006049779
"vanschaik2009_unk_present";"r2";0,99193570208506;47,8683473389356;68,0814976432237;48,7768035323867;29,9725312061195
"vanschaik2009_unk_present";"r2";0,987263797197265;50,8151260504202;59,9633757625244;51,2262833408518;35,4421027465264
"vanschaik2009_unk_present";"r2";0,992109727767525;44,6330532212885;66,1896233926033;45,6018878357296;31,046711046164
"vanschaik2009_unk_present";"r2";0,989404756496148;48,7703081232493;57,7147214240867;49,1723042266577;39,9283896917958
"vanschaik2009_unk_present";"r2";0,995783359411358;50,8879551820728;62,8078787182889;51,4236820825769;35,6331679176628
"vanschaik2009_unk_present";"r2";0,991496067577165;47,3697478991597;72,5083482049426;48,4995726320038;22,7603178879271
"vanschaik2009_unk_present";"r2";0,994170647364936;47,8179271708683;70,7102704442101;48,846796531468;26,6290995292103
"vanschaik2009_unk_present";"r2";0,993741143088721;45,4397759103641;69,6817501384065;46,5293028419616;25,1321280750202
"vanschaik2009_unk_present";"r2";0,991544241157651;51,5014005602241;65,0251467443805;52,1092093774895;31,5802085003549
"vanschaik2009_unk_present";"r2";0,995263058654188;53,3389355742297;67,0250656850889;53,9540425455043;27,8827557656117
"vanschaik2009_unk_present";"r2";0,989377590693499;45,5182072829132;64,4560644463895;46,3693469307099;30,4633584145927
"vanschaik2009_unk_present";"r2";0,991826082145267;50,9943977591036;62,6508666127474;51,5182839997169;33,5466175072204
"vanschaik2009_unk_present";"r2";0,994845720639298;49,8991596638655;72,8760435900529;50,9318286043683;23,6056512165114
"vanschaik2009_unk_present";"r2";0,98527958921666;47,9887955182073;62,9137326167125;48,6595792080277;32,755375438135
"vanschaik2009_unk_present";"r2";0,996518267714426;47,2100840336134;75,5287652878597;48,4828337529054;23,624539368481
"vanschaik2009_unk_present";"r2";0,99299840178511;47,6274509803922;73,3572252051354;48,7838453275716;23,0038969130833
"vanschaik2009_unk_present";"r2";0,995711612108693;49,3865546218487;72,9601989857408;50,446044256181;23,508971501478
"vanschaik2009_unk_present";"r2";0,993863437392829;49,8823529411765;64,2904663705747;50,5299086009247;32,7347603183131
"vanschaik2009_unk_present";"r2";0,99447205255106;54,4173669467787;65,421459345608;54,9119328972879;29,8743172033095
"vanschaik2009_unk_present";"r2";0,995901164331869;45,7647058823529;67,0698850942659;46,7222420267086;29,8505828534415
"vanschaik2009_unk_present";"r2";0,992045516654175;49,8095238095238;63,4872254938044;50,4242519751094;30,7938849283647
"vanschaik2009_unk_present";"r2";0,991056983343672;51,5602240896359;61,7168757455135;52,0167028157427;32,7759577574829
"vanschaik2009_unk_present";"r2";0,992329390056941;51,0896358543417;64,2805659253028;51,6824866440478;31,4456257486918
"vanschaik2009_unk_present";"r2";0,993366032866376;44,7787114845938;68,8060488273337;45,8585918146046;26,7777468894333
"vanschaik2009_unk_present";"r2";0,988516277977922;43,3333333333333;68,2373595831413;44,4526154119764;27,9509339209482
"vanschaik2009_unk_present";"r2";0,988714620937956;45,9187675070028;61,5994219274018;46,6235160202792;32,9971258601396
"vanschaik2009_unk_present";"r2";0,989258264172079;45,5434173669468;61,2129388928925;46,2476655254163;34,6637868264767
"vanschaik2009_unk_present";"r2";0,994387654656636;52,1120448179272;69,15810260431;52,8781597746185;26,6291315248637
"vanschaik2009_unk_present";"r2";0,98819274190805;47,7703081232493;65,215106101329;48,5543439874327;31,8327858113317
"vanschaik2009_unk_present";"r2";0,996020465847377;47,6806722689076;74,3443814312622;48,8790412200246;23,0409721341788
"vanschaik2009_unk_present";"r2";0,994136629014598;47,1204481792717;68,5991946005491;48,0857850970819;27,8003494453047
"vanschaik2009_unk_present";"r2";0,987463326538314;44,3389355742297;67,1035701269834;45,3620652170501;27,6170661058331
"vanschaik2009_unk_present";"r2";0,995759121196973;50,6330532212885;72,6789979885955;51,6238821995944;25,1608530069208
"vanschaik2009_unk_present";"r2";0,985845969336162;42,3641456582633;65,0609855186094;43,3842283486159;29,0934371138014
"vanschaik2009_unk_present";"r2";0,991330209985937;49,6890756302521;67,2878656431288;50,4800324847634;27,1632521364396
"vanschaik2009_unk_present";"r2";0,992050138341287;48,5574229691877;62,8013450043249;49,1975992404298;33,6150105528253
"vanschaik2009_unk_present";"r2";0,993047873735121;49,0140056022409;63,0803101052714;49,6461990630513;33,8073543911028
"vanschaik2009_unk_present";"r2";0,99557278765113;51,2913165266106;70,8949396836394;52,1723782415333;25,1085515903011
"vanschaik2009_unk_present";"r2";0,991161252305625;54,6134453781513;69,0524291240235;55,2623884678534;28,2948117341583
"vanschaik2009_unk_present";"r2";0,996321907978237;45,9383753501401;76,561327282109;47,3146877965207;20,9203262292432
"vanschaik2009_unk_present";"r2";0,992940524911511;50,8095238095238;68,3191582669137;51,5964736727773;27,2191390186865
"vanschaik2009_unk_present";"r2";0,992639354932539;49,8067226890756;67,9671350965856;50,6229209995255;29,2674295888857
"vanschaik2009_unk_present";"r2";0,992196265242046;50,3613445378151;67,3469235872487;51,1247413490256;30,0017901494252
"vanschaik2009_unk_present";"r2";0,996087993364223;40,3921568627451;69,490136411576;41,6999312244903;27,5738016841975
"vanschaik2009_unk_present";"r2";0,99258213886049;46,5070028011204;70,0712149048062;47,5660685136456;27,4459970946998
"vanschaik2009_unk_present";"r2";0,989180430204315;45,109243697479;67,3360550053661;46,1082015090694;27,5181315135657
"vanschaik2009_unk_present";"r2";0,992930625413302;51,9019607843137;66,3230828768754;52,5501011030805;27,0846969233637
"vanschaik2009_unk_present";"r2";0,993246434328979;45,3389355742297;65,8231861018239;46,25957604738;29,3148885923311
"vanschaik2009_unk_present";"r2";0,990767736427528;52,3249299719888;61,2269841226885;52,7250222933686;35,5245907323408
"vanschaik2009_unk_present";"r2";0,991771607167291;52,4957983193277;62,5573810219708;52,9480042834915;32,3071881032406
"vanschaik2009_unk_present";"r2";0,993641079542402;51,8795518207283;66,5919655035367;52,5407838963601;28,4548090207854
"vanschaik2009_unk_present";"r2";0,992590822229338;50,8207282913165;65,1242526823022;51,4635833201249;28,5815856427526
"vanschaik2009_unk_present";"r2";0,98516391602464;52,7226890756302;57,2753017751083;52,9273008823484;39,1054739870425
"vanschaik2009_unk_present";"r2";0,98941167389825;47,5014005602241;62,5676970733085;48,1785374821605;34,6163312318502
"vanschaik2009_unk_present";"r2";0,990262942422963;51,8095238095238;60,6194904811391;52,2054773677987;35,4153025151427
"vanschaik2009_unk_present";"r2";0,995467537700777;53,8151260504202;68,7616256937077;54,4868788433769;26,3467660447434
"vanschaik2009_unk_present";"r2";0,986839156550822;45,0672268907563;61,130866360162;45,789188215224;33,5820809591311
"vanschaik2009_unk_present";"r2";0,98981408399135;46,0700280112045;66,4902708875232;46,9877917359829;29,5901741790288
"vanschaik2009_unk_present";"r2";0,992562211857289;45,6778711484594;67,7542642471048;46,6700685910951;28,2197983935962
"vanschaik2009_unk_present";"r2";0,994309057754564;42,5434173669468;71,6210775808299;43,850278500155;23,0525453006369
"vanschaik2009_unk_present";"r2";0,990297874412179;46,2997198879552;67,008473659983;47,2304503945632;28,5061347297063
"vanschaik2009_unk_present";"r2";0,990878839904189;49,5378151260504;67,8220628056154;50,359579066705;28,1064592280908
"vanschaik2009_unk_present";"r2";0,988907298173851;47,7394957983193;67,0560814959035;48,6076569532669;29,1893877397893
"vanschaik2009_unk_present";"r2";0,991748776608995;50,109243697479;65,1477279815128;50,7851306315929;29,2142724370119
"vanschaik2009_unk_present";"r2";0,9898129658407;44,0644257703081;67,9782292011394;45,1392034525927;26,86579236299
"vanschaik2009_unk_present";"r2";0,992885292914479;48,0392156862745;64,2268963621518;48,7667518964263;31,4839978324533
"vanschaik2009_unk_present";"r2";0,991184762736854;49,0448179271709;64,4915826562498;49,7390545442081;31,8662422810982
"vanschaik2009_unk_present";"r2";0,992907815239501;48,4481792717087;68,7541109561233;49,3608054148284;26,6968778888363
"vanschaik2009_unk_present";"r2";0,990906667810527;47,0728291316527;66,3977630986145;47,9413654897184;27,8408265137576
"vanschaik2009_unk_present";"r2";0,992634553149952;49,2436974789916;66,5751898385412;50,0226409558253;28,0428313629337
"vanschaik2009_unk_present";"r2";0,993253833400508;48,0700280112045;58,8135129834046;48,552881268382;38,4490869366409
"vanschaik2009_unk_present";"r2";0,992167863930542;49,1596638655462;68,2740134607395;50,018735757465;26,3556813668589
"vanschaik2009_unk_present";"r2";0,990735673916875;50,2156862745098;63,6305435405668;50,8186012078157;32,4937365448828
"vanschaik2009_unk_present";"r2";0,990863635877213;50,3893557422969;64,0195202114707;51,0019474038328;29,3620239312751
"vanschaik2009_unk_present";"r2";0,990415076019667;46,5882352941176;67,3863723350952;47,5229830262964;27,6590180385942
"vanschaik2009_unk_present";"r2";0,986996898895271;45,2717086834734;64,1994566965542;46,1223939874321;34,1001422593007
"vanschaik2009_unk_present";"r2";0,992783739599097;48,6610644257703;68,9091642361766;49,5710913835414;25,8580272754292
"vanschaik2009_unk_present";"r2";0,989628953045407;47,9019607843137;63,8467472929547;48,6185804026796;30,5634491524762
"vanschaik2009_unk_present";"r2";0,992324000504205;52,436974789916;67,2915094451472;53,1045943249825;28,4052534558924
"vanschaik2009_unk_present";"r2";0,981410065558975;46,9159663865546;62,1004559810674;47,5984153570945;33,5081686714725
"vanschaik2009_unk_present";"r2";0,994565571260358;50,8823529411765;69,3795545914354;51,7136878468061;25,8979398773953
"vanschaik2009_unk_present";"r2";0,990796620023987;48,0532212885154;70,1310074084842;49,0454813388511;28,6740892403892
