"matrix_id";"baseline";"ceof_cor";"stat_nodf_columns";"stat_nodf_rows";"stat_nodf_general";"stat_temp"
"Huitotoan";"c1";0,97780241407741;73,508319914117;62,3477297895903;62,4213970511383;30,1453398009798
"Huitotoan";"c1";0,871601928910567;58,8461538461538;62,5138427464009;62,4896335787425;32,7810245989612
"Huitotoan";"c1";0,957826285221152;51,4492753623188;63,953488372093;63,8709523126226;31,4984135263869
"Huitotoan";"c1";0,991882250496581;76,1825396825397;63,7320044296788;63,8141861805228;29,0014162162487
"Huitotoan";"c1";0,907855116878243;58,3867521367521;62,2923588039867;62,2665792220248;37,6185809366875
"Huitotoan";"c1";0,972531841030504;60,4377104377104;62,9014396456257;62,8851774066296;34,2272366766973
"Huitotoan";"c1";0,996101513108161;78,0795019157088;65,3377630121816;65,4218668993336;25,7076584664789
"Huitotoan";"c1";0,589767824619588;58,8974358974359;61,4617940199336;61,4448675636794;32,002788723023
"Huitotoan";"c1";0,7336252313453;72,6774433296172;63,0121816168328;63,0759787238479;30,9352842122385
"Huitotoan";"c1";0,996785776910385;80,6828493647913;65,5038759689922;65,6040672125289;22,5810601787329
"Huitotoan";"c1";0,982492797032086;74,5411255411255;63,953488372093;64,023373765948;29,516097393025
"Huitotoan";"c1";0,984495184970841;73,3022007514761;63,4551495016611;63,5201465396137;30,969968009978
"Huitotoan";"c1";0,98907071009368;74,3323939881911;63,6766334440753;63,7469684971718;30,5380629279211
"Huitotoan";"c1";0,995325979936451;78,0895915678524;65,6699889258029;65,7519665009979;23,2027033600817
"Huitotoan";"c1";0,930017506620399;74,1478797638218;63,1229235880399;63,1956955759988;29,5943713404926
"Huitotoan";"c1";0,995512889674129;77,0833333333333;64,1749723145072;64,2601760176018;26,1906076665341
"Huitotoan";"c1";0,512989176042577;73,6650563607085;62,1262458471761;62,202409612942;33,7901508576967
"Huitotoan";"c1";0,908673799223074;71,608024691358;61,6832779623477;61,7487878417471;35,9940000004916
"Huitotoan";"c1";0,902134221635647;74,3184955141477;62,7906976744186;62,8667887492683;30,9764997351385
"Huitotoan";"c1";0,869079197341881;61,6060606060606;62,6799557032115;62,6728672867287;29,3859761047062
"Huitotoan";"c1";0,992134596034861;74,8072277963582;64,3410852713178;64,410168720328;27,5981137256799
"Huitotoan";"c1";0,943879807448539;73,6242619431025;63,0675526024363;63,1372338522097;32,9133661978352
"Huitotoan";"c1";0,997142397714068;63,4834368530021;63,1782945736434;63,1803087141012;31,237754248841
"Huitotoan";"c1";0,983855441743913;65,5652173913043;63,8427464008859;63,8541158463672;21,5850465038369
"Huitotoan";"c1";0,987658329316862;63,0724637681159;63,233665559247;63,2326015210217;28,550980178596
"Huitotoan";"c1";0;58,8974358974359;62,2369878183832;62,2149445713802;36,8638748641329
"Huitotoan";"c1";0,991600411186222;80,563117564025;65,78073089701;65,8783044063632;22,7153375561324
"Huitotoan";"c1";0,970142500145332;64,1975308641975;63,5105204872647;63,5150552092246;27,0592627956724
"Huitotoan";"c1";0,988021644716357;75,2294685990338;63,5658914728682;63,6428787806317;24,4825318218168
"Huitotoan";"c1";0,998409415248937;73,7190635451505;63,6212624584718;63,6879146108591;28,055209780578
"Huitotoan";"c1";0,8;47,3333333333333;62,9568106312292;62,8536853685369;35,2810348115794
"Huitotoan";"c1";0,868092966019881;74,08988957902;62,5138427464009;62,5902522964512;33,4346997661927
"Huitotoan";"c1";0,697863157798853;72,3995726495726;62,6799557032115;62,7441115906462;31,3248834558696
"Huitotoan";"c1";0,885270412757426;61,5652173913044;63,3997785160576;63,3876692017028;30,8447229045234
"Huitotoan";"c1";0,857492925712544;59,0512820512821;63,0675526024363;63,041042565795;35,5409101292776
"Huitotoan";"c1";0,974665333521939;77,4124842340734;64,5071982281285;64,5923816341083;23,819735097142
"Huitotoan";"c1";0,986440050415621;38,8888888888889;64,1749723145072;64,008067473414;29,5075874285943
"Huitotoan";"c1";0,991932995017589;63,3540372670807;64,2303433001107;64,2245591018729;29,6699969551076
"Huitotoan";"c1";0,93543570001655;75,4409171075838;63,3997785160576;63,4792579787079;31,3217245357558
"Huitotoan";"c1";0,874146757476248;61,5652173913044;62,9568106312292;62,9476251973023;34,4612624254175
"Huitotoan";"c1";0,991537224422628;72,1881580577233;62,6799557032115;62,7427161147924;34,9996461861886
"Huitotoan";"c1";0,996787722905677;76,465744400527;64,3964562569214;64,476121525196;27,8960263735622
"Huitotoan";"c1";0,996023841111995;66,2179487179487;64,4518272425249;64,4634848100195;28,7503263488287
"Huitotoan";"c1";0,766130877682874;58,3867521367521;62,2369878183832;62,2115737214747;34,2117851510536
"Huitotoan";"c1";0,953295142787168;80,4945054945055;64,6733111849391;64,7777415104148;21,5578064396946
"Huitotoan";"c1";0,983959038256912;72,1881580577233;63,2890365448505;63,347776620843;31,9503508871836
"Huitotoan";"c1";0,984783558817937;76,2389770723104;64,1196013289037;64,1995972083981;30,0277212224186
"Huitotoan";"c1";0,998477604695273;77,8333333333333;65,171650055371;65,2552255225523;25,5421984565106
"Huitotoan";"c1";0,988440527990778;75,7786195286195;64,2303433001107;64,3065695458435;28,1871139733706
"Huitotoan";"c1";0,628539361054708;61,1111111111111;62,7353266888151;62,7246057939127;36,5403904780443
"Huitotoan";"c1";0,964757401526582;61,5652173913044;63,2890365448505;63,2776582006027;33,7332629170647
"Huitotoan";"c1";0,656532164298612;59,1346153846154;62,3477297895903;62,3265211136498;37,3577717619226
"Huitotoan";"c1";0,977254549759915;75,8189087274545;63,953488372093;64,031807978399;29,8984961086074
"Huitotoan";"c1";0,999150833091733;80,1416504223522;66,2236987818383;66,3155664494325;21,1353966895193
"Huitotoan";"c1";0,988495079201969;76,474358974359;64,3410852713178;64,4211728865194;25,9163401401523
"Huitotoan";"c1";0,956365069595007;59,0811965811966;62,9014396456257;62,8762235197879;36,8102590744898
"Huitotoan";"c1";0,952356447735569;74,921033073207;63,953488372093;64,0258814064238;27,7363078822731
"Huitotoan";"c1";0,935775440838065;71,7685185185185;63,344407530454;63,4000122234446;34,4082088367663
"Huitotoan";"c1";0,967286702253492;75,5477855477856;63,8981173864895;63,975012885904;26,8179686966125
"Huitotoan";"c1";0,944635531963026;79,7649572649573;65,2270210409745;65,3229810160503;22,8878845513095
"Huitotoan";"c1";0,864158565218093;39,3333333333333;61,6279069767442;61,4807480748075;30,5300038172298
"Huitotoan";"c1";0,979970346664572;60,6701940035273;62,4584717607973;62,446667947218;30,4648454280756
"Huitotoan";"c1";0,987878339907213;62,3478260869565;64,0642303433001;64,0529009422681;28,2122024501705
"Huitotoan";"c1";0,956749178833394;76,9505494505495;63,7320044296788;63,8192555519288;25,026870344982
"Huitotoan";"c1";0,970344592117141;74,3022007514761;63,7320044296788;63,80177470243;30,9967192006332
"Huitotoan";"c1";0,963210734217021;77,1825396825397;64,5071982281285;64,5908638482896;26,7090201776026
"Huitotoan";"c1";0,987007269930511;73,8026755852843;63,8981173864895;63,9634940082637;30,4549701644706
"Huitotoan";"c1";0,919145030018058;75,5140692640693;63,8427464008859;63,9197848356264;27,8248498833025
"Huitotoan";"c1";0,97980287330666;74,860646599777;63,8427464008859;63,91547181474;28,7657514829174
"Huitotoan";"c1";0,792824967172092;71,7283950617284;61,8493909191584;61,9145988672941;36,1455748504963
"Huitotoan";"c1";0,792593923901216;60,5235042735043;62,9014396456257;62,8857437025754;35,9487718319703
"Huitotoan";"c1";0,994750909959143;64,6135265700483;65,4485049833887;65,4429935747198;25,2458229826092
"Huitotoan";"c1";0,905821627315677;73,9765886287625;63,5105204872647;63,5796034452944;28,9011078569084
"Huitotoan";"c1";0,966592231802427;76,8712370005473;64,3964562569214;64,478798044008;26,6957789173578
"Huitotoan";"c1";0,984374038697697;73,0789049919485;63,1782945736434;63,2436451374606;31,5287065029765
"Huitotoan";"c1";0,955414408257075;60,8055555555556;63,2890365448505;63,2726439310598;30,5088572202405
"Huitotoan";"c1";0,998636031630074;64,6913580246914;64,5071982281285;64,5084138043434;27,6861389732862
"Huitotoan";"c1";0,930258646698171;78,1149097815764;64,3964562569214;64,4870071052689;23,48141899796
"Huitotoan";"c1";0,993999088547966;79,9385964912281;65,5038759689922;65,5991546523073;20,9013005479612
"Huitotoan";"c1";0,975477879516294;78,1264129839842;64,8394241417497;64,9271270383981;25,3600915902168
"Huitotoan";"c1";0,97439119569462;75,3176328502416;64,0642303433001;64,1385102278344;28,9820112280212
"Huitotoan";"c1";0,995135723377554;76,4986824769433;64,3410852713178;64,4213334376916;26,8903822197793
"Huitotoan";"c1";0,993128415708686;66,5367121507472;65,3377630121816;65,3456768678817;25,2524989676653
"Huitotoan";"c1";0,992733782033708;79,1666666666667;65,3931339977852;65,4840484048405;23,9803221674765
"Huitotoan";"c1";NA;0;62,2369878183832;61,8261826182618;40,093192541283
"Huitotoan";"c1";0,954378037479721;77,5274725274725;64,5071982281285;64,5931406327446;25,6852600767089
"Huitotoan";"c1";0,967754216394976;66,1335578002245;65,0609080841639;65,0679882803095;24,136571212908
"Huitotoan";"c1";0,80251178012083;74,8658008658009;62,7906976744186;62,8704013258469;33,0021005000027
"Huitotoan";"c1";0,789352217376326;61,3991081382386;62,4031007751938;62,3964737610885;32,2626708447733
"Huitotoan";"c1";0,301511344577764;46,6666666666667;62,6799557032115;62,5742574257426;37,1338896875792
"Huitotoan";"c1";0,89765710108861;73,8733488733489;62,1262458471761;62,2037844810122;33,1134466131903
"Huitotoan";"c1";0,682288239221012;59,8290598290598;62,8460686600221;62,8261544103128;37,9460803755865
"Huitotoan";"c1";0,982310625481657;78,8356833728885;65,0609080841639;65,1518306933304;27,9112574703695
"Huitotoan";"c1";0,824435647966573;62,1388888888889;62,7906976744186;62,7863953061973;29,8943598389226
"Huitotoan";"c1";0,971859061499725;60,7182940516274;63,6212624584718;63,6021009508358;32,287136293316
"Huitotoan";"c1";0,982223965423513;64,4761904761905;64,0088593576966;64,011944051548;28,5162983768932
"Huitotoan";"c1";0,959539531510802;64,0555555555556;63,7873754152824;63,7891455812248;30,2671679616802
"Huitotoan";"c1";0,737864787372622;71,9660493827161;62,9568106312292;63,0162775536813;35,4950549488222
"Huitotoan";"c1";0,873847381886976;65,1675485008818;62,6799557032115;62,6963754576516;34,6170193578394
"Huitotoan";"c1";0,978690327853892;61,9929453262787;63,8981173864895;63,8855419933528;30,0267324253628
"Huitotoan";"c1";0,962140470884728;71,8888888888889;63,0121816168328;63,0707737440411;33,0697302745308
"Huitotoan";"c1";0,229415733870563;45,3333333333333;62,5138427464009;62,4004400440044;38,9665110698854
"Huitotoan";"c1";0,989746914010093;77,7065527065527;64,7286821705426;64,8143446823315;24,9105829240531
"Huitotoan";"c1";0,974500104497951;64,4753086419753;64,5071982281285;64,5069877358106;26,8659674629027
"Huitotoan";"c1";0,991671234323886;74,4505494505495;63,4551495016611;63,5277263990135;31,079997954938
"Huitotoan";"c1";0,998908169606147;66,4021164021164;65,78073089701;65,7848324514991;26,5533313960145
"Huitotoan";"c1";0,985244675553779;61,4444444444444;63,4551495016611;63,4418775210854;33,5104878065872
"Huitotoan";"c1";0,956182887467515;62,3478260869565;62,6799557032115;62,6777634285168;34,7071925875309
"Huitotoan";"c1";0,97980287330666;76,2237762237762;64,3410852713178;64,4195188749644;27,1119489394918
"Huitotoan";"c1";0,818008612928273;74,0510697032436;62,1262458471761;62,204957555797;35,1224854554084
"Huitotoan";"c1";0,965714624453531;79,5175438596491;64,9501661129568;65,0463204215158;26,3660719865199
"Huitotoan";"c1";0,991932995017589;63,3540372670807;64,2303433001107;64,2245591018729;28,6275924527447
"Huitotoan";"c1";0,972696700345527;76,2485970819304;63,953488372093;64,0346442051613;28,106645356519
"Huitotoan";"c1";0,906681469750281;78,1904761904762;63,7320044296788;63,8274398868458;24,9819282830118
"Huitotoan";"c1";0,973003714828784;78,9184499710815;64,3964562569214;64,4923110009092;21,1645764608561
"Huitotoan";"c1";0,945693625228579;74,0208764665286;63,6766334440753;63,7449122759067;29,5840761082241
"Huitotoan";"c1";0,938723408996542;76,8994708994709;63,7320044296788;63,8189183997765;24,4676921258572
"Huitotoan";"c1";0,965408602283596;76,5201465201465;64,0642303433001;64,1464476117942;29,4307751803263
"Huitotoan";"c1";0,913546879604199;62,2898550724638;63,344407530454;63,3374467881571;34,039562805966
"Huitotoan";"c1";0,990492361912071;77,5952380952381;64,562569213732;64,6485934307717;26,3590150565697
"Huitotoan";"c1";0,964464481683966;76;63,6766334440753;63,7579757975798;29,6691367224155
"Huitotoan";"c1";0,975821049500252;63,8198757763975;63,8981173864895;63,8976009402182;26,7738480010928
"Huitotoan";"c1";0,981392654860021;76,5961199294533;64,5071982281285;64,5869930908435;27,3147351815078
"Huitotoan";"c1";0,998868137724438;75,2596618357488;64,1196013289037;64,1931330814241;24,3905276405739
"Huitotoan";"c1";0,991682092885285;66,5367121507472;65,1162790697674;65,1256548656815;26,8539753329066
"Huitotoan";"c1";0,948683298050514;75,7665945165945;63,8427464008859;63,9214516689764;28,1775936023835
"Huitotoan";"c1";0,968434805587883;82,4545454545455;67,2203765227021;67,3209320932093;18,7941204211468
"Huitotoan";"c1";0,987762965329069;75,3200483091787;64,6179401993355;64,6885811769583;25,4715070280129
"Huitotoan";"c1";0,940952202671708;64,2676767676768;63,5658914728682;63,5705237190386;31,2749574991687
"Huitotoan";"c1";0,965494819141829;73,731884057971;62,7353266888151;62,8079112259052;33,9513330504369
"Huitotoan";"c1";0,994200504063841;79,4949494949495;65,8361018826135;65,9262592925959;24,3290494658568
"Huitotoan";"c1";0,991201182589376;72,2628205128205;63,344407530454;63,4032749428789;33,2328567729911
"Huitotoan";"c1";0,934028924988609;72,1538461538462;62,4584717607973;62,5224676313785;30,7510463138692
"Huitotoan";"c1";0,91777887276794;72,4864775589413;63,3997785160576;63,4597567275618;30,8836987988584
"Huitotoan";"c1";0,960001451799134;72,2905982905983;63,3997785160576;63,4584637950975;32,97759867622
"Huitotoan";"c1";0,986029581331167;72,9715512614063;62,4031007751938;62,4728595242777;31,8835766937367
"Huitotoan";"c1";0,919254719740988;62,7587991718426;63,5105204872647;63,5055586303972;30,2896133226071
"Huitotoan";"c1";0,971285862357264;59,7222222222222;62,9014396456257;62,8804547121379;34,8898855036458
"Huitotoan";"c1";0,994877648906218;78,7692307692308;65,5038759689922;65,5914360666836;21,8292117412823
"Huitotoan";"c1";0,863459396947833;73,8224637681159;62,4031007751938;62,4784761084804;32,9019332154001
"Huitotoan";"c1";0,992277876713668;73,1368760064412;63,5105204872647;63,5740607877213;31,5798034506882
"Huitotoan";"c1";0,968657768430329;74,1969696969697;63,6766334440753;63,7460746074607;31,9366280923493
"Huitotoan";"c1";NA;0;61,9601328903655;61,5511551155115;38,4164224135763
"Huitotoan";"c1";0,944323054757233;74,2854267310789;63,4551495016611;63,5266364800731;29,1139170237036
"Huitotoan";"c1";0,905871673538985;76,2040428707095;63,6766334440753;63,7593226152082;27,0488182151688
"Huitotoan";"c1";0,957073225982003;60,6837606837607;63,344407530454;63,3268455050633;29,1138659671819
"Huitotoan";"c1";0,984326938334566;75,1893939393939;63,953488372093;64,0276527652765;28,5569369627278
"Huitotoan";"c1";0,864241621450225;60,5072463768116;62,8460686600221;62,8306308891759;34,6132041874619
"Huitotoan";"c1";0,974176374094105;74,164653784219;63,0121816168328;63,0857952945053;28,2697350415744
"Huitotoan";"c1";0,966987556830456;76,5297202797203;64,3410852713178;64,4215383076769;27,564772830051
"Huitotoan";"c1";0,912870929175277;58,4935897435897;62,624584717608;62,5973174240501;36,941279127953
"Huitotoan";"c1";0,297044262893004;61,2179487179487;62,2369878183832;62,2302614876872;37,7269243482429
"Huitotoan";"c1";0,931380630847599;61,5740740740741;63,0675526024363;63,0576946583547;34,0419618621344
"Huitotoan";"c1";0,926505638629738;75,5081585081585;62,9568106312292;63,039657811935;30,7175919724067
"Huitotoan";"c1";0,971490035118412;77,0328282828283;65,0609080841639;65,1399306597326;25,0620380000372
"Huitotoan";"c1";0,713477241231741;74,0022296544036;62,2369878183832;62,3146461803371;33,2339620642723
"Huitotoan";"c1";0,925820099772551;60,4700854700855;63,344407530454;63,3254351076133;34,7625726065148
"Huitotoan";"c1";0,763386285369114;71,9104938271605;63,1229235880399;63,1809273519945;33,4942629072695
"Huitotoan";"c1";0,873149214349204;74,8374210330732;63,2890365448505;63,3652635051688;29,6605631095567
"Huitotoan";"c1";0,986357880249097;75,5698005698006;64,2303433001107;64,305191202881;27,1464419926597
"Huitotoan";"c1";0,998999054411902;73,5690235690236;63,4551495016611;63,5219077463302;30,2538499213449
"Huitotoan";"c1";0,816496580927726;59,0769230769231;63,1782945736434;63,1512228145892;35,8682640793257
"Huitotoan";"c1";0,936974961203381;60,1111111111111;63,4551495016611;63,4330766409974;32,5237960788089
"Huitotoan";"c1";0,978231976089037;75,4578754578755;64,0642303433001;64,1394359216141;29,6262501331642
"Huitotoan";"c1";0,925820099772551;59,025641025641;62,2923588039867;62,2707963104003;33,721313394201
"Huitotoan";"c1";NA;0;63,0675526024363;62,6512651265126;38,1233814582251
"Huitotoan";"c1";0,948199646070035;62,1212121212121;63,5105204872647;63,5013501350135;31,4107199495525
"Huitotoan";"c1";0;57,7692307692308;62,5692137320044;62,5375306761445;38,7226361843019
"Huitotoan";"c1";0,999347436856757;82,7792443491173;67,3311184939092;67,4330863213363;20,1489210743096
"Huitotoan";"c1";0,762770071396475;71,9228395061728;62,4031007751938;62,4659373344742;35,7240681456775
"Huitotoan";"c1";NA;0;62,9014396456257;62,4862486248625;39,5842153779439
"Huitotoan";"c1";0,998687663476589;78,7896825396825;65,1162790697674;65,2065325580177;22,3273823584262
"Huitotoan";"c1";0,900239819997237;64,6363636363636;63,8981173864895;63,9029902990299;26,5455892550969
"Huitotoan";"c1";0,885437744847146;64,3939393939394;63,0675526024363;63,0763076307631;27,679775862782
"Huitotoan";"c1";0,98885527648628;78,0982905982906;65,171650055371;65,2569744153903;25,0426742440834
"Huitotoan";"c1";0,94720444555663;62,8205128205128;63,0121816168328;63,010916476263;30,6886464587358
"Huitotoan";"c1";0,738548945875996;58,8974358974359;63,0675526024363;63,040027079631;34,6882565605235
"Huitotoan";"c1";0,97780241407741;73,4589371980676;63,6766334440753;63,7412031058178;31,6464293230306
"Huitotoan";"c1";0,408248290463863;60,6303418803419;62,5692137320044;62,5564158980001;36,76560440375
"Huitotoan";"c1";0,99242260474407;77,0833333333333;64,6179401993355;64,7002200220022;26,4279908213031
"Huitotoan";"c1";0,905821627315677;59,5384615384615;62,8460686600221;62,8242362697808;35,250843302442
"Huitotoan";"c1";0,979795897113271;74,4307359307359;63,5658914728682;63,6376066178046;30,4109254340245
"Huitotoan";"c1";0,991351648747176;61,3611111111111;62,624584717608;62,6162449578291;28,1038821571459
"Huitotoan";"c1";0,985663998017612;61,8125701459035;63,4551495016611;63,4443073937023;31,9420247791607
"Huitotoan";"c1";0,801783725737272;59,241452991453;63,0121816168328;62,9872923189755;36,1973246671434
"Huitotoan";"c1";0,997940265578332;66,1255411255411;65,3931339977852;65,3979683682654;25,8829407149013
"Huitotoan";"c1";0,989949493661166;59,8290598290598;63,233665559247;63,2111929141632;34,3127003525827
"Huitotoan";"c1";0,985513181094073;74,7468413229283;64,2857142857143;64,3547646291942;28,389300942755
"Huitotoan";"c1";0,99067977763247;74,7468413229283;64,1196013289037;64,1897481275441;27,436406903009
"Huitotoan";"c1";0,615457454896664;63,6566332218506;62,2923588039867;62,3013639156558;31,8863914141635
"Huitotoan";"c1";0,982057843233452;78,8413693586107;65,5038759689922;65,5919122289897;25,4247480344973
"Huitotoan";"c1";0,959539531510802;74,8002244668911;63,953488372093;64,0250839898805;29,6423451334812
"Huitotoan";"c1";0,902377811277357;75,3968253968254;63,4551495016611;63,5339724448635;30,9318836728897
"Huitotoan";"c1";0,999375585327815;60,8985507246377;63,3997785160576;63,3832687616588;32,8769401068594
"Huitotoan";"c1";0,956182887467515;72,4864775589413;63,0675526024363;63,1297237242614;32,8478830865206
"Huitotoan";"c1";0,992882050793788;66,9753086419753;65,8361018826135;65,843621399177;24,7152494996413
"Huitotoan";"c1";0,98772959664959;71,7623456790123;63,233665559247;63,2899604775292;33,9919860258023
"Huitotoan";"c1";0,981548987080955;62,6388888888889;63,233665559247;63,2297396406307;27,0081055812002
"Huitotoan";"c1";0,949704036476412;78,3043345543346;63,5105204872647;63,6081694250011;26,0141855589828
"Huitotoan";"c1";0,911322376865767;48;61,9601328903655;61,8679867986799;37,2580807557083
"Huitotoan";"c1";0,993042321597505;64,4545454545455;64,7286821705426;64,7268726872687;25,179784580356
"Huitotoan";"c1";0,999405646307079;61,9929453262787;63,7873754152824;63,7755309922527;29,4386358087448
"Huitotoan";"c1";0,974933356442865;61,4801864801865;63,6212624584718;63,6071299437636;33,1043506060111
"Huitotoan";"c1";0,971323728514366;63,7971014492754;63,5658914728682;63,5674176113263;30,086188625048
"Huitotoan";"c1";0,997054485501581;74,8417508417508;63,8981173864895;63,9703525908146;29,4176386582855
"Huitotoan";"c1";0,990610944653915;75,7186948853615;63,8981173864895;63,9761410003434;29,507734498009
"Huitotoan";"c1";0,868243142124459;48,6111111111111;62,624584717608;62,5320865419875;33,9316879559938
"Huitotoan";"c1";0,980142441955473;77,219740332263;64,6179401993355;64,7011203982328;27,6798592564007
"Huitotoan";"c1";0,994457797320599;76,661020139281;64,5071982281285;64,5874214750668;27,7632410385627
"Huitotoan";"c1";0,968704612145734;58,7822671156004;61,1295681063123;61,1140743704;34,3017363571799
"Huitotoan";"c1";0,91826225824265;72,2884615384615;63,1229235880399;63,1834221883727;33,6075011760621
"Huitotoan";"c1";0,868092966019881;74,2704826038159;63,1782945736434;63,2515103362188;30,6009326864743
"Huitotoan";"c1";0,993883734673619;61,0144927536232;63,3997785160576;63,3840340555795;34,7288610095699
"Huitotoan";"c1";0,999773730057065;73,8612836438923;63,5658914728682;63,6338478568354;31,4912563401128
"Huitotoan";"c1";0,581238193719096;58,3846153846154;62,3477297895903;62,3215706186003;36,4199444876423
"Huitotoan";"c1";0,953462589245592;71,9660493827161;62,9568106312292;63,0162775536813;34,2772612012385
"Huitotoan";"c1";0,996843266544182;75,5246913580247;64,2303433001107;64,3048934523082;29,1253504276837
"Huitotoan";"c1";0,735076670198027;74,315807649141;62,5692137320044;62,6467490053849;33,3651324263881
"Huitotoan";"c1";0,97823754488825;78,5396825396825;65,6699889258029;65,7549373985018;22,9068516186881
"Huitotoan";"c1";0,971060761117723;77,4124842340734;64,562569213732;64,6473871346583;27,9857935864795
"Huitotoan";"c1";0,942809041582063;62,2377622377622;62,9568106312292;62,952064437213;33,3651699421591
"Huitotoan";"c1";0,982223965423513;63,6876006441224;64,1749723145072;64,1717553397852;28,2808568018422
"Huitotoan";"c1";0,999156632001028;74,7508417508417;63,8427464008859;63,9147470302586;27,677803368161
"Huitotoan";"c1";0,903931543613422;63,0050505050505;63,7320044296788;63,7272060539387;32,6842222602724
"Huitotoan";"c1";0,915154333315711;73,8224637681159;63,1782945736434;63,2485531161812;30,5975326924992
"Huitotoan";"c1";0,952947064693579;75,2097902097902;64,0642303433001;64,1377983952241;28,1644361950896
"Huitotoan";"c1";0,963086824686154;50,6944444444444;63,2890365448505;63,2059039237257;33,1496048515565
"Huitotoan";"c1";0,987395169825495;77,0606060606061;65,2270210409745;65,3051305130513;24,2699295899809
"Huitotoan";"c1";0,624089633482199;72,4786324786325;62,624584717608;62,6896279371527;30,8274328598892
"Huitotoan";"c1";0,759072115276589;71,8672839506173;62,7353266888151;62,7956036344375;36,3827578069034
"Huitotoan";"c1";0,999371851343187;77,4272828620655;65,2270210409745;65,3075508219718;23,586950698247
"Huitotoan";"c1";0,99970269064305;76,7857142857143;64,7286821705426;64,8082665409398;26,1414645379202
"Huitotoan";"c1";0,954431857672496;80,267094017094;65,3931339977852;65,491311951708;22,2156242901032
"Huitotoan";"c1";0,707106781186548;59,0769230769231;63,1229235880399;63,0962173140391;35,9332984586842
"Huitotoan";"c1";0,748481188565119;72,292735042735;62,6799557032115;62,7434063919212;33,0656135754551
"Huitotoan";"c1";0,982711962778706;61,4444444444444;63,6212624584718;63,6068940227356;30,4178837537982
"Huitotoan";"c1";0,692842494342117;72,3482905982906;62,0708748615725;62,1387125892076;33,1585451528883
"Huitotoan";"c1";0,945107556664371;75,2594627594628;63,3997785160576;63,4780602602385;31,4357453897576
"Huitotoan";"c1";0,924563791705376;76,2380952380952;63,3997785160576;63,4845198805595;28,2726696696869
"Huitotoan";"c1";0,837435789358624;72,3440170940171;62,2369878183832;62,3037008829088;34,216061600871
"Huitotoan";"c1";0,872007608210592;63,7391304347826;62,5692137320044;62,576935954465;26,7006748653602
"Huitotoan";"c1";0,815374248327211;72,3205128205128;62,015503875969;62,0835237369891;29,7909581618277
"Huitotoan";"c1";0,982876392121909;61,952861952862;63,5105204872647;63,5002389127802;32,6522042409359
"Huitotoan";"c1";0,847124629142472;64,3939393939394;63,0121816168328;63,021302130213;32,6746447690812
"Huitotoan";"c1";0,999783807153457;65,6944444444444;64,8394241417497;64,8450678401174;27,5284529337137
"Huitotoan";"c1";0,997693191852648;72,1881580577233;63,1229235880399;63,1827601191929;32,3731634297744
"Huitotoan";"c1";0,987063393321693;75,3916083916084;64,2857142857143;64,3590205174364;27,3139239855205
"Huitotoan";"c1";0,987878339907213;52,1739130434783;64,1749723145072;64,0957574018271;30,9164435120823
"Huitotoan";"c1";0,986440050415621;38,8888888888889;63,3997785160576;63,2379904657132;29,7853070972132
"Huitotoan";"c1";0,949543391879078;75,2435064935065;62,8460686600221;62,9278999328504;25,2518577012049
"Huitotoan";"c1";0,997275713205735;64,0398550724638;64,8394241417497;64,8341464581241;26,5095961310654
"Huitotoan";"c1";0,97300851082104;73,7770345596433;63,6766334440753;63,7433027583695;31,0731088668802
"Huitotoan";"c1";0,773020682523926;61,3991081382386;63,0121816168328;63,0015342671391;32,4094573196294
"Huitotoan";"c1";0,941571758842193;79,3364197530864;64,4518272425249;64,5500753779082;23,5040867497228
"Huitotoan";"c1";0,759883265655046;74,3632910299577;62,7906976744186;62,8670844292406;28,3641517620652
"Huitotoan";"c1";0,987541439757388;75,2882919549586;63,6766334440753;63,7532780547082;26,0471712516787
"Huitotoan";"c1";0,966490132178983;77,1609195402299;64,2857142857143;64,3706991388794;27,9374962842998
"Huitotoan";"c1";0,975714240313706;73,7770345596433;63,7873754152824;63,8533137594696;29,7937281852101
"Huitotoan";"c1";0,875317269186366;76,9856954639563;63,3997785160576;63,4894545355157;27,3018223980217
"Huitotoan";"c1";0,988930468270839;80,9326355340848;66,2790697674419;66,3757929738223;21,0161395856419
"Huitotoan";"c1";0,968315642675484;62,7587991718426;63,953488372093;63,9456026347976;29,1319151054815
"Huitotoan";"c1";0,717137165600637;59,0512820512821;62,5138427464009;62,4909875602945;40,1070597805925
"Huitotoan";"c1";0,956182887467515;62,3478260869565;63,233665559247;63,2278184340173;33,4147434652413
"Huitotoan";"c1";0,828741930164745;72,207264957265;63,0675526024363;63,1278807367916;32,8304087330823
"Huitotoan";"c1";0,935819200357406;61,2470862470862;63,233665559247;63,2205528245132;31,6359379144844
"Huitotoan";"c1";0,99830364593721;74,7034632034632;63,8427464008859;63,9144343005729;30,3083719195601
"Huitotoan";"c1";0,955789639296465;74,9542124542125;63,0675526024363;63,1460124034381;31,108804291007
"Huitotoan";"c1";0,914529188360676;61,1952861952862;63,1782945736434;63,1652054094298;32,4286019229074
"Huitotoan";"c1";0,906183139995265;63,5198135198135;63,0675526024363;63,0705378230131;30,0781831442868
"Huitotoan";"c1";0,876521214050464;75,8750508750509;63,0121816168328;63,0970850442798;27,1848242124163
"Huitotoan";"c1";0,935528553927498;61,7283950617284;63,5105204872647;63,4987572831357;31,3648202800036
"Huitotoan";"c1";0,973328526784575;62,1794871794872;63,5105204872647;63,5017347888635;30,4229706682351
"Huitotoan";"c1";0,998330085113716;77,042735042735;65,0055370985604;65,0849905503371;25,5875011924481
"Huitotoan";"c1";0,93885211773158;74,9744518766258;63,953488372093;64,0262340057863;27,4831192357837
"Huitotoan";"c1";0,938563819722847;63,4722222222222;63,233665559247;63,2352401906857;29,0910866959782
"Huitotoan";"c1";0,929073627760877;74,1064491064491;63,344407530454;63,4154441085134;31,9108398263928
"Huitotoan";"c1";0,995063997799929;75,9820426487093;64,0642303433001;64,1428957710586;26,7588905289922
"Huitotoan";"c1";0,988836773758751;75,3454106280193;63,233665559247;63,313611071252;28,501305864079
"Huitotoan";"c1";0,983611288099999;78,75;65,0055370985604;65,0962596259626;25,3451070391541
"Huitotoan";"c1";0,828819018851965;73,7707039337474;62,1816168327796;62,2581124572084;36,0536033276642
"Huitotoan";"c1";0,87105981668473;75,1594084927418;62,8460686600221;62,9273448305351;31,519317098397
"Huitotoan";"c1";0,904003650661014;73,8914768806073;63,1229235880399;63,1940031477268;34,4519067652462
"Huitotoan";"c1";0,967238820328742;74,120082815735;62,6799557032115;62,7554680933932;33,2929191164844
"Huitotoan";"c1";0,980087459654203;72,0209339774557;62,2923588039867;62,3565738216334;33,6913135622371
"Huitotoan";"c1";0,536875492193159;71,9660493827161;62,7906976744186;62,8512610520311;34,4083133657572
"Huitotoan";"c1";0,98058067569092;63,5198135198135;63,4551495016611;63,4555763268635;29,0027001273638
"Huitotoan";"c1";0,916341933823035;72,3461538461539;62,9568106312292;63,018786494034;31,3911650227471
"Huitotoan";"c1";0,915432427285389;64,8888888888889;63,1229235880399;63,1345801246791;32,0125290312002
"Huitotoan";"c1";0,836171537205302;61,4166666666667;62,3477297895903;62,3415841584158;31,9093830829114
"Huitotoan";"c1";0,994084134662484;74,4505494505495;63,6212624584718;63,6927429006637;30,7721942045596
"Huitotoan";"c1";0,952694184079072;63,968253968254;64,1749723145072;64,1736078369742;26,0749036453463
"Huitotoan";"c1";0,980865977028261;76,8849206349206;64,562569213732;64,6439048666771;25,3892764668256
"Huitotoan";"c1";0,949122663126591;76,2766554433221;63,6212624584718;63,7047964055665;28,662769595867
"Huitotoan";"c1";0,964763821237732;73,6354515050167;63,3997785160576;63,4673407140045;30,5561328546432
"Huitotoan";"c1";0,990147542976674;59,8765432098765;61,5725359911406;61,5613413193171;33,5357070298049
"Huitotoan";"c1";0,926270291921585;62,6373626373626;63,5658914728682;63,5597625696636;28,7384537393305
"Huitotoan";"c1";0,976830831455704;73,1282877079979;63,3997785160576;63,4639930981826;30,6913869345087
"Huitotoan";"c1";0,892607398288674;59,4871794871795;62,8460686600221;62,8238977743928;34,51561821635
"Huitotoan";"c1";0,974631846197076;72,2649572649573;63,3997785160576;63,4582945474035;31,6939133780392
"Huitotoan";"c1";0,912870929175277;59,0811965811966;62,7906976744186;62,7662125186878;36,4226393907228
"Huitotoan";"c1";0,968253223765885;77,4814973465648;64,8394241417497;64,9228701695043;28,1999189122161
"Huitotoan";"c1";0,983983059066747;76,562205910032;64,6733111849391;64,75178573758;26,5970184555927
"Huitotoan";"c1";0,984639717150334;75,503663003663;63,6766334440753;63,7546996457888;29,0367067932708
"Huitotoan";"c1";0,865800098451933;75,6663860830528;62,7906976744186;62,8756857167198;30,5999216069691
"Huitotoan";"c1";0,724882435609075;62,5140291806959;62,6799557032115;62,6788604786405;34,1423822630833
"Huitotoan";"c1";0,973667640334794;62,8739316239316;63,5658914728682;63,5613240811261;30,5548454256126
"Huitotoan";"c1";0,998868137724437;65,018315018315;64,3964562569214;64,4005609352144;26,8529412768051
"Huitotoan";"c1";0,991189255566704;74,6934225195095;63,6212624584718;63,6943460232311;27,0633572731987
"Huitotoan";"c1";0,816496580927726;59,5384615384615;63,1229235880399;63,0992637725311;34,1989299344012
"Huitotoan";"c1";0,994780648717998;75,7301587301587;63,7873754152824;63,8662056681859;25,5418325595044
"Huitotoan";"c1";0,980087459654203;72,2115384615385;62,2369878183832;62,3028264364898;29,356192601895
"Huitotoan";"c1";0,960799668911873;76,829893134241;64,0642303433001;64,1484921439004;24,301035971799
"Huitotoan";"c1";0,95111270868146;73,8283166109253;63,6766334440753;63,7436412537575;30,5402184967191
"Huitotoan";"c1";0,999207449845773;64,4249512670565;64,8394241417497;64,8366883471973;28,7043506419737
"Huitotoan";"c1";0,968498082442952;62,6293995859213;64,0088593576966;63,9997540126683;28,6293400819023
"Huitotoan";"c1";0,262612865719444;57,9059829059829;62,3477297895903;62,3184113283123;37,0750389912333
"Huitotoan";"c1";0,991460133983667;72,5938312894835;63,1782945736434;63,2404433308437;33,3862044904398
"Huitotoan";"c1";0,977854911288626;76,1410690758517;63,7320044296788;63,8139124471453;27,8190915198263
"Huitotoan";"c1";0,958140275160817;72,3183760683761;63,233665559247;63,2936306451158;31,8466760029141
"Huitotoan";"c1";0,964763821237732;73,7513935340022;62,6799557032115;62,7530345007745;28,664778672012
"Huitotoan";"c1";0,856051650007706;61,4801864801865;62,4584717607973;62,4520144322125;35,8219859135664
"Huitotoan";"c1";0,978231976089037;63,5732323232323;63,3997785160576;63,4009234256759;32,2363134441253
"Huitotoan";"c1";0,957113479305742;77,4954212454212;64,562569213732;64,6479345736771;24,0187541006157
"Huitotoan";"c1";0,924917300825728;61,7283950617284;61,9601328903655;61,9586032677342;32,5029235369078
"Huitotoan";"c1";0,951036586170739;74,7508417508417;63,4551495016611;63,5297085264082;31,1742135589005
"Huitotoan";"c1";0,948199646070035;59,7826086956522;63,1782945736434;63,1558808054719;31,8533440975853
"Huitotoan";"c1";0,961877892483131;76,6939582156974;64,5071982281285;64,5876388881124;26,4246099519135
"Huitotoan";"c1";0,937275735531654;75,4585537918871;61,7386489479513;61,8292093759641;27,7206075912033
"Huitotoan";"c1";0,969827757796403;77,6234567901235;64,7840531561462;64,8688016949843;26,0070396750373
"Huitotoan";"c1";0,993883734673619;60,7580824972129;63,5658914728682;63,5473580802896;31,7404483557846
"Huitotoan";"c1";0,897257484736019;63,5802469135802;63,2890365448505;63,2909587255022;33,487572579368
"Huitotoan";"c1";0,997815796445598;63,7949543746645;64,2857142857143;64,2824749463674;28,1358679473798
"Huitotoan";"c1";0,936460086926912;61,3636363636364;62,624584717608;62,6162616261626;34,4094396330713
"Huitotoan";"c1";0,955414408257075;61,4722222222222;63,6766334440753;63,6620828749542;30,9861363016551
"Huitotoan";"c1";0,790166371725029;62,4228395061728;62,4584717607973;62,4582365643972;30,7013335769143
"Huitotoan";"c1";0,933059705527291;75,7295173961841;64,0088593576966;64,0862234371585;28,1882019347749
"Huitotoan";"c1";0,949385766342288;71,7067901234568;62,5138427464009;62,5745222670415;32,4673038671076
"Huitotoan";"c1";0,856367606427565;75,0808080808081;62,8460686600221;62,9268260159349;31,2006279267596
"Huitotoan";"c1";0,846641699907157;61,8055555555556;62,7353266888151;62,7291895856252;33,0334734296716
"Huitotoan";"c1";0,672592709134549;72,5463479086667;62,4031007751938;62,4700529014873;33,4847039813263
"Huitotoan";"c1";0,452910813657838;58,8461538461538;62,8460686600221;62,8196665820428;36,2929652068783
"Huitotoan";"c1";0,934946990008457;62,3456790123457;63,0675526024363;63,0627877602575;30,700414294908
"Huitotoan";"c1";0,983078304622849;62,7865961199294;64,0642303433001;64,0557971141029;31,4112042983207
"Huitotoan";"c1";0,738271660735426;60,8461538461538;62,2923588039867;62,2828128966743;37,053214556175
"Huitotoan";"c1";0,996938133153583;78,1818181818182;65,5592469545958;65,6425642564256;23,8913034994463
"Huitotoan";"c1";0,836333397582907;59,0811965811966;62,4031007751938;62,3811740148374;37,7592982084953
"Huitotoan";"c1";0,599886610600896;74,5169082125604;62,015503875969;62,0980213963425;32,8846385712649
"Huitotoan";"c1";0,84133414126309;61,4850427350427;62,9014396456257;62,8920904911004;28,8245951029055
"Huitotoan";"c1";0,544331053951817;59,241452991453;62,1262458471761;62,1072043101746;36,1364167029887
"Huitotoan";"c1";0,989949493661166;59,8290598290598;62,9568106312292;62,9361654114129;34,3527870529395
"Huitotoan";"c1";0,967807617096707;77,607624759049;64,1196013289037;64,2086311865284;22,6910612852733
"Huitotoan";"c1";0,949029001130071;63,9023081052067;63,7320044296788;63,733128546349;28,7940113800515
"Huitotoan";"c1";0,860828462021116;60,7948717948718;62,6799557032115;62,6675129051367;34,8535787520209
"Huitotoan";"c1";0,941513083524009;62,3543123543124;63,5658914728682;63,5578942509636;30,6632606493217
"Huitotoan";"c1";0,990600990601486;77,3219373219373;64,7286821705426;64,8118059669215;24,9629657444223
"Huitotoan";"c1";0,927172649945531;36;63,1782945736434;62,998899889989;34,2302438996371
"Huitotoan";"c1";0,967820643703639;76,4034576534577;64,2857142857143;64,3656993904519;26,8396915196142
"Huitotoan";"c1";0,978677791194887;75,2596618357488;64,562569213732;64,6331770858245;28,3948584410553
"Huitotoan";"c1";0,801783725737273;72,724926710434;62,624584717608;62,691253641653;34,3774603440046
"Huitotoan";"c1";0,988726864885969;75,5935422602089;63,8981173864895;63,9753149104084;28,4301786788853
"Huitotoan";"c1";0,978061232022262;74,4095544820183;63,7873754152824;63,8574888084622;30,6249196774509
"Huitotoan";"c1";0,990867388613725;78,7082784365393;65,78073089701;65,8660612438055;21,8497059077321
"Huitotoan";"c1";0,933333333333333;73,5662909286098;63,2890365448505;63,3568732074496;29,4536364734841
"Huitotoan";"c1";0,956948752938691;74,3625872249061;63,2890365448505;63,3621292886132;30,9118950235131
"Huitotoan";"c1";0,872502871778231;59,4615384615385;62,9014396456257;62,8787340272489;36,3619434939011
"Huitotoan";"c1";0,99014642061428;67,2619047619048;65,0609080841639;65,0754361150401;22,4389114030365
"Huitotoan";"c1";0,939336436627724;73,3515834675255;62,9014396456257;62,9704174926349;32,7353883385092
"Huitotoan";"c1";0,983164216140372;77,0689991704484;64,6733111849391;64,7551309076157;26,9965917695251
"Huitotoan";"c1";0,839114246669787;73,7513935340022;62,7906976744186;62,8630455018746;31,8194499819375
"Huitotoan";"c1";0,850271279814295;62,6293995859213;63,2890365448505;63,2846825055176;31,8180034056312
"Huitotoan";"c1";0,984732637475416;77,9330572808834;65,0055370985604;65,0908672647803;26,1234689724568
"Huitotoan";"c1";0,953462589245592;71,9938271604938;62,8460686600221;62,9064499042497;33,9328447076283
"Huitotoan";"c1";0,632455532033676;62,5534188034188;62,4584717607973;62,45909847395;31,4900392729057
"Huitotoan";"c1";0,39605901719067;61,3247863247863;62,0708748615725;62,0659501847621;33,0315353976737
"Huitotoan";"c1";0,98226243163608;64,4151138716356;63,233665559247;63,2414638979426;28,5300447360396
"Huitotoan";"c1";0,96668072275742;62,7619047619048;63,8981173864895;63,8906176331919;31,6539003655379
"Huitotoan";"c1";0,995226703056238;74,5411255411255;64,0088593576966;64,0783792664981;29,8349810238242
"Huitotoan";"c1";0,994376712684369;73,1862587224906;63,344407530454;63,4093702445929;31,5888104230218
"Huitotoan";"c1";0,899438026795034;60,8405797101449;63,233665559247;63,2178696130483;34,9576590597051
"Huitotoan";"c1";0,977139836403677;61,9929453262787;62,9014396456257;62,8954429834518;32,9917978754931
"Huitotoan";"c1";0,392232270276367;58,6004273504274;62,4031007751938;62,3780006205749;36,327330262026
"Huitotoan";"c1";0,988649420387557;65,3086419753086;64,2857142857143;64,2924662836654;26,4033480081533
"Huitotoan";"c1";0,970228746533923;78,0795019157088;64,2857142857143;64,3767623888826;27,4753299220236
"Huitotoan";"c1";0,957020297834529;61,4801864801865;63,7873754152824;63,7721464454138;30,7760371931701
"Huitotoan";"c1";0,374634324632678;60,6303418803419;62,624584717608;62,6114213985501;36,8166669199696
"Huitotoan";"c1";0,707106781186547;71,9938271604938;62,4584717607973;62,5214114003993;34,44287985076
"Huitotoan";"c1";0,915913179348621;74,08988957902;63,0675526024363;63,1403073019517;30,0459877723982
"Huitotoan";"c1";0,988369365768584;61,4722222222222;63,1782945736434;63,1670333700037;29,0831868225049
"Huitotoan";"c1";0,830812984794528;74,9814195466369;63,1782945736434;63,2562029893067;28,396834090458
"Huitotoan";"c1";0,986994074638134;74,521645021645;63,8427464008859;63,9132341805609;30,8786966942167
"Huitotoan";"c1";0,990549974004629;77,7619047619048;65,1162790697674;65,1997485462832;24,7849751942149
"Huitotoan";"c1";0,90913729009699;59,6410256410256;60,9634551495017;60,9547262418549;41,3121171473396
"Huitotoan";"c1";0,324442842261526;59,1025641025641;61,2956810631229;61,2812050435813;40,8283945428009
"Huitotoan";"c1";0,985663998017612;61,4444444444444;63,5105204872647;63,4968830216355;29,6764134089736
"Huitotoan";"c1";0,966091783079296;59,1346153846154;63,233665559247;63,2066091224507;34,7661356795317
"Huitotoan";"c1";0,955789639296465;74,7840022296544;63,233665559247;63,3099054052562;25,7735258050084
"Huitotoan";"c1";0,971665620577517;49,2753623188406;63,5658914728682;63,4715645477591;31,9314713340244
"Huitotoan";"c1";0,835097310582567;74,2229992229992;63,2890365448505;63,3612079156634;32,0367468924415
"Huitotoan";"c1";0,995241562397994;79,0784095131921;66,1683277962348;66,2535428570728;21,7573737037568
"Huitotoan";"c1";0,996333704671196;75,6689836899732;64,4518272425249;64,5258678791417;29,205812300095
"Huitotoan";"c1";0,980141544724363;83,4971403187295;67,0542635658915;67,1627974058442;21,1206583422285
"Huitotoan";"c1";0,961583311131399;62,2685185185185;63,0121816168328;63,0072729495172;33,1634308526065
"Huitotoan";"c1";0,335578027607012;58,2307692307692;61,6832779623477;61,6604891258357;33,554332784112
"Huitotoan";"c1";0,956933928415437;76,118758802417;64,2857142857143;64,363820190115;27,8078439912745
"Huitotoan";"c1";0,946729262406258;37,3333333333333;63,4551495016611;63,2827282728273;33,1786088509087
"Huitotoan";"c1";0,82884972698234;59,1880341880342;63,0121816168328;62,986939719613;35,9039509601834
"Huitotoan";"c1";0,995135723377554;76,4986824769433;64,7286821705426;64,806371941542;26,5040461308559
"Huitotoan";"c1";0,998767713641569;71,9971922870474;62,624584717608;62,6864501141059;33,3335548846397
"Huitotoan";"c1";0,633503512092997;62,8985507246377;61,6832779623477;61,6912995647391;36,0375591766847
"Huitotoan";"c1";0,985527456652574;59,5128205128205;62,6799557032115;62,6590505204367;34,7277067093035
"Huitotoan";"c1";0,971285862357264;60,6744704570792;63,344407530454;63,3267841834351;32,1417271809324
"Huitotoan";"c1";0,990275295708382;75,0610500610501;64,0642303433001;64,1368166120641;28,9902918314611
"Huitotoan";"c1";0,998781793670969;82,1296296296296;66,6666666666667;66,7687324287984;21,1717632524264
"Huitotoan";"c1";0,952786134680662;73,9633655394525;62,5138427464009;62,5894171542758;29,2877587745017
"Huitotoan";"c1";0,989967419897166;76,5200077700078;64,6179401993355;64,6965017014522;25,0905782876747
"Huitotoan";"c1";0,707106781186548;59,8824786324786;62,8460686600221;62,8265070096753;33,8842040560532
"Huitotoan";"c1";0,956689206214921;60,7905982905983;63,7320044296788;63,7125892076387;30,9644025386742
"Huitotoan";"c1";0,888974556426603;73,8283166109253;63,4551495016611;63,5236192515573;31,367666963295
"Huitotoan";"c1";0,985900603509299;62,004662004662;62,9568106312292;62,9505258218129;31,4994678302872
"Huitotoan";"c1";0,985790102889322;78,1314699792961;65,3377630121816;65,4222099228556;24,3995024549591
"Huitotoan";"c1";0,973047841354676;77,4749694749695;64,1196013289037;64,2077555740922;25,5237185371378
"Huitotoan";"c1";0,925820099772552;72,207264957265;63,344407530454;63,4029082395419;32,6922491587277
"Huitotoan";"c1";0,969697432989274;72,2094017094017;63,3997785160576;63,4579278440665;32,8992761900463
"Huitotoan";"c1";0,995860377632272;74,2720075147611;64,0642303433001;64,1316084104385;29,1101954176518
"Huitotoan";"c1";0,908688222502243;72,3418803418803;62,9014396456257;62,963752785535;33,5481650414352
"Huitotoan";"c1";0,990375136944277;52,2727272727273;64,4518272425249;64,3714371437144;27,2445641512939
"Huitotoan";"c1";0,929151325167927;75,8730158730159;62,9014396456257;62,987060610823;31,1878653895695
"Huitotoan";"c1";0,988649420387557;64,5454545454545;64,1749723145072;64,1774177417742;24,9881793342222
"Huitotoan";"c1";0,707106781186548;58,4358974358974;63,0675526024363;63,036980621139;36,9668921312799
"Huitotoan";"c1";0,75221720334165;62,5140291806959;62,7906976744186;62,7888714797406;33,3029739581505
"Huitotoan";"c1";0,964773190469231;76;64,2303433001107;64,3080308030803;27,5341243337442
"Huitotoan";"c1";0,992214350891634;77,6885366840389;64,8947951273533;64,9792422663413;27,0354052221447
"Huitotoan";"c1";0,997054485501581;71,9166666666667;62,9568106312292;63,0159515951595;33,1503187843818
"Huitotoan";"c1";0,947758204414548;73,3515834675255;63,5105204872647;63,5754779986855;32,1943298107477
"Huitotoan";"c1";0,99861782933251;66,6666666666667;65,2270210409745;65,2365236523652;24,7892395923677
"Huitotoan";"c1";0,994750909959143;79,2948717948718;65,6146179401993;65,7049166455107;21,8728006665405
"Huitotoan";"c1";0,996825303403527;78,6580086580087;65,3931339977852;65,4806909262355;26,7414553147855
"Huitotoan";"c1";0,97439119569462;75,2898550724638;63,6212624584718;63,6982828717654;29,8074716466639
"Huitotoan";"c1";0,964792501583807;73,7707039337474;63,6212624584718;63,6882554715099;31,1373440164278
"Huitotoan";"c1";0,989426299071587;79,4552723638181;65,1162790697674;65,2109258901902;25,5940276585134
"Huitotoan";"c1";0,995307341538206;77,06964969896;64,2303433001107;64,3150911971328;29,8894494147193
"Huitotoan";"c1";0,997205634064939;78,0895915678524;65,7253599114064;65,806972001548;22,9884447570625
"Huitotoan";"c1";0,946151472170624;74,7538089929394;63,6212624584718;63,6947446138148;29,7594986265402
"Huitotoan";"c1";0,963086824686154;47,9166666666667;63,4551495016611;63,3525852585258;33,8131466133666
"Huitotoan";"c1";0,938945470537173;75,9960718294052;63,953488372093;64,0329773718113;29,6425991804334
"Huitotoan";"c1";0,957841488692319;34,7826086956522;62,5692137320044;62,3858037977711;38,0862220130797
"Huitotoan";"c1";0,976673378848031;76,1825396825397;64,1749723145072;64,2542301849233;29,0183377952435
"Huitotoan";"c1";0,88820381064539;60,75;63,0675526024363;63,0522552255226;31,2900655243051
"Huitotoan";"c1";0,919145030018058;60,4700854700855;63,1229235880399;63,1054131054131;33,3900429733998
"Huitotoan";"c1";0,823329307421632;72,2371794871795;62,4031007751938;62,468012185834;35,0905716574094
"Huitotoan";"c1";0,942809041582063;61,7283950617284;63,233665559247;63,2237297803854;30,4033794663593
"Huitotoan";"c1";0,970147854590663;74,7700668896321;64,1749723145072;64,2449069321648;27,9417332204219
"Huitotoan";"c1";0,914659120760047;59,0811965811966;62,2923588039867;62,2711630137373;37,705401300325
"Huitotoan";"c1";0,997070416240244;61,8125701459035;63,2890365448505;63,2792908920522;31,2027399015889
"Huitotoan";"c1";0,758175396575745;59,7222222222222;62,4031007751938;62,3854052071874;37,9216506940325
"Huitotoan";"c1";0,993480071526296;73,8310904071774;63,7320044296788;63,7986650631937;29,3794531053666
"Huitotoan";"c1";0,985900603509299;62,767094017094;63,5658914728682;63,5606188824011;30,6410287885545
"Huitotoan";"c1";0,985736425510407;79,8225887056472;65,2823920265781;65,3783669221495;25,8564624875727
"Huitotoan";"c1";0,776205864234491;60,1111111111111;61,0741971207088;61,0678401173451;34,2224321185544
"Huitotoan";"c1";0,91468382491867;73,835005574136;63,1782945736434;63,2486359003793;31,3680589105636
"Huitotoan";"c1";0,948683298050514;59,0811965811966;63,1782945736434;63,1512510225382;35,2914625830063
"Huitotoan";"c1";0,99262488862344;75,4171754171754;64,1196013289037;64,1941727750309;25,9633825406814
"Huitotoan";"c1";0,977799867041505;73,8008971704624;63,6212624584718;63,6884547668017;31,8844031818716
"Huitotoan";"c1";0,949562930411995;75,9225342558676;63,4551495016611;63,5374424703358;30,8617027998963
"Huitotoan";"c1";0,953206247638797;61,0042735042735;62,015503875969;62,008829088037;40,2900374022224
"Huitotoan";"c1";0,978995293334116;78,5376903797956;65,0609080841639;65,1498637428809;26,0613492943517
"Huitotoan";"c1";0;60,4102564102564;62,4031007751938;62,3899466869764;36,8030614114911
"Huitotoan";"c1";0,977048631163125;73,9661572994906;63,6212624584718;63,6895455927359;30,6835916777022
"Huitotoan";"c1";0,870062840141098;65,3439153439153;62,7353266888151;62,7525450957794;35,699294590701
"Huitotoan";"c1";0,993014651690491;76,9373219373219;64,6179401993355;64,6992562504114;26,1433573145687
"Huitotoan";"c1";0,707106781186547;72,0432098765432;62,1816168327796;62,2467098561708;35,0955209123907
"Huitotoan";"c1";0,964763821237732;73,9424156090823;63,7320044296788;63,7993998830082;28,3356992027564
"Huitotoan";"c1";0,992745527926518;78,5863561725631;65,171650055371;65,2601959703359;25,1701782049792
"Huitotoan";"c1";0,986994074638134;74,4502164502165;63,7320044296788;63,8027517037418;31,3816215375991
"Huitotoan";"c1";0,997836899911276;73,9424156090823;63,3997785160576;63,4693668797079;32,2490742441763
"Huitotoan";"c1";0,942829179974333;74,9976774433296;63,7873754152824;63,8613708082068;28,532727040266
"Huitotoan";"c1";0,855186110494137;48,6111111111111;62,7906976744186;62,6971030436377;33,0085915517499
"Huitotoan";"c1";0,98044433920749;62,0341614906832;63,6212624584718;63,610786544493;29,4846268050538
"Huitotoan";"c1";0,998957921083953;81,190855927698;66,1129568106312;66,2124808972125;19,9928860618926
"Huitotoan";"c1";0,904958804210327;76,5659340659341;63,0121816168328;63,1016453293681;30,6976356336154
"Huitotoan";"c1";0,988664504191258;65,7694962042788;64,6179401993355;64,6255412290711;29,0546583902581
"Huitotoan";"c1";0,942809041582063;62,8787878787879;63,3997785160576;63,3963396339634;33,2344843454336
"Huitotoan";"c1";0,999108513517015;75,3478260869565;64,3964562569214;64,4687425264266;28,3654720903178
"Huitotoan";"c1";0,486664263392288;59,8290598290598;61,40642303433;61,3960113960114;39,329480057612
"Huitotoan";"c1";0,95065415136527;62,7246376811594;63,4551495016611;63,4503276414598;27,6681591112436
"Huitotoan";"c1";0,792118034381339;62,6666666666667;63,0121816168328;63,009900990099;31,7558031643958
"Huitotoan";"c1";0,624695047554424;46;61,9601328903655;61,8547854785479;39,8785531399188
"Huitotoan";"c1";0,779584464945587;71,7962962962963;61,9601328903655;62,0250580613617;30,5731479601226
"Huitotoan";"c1";0,972091440396005;77,7950310559006;64,6733111849391;64,7599231972887;24,96962355995
"Huitotoan";"c1";0,878462061858963;72,1520293984062;62,6799557032115;62,7424776417937;34,6831938424139
"Huitotoan";"c1";0,979389383476624;74,9084249084249;63,7320044296788;63,8057761820138;33,0421294785054
"Huitotoan";"c1";0,986357880249097;75,1841491841492;63,6212624584718;63,6975851431297;27,5243376645364
"Huitotoan";"c1";0,86108269906795;75,1678876678877;61,2956810631229;61,3872467832864;29,9715379498868
"Huitotoan";"c1";0,942809041582064;57,7435897435897;62,1816168327796;62,1523229246002;35,669049778518
"Huitotoan";"c1";0,89566858950296;71,8395061728395;62,7906976744186;62,8504257833191;37,1080489126228
"Huitotoan";"c1";0,996636837181412;74,5196408529742;63,0121816168328;63,088138443474;26,7251685174296
"Huitotoan";"c1";0,956182887467515;72,2884615384615;63,344407530454;63,4034441905729;31,4654231797511
"Huitotoan";"c1";0,196116135138184;59,0769230769231;62,6799557032115;62,6561733096387;36,7499028175314
"Huitotoan";"c1";0,970775828119322;62,2685185185185;63,344407530454;63,3373059528175;30,7708906374716
"Huitotoan";"c1";0;60,4358974358974;61,4617940199336;61,4550224253195;40,7045463208647
"Huitotoan";"c1";0,886788902627412;72,2717700978571;62,624584717608;62,6882625088967;32,0456075124664
"Huitotoan";"c1";0,901573194254871;74,709315375982;62,5138427464009;62,594340915573;27,2765766669423
"Huitotoan";"c1";0,98058067569092;73,7770345596433;63,5105204872647;63,5782862567193;31,2376874133997
"Huitotoan";"c1";0,988303691203524;76,4568764568765;64,5071982281285;64,5860739920146;27,1328681751337
"Huitotoan";"c1";0,935819200357406;71,8672839506173;63,2890365448505;63,3456586399381;32,3843819398521
"Huitotoan";"c1";0,964763821237732;59,6153846153846;61,40642303433;61,3946009985614;39,6008661037621
"Huitotoan";"c1";0,957206171533769;62,9426129426129;64,0088593576966;64,001821427564;28,0186411355062
"Huitotoan";"c1";0,962140470884728;74,2878787878788;63,7873754152824;63,8566856685669;31,6117904879025
"Huitotoan";"c1";0,997037458716419;75,2237762237762;64,3410852713178;64,4129182148984;29,2126010664835
"Huitotoan";"c1";0,903507902905251;72,5102192493497;62,9014396456257;62,9648639334391;32,7314820880509
"Huitotoan";"c1";0,74535599249993;48;62,5138427464009;62,4180418041804;37,5987373991319
"Huitotoan";"c1";0,823221862919695;74,3793612453033;62,6799557032115;62,7571795021692;28,159116201298
"Huitotoan";"c1";0,849577646962196;71,7006172839506;62,2923588039867;62,3544595200261;32,9325458140895
"Huitotoan";"c1";0,826810630803112;37,3333333333333;62,7353266888151;62,5676567656766;32,7923332733589
"Huitotoan";"c1";0,994877648906218;61,0549943883277;63,0121816168328;62,9992628892519;33,0043556685153
"Huitotoan";"c1";0,981847761146717;77,3351648351648;64,562569213732;64,6468767755896;27,3016834826667
"Huitotoan";"c1";0,996186726864165;64,975845410628;64,6733111849391;64,6753081105212;27,9415522211659
"Huitotoan";"c1";0,981265558383595;75,9177229567035;64,3410852713178;64,4174987213864;27,5360104851934
"Huitotoan";"c1";0,982336207047268;80,3521767381417;66,0022148394241;66,0969340598777;21,4422322609829
"Huitotoan";"c1";0,965034982271007;74,392780461621;63,5105204872647;63,5823505861053;31,1745960047818
"Huitotoan";"c1";0,973328526784575;74,9140654031958;63,953488372093;64,0258354152026;27,7073842779698
"Huitotoan";"c1";0,931380630847599;62,3456790123457;63,344407530454;63,3378152630078;32,468467219821
"Huitotoan";"c1";0,956199955507432;73,860646599777;63,3997785160576;63,4688271502736;28,0843902204595
"Huitotoan";"c1";0,822108307320585;71,8611111111111;63,0121816168328;63,0705903923726;34,5107520637986
"Huitotoan";"c1";0,985211754819675;73,194847020934;63,5105204872647;63,5744434346816;29,5398670581597
"Huitotoan";"c1";0,962250448649377;48;62,9014396456257;62,8030803080308;36,0459678497711
"Huitotoan";"c1";0,565685424949239;58,4358974358974;62,624584717608;62,5969366167386;37,94836305939
"Huitotoan";"c1";0,956182887467515;72,4028655188075;63,1229235880399;63,1841773301571;32,9328924384173
"Huitotoan";"c1";0,95430951814015;78,5555555555556;65,1162790697674;65,2049871653832;23,247049363989
"Huitotoan";"c1";0,993505184389587;76,9982363315697;64,3964562569214;64,4796363234207;26,6565692496327
"Huitotoan";"c1";0,985513181094073;75,1526251526251;64,0088593576966;64,0824155675641;29,4685492035756
"Huitotoan";"c1";0,90667900718326;73,9698996655518;63,2890365448505;63,3595372915218;27,6740746423009
"Huitotoan";"c1";0,923869770874312;74,2489177489177;63,0675526024363;63,1413569928421;31,9485923160974
"Huitotoan";"c1";0,878462061858963;72,23564143854;62,5138427464009;62,5780130347978;37,4443230547804
"Huitotoan";"c1";0,868092966019881;74,0812629399586;63,0121816168328;63,0852448598897;30,0726599878067
"Huitotoan";"c1";0,864747136809061;58,2799145299145;61,7386489479513;61,7158190177992;34,0953525384062
"Huitotoan";"c1";0,835066800767065;72,3717948717949;63,1782945736434;63,2389777439282;31,6033495151897
"Huitotoan";"c1";0,971706706505124;66,6666666666667;64,7840531561462;64,7964796479648;27,5663267206638
"Huitotoan";"c1";0,982711962778705;61,4758698092031;63,1229235880399;63,1120519459353;31,7057516971522
"Huitotoan";"c1";0,91777887276794;72,2884615384615;63,233665559247;63,2934331894728;32,6272737197938
"Huitotoan";"c1";0,956948752938691;74,3491680085883;63,6766334440753;63,7470792167784;31,083866348944
"Huitotoan";"c1";0,908688222502243;72,3418803418803;63,344407530454;63,4037967899354;32,752460846758
"Huitotoan";"c1";0,942809041582063;60,3478260869565;63,3997785160576;63,3796336155355;31,8752098775116
"Huitotoan";"c1";0,77151674981046;59,0512820512821;62,9014396456257;62,8760260641449;39,4952572973776
"Huitotoan";"c1";0,982439598071704;76,9157509157509;64,6733111849391;64,7541193679808;25,5467048554257
"Huitotoan";"c1";0,890870806374748;72,724926710434;62,7353266888151;62,8012646427531;34,1430435075399
"Huitotoan";"c1";0,581238193719096;58,3846153846154;61,9047619047619;61,8815266141999;36,2781206217435
"Huitotoan";"c1";0,56591645841811;38,4057971014493;62,3477297895903;62,1896972305926;37,8222747997727
"Huitotoan";"c1";0,880830329272055;71,8395061728395;63,233665559247;63,2904697877195;34,096060539549
"Huitotoan";"c1";0,918156170097534;66,2424242424242;64,0088593576966;64,023602360236;27,0344817771962
"Huitotoan";"c1";0,983168937878713;75,5849348053246;63,2890365448505;63,3701975894741;28,122423681801
"Huitotoan";"c1";0,998073261209709;75,7407407407407;64,3964562569214;64,4713360224911;29,0888246781187
"Huitotoan";"c1";0,97182531580755;60,340022296544;62,7353266888151;62,7195160987671;31,5954842659843
"Huitotoan";"c1";0,961028835975499;74,0827074160407;63,7320044296788;63,800325901536;29,5585302342435
"Huitotoan";"c1";0,989429263924597;75,2494172494172;64,0088593576966;64,0830544592921;26,1866127993937
"Huitotoan";"c1";0,935775440838065;78,8950617283951;64,3410852713178;64,4371511225197;26,0002761720722
"Huitotoan";"c1";0,929681500465451;73,8914768806073;62,7906976744186;62,8639701444265;33,9780826042382
"Huitotoan";"c1";0,96606724274061;63,9492753623188;63,5105204872647;63,5134165590472;26,7323251600751
"Huitotoan";"c1";0,952566297081505;73,1454643048846;63,1782945736434;63,2440844728595;29,9294110065398
"Huitotoan";"c1";0,936585811581694;59,8290598290598;63,233665559247;63,2111929141632;35,7249262973964
"Huitotoan";"c1";0,971285862357264;60,4166666666667;62,7906976744186;62,7750275027503;34,1188346095331
"Huitotoan";"c1";0,973403211498039;77,2435897435898;64,6179401993355;64,7012778200897;25,9854054008008
"Huitotoan";"c1";0,885614885540095;62,1794871794872;63,3997785160576;63,3917237877634;30,412958718355
"Huitotoan";"c1";0,934028924988609;76,4471639471639;64,1749723145072;64,2559768797393;26,7660201431166
"Huitotoan";"c1";0,980809654132621;76,194885361552;64,4518272425249;64,529339177304;27,7837995418116
"Huitotoan";"c1";0,964763821237732;73,6354515050167;63,1229235880399;63,1923132112542;30,2337001298856
"Huitotoan";"c1";0,823386969592618;71,8950617283951;63,0121816168328;63,0708144888563;31,3967333503098
"Huitotoan";"c1";0,408248290463863;59,5641025641026;62,5138427464009;62,4943725141745;35,8914696664495
"Huitotoan";"c1";0,979036827630751;75,8417508417508;64,1749723145072;64,2519807536309;28,6039259029439
"Huitotoan";"c1";0,962913840971299;61,1111111111111;62,9568106312292;62,9446277961129;32,431316099142
"Huitotoan";"c1";0,99076023306149;83,4104938271605;66,8327796234773;66,9422034796072;19,4913190414245
"Huitotoan";"c1";0,801783725737273;72,3696581196581;62,9014396456257;62,9639361372035;31,2468255462876
"Huitotoan";"c1";1;46,6666666666667;63,0121816168328;62,9042904290429;36,6917838045793
"Huitotoan";"c1";0,966091783079296;75,3787878787879;63,5105204872647;63,5888588858886;32,9573767289048
"Huitotoan";"c1";0,988404300511017;77,1440781440781;64,3964562569214;64,4805989756485;27,6303355377018
"Huitotoan";"c1";0,965518028800405;76,3809523809524;64,2857142857143;64,3655508407984;27,1344512920463
"Huitotoan";"c1";0,972317276094099;74,830453363062;63,953488372093;64,0252835205483;28,3970503256168
"Huitotoan";"c1";0,996652684575213;79,8391812865497;65,5592469545958;65,6535039468859;22,8131169880801
"Huitotoan";"c1";0,852802865422442;58,4102564102564;63,0121816168328;62,981805872895;35,4350368095115
"Huitotoan";"c1";0,973403211498039;76,277195027195;64,6733111849391;64,7499044776273;26,5546639369243
"Huitotoan";"c1";0,959166304662544;73,1282877079979;63,3997785160576;63,4639930981826;31,9714298983737
"Huitotoan";"c1";0,828741930164744;72,2649572649573;62,5138427464009;62,5782065386026;32,9884587064823
"Huitotoan";"c1";0,987253652649498;78,1666666666667;65,0609080841639;65,1474147414742;25,8731472314177
"Huitotoan";"c1";0,818587484686561;61,5652173913044;62,5138427464009;62,5075811929019;35,9005992400194
"Huitotoan";"c1";0,978166975127067;72,3183760683761;63,4551495016611;63,513652647316;32,1415774319996
"Huitotoan";"c1";0,960634577738231;59,0628507295174;62,9014396456257;62,8761024250573;34,6669134820932
"Huitotoan";"c1";0,365148371670111;72;62,0708748615725;62,1364136413641;35,6713296464996
"Huitotoan";"c1";0,910346011032787;76,564558629776;63,7320044296788;63,8167077577323;27,9588451821445
"Huitotoan";"c1";0,967286702253492;75,3403263403263;64,2303433001107;64,3036765214983;29,1037949703493
"Huitotoan";"c1";0,996250576857803;80,0778886872353;66,0575858250277;66,1501290782436;22,4389671665013
"Huitotoan";"c1";0,894427190999916;73,2850241545894;63,344407530454;63,4100221616365;32,0413411208437
"Huitotoan";"c1";0,964747279073671;76,6455026455026;63,2890365448505;63,377198037264;22,2412556420114
"Huitotoan";"c1";0,951860557856733;75,023569023569;63,8427464008859;63,9165472102766;27,9588668602447
"Huitotoan";"c1";0,992359570702275;72,2717700978571;63,344407530454;63,4033340160475;35,143370280943
"Huitotoan";"c1";0,70956629046023;72,4273504273504;62,9014396456257;62,964316944515;31,7943199783638
"Huitotoan";"c1";0,956689206214921;59,0277777777778;62,3477297895903;62,3258159149248;36,7644787608253
"Huitotoan";"c1";0,986994074638134;74,521645021645;64,0088593576966;64,0782506822111;29,8069839667632
"Huitotoan";"c1";0,959754334331593;62,6102292768959;62,9014396456257;62,899517464974;29,7029826247849
"Huitotoan";"c1";0,792593923901216;60,5235042735043;63,0675526024363;63,0507602042256;35,678363444003
"Huitotoan";"c1";0,927119497043263;74,989898989899;63,4551495016611;63,5312864619795;30,1674124539778
"Huitotoan";"c1";0,977909698511426;74,6105499438833;63,5658914728682;63,6387935089805;30,5532775427401
"Huitotoan";"c1";0,878410461157883;71,8179012345679;62,7906976744186;62,8502831764658;31,5373813430601
"Huitotoan";"c1";0,857215150219116;74,0208764665286;63,1782945736434;63,2498627709562;33,4693329712386
"Huitotoan";"c1";0,985999791909336;75,7461674128341;63,953488372093;64,0313278377085;25,4494806346889
"Huitotoan";"c1";0,94968845910121;73,7707039337474;62,8460686600221;62,9181784638091;30,6446236412392
"Huitotoan";"c1";0,992543455276641;61,9722222222222;64,0642303433001;64,0504217088375;29,3531374065646
"Huitotoan";"c1";0,931229799830399;76,0008818342152;63,6766334440753;63,7579816182676;33,2403650053855
"Huitotoan";"c1";0,994936676326182;64,7946859903382;64,8947951273533;64,8941343409703;26,3725379128481
"Huitotoan";"c1";0,958982843351039;60,9147025813692;63,0675526024363;63,0533423712742;33,523523240769
"Huitotoan";"c1";0,909717652294683;59,1880341880342;62,8460686600221;62,8219232179628;35,9659891812954
"Huitotoan";"c1";0,94567288733007;78,0411877394636;64,6179401993355;64,7065424933298;27,1860910688104
"Huitotoan";"c1";0,84369583387529;72,5102192493497;63,2890365448505;63,3499024372894;34,1117637389158
"Huitotoan";"c1";0,793044677573198;72,3418803418803;63,1229235880399;63,1837747877352;31,7962047424102
"Huitotoan";"c1";0,974176374094105;74,3787878787879;63,7320044296788;63,8022802280228;28,0651366189289
"Huitotoan";"c1";0,997078410299657;65,3381642512077;65,78073089701;65,7778096650245;23,438373178959
"Huitotoan";"c1";0,95856808191522;76,9373219373219;64,562569213732;64,6442507498613;28,2277488692254
"Huitotoan";"c1";0,963375338165765;76,6899766899767;64,0088593576966;64,0925631024641;24,1613790487387
"Huitotoan";"c1";0,936585811581694;58,8461538461538;63,0675526024363;63,039688584243;35,2427743750085
"Huitotoan";"c1";0,91546586346442;78,547619047619;64,0088593576966;64,1048247681911;27,7184390514507
"Huitotoan";"c1";0,982471864864824;76,959706959707;64,5071982281285;64,5893930052346;28,803787746371
"Huitotoan";"c1";0,994934638095814;68,9393939393939;65,9468438538206;65,966596659666;24,954116187372
"Huitotoan";"c1";0,940720868383597;60,8405797101449;63,7320044296788;63,7129191179988;29,9801314847827
"Huitotoan";"c1";0,96039207679805;76,194885361552;64,0088593576966;64,0892951729035;30,5897262218337
"Huitotoan";"c1";0,991537224422629;72,2371794871795;63,3997785160576;63,458111195735;30,4121558021886
"Huitotoan";"c1";0,381385035698237;72;62,6799557032115;62,7414741474147;33,4235185744285
"Huitotoan";"c1";0,989967419897166;76,5200077700078;64,5071982281285;64,5864907003521;26,4646531090462
"Huitotoan";"c1";0,810191493666933;74,3961352657005;62,6799557032115;62,7572902217758;29,381861591021
"Huitotoan";"c1";0,943568461314207;74,6330360460795;63,953488372093;64,0239804359477;29,5694770024006
"Huitotoan";"c1";0,919145030018058;59,1346153846154;62,1262458471761;62,1064991114496;36,0085239139587
"Huitotoan";"c1";0,545920833684012;72,761055369751;62,2369878183832;62,3064536108014;36,8122400141233
"Huitotoan";"c1";0,914676808149379;62,1212121212121;63,1229235880399;63,1163116311631;32,4932775644269
"Huitotoan";"c1";0,925298804629999;63,8198757763975;62,4584717607973;62,4674579259168;27,687664018879
"Huitotoan";"c1";0,923869770874312;60,2051282051282;63,233665559247;63,2136752136752;32,8208090681941
"Huitotoan";"c1";0,965020898600318;79,3518518518518;65,171650055371;65,2652487470969;22,3898701063475
"Huitotoan";"c1";0,971247707842225;61,3355780022447;63,6766334440753;63,6611809329081;32,1458529059175
"Huitotoan";"c1";0,877876225140348;73,4009661835749;62,7906976744186;62,8607324500566;30,8515682972352
"Huitotoan";"c1";0,919145030018057;59,6666666666667;62,6799557032115;62,6600660066007;34,604740479547
"Huitotoan";"c1";0,730987985088288;60,0555555555556;62,9568106312292;62,9376604327099;34,1959777601556
"Huitotoan";"c1";0,9699548651845;75,8557800224467;64,0642303433001;64,1420623543836;28,6776711612864
"Huitotoan";"c1";0,973728991120295;60,1794871794872;62,7906976744186;62,7734619615808;32,2256996791549
"Huitotoan";"c1";0,990600990601486;77,3456790123457;64,6179401993355;64,7019516766491;26,1928352166946
"Huitotoan";"c1";0,923920979619359;72,3162393162393;62,8460686600221;62,9085780372909;31,2924822970526
"Huitotoan";"c1";0,889499179993322;63,1118881118881;63,1782945736434;63,1778562471632;30,3429433426209
"Huitotoan";"c1";0,852802865422442;59,8824786324786;62,7906976744186;62,7715015091253;34,7125007497925
"Huitotoan";"c1";-0,632455532033676;58,4615384615385;62,6799557032115;62,6521113649827;38,0984424179884
"Huitotoan";"c1";0,973878876288753;77,4801587301587;64,2857142857143;64,3728063282519;28,1901419293431
"Huitotoan";"c1";0,990147542976674;59,6153846153846;62,0708748615725;62,0546670051621;39,0523416423775
"Huitotoan";"c1";0,993815284512111;73,8496071829405;63,7320044296788;63,798787286136;28,0687604182406
"Huitotoan";"c1";0,981847761146717;72,0209339774557;62,6799557032115;62,7416123254838;33,366726578638
"Huitotoan";"c1";0,925820099772552;72,3440170940171;63,344407530454;63,4038108939099;32,3643638474244
"Huitotoan";"c1";0,978231976089037;75,3968253968254;64,1749723145072;64,2490439520142;29,9394092350218
"Huitotoan";"c1";0,954291326985053;61,3888888888889;63,5105204872647;63,4965163182985;30,5976988088423
"Huitotoan";"c1";0,939336436627724;73,4009661835749;63,4551495016611;63,5207984566573;31,8631556554695
"Huitotoan";"c1";0,996023841111995;72,4028655188075;63,4551495016611;63,5142103334575;33,6561418956619
"Huitotoan";"c1";0,763386285369115;71,9444444444444;63,0121816168328;63,0711404473781;34,1617080032062
"Huitotoan";"c1";0,952661023244934;66,0818713450292;64,6733111849391;64,6826086117384;27,0088083755869
"Huitotoan";"c1";0,992684612817576;72,2649572649573;63,2890365448505;63,3482835463033;31,2160099931813
"Huitotoan";"c1";0,992061513471633;79,6871095116709;65,3377630121816;65,4324781705941;25,4140574503153
"Huitotoan";"c1";0,96330610728405;78,8205128205128;64,9501661129568;65,041719556571;24,643050457205
"Huitotoan";"c1";0,857900465571923;74,7700668896321;63,0675526024363;63,1447969211637;31,039270147155
"Huitotoan";"c1";0,997775303139718;76,0989010989011;64,0088593576966;64,0886616134141;28,7371716049639
"Huitotoan";"c1";0,957838475659934;76,194885361552;64,3410852713178;64,4193281762039;29,229325243593
"Huitotoan";"c1";0,99654575824488;52,8985507246377;64,2303433001107;64,1555459893816;29,6724994781024
"Huitotoan";"c1";0,884990406755986;72,3429951690821;63,0675526024363;63,1287766457805;34,9918959950154
"Huitotoan";"c1";0,983959038256912;72,1282877079979;62,5692137320044;62,6323099298658;33,4806579889394
"Huitotoan";"c1";0,874157276121538;61,0339506172839;63,2890365448505;63,274151489223;31,3056802593343
"Huitotoan";"c1";0,89989976108782;76,1825396825397;63,2890365448505;63,3741421761224;30,871185059425
"Huitotoan";"c1";0,97469723408159;63,8095238095238;64,0088593576966;64,007543611504;29,6847101445032
"Huitotoan";"c1";0,954509353930217;75,9444444444444;63,8981173864895;63,977631096443;28,5907004054283
"Huitotoan";"c1";0,996264838138036;76,8850574712644;64,6733111849391;64,7539167709874;26,2593445979759
"Huitotoan";"c1";0,988564598957024;73,6354515050167;63,3997785160576;63,4673407140045;29,1970703068064
"Huitotoan";"c1";0,923869770874312;59,1346153846154;63,1229235880399;63,0965981213506;35,9925092236081
"Huitotoan";"c1";0,936999312326879;73,7447045707915;63,4551495016611;63,5230673569029;31,3296255905377
"Huitotoan";"c1";0,99440494855805;79,7138930534733;65,6699889258029;65,7626879629492;24,3722295971467
"Huitotoan";"c1";0,985527456652574;58,4935897435897;63,0121816168328;62,9823559279005;35,8024150572185
"Huitotoan";"c1";0,996724042675486;77,7619047619048;65,1162790697674;65,1997485462832;25,7634879302337
"Huitotoan";"c1";0,975457352851359;76,0451739618406;64,2303433001107;64,3083289810462;27,3465016350117
"Huitotoan";"c1";0,912870929175277;58,4935897435897;62,9568106312292;62,9273504273504;35,6578818095067
"Huitotoan";"c1";0,997749320422811;78,1974969474969;65,3931339977852;65,477651244978;23,5052055809197
"Huitotoan";"c1";0,902134221635647;75,7305194805195;63,344407530454;63,4261640449759;31,0241306338697
"Huitotoan";"c1";0,938945470537173;75,9960718294052;63,1782945736434;63,2629003641105;30,1876219814048
"Huitotoan";"c1";0,978987150877967;73,2442297369834;63,3997785160576;63,4647583921033;31,0896886425726
"Huitotoan";"c1";0,98684762604271;78,1974969474969;64,8394241417497;64,9275962394774;24,8471437177123
"Huitotoan";"c1";0,957094840834044;74,469696969697;63,344407530454;63,4178417841784;27,8865614364897
"Huitotoan";"c1";0,989175127543243;77,0833333333333;64,7840531561462;64,8652365236524;24,7672411255126
"Huitotoan";"c1";0,983158303156721;80,9970539940114;66,2236987818383;66,3212126776282;25,4004956947878
"Huitotoan";"c1";0,324442842261524;58,6004273504274;62,4584717607973;62,4330061211249;36,1503081564231
"Huitotoan";"c1";0,937809777879917;73,9186176142698;63,6766334440753;63,7442372999842;28,2394819774858
"Huitotoan";"c1";0,971667603161947;75,5467372134039;64,0088593576966;64,0850169673052;28,7902685451042
"Huitotoan";"c1";0,974933356442865;61,5967365967366;63,5105204872647;63,4978882503635;31,6921140473523
"Huitotoan";"c1";0,975750199635363;77,1105705888315;64,7840531561462;64,865416307517;24,6036805578343
"Huitotoan";"c1";0,880620207530213;73,709315375982;62,4031007751938;62,4777292544069;33,6999328175955
"Huitotoan";"c1";0,986146612820156;80,9785718000728;66,2236987818383;66,3210906829488;22,3428939182752
"Huitotoan";"c1";0,959350812946383;73,6867335562988;63,4551495016611;63,5226847099426;28,9642972687299
"Huitotoan";"c1";0,991795427956059;75,9820426487093;64,3964562569214;64,4729287743589;25,8245144858214
"Huitotoan";"c1";0,8304547985374;73,4589371980676;62,624584717608;62,6960985953668;31,9383049650934
"Huitotoan";"c1";0,985527456652574;59,5128205128205;62,6799557032115;62,6590505204367;32,4765781340813
"Huitotoan";"c1";0,316227766016838;58,4102564102564;62,5692137320044;62,5417618684945;37,9478654055072
"Huitotoan";"c1";0,986698558326005;81,2736900780379;65,9468438538206;66,0480111556306;20,8058291189204
"Huitotoan";"c1";0,988664504191258;77,4691358024691;65,0609080841639;65,142810577354;26,5435631887345
"Huitotoan";"c1";0,978982675866135;74,3323939881911;63,6212624584718;63,6919629966217;27,5369641444188
"Huitotoan";"c1";0,96969696969697;62,8985507246377;63,7320044296788;63,7265030850911;30,4697193855593
"Huitotoan";"c1";0,973515154183058;59,4405594405594;63,344407530454;63,3186395562633;32,7001045640572
"Huitotoan";"c1";0,99369440545299;75,3478260869565;63,5105204872647;63,5886545176257;28,5738810940385
"Huitotoan";"c1";0,70956629046023;72,3696581196581;62,7353266888151;62,7989196355533;31,8359143570904
"Huitotoan";"c1";0,70956629046023;72,2606837606838;62,7906976744186;62,8532058334039;34,5739541706099
"Huitotoan";"c1";0,776150525706333;58,974358974359;62,1816168327796;62,1604468139122;36,0393038884696
"Huitotoan";"c1";0,722806322324201;72,3739316239316;63,0121816168328;63,0739753462526;32,383514198182
"Huitotoan";"c1";0,903507902905251;71,8179012345679;62,9014396456257;62,9602941775659;33,0130678057333
"Huitotoan";"c1";0,804255944914189;73,8310904071774;61,9601328903655;62,0384890455919;36,6241179834288
"Huitotoan";"c1";0,969259966646278;76,3397867564534;63,6212624584718;63,705213113904;27,3250968995579
"Huitotoan";"c1";0,858116330321033;60,0833333333333;62,6799557032115;62,6628162816282;33,0358868029067
"Huitotoan";"c1";0,91826225824265;72,3440170940171;62,5692137320044;62,6337338862091;30,5718500120944
"Huitotoan";"c1";0,961340638991104;72,3192534786738;62,9568106312292;63,0186089338526;31,7461151872517
"Huitotoan";"c1";0,968760156386246;75,3502415458937;63,7873754152824;63,8636979639993;27,7152373621688
"Huitotoan";"c1";0,815139145939223;72,3739316239316;63,0675526024363;63,1289808468026;32,1677868523566
"Huitotoan";"c1";0,973417168333576;73,3515834675255;63,6766334440753;63,7404945003357;30,7633968249334
"Huitotoan";"c1";0,937994498829113;76,3915343915344;63,8981173864895;63,9805821852026;29,1668772681323
"Huitotoan";"c1";0,923876824634526;75,3454106280193;63,8427464008859;63,9186715773027;29,3429529141844
"Huitotoan";"c1";0,991189255566704;62,0580808080808;63,5105204872647;63,500933426676;31,4906707547923
"Huitotoan";"c1";0,976687302358866;81,485542560104;66,4451827242525;66,5444590267994;20,4191810751315
"Huitotoan";"c1";0,98256325334601;77,6274450187494;64,6733111849391;64,7588170188256;25,8737160663255
"Huitotoan";"c1";0,982958539468603;76,0592031425365;64,2303433001107;64,308421582899;28,1652869079028
"Huitotoan";"c1";0,77193023561705;73,5254965110038;62,4031007751938;62,4765159285655;36,5507046442381
"Huitotoan";"c1";0,993671178023366;78,3988957902001;65,0055370985604;65,093942106426;24,9120387933924
"Huitotoan";"c1";0,960935250259179;78,4871794871795;65,0609080841639;65,1495303376492;23,6918329484354
"Huitotoan";"c1";0,995860377632272;74,4502164502165;64,0088593576966;64,0777792064921;29,4875699973535
"Huitotoan";"c1";0,92908632102164;74,8676142697882;63,1782945736434;63,2554517993605;29,4015055357691
"Huitotoan";"c1";0,990328100533956;77,2893772893773;64,4518272425249;64,5365635464645;27,2610909689185
"Huitotoan";"c1";0,970894257329154;79,2147748288099;65,1162790697674;65,2093384477149;25,4106117136422
"Huitotoan";"c1";0,993810545035675;62,6349206349206;63,7873754152824;63,7797684530358;31,2317969960881
"Huitotoan";"c1";0,828741930164745;72,3739316239316;62,7353266888151;62,7989478435023;29,784712124937
"Huitotoan";"c1";0,995993593952416;78,29703569268;65,3377630121816;65,4233027658483;27,2090632863369
"Huitotoan";"c1";0,997509336107633;62,3543123543124;63,7873754152824;63,7779162531638;32,0128117379072
"Huitotoan";"c1";0,870877124680706;74,7034632034632;63,344407530454;63,4193847956224;33,7778212486907
"Huitotoan";"c1";0,953462589245592;71,6296296296296;62,8460686600221;62,9040459601516;34,2358527061379
"Huitotoan";"c1";0,932957317740284;63,968253968254;64,5071982281285;64,5036408402745;26,4800929865802
"Huitotoan";"c1";0,333333333333333;46,6666666666667;62,7353266888151;62,6292629262926;37,9598610521908
"Huitotoan";"c1";0,617213399848367;72,3183760683761;62,7353266888151;62,7985811401653;34,4487086595848
"Huitotoan";"c1";0,997693191852648;72,1881580577233;63,1229235880399;63,1827601191929;33,6180042247597
"Huitotoan";"c1";0,776580274715321;73,2442297369834;63,0121816168328;63,0797198882529;34,2904611714618
"Huitotoan";"c1";0,986257935146886;76,5848595848596;64,0642303433001;64,1468747607362;24,9353213081825
"Huitotoan";"c1";0,811107105653813;74,9442586399108;62,7906976744186;62,8709191989433;30,4128639589406
"Huitotoan";"c1";0,424264068711928;57,0769230769231;62,4584717607973;62,4229499873064;38,3451730038727
"Huitotoan";"c1";0,971411354736297;77,965744400527;65,3931339977852;65,476121525196;24,1803777303338
"Huitotoan";"c1";0,931854668597352;73,6628709454796;62,5692137320044;62,6424391921594;33,2334283680851
"Huitotoan";"c1";0,87831006565368;37,6811594202899;63,2890365448505;63,1200076529392;36,0630564845682
"Huitotoan";"c1";0,936585811581694;64,2901234567901;64,0642303433001;64,0657213869535;29,2267299791799
"Huitotoan";"c1";0,9114654303753;59,0277777777778;62,5692137320044;62,545837917125;36,7259524391628
"Huitotoan";"c1";0,777777777777778;48;60,2436323366556;60,1628162816282;33,7147423646395
"Huitotoan";"c1";0,99434509763371;77,3699294532628;64,8394241417497;64,9221337477663;22,8499087584997
"Huitotoan";"c1";0,994213709362217;81,7901234567901;66,5559246954596;66,6564804628611;21,256321834457
"Huitotoan";"c1";0,99022095249212;73,8914768806073;63,344407530454;63,414025149927;29,0840204016422
"Huitotoan";"c1";0,738432812697218;71,7623456790123;62,4584717607973;62,5198834698285;36,7342104478235
"Huitotoan";"c1";0,993310961716756;74,194847020934;63,2890365448505;63,3610220925474;26,0979757919781
"Huitotoan";"c1";0,974650646784384;63,7878787878788;64,562569213732;64,5574557455746;27,533557686831
"Huitotoan";"c1";0,93066313246731;65,6468062265164;62,8460686600221;62,8645553766327;28,35126357213
"Huitotoan";"c1";0,960987652240945;38;63,233665559247;63,0671067106711;32,6847287344427
"Huitotoan";"c1";0,869226987360353;61,5740740740741;63,0675526024363;63,0576946583547;34,0934713524844
"Huitotoan";"c1";0,942163060662385;73,2936124530327;63,5658914728682;63,6301008522752;31,3528542288257
"Huitotoan";"c1";0,921543270214174;73,8733488733489;62,5138427464009;62,5888229848626;27,4489804501922
"Huitotoan";"c1";0,942954167272383;72,3440170940171;63,0675526024363;63,1287833911596;32,1096561928754
"Huitotoan";"c1";0,938743438158172;72,23564143854;63,0675526024363;63,1280680402984;33,6345025449539
"Huitotoan";"c1";0,973012459711204;71,712962962963;63,0121816168328;63,0696125168072;32,2100087037461
"Huitotoan";"c1";0,996023841111995;62,8739316239316;63,8981173864895;63,8913570844264;29,8306305447465
"Huitotoan";"c1";0,956749178833394;76,7582417582418;64,4518272425249;64,5330577013745;27,7574669263955
"Huitotoan";"c1";0,935447938503838;73,5195094760312;62,1816168327796;62,2564544079826;31,7618511675618
"Huitotoan";"c1";0,893417948962839;73,9698996655518;63,3997785160576;63,4695482926219;29,3102778550069
"Huitotoan";"c1";0,919254719740988;60,8440170940171;63,1782945736434;63,1628868015007;31,5637721171926
"Huitotoan";"c1";0,986991350953169;78,6825396825397;65,1162790697674;65,2058253444392;23,9110443226987
"Huitotoan";"c1";0,995135723377554;76,2398833051007;64,2857142857143;64,3646196917828;27,3198918860541
"Huitotoan";"c1";0,995622458615777;79,4532627865961;65,0055370985604;65,100901624554;21,1611410618318
"Huitotoan";"c1";0,925820099772551;59,8824786324786;63,0675526024363;63,0465290118755;32,5855679102986
"Huitotoan";"c1";0,979044918012804;76,3998682476943;64,6733111849391;64,750714201855;26,9631645914984
"Huitotoan";"c1";0,993858693195776;72,2905982905983;63,344407530454;63,4034582945474;32,6445754827581
"Huitotoan";"c1";0,992645484192369;76,661020139281;64,6733111849391;64,7524379767169;26,3089227214958
"Huitotoan";"c1";0,9473729613781;64,5299145299145;64,2303433001107;64,2323206679642;28,0086744558159
"Huitotoan";"c1";0,988362079156856;78,7186984555406;64,8947951273533;64,986042014008;22,2734572254384
"Huitotoan";"c1";0,948382345545359;76,0592031425365;63,5105204872647;63,5933500757483;29,4770272897478
"Huitotoan";"c1";0,948683298050514;76,3345599927309;64,1196013289037;64,2002281187639;27,2479388060575
"Huitotoan";"c1";0,98210003801425;81,2407407407407;66,1129568106312;66,2128101699059;21,3764540230679
"Huitotoan";"c1";0,793044677573198;72,3739316239316;62,8460686600221;62,9089588446024;32,4784987592601
"Huitotoan";"c1";0,988836773758751;75,3454106280193;64,3410852713178;64,4137210822531;27,849375222791
"Huitotoan";"c1";0,99905615835506;64,2246642246642;63,8981173864895;63,9002728111639;23,8925884319004
"Huitotoan";"c1";0,937042571331636;51,4492753623188;63,344407530454;63,265891806572;32,4479466861746
"Huitotoan";"c1";0,956570450634467;75,1992753623188;64,2857142857143;64,3577509924906;26,8055648873168
"Huitotoan";"c1";0,97929382385606;73,7513935340022;63,7320044296788;63,7981390112255;31,3704987103417
"Huitotoan";"c1";0,981810539724723;72,1520293984062;63,233665559247;63,2925326472942;32,2007486410341
"Huitotoan";"c1";0,997785157856609;62,2685185185185;62,7353266888151;62,7322454467669;29,6675054180933
"Huitotoan";"c1";0,968718959392966;78,4126984126984;64,6733111849391;64,7640002095448;25,8965995615473
"Huitotoan";"c1";0,984731927834662;59;62,4584717607973;62,4356435643564;40,1459603331473
"Huitotoan";"c1";0,806500141274697;61,4358974358974;61,0741971207088;61,0765845815351;34,013402443894
"Huitotoan";"c1";0,861411043293065;73,2936124530327;62,9014396456257;62,9700348456746;33,5176287961702
"Huitotoan";"c1";0,927119497043263;75,1223344556678;63,5105204872647;63,5871661240198;29,7561889135639
"Huitotoan";"c1";0,836172604397434;61,3055555555556;63,1229235880399;63,1109277594426;28,8783646975735
"Huitotoan";"c1";0,98058067569092;62,8787878787879;63,953488372093;63,9463946394639;27,9941388733351
"Huitotoan";"c1";0,801783725737273;72,2649572649573;62,4031007751938;62,4681955375025;34,4772904881316
"Huitotoan";"c1";0,988332422214802;61,5740740740741;63,4551495016611;63,4427331622051;32,053684399762
"Huitotoan";"c1";0;57,7948717948718;62,4031007751938;62,3726834221884;37,8359175909736
"Huitotoan";"c1";0,996889572558454;75,3156565656566;64,2303433001107;64,3035136847018;28,0624869549294
"Huitotoan";"c1";0,821754179237249;64,5502645502645;62,4584717607973;62,4722789739291;28,264446663275
"Huitotoan";"c1";0,972865090689889;75,2237762237762;64,2303433001107;64,3029072137983;28,6700441603287
"Huitotoan";"c1";0,99258333397093;81,0483464408147;65,7253599114064;65,826501736683;24,541399525754
"Huitotoan";"c1";0,992774197030856;76,3915343915344;64,3964562569214;64,4756316901531;26,9998859329244
"Huitotoan";"c1";0,978438887893698;62,7104377104377;63,0121816168328;63,0101899078797;29,8885814100079
"Huitotoan";"c1";0,875707659738936;75,3156565656566;62,4584717607973;62,5433376671;32,2947179269022
"Huitotoan";"c1";0,974480581181983;75,6403318903319;64,0642303433001;64,1406402545016;27,0664256480986
"Huitotoan";"c1";0,898146239020499;60,2051282051282;62,7906976744186;62,7736312092748;34,14857575406
"Huitotoan";"c1";0,986180672521938;78,2091097308489;65,3377630121816;65,4227223964632;23,9128008436122
"Huitotoan";"c1";0,999729693196846;78,7164750957854;65,1162790697674;65,2060493405662;24,1888787081602
"Huitotoan";"c1";0,952033109297414;62,1794871794872;63,4551495016611;63,4467292883135;30,2249015208071
"Huitotoan";"c1";0,935625824490345;75,3526570048309;63,0121816168328;63,0936368999219;28,746444990185
"Huitotoan";"c1";0,932202116915673;76,6237251744498;63,0675526024363;63,1570322893803;21,8288102737316
"Huitotoan";"c1";0,968657768430329;74,2552334943639;63,344407530454;63,4164261836812;26,8735014513894
"Huitotoan";"c1";0,984883506674601;77,744708994709;64,2303433001107;64,3195470340685;24,9767519194511
"Huitotoan";"c1";0,994007536427554;76,474358974359;64,6179401993355;64,6962003892697;27,7366581975349
"Huitotoan";"c1";0,865705305675635;60,7777777777778;62,5138427464009;62,5023835716905;33,4474817394863
"Huitotoan";"c1";0,997578748763328;77,5952380952381;64,7840531561462;64,8686154329719;23,2348562465333
"Huitotoan";"c1";0,904922896669329;74,6632292827945;63,2890365448505;63,3641137246389;29,9714689639373
"Huitotoan";"c1";0,923548145182799;59,9166666666667;62,7906976744186;62,7717271727173;31,9407868324711
"Huitotoan";"c1";0,990161903242996;76,3937451437452;64,7286821705426;64,8056792858773;25,2920553466134
"Huitotoan";"c1";0,970165793721338;64,0786749482402;63,7873754152824;63,7892981844768;28,6965816189845
"Huitotoan";"c1";0,912715718610664;74,8911335578002;62,9568106312292;63,0355850399855;26,8614084067288
"Huitotoan";"c1";0,894427190999916;47,3333333333333;62,9568106312292;62,8536853685369;36,3385932292904
"Huitotoan";"c1";0,90667900718326;73,8496071829405;63,3997785160576;63,4687542828357;32,1848923314683
"Huitotoan";"c1";0,985323536135452;65,6314699792961;64,8947951273533;64,8996576676301;26,8457931260479
"Huitotoan";"c1";0,597614304667197;72,4786324786325;62,7353266888151;62,7996389382528;33,3831507456742
"Huitotoan";"c1";0,687243193489091;72,4266072092159;62,4584717607973;62,5242680343843;36,3904746023836
"Huitotoan";"c1";0,950765377083057;74,7034632034632;63,6212624584718;63,6944122983727;30,8761724177362
"Huitotoan";"c1";0,770961751627089;75,8387445887446;62,8460686600221;62,9318288971754;29,0773333856125
"Huitotoan";"c1";0,916329820348732;73,9186176142698;63,6212624584718;63,6892317994341;30,9426810071463
"Huitotoan";"c1";0,844356562946505;72,5102192493497;62,9568106312292;63,0198694339891;36,5232554445034
"Huitotoan";"c1";0,991836598134175;45,0980392156863;66,3344407530454;66,1942664854721;26,9928688540851
"Huitotoan";"c1";0,996186726864165;77,6455026455026;65,171650055371;65,2539857160319;25,0153097547306
"Huitotoan";"c1";0,914377317871829;71,9971922870474;60,9080841638981;60,9812795970542;34,4969947134451
"Huitotoan";"c1";0,986666683124483;74,709315375982;64,0088593576966;64,0794894304245;27,6589565411521
"Huitotoan";"c1";0,983808423994789;78,4564067172763;64,3410852713178;64,434255709905;20,4935155888607
"Huitotoan";"c1";0,963345406198314;74,6632292827945;63,8427464008859;63,9141687301395;29,733826694573
"Huitotoan";"c1";0,98636159932173;77,6334776334776;64,1749723145072;64,2638073331143;25,5895521936671
"Huitotoan";"c1";0,990258997965637;73,8310904071774;63,5658914728682;63,6336485615435;31,0369804966347
"Huitotoan";"c1";0,985933454817279;61,9047619047619;63,8981173864895;63,8849599245639;31,2509274067666
"Huitotoan";"c1";0,975821049500252;62,7525252525253;63,7873754152824;63,7805447211388;31,1342785519419
"Huitotoan";"c1";0,969200614000798;61,8165784832452;63,0675526024363;63,0592953475242;28,081872755367
"Huitotoan";"c1";0,936329177569044;49,3055555555556;63,1229235880399;63,0317198386505;32,6327547815068
"Huitotoan";"c1";0,962102398729483;74,2418142780462;63,6766334440753;63,7463706112962;30,8200401819789
"Huitotoan";"c1";0,997054485501581;71,9166666666667;63,344407530454;63,4009900990099;33,9731895562974
"Huitotoan";"c1";0,99892862739052;75,2750582750583;64,2303433001107;64,3032457091863;25,910436590855
"Huitotoan";"c1";0,990925044111773;74,890839836492;63,953488372093;64,025682111132;28,91243640245
"Huitotoan";"c1";0,736459694318659;60,0334448160535;62,5692137320044;62,5524759833843;32,6654400396167
"Huitotoan";"c1";0,989949493661166;59,1880341880342;63,344407530454;63,3169727229133;34,0127337458365
"Huitotoan";"c1";0,907264708726555;36,9565217391304;62,6799557032115;62,5101640598843;36,573837231159
"Huitotoan";"c1";0,855186110494137;52,1739130434783;63,3997785160576;63,3256803941264;30,089053188084
"Huitotoan";"c1";0,965282693211824;61,3756613756614;63,1782945736434;63,1663960046798;33,6183016393714
"Huitotoan";"c1";0,98977826655729;73,3107890499195;63,7320044296788;63,7952307308026;31,4085113088721
"Huitotoan";"c1";0,99067977763247;74,7468413229283;64,2857142857143;64,3547646291942;28,8378263167224
"Huitotoan";"c1";0,98005404800756;73,603121516165;63,6766334440753;63,7421548174884;29,2241537824185
"Huitotoan";"c1";0,890870806374748;72,2955117882654;62,9568106312292;63,0184522230249;33,569546268378
"Huitotoan";"c1";0,942809041582063;61,5384615384615;63,344407530454;63,3324870948633;32,0834371469525
"Huitotoan";"c1";0,939558475736517;77,9883867590014;64,0088593576966;64,101133465956;29,2842286981954
"Huitotoan";"c1";0,988834837983943;66,2878787878788;65,7253599114064;65,7290729072907;23,4686172089945
"Huitotoan";"c1";0,999088173422129;80,3205128205128;65,6699889258029;65,7666920538208;22,6484840565895
"Huitotoan";"c1";0,919145030018058;58,3589743589744;62,4031007751938;62,3764068714564;35,901803247488
"Huitotoan";"c1";0,967993937532266;73,8612836438923;63,7320044296788;63,7988643584855;32,4141136813129
"Huitotoan";"c1";0,93834311681711;71,8672839506173;63,233665559247;63,290653139388;33,3683342428242
"Huitotoan";"c1";0,989066792198378;80,2831454643049;66,2236987818383;66,3165004101054;22,1765700325539
"Huitotoan";"c1";0,971493787119677;74,9140654031958;63,7873754152824;63,8608189135524;29,5756220264671
"Huitotoan";"c1";0,993807989999906;73,2936124530327;63,233665559247;63,3000678489749;30,3392378633337
"Huitotoan";"c1";0,801783725737274;72,3995726495726;62,7906976744186;62,8541225917464;32,4608208846544
"Huitotoan";"c1";0,113227703414459;58,8717948717949;62,4031007751938;62,3797918253364;36,6006295538956
"Huitotoan";"c1";0,982876392121909;61,4166666666667;63,7320044296788;63,7167216721672;30,9170163963809
"Huitotoan";"c1";0,9298956298171;74,2552334943639;63,1229235880399;63,196404181481;30,140295266502
"Huitotoan";"c1";0,977727894973992;64,2727272727273;64,2857142857143;64,2856285628563;26,5183280665993
"Huitotoan";"c1";0,998523984435339;62,8205128205128;63,6766334440753;63,6709824828637;29,9453596288319
"Huitotoan";"c1";0,912870929175277;60,8461538461538;62,9568106312292;62,9428789032749;32,3529690686486
"Huitotoan";"c1";0,955062263957687;77,281746031746;64,1749723145072;64,2614856723768;28,5965996477374
"Huitotoan";"c1";0,99740865073607;64,6363636363636;64,0088593576966;64,01300130013;26,4350230763913
"Huitotoan";"c1";0,978501948566489;74,0827074160407;63,344407530454;63,4152873976856;28,1645934805983
"Huitotoan";"c1";0,967801970462945;75,8417508417508;64,2303433001107;64,306986254181;29,4589276920796
"Huitotoan";"c1";0,974549078429427;62,0555555555556;62,1816168327796;62,1807847451412;27,7281154073578
"Huitotoan";"c1";0,96393062942504;78,1800766283525;64,6179401993355;64,7074592516723;27,3516772256927
"Huitotoan";"c1";0,989949493661167;71,8611111111111;62,9014396456257;62,9605793912725;32,2488587239341
"Huitotoan";"c1";0,74848118856512;72,5700895990751;62,7353266888151;62,8002426156155;33,2469565532348
"Huitotoan";"c1";0,951537248770152;61,0229276895944;61,7940199335548;61,7889302157729;35,4998910832308
"Huitotoan";"c1";0,933427623714271;60,5780022446689;62,6799557032115;62,6660814229571;35,0440580362469
"Huitotoan";"c1";0,958996220979876;76,2820512820513;64,0088593576966;64,0898705255141;29,7997706829181
"Huitotoan";"c1";0,988564598957024;73,7190635451505;63,6212624584718;63,6879146108591;28,1948423332407
"Huitotoan";"c1";0,996116490183504;75,3454106280193;64,3410852713178;64,4137210822531;27,4329552637107
"Huitotoan";"c1";0,990495371559646;76,562205910032;64,6179401993355;64,6967802370299;27,5947072052524
"Huitotoan";"c1";0,968730322865161;60,2623456790123;63,5658914728682;63,5440858900705;32,9962231086593
"Huitotoan";"c1";0,997815796445598;63,6825396825397;64,4518272425249;64,4467494368484;30,9450146619358
"Huitotoan";"c1";0,993883734673619;61,0339506172839;63,5658914728682;63,5491789919733;32,8466644061764
"Huitotoan";"c1";0,974583659777629;77,281746031746;64,2857142857143;64,3714966734769;27,8433087425795
"Huitotoan";"c1";0,985663998017612;60,5780022446689;63,6766334440753;63,6561804328581;32,1497724145021
"Huitotoan";"c1";0,991484208483683;62,6923076923077;64,1749723145072;64,1651857493442;30,3298452751108
"Huitotoan";"c1";0,969905090031444;63,628762541806;64,4518272425249;64,4463944722231;27,0889748997775
"Huitotoan";"c1";0,968495996958186;49,2753623188406;63,6212624584718;63,5265700483092;33,4345224990436
"Huitotoan";"c1";0,992603959850895;78,2962962962963;65,3931339977852;65,4783033858942;24,3303458243347
"Huitotoan";"c1";0,951860557856733;74,8417508417508;63,953488372093;64,0253580913647;29,6920928812442
"Huitotoan";"c1";-0,632455532033676;59,4017094017094;61,4617940199336;61,4481961016614;36,6934391545522
"Huitotoan";"c1";0,917469804271967;74,4307359307359;62,8460686600221;62,9225351106539;32,5861065908168
"Huitotoan";"c1";0,940952202671708;63,5732323232323;63,7873754152824;63,7859619295263;32,7308596888114
"Huitotoan";"c1";0,979795897113271;63,6363636363636;63,233665559247;63,2363236323632;30,6106225799115
"Huitotoan";"c1";0,990938150022333;77,0606060606061;65,2270210409745;65,3051305130513;23,7385923819941
"Huitotoan";"c1";0,998273181236194;63,4038800705467;63,953488372093;63,9498605945251;31,0351634875497
"Huitotoan";"c1";0,983450609072152;76,6617826617827;64,2857142857143;64,3674045060184;23,5057405620376
"Huitotoan";"c1";0,964757401526582;61,7283950617284;63,5658914728682;63,5537627836858;30,7345473888643
"Huitotoan";"c1";0,989541391990587;75,0278706800446;63,1229235880399;63,201504096898;29,5373650701094
"Huitotoan";"c1";0,918913240954523;75,2882919549586;63,3997785160576;63,4782505519579;30,1868500887218
"Huitotoan";"c1";0,943564195120496;60,9557109557109;62,8460686600221;62,8335910514128;32,7984413000666
"Huitotoan";"c1";0,884315376570764;61,4722222222222;62,4584717607973;62,451961862853;29,4036888837212
"Huitotoan";"c1";0,989949493661167;75,3787878787879;64,0088593576966;64,0839083908391;30,0611778190984
"Huitotoan";"c1";0,816496580927726;59,4871794871795;62,7353266888151;62,7138867732927;36,5667364329007
"Huitotoan";"c1";0,990043675898432;79,8504273504274;66,1683277962348;66,2586386843813;21,939545117571
"Huitotoan";"c1";0,984222584886708;73,6867335562988;63,8427464008859;63,907723213793;29,1588888742564
"Huitotoan";"c1";0,921412597639153;75,8066778900112;63,7873754152824;63,8667107451486;28,5291079228931
"Huitotoan";"c1";0,99067977763247;75,1526251526251;64,2303433001107;64,3024375697643;29,4520815779212
"Huitotoan";"c1";0,994134846772434;38;63,344407530454;63,1771177117712;33,1696299721681
"Huitotoan";"c1";0,953359506636583;78,0123456790123;64,7840531561462;64,8713686183433;25,8598494636179
"Huitotoan";"c1";0,988319167575309;80,2962962962963;66,0022148394241;66,0965652120768;22,783347149318
"Huitotoan";"c1";0,662266178532521;39,1304347826087;62,5138427464009;62,3594968192471;36,1079881467125
"Huitotoan";"c1";0,615457454896664;59,7179487179487;62,3477297895903;62,3303714986883;40,4438638821214
"Huitotoan";"c1";0,965595205414476;75,3156565656566;64,1196013289037;64,1935026836017;29,8317677046315
"Huitotoan";"c1";0,958140275160817;72,2094017094017;62,8460686600221;62,9078728385659;34,1795410087898
"Huitotoan";"c1";0,908380936147344;73,5420979986197;61,5171650055371;61,5965375005409;36,2266130218241
"Huitotoan";"c1";0,883176086632785;74,3323939881911;63,1782945736434;63,2519189922213;32,4208407506598
"Huitotoan";"c1";0,891231897035948;60,2623456790123;62,5138427464009;62,4989813796194;35,0336533327037
"Huitotoan";"c1";0,999970464446571;67,8787878787879;66,2236987818383;66,2346234623462;21,4237610107528
"Huitotoan";"c1";0,8;49,3055555555556;62,624584717608;62,5366703337;35,3166620473453
"Huitotoan";"c1";0,953462589245592;71,9444444444444;63,2890365448505;63,3461679501284;33,2622939779334
"Huitotoan";"c1";0,976894354904951;75,3176328502416;64,0088593576966;64,0835047272843;27,149818315228
"Huitotoan";"c1";0,97720388124263;62;63,8427464008859;63,8305830583058;29,5393934514114
"Huitotoan";"c1";0,98957368604589;64,1666666666667;64,6179401993355;64,6149614961496;28,8379517320024
"Huitotoan";"c1";0,970142500145332;51,4492753623188;63,5105204872647;63,4309083082221;31,6303422527128
"Huitotoan";"c1";0,666666666666667;47,3333333333333;61,9601328903655;61,8635863586359;38,5138339038807
"Huitotoan";"c1";0,883452208598772;62,123745819398;63,233665559247;63,2263393563437;32,572158322283
"Huitotoan";"c1";0,316227766016838;57,7692307692308;62,1816168327796;62,1524921722942;38,2786099538735
"Huitotoan";"c1";0,857492925712544;59,0512820512821;62,7906976744186;62,7660150630448;35,3301121568739
"Huitotoan";"c1";0,996889572558454;75,1172438672439;64,2857142857143;64,3572095304769;29,7916845614475
"Huitotoan";"c1";0,941571758842193;79,2592592592593;62,9014396456257;63,0094120523163;24,0987092157825
"Huitotoan";"c1";0,938679328162116;73,9442586399108;63,233665559247;63,3043625432777;28,0863859326483
"Huitotoan";"c1";0,821441632217522;73,23564143854;62,7906976744186;62,8596411976141;31,7983679421858
"Huitotoan";"c1";0,996357428703701;77,3809523809524;64,2857142857143;64,3721515008644;27,4905431979298
"Huitotoan";"c1";0,903507902905251;72,5938312894835;63,1782945736434;63,2404433308437;30,8243078749843
"Huitotoan";"c1";0,95257934441568;58,8717948717949;63,2890365448505;63,2598798341373;34,8612069038164
"Huitotoan";"c1";0,712832435640251;74,4565217391304;62,4584717607973;62,5376668101593;32,7540798497384
"Huitotoan";"c1";0,996186726864165;78,0714285714286;64,2857142857143;64,3767090994814;26,2960399166893
"Huitotoan";"c1";0,979296383495737;74,6125541125541;63,8981173864895;63,968839741117;28,6953421006805
"Huitotoan";"c1";0,967820643703639;76,4568764568765;64,1196013289037;64,2010354881642;27,3490065295713
"Huitotoan";"c1";0,902134221635646;71,7067901234568;62,7906976744186;62,8495497697918;33,8751552888557
"Huitotoan";"c1";0,982707629823991;73,4095544820183;63,6212624584718;63,685871646746;32,6285475652769
"Huitotoan";"c1";0,904534033733291;46,6666666666667;62,8460686600221;62,7392739273927;36,6027818182251
"Huitotoan";"c1";0,99764831936004;78,462962962963;65,1162790697674;65,2043759931549;23,7464769840695
"Huitotoan";"c1";0,957779223235933;74,3073593073593;63,233665559247;63,3067592473533;29,6801211773387
"Huitotoan";"c1";0,936585811581694;59,1880341880342;62,7353266888151;62,7119122168627;37,0154127098153
"Huitotoan";"c1";0,97780241407741;73,4589371980676;63,344407530454;63,4111701025175;31,6685098733242
"Huitotoan";"c1";0,9711441411229;78,2948717948718;65,0609080841639;65,1482609799442;22,5848367648976
"Huitotoan";"c1";0,991600411186222;79,314646705951;65,8361018826135;65,9250691751768;22,3996902942602
"Huitotoan";"c1";0,924678098474716;73,7123745819398;63,1229235880399;63,1928209543362;30,549575552479
"Huitotoan";"c1";0,997040538050167;65,0780379041249;64,4518272425249;64,4559606462319;27,7785713106259
"Huitotoan";"c1";0,959539531510802;62,5220458553792;63,6212624584718;63,6140069033358;31,3531047934687
"Huitotoan";"c1";0,866249154053974;73,3687600644122;62,4031007751938;62,4754813645616;27,8082993639216
"Huitotoan";"c1";0,893895556170518;73,9216701173223;63,1229235880399;63,1942024430186;34,5868581523442
"Huitotoan";"c1";0,997380480110751;64,5195920558239;64,4518272425249;64,4522745350219;27,1652052627953
"Huitotoan";"c1";0,994691793826551;76,0347099177684;64,3410852713178;64,4182709125485;29,1760347714579
"Huitotoan";"c1";0,964053725640498;76,3253968253968;64,0088593576966;64,0901566347111;29,722542295724
"Huitotoan";"c1";0,986693072029395;75,4312354312354;64,2857142857143;64,3592820820544;26,8374647655844
"Huitotoan";"c1";0,996116490183504;60,042735042735;63,4551495016611;63,4326253138134;32,6182753069375
"Huitotoan";"c1";0,985024959213811;75,4312354312354;63,8981173864895;63,974243578204;27,7275031016323
"Huitotoan";"c1";0,97439119569462;62,8787878787879;63,7873754152824;63,7813781378138;30,9341565930068
"Huitotoan";"c1";0,933699561847852;74,0510697032436;63,344407530454;63,4150785678982;29,8353432428282
"Huitotoan";"c1";0,978982675866135;74,4307359307359;63,7320044296788;63,8026231194548;31,0054785366977
"Huitotoan";"c1";0,92080025381518;74,5726495726496;63,344407530454;63,4185213393134;28,6890580509695
"Huitotoan";"c1";0,957398829616843;76,5530925013684;64,2857142857143;64,366687079217;29,7669475004027
"Huitotoan";"c1";0,97573875381809;73,194847020934;62,3477297895903;62,4193279231305;36,7203916070271
"Huitotoan";"c1";0,849836585598798;73,9820565907522;62,5138427464009;62,5895405275517;28,1822709109656
"Huitotoan";"c1";0,984731927834662;59,8824786324786;63,1782945736434;63,1565400129757;35,2890425711742
"Huitotoan";"c1";0,632455532033676;57,7692307692308;62,7906976744186;62,7575526783448;35,7588117489714
"Huitotoan";"c1";0,71302409590738;72,3952991452991;62,8460686600221;62,9090998843474;34,0155208236114
"Huitotoan";"c1";0,745241313525099;71,8333333333333;62,5138427464009;62,5753575357536;37,6310662708811
"Huitotoan";"c1";0,998700454291775;76,5102952602953;64,7286821705426;64,8064485935773;25,9110129775454
"Huitotoan";"c1";0,928077851155238;77,3724053724054;63,6766334440753;63,7670345789158;25,1673636262088
"Huitotoan";"c1";0,828078671210825;61,4801864801865;62,6799557032115;62,6720364344127;32,4345247135962
"Huitotoan";"c1";0,477809467039376;71,8117283950617;62,015503875969;62,0801654239498;37,6245706111984
"Huitotoan";"c1";0,972019739199674;62,1913580246914;62,9014396456257;62,8967526382268;29,2813633276214
"Huitotoan";"c1";0,980502762165257;77,5379867046534;64,562569213732;64,6482155338041;25,7398745727104
"Huitotoan";"c1";0,966865351381501;64,8405797101449;64,3964562569214;64,3993877648634;26,1319040823753
"Huitotoan";"c1";0,953114546675411;64,3492063492063;62,7353266888151;62,7459793598408;32,4758213355018
"Huitotoan";"c1";0,999279740613208;76,0676479941847;64,6179401993355;64,6935158283444;29,1321002197717
"Huitotoan";"c1";0,970221550257514;74,1064491064491;63,7873754152824;63,8554881129139;31,4096278301629
"Huitotoan";"c1";0,985663998017612;62,1111111111111;63,7873754152824;63,7763109644298;30,3840553807451
"Huitotoan";"c1";0,953442970471956;74,6320346320346;63,6766334440753;63,7489463232038;28,6014775366572
"Huitotoan";"c1";0,978152641979144;64,8248792270531;64,3410852713178;64,3442786307616;27,0266434572835
"Huitotoan";"c1";0,97439119569462;61,231884057971;63,3997785160576;63,3854689816808;30,8240635367299
"Huitotoan";"c1";0,994636880778203;62,9419191919192;64,3410852713178;64,3318498516518;29,2651745282806
"Huitotoan";"c1";0,982211502067595;64,8888888888889;64,7840531561462;64,7847451411808;26,0002774989101
"Huitotoan";"c1";0,974743289962953;75,2041062801932;63,1229235880399;63,2026673681861;25,7306246505074
"Huitotoan";"c1";0,98907071009368;74,4867149758454;63,6212624584718;63,6929816170023;30,1640252078151
"Huitotoan";"c1";0,789352217376326;61,3991081382386;62,4031007751938;62,3964737610885;31,953838400619
"Huitotoan";"c1";0,991659570779679;79,4272004798321;65,6699889258029;65,7607956027272;24,2590838973757
"Huitotoan";"c1";0,91468382491867;74,0589657256324;63,4551495016611;63,525141687958;32,3842008381832
