"matrix_id";"baseline";"ceof_cor";"stat_nodf_columns";"stat_nodf_rows";"stat_nodf_general";"stat_temp"
"Eskimo_Aleut";"r2";0,993223420016991;36,6200466200466;61,2962962962963;36,7345535791011;20,2280334194675
"Eskimo_Aleut";"r2";0,994342764808957;39,6270396270396;57,5084175084175;39,7100158585077;22,0053610385337
"Eskimo_Aleut";"r2";0,993278511939599;33,7839937839938;63,5690235690236;33,9222073792839;20,0212059969268
"Eskimo_Aleut";"r2";0,99103835851193;34,6386946386946;60,5555555555556;34,7589584944573;20,1356872016178
"Eskimo_Aleut";"r2";0,993121687809077;35,0582750582751;60,3030303030303;35,1754200942136;20,3346473588478
"Eskimo_Aleut";"r2";0,992258049312198;33,6052836052836;59,1077441077441;33,7236244892857;21,1285686678189
"Eskimo_Aleut";"r2";0,99099184923297;37,6146076146076;58,7373737373737;37,7126250908153;21,5095630812085
"Eskimo_Aleut";"r2";0,994218770887149;35,4001554001554;61,8350168350168;35,5228229706188;20,0963607254209
"Eskimo_Aleut";"r2";0,994102614842709;37,4514374514374;60,976430976431;37,5606021545697;20,9677868909809
"Eskimo_Aleut";"r2";0,990626888893046;34,9494949494949;57,7441077441077;35,0552704148992;22,4574617449846
"Eskimo_Aleut";"r2";0,994573696714184;35,8352758352758;62,5420875420875;35,9592053559571;20,4196246547212
"Eskimo_Aleut";"r2";0,993262132098129;38,7257187257187;57,1717171717172;38,8113150062106;22,0508047213514
"Eskimo_Aleut";"r2";0,992887781964182;33,6285936285936;61,2121212121212;33,7565914364058;19,9491631466888
"Eskimo_Aleut";"r2";0,993084984886287;38,3372183372183;56,6329966329966;38,422117540447;21,9946027051863
"Eskimo_Aleut";"r2";0,994071197250176;38,4304584304584;59,8148148148148;38,52968978259;21,0584726141014
"Eskimo_Aleut";"r2";0,99254479968678;37,6923076923077;61,0942760942761;37,8009015131985;21,7201783083737
"Eskimo_Aleut";"r2";0,99299708955946;36,8609168609169;60,4713804713805;36,9704781769747;22,1368904756319
"Eskimo_Aleut";"r2";0,993552579222463;32,7272727272727;62,9124579124579;32,8673431921692;19,9391424676233
"Eskimo_Aleut";"r2";0,992004392802266;36,021756021756;60,3872053872054;36,1348207519901;20,5499976751192
"Eskimo_Aleut";"r2";0,992712779213713;34,6231546231546;62,1212121212121;34,7507558180412;20,1895464766658
"Eskimo_Aleut";"r2";0,994513272702762;34,8174048174048;64,8484848484848;34,9567601771778;19,7917411728263
"Eskimo_Aleut";"r2";0,991726321854005;38,5936285936286;54,3602693602694;38,6667916598311;23,4437933597322
"Eskimo_Aleut";"r2";0,993429485086931;31,8259518259518;62,2053872053872;31,966923683861;19,2472351793976
"Eskimo_Aleut";"r2";0,994386332967722;38,8034188034188;60,1851851851852;38,9026381369769;21,2403636269272
"Eskimo_Aleut";"r2";0,993410567491804;34,4366744366744;61,2962962962963;34,5613130531924;20,2405920976687
"Eskimo_Aleut";"r2";0,991947232469719;39,3006993006993;57,003367003367;39,3828462505957;22,9472738518987
"Eskimo_Aleut";"r2";0,995328579323225;31,3908313908314;66,3804713804714;31,5531963095768;18,232126029877
"Eskimo_Aleut";"r2";0,991575777909355;38,3139083139083;57,9124579124579;38,4048528596092;22,6042554481599
"Eskimo_Aleut";"r2";0,99273194809553;38,5159285159285;56,8350168350168;38,6009358863187;23,1537720051298
"Eskimo_Aleut";"r2";0,996017175908586;34,7474747474747;65,8417508417509;34,8917637316709;18,7913026707592
"Eskimo_Aleut";"r2";0,993526413580283;35,4700854700855;62,8282828282828;35,5970376620029;20,554898800132
"Eskimo_Aleut";"r2";0,992073508250538;35,7964257964258;58,8215488215488;35,9032709148718;21,9229350835258
"Eskimo_Aleut";"r2";0,992206684182211;33,993783993784;60,6734006734007;34,1175873194435;21,0142537643028
"Eskimo_Aleut";"r2";0,993420853293574;37,4436674436674;60,7575757575758;37,5518526330591;20,4121846872872
"Eskimo_Aleut";"r2";0,991751321071145;35,5710955710956;59,1077441077441;35,6803143578086;20,7779613461905
"Eskimo_Aleut";"r2";0,991450488028428;35,1748251748252;60,9259259259259;35,2943198418836;21,1233928430097
"Eskimo_Aleut";"r2";0,9916931574041;38,7334887334887;57,4579124579124;38,8203770106322;21,9421299348187
"Eskimo_Aleut";"r2";0,99343498562747;35,1282051282051;61,3804713804714;35,2500253892365;20,0331198210977
"Eskimo_Aleut";"r2";0,992719474034077;37,8399378399378;54,6127946127946;37,9177701219465;24,6160750499013
"Eskimo_Aleut";"r2";0,99337407791943;36,6511266511267;62,4915824915825;36,771035958971;20,9805376910855
"Eskimo_Aleut";"r2";0,992804405408616;38,1585081585082;54,983164983165;38,2365808119868;23,7418059928773
"Eskimo_Aleut";"r2";0,991468793187845;35,5788655788656;56,3804713804714;35,6753927519589;22,7663026480415
"Eskimo_Aleut";"r2";0,989082382241664;37,6146076146076;56,2962962962963;37,7012975852883;22,6601176065828
"Eskimo_Aleut";"r2";0,99325205326785;38,8189588189588;59,1919191919192;38,9134969181373;22,2142320939376
"Eskimo_Aleut";"r2";0,992221561489814;39,2307692307692;57,4579124579124;39,3153499418001;22,535268152587
"Eskimo_Aleut";"r2";0,990831214165749;36,7909867909868;52,7441077441077;36,8650151944816;25,2921869661352
"Eskimo_Aleut";"r2";0,993227095431399;36,1072261072261;57,2895622895623;36,2055200106244;23,0279553254938
"Eskimo_Aleut";"r2";0,992195546658176;40,6915306915307;54,5286195286195;40,7557399204731;24,4269090076934
"Eskimo_Aleut";"r2";0,99379113586699;34,8251748251748;62,2895622895623;34,9526197786059;19,972637270835
"Eskimo_Aleut";"r2";0,99121295689088;36,1227661227661;56,2121212121212;36,215988188146;23,6089813850732
"Eskimo_Aleut";"r2";0,993666365634476;33,1002331002331;62,8619528619529;33,2383385283617;19,4715477256343
"Eskimo_Aleut";"r2";0,991334153620115;37,031857031857;58,9393939393939;37,1335161358363;22,1194272830091
"Eskimo_Aleut";"r2";0,991825729944637;35,5710955710956;58,6531986531986;35,6782050981587;21,7185462000114
"Eskimo_Aleut";"r2";0,991843910248786;36,9463869463869;58,9393939393939;37,0484426632919;20,7338684487334
"Eskimo_Aleut";"r2";0,99276268042267;34,9028749028749;59,2760942760943;35,0159756888295;21,2754333070581
"Eskimo_Aleut";"r2";0,993934122008805;36,7132867132867;62,0875420875421;36,8310326779004;20,3380087847882
"Eskimo_Aleut";"r2";0,991424818247266;41,9425019425019;54,2760942760943;41,9997343895256;25,3995707103803
"Eskimo_Aleut";"r2";0,990556478903679;36,7443667443667;57,1212121212121;36,8389228714055;22,03752980708
"Eskimo_Aleut";"r2";0,993052460084988;35,7498057498058;59,8484848484849;35,861632566969;21,6557743157984
"Eskimo_Aleut";"r2";0,994602194838881;33,0613830613831;63,6531986531987;33,2033404423196;19,1402291003322
"Eskimo_Aleut";"r2";0,991730222601544;39,2074592074592;55,6060606060606;39,2835548055966;23,1232523059263
"Eskimo_Aleut";"r2";0,992404387317505;36,993006993007;58,5353535353535;37,0929714781223;21,2438075923835
"Eskimo_Aleut";"r2";0,994631223170695;33,053613053613;62,2895622895623;33,1892787113205;18,6198191495754
"Eskimo_Aleut";"r2";0,991535511814856;41,2043512043512;54,3602693602694;41,2653995484622;24,8882598357271
"Eskimo_Aleut";"r2";0,99220770244716;38,1118881118881;58,1986531986532;38,2050981586944;22,5607150926893
"Eskimo_Aleut";"r2";0,991729431000785;33,8539238539239;60,2188552188552;33,9762669229027;20,9331366996521
"Eskimo_Aleut";"r2";0,994402073864654;38,2750582750583;58,989898989899;38,3711828259392;21,2504300416225
"Eskimo_Aleut";"r2";0,993590535080075;30,4662004662005;66,4141414141414;30,6330122571422;17,6293763729752
"Eskimo_Aleut";"r2";0,993978168871631;35,3690753690754;63,5690235690236;35,4999335973814;19,5594466771049
"Eskimo_Aleut";"r2";0,993286004904044;34,4289044289044;62,2895622895623;34,5581882240815;19,6388939180464
"Eskimo_Aleut";"r2";0,994722329585101;37,2494172494172;62,0875420875421;37,3646753693157;20,870541743142
"Eskimo_Aleut";"r2";0,995199532415135;36,5656565656566;63,6531986531987;36,6913528166428;20,1212881383371
"Eskimo_Aleut";"r2";0,989534355714023;37,4825174825175;56,010101010101;37,5684923480747;23,0575579011497
"Eskimo_Aleut";"r2";0,995029444712745;32,2455322455322;64,7643097643098;32,3964314451553;18,1604080616736
"Eskimo_Aleut";"r2";0,995142919235319;34,4522144522145;63,5690235690236;34,5873272555407;19,187130566705
"Eskimo_Aleut";"r2";0,992711990970482;38,7878787878788;56,8855218855219;38,8718585702344;21,361871562167
"Eskimo_Aleut";"r2";0,991640463014638;39,8212898212898;55,3535353535354;39,8933652065903;24,085387091194
"Eskimo_Aleut";"r2";0,995479323917002;34,7163947163947;65,3872053872054;34,8587186638231;19,1920281113725
"Eskimo_Aleut";"r2";0,992594673247551;36,4801864801865;59,1919191919192;36,5855773512386;22,0522984861215
"Eskimo_Aleut";"r2";0,99138373132018;36,1616161616162;60,4713804713805;36,2744224925199;21,1073590695759
"Eskimo_Aleut";"r2";0,992542563951105;34,2968142968143;61,4983164983165;34,4230393650347;20,702187982586
"Eskimo_Aleut";"r2";0,994819332561658;39,4871794871795;61,1784511784512;39,5878350402712;21,842016553613
"Eskimo_Aleut";"r2";0,991720863726912;34,5143745143745;60,6734006734007;34,6357621067598;20,785613735386
"Eskimo_Aleut";"r2";0,993508034330136;38,3294483294483;60,016835016835;38,4300858546798;21,0615156236068
"Eskimo_Aleut";"r2";0,992697736881938;36,1771561771562;60,4713804713805;36,2898903966189;20,6287670109756
"Eskimo_Aleut";"r2";0,992159904157665;35,003885003885;59,4781144781145;35,1174545142063;21,2298187240247
"Eskimo_Aleut";"r2";0,994637364340736;37,5446775446775;59,8148148148148;37,6480192489473;21,3651989807005
"Eskimo_Aleut";"r2";0,992694473266393;40,4273504273504;57,2895622895623;40,5055973501449;23,9616598497092
"Eskimo_Aleut";"r2";0,994661011715686;35,3224553224553;64,023569023569;35,4556391447343;18,980957827825
"Eskimo_Aleut";"r2";0,990550261221357;38,6324786324786;57,1717171717172;38,7185075816166;23,1670646964772
"Eskimo_Aleut";"r2";0,991464009626768;30,7847707847708;63,6868686868687;30,9374487332724;18,9833185440734
"Eskimo_Aleut";"r2";0,992176114988086;35,3768453768454;60,0673400673401;35,4914184380542;21,6063843630147
"Eskimo_Aleut";"r2";0,990903517820454;34,6076146076146;60,2693602693603;34,7266946338872;20,8459336296925
"Eskimo_Aleut";"r2";0,990427293475835;36,3014763014763;56,9191919191919;36,3971501558509;22,3124955652828
"Eskimo_Aleut";"r2";0,993611082034464;37,2105672105672;59,5622895622896;37,3142874999023;21,5925174949285
"Eskimo_Aleut";"r2";0,992919727712646;36,7365967365967;59,5622895622896;36,842516424883;21,1348181954294
"Eskimo_Aleut";"r2";0,994415227763627;36,4102564102564;61,2626262626263;36,5255806323092;20,8583282125781
"Eskimo_Aleut";"r2";0,992423817489053;37,5291375291375;58,1986531986532;37,6250517549822;21,9798248390154
"Eskimo_Aleut";"r2";0,992205719029224;34,6386946386946;61,2121212121212;34,7620052028405;20,8321426436721
"Eskimo_Aleut";"r2";0,991773927985162;34,6076146076146;61,0942760942761;34,7305225495481;20,3350817694448
"Eskimo_Aleut";"r2";0,993041934867787;34,3045843045843;60,7575757575758;34,4273360050622;21,1189870007608
"Eskimo_Aleut";"r2";0,993806088053188;36,5268065268065;60,2693602693603;36,636980790113;21,3078239834291
"Eskimo_Aleut";"r2";0,990358256507657;33,4965034965035;59,6801346801347;33,6180052653371;20,9191889649025
"Eskimo_Aleut";"r2";0,993474477381847;31,6705516705517;65,3030303030303;31,8266188567813;18,6043421774063
"Eskimo_Aleut";"r2";0,993312552951319;36,3092463092463;60,3872053872054;36,4209769778215;20,9103635621629
"Eskimo_Aleut";"r2";0,994300383027945;35,2525252525253;61,5488215488216;35,3745498293062;20,0016417862542
"Eskimo_Aleut";"r2";0,992280880352612;35,5322455322455;58,9057239057239;35,6407071488278;19,9566761040701
"Eskimo_Aleut";"r2";0,991057041721076;36,2237762237762;60,050505050505;36,3343410907216;21,231437374991
"Eskimo_Aleut";"r2";0,993293427716454;38,6790986790987;60,2693602693603;38,7792855078238;21,2357826629938
"Eskimo_Aleut";"r2";0,992300959543608;37,7777777777778;60,1851851851852;37,8817564664432;21,3415654660885
"Eskimo_Aleut";"r2";0,992070968875652;36,013986013986;60,1851851851852;36,1261493512074;21,438840360087
"Eskimo_Aleut";"r2";0,995213907336247;34,4910644910645;64,9326599326599;34,6323247947378;19,3296937219285
"Eskimo_Aleut";"r2";0,993019053020738;36,006216006216;59,3602693602694;36,114587483497;20,9947081641256
"Eskimo_Aleut";"r2";0,994400220323412;36,8376068376068;61,6329966329966;36,9526666510425;19,8619284435766
"Eskimo_Aleut";"r2";0,994618719191489;35,5477855477856;63,6531986531987;35,6782050981587;19,3442184382557
"Eskimo_Aleut";"r2";0,993992100484282;36,3714063714064;61,9191919191919;36,4899575804448;19,8347010449737
"Eskimo_Aleut";"r2";0,993207737942797;36,6122766122766;59,8148148148148;36,7199450030076;21,3051575923899
"Eskimo_Aleut";"r2";0,991912171435633;36,5811965811966;57,9124579124579;36,6801815525713;21,6679534175359
"Eskimo_Aleut";"r2";0,99215028054355;38,3372183372183;57,5084175084175;38,4261798182912;22,0306871170346
"Eskimo_Aleut";"r2";0,993121658666419;32,6884226884227;61,7508417508417;32,8232831017054;19,6186793772673
"Eskimo_Aleut";"r2";0,993757351265904;36,5656565656566;62,2053872053872;36,6846344340544;20,1691420994279
"Eskimo_Aleut";"r2";0,993300046991335;36,2160062160062;60,5555555555556;36,3289507605053;20,6692753568288
"Eskimo_Aleut";"r2";0,990502984262271;37,8710178710179;54,6464646464646;37,9488621716;25,2715038079245
"Eskimo_Aleut";"r2";0,992358206736676;41,0955710955711;53,8215488215488;41,1546243564805;24,5310363351607
"Eskimo_Aleut";"r2";0,992868261948237;36,8142968142968;58,0808080808081;36,912981321334;22,4255022249082
"Eskimo_Aleut";"r2";0,992455864948838;38,3760683760684;57,2558922558923;38,4636777676221;23,0867000833741
"Eskimo_Aleut";"r2";0,993492747570957;36,8376068376068;59,6464646464647;36,9434484051653;21,2027774169501
"Eskimo_Aleut";"r2";0,992219811550173;38,2905982905983;58,0808080808081;38,3824322107385;21,9948641581997
"Eskimo_Aleut";"r2";0,992343762622923;39,8989898989899;57,4242424242424;39,9803135766013;22,9714033256935
"Eskimo_Aleut";"r2";0,993278345282457;38,5936285936286;59,9326599326599;38,6926496207239;21,0922464663284
"Eskimo_Aleut";"r2";0,994973197266358;32,8671328671329;65,2188552188552;33,017256868765;18,528421865022
"Eskimo_Aleut";"r2";0,992724798400141;35,9285159285159;61,5488215488216;36,0474036576125;20,8636970087669
"Eskimo_Aleut";"r2";0,995351919098193;37,4358974358974;61,7171717171717;37,5485715624927;20,3011808507116
"Eskimo_Aleut";"r2";0,99143971775982;37,2571872571873;54,5286195286195;37,3373331145953;22,8671424696271
"Eskimo_Aleut";"r2";0,991331732258801;36,8842268842269;58,2828282828283;36,9835243385127;22,0920441332587
"Eskimo_Aleut";"r2";0,992985827340008;37,6223776223776;57,4579124579125;37,7144218675541;23,132847031951
"Eskimo_Aleut";"r2";0,994838902708726;31,4374514374514;64,3097643097643;31,5899911723578;18,7432012020919
"Eskimo_Aleut";"r2";0,993524191085645;37,7855477855478;57,4579124579124;37,8768348605936;21,9516486434214
"Eskimo_Aleut";"r2";0,992950828623745;36,8764568764569;59,3602693602694;36,9807901130407;21,1806086070533
"Eskimo_Aleut";"r2";0,992700842075977;40,1087801087801;56,7171717171717;40,1858492113712;24,2576504735189
"Eskimo_Aleut";"r2";0,993525714017245;36,4024864024864;60,5555555555556;36,5145656096932;20,6569889147569
"Eskimo_Aleut";"r2";0,99347692978718;34,8795648795649;60,8417508417508;35,0000390603639;20,9152954745246
"Eskimo_Aleut";"r2";0,993763366864869;37,047397047397;61,5488215488216;37,1610927527401;20,450952213713
"Eskimo_Aleut";"r2";0,992093303048762;34,040404040404;61,2962962962963;34,166881498668;20,1693223124779
"Eskimo_Aleut";"r2";0,99346565921286;35,8430458430458;60,4713804713805;35,9573304584906;20,5812749116491
"Eskimo_Aleut";"r2";0,992803151670119;36,7132867132867;61,010101010101;36,826032951323;21,4708842934581
"Eskimo_Aleut";"r2";0,994385180308237;35,990675990676;63,2828282828283;36,117321708969;20,2840032578916
"Eskimo_Aleut";"r2";0,993997831363087;35,6876456876457;59,7306397306397;35,7992141054786;20,5462211676978
"Eskimo_Aleut";"r2";0,99227957340875;37,3115773115773;60,1010101010101;37,4173287398345;21,2729196829325
"Eskimo_Aleut";"r2";0,992564657692766;34,2579642579643;60,3872053872054;34,3792136367542;20,748112546356
"Eskimo_Aleut";"r2";0,993097705427709;36,6511266511267;61,7508417508418;36,767598646949;21,4447222396533
"Eskimo_Aleut";"r2";0,993457899067662;34,3278943278943;60,3030303030303;34,4484286015608;19,5529649781033
"Eskimo_Aleut";"r2";0,993735683384716;34,5998445998446;62,003367003367;34,7270071167983;20,3810183661528
"Eskimo_Aleut";"r2";0,993138920430278;34,5765345765346;63,1986531986532;34,7093518323217;19,2977731782542
"Eskimo_Aleut";"r2";0,987628545033029;38,7257187257187;51,2626262626263;38,7838946307624;25,5290939410496
"Eskimo_Aleut";"r2";0,992727634370235;36,985236985237;58,9057239057239;37,0869561820838;21,0381074239232
"Eskimo_Aleut";"r2";0,994267593413378;35,6565656565657;62,7441077441077;35,7822619075519;19,7601417072921
"Eskimo_Aleut";"r2";0,99035459631544;36,3636363636364;56,7508417508418;36,4582405649691;23,3827900790266
"Eskimo_Aleut";"r2";0,9937153940717;34,2501942501942;63,8552188552189;34,3875725546259;19,1207866552613
"Eskimo_Aleut";"r2";0,992979371082569;37,3892773892774;59,6464646464647;37,4925590006796;21,6523173697263
"Eskimo_Aleut";"r2";0,991768267836002;34,032634032634;60,9259259259259;34,1574288906075;20,7344703072567
"Eskimo_Aleut";"r2";0,990324429235621;35,2214452214452;58,0808080808081;35,327521151187;21,8774391240725
"Eskimo_Aleut";"r2";0,993249411227997;36,6977466977467;61,3804713804714;36,812283703235;21,4694686921818
"Eskimo_Aleut";"r2";0,99106793977944;36,1227661227661;59,4781144781145;36,2311436093339;21,2177063549094
"Eskimo_Aleut";"r2";0,993339560056127;37,2804972804973;59,3602693602694;37,3829556196146;22,0576758417803
"Eskimo_Aleut";"r2";0,993358731258154;34,1103341103341;63,1144781144781;34,244924105713;19,2847269652216
"Eskimo_Aleut";"r2";0,993602837937848;34,5998445998446;61,8350168350168;34,7262259095206;20,0490122497786
"Eskimo_Aleut";"r2";0,989645315611077;36,1072261072261;54,3939393939394;36,1920832454475;23,4426771229389
"Eskimo_Aleut";"r2";0,993738664690418;37,0629370629371;59,4444444444444;37,1667955658675;21,4949499144608
"Eskimo_Aleut";"r2";0,992605278502366;39,5337995337995;56,6329966329966;39,6131461560696;23,0688681376715
"Eskimo_Aleut";"r2";0,992385415289199;38,0885780885781;58,8215488215488;38,1847867694735;21,926048739354
"Eskimo_Aleut";"r2";0,992071034339751;37,3659673659674;59,3602693602694;37,468029092159;21,7431087434341
"Eskimo_Aleut";"r2";0,991531364214856;37,7777777777778;59,1919191919192;37,8771473435047;22,1254047397664
"Eskimo_Aleut";"r2";0,994596349066918;36,8220668220668;62,4579124579125;36,9410266626044;20,4937565026787
"Eskimo_Aleut";"r2";0,992671957290397;36,3714063714064;56,3468013468013;36,4640996195521;22,4808240048636
"Eskimo_Aleut";"r2";0,993205410055964;35,7187257187257;61,4646464646465;35,8381963486372;20,5931170120184
"Eskimo_Aleut";"r2";0,992287941663637;37,1095571095571;58,1986531986532;37,2074183443093;21,9623601367179
"Eskimo_Aleut";"r2";0,992384853832756;34,5143745143745;61,7508417508418;34,6407618333372;20,5481990299623
"Eskimo_Aleut";"r2";0,99368118881819;35,5400155400155;62,6599326599327;35,6658620231706;19,8763606062313
"Eskimo_Aleut";"r2";0,99241417339376;34,1025641025641;60,6397306397306;34,2257064066809;20,019534905497
"Eskimo_Aleut";"r2";0,991595727798698;37,1794871794872;57,8282828282828;37,2753052567438;22,6521605841264
"Eskimo_Aleut";"r2";0,993733759123241;37,1561771561772;60,2693602693603;37,2634309061223;21,4437761330715
"Eskimo_Aleut";"r2";0,994089167292398;36,2393162393162;59,1919191919192;36,3458248377042;21,267092986388
"Eskimo_Aleut";"r2";0,99304519090461;35,1437451437451;63,6531986531987;35,2760395915848;20,0995172087602
"Eskimo_Aleut";"r2";0,991970096484036;32,7195027195027;62,4074074074074;32,8572656182865;20,0428430347967
"Eskimo_Aleut";"r2";0,990285339876981;34,1491841491841;56,7171717171717;34,2539079894068;23,2261203811273
"Eskimo_Aleut";"r2";0,993311964604562;34,9184149184149;60,7575757575758;35,0383182169725;21,1903133744451
"Eskimo_Aleut";"r2";0,992064426331105;38,010878010878;58,4848484848485;38,1058848344231;22,6889066342824
"Eskimo_Aleut";"r2";0,989798062328319;33,8616938616939;58,3164983164983;33,9751732327138;21,9707410895804
"Eskimo_Aleut";"r2";0,991872546170122;36,8919968919969;57,996632996633;36,9899302381901;21,9815837112648
"Eskimo_Aleut";"r2";0,993303244541784;37,3426573426573;57,9124579124579;37,4381088534221;22,290092918242
"Eskimo_Aleut";"r2";0,993458244938661;38,6713286713287;59,8989898989899;38,7698328997633;21,1261707575631
"Eskimo_Aleut";"r2";0,990382001707523;36,9308469308469;57,6599326599327;37,0270375838821;23,5544452499691
"Eskimo_Aleut";"r2";0,991244501164495;34,6697746697747;58,1144781144781;34,7785667971283;20,9123735288644
"Eskimo_Aleut";"r2";0,994349204282861;33,5742035742036;64,3939393939394;33,7172185896084;18,9439778777659
"Eskimo_Aleut";"r2";0,994911907879517;35,8041958041958;60,3030303030303;35,9178794909653;21,0712873105745
"Eskimo_Aleut";"r2";0,994143383798967;34,5066045066045;62,037037037037;34,6343559336599;20,0465046047933
"Eskimo_Aleut";"r2";0,992156347665115;41,4452214452214;52,8787878787879;41,4982774379526;24,3913773092713
"Eskimo_Aleut";"r2";0,991912171435633;36,3325563325563;57,9124579124579;36,4326950869874;22,4204216177272
"Eskimo_Aleut";"r2";0,992332572035619;33,4654234654235;63,3164983164983;33,603943534338;19,437966958472
"Eskimo_Aleut";"r2";0,992099163160452;35,6721056721057;58,9393939393939;35,7800745271743;22,2676251505785
"Eskimo_Aleut";"r2";0,992692775302428;38,4071484071484;57,6262626262626;38,4963322318311;22,3354734831726
"Eskimo_Aleut";"r2";0,99322980104079;33,8306138306138;63,030303030303;33,9661112282922;19,8682545816962
"Eskimo_Aleut";"r2";0,993911676469839;36,993006993007;61,010101010101;37,1044552251049;20,2692512306578
"Eskimo_Aleut";"r2";0,991362963609972;37,7700077700078;56,2626262626263;37,8558203848227;23,5546666706753
"Eskimo_Aleut";"r2";0,994924181719616;34,7474747474747;65,1010101010101;34,8883264196489;18,7919195672603
"Eskimo_Aleut";"r2";0,993090261122565;34,6153846153846;61,3804713804714;34,7395845539697;20,0906102861278
"Eskimo_Aleut";"r2";0,993770384000613;36,4024864024864;60,1010101010101;36,5124563500434;20,3384425039248
"Eskimo_Aleut";"r2";0,993396916488518;36,037296037296;61,8350168350168;36,1570070386776;20,1921521324026
"Eskimo_Aleut";"r2";0,994113409441967;29,7513597513598;64,8484848484848;29,9142234409056;18,2475443086695
"Eskimo_Aleut";"r2";0,994105141915932;35,4545454545455;62,5757575757576;35,5803979469873;19,9725193808465
"Eskimo_Aleut";"r2";0,994211053087055;38,2439782439782;60,2693602693603;38,3461841930519;21,2182341218919
"Eskimo_Aleut";"r2";0,99442000271636;35,8275058275058;61,4646464646465;35,9464716773302;20,3315640601116
"Eskimo_Aleut";"r2";0,992973415398547;37,008547008547;59,1077441077441;37,1110954869656;21,488064759224
"Eskimo_Aleut";"r2";0,995423358213072;32,8593628593629;66,5824915824916;33,0158506956651;18,3283256820698
"Eskimo_Aleut";"r2";0,992284076786283;35,6954156954157;59,7306397306397;35,8069480575281;21,1666828391652
"Eskimo_Aleut";"r2";0,991052801957389;39,6503496503496;53,7373737373737;39,7157186716351;24,1433124599535
"Eskimo_Aleut";"r2";0,993508507504229;34,6853146853147;60,3872053872054;34,8045809994766;20,1242634764838
"Eskimo_Aleut";"r2";0,993963522029633;37,9487179487179;59,1919191919192;38,0472942885936;21,4360976522593
"Eskimo_Aleut";"r2";0,994105861180204;34,4289044289044;63,2323232323232;34,5625629848368;19,9624083914729
"Eskimo_Aleut";"r2";0,992181200719003;35,967365967366;60,5555555555556;36,0814642949214;21,7410830402796
"Eskimo_Aleut";"r2";0,99479722284644;35,9362859362859;61,8350168350168;36,0564656620341;20,0064780954513
"Eskimo_Aleut";"r2";0,99352634979009;39,013209013209;58,5353535353535;39,1037990109916;22,8262035623562
"Eskimo_Aleut";"r2";0,993068191282944;36,5734265734266;60,1851851851852;36,6829938987712;21,0327076514819
"Eskimo_Aleut";"r2";0,993732109398649;35,8974358974359;62,3737373737374;36,0202957650754;20,3506739439177
"Eskimo_Aleut";"r2";0,992498666083625;34,6620046620047;60,4713804713805;34,781769746967;20,9982718319144
"Eskimo_Aleut";"r2";0,992481843819903;34,8174048174048;61,3804713804714;34,9406673072566;20,9925046621237
"Eskimo_Aleut";"r2";0,990249836656719;39,99222999223;53,7878787878788;40,0562469239963;24,6700249380918
"Eskimo_Aleut";"r2";0,993318504436699;36,9075369075369;61,8350168350168;37,0232096682213;20,8632618409467
"Eskimo_Aleut";"r2";0,99331108858891;35,3613053613054;59,4781144781145;35,4732163084831;21,1652442679838
"Eskimo_Aleut";"r2";0,991417782805832;37,2882672882673;59,4781144781145;37,3912364167585;21,1981155418441
"Eskimo_Aleut";"r2";0,993075581252205;31,3442113442113;64,6801346801347;31,4989024037748;18,9072875855122
"Eskimo_Aleut";"r2";0,992129837222556;29,99222999223;63,4006734006734;30,1472575718515;19,2505605280807
"Eskimo_Aleut";"r2";0,994785106867181;32,960372960373;64,8484848484848;33,108345637348;18,8409963331807
"Eskimo_Aleut";"r2";0,993861594915054;36,3480963480963;62,0875420875421;36,4675369315741;20,1995976494023
"Eskimo_Aleut";"r2";0,992040171380018;34,2735042735043;58,9057239057239;34,3878069168092;21,4034157649244
"Eskimo_Aleut";"r2";0,993922066691526;31,9036519036519;63,5690235690236;32,0505909833056;18,9178825838627
"Eskimo_Aleut";"r2";0,99326744163643;34,0559440559441;58,989898989899;34,1716468630622;20,705027776277
"Eskimo_Aleut";"r2";0,993377285460608;36,6278166278166;59,3602693602694;36,7333036474568;21,475645452201
"Eskimo_Aleut";"r2";0,992463428641244;37,0707070707071;56,0942760942761;37,1589834930902;22,3011882827834
"Eskimo_Aleut";"r2";0,991591861176312;35,6099456099456;59,4781144781145;35,720702774067;22,2797746196766
"Eskimo_Aleut";"r2";0,993432997473628;38,018648018648;61,4646464646465;38,1274461552884;20,6532027581714
"Eskimo_Aleut";"r2";0,990018471259595;35,9207459207459;54,2760942760943;36,0059215511652;24,044410813738
"Eskimo_Aleut";"r2";0,993227287848845;35,9285159285159;61,1279461279461;36,0454506394182;20,4373194203575
"Eskimo_Aleut";"r2";0,99244246209641;39,5104895104895;56,9191919191919;39,5912723522932;23,5897657200635
"Eskimo_Aleut";"r2";0,993926161907727;33,7606837606838;63,1986531986532;33,8972868671244;18,8923189825956
"Eskimo_Aleut";"r2";0,994080151628345;34,6076146076146;63,6531986531987;34,7423969001695;19,2492145714078
"Eskimo_Aleut";"r2";0,991223372156691;33,1080031080031;60,6734006734007;33,2359167858008;20,952089625513
"Eskimo_Aleut";"r2";0,993220034646711;32,8515928515929;62,7441077441077;32,9903052176834;19,2109872162571
"Eskimo_Aleut";"r2";0,992630394058495;34,957264957265;62,1212121212121;35,0833157561696;20,9534423182119
"Eskimo_Aleut";"r2";0,991671775314202;36,1072261072261;60,016835016835;36,2181755685236;21,806659952427
"Eskimo_Aleut";"r2";0,990503192105356;31,1577311577312;59,4781144781145;31,2891482497051;21,5314340040277
"Eskimo_Aleut";"r2";0,993172360802513;35,5788655788656;62,2053872053872;35,7024225237682;20,1982474083478
"Eskimo_Aleut";"r2";0,99367447567608;35,3690753690754;61,4646464646465;35,4901685064098;20,0676210631854
"Eskimo_Aleut";"r2";0,990601497391356;35,951825951826;58,0808080808081;36,0545126438398;21,3673782761278
"Eskimo_Aleut";"r2";0,993715123223772;33,3566433566434;63,8552188552189;33,4981680689337;19,1245108140234
"Eskimo_Aleut";"r2";0,992561298487563;37,2727272727273;58,2828282828283;37,3702219409876;21,9012773244962
"Eskimo_Aleut";"r2";0,993688202733757;36,6433566433566;59,8989898989899;36,7512714148445;20,6994448980002
"Eskimo_Aleut";"r2";0,99256126836429;36,7599067599068;60,016835016835;36,8678275406814;21,1313082997236
"Eskimo_Aleut";"r2";0,993948548995651;36,3403263403263;62,7441077441077;36,4628496879077;20,6188806801588
"Eskimo_Aleut";"r2";0,993722067356375;36,8531468531469;61,010101010101;36,9652440882139;20,8118677966417
"Eskimo_Aleut";"r2";0,992839419625718;36,7599067599068;59,6464646464647;36,8661088846704;21,1043303139251
"Eskimo_Aleut";"r2";0,994670297382622;37,3970473970474;61,1784511784512;37,5074019389565;20,1028327797515
"Eskimo_Aleut";"r2";0,990958117611049;36,6122766122766;59,1077441077441;36,7166639324412;21,6177780272565
"Eskimo_Aleut";"r2";0,993608412306105;40,1864801864802;55,3535353535354;40,2568609529166;23,8619431489194
"Eskimo_Aleut";"r2";0,993002373495034;34,6464646464647;61,2962962962963;34,7701297585288;20,4494911897722
"Eskimo_Aleut";"r2";0,991675609589823;39,4794094794095;57,1717171717172;39,5615083550118;22,7662734742879
"Eskimo_Aleut";"r2";0,994235637850385;37,1561771561772;61,6666666666667;37,2699149265274;20,5004528373872
"Eskimo_Aleut";"r2";0,990854803234426;36,6355866355866;53,1649831649832;36,7122891716859;24,2466798946254
"Eskimo_Aleut";"r2";0,99186248916259;34,8329448329448;60,016835016835;34,949807432406;20,9094641264438
"Eskimo_Aleut";"r2";0,993128885600837;35,4778554778555;60,7575757575758;35,5951627645363;20,9621532215227
"Eskimo_Aleut";"r2";0,99371493697459;32,2610722610723;63,4006734006734;32,4055715703048;19,2539321421697
"Eskimo_Aleut";"r2";0,995198431132417;34,2424242424242;64,1919191919192;34,3814010171319;19,2849088257719
"Eskimo_Aleut";"r2";0,991940261835066;36,029526029526;57,7441077441077;36,1302897497793;21,9252353868648
"Eskimo_Aleut";"r2";0,99310184620676;37,1406371406371;59,3939393939394;37,2439007241791;21,4386049429858
"Eskimo_Aleut";"r2";0,993670604537186;38,5003885003885;56,3468013468013;38,5832024811143;23,2847137727794
"Eskimo_Aleut";"r2";0,993780150340611;36,2548562548563;60,016835016835;36,365120657464;20,0613610265854
"Eskimo_Aleut";"r2";0,99261648673496;38,3682983682984;57,996632996633;38,4593811275946;21,3896869276178
"Eskimo_Aleut";"r2";0,991690839372122;35,7731157731158;59,023569023569;35,8810065074566;22,3036662115806
"Eskimo_Aleut";"r2";0,99273753093931;36,1072261072261;58,3670033670034;36,2105197372019;21,3230834533019
"Eskimo_Aleut";"r2";0,993473675777904;34,1880341880342;64,2255892255892;34,3274195942409;19,2031744454389
"Eskimo_Aleut";"r2";0,993396818154852;38,2284382284382;58,2828282828283;38,3214980430758;21,7754560910356
"Eskimo_Aleut";"r2";0,992169029905498;39,6425796425796;58,4511784511785;39,729858523362;23,0316184092124
"Eskimo_Aleut";"r2";0,992203717831472;36,1849261849262;56,2626262626263;36,2780941667253;22,7169290540699
"Eskimo_Aleut";"r2";0,992637815636395;35,4156954156954;60,3872053872054;35,5315724921293;20,8180111396367
"Eskimo_Aleut";"r2";0,99082041487763;38,2284382284382;57,6599326599327;38,3186075761482;23,2617733670579
"Eskimo_Aleut";"r2";0,994012266883562;36,6744366744367;62,5757575757576;36,7946284187584;20,3346662989393
"Eskimo_Aleut";"r2";0,99316092880106;37,1406371406371;57,4579124579124;37,2349168404853;22,1299878209033
"Eskimo_Aleut";"r2";0,993103590304045;37,3970473970474;59,4444444444444;37,4993555039959;20,5391992714689
"Eskimo_Aleut";"r2";0,992358886008865;40,6915306915307;54,4444444444444;40,7553493168342;24,2625446515346
"Eskimo_Aleut";"r2";0,992037771119531;35,1825951825952;59,023569023569;35,2932261516948;21,7543020440539
"Eskimo_Aleut";"r2";0,99335519151804;33,8927738927739;63,3164983164983;34,0293108970603;19,3625052676935
"Eskimo_Aleut";"r2";0,992142344731594;33,1313131313131;60,9259259259259;33,2602904528659;21,3437840810868
"Eskimo_Aleut";"r2";0,993123343628711;37,7311577311577;58,9057239057239;37,8294155788355;21,883267515242
"Eskimo_Aleut";"r2";0,994585499016818;37,5757575757576;59,8148148148148;37,6789550571453;20,1712078030519
"Eskimo_Aleut";"r2";0,992896651051834;30,3263403263403;62,6599326599327;30,4763801979579;19,0251958768019
"Eskimo_Aleut";"r2";0,993298635539742;34,2035742035742;63,030303030303;34,3373409266681;20,0056001788971
"Eskimo_Aleut";"r2";0,991384212684688;35,011655011655;58,1144781144781;35,1188606873062;22,1720204234864
"Eskimo_Aleut";"r2";0,994531793665093;37,2261072261072;60,5218855218855;37,3342082854844;20,4376465211473
"Eskimo_Aleut";"r2";0,992112377840967;32,8749028749029;62,4915824915825;33,0123352629153;19,7669961159508
"Eskimo_Aleut";"r2";0,990084733961303;35,6876456876457;58,030303030303;35,7913239119736;22,5881225617881
"Eskimo_Aleut";"r2";0,994003867078735;37,2882672882673;57,5420875420875;37,3822525330646;21,3854696757017
"Eskimo_Aleut";"r2";0,990966796340569;37,3737373737374;57,7441077441077;37,4682634543423;21,31951245678
"Eskimo_Aleut";"r2";0,994356959905905;35,011655011655;62,1717171717172;35,1376877826994;19,591393130392
"Eskimo_Aleut";"r2";0,995699004439306;35,1903651903652;65,1851851851852;35,3295522901091;19,4096456641998
"Eskimo_Aleut";"r2";0,99294062063844;41,2587412587413;56,8855218855219;41,3312553219746;23,167149023667
"Eskimo_Aleut";"r2";0,993346316828283;38,8344988344988;57,9124579124579;38,9230276469256;21,6098010233891
"Eskimo_Aleut";"r2";0,994622062741789;36,2781662781663;60,8417508417508;36,3921504292734;20,5922985797596
"Eskimo_Aleut";"r2";0,991971200373223;34,0559440559441;59,9326599326599;34,1760216238175;20,6436963039214
"Eskimo_Aleut";"r2";0,993167136581452;36,045066045066;62,3737373737374;36,1672408540158;19,9214930055509
"Eskimo_Aleut";"r2";0,9917798983406;33,5819735819736;60,4713804713805;33,7067504120868;20,8636751044559
"Eskimo_Aleut";"r2";0,994119888750933;36,6977466977467;60,2693602693603;36,807127735202;20,7833774952632
"Eskimo_Aleut";"r2";0,991581865722865;36,2470862470862;60,016835016835;36,3573867054145;20,7178270300894
"Eskimo_Aleut";"r2";0,993642539813429;33,0846930846931;64,9326599326599;33,2324794737788;18,8374922352826
"Eskimo_Aleut";"r2";0,992434247493787;33,4343434343434;62,5757575757576;33,569570414118;20,0461175877631
"Eskimo_Aleut";"r2";0,991171768672726;39,1375291375291;55,9259259259259;39,2154335309788;24,268849191898
"Eskimo_Aleut";"r2";0,993306633058932;39,1452991452991;57,2558922558923;39,2293390205223;22,9179508984967
"Eskimo_Aleut";"r2";0,993625065914384;34,2657342657343;61,6666666666667;34,3928847641145;20,3646242460969
"Eskimo_Aleut";"r2";0,993498498939976;37,6689976689977;61,4646464646465;37,779418313061;20,8943517334078
"Eskimo_Aleut";"r2";0,992994886476178;35,1981351981352;61,3804713804714;35,319630957682;20,6865988346718
"Eskimo_Aleut";"r2";0,992291500416778;37,4048174048174;56,5488215488216;37,4936526908685;22,4769722694382
"Eskimo_Aleut";"r2";0,993021507316341;35,4001554001554;62,2895622895623;35,5249322302687;20,4841676635428
"Eskimo_Aleut";"r2";0,992344028909306;36,7521367521368;57,8282828282828;36,8499378940214;22,6162670872544
"Eskimo_Aleut";"r2";0,992366986692102;33,6674436674437;59,4781144781145;33,7872147616927;20,9762867615235
"Eskimo_Aleut";"r2";0,991615312800859;37,7233877233877;59,5622895622896;37,8247283351692;21,5584419992193
"Eskimo_Aleut";"r2";0,992956001460625;34,6076146076146;62,1212121212121;34,7352879139422;19,7420637616161
"Eskimo_Aleut";"r2";0,994373467855223;34,4832944832945;63,9393939393939;34,6199817197497;18,8768649590979
"Eskimo_Aleut";"r2";0,992374412918077;38,3838383838384;56,7171717171717;38,4689118563829;22,0785663476046
"Eskimo_Aleut";"r2";0,993323431575962;37,4825174825175;59,1919191919192;37,5832571656238;21,2668398849278
"Eskimo_Aleut";"r2";0,992968619989278;37,1173271173271;59,023569023569;37,2189802120197;22,173691291541
"Eskimo_Aleut";"r2";0,993873184048426;36,8764568764569;62,2895622895623;36,9943831196731;21,4928689814444
"Eskimo_Aleut";"r2";0,990322338414631;37,1872571872572;56,8350168350168;37,2784300858547;22,5642225764581
"Eskimo_Aleut";"r2";0,993481552497732;35,8275058275058;62,2053872053872;35,9499089893521;20,8351296998137
"Eskimo_Aleut";"r2";0,99304871134122;36,9153069153069;58,3670033670034;37,0148507503496;22,5771913588622
"Eskimo_Aleut";"r2";0,992756975132581;36,3714063714064;59,1077441077441;36,4769114189068;21,1126434907735
"Eskimo_Aleut";"r2";0,991918161588984;38,6713286713287;57,2558922558923;38,757567945503;22,5520890094205
"Eskimo_Aleut";"r2";0,992715836550758;35,0660450660451;61,4141414141414;35,1883100142961;20,9885216775739
"Eskimo_Aleut";"r2";0,99236578561771;38,3449883449883;58,0808080808081;38,436569875085;21,9736524151436
"Eskimo_Aleut";"r2";0,988343869258099;37,8010878010878;52,9124579124579;37,8712101681939;24,2803666472537
"Eskimo_Aleut";"r2";0,992800570254773;34,6697746697747;61,010101010101;34,7920035623052;20,226192642166
"Eskimo_Aleut";"r2";0,993269818536305;33,6752136752137;62,3737373737374;33,8083854789191;20,1525272106962
"Eskimo_Aleut";"r2";0,994544021325748;33,6596736596737;63,3670033670034;33,7975266977587;19,26283939589
"Eskimo_Aleut";"r2";0,992366016768982;35,6099456099456;59,4781144781145;35,720702774067;21,4447816722783
"Eskimo_Aleut";"r2";0,991262817067581;36,5423465423465;58,6531986531986;36,6449491043459;21,5550057699591
"Eskimo_Aleut";"r2";0,993704637979098;32,4475524475524;63,6531986531987;32,5923582304093;19,1648513912035
"Eskimo_Aleut";"r2";0,99211003234678;37,1794871794872;58,0808080808081;37,2764770676604;21,6269244678606
"Eskimo_Aleut";"r2";0,992731722919522;35,027195027195;60,1010101010101;35,1435468372823;21,5865822296551
"Eskimo_Aleut";"r2";0,993595118479442;35,7187257187257;59,9326599326599;35,8310873624099;21,131473671272
"Eskimo_Aleut";"r2";0,994308020940111;38,3760683760684;59,6464646464647;38,4747709109658;21,1867436479049
"Eskimo_Aleut";"r2";0,991004896144836;39,036519036519;55,5555555555556;39,1131734983243;23,2480578952759
"Eskimo_Aleut";"r2";0,993029296472388;34,9184149184149;61,2962962962963;35,0408180802612;20,3237176109053
"Eskimo_Aleut";"r2";0,993672176760226;38,0963480963481;59,1919191919192;38,194239377534;21,8379864089638
"Eskimo_Aleut";"r2";0,993008690184415;36,3014763014763;60,7575757575758;36,414961681783;21,3349481621827
"Eskimo_Aleut";"r2";0,992064826811273;35,2214452214452;61,2121212121212;35,3420516065528;20,5042082298994
"Eskimo_Aleut";"r2";0,993404887162632;37,9331779331779;58,7037037037037;38,0295608833892;22,0862424271146
"Eskimo_Aleut";"r2";0,993489252172888;38,003108003108;60,8417508417508;38,1090877842618;20,1438631725344
"Eskimo_Aleut";"r2";0,992181984059073;35,7731157731158;60,016835016835;35,8856156303952;20,9286012785223
"Eskimo_Aleut";"r2";0,994842383675843;34,7397047397047;60,5218855218855;34,8593436296453;20,4742654932289
"Eskimo_Aleut";"r2";0,991431560622199;33,8383838383838;60,1851851851852;33,9606427773481;21,2815717352467
"Eskimo_Aleut";"r2";0,9945443844192;36,3714063714064;62,9124579124579;36,4945667033834;19,4248821531796
"Eskimo_Aleut";"r2";0,99270794838554;34,8640248640249;58,3670033670034;34,9730874092823;20,659356246085
"Eskimo_Aleut";"r2";0,990396220658905;36,9463869463869;56,4646464646465;37,0369589163093;24,3328497538558
"Eskimo_Aleut";"r2";0,992115297390257;37,024087024087;60,4713804713805;37,1328911700141;21,7828981011204
"Eskimo_Aleut";"r2";0,993336114125459;37,1095571095571;58,6195286195286;37,2093713625036;22,0880124851404
"Eskimo_Aleut";"r2";0,992582409331479;31,041181041181;63,5690235690236;31,1921223058114;19,4643820618953
"Eskimo_Aleut";"r2";0,994014762244769;40,5672105672106;57,3400673400673;40,6450428492192;22,7021754624978
"Eskimo_Aleut";"r2";0,993630439431311;39,0675990675991;57,9124579124579;39,1550462084105;21,8816411046598
"Eskimo_Aleut";"r2";0,99288683059698;38,6557886557887;57,3737373737374;38,7426468864984;22,5597814582644
"Eskimo_Aleut";"r2";0,992078007665117;35,4079254079254;59,5622895622896;35,520010624419;20,7669670551879
"Eskimo_Aleut";"r2";0,990727520865137;37,5602175602176;55,3535353535354;37,6427851601866;22,9574818866519
"Eskimo_Aleut";"r2";0,992557717704673;34,2268842268842;63,3164983164983;34,3618708351887;19,6705286754467
"Eskimo_Aleut";"r2";0,993903154468284;35,6487956487956;61,3804713804714;35,7682001765528;19,9703305459246
"Eskimo_Aleut";"r2";0,991533129539418;35,4467754467754;55,2693602693603;35,5387595990844;23,3756039730044
"Eskimo_Aleut";"r2";0,993590273186069;36,037296037296;61,010101010101;36,1531791230167;20,9063988367766
"Eskimo_Aleut";"r2";0,993178907969942;34,2657342657343;60,6734006734007;34,3882756411759;19,5058886173335
"Eskimo_Aleut";"r2";0,993031745557059;37,6534576534577;59,1919191919192;37,7534041107127;21,3138810616051
"Eskimo_Aleut";"r2";0,993007639980852;40,5749805749806;57,1717171717172;40,651995593991;23,1395706659179
"Eskimo_Aleut";"r2";0,988471504973531;40,6915306915307;52,8787878787879;40,7480840891514;25,8527655473773
"Eskimo_Aleut";"r2";0,992291541478422;35,5011655011655;60,6734006734007;35,6179740170459;20,7183171259611
"Eskimo_Aleut";"r2";0,990983454434583;39,4327894327894;55,8922558922559;39,5091674674041;23,0443726316919
"Eskimo_Aleut";"r2";0,992458196178855;33,1546231546232;64,6801346801347;33,3009132313077;19,0722978631017
"Eskimo_Aleut";"r2";0,993219714977153;30,955710955711;64,6801346801347;31,1122048012999;18,7699975899171
"Eskimo_Aleut";"r2";0,994146084255874;32,9137529137529;64,8484848484848;33,061941925051;18,8880790732648
"Eskimo_Aleut";"r2";0,991264495564648;34,1025641025641;57,7441077441077;34,212269641504;22,8871014429864
"Eskimo_Aleut";"r2";0,989375187078956;38,003108003108;52,6262626262626;38,0709648691087;25,8844321618813
"Eskimo_Aleut";"r2";0,992657257518179;36,8220668220668;59,1077441077441;36,9254806377776;21,3202858686479
"Eskimo_Aleut";"r2";0,993556899083491;35,8197358197358;57,3737373737374;35,9197543884319;21,4503666020771
"Eskimo_Aleut";"r2";0,99532200162101;33,5975135975136;65,2188552188552;33,7442483614177;18,872405100325
"Eskimo_Aleut";"r2";0,994698055970766;35,4545454545455;62,0875420875421;35,5781324458819;19,9797894577644
"Eskimo_Aleut";"r2";0,993472944478832;33,3411033411033;62,8619528619529;33,4780910418961;19,649850806807
"Eskimo_Aleut";"r2";0,994593449310212;33,7995337995338;63,5690235690236;33,9376752833829;18,6766727447742
"Eskimo_Aleut";"r2";0,992676359579132;37,1950271950272;58,4511784511785;37,2936636277704;21,8784967193116
"Eskimo_Aleut";"r2";0,995018119819894;32,7661227661228;61,4646464646465;32,8992945698282;18,615052418358
"Eskimo_Aleut";"r2";0,994189809326772;37,9254079254079;60,5555555555556;38,0304202113947;20,4392131418634
"Eskimo_Aleut";"r2";0,989106899928893;34,8484848484849;58,6531986531986;34,9589475575554;21,3967312346535
"Eskimo_Aleut";"r2";0,993213462090049;35,4545454545455;61,3804713804714;35,5748513753154;20,5271536748457
"Eskimo_Aleut";"r2";0,993713804201695;37,4980574980575;59,4444444444444;37,5998968806393;20,998667500111
"Eskimo_Aleut";"r2";0,993513543342911;38,2362082362082;59,6464646464647;38,3355597740749;21,9329245441199
"Eskimo_Aleut";"r2";0,992831114285556;33,2012432012432;62,5757575757576;33,3375518526331;19,2105447726826
"Eskimo_Aleut";"r2";0,992748459033855;34,8096348096348;61,4646464646465;34,933323958846;20,4422240728831
"Eskimo_Aleut";"r2";0,993132536979055;35,2136752136752;59,6464646464647;35,3270524268204;20,8250153854089
"Eskimo_Aleut";"r2";0,994620566932761;30,3263403263403;66,1279461279461;30,4924730678791;17,8676404470157
"Eskimo_Aleut";"r2";0,989140649311824;37,9254079254079;54,8989898989899;38,0041716468631;23,9876986642464
"Eskimo_Aleut";"r2";0,993289765437283;36,5889665889666;60,7575757575758;36,7011179076144;20,6989515864167
"Eskimo_Aleut";"r2";0,993771912684508;36,4335664335664;62,0875420875421;36,5526104041185;20,5500005932387
"Eskimo_Aleut";"r2";0,993678949059652;38,4304584304584;58,989898989899;38,5258618669292;21,2064810111971
"Eskimo_Aleut";"r2";0,993240801938855;33,7917637917638;62,0875420875421;33,9230667072894;20,0292902070849
"Eskimo_Aleut";"r2";0,993493850671211;36,2237762237762;59,5286195286195;36,3319193481607;21,6307301073378
"Eskimo_Aleut";"r2";0,992312000652858;33,3877233877234;61,7508417508418;33,5193387861601;20,5684601831062
"Eskimo_Aleut";"r2";0,992755519929501;34,1491841491841;62,1212121212121;34,2789847430219;20,8710308027838
"Eskimo_Aleut";"r2";0,989495502459915;36,7443667443667;57,2053872053872;36,8393134750443;23,5340611966844
"Eskimo_Aleut";"r2";0,993649202103296;35,027195027195;59,1077441077441;35,1389377143437;20,6246479931345
"Eskimo_Aleut";"r2";0,99220492286434;34,6464646464647;59,8148148148148;34,7632551344848;20,4075352123067
"Eskimo_Aleut";"r2";0,99270823549366;39,1919191919192;57,5420875420875;39,2770707851914;22,3272027909219
"Eskimo_Aleut";"r2";0,992389358158327;33,1701631701632;60,2188552188552;33,2956791425469;20,4327522986784
"Eskimo_Aleut";"r2";0,992485348647588;33,030303030303;61,4983164983165;33,1624051809667;20,0531248642554
"Eskimo_Aleut";"r2";0,993287282031906;39,1763791763792;57,6262626262626;39,2619934847313;22,0172017603198
"Eskimo_Aleut";"r2";0,989437450580033;32,8826728826729;59,3939393939394;33,0056950010546;20,5128442329316
"Eskimo_Aleut";"r2";0,99423062944622;31,4063714063714;64,3939393939394;31,5594459677986;18,8109650767555
"Eskimo_Aleut";"r2";0,992267796118106;37,0940170940171;59,8148148148148;37,1994500300765;21,1814574301419
"Eskimo_Aleut";"r2";0,993851917108477;37,2416472416472;61,8350168350168;37,3557696063496;20,8560602004899
"Eskimo_Aleut";"r2";0,992112395831951;35,4001554001554;59,3097643097643;35,5111048614529;21,556920365448
"Eskimo_Aleut";"r2";0,992246064501352;35,6721056721057;59,7643097643098;35,7839024428352;21,8030597146367
"Eskimo_Aleut";"r2";0,992941027114982;35,8508158508158;59,8989898989899;35,9624083057958;21,2299464728926
"Eskimo_Aleut";"r2";0,991735373056545;39,1996891996892;56,4646464646465;39,2798050106635;24,1948797274197
"Eskimo_Aleut";"r2";0,994211693323863;36,1616161616162;60,7239057239057;36,2755943034365;20,4828682124377
"Eskimo_Aleut";"r2";0,994193634981448;36,3247863247863;63,030303030303;36,4487098361808;20,2263275426092
"Eskimo_Aleut";"r2";0,992849584041417;35,6487956487956;57,2895622895623;35,7492168397041;22,0564186036619
"Eskimo_Aleut";"r2";0,994569785595338;32,8904428904429;65,3872053872054;33,0412399321912;19,0204269219443
"Eskimo_Aleut";"r2";0,990672624889606;36,1227661227661;57,8282828282828;36,2234877780121;22,1006179152976
"Eskimo_Aleut";"r2";0,991711965322722;39,8989898989899;53,7878787878788;39,9634394994024;24,6201080022406
"Eskimo_Aleut";"r2";0,992545237818626;34,5143745143745;62,4915824915825;34,6441991453592;20,0640730117385
"Eskimo_Aleut";"r2";0,993666024917138;35,3768453768454;61,8350168350168;35,4996211144703;20,0492576051877
"Eskimo_Aleut";"r2";0,99239141785737;33,2634032634033;62,7777777777778;33,4003609177623;20,0395526998279
"Eskimo_Aleut";"r2";0,994102543261157;35,1903651903652;60,4713804713805;35,3076784863328;20,7023274246791
"Eskimo_Aleut";"r2";0,990587064599252;35,1748251748252;58,8552188552189;35,2847109923676;21,392375381909
"Eskimo_Aleut";"r2";0,993770796234392;35,6099456099456;61,8350168350168;35,7316396759552;20,6632856383166
"Eskimo_Aleut";"r2";0,991549009384021;35,4467754467754;57,2895622895623;35,5481340864172;20,7765891636976
"Eskimo_Aleut";"r2";0,990100177018676;36,9153069153069;55,5892255892256;37,0019608302671;24,4355722377885
"Eskimo_Aleut";"r2";0,992631253832305;36,0683760683761;58,8215488215488;36,1739592366042;21,7546114932779
"Eskimo_Aleut";"r2";0,992641351722962;38,003108003108;59,2760942760943;38,1018225565789;21,1924967857819
"Eskimo_Aleut";"r2";0,993691341880488;35,6721056721057;61,010101010101;35,7896833766903;20,2271649963515
"Eskimo_Aleut";"r2";0,99322376644475;36,1072261072261;60,2693602693603;36,2193473794402;20,5464723761181
"Eskimo_Aleut";"r2";0,993454083753297;37,2960372960373;57,7441077441077;37,3909239338474;21,7007696172313
"Eskimo_Aleut";"r2";0,994399877864734;39,5027195027195;59,5622895622896;39,595803354504;21,177730011132
"Eskimo_Aleut";"r2";0,990636699397495;35,3457653457653;59,4781144781145;35,4577484043841;21,4806497625097
"Eskimo_Aleut";"r2";0,995127987389701;35,2447552447552;64,2760942760943;35,3794714351559;19,4163016453326
"Eskimo_Aleut";"r2";0,993867112464197;36,993006993007;59,1919191919192;37,0960181865054;20,8699687860465
"Eskimo_Aleut";"r2";0,992695566745333;35,1981351981352;61,8350168350168;35,3217402173319;19,8287962114205
"Eskimo_Aleut";"r2";0,991041734009934;37,2027972027972;57,9461279461279;37,2990539579867;22,0477540367998
"Eskimo_Aleut";"r2";0,994222259800867;35,8896658896659;61,1784511784512;36,007015241354;20,8423420907683
"Eskimo_Aleut";"r2";0,988133787671731;35,0660450660451;55,6397306397306;35,1615146046701;22,4878291461368
"Eskimo_Aleut";"r2";0,993962303549192;34,6775446775447;64,4781144781145;34,8158303842759;19,3275088421765
"Eskimo_Aleut";"r2";0,993863525136175;38,3216783216783;60,1010101010101;38,4227425062692;21,1294516255661
"Eskimo_Aleut";"r2";0,995108935303433;35,5322455322455;61,3804713804714;35,6521908958104;19,5394724583241
"Eskimo_Aleut";"r2";0,994414264651375;34,4133644133644;61,9191919191919;34,5410016639715;20,1493525521671
"Eskimo_Aleut";"r2";0,992000657417812;37,4747474747475;58,1986531986532;37,5709140906357;21,5918566396602
"Eskimo_Aleut";"r2";0,994633921748214;35,1825951825952;61,7171717171717;35,3057254681385;20,147804434316
"Eskimo_Aleut";"r2";0,989327560865262;36,5345765345765;56,2626262626263;36,6261220089526;22,8292373767413
"Eskimo_Aleut";"r2";0,993171165156292;34,8795648795649;60,8417508417508;35,0000390603639;20,6436587100617
"Eskimo_Aleut";"r2";0,992411855416359;38,0574980574981;58,5353535353535;38,1525229089034;22,0676293249111
"Eskimo_Aleut";"r2";0,992216303675824;37,6379176379176;57,0875420875421;37,7281711156421;22,1760075075474
"Eskimo_Aleut";"r2";0,993997577567669;36,6977466977467;60,016835016835;36,8059559242854;21,4207814996508
"Eskimo_Aleut";"r2";0,993250913922767;39,1064491064491;59,8148148148148;39,2025436108963;22,1318806279188
"Eskimo_Aleut";"r2";0,992472577506724;38,9432789432789;58,4511784511785;39,0338028389072;23,4804665641125
"Eskimo_Aleut";"r2";0,992131664749891;37,0862470862471;58,6531986531987;37,1863257478107;21,5390978659448
"Eskimo_Aleut";"r2";0,993460158909223;39,1530691530692;57,7441077441077;39,2393384736772;22,9044848985221
"Eskimo_Aleut";"r2";0,990698909480919;39,99222999223;55,2693602693603;40,0631215480403;24,0547445336077
"Eskimo_Aleut";"r2";0,995021514917789;36,3092463092463;62,003367003367;36,4284765676877;20,3372264864228
"Eskimo_Aleut";"r2";0,992381692088161;35,4545454545455;60,5555555555556;35,5710234596545;20,5449304239661
"Eskimo_Aleut";"r2";0,989184842630616;36,0994560994561;56,3804713804714;36,1935675392752;21,8441234458063
"Eskimo_Aleut";"r2";0,993625284331821;35,3535353535354;61,010101010101;35,4725913426609;20,1279560362406
"Eskimo_Aleut";"r2";0,992425874635541;37,1950271950272;61,2121212121212;37,3064754271251;21,4793947518614
"Eskimo_Aleut";"r2";0,993313342300381;34,4910644910645;60,4713804713805;34,611622801878;20,0263512866998
"Eskimo_Aleut";"r2";0,99180784529874;41,0567210567211;55,0673400673401;41,1217355300882;24,8265605032489
"Eskimo_Aleut";"r2";0,99406297344362;33,8616938616939;61,8350168350168;33,9915004648183;19,1683186308534
"Eskimo_Aleut";"r2";0,992814668231186;33,8461538461538;61,010101010101;33,9722046450585;20,222070154888
"Eskimo_Aleut";"r2";0,992630422976913;36,1693861693862;58,8215488215488;36,2745006132477;20,1546942076999
"Eskimo_Aleut";"r2";0,993483167194023;33,8306138306138;64,023569023569;33,9707203512308;19,4971079255003
"Eskimo_Aleut";"r2";0,99219277681607;39,6348096348096;56,0606060606061;39,7110314279688;22,5877478878428
"Eskimo_Aleut";"r2";0,992956812146296;33,7606837606838;62,003367003367;33,8917402954526;20,1822072468951
"Eskimo_Aleut";"r2";0,99387397959758;33,6829836829837;64,4781144781145;33,8258845219402;19,1887276400088
"Eskimo_Aleut";"r2";0,992610564238177;37,4902874902875;56,1784511784512;37,5770075074019;22,6525322043465
"Eskimo_Aleut";"r2";0,990950623103326;37,1095571095571;56,010101010101;37,1972626496988;24,0826981664827
"Eskimo_Aleut";"r2";0,99317747669544;34,4289044289044;61,4646464646465;34,5543603084206;20,3882458026416
"Eskimo_Aleut";"r2";0,991527056800065;35,1592851592852;58,4848484848485;35,2675244322576;21,6694872379021
"Eskimo_Aleut";"r2";0,990782386662063;34,4055944055944;59,8484848484849;34,523658862406;20,6302493155501
"Eskimo_Aleut";"r2";0,992831513452554;34,7785547785548;60,6734006734007;34,8987164764427;21,2302720142312
"Eskimo_Aleut";"r2";0,993341460907284;38,6713286713287;57,6262626262626;38,759286601514;21,6703209113834
"Eskimo_Aleut";"r2";0,993478800417815;38,8344988344988;57,1717171717172;38,9195903349036;21,7002367021556
"Eskimo_Aleut";"r2";0,994251968695394;38,5314685314685;59,8148148148148;38,6302311592335;21,5835023879964
"Eskimo_Aleut";"r2";0,992359211854147;35,8508158508158;61,4646464646465;35,9696735334786;20,8372083097081
"Eskimo_Aleut";"r2";0,993231590809822;35,8741258741259;59,9326599326599;35,9857664033998;19,9411951170168
"Eskimo_Aleut";"r2";0,993756669445108;35,0815850815851;63,7373737373737;35,2145585788277;19,0665343327018
"Eskimo_Aleut";"r2";0,99372010920034;35,6798756798757;59,7306397306397;35,7914801534291;20,9543086408499
"Eskimo_Aleut";"r2";0,989975251065488;37,6068376068376;55,8080808080808;37,6912981321334;23,9068810097787
"Eskimo_Aleut";"r2";0,993168936142726;39,5104895104895;58,4511784511785;39,5983813385206;22,6199747934093
"Eskimo_Aleut";"r2";0,993038192991171;38,049728049728;58,9057239057239;38,1465076128649;21,0599654710146
"Eskimo_Aleut";"r2";0,991472693887491;35,9207459207459;58,2828282828283;36,0245142843751;21,55533647497
"Eskimo_Aleut";"r2";0,991704008650711;36,0761460761461;56,5488215488216;36,1711468904044;22,8707354301317
"Eskimo_Aleut";"r2";0,992299365544053;40,1320901320901;56,4646464646465;40,2078792566032;24,0976668201427
"Eskimo_Aleut";"r2";0,992456199566843;37,8554778554779;58,9057239057239;37,9531588116275;21,917511478643
"Eskimo_Aleut";"r2";0,990933325882149;32,7894327894328;58,7710437710438;32,9099971095331;20,9171073892323
"Eskimo_Aleut";"r2";0,992152861806157;36,985236985237;58,8215488215488;37,0865655784449;21,0468581813307
"Eskimo_Aleut";"r2";0,991888494100959;37,7466977466977;57,1717171717172;37,8368370479739;22,4525261065785
"Eskimo_Aleut";"r2";0,992817546212831;32,8826728826729;62,3737373737374;33,0195223698704;19,577594102662
"Eskimo_Aleut";"r2";0,994223249614229;33,4965034965035;62,5757575757576;33,631442030514;19,254883195969
"Eskimo_Aleut";"r2";0,994904437630538;32,8360528360528;64,3939393939394;32,9824931449061;19,2564089971629
"Eskimo_Aleut";"r2";0,992472170269774;35,019425019425;58,0808080808081;35,1264383979001;22,0346445205011
"Eskimo_Aleut";"r2";0,993759800027112;33,6363636363636;61,3804713804714;33,765106595733;20,1308901141966
"Eskimo_Aleut";"r2";0,993899107396802;35,6254856254856;62,0875420875421;35,7482793909708;20,0562216803283
"Eskimo_Aleut";"r2";0,9934457852695;37,987567987568;58,3670033670034;38,0821361331802;21,7454460573169
"Eskimo_Aleut";"r2";0,99320759442009;36,6744366744367;60,9259259259259;36,7869725874366;21,3463441297999
"Eskimo_Aleut";"r2";0,991519262812632;34,2035742035742;61,4646464646465;34,3300756989852;19,8242125877238
"Eskimo_Aleut";"r2";0,993029578849379;35,9129759129759;61,3468013468013;36,0309983047802;20,675700364599
"Eskimo_Aleut";"r2";0,994602290374588;37,024087024087;60,1851851851852;37,131563117642;21,107108910986
"Eskimo_Aleut";"r2";0,994793889704199;33,2711732711733;65,6734006734007;33,4215316349887;18,6470224372529
"Eskimo_Aleut";"r2";0,994070353072873;38,8966588966589;58,7373737373737;38,9887271789824;21,2527315918397
"Eskimo_Aleut";"r2";0,99354982712274;31,3675213675214;64,0572390572391;31,5192137929957;19,5050679284904
"Eskimo_Aleut";"r2";0,990995728983317;37,7000777000777;55,5555555555556;37,7829337458108;23,2276017427012
"Eskimo_Aleut";"r2";0,993893344059921;35,1981351981352;63,3670033670034;35,3288492035592;19,6113718260741
"Eskimo_Aleut";"r2";0,993048392939962;37,0784770784771;59,2760942760943;37,1814822626888;21,5434872832503
"Eskimo_Aleut";"r2";0,990875499561082;40,1398601398601;54,983164983165;40,2087385846087;23,9552680625479
"Eskimo_Aleut";"r2";0,992854950069773;37,4358974358974;59,3602693602694;37,5376346606045;21,4300721742005
"Eskimo_Aleut";"r2";0,992552654635291;36,1227661227661;59,8484848484849;36,2328622653449;22,0994893077858
"Eskimo_Aleut";"r2";0,99352562513515;36,1693861693862;62,2895622895623;36,2905934831689;20,9041191052733
"Eskimo_Aleut";"r2";0,993843285509342;37,2261072261072;59,023569023569;37,3272555407126;21,439704139625
"Eskimo_Aleut";"r2";0,991907739594879;37,2027972027972;52,5420875420875;37,2739772043716;24,7828902240569
"Eskimo_Aleut";"r2";0,991703606734037;37,4514374514374;58,8215488215488;37,5506027014148;20,8361999099463
"Eskimo_Aleut";"r2";0,993504344289538;35,1515151515151;61,9191919191919;35,2757271086737;20,004211898664
"Eskimo_Aleut";"r2";0,994291245459718;34,1103341103341;64,9326599326599;34,2533611443124;19,0617840077586
"Eskimo_Aleut";"r2";0,992752234909468;34,3278943278943;62,5757575757576;34,4589748998102;19,599313471372
"Eskimo_Aleut";"r2";0,994432197397069;35,6254856254856;63,5690235690236;35,7551540150148;19,9478208105407
"Eskimo_Aleut";"r2";0,993736175558925;36,3869463869464;61,5488215488216;36,5037068285328;20,0706804601261
"Eskimo_Aleut";"r2";0,993568390904172;37,3348873348873;60,5555555555556;37,4426398556329;21,2568365687727
"Eskimo_Aleut";"r2";0,992414069082432;36,2082362082362;61,3804713804714;36,3250447241167;20,6619342524877
"Eskimo_Aleut";"r2";0,994833531728305;37,0551670551671;60,3535353535353;37,1632801331177;20,8053736525357
"Eskimo_Aleut";"r2";0,994713124560056;38,2362082362082;59,8989898989899;38,3367315849914;20,9174781549402
"Eskimo_Aleut";"r2";0,991653771391365;38,4693084693085;57,2558922558923;38,5564851922161;23,2139175050535
"Eskimo_Aleut";"r2";0,992141575737204;39,96891996892;57,1717171717172;40,0487473341302;22,4754570052532
"Eskimo_Aleut";"r2";0,993856983255462;34,996114996115;60,5555555555556;35,1147202887342;20,4352539219543
"Eskimo_Aleut";"r2";0,993042895282765;32,2843822843823;65,1346801346801;32,4368198614138;18,6566203756277
"Eskimo_Aleut";"r2";0,991178169142037;37,4902874902875;57,003367003367;37,5808354230628;22,9406557915113
"Eskimo_Aleut";"r2";0,991994195660428;37,987567987568;56,9191919191919;38,0754177505918;21,875523123975
"Eskimo_Aleut";"r2";0,99389402003322;38,0963480963481;59,4781144781145;38,1955674299062;21,1447010088605
"Eskimo_Aleut";"r2";0,993008289543512;37,979797979798;59,023569023569;38,0774488895139;22,5138153184625
"Eskimo_Aleut";"r2";0,994925593308485;29,1530691530692;67,2053872053872;29,3296460349825;18,0676635673967
"Eskimo_Aleut";"r2";0,993234042277506;38,2750582750583;57,996632996633;38,3665737030006;21,9199726085135
"Eskimo_Aleut";"r2";0,99334036463435;36,4335664335664;61,8350168350168;36,5514385932019;19,7853260888527
"Eskimo_Aleut";"r2";0,993012864643397;36,045066045066;60,8417508417508;36,1601318677885;20,5896692245479
"Eskimo_Aleut";"r2";0,992799509276654;38,7257187257187;57,003367003367;38,8105337989329;22,0671157122017
"Eskimo_Aleut";"r2";0,987746329237313;36,961926961927;54,4444444444444;37,0430523330755;23,7112104439703
"Eskimo_Aleut";"r2";0,993164250270839;33,8850038850039;62,8282828282828;34,0193114439054;19,2947510605579
"Eskimo_Aleut";"r2";0,99130866846172;34,957264957265;61,2121212121212;35,0790972368699;21,1000212681285
"Eskimo_Aleut";"r2";0,991548979581792;38,4459984459984;57,8282828282828;38,5359394408118;22,8864888317422
"Eskimo_Aleut";"r2";0,99453341936143;37,0784770784771;60,9259259259259;37,1891380940105;20,2998041293329
"Eskimo_Aleut";"r2";0,9934235467156;38,1662781662782;56,1784511784512;38,2498613357082;22,6879562095213
"Eskimo_Aleut";"r2";0,994533949796942;36,1926961926962;61,1784511784512;36,3086393712844;20,6769554624199
"Eskimo_Aleut";"r2";0,995023060404905;36,6433566433566;61,9191919191919;36,7606459021772;20,4053728360678
"Eskimo_Aleut";"r2";0,994292955435384;36,4879564879565;61,6666666666667;36,6047950502707;20,689013052391
"Eskimo_Aleut";"r2";0,99252006269413;36,6278166278166;56,1784511784512;36,7185388299077;22,7608837201871
"Eskimo_Aleut";"r2";0,991574412850827;36,8142968142968;58,6531986531986;36,9156374260783;22,1737216122113
"Eskimo_Aleut";"r2";0,991242913069327;34,032634032634;61,4983164983165;34,1600849953518;20,356201922618
"Eskimo_Aleut";"r2";0,990893914748437;38,026418026418;58,2828282828283;38,1204152897888;22,6482384295936
"Eskimo_Aleut";"r2";0,992684006216639;34,4832944832945;62,3737373737374;34,6127164920668;19,3233675485744
"Eskimo_Aleut";"r2";0,992965806625778;35,7575757575758;60,016835016835;35,8701477262962;20,8110428331702
"Eskimo_Aleut";"r2";0,993048700857969;31,2975912975913;64,9326599326599;31,4536705023944;19,5349848862484
"Eskimo_Aleut";"r2";0,988781167765019;37,6146076146076;52,9124579124579;37,685595319006;24,1859309943656
"Eskimo_Aleut";"r2";0,989781444345645;36,1926961926962;56,010101010101;36,2846563078582;23,3623224104114
"Eskimo_Aleut";"r2";0,992544369641226;37,3581973581974;58,4511784511785;37,4560766208098;22,2486690562801
"Eskimo_Aleut";"r2";0,991858032718982;40,2253302253302;54,2424242424242;40,2903747451311;24,4434142837422
"Eskimo_Aleut";"r2";0,992938035746748;35,2369852369852;58,7373737373737;35,3460357636692;21,5932583325898
"Eskimo_Aleut";"r2";0,993410731780289;36,5656565656566;59,8989898989899;36,6739318943495;21,5826487055661
"Eskimo_Aleut";"r2";0,992897901593406;38,1585081585082;58,3670033670034;38,2522830782692;22,7396474888706
"Eskimo_Aleut";"r2";0,990506867737446;36,6200466200466;57,996632996633;36,7192419164577;22,3111951968284
"Eskimo_Aleut";"r2";0,993503934714331;35,5788655788656;62,2895622895623;35,7028131274071;20,0887153192391
"Eskimo_Aleut";"r2";0,993499873151015;36,6278166278166;60,6397306397306;36,7392408227675;21,3215838978772
"Eskimo_Aleut";"r2";0,993475724576988;33,7373737373737;62,946127946128;33,8729132000594;19,8773924722095
"Eskimo_Aleut";"r2";0,992000965335973;34,3278943278943;62,2895622895623;34,457646847438;20,0929571905647
"Eskimo_Aleut";"r2";0,991615079728244;35,5944055944056;57,4579124579124;35,6958603826353;22,9997950937639
"Eskimo_Aleut";"r2";0,995089859791345;35,1981351981352;60,1851851851852;35,3140843860101;20,4367947921945
"Eskimo_Aleut";"r2";0,989907918560493;37,6146076146076;52,6262626262626;37,6842672666339;24,439064044168
"Eskimo_Aleut";"r2";0,991185285815906;37,5835275835276;56,7171717171717;37,6723147952846;23,1259253852404
"Eskimo_Aleut";"r2";0,993681060687936;33,8383838383838;63,8552188552189;33,9776730960026;19,0904422930522
"Eskimo_Aleut";"r2";0,993717843364302;36,5268065268065;62,2053872053872;36,6459646738069;20,2426739436668
"Eskimo_Aleut";"r2";0,992200864723089;38,7567987567988;58,6531986531987;38,8491254384526;22,4283143814387
"Eskimo_Aleut";"r2";0,99110657921367;36,8065268065268;56,2626262626263;36,896810330685;22,7590239832907
"Eskimo_Aleut";"r2";0,9927062727612;35,4856254856255;59,6464646464647;35,5977407485528;20,5523449934575
"Eskimo_Aleut";"r2";0,991159637415497;38,5547785547786;57,2895622895623;38,6417149062161;22,9824862416363
"Eskimo_Aleut";"r2";0,990898031200652;33,5275835275835;58,4848484848485;33,6433945018632;21,5192569619878
"Eskimo_Aleut";"r2";0,993539345654647;36,8764568764569;61,8350168350168;36,9922738600233;20,6673398233954
"Eskimo_Aleut";"r2";0,992408039427552;32,5951825951826;62,7441077441077;32,73508480005;19,339728410236
"Eskimo_Aleut";"r2";0,992471681585924;37,964257964258;56,1784511784512;38,0487785824213;23,1212054440953
"Eskimo_Aleut";"r2";0,994747490349881;35,7731157731158;62,2053872053872;35,8957713250057;19,5132911631843
"Eskimo_Aleut";"r2";0,992060902607271;37,016317016317;56,8013468013468;37,1081268993102;23,8187045667488
"Eskimo_Aleut";"r2";0,993964625080747;34,3356643356643;60,1010101010101;34,4552251048771;20,2245510539434
"Eskimo_Aleut";"r2";0,994221782073424;35,2836052836053;60,4377104377104;35,4003296694712;20,5857457557246
"Eskimo_Aleut";"r2";0,989932347927687;36,3170163170163;56,1784511784512;36,4091807479278;23,7318043397158
"Eskimo_Aleut";"r2";0,993767539514541;35,6798756798757;62,0875420875421;35,8024170553173;19,8955912232227
"Eskimo_Aleut";"r2";0,993704231586853;33,6363636363636;61,7508417508417;33,766825251744;19,494947273747
"Eskimo_Aleut";"r2";0,992979738360814;35,5710955710956;61,2121212121212;35,6900794487801;20,2959488546409
"Eskimo_Aleut";"r2";0,991198645546581;39,7979797979798;55,7239057239057;39,8718820064528;24,2345756879272
"Eskimo_Aleut";"r2";0,995224844226949;37,987567987568;60,5218855218855;38,0921355863351;21,1308653676619
"Eskimo_Aleut";"r2";0,993669352858923;33,3721833721834;64,1077441077441;33,5148077839493;18,8017114344363
"Eskimo_Aleut";"r2";0,992003270212717;39,3162393162393;55,5218855218855;39,3914395306507;23,3858905728975
"Eskimo_Aleut";"r2";0,994708908307244;35,3224553224553;61,9191919191919;35,4458740537627;19,6200072455631
"Eskimo_Aleut";"r2";0,992044524055583;39,6736596736597;57,7104377104377;39,757357019538;23,0904386340855
"Eskimo_Aleut";"r2";0,991850400559602;40,3651903651904;55,8080808080808;40,4368511097049;24,1463182446866
"Eskimo_Aleut";"r2";0,990108389230475;34,4677544677545;59,5622895622896;34,5842024264298;21,1275875380399
"Eskimo_Aleut";"r2";0,991270014561713;36,8531468531469;58,7373737373737;36,9546977899646;21,2968383048873
"Eskimo_Aleut";"r2";0,994223106136199;37,2804972804973;61,010101010101;37,3906114509363;20,9015176778433
"Eskimo_Aleut";"r2";0,992409124587722;36,6977466977467;59,2760942760943;36,8025186122634;20,8182363921913
"Eskimo_Aleut";"r2";0,99365218062147;33,5586635586636;62,8282828282828;33,6944854578265;19,3907837599277
"Eskimo_Aleut";"r2";0,990443228222351;38,6480186480186;54,983164983165;38,7238197911052;23,0538817990033
"Eskimo_Aleut";"r2";0,99561801923904;35,2447552447552;63,0808080808081;35,373924863484;19,7816357262316
"Eskimo_Aleut";"r2";0,992879358190577;37,8865578865579;57,5420875420875;37,9777668408759;22,7436173714852
"Eskimo_Aleut";"r2";0,992081883231259;36,969696969697;59,5622895622896;37,0745349863679;22,6452730490153
"Eskimo_Aleut";"r2";0,990663374426729;34,6076146076146;57,003367003367;34,7115392126993;21,5501488509427
"Eskimo_Aleut";"r2";0,993120769619413;37,1872571872572;61,0942760942761;37,2981946299812;20,9237078124353
"Eskimo_Aleut";"r2";0,990956536435348;32,3776223776224;62,2895622895623;32,5164248830142;19,7748210625073
"Eskimo_Aleut";"r2";0,990667205264305;39,8290598290598;53,9057239057239;39,8943807760513;23,3506883430342
"Eskimo_Aleut";"r2";0,991974989416907;37,4436674436674;57,996632996633;37,5390408337044;22,5388194146279
"Eskimo_Aleut";"r2";0,992583869878009;34,3201243201243;58,1986531986532;34,4309295585398;21,1513085262713
"Eskimo_Aleut";"r2";0,992885409548458;36,052836052836;61,8350168350168;36,1724749427766;20,569720625854
"Eskimo_Aleut";"r2";0,994480398440728;34,1880341880342;62,2895622895623;34,3184357105471;19,3997166014746
"Eskimo_Aleut";"r2";0,992264223143678;37,8399378399378;57,2558922558922;37,9300350762068;22,4181663290926
"Eskimo_Aleut";"r2";0,99361656305023;35,7575757575758;60,9259259259259;35,8743662455959;20,4046155172946
"Eskimo_Aleut";"r2";0,995064231109469;34,9339549339549;64,5622895622896;35,0714414055481;19,0225125533813
"Eskimo_Aleut";"r2";0,992176439614581;33,4731934731935;63,6868686868687;33,6133961423985;19,5997001770015
"Eskimo_Aleut";"r2";0,991819944507348;36,3325563325563;58,3670033670034;36,4348043466373;22,6063320455964
"Eskimo_Aleut";"r2";0,994233375198242;37,1173271173271;62,1212121212121;37,2333544259298;19,9149569602897
"Eskimo_Aleut";"r2";0,993174397766299;36,1616161616162;59,023569023569;36,2677041099315;21,0734024129595
"Eskimo_Aleut";"r2";0,993013719630299;36,7909867909868;58,8215488215488;36,8932167772075;21,1423595886539
"Eskimo_Aleut";"r2";0,991639730845224;35,5788655788656;59,023569023569;35,6876577062192;21,5784348782487
"Eskimo_Aleut";"r2";0,992022148852085;35,3224553224553;55,5218855218855;35,4161881772091;22,0421603251722
"Eskimo_Aleut";"r2";0,991260228349904;38,7334887334887;57,0875420875421;38,8186583546212;21,8883857782995
"Eskimo_Aleut";"r2";0,989662768574644;38,4382284382284;55,6397306397306;38,5180497941519;22,3893221135751
"Eskimo_Aleut";"r2";0,992883278430762;37,9020979020979;58,7037037037037;37,9986250751912;22,0909635318929
"Eskimo_Aleut";"r2";0,993083032801514;37,8166278166278;60,1010101010101;37,9200356230519;21,0546498676418
"Eskimo_Aleut";"r2";0,991532380298432;37,8554778554779;56,5488215488216;37,9422219097393;23,1392073006031
"Eskimo_Aleut";"r2";0,993623830242364;37,3193473193473;61,3804713804714;37,4309998671948;21,1020050361383
"Eskimo_Aleut";"r2";0,993211724530311;34,4055944055944;62,8282828282828;34,5374862312217;19,1968194701665
"Eskimo_Aleut";"r2";0,993460832024914;35,8275058275058;58,5353535353535;35,9328786706977;21,7475896948379
"Eskimo_Aleut";"r2";0,993425834325831;36,5501165501165;58,989898989899;36,6542454709508;21,1234722426415
"Eskimo_Aleut";"r2";0,994765857882238;36,8453768453768;63,6531986531987;36,9697750904247;20,1845481774688
"Eskimo_Aleut";"r2";0,993799415988695;36,3325563325563;61,8350168350168;36,4508972165585;20,6990837677479
"Eskimo_Aleut";"r2";0,992234720141717;36,6200466200466;58,5690235690236;36,721898021202;22,1417677061109
"Eskimo_Aleut";"r2";0,991061031585634;36,7210567210567;58,1986531986532;36,8207207418344;21,977488233731
"Eskimo_Aleut";"r2";0,99426217369282;36,4102564102564;61,2962962962963;36,5257368737647;20,5096310646813
"Eskimo_Aleut";"r2";0,992641351722962;37,5058275058275;59,2760942760943;37,6068496254111;21,2904630099321
"Eskimo_Aleut";"r2";0,994521646465989;33,3877233877234;63,9393939393939;33,5294944807706;18,6818193996081
"Eskimo_Aleut";"r2";0,993282755771272;35,8508158508158;59,8148148148148;35,9620177021569;20,7145274708608
"Eskimo_Aleut";"r2";0,994474689021208;33,9083139083139;64,9326599326599;34,0522783910255;18,9478592475627
"Eskimo_Aleut";"r2";0,991561064231381;38,1041181041181;59,3939393939394;38,2029107783168;22,4523658544276
"Eskimo_Aleut";"r2";0,992654039483375;37,6923076923077;57,003367003367;37,7819181763497;21,5611554612994
"Eskimo_Aleut";"r2";0,993583976251609;33,2789432789433;62,9124579124579;33,4164537876835;18,9197480308239
"Eskimo_Aleut";"r2";0,988374400778953;34,2735042735043;56,7508417508418;34,3778074636543;22,1107599390639
"Eskimo_Aleut";"r2";0,994439617593893;36,3714063714064;59,3602693602694;36,4780832298234;20,9613151042172
"Eskimo_Aleut";"r2";0,992911687066878;37,3504273504274;59,8148148148148;37,4546704477099;21,249444166721
"Eskimo_Aleut";"r2";0,992804778638783;36,2315462315462;59,4781144781145;36,3394189380268;21,8058186692586
"Eskimo_Aleut";"r2";0,992383179060247;36,5811965811966;61,4646464646465;36,6966650261314;20,930586055814
"Eskimo_Aleut";"r2";0,993322166410648;34,5143745143745;64,3939393939394;34,6530267875975;19,4211014660172
"Eskimo_Aleut";"r2";0,990735826449166;33,2478632478632;59,5622895622896;33,3699719546587;20,7073353623087
"Eskimo_Aleut";"r2";0,98871477961952;36,6433566433566;56,8350168350168;36,7370534423899;23,0427142426057
"Eskimo_Aleut";"r2";0,991349276970431;35,9285159285159;55,3535353535354;36,0186552297921;22,5411821903397
"Eskimo_Aleut";"r2";0,992612719093853;33,6752136752137;62,3737373737374;33,8083854789191;19,4997135621119
"Eskimo_Aleut";"r2";0,992274210634187;35,3923853923854;62,1212121212121;35,5164170709414;20,4464078001622
"Eskimo_Aleut";"r2";0,992321127515395;40,3341103341103;56,5151515151515;40,4091963720734;23,1830696811691
"Eskimo_Aleut";"r2";0,994182071873637;31,3597513597514;63,9393939393939;31,5109329958518;19,0794265040285
"Eskimo_Aleut";"r2";0,993815929090087;41,3364413364413;57,996632996633;41,4137508105026;23,6319284032293
"Eskimo_Aleut";"r2";0,993612596100949;37,8710178710179;59,8989898989899;37,9732358386651;21,6949677494331
"Eskimo_Aleut";"r2";0,992240746925668;36,7443667443667;60,2693602693603;36,853531447499;21,8672596741557
"Eskimo_Aleut";"r2";0,993523746166099;40,03885003885;56,1784511784512;40,113743779637;23,7402720557256
"Eskimo_Aleut";"r2";0,990999001262246;33,7529137529138;61,5824915824916;33,8820533252088;20,1710362972882
"Eskimo_Aleut";"r2";0,992363380417772;38,2595182595183;56,6329966329966;38,344778019952;23,7923057620405
"Eskimo_Aleut";"r2";0,993893161112711;35,5788655788656;61,3804713804714;35,6985946081074;20,2552842573167
"Eskimo_Aleut";"r2";0,99275200985027;40,5672105672106;55,4377104377104;40,6362152069809;24,1415161844665
"Eskimo_Aleut";"r2";0,992991429134305;36,9308469308469;57,8282828282828;37,0278187911599;21,7264113351689
"Eskimo_Aleut";"r2";0,992666367569675;32,5874125874126;62,5757575757576;32,7265696407228;19,0685934104839
"Eskimo_Aleut";"r2";0,993299851744967;35,3613053613054;61,010101010101;35,4803252947104;20,0236219215811
"Eskimo_Aleut";"r2";0,993999906441616;34,4677544677545;61,9191919191919;34,595139328318;20,1461320775358
"Eskimo_Aleut";"r2";0,989347303045127;36,1616161616162;55,8417508417508;36,2529392923825;23,9482046435085
"Eskimo_Aleut";"r2";0,992131664749891;37,039627039627;58,6531986531986;37,1399220355137;21,5210768072767
"Eskimo_Aleut";"r2";0,991985367810674;38,6324786324786;56,8350168350168;38,7169451670612;23,7342653280136
"Eskimo_Aleut";"r2";0,992955460747027;35,0971250971251;59,023569023569;35,2081526791504;20,2083154125027
"Eskimo_Aleut";"r2";0,993156175761261;37,8632478632479;57,7104377104377;37,9553461920051;22,2912509803838
"Eskimo_Aleut";"r2";0,994004540131404;36,954156954157;59,4444444444444;37,0585202371745;20,8878913321878
"Eskimo_Aleut";"r2";0,993112160919049;34,1802641802642;62,5757575757576;34,3120298108697;19,0473398736313
"Eskimo_Aleut";"r2";0,993907960181282;33,4809634809635;60,6397306397306;33,6069902427211;19,8354119756293
"Eskimo_Aleut";"r2";0,992240693389107;35,5167055167055;60,2188552188552;35,6313326614951;21,4454289503803
"Eskimo_Aleut";"r2";0,991622498641855;39,2773892773893;55,2693602693603;39,3515979594866;23,5936453462652
"Eskimo_Aleut";"r2";0,992767722412932;35,7187257187257;61,2962962962963;35,8374151413595;20,1537131066741
"Eskimo_Aleut";"r2";0,990511516020945;34,1103341103341;59,9326599326599;34,2301592881639;20,4797328842073
"Eskimo_Aleut";"r2";0,992588211835772;31,4141414141414;62,946127946128;31,5604615372597;19,8347775892125
"Eskimo_Aleut";"r2";0,991019498851527;39,2385392385392;56,1784511784512;39,3171467185388;22,9210223396531
"Eskimo_Aleut";"r2";0,990863457765864;36,1072261072261;60,1010101010101;36,2185661721625;21,9587198459678
"Eskimo_Aleut";"r2";0,992003436976085;33,5586635586636;59,5622895622896;33,6793300366386;20,8402731008929
"Eskimo_Aleut";"r2";0,991191916914482;34,1181041181041;59,9326599326599;34,2378932402134;20,4663099995557
"Eskimo_Aleut";"r2";0,994098730171454;36,2160062160062;62,2895622895623;36,3369971954659;20,1684567531595
"Eskimo_Aleut";"r2";0,992318240174157;38,5314685314685;56,8013468013468;38,6162475489622;23,6191028975839
"Eskimo_Aleut";"r2";0,992128371688955;36,8531468531469;58,6195286195286;36,9541509448702;21,4036881821721
"Eskimo_Aleut";"r2";0,992154939225137;40,0932400932401;56,5488215488216;40,1696000999945;22,8701397193349
"Eskimo_Aleut";"r2";0,994419942621193;34,5687645687646;62,9124579124579;34,7002898279;19,8513273439544
"Eskimo_Aleut";"r2";0,993882525190908;36,2548562548563;61,0942760942761;36,3701203840415;21,0242282336642
"Eskimo_Aleut";"r2";0,995813803958873;37,2494172494172;62,0875420875421;37,3646753693157;19,864844559229
"Eskimo_Aleut";"r2";0,993897052627581;35,7264957264957;61,4646464646465;35,8459303006867;20,0333118959344
"Eskimo_Aleut";"r2";0,992627028222139;37,039627039627;60,1010101010101;37,1466404181021;21,82045903425
"Eskimo_Aleut";"r2";0,993728370296405;38,2905982905983;58,0808080808081;38,3824322107385;21,7804020857452
"Eskimo_Aleut";"r2";0,992359103458111;37,6301476301476;56,4646464646465;37,717546696665;23,2947325520543
"Eskimo_Aleut";"r2";0,993386185549271;36,6744366744367;60,5555555555556;36,7852539314256;20,8587143544716
"Eskimo_Aleut";"r2";0,990951677176029;35,5633255633256;57,8282828282828;35,6666432304483;21,2651615260093
"Eskimo_Aleut";"r2";0,992243694072458;38,2439782439782;57,5420875420875;38,3335286351528;22,130114172714
"Eskimo_Aleut";"r2";0,994057921830453;33,7218337218337;64,6801346801347;33,865491730921;19,267693108641
"Eskimo_Aleut";"r2";0,99232578586178;37,7700077700078;57,6262626262626;37,8621481637723;22,0299319296256
"Eskimo_Aleut";"r2";0,993001355856274;34,5454545454545;60,016835016835;34,6636512065746;21,8876946250343
"Eskimo_Aleut";"r2";0,995710161258288;31,7715617715618;68,4006734006734;31,9415344473349;17,8545790397568
"Eskimo_Aleut";"r2";0,993379341189849;40,2253302253302;57,6262626262626;40,3060770114134;22,8136773532022
"Eskimo_Aleut";"r2";0,994884306713981;35,951825951826;63,1144781144781;36,0778707414438;19,8316659100941
"Eskimo_Aleut";"r2";0,993883042046102;33,5742035742036;63,5690235690236;33,7133906739475;19,4873906594966
"Eskimo_Aleut";"r2";0,98885136761786;38,8034188034188;55,3030303030303;38,8799831259228;23,3956799892512
"Eskimo_Aleut";"r2";0,994958796257262;34,8174048174048;64,1077441077441;34,9533228651558;19,0516927780645
"Eskimo_Aleut";"r2";0,9927826967968;32,3076923076923;61,5488215488216;32,4433820025467;19,6320425028585
"Eskimo_Aleut";"r2";0,993610982396456;36,3480963480963;61,5824915824916;36,4651933097409;20,2135748513953
"Eskimo_Aleut";"r2";0,991804014306871;35,6798756798757;59,6464646464647;35,7910895497902;21,3256367463222
"Eskimo_Aleut";"r2";0,993079333713227;40,5905205905206;57,996632996633;40,6712914137508;22,0356555552614
"Eskimo_Aleut";"r2";0,989508023044621;39,036519036519;52,1717171717172;39,097471232042;27,2744805101527
"Eskimo_Aleut";"r2";0,995083576174512;35,7731157731158;62,996632996633;35,899442999211;19,8079127984472
"Eskimo_Aleut";"r2";0,992427420306853;35,982905982906;58,030303030303;36,0852140898545;21,2971663389735
"Eskimo_Aleut";"r2";0,992876412384651;33,6752136752137;61,2121212121212;33,8029951487028;19,567241338033
"Eskimo_Aleut";"r2";0,994813760815729;35,3846153846154;64,4781144781145;35,5196200207801;19,9361946198878
"Eskimo_Aleut";"r2";0,992761429157467;37,1561771561772;55,8080808080808;37,2427289132626;22,805087885431
"Eskimo_Aleut";"r2";0,989738284690753;40,1787101787102;53,7037037037037;40,2414711695454;24,3141084997224
"Eskimo_Aleut";"r2";0,992650737947645;32,0901320901321;62,037037037037;32,2290968462662;20,2534820561313
"Eskimo_Aleut";"r2";0,993303536747471;37,2649572649573;59,7306397306397;37,3692063715266;21,3490912882759
"Eskimo_Aleut";"r2";0,993177271409908;38,2439782439782;57,3737373737374;38,332747427875;22,1895424141877
"Eskimo_Aleut";"r2";0,991229976647685;39,6891996891997;53,7878787878788;39,754622794066;23,6218779974818
"Eskimo_Aleut";"r2";0,990884192057187;35,034965034965;59,3939393939394;35,1479997187654;21,7398717183176
"Eskimo_Aleut";"r2";0,991260120748451;37,7156177156177;57,5420875420875;37,8076198957869;22,4883236504529
"Eskimo_Aleut";"r2";0,994732438274196;30,9324009324009;61,3804713804714;31,073691282508;19,9051648820911
"Eskimo_Aleut";"r2";0,991808603601255;39,5337995337995;57,996632996633;39,6194739350192;22,7130939150233
"Eskimo_Aleut";"r2";0,993742878799346;32,8360528360528;63,030303030303;32,9761653659566;18,8708956805867
"Eskimo_Aleut";"r2";0,989439936007188;38,5858585858586;56,1784511784512;38,6674947463811;24,010431758076
"Eskimo_Aleut";"r2";0,991370869196194;39,8212898212898;56,4309764309764;39,8983649331677;23,6524532792322
"Eskimo_Aleut";"r2";0,991485750938444;36,1538461538462;58,1144781144781;36,2557516385823;20,7651280596595
"Eskimo_Aleut";"r2";0,994325791880036;34,8096348096348;63,2828282828283;34,9417609974455;20,0335295086676
"Eskimo_Aleut";"r2";0,995741514547054;35,027195027195;63,2828282828283;35,1583116548314;18,4508863689654
"Eskimo_Aleut";"r2";0,992779555098807;36,7909867909868;59,1077441077441;36,8945448295796;21,4992532793906
"Eskimo_Aleut";"r2";0,993530693258166;35,5633255633256;61,2121212121212;35,6823454967306;20,1094726082609
"Eskimo_Aleut";"r2";0,993658299656318;34,5920745920746;63,9393939393939;34,7282570484427;19,9000833427422
"Eskimo_Aleut";"r2";0,99235442401967;37,8399378399378;59,1919191919192;37,9390189599006;22,0228665087367
"Eskimo_Aleut";"r2";0,992153121391998;34,8717948717949;59,023569023569;34,9838680697149;20,9994737310879
"Eskimo_Aleut";"r2";0,991297430451983;35,5400155400155;59,4781144781145;35,6510972056216;21,1916852587414
"Eskimo_Aleut";"r2";0,994486458708762;36,8997668997669;62,8282828282828;37,0200848391104;20,6365772629422
"Eskimo_Aleut";"r2";0,992478430513566;34,7940947940948;60,5555555555556;34,9136375354473;19,4716171483607
"Eskimo_Aleut";"r2";0,991000273439944;36,8764568764569;57,9124579124579;36,9740717304522;22,6512428888315
"Eskimo_Aleut";"r2";0,992396689464981;36,2315462315462;58,5690235690236;36,3352004187271;22,1297368180387
"Eskimo_Aleut";"r2";0,991177265901752;33,3566433566434;59,4781144781145;33,4778566797128;21,1481687658396
"Eskimo_Aleut";"r2";0,992292314214685;38,982128982129;56,8350168350168;39,0649730092886;22,448255037617
"Eskimo_Aleut";"r2";0,994565465725175;36,5656565656566;63,6531986531987;36,6913528166428;19,9559553596414
"Eskimo_Aleut";"r2";0,99387566315409;30,955710955711;64,7643097643098;31,1125954049388;18,0723076180829
"Eskimo_Aleut";"r2";0,992238083068594;34,4599844599845;59,1919191919192;34,5747498183693;21,4649484438663
"Eskimo_Aleut";"r2";0,991782233816399;37,6379176379176;57,003367003367;37,7277805120032;22,8426311802292
"Eskimo_Aleut";"r2";0,99428854836767;35,3535353535354;60,1851851851852;35,4687634270001;20,3036678686847
"Eskimo_Aleut";"r2";0,994019485559797;36,9463869463869;60,4713804713805;37,0555516495192;20,6249561275183
"Eskimo_Aleut";"r2";0,993086659316296;35,3457653457653;58,4511784511785;35,45298303999;21,5084503376514
"Eskimo_Aleut";"r2";0,992952886864094;37,8632478632479;58,1649831649832;37,957455451655;21,4756008603319
"Eskimo_Aleut";"r2";0,993438678798442;37,979797979798;59,2760942760943;38,0786207004304;22,0360113262523
"Eskimo_Aleut";"r2";0,990997145058074;37,2494172494172;56,2962962962963;37,3378018389619;23,2996835281523
"Eskimo_Aleut";"r2";0,993112462943156;36,2859362859363;60,5555555555556;36,3985563289508;20,1737454772282
"Eskimo_Aleut";"r2";0,993629592950315;37,016317016317;62,2895622895623;37,1335942565641;20,4751718335528
"Eskimo_Aleut";"r2";0,992010355759577;34,5532245532246;59,6801346801347;34,6698227440687;20,5866029338898
"Eskimo_Aleut";"r2";0,992735101545531;34,2424242424242;62,5757575757576;34,3739014272657;19,9881882874428
"Eskimo_Aleut";"r2";0,99359684152537;34,1103341103341;64,7643097643098;34,2525799370347;19,6105603609811
"Eskimo_Aleut";"r2";0,992872510241343;36,8065268065268;58,9393939393939;36,9092315264009;21,8021604087418
"Eskimo_Aleut";"r2";0,993936312148645;35,1592851592852;59,7306397306397;35,2733053661128;20,6516513094824
"Eskimo_Aleut";"r2";0,991876474913305;38,3061383061383;55,1851851851852;38,3844633496606;22,934707131051
"Eskimo_Aleut";"r2";0,992110653950881;35,1981351981352;58,4511784511785;35,3060379510496;21,8479545974372
"Eskimo_Aleut";"r2";0,993938484137015;35,5167055167055;61,9191919191919;35,6392228550001;19,5847407370628
"Eskimo_Aleut";"r2";0,993731538667449;38,6324786324786;54,4444444444444;38,7058520237175;23,4061242845042
"Eskimo_Aleut";"r2";0,991131360918768;37,3115773115773;56,3804713804714;37,4000640589968;22,9931530321724
"Eskimo_Aleut";"r2";0,993973623524504;35,3069153069153;62,4579124579125;35,4329060129524;20,8041043857679
"Eskimo_Aleut";"r2";0,993055858445042;36,5345765345765;59,3097643097643;36,6402618606795;21,6747430056643
"Eskimo_Aleut";"r2";0,992193430660544;36,3636363636364;59,3939393939394;36,4705055192294;20,4938276434583
"Eskimo_Aleut";"r2";0,99272698980159;35,1903651903652;59,6464646464647;35,3038505706719;21,4224232970077
"Eskimo_Aleut";"r2";0,994056694032571;35,0738150738151;60,8080808080808;35,1932316201458;20,5090738895985
"Eskimo_Aleut";"r2";0,995390603798438;36,8453768453768;61,7171717171717;36,9607912067309;19,9042539305413
"Eskimo_Aleut";"r2";0,992719962681554;35,2292152292152;60,3872053872054;35,3459576429414;21,8861863334231
"Eskimo_Aleut";"r2";0,992481998790735;35,2292152292152;60,3872053872054;35,3459576429414;20,6653765374021
"Eskimo_Aleut";"r2";0,992480994509362;38,3061383061383;58,3670033670034;38,3992281672096;22,6480079263033
"Eskimo_Aleut";"r2";0,993003663891332;35,1359751359751;58,7373737373737;35,2454943870257;21,9404845510308
"Eskimo_Aleut";"r2";0,993744642520268;37,1328671328671;59,8148148148148;37,238119790324;20,6072317605513
"Eskimo_Aleut";"r2";0,994521897492968;34,4289044289044;63,5353535353535;34,5639691579367;19,3939737574446
"Eskimo_Aleut";"r2";0,995150190470676;36,3403263403263;64,1077441077441;36,4691774668573;19,9151217253827
"Eskimo_Aleut";"r2";0,991892939196097;37,3504273504274;57,7441077441077;37,4450615981939;21,7051499287081
"Eskimo_Aleut";"r2";0,993809845268835;35,7264957264957;63,1986531986532;35,8539767356473;19,3780923208267
"Eskimo_Aleut";"r2";0,99448187943043;34,7319347319347;65,7575757575758;34,8759052239331;18,8189860343206
"Eskimo_Aleut";"r2";0,991105282332587;33,3644133644134;59,5622895622896;33,4859812354012;19,8736333384435
"Eskimo_Aleut";"r2";0,990508917250289;36,1849261849262;55,016835016835;36,2723132328701;22,2041961835381
"Eskimo_Aleut";"r2";0,992682342903175;36,5889665889666;61,010101010101;36,702289718531;21,0363270764561
"Eskimo_Aleut";"r2";0,993860427648289;36,6744366744367;62,1212121212121;36,7925191591085;20,5010332407833
"Eskimo_Aleut";"r2";0,995536000667518;32,0823620823621;66,4646464646465;32,2419086456209;18,2579241233721
"Eskimo_Aleut";"r2";0,991825729944637;36,4024864024864;58,6531986531987;36,5057379674549;21,5643130748442
"Eskimo_Aleut";"r2";0,994048249792166;36,8686868686869;60,6397306397306;36,9789933363019;21,1027613856104
"Eskimo_Aleut";"r2";0,993530980737609;34,4599844599845;63,6531986531987;34,5954518112291;19,4152113765621
"Eskimo_Aleut";"r2";0,991685013278537;35,5322455322455;59,5622895622896;35,6437538572109;21,3626490363914
"Eskimo_Aleut";"r2";0,994450332748299;29,7358197358197;64,8484848484848;29,8987555368066;18,0338759846729
"Eskimo_Aleut";"r2";0,992829794336499;36,5268065268065;60,1851851851852;36,6365901864742;20,7606353193568
"Eskimo_Aleut";"r2";0,993567076034252;37,0784770784771;59,3602693602694;37,1818728663276;21,3729863372367
"Eskimo_Aleut";"r2";0,994317352328479;36,0761460761461;59,8989898989899;36,1866929152312;20,1210800434861
"Eskimo_Aleut";"r2";0,993326988040222;37,2960372960373;60,9259259259259;37,4056887513964;21,4521388857386
"Eskimo_Aleut";"r2";0,990545023862193;34,7940947940948;59,1077441077441;34,9069191528588;20,7239288660745
"Eskimo_Aleut";"r2";0,994130343483029;38,2595182595183;59,7306397306397;38,3591522338622;21,1650363699159
"Eskimo_Aleut";"r2";0,993881292293455;38,2206682206682;60,5555555555556;38,3243103892756;20,7872109059802
"Eskimo_Aleut";"r2";0,993272882122576;36,993006993007;58,2828282828283;37,0917996672057;21,720730428003
"Eskimo_Aleut";"r2";0,993636736444812;38,4071484071484;57,4242424242424;38,4953947830978;22,0640939955969
"Eskimo_Aleut";"r2";0,993555939284291;33,8616938616939;63,9393939393939;34,0012655557899;19,8664380842379
"Eskimo_Aleut";"r2";0,99476407967056;39,1530691530692;57,1717171717172;39,2366823689329;21,0439292573769
"Eskimo_Aleut";"r2";0,992448079285832;38,5159285159285;56,8013468013468;38,6007796448632;23,4414928579359
"Eskimo_Aleut";"r2";0,994043401473305;37,1095571095571;60,8417508417508;37,2196832985696;21,2111381775296
"Eskimo_Aleut";"r2";0,993019172456247;37,3970473970474;57,996632996633;37,4926371214074;21,0465372093837
"Eskimo_Aleut";"r2";0,990657564760616;33,5431235431235;59,4781144781145;33,6634715289008;20,6054035439257
"Eskimo_Aleut";"r2";0,992183109397226;35,1048951048951;60,3872053872054;35,2222144101494;20,7220880898015
"Eskimo_Aleut";"r2";0,990767250819355;39,8523698523699;55,2693602693603;39,9239104111494;22,9762238960799
"Eskimo_Aleut";"r2";0,993440727328148;38,1507381507381;59,4781144781145;38,2497050942527;22,0381660552177
"Eskimo_Aleut";"r2";0,993639627908637;35,2991452991453;64,3939393939394;35,4341559445968;19,8286337655759
"Eskimo_Aleut";"r2";0,993339438016019;36,6122766122766;62,1212121212121;36,7306475427125;20,5339670634824
"Eskimo_Aleut";"r2";0,993704338042584;35,5011655011655;61,6329966329966;35,622426898529;20,2569470751237
"Eskimo_Aleut";"r2";0,993483847147621;37,2416472416472;58,3670033670034;37,3396767364285;22,0555496916646
"Eskimo_Aleut";"r2";0,993800046345694;36,2781662781663;60,9259259259259;36,3925410329123;20,9264894694752
"Eskimo_Aleut";"r2";0,99224139060231;37,8321678321678;59,8148148148148;37,9341754747787;21,0943771283347
"Eskimo_Aleut";"r2";0,990821232300922;37,008547008547;58,9393939393939;37,1103142796878;22,2466836693402
"Eskimo_Aleut";"r2";0,991972250298873;35,5788655788656;62,2895622895623;35,7028131274071;20,474301845385
"Eskimo_Aleut";"r2";0,992833068549705;35,6487956487956;61,0942760942761;35,7668721241807;20,7570231626007
"Eskimo_Aleut";"r2";0,993933105026277;33,1546231546232;62,7441077441077;33,2919293476138;19,906842181184
"Eskimo_Aleut";"r2";0,99283119092144;37,3504273504274;58,7373737373737;37,4496707211324;21,1978453825577
"Eskimo_Aleut";"r2";0,992114463733344;38,026418026418;59,1919191919192;38,1246338090886;21,8787719429053
"Eskimo_Aleut";"r2";0,994983108108779;34,040404040404;64,5622895622896;34,1820369198559;18,6524765790066
"Eskimo_Aleut";"r2";0,993732238006722;36,2004662004662;63,1144781144781;36,3253572070277;20,2844910712257
"Eskimo_Aleut";"r2";0,99034594798021;36,2548562548563;58,4848484848485;36,3580116712367;20,6324625980704
"Eskimo_Aleut";"r2";0,99183329325053;37,6534576534577;57,4579124579124;37,7453576757521;23,6245201665158
"Eskimo_Aleut";"r2";0,993961158172491;31,7327117327117;65,7575757575758;31,8905997328271;18,4544027296062
"Eskimo_Aleut";"r2";0,991982398143843;35,1825951825952;61,2121212121212;35,3033818463053;21,1418777912967
"Eskimo_Aleut";"r2";0,99461777371707;33,6285936285936;63,3670033670034;33,7665908895607;19,4277251554415
"Eskimo_Aleut";"r2";0,993280435552041;37,047397047397;59,983164983165;37,1538275250572;21,0222424208848
"Eskimo_Aleut";"r2";0,993718425518495;36,6355866355866;61,0942760942761;36,7490840344669;20,2663473766848
"Eskimo_Aleut";"r2";0,99042107999365;34,4289044289044;59,9326599326599;34,5472513221933;20,9975664723872
"Eskimo_Aleut";"r2";0,993079468133704;38,8888888888889;58,4511784511785;38,9796651745608;20,8428006041298
"Eskimo_Aleut";"r2";0,991503155004936;39,4716394716395;57,0875420875421;39,5533837993235;22,8373278079297
"Eskimo_Aleut";"r2";0,993922996433702;34,4211344211344;63,9393939393939;34,5581101033537;18,8483429705012
"Eskimo_Aleut";"r2";0,992317916962755;38,003108003108;56,5488215488216;38,0891669986798;22,4410983099335
"Eskimo_Aleut";"r2";0,995237214667651;33,5975135975136;64,9326599326599;33,7429203090456;19,313411988101
"Eskimo_Aleut";"r2";0,993767256069466;34,9417249417249;60,7239057239057;35,0613638316655;20,3589676299421
"Eskimo_Aleut";"r2";0,994952289547314;38,3838383838384;60,8080808080808;38,4878951932316;21,5984727144249
"Eskimo_Aleut";"r2";0,992290048618034;33,7451437451437;61,2962962962963;33,8729913207871;19,8833530584074
"Eskimo_Aleut";"r2";0,989817322861471;39,1530691530692;53,6195286195286;39,2201988953729;25,668022033041
"Eskimo_Aleut";"r2";0,993252396562275;34,1958041958042;62,003367003367;34,3248416102244;20,5946201768443
"Eskimo_Aleut";"r2";0,993959629337553;32,6961926961927;67,037037037037;32,8555469622755;18,6659384250097
"Eskimo_Aleut";"r2";0,992144132887518;33,5975135975136;62,6599326599327;33,7323740107963;19,984527829813
"Eskimo_Aleut";"r2";0,992984440568758;34,1880341880342;60,1010101010101;34,3082800159366;21,091942484437
"Eskimo_Aleut";"r2";0,992461758752086;36,4879564879565;58,3670033670034;36,5894833876272;21,7960193009462
"Eskimo_Aleut";"r2";0,992597279766218;36,4646464646465;57,8282828282828;36,56378166819;22,718877369339
"Eskimo_Aleut";"r2";0,992202848420842;37,956487956488;56,3804713804714;38,041982079105;22,4678012300408
"Eskimo_Aleut";"r2";0,99329590794378;35,2525252525253;62,2895622895623;35,3779871413282;20,1280085552334
"Eskimo_Aleut";"r2";0,992099714835207;33,8073038073038;60,7575757575758;33,9323630738944;20,1414317010034
"Eskimo_Aleut";"r2";0,992173375153549;40,2486402486402;55,4377104377104;40,3191231729515;24,0852445715666
"Eskimo_Aleut";"r2";0,99146113125859;36,3092463092463;60,1851851851852;36,4200395290882;20,6751794495949
"Eskimo_Aleut";"r2";0,989687730984461;38,2362082362082;54,5286195286195;38,311811072832;23,3884891808087
"Eskimo_Aleut";"r2";0,99052324241888;38,0808080808081;57,3737373737374;38,1703344348356;22,009879604599
"Eskimo_Aleut";"r2";0,993407916431063;33,7684537684538;63,4848484848485;33,9063488715461;18,725161522231
"Eskimo_Aleut";"r2";0,992088755115234;38,6013986013986;57,9124579124579;38,6910090854406;22,161388539455
"Eskimo_Aleut";"r2";0,994919157341243;34,7086247086247;64,2760942760943;34,8458287437406;19,6703698523857
"Eskimo_Aleut";"r2";0,992059018652466;33,5664335664336;62,7441077441077;33,7018288062372;19,4218952485456
"Eskimo_Aleut";"r2";0,994350757924165;35,3379953379953;64,1077441077441;35,4714976524721;19,978634284306
"Eskimo_Aleut";"r2";0,993174923030181;31,8104118104118;60,7575757575758;31,9447373971736;20,4206723459236
"Eskimo_Aleut";"r2";0,992580048032027;37,008547008547;60,016835016835;37,1153140062653;21,4774230930021
"Eskimo_Aleut";"r2";0,993719496029378;36,6200466200466;55,976430976431;36,709867429125;21,5082785696371
"Eskimo_Aleut";"r2";0,988169479086863;32,4242424242424;56,5824915824916;32,5363456685963;22,0771345189825
"Eskimo_Aleut";"r2";0,992608044866326;32,8049728049728;64,1414141414141;32,9503855257916;19,1232376744625
"Eskimo_Aleut";"r2";0,988863952457121;38,989898989899;53,989898989899;39,0595045583445;24,2021636780994
"Eskimo_Aleut";"r2";0,994398756187637;34,7163947163947;64,3097643097643;34,8537189372456;18,9653821058277
"Eskimo_Aleut";"r2";0,993134336964169;34,3434343434343;63,030303030303;34,476552063559;19,6837257999614
"Eskimo_Aleut";"r2";0,992960543632845;36,0916860916861;60,1851851851852;36,2034888717023;20,7205679800089
"Eskimo_Aleut";"r2";0,993894143069221;34,0714840714841;62,0875420875421;34,2014889810713;20,3463130240451
"Eskimo_Aleut";"r2";0,993986660944798;34,2424242424242;61,7508417508417;34,3700735116048;20,5705452028258
"Eskimo_Aleut";"r2";0,994657422255603;37,8166278166278;57,2558922558923;37,9068332200583;22,9462755558845
"Eskimo_Aleut";"r2";0,991631228322019;33,8461538461538;60,6734006734007;33,970642230503;20,9950007105867
"Eskimo_Aleut";"r2";0,993052177806629;35,8430458430458;61,7508417508418;35,9632676338013;20,4584974738586
"Eskimo_Aleut";"r2";0,994269225869164;34,5299145299145;60,5555555555556;34,6506831657644;19,7406514340865
"Eskimo_Aleut";"r2";0,991323553235216;37,4358974358974;58,0808080808081;37,5316974852938;21,856895512838
"Eskimo_Aleut";"r2";0,993609128222019;37,9098679098679;60,016835016835;38,012452444007;21,4041616218443
"Eskimo_Aleut";"r2";0,993457073639372;37,5369075369075;62,003367003367;37,6504409915083;21,6013192875178
"Eskimo_Aleut";"r2";0,990680215843812;36,2470862470862;56,7508417508418;36,3422312842266;22,6306279152248
"Eskimo_Aleut";"r2";0,993145468882065;34,3667443667444;61,5824915824916;34,4930355371191;19,797852101112
"Eskimo_Aleut";"r2";0,994139185727892;36,2781662781663;61,9191919191919;36,3971501558509;20,6912724472096
"Eskimo_Aleut";"r2";0,995808298156367;36,2082362082362;62,4579124579125;36,3300444506941;19,9530221962933
"Eskimo_Aleut";"r2";0,991326784351499;36,029526029526;60,6397306397306;36,1437265149562;21,4326751188375
"Eskimo_Aleut";"r2";0,994271757959233;36,4801864801865;61,4646464646465;36,5961236494879;20,6232551202046
"Eskimo_Aleut";"r2";0,993718425518495;36,4335664335664;61,0942760942761;36,5480012811799;21,0201304237961
"Eskimo_Aleut";"r2";0,994737883388386;36,5811965811966;62,5420875420875;36,7016647527088;20,156413950736
"Eskimo_Aleut";"r2";0,995552158116468;34,9106449106449;63,7373737373737;35,0444116337388;19,580422430075
"Eskimo_Aleut";"r2";0,99011483503858;35,6099456099456;56,3804713804714;35,7063285601569;22,2385572101333
"Eskimo_Aleut";"r2";0,992141007990925;36,4879564879565;60,2693602693603;36,5983110298655;21,2173686463069
"Eskimo_Aleut";"r2";0,992142334108875;35,5167055167055;56,0606060606061;35,6120368417352;22,3280963858573
"Eskimo_Aleut";"r2";0,993269069285712;40,3496503496504;54,6127946127946;40,4158366339341;22,974485813065
"Eskimo_Aleut";"r2";0,989012061937664;36,5345765345765;54,1919191919192;36,6165131594366;23,6127586820302
"Eskimo_Aleut";"r2";0,993875427285029;39,6658896658897;60,5555555555556;39,7628254704821;21,8978515846794
"Eskimo_Aleut";"r2";0,993786004078625;35,7575757575758;62,2053872053872;35,8803034209067;20,6849766333047
"Eskimo_Aleut";"r2";0,991436215811983;36,8919968919969;58,8215488215488;36,993758153851;21,0370538577127
"Eskimo_Aleut";"r2";0,99373090261356;34,7630147630148;60,9259259259259;34,8844203832603;19,9288707012584
"Eskimo_Aleut";"r2";0,993081285757215;36,7365967365967;57,9124579124579;36,8348605935613;22,4823554295359
"Eskimo_Aleut";"r2";0,992163993976381;36,977466977467;59,2760942760943;37,0809408860453;21,7432577481937
"Eskimo_Aleut";"r2";0,991789099265742;34,9184149184149;59,4781144781145;35,0323810416618;21,0203847621086
"Eskimo_Aleut";"r2";0,991327236670478;37,4048174048174;57,2895622895623;37,4970900028905;21,5458832677605
"Eskimo_Aleut";"r2";0,992920821866542;38,8733488733489;57,4579124579124;38,9595881475232;21,9209530091318
"Eskimo_Aleut";"r2";0,993077570202385;35,6332556332556;61,6329966329966;35,7539040833704;19,9233240465901
"Eskimo_Aleut";"r2";0,993495606799567;35,7498057498058;61,4646464646465;35,8691321568352;20,8320732466979
"Eskimo_Aleut";"r2";0,993122447343506;35,7653457653458;63,2828282828283;35,8930370995336;19,8933970351343
"Eskimo_Aleut";"r2";0,992717216414958;33,5586635586636;62,037037037037;33,6908137836212;19,7178063251824
"Eskimo_Aleut";"r2";0,992946106594187;34,6775446775447;60,7575757575758;34,7985657034381;20,4967049608371
"Eskimo_Aleut";"r2";0,993982895656438;35,1282051282051;63,1986531986532;35,258462427836;20,3083116708537
"Eskimo_Aleut";"r2";0,993076896320126;35,2059052059052;61,5824915824916;35,3283023584648;20,2569461819767
"Eskimo_Aleut";"r2";0,99346199246714;34,2579642579643;62,0875420875421;34,3871038302593;18,7814062388687
"Eskimo_Aleut";"r2";0,990981788728224;36,9463869463869;56,5488215488216;37,0373495199481;22,6644384225684
"Eskimo_Aleut";"r2";0,991936450954702;35,2292152292152;60,7575757575758;35,3476762989524;21,0270704407771
"Eskimo_Aleut";"r2";0,992242875333931;36,006216006216;60,7575757575758;36,1210715039021;21,0535860093101
"Eskimo_Aleut";"r2";0,992298435895722;39,005439005439;54,7306397306397;39,0784097744655;23,5433062868386
"Eskimo_Aleut";"r2";0,990651726934147;37,9331779331779;56,4646464646465;38,0191708265954;22,4320858301844
"Eskimo_Aleut";"r2";0,993617060182603;35,7264957264957;61,2962962962963;35,8451490934089;20,7491418879733
"Eskimo_Aleut";"r2";0,992394700523614;35,8741258741259;59,9326599326599;35,9857664033998;22,1713602592881
"Eskimo_Aleut";"r2";0,992625451743772;37,1794871794872;58,8215488215488;37,2799143796824;21,4046174481301
"Eskimo_Aleut";"r2";0,992334055605675;39,3006993006993;54,1582491582492;39,3696438476021;24,0753140359899
"Eskimo_Aleut";"r2";0,991904593316578;38,6946386946387;55,3535353535354;38,7719421594132;23,8734453127018
"Eskimo_Aleut";"r2";0,991090952407532;37,1950271950272;56,8013468013468;37,2860077964486;22,6632069217832
"Eskimo_Aleut";"r2";0,992812241596303;37,5446775446775;59,1919191919192;37,6451287820197;21,485889821114
"Eskimo_Aleut";"r2";0,992903122289407;39,020979020979;56,5488215488216;39,1023147171639;22,2326509229908
"Eskimo_Aleut";"r2";0,992420626762667;36,5967365967366;62,1212121212121;36,7151796386135;20,6817702785223
"Eskimo_Aleut";"r2";0,991836067451527;36,2082362082362;58,2828282828283;36,3106705102065;22,3212740516847
"Eskimo_Aleut";"r2";0,993741258809045;34,988344988345;61,3804713804714;35,1108142523456;20,0825679006077
"Eskimo_Aleut";"r2";0,991348971759721;36,6122766122766;57,4579124579124;36,7090081011195;22,6837131279437
"Eskimo_Aleut";"r2";0,992772365893727;38,6247086247086;58,989898989899;38,7192106681666;21,1535852022383
"Eskimo_Aleut";"r2";0,99278090654113;38,4848484848485;55,6060606060606;38,5642972649933;23,3973212313224
"Eskimo_Aleut";"r2";0,994171602278969;35,9362859362859;61,4646464646465;36,0547470060231;20,4049752043811
"Eskimo_Aleut";"r2";0,994606291576098;36,7288267288267;59,1919191919192;36,8330638168225;21,0448744114797
"Eskimo_Aleut";"r2";0,992059762074505;37,5291375291375;56,6329966329966;37,6177865272993;21,8862765548159
"Eskimo_Aleut";"r2";0,99539598563317;36,7132867132867;63,1649831649832;36,8360324044779;20,643678408088
"Eskimo_Aleut";"r2";0,992153121391998;35,011655011655;59,023569023569;35,1230792066059;21,3466406429242
"Eskimo_Aleut";"r2";0,99425945035449;32,7661227661228;64,1077441077441;32,9115595240885;18,7658846399499
"Eskimo_Aleut";"r2";0,994661731220575;36,3170163170163;63,7373737373737;36,4442569546978;19,7202092121556
"Eskimo_Aleut";"r2";0,992130371172969;36,2237762237762;58,9057239057239;36,3290288812331;21,5277808490203
"Eskimo_Aleut";"r2";0,994420331919516;34,3589743589744;63,4006734006734;34,493738623669;19,4037499794643
"Eskimo_Aleut";"r2";0,991445863113486;35,034965034965;58,6531986531986;35,1445624067434;20,6388546220168
"Eskimo_Aleut";"r2";0,994606297091583;38,9510489510489;59,1582491582492;39,0448178615232;21,5767623704887
"Eskimo_Aleut";"r2";0,993289070001282;37,6068376068376;59,1919191919192;37,7070003984157;21,0791683464088
"Eskimo_Aleut";"r2";0,993153259833311;36,3947163947164;60,016835016835;36,504331794355;20,6788982297166
"Eskimo_Aleut";"r2";0,993297677141611;37,5679875679876;60,6397306397306;37,6750490207567;21,3622457773212
"Eskimo_Aleut";"r2";0,992668478263891;38,9355089355089;57,6262626262626;39,0222409711969;22,8085490675337
"Eskimo_Aleut";"r2";0,99193105696365;36,9308469308469;57,0875420875421;37,0243814791379;21,7079156847963
"Eskimo_Aleut";"r2";0,992305937214881;33,5120435120435;63,4848484848485;33,6511284539127;19,2807071577263
"Eskimo_Aleut";"r2";0,990778192006209;37,8632478632479;56,1784511784512;37,9482372057778;23,1374396340675
"Eskimo_Aleut";"r2";0,991838553646997;37,3504273504274;60,1010101010101;37,455998500082;21,2221541577428
"Eskimo_Aleut";"r2";0,989242862618587;38,2517482517483;53,989898989899;38,3247791136422;24,1007867779154
"Eskimo_Aleut";"r2";0,991061033286014;31,2121212121212;62,2053872053872;31,3559414719508;19,7291281803333
"Eskimo_Aleut";"r2";0,995360570977473;32,8360528360528;64,3939393939394;32,9824931449061;18,7469854026564
"Eskimo_Aleut";"r2";0,992605244105549;36,5112665112665;59,8148148148148;36,6194036263642;20,2970276696053
"Eskimo_Aleut";"r2";0,994453941692006;35,5944055944056;62,7441077441077;35,720390291156;20,2053880681553
"Eskimo_Aleut";"r2";0,990832705037707;36,961926961927;57,5420875420875;37,0574265469857;23,5609047303495
"Eskimo_Aleut";"r2";0,994141726562525;39,2540792540793;57,9124579124579;39,3406610575984;22,5849801271231
"Eskimo_Aleut";"r2";0,990373995527971;36,8609168609169;56,2626262626263;36,9509479950315;21,9943752341519
"Eskimo_Aleut";"r2";0,991541001117903;36,3014763014763;57,3737373737374;36,3992594155007;21,9620072229667
"Eskimo_Aleut";"r2";0,993809141749293;37,2416472416472;61,4646464646465;37,3540509503386;20,5602864478117
"Eskimo_Aleut";"r2";0,990840696796881;38,5314685314685;53,8215488215488;38,6024201801464;23,3788310532151
"Eskimo_Aleut";"r2";0,990995380584609;38,3838383838384;55,7239057239057;38,4643027334443;23,8564774026365
"Eskimo_Aleut";"r2";0,994831811224239;36,5656565656566;61,5488215488216;36,6815877256712;20,8241499835912
"Eskimo_Aleut";"r2";0,99395296239816;37,3038073038073;61,0942760942761;37,4142039107236;20,7149345006102
"Eskimo_Aleut";"r2";0,992697101760834;38,2362082362082;58,7373737373737;38,3313412547751;21,9628180511634
"Eskimo_Aleut";"r2";0,992521741824897;36,1771561771562;61,1784511784512;36,2931714671854;20,2479316479695
"Eskimo_Aleut";"r2";0,991163423575002;38,8111888111888;54,8148148148148;38,8854515768669;23,1881201078768
"Eskimo_Aleut";"r2";0,993587058614009;37,7622377622378;60,8080808080808;37,8691790292718;20,9042932110476
"Eskimo_Aleut";"r2";0,993489586698304;37,2804972804973;59,2760942760943;37,3825650159757;20,8622769588089
"Eskimo_Aleut";"r2";0,991215366608349;36,1616161616162;58,030303030303;36,2630949869929;21,3614200394971
"Eskimo_Aleut";"r2";0,993350012111544;35,1515151515151;61,3804713804714;35,273227245385;20,5553446924545
"Eskimo_Aleut";"r2";0,992273470971032;39,8445998445998;57,996632996633;39,9288320169991;23,0083126749795
"Eskimo_Aleut";"r2";0,99323126827904;36,1926961926962;60,5555555555556;36,3057489043568;20,6522889175806
"Eskimo_Aleut";"r2";0,993032092996635;38,8111888111888;57,3400673400673;38,8971696860328;22,7677802193897
"Eskimo_Aleut";"r2";0,992600150976678;34,3434343434343;60,1010101010101;34,4629590569266;20,6680843348414
"Eskimo_Aleut";"r2";0,993571955274943;34,4055944055944;61,6666666666667;34,5320959010054;20,2622776303774
"Eskimo_Aleut";"r2";0,992767106691938;34,3822843822844;61,9191919191919;34,5100658557735;19,5979699958727
"Eskimo_Aleut";"r2";0,993516414990035;35,3379953379953;58,9057239057239;35,4473583475904;20,8010799424372
"Eskimo_Aleut";"r2";0,994312551376947;36,7521367521368;59,7306397306397;36,8587655362597;21,2081016591661
"Eskimo_Aleut";"r2";0,993398992800625;32,7117327117327;65,4208754208754;32,8635152765083;19,1535055127228
"Eskimo_Aleut";"r2";0,991968925219082;38,9277389277389;57,4579124579124;39,0137258118697;23,1437251344135
"Eskimo_Aleut";"r2";0,993535901215315;32,7428127428127;63,2828282828283;32,8845297522792;18,679887362156
"Eskimo_Aleut";"r2";0,992861996639823;36,8609168609169;58,3670033670034;36,9607130860031;21,094255185612
"Eskimo_Aleut";"r2";0,989515132206109;36,6278166278166;55,8922558922559;36,7172107775356;23,0097583021477
"Eskimo_Aleut";"r2";0,994334736730754;38,3216783216783;60,4713804713805;38,4244611622802;21,1621428328902
"Eskimo_Aleut";"r2";0,991603587181749;34,1958041958042;60,3872053872054;34,3173420203583;20,9819207604365
"Eskimo_Aleut";"r2";0,993388741610936;34,8018648018648;63,7710437710438;34,9362925465014;19,8731925782213
"Eskimo_Aleut";"r2";0,991713918680329;36,4724164724165;60,1010101010101;36,5820619184888;21,7009870581743
"Eskimo_Aleut";"r2";0,99311101567164;38,5159285159285;59,4444444444444;38,6130445991235;21,7382953699402
"Eskimo_Aleut";"r2";0,990864687298539;37,1561771561772;57,2053872053872;37,2492129336677;22,3873226874998
