"matrix_id";"baseline";"ceof_cor";"stat_nodf_columns";"stat_nodf_rows";"stat_nodf_general";"stat_temp"
"Saharan";"r0";0,997823582594873;58,3718778908418;71,6736328805294;58,4453006414749;37,6961937262374
"Saharan";"r0";0,998097883984046;61,4246068455134;75,0745602577499;61,4999515745598;32,426996495296
"Saharan";"r0";0,997535789634676;61,6096207215541;72,59828892372;61,6702757438292;42,6118173516012
"Saharan";"r0";0,998198182979281;59,990749306198;77,6629440961337;60,0882959195739;31,1326147909661
"Saharan";"r0";0,997327326767393;58,1868640148011;72,5444096133751;58,266114496486;37,8047030739469
"Saharan";"r0";0,998098750203927;59,7594819611471;71,8037051549983;59,825963413919;38,4874376887101
"Saharan";"r0";0,997393442795304;58,2331174838113;70,1492293625914;58,2988917904099;41,9892912103658
"Saharan";"r0";0,997290013979122;58,6493987049029;70,6858455242076;58,7158372338043;41,404897748316
"Saharan";"r0";0,996364818705377;50,6012950971323;68,8539489724835;50,7020457164994;44,4971087933515
"Saharan";"r0";0,997776810013896;63,413506012951;73,4200844653431;63,468740116644;39,9420691849599
"Saharan";"r0";0,997806957798923;57,9555966697502;72,2706591779868;58,0346126541563;38,6650983669805
"Saharan";"r0";0,998359322268086;60,3607770582794;74,5156304423546;60,4389087236929;35,0295187102485
"Saharan";"r0";0,99654773243774;54,1165587419056;68,9459247648903;54,1984135681595;42,4009147724174
"Saharan";"r0";0,997764766666044;60,6382978723404;71,1527995471961;60,6963356000765;38,9578545110085
"Saharan";"r0";0,99749906387439;60,268270120259;74,7355015673981;60,3481260436103;36,879062715303
"Saharan";"r0";0,997502175407303;53,6540240518039;68,6879571577848;53,7370080431892;43,9796488687549
"Saharan";"r0";0,995448449655172;50,786308973173;69,4825409265064;50,8895080455925;42,9074211538429
"Saharan";"r0";0,998660334489102;63,7835337650324;75,1219087425984;63,8461190914955;43,7883285136998
"Saharan";"r0";0,997104676391541;56,3367252543941;69,4825409265064;56,4092872544242;47,150970512057
"Saharan";"r0";0,997721243207532;60,2220166512488;74,4236546499478;60,3004065574054;36,6063501087772
"Saharan";"r0";0,997350708919575;57,6780758556892;72,3022248345524;57,7587979291696;38,8503722422558
"Saharan";"r0";0,997880638178715;58,2793709528215;72,1248040752351;58,3557946867078;38,7638143600328
"Saharan";"r0";0,996926637283239;58,695652173913;72,6837338906304;58,7728632965444;41,1334520977069
"Saharan";"r0";0,997686317721448;59,8519888991674;73,2584465343086;59,925989585286;37,8233117358752
"Saharan";"r0";0,998339048754079;62,3496762257169;72,3718869731801;62,4049966162273;35,9680618983645
"Saharan";"r0";0,997150763521264;58,695652173913;72,6298545802856;58,7725658946474;40,0341099786475
"Saharan";"r0";0,997946344901926;62,9972247918594;72,8927203065134;63,0518457422623;38,7291923578702
"Saharan";"r0";0,997839811202797;58,3718778908418;73,8870384883316;58,4575181517295;32,4431867935236
"Saharan";"r0";0,998088356650776;62,2109158186864;72,2167798676419;62,2661459790302;37,5991554354426
"Saharan";"r0";0,997576383419511;60,7308048103608;71,8037051549983;60,7919247754646;40,8660623731753
"Saharan";"r0";0,997945924543022;61,5633672525439;71,7498258446534;61,6195942548923;40,5605819927921
"Saharan";"r0";0,998372782141592;62,904717853839;74,5852925809822;62,9691920473651;35,2529640578568
"Saharan";"r0";0,998333495123967;63,0897317298797;74,0263627655869;63,1500995184853;37,4248680426401
"Saharan";"r0";0,998075929865907;58,4643848288622;73,8712556600488;58,5494273541493;35,9573284037879
"Saharan";"r0";0,997149458836096;54,1165587419056;69,0155869035179;54,1987980877839;43,1316356575412
"Saharan";"r0";0,998312963002067;62,5346901017576;77,0882314524556;62,6150224367201;31,7405955567835
"Saharan";"r0";0,997386220799557;56,1517113783534;70,0414707419018;56,228379783304;42,5674563367799
"Saharan";"r0";0,997514451792687;58,3256244218316;71,0134752699408;58,3956585571478;41,6506224346119
"Saharan";"r0";0,998066078784292;60,2220166512488;73,8870384883316;60,2974445546734;34,0987666360277
"Saharan";"r0";0,997585722561655;59,204440333025;73,2742293625914;59,282102461983;37,020268068135
"Saharan";"r0";0,997005726768805;52,5901942645698;71,7656086729363;52,6960383183419;40,229457976915
"Saharan";"r0";0,997660121270701;53,5615171137835;75,4337556600488;53,6822470413618;33,4123510963351
"Saharan";"r0";0,997661745007713;57,9555966697502;71,0831374085684;58,0280577961835;44,1545528578326
"Saharan";"r0";0,997125751142983;57,1692876965772;72,2009970393591;57,2522594132807;39,0193270575556
"Saharan";"r0";0,99783710107464;60,3145235892692;71,1212338906304;60,3741742441065;38,4652864667824
"Saharan";"r0";0,994871622387705;45,790934320074;72,6679510623476;45,9392895182834;38,9004553420908
"Saharan";"r0";0,996728451949253;59,3432007400555;70,3375348310693;59,403887036786;46,526322897771
"Saharan";"r0";0,996724934237327;55,4579093432007;69,740508533612;55,5367461372601;42,3638140764258
"Saharan";"r0";0,997665538540062;56,9380203515264;72,1090212469523;57,0217609268461;36,059817217153
"Saharan";"r0";0,998441126832261;59,8982423681776;75,6269592476489;59,9850614125905;32,2305341177297
"Saharan";"r0";0,997948598341141;59,8057354301573;74,8590430163706;59,8888263643958;32,4680347989869
"Saharan";"r0";0,997914862226629;60,5920444033302;72,2483455242076;60,6563846119091;36,4975285821336
"Saharan";"r0";0,997406438988073;58,9269195189639;73,8173763497039;59,0091115529882;36,4278152206662
"Saharan";"r0";0,997706268939558;57,3543015726179;72,2325626959248;57,4364262890299;36,1039434709198
"Saharan";"r0";0,997440510110649;50,786308973173;69,1233455242076;50,887525366279;40,8208739900226
"Saharan";"r0";0,996668961507479;58,0018501387604;70,3533176593521;58,0700275123791;47,1088343040537
"Saharan";"r0";0,997018850211292;54,4403330249769;71,4423328108673;54,5341803099036;38,9617783762839
"Saharan";"r0";0,997357660677439;60,4995374653099;71,1751132009753;60,5584642862979;41,5544341048327
"Saharan";"r0";0,998120445634208;61,4708603145236;72,1629005572971;61,5298780159556;39,1607403453275
"Saharan";"r0";0,997902062090327;60,3145235892692;73,9028213166144;60,389527992548;36,5338882756879
"Saharan";"r0";0,996094933853558;53,5615171137835;73,2584465343086;53,6702398152768;39,5945035948859
"Saharan";"r0";0,997960948232153;61,5633672525439;71,8510536398467;61,6201530099716;37,2698134093963
"Saharan";"r0";0,996965050734203;58,6493987049029;69,9718086032741;58,7118959076538;43,2044543451535
"Saharan";"r0";0,997361848464262;55,6429232192414;74,4236546499478;55,7465887101193;34,114667220466
"Saharan";"r0";0,997230989914709;59,8519888991674;71,0831374085684;59,9139823592009;38,8349186602695
"Saharan";"r0";0,998896466433109;63,2284921369103;77,8561476837339;63,3092335658716;29,7498450842122
"Saharan";"r0";0,997922372096878;61,3320999074931;71,1908960292581;61,3865182853501;41,0963479081729
"Saharan";"r0";0,998042801023812;61,8871415356152;72,6679510623476;61,9466492238952;35,8105737159751
"Saharan";"r0";0,998845440300814;61,0083256244218;76,3094305120167;61,0927843450525;30,2984991803704
"Saharan";"r0";0,998094356284525;61,9796484736355;73,3281086729363;62,0422894682959;36,4732679603923
"Saharan";"r0";0,99529606566816;43,7557816836263;70,5623040752351;43,9037477685846;41,0830161372095
"Saharan";"r0";0,997140979730139;58,6493987049029;70,1269157088123;58,7127520646301;44,1899794564488
"Saharan";"r0";0,996391939326451;56,7067530064755;69,3813131313131;56,7767137799336;46,4715067053036
"Saharan";"r0";0,997459585399964;60,3145235892692;71,2382445141066;60,3748201169132;44,6447699161427
"Saharan";"r0";0,998070155367303;62,4421831637373;72,8611546499478;62,4996935859243;35,1225867968179
"Saharan";"r0";0,997380671653972;55,6891766882516;74,4775339602926;55,7928842720899;35,911913356543
"Saharan";"r0";0,99783710107464;60,6382978723404;71,0831374085684;60,6959510804521;42,0824886351971
"Saharan";"r0";0,997613334522808;58,0481036077706;75,6269592476489;58,1451350096466;35,0770292345747
"Saharan";"r0";0,997513679522571;60,6845513413506;74,4998476140718;60,7608087264806;38,3855992511025
"Saharan";"r0";0,998045986433803;62,1646623496762;72,3561041448972;62,2209168582055;35,9412991864392
"Saharan";"r0";0,997615632522826;57,1692876965772;72,6679510623476;57,2548368963883;36,4157189342032
"Saharan";"r0";0,998307218902321;64,0148011100833;73,9028213166144;64,0693807984358;36,3936612674589
"Saharan";"r0";0,998004940818581;61,1470860314524;71,1908960292581;61,2025256450557;37,9413554251846
"Saharan";"r0";0,997575440707783;62,7659574468085;72,2009970393591;62,818036782186;41,0334976651095
"Saharan";"r0";0,998098627463;61,2858464384829;74,9825844653431;61,3614494082724;36,7985330757285
"Saharan";"r0";0,997069739892111;57,1230342275671;72,1090212469523;57,2057535671405;38,775638885634
"Saharan";"r0";0,996923393429781;58,418131359852;69,9337121212121;58,4816948231162;43,0734627369497
"Saharan";"r0";0,995234431897302;51,7113783533765;67,2375696621386;51,797079501355;48,7257027119282
"Saharan";"r0";0,997772873146016;61,6558741905643;72,2771900034831;61,7145015087589;41,3925186600362
"Saharan";"r0";0,997401584849386;57,7243293246994;70,1111328805294;57,7927017454307;47,4528697924013
"Saharan";"r0";0,99681461485724;58,5106382978723;70,407196969697;58,5763046750857;44,1266602230916
"Saharan";"r0";0,997913950881524;58,0943570767808;71,2763409961686;58,1671187175501;44,6658185042013
"Saharan";"r0";0,996920034770992;51,8038852913969;72,7757096830373;51,9196451316451;36,5535436006117
"Saharan";"r0";0,997335350111184;56,4292321924144;69,6599616858238;56,5022628979898;43,9488672513999
"Saharan";"r0";0,997942032524572;58,7881591119334;71,1370167189133;58,8563220794052;43,282925010811
"Saharan";"r0";0,998179408131408;59,204440333025;74,8051637060258;59,290552881542;31,3179590061949
"Saharan";"r0";0,996615656914838;55,9666975023127;68,4027777777778;56,0353419196565;45,7566891248396
"Saharan";"r0";0,997462872892694;55,1803885291397;71,0831374085684;55,2681681917676;38,500412025403
"Saharan";"r0";0,996742824036715;58,6493987049029;69,9718086032741;58,7118959076538;43,546535385066
"Saharan";"r0";0,998042627328823;62,0259019426457;75,8849268547544;62,1024007002102;33,5349653466753
"Saharan";"r0";0,998275751406244;58,7881591119334;74,0105799373041;58,8721835139134;32,1745355900765
"Saharan";"r0";0,997633639399258;60,0370027752081;73,7792798676419;60,112857110585;38,0664325199398
"Saharan";"r0";0,998075629674865;61,7946345975948;72,2706591779868;61,8524599402649;44,666396942271
"Saharan";"r0";0,998279790451751;62,904717853839;72,8230581678858;62,9594649024906;34,8186422654745
"Saharan";"r0";0,995497264413207;54,0703052728955;68,2318878439568;54,1484740819354;49,0544911822338
"Saharan";"r0";0,997506372842763;60,3607770582794;71,1054510623476;60,4200852864527;39,574432045362
"Saharan";"r0";0,99781344375693;61,2858464384829;72,6837338906304;61,3487602606659;34,5198394358387
"Saharan";"r0";0,997547626898392;62,1184088806661;72,3245384883316;62,1747444626771;40,4905870121727
"Saharan";"r0";0,996377586442507;56,6142460684551;69,4667580982236;56,6851890971383;43,3225167571532
"Saharan";"r0";0,99638627481136;53,1914893617021;70,0953500522466;53,2847949404908;41,6412676694914
"Saharan";"r0";0,997558337833596;53,7465309898242;69,5206374085684;53,8336005744723;42,1122627035778
"Saharan";"r0";0,998355219775404;58,6031452358927;74,0486764193661;58,6884011577886;33,9649107598478
"Saharan";"r0";0,99910325551207;64,4310823311748;75,6427420759317;64,4929682175304;27,9617598431047
"Saharan";"r0";0,997454035795596;58,5568917668825;72,6679510623476;58,6347816985962;38,8102016414567
"Saharan";"r0";0,998096029634659;59,8057354301573;74,9983672936259;59,8895954036447;34,032387858317
"Saharan";"r0";0,997677411043291;58,6493987049029;71,2066788575409;58,7187121188089;36,6284045619143
"Saharan";"r0";0,99630124845362;56,6604995374653;69,4128787878788;56,7308898553149;45,1154660570872
"Saharan";"r0";0,997994220704164;60,6382978723404;71,2447753396029;60,6968432861432;40,5027521508853
"Saharan";"r0";0,99731123493658;60,1295097132285;71,6197535701846;60,1929333223745;38,4646217272929
"Saharan";"r0";0,998137428635145;63,1359851988899;72,8769374782306;63,1897531047556;35,3524459987084
"Saharan";"r0";0,997476594877639;58,7419056429232;72,6837338906304;58,818861456618;38,4345123088096
"Saharan";"r0";0,99640753507435;58,2331174838113;72,59828892372;58,3124100584566;41,0422780911176
"Saharan";"r0";0,996785037937341;59,990749306198;70,5780869035179;60,0491890721445;43,5400042314951
"Saharan";"r0";0,998190859600178;63,0434782608696;72,3561041448972;63,0948818996038;38,4523821199586
"Saharan";"r0";0,998126901054331;58,4643848288622;73,9186041448972;58,5496887073315;33,1669444671394
"Saharan";"r0";0,995014604888539;50,6938020351526;68,9617075931731;50,7946368404407;45,4753961847431
"Saharan";"r0";0,99729251757068;56,4292321924144;72,6521682340648;56,5187792174833;37,2170258674747
"Saharan";"r0";0,994695049167617;51,063829787234;69,435192441658;51,1652356528518;46,2411012135538
"Saharan";"r0";0,996200465982893;58,6493987049029;69,4509752699408;58,7090210226492;47,3525281962788
"Saharan";"r0";0,997692826429729;63,3209990749306;72,7376132009753;63,3729767058012;37,4487097009667
"Saharan";"r0";0,998222073685589;63,1359851988899;72,8072753396029;63,1893685851312;37,4913224018947
"Saharan";"r0";0,997108156905474;60,6845513413506;71,0515717520028;60,7417750050709;40,7851427566108
"Saharan";"r0";0,996391939326451;55,8741905642923;69,358999477534;55,9486237321667;44,9036325599193
"Saharan";"r0";0,997928434355177;58,4643848288622;73,8870384883316;58,5495144718767;32,851880000901
"Saharan";"r0";0,997663800590706;62,0721554116559;73,532196969697;62,1354123107803;37,2917577919219
"Saharan";"r0";0,998480624412752;61,6558741905643;71,7656086729363;61,7116776927669;36,9102670917021
"Saharan";"r0";0,99748454030353;55,1803885291397;71,2605581678858;55,2691475151861;38,5199621726107
"Saharan";"r0";0,997405428353914;58,3256244218316;72,6837338906304;58,4048780159556;37,4430905380917
"Saharan";"r0";0,997806957798923;57,2617946345976;72,2641283524904;57,3446042043376;36,9005590105791
"Saharan";"r0";0,997733680862309;61,7483811285846;71,7498258446534;61,8035868951867;37,5249298505153
"Saharan";"r0";0,997218473761438;59,2969472710453;71,3726706722396;59,3636025980068;41,0462379842098
"Saharan";"r0";0,996691853242321;55,4116558741906;69,1815787182167;55,4876628080122;43,3998869977748
"Saharan";"r0";0,996691438653015;58,4643848288622;69,4667580982236;58,5251155000822;44,5363136549506
"Saharan";"r0";0,997840259398454;60,1295097132285;71,2289925113201;60,1907764076062;37,6047506647733
"Saharan";"r0";0,997594767866279;60,7308048103608;71,6959465343086;60,7913299716705;39,0136919574822
"Saharan";"r0";0,998330800374641;59,3894542090657;77,1421107628004;59,4874449536125;31,1862217467957
"Saharan";"r0";0,997522338392201;51,4801110083256;72,2864420062696;51,5949573615801;36,9276731745547
"Saharan";"r0";0,997561892834042;60,4532839962997;71,5185257749913;60,5143616878104;38,8603893019745
"Saharan";"r0";0,99807488030396;59,8982423681776;74,5314132706374;59,9790142406843;33,1851295715775
"Saharan";"r0";0,997262691650528;58,0018501387604;71,5724050853361;58,0767566058068;38,9839935421813
"Saharan";"r0";0,997955753819914;59,6207215541166;73,7096177290143;59,6984891502981;33,9632532793891
"Saharan";"r0";0,998169584464341;63,4597594819611;72,7533960292581;63,5110583037494;36,6747871200732
"Saharan";"r0";0,998314905012426;57,4005550416281;74,3605233368164;57,4941703220063;31,6851832024698
"Saharan";"r0";0,99741419469608;56,6604995374653;69,6283960292581;56,732079462903;42,6465308902025
"Saharan";"r0";0,996519823524592;47,2710453283996;74,4617511320098;47,4211320209679;34,7047617373058
"Saharan";"r0";0,997472673198085;58,5568917668825;70,5084247648903;58,6228615902386;39,8698564858846
"Saharan";"r0";0,99772163759334;58,1868640148011;71,7275121908743;58,2616054030775;37,4738787229814
"Saharan";"r0";0,997118721026458;58,3718778908418;71,1527995471961;58,4424257564703;40,1177276906448
"Saharan";"r0";0,997934958036238;63,2747456059204;73,150687913619;63,3292586269381;37,2249873908972
"Saharan";"r0";0,997412787972295;54,6716003700278;76,4977359804946;54,7920758195795;31,4214675860642
"Saharan";"r0";0,997391635854767;56,6142460684551;74,2462338906304;56,7115707482464;36,3595060957605
"Saharan";"r0";0,997224785837805;56,7067530064755;70,0191570881226;56,7802345377449;41,6844221378516
"Saharan";"r0";0,997764460953399;60,2220166512488;71,4804292929293;60,2841606032728;37,4140629544509
"Saharan";"r0";0,997293501052694;54,3015726179463;72,0932384186695;54,3997786849237;38,5057294586921
"Saharan";"r0";0,994644815895491;50,5550416281221;68,768504005573;50,655575919074;47,2914092159812
"Saharan";"r0";0,996607414117576;56,2904717853839;69,4825409265064;56,3632890943505;45,5273631915506
"Saharan";"r0";0,997421417881087;60,9620721554116;71,7340430163706;61,0215310562081;39,6063722666539
"Saharan";"r0";0,997696375596654;58,7881591119334;72,8072753396029;58,8655415382131;38,0878350434784
"Saharan";"r0";0,996948799052016;53,2377428307123;72,560192441658;53,3443984863385;39,4691406336147
"Saharan";"r0";0,996445853758169;54,209065679926;68,8604797979798;54,2899382509548;46,1074419854291
"Saharan";"r0";0,997083734489767;58,0018501387604;69,3747823058168;58,0646262132796;43,1985620098222
"Saharan";"r0";0,997623925173848;52,63644773358;71,3840996168582;52,7399306326597;39,1439659706848
"Saharan";"r0";0,997462218499191;55,9204440333025;70,4926419366074;56,0008793483161;45,0293594789253
"Saharan";"r0";0,997802034113995;61,4246068455134;72,7914925113201;61,4873495446807;37,480947557657
"Saharan";"r0";0,99768294213401;60,5920444033302;71,6039707419018;60,6528278053831;39,0088332802621
"Saharan";"r0";0,996402669775607;58,1406105457909;69,4890717520028;58,2032515460092;48,207144112927
"Saharan";"r0";0,996806657790653;50,277520814061;68,8223833159178;50,3798843605294;46,6562358722763
"Saharan";"r0";0,997760438409357;56,9842738205365;75,4718521421108;57,0863211709776;32,8198861472938
"Saharan";"r0";0,996401979255148;54,0703052728955;73,3123258446534;54,1765169779834;39,0832263430635
"Saharan";"r0";0,996975760313119;56,1517113783534;69,3813131313131;56,2247358590505;44,3873331561625
"Saharan";"r0";0,996879649016418;49,2599444958372;68,8381661442006;49,3680119566377;46,4496199996928
"Saharan";"r0";0,997539460746995;58,6031452358927;72,2483455242076;58,6784637287445;39,2914823940615
"Saharan";"r0";0,997663785513402;61,8871415356152;71,6578500522466;61,9410736893408;40,3412465396908
"Saharan";"r0";0,996941961668279;51,3876040703053;68,5801985370951;51,4825033957889;43,324278716209
"Saharan";"r0";0,997745461681663;58,4643848288622;73,8015935214211;58,5490428345249;34,6861231756336
"Saharan";"r0";0,997040436223298;58,9731729879741;70,0953500522466;59,0345649496904;43,8932323302278
"Saharan";"r0";0,997178878941262;57,2155411655874;72,7152995471961;57,3010964096441;37,5813138332663
"Saharan";"r0";0,99630745813014;55,8741905642923;71,2289925113201;55,9589456808353;41,6589734900766
"Saharan";"r0";0,997124628404731;59,6207215541166;71,5185257749913;59,6863948064857;39,7604897785213
"Saharan";"r0";0,99668226730118;52,8677150786309;71,2289925113201;52,9690652760514;39,8535200104152
"Saharan";"r0";0,997810499951726;57,6780758556892;74,2146682340648;57,7693541944843;33,5386513403868
"Saharan";"r0";0,997136988342407;58,9269195189639;73,150687913619;59,00543158002;40,3226399865021
"Saharan";"r0";0,997706268939558;62,2571692876966;72,2167798676419;62,3121441391038;37,9309937803722
"Saharan";"r0";0,996596247442775;55,6891766882516;71,1212338906304;55,7743582367468;40,9816532807475
"Saharan";"r0";0,996896476366542;59,4357076780759;73,1191222570533;59,5112371053747;39,8630153754498
"Saharan";"r0";0,997392937135874;60,8233117483811;71,626284395681;60,8829417721933;39,950056373034
"Saharan";"r0";0,998100272460087;55,5504162812211;77,1421107628004;55,669597667504;30,3339502786903
"Saharan";"r0";0,997389549258101;57,2155411655874;71,6959465343086;57,2954698060771;38,1780834913011
"Saharan";"r0";0,995198527700534;53,7465309898242;67,796499477534;53,8240837137674;49,6040192377908
"Saharan";"r0";0,997472592634628;60,9620721554116;71,1370167189133;61,0182356028643;40,025155880244
"Saharan";"r0";0,997398472395693;58,8344125809436;70,6004005572971;58,8993582367468;43,7512796152664
"Saharan";"r0";0,998308411334878;60,1757631822387;71,9588122605364;60,2408030115577;38,7010589372927
"Saharan";"r0";0,99642969540084;56,2904717853839;68,9236111111111;56,3602039251763;45,1919495425215
"Saharan";"r0";0,997005197109013;57,1692876965772;71,6578500522466;57,2492613618339;40,4895724394015
"Saharan";"r0";0,996683077795933;53,0527289546716;71,1370167189133;53,1525502302792;41,009336952052
"Saharan";"r0";0,997476534210153;59,1581868640148;73,4200844653431;59,2369093898731;37,9480082445382
"Saharan";"r0";0,998017752849528;60,4995374653099;74,3001132009753;60,5757135963255;35,2044169063952
"Saharan";"r0";0,997706679075022;61,3320999074931;74,8748258446534;61,4068527645519;36,4647927976393
"Saharan";"r0";0,997266702441494;60,5920444033302;71,7117293625914;60,6534226091771;39,4502074751887
"Saharan";"r0";0,996508880671875;58,1868640148011;70,0033742598398;58,2520885423726;42,6682543948741
"Saharan";"r0";0,998361959626003;63,5985198889917;73,9409177986764;63,655607641943;35,4526216274853
"Saharan";"r0";0,997464566348;55,6891766882516;74,4775339602926;55,7928842720899;35,0845430220818
"Saharan";"r0";0,99768952619225;58,6493987049029;71,9158176593521;58,7226264084233;37,6501588745368
"Saharan";"r0";0,99743481948868;62,5809435707678;72,59828892372;62,6362371053747;41,1424428563817
"Saharan";"r0";0,994801165544832;48,8436632747456;67,2598833159178;48,9453167432341;50,8488779026004
"Saharan";"r0";0,998033277424398;60,4070305272895;74,3920889933821;60,484224962245;33,9336147183494
"Saharan";"r0";0,997437956674898;60,4532839962997;71,2289925113201;60,5127635281214;40,3116636916748
"Saharan";"r0";0,997755277560745;58,8806660499537;71,2066788575409;58,9487029191769;38,0713656427318
"Saharan";"r0";0,997582039542029;61,9796484736355;72,0932384186695;62,0354732571408;38,3672693954869
"Saharan";"r0";0,997444304169783;58,7881591119334;71,931600487635;58,8607080063715;39,5836359483618
"Saharan";"r0";0,997943924525936;63,8297872340426;73,8331591779868;63,8850036385169;38,8406908401264
"Saharan";"r0";0,997810357894396;57,0767807585569;73,4358672936259;57,1670793042886;36,7783291312533
"Saharan";"r0";0,997558082132807;60,0832562442183;71,1370167189133;60,1442705614659;41,0236866028138
"Saharan";"r0";0,996421704390868;47,3172987974098;68,3173328108673;47,4332143485421;42,9897572093199
"Saharan";"r0";0,996481324020718;53,8390379278446;68,8223833159178;53,9217426861964;43,568802027323
"Saharan";"r0";0,997609695744741;62,9972247918594;72,7533960292581;63,0510767030134;38,4372221038505
"Saharan";"r0";0,997097308618657;61,4708603145236;71,550091431557;61,5264954448844;43,5724451314295
"Saharan";"r0";0,99787907164824;60,6382978723404;74,2843303726924;60,7136209588189;35,3094447750903
"Saharan";"r0";0,996763809943104;57,0767807585569;69,5206374085684;57,1454680997713;43,7507576259895
"Saharan";"r0";0,99772133375312;60,4995374653099;74,2620167189133;60,5755033121559;35,0733319052022
"Saharan";"r0";0,997296342799075;57,4005550416281;69,2670236851271;57,4660553285288;45,0643815438684
"Saharan";"r0";0,997558082132807;57,7705827937095;71,1527995471961;57,8444496755135;47,048675819751
"Saharan";"r0";0,997830862606847;62,5346901017576;72,2483455242076;62,5883073350002;41,5816326484322
"Saharan";"r0";0,997744260916921;62,0259019426457;72,1248040752351;62,0816456526692;40,3062494017654
"Saharan";"r0";0,996888747881316;60,4070305272895;70,5465212469523;60,4629982773521;44,0556498982275
"Saharan";"r0";0,998408709917098;62,0259019426457;72,4480799373041;62,0834300640513;35,632451575488
"Saharan";"r0";0,997376371259196;58,1868640148011;69,8798328108673;58,2514066208512;43,3453852706982
"Saharan";"r0";0,997594767866279;61,5633672525439;71,6578500522466;61,6190865688257;39,9266948833614
"Saharan";"r0";0,997297989328405;54,7178538390379;72,6837338906304;54,8170215302151;38,678423608738
"Saharan";"r0";0,998545003524805;54,5790934320074;71,1908960292581;54,6707869146049;46,615563192225
"Saharan";"r0";0,997647469066506;57,9093432007401;74,4617511320098;58,0007088378952;35,5758396121725
"Saharan";"r0";0,997823582594873;61,1470860314524;71,6578500522466;61,2051031281633;39,084435898014
"Saharan";"r0";0,997703163774137;54,995374653099;74,9287051549983;55,1054022363661;31,1515419878039
"Saharan";"r0";0,997342577466728;56,6142460684551;75,4337556600488;56,7181256062192;33,8652107387358
"Saharan";"r0";0,996952188834182;58,418131359852;70,1650121908743;58,4829715484317;42,422601309838
"Saharan";"r0";0,997452688597817;60,3607770582794;71,0134752699408;60,4195776003861;41,4180781391278
"Saharan";"r0";0,996778265771257;60,3607770582794;71,0134752699408;60,4195776003861;42,8662911793915
"Saharan";"r0";0,99731123493658;61,6558741905643;71,6420672239638;61,7109957712454;45,5588970261539
"Saharan";"r0";0,997720254116946;59,7594819611471;73,3281086729363;59,8343777847632;38,1022925577611
"Saharan";"r0";0,996898286596076;57,3543015726179;71,7117293625914;57,4335514040254;40,4739267281467
"Saharan";"r0";0,997399646076061;58,695652173913;73,3662051549983;58,7766303872401;38,0558787753045
"Saharan";"r0";0,997137834331058;53,5615171137835;73,2584465343086;53,6702398152768;35,949427566821
"Saharan";"r0";0,997975036609988;60,4070305272895;74,2304510623476;60,4833327565539;34,3363320377427
"Saharan";"r0";0,998071775526252;61,5171137835338;75,6650557297109;61,595207299336;34,7012182819368
"Saharan";"r0";0,997747929682551;58,9269195189639;72,8992511320098;59,0040437045005;37,0051034719778
"Saharan";"r0";0,997962014436148;62,2571692876966;72,7914925113201;62,3153164260054;40,0143665064061
"Saharan";"r0";0,997631718855438;58,8806660499537;73,3438915012191;58,9604998610923;36,5005887382573
"Saharan";"r0";0,997412155194544;57,7243293246994;73,5479797979798;57,8116723815896;37,0441098868525
"Saharan";"r0";0,996451799241265;50,4625346901018;70,6700626959248;50,5740757830502;41,1090096252507
"Saharan";"r0";0,99701075071856;56,3829787234042;72,5917580982236;56,4724476067979;38,7037671994103
"Saharan";"r0";0,996205548572242;54,4403330249769;68,3712121212121;54,517228401773;45,1664807764313
"Saharan";"r0";0,997971574482837;55,6891766882516;77,1040142807384;55,8073818635551;31,8761347289457
"Saharan";"r0";0,996727741555199;55,2266419981499;70,5465212469523;55,3112043491092;41,5418949696848
"Saharan";"r0";0,997401584849386;56,6142460684551;70,1111328805294;56,6887459036644;41,2943782215106
"Saharan";"r0";0,995819787237589;53,0989824236818;71,0515717520028;53,1980767530009;42,3616537002776
"Saharan";"r0";0,997602363852844;60,5457909343201;71,2986546499478;60,605144367893;40,829536368764
"Saharan";"r0";0,997547085875241;62,7659574468085;72,6140717520028;62,8203168633965;40,4052131018944
"Saharan";"r0";0,997472673198085;58,9269195189639;70,5084247648903;58,9908468708274;40,8457834283218
"Saharan";"r0";0,998264711612372;60,0832562442183;75,1600052246604;60,1664765697773;34,9248396554192
"Saharan";"r0";0,997358618029885;58,3718778908418;72,3403213166144;58,4489806144431;40,2866278588581
"Saharan";"r0";0,997876326790347;60,0832562442183;73,4516501219087;60,1570468267999;37,4419006267182
"Saharan";"r0";0,998314351543504;62,4421831637373;73,9093521421108;62,5054794046483;34,7661662776026
"Saharan";"r0";0,997245936017001;60,6845513413506;71,0831374085684;60,7419492405257;40,5609322747146
"Saharan";"r0";0,99726893606228;59,0656799259945;70,4768591083246;59,1286671155933;45,1411785013111
"Saharan";"r0";0,997401972441532;61,1470860314524;71,1212338906304;61,2021411254313;40,6262317681424
"Saharan";"r0";0,997631869999955;59,0656799259945;72,7218303726924;59,1410588613028;35,464217419076
"Saharan";"r0";0,99778876608849;60,0370027752081;73,3819879832811;60,1106641471018;36,7354870289836
"Saharan";"r0";0,996482192348087;55,9204440333025;71,4107671543016;56,0059471968039;41,849674011797
"Saharan";"r0";0,997438157855565;58,8806660499537;71,1908960292581;58,9486158014494;39,9642489323763
"Saharan";"r0";0,997008524458447;58,6493987049029;70,5084247648903;58,7148579103858;43,7478918532325
"Saharan";"r0";0,997987475201632;60,268270120259;72,3718869731801;60,3350794129154;36,6805992563489
"Saharan";"r0";0,995508223366575;50,5550416281221;68,7842868338558;50,6556630368014;45,6772378039578
"Saharan";"r0";0,996704609496707;57,8168362627197;69,3116509926855;57,8802851020755;46,4090494958576
"Saharan";"r0";0,996089364213979;53,5615171137835;68,768504005573;53,6454563238578;46,1639240211285
"Saharan";"r0";0,997839487232173;58,3256244218316;73,2426637060258;58,4079631851299;36,2357838040493
"Saharan";"r0";0,997342577466728;58,0018501387604;75,4337556600488;58,0980704084271;35,6559594895518
"Saharan";"r0";0,997082066374585;57,1230342275671;71,7656086729363;57,2038580055544;39,762959752496
"Saharan";"r0";0,996759459633954;56,9842738205365;69,5902995471961;57,0538562992486;43,5473096852885
"Saharan";"r0";0,997666569184218;57,9093432007401;74,3382096830373;58,0000269163737;35,6533696721001
"Saharan";"r0";0,997621654204236;57,5855689176688;72,3403213166144;57,667011893192;39,3139106896339
"Saharan";"r0";0,996857252316532;56,9842738205365;70,1111328805294;57,0567311842531;42,3942911405271
"Saharan";"r0";0,996802752526119;58,2793709528215;70,0033742598398;58,3440848625198;43,1187138803393
"Saharan";"r0";0,99819625706083;58,5106382978723;70,1650121908743;58,5749678685789;42,4731544179231
"Saharan";"r0";0,998359348999653;63,1359851988899;73,9790142807384;63,1958363253767;35,2614049450983
"Saharan";"r0";0,998390425439032;60,0832562442183;71,3144374782306;60,1452498848844;41,1720408623515
"Saharan";"r0";0,996668664170118;57,0767807585569;69,5902995471961;57,1458526193957;43,770468565058
"Saharan";"r0";0,99757149385548;61,2395929694727;71,7656086729363;61,2976942521045;46,2495700606269
"Saharan";"r0";0,997935636204204;58,418131359852;74,4617511320098;58,5066885987047;33,8778149902626
"Saharan";"r0";0,996912829451042;58,6031452358927;72,7533960292581;58,6812514960217;39,842143021178
"Saharan";"r0";0,997602363852844;60,9158186864015;71,2605581678858;60,9729193643122;39,9465917392775
"Saharan";"r0";0,998247748725368;57,8630897317299;77,1578935910833;57,9695927889112;30,5114634085519
"Saharan";"r0";0,997009275312499;58,0943570767808;69,358999477534;58,1565354156994;43,5201669934415
"Saharan";"r0";0,998524302549327;61,7021276595745;72,7914925113201;61,7633385051223;33,5569070569913
"Saharan";"r0";0,997662834571706;58,2331174838113;76,6212774294671;58,334616066768;34,7351830032337
"Saharan";"r0";0,998141071189502;60,1757631822387;74,8748258446534;60,256898762712;31,8389374623607
"Saharan";"r0";0,997246617845502;54,4403330249769;72,7914925113201;54,5416273735676;38,1113095317419
"Saharan";"r0";0,99783577815396;55,4116558741906;71,1908960292581;55,4987537959297;37,0354603558348
"Saharan";"r0";0,998329979848996;63,9685476410731;75,6269592476489;64,0328994990671;37,4009905007829
"Saharan";"r0";0,996531685758347;53,1914893617021;69,987591431557;53,2842001366967;43,1646634110345
"Saharan";"r0";0,996965050734203;59,2506938020352;69,9718086032741;59,3098719886105;44,6053092848101
"Saharan";"r0";0,998147703980813;64,9861239592969;75,3798763497039;65,0434951776433;34,886404509371
"Saharan";"r0";0,997799521738032;60,268270120259;74,3855581678858;60,3461944333094;34,5912541802538
"Saharan";"r0";0,99802655769058;63,1359851988899;73,2426637060258;63,1917718327839;37,0737600640387
"Saharan";"r0";0,997521372484652;58,418131359852;70,5242075931731;58,4849542277452;41,2356872789319
"Saharan";"r0";0,99805267946634;57,4930619796485;77,1894592476489;57,6017817437773;32,7347178993319
"Saharan";"r0";0,997632866567332;55,0878815911193;71,6420672239638;55,1792570407947;38,6582739068174
"Saharan";"r0";0,997727644822662;61,8871415356152;72,8072753396029;61,9474182631441;40,5540009823972
"Saharan";"r0";0,997974405584917;61,840888066605;72,3403213166144;61,8988426199629;39,5932252397609
"Saharan";"r0";0,993676642455019;37,6503237742831;65,1003570184605;37,801841897066;54,9067762701156
"Saharan";"r0";0,997505607571869;59,8982423681776;71,7117293625914;59,9634502080732;37,270393549657
"Saharan";"r0";0,996997053044776;52,0351526364477;72,3022248345524;52,1470224001907;36,6993511826417
"Saharan";"r0";0,997797516484142;62,7197039777983;72,8611546499478;62,7756825463659;40,8990165453264
"Saharan";"r0";0,998399098454084;62,0721554116559;71,7971743295019;62,1258353688841;38,7192503396403
"Saharan";"r0";0,996991545734076;58,9731729879741;70,5465212469523;59,0370553150706;43,2293997253285
"Saharan";"r0";0,996681003670522;55,27289546716;67,9358237547893;55,342792035445;49,1566634117009
"Saharan";"r0";0,99794070335265;60,4070305272895;74,4459683037269;60,484522364142;33,642219694219
"Saharan";"r0";0,997885019351928;58,418131359852;73,3504223267154;58,5005543090711;34,1865016998807
"Saharan";"r0";0,997889283865951;63,0897317298797;72,7152995471961;63,142862738991;37,242047149655
"Saharan";"r0";0,997243500147407;58,0018501387604;73,226880877743;58,0858889468873;35,0626956630161
"Saharan";"r0";0,997858957008658;58,8344125809436;73,2965430163706;58,9142403478364;35,9933490232057
"Saharan";"r0";0,99768023814928;63,2284921369103;72,6679510623476;63,2805958660295;37,9584037937893
"Saharan";"r0";0,997401972441532;59,9444958371878;71,0831374085684;60,0059786793481;41,5528217761496
"Saharan";"r0";0,997887143914195;59,8057354301573;70,6858455242076;59,8657912356442;40,3724277350805
"Saharan";"r0";0,998031951189859;62,1184088806661;73,3281086729363;62,1802839485167;36,7902899710041
"Saharan";"r0";0,996397358787377;53,2377428307123;70,0572535701846;53,3305828163948;42,1586655397174
"Saharan";"r0";0,998111331639195;59,204440333025;73,4516501219087;59,2830817854015;38,0329520190132
"Saharan";"r0";0,996610385179161;51,6188714153561;72,0932384186694;51,731885400655;39,2897674720921
"Saharan";"r0";0,997054939126477;59,9444958371878;70,5623040752351;60,0031037943435;42,2710381617057
"Saharan";"r0";0,997690258840723;60,5457909343201;71,2132096830373;60,6046727305411;40,4775314648369
"Saharan";"r0";0,997767124687723;56,2904717853839;73,4516501219087;56,3851977007649;38,0386111011692
"Saharan";"r0";0,996859743579635;58,4643848288622;70,1334465343086;58,5287954730505;44,886729308621
"Saharan";"r0";0,997374151455238;56,4754856614246;74,0688131313131;56,5725969446071;33,9312916125686
"Saharan";"r0";0,996466611000491;55,5504162812211;70,3848833159178;55,6322992639333;43,7727146016461
"Saharan";"r0";0,998099655168667;62,0259019426457;73,3504223267154;62,0884107948117;37,0054083645045
"Saharan";"r0";0,997852618386181;57,4930619796485;71,6578500522466;57,5712484823491;35,0980136788799
"Saharan";"r0";0,997461497405687;60,1295097132285;71,0831374085684;60,1899713196425;39,3410013580562
"Saharan";"r0";0,997790806566607;61,1470860314524;74,4459683037269;61,2204929253196;38,1337792736108
"Saharan";"r0";0,998233640969596;58,0481036077706;76,6370602577499;58,150710544201;31,4175354317263
"Saharan";"r0";0,997225746254271;57,1692876965772;74,8590430163706;57,2669312402008;34,7636550852165
"Saharan";"r0";0,997977492110595;61,7946345975948;72,2641283524904;61,8524238915501;35,8812591719984
"Saharan";"r0";0,995838118014533;55,4116558741906;68,4789707419018;55,4837845671126;46,1710036576503
"Saharan";"r0";0,997339960151925;54,5328399629972;72,2009970393591;54,6303642890857;44,3625355460387
"Saharan";"r0";0,997065566997582;59,481961147086;69,9560257749913;59,5397756712511;43,6123881413353
"Saharan";"r0";0,997440728408406;55,6429232192414;69,987591431557;55,7221026205974;39,9265610932204
"Saharan";"r0";0,996274510027232;57,5393154486586;69,4444444444444;57,605029132168;46,4465775608309
"Saharan";"r0";0,997955656909362;63,4597594819611;73,1349050853361;63,5131641495051;37,2686060367302
"Saharan";"r0";0,998180391976833;60,6382978723404;74,0105799373041;60,7121099168572;37,6621435837632
"Saharan";"r0";0,997719837764707;61,840888066605;71,7656086729363;61,8956703330613;38,3539381689729
"Saharan";"r0";0,997759475403734;62,3959296947271;72,3022248345524;62,4506102566765;41,6526148256167
"Saharan";"r0";0,997034042494319;53,6540240518039;68,3173328108673;53,7349622786248;50,2545971334032
"Saharan";"r0";0,997712247298808;59,8519888991674;73,4135536398467;59,9268457422623;36,0130963883201
"Saharan";"r0";0,997635120012258;60,0370027752081;73,4200844653431;60,1108744312714;36,5236292972301
"Saharan";"r0";0,995089675363845;51,7113783533765;67,1521246952281;51,7966078640031;50,694929409172
"Saharan";"r0";0,997128903037252;56,1979648473636;69,6126132009753;56,2720107444396;45,6903541269423
"Saharan";"r0";0,998377206435918;61,7946345975948;72,8072753396029;61,8554219429969;32,4952865788533
"Saharan";"r0";0,997095690669654;56,9842738205365;72,3784177986764;57,0692460964048;36,7676203745447
"Saharan";"r0";0,996991545734076;58,695652173913;70,5846177290143;58,7612766387986;43,5893707948172
"Saharan";"r0";0,996351829630775;53,9777983348751;68,3488984674329;54,0571236345948;45,2625795289837
"Saharan";"r0";0,995540816194796;54,6253469010176;68,3712121212121;54,7012210420674;48,052657176617
"Saharan";"r0";0,997994920418204;61,2395929694727;71,2921238244514;61,2950807202822;41,1336742141283
"Saharan";"r0";0,997716698130243;62,2109158186864;72,1944662138628;62,266022812588;39,5239549213012
"Saharan";"r0";0,998084600810952;62,8122109158187;73,0070097526994;62,8684839544767;36,0466297165515
"Saharan";"r0";0,998159022196602;63,2284921369103;72,8072753396029;63,2813649052784;37,9479473297613
"Saharan";"r0";0,997596679905465;58,6493987049029;71,2289925113201;58,7188352852511;39,7818313594899
"Saharan";"r0";0,998381779745211;61,2395929694727;76,1320097526994;61,321795822002;33,8802713484852
"Saharan";"r0";0,996691438653015;54,0240518038853;69,4667580982236;54,1092921330169;43,1842090217114
"Saharan";"r0";0,997342394956663;58,2331174838113;73,3977708115639;58,316823021959;37,322490621998
"Saharan";"r0";0,99808695562059;59,4357076780759;72,8072753396029;59,5095157792434;35,1339511331092
"Saharan";"r0";0,997581701596158;56,7530064754857;71,550091431557;56,8346831173775;44,471264087045
"Saharan";"r0";0,99686718926508;50,3237742830712;73,1033394287705;50,4495124531487;37,4521591018747
"Saharan";"r0";0,99732003311341;56,6604995374653;69,5902995471961;56,7318691787334;41,4927595221961
"Saharan";"r0";0,99718025093614;60,4070305272895;74,3224268547544;60,4838404426205;37,3695672888822
"Saharan";"r0";0,996216986631273;56,4292321924144;68,8762626262626;56,4979370522149;45,1209791237197
"Saharan";"r0";0,998421195837904;59,0194264569843;76,5293016370603;59,1160771019525;29,4205122272391
"Saharan";"r0";0,996652594691009;53,145235892692;71,0831374085684;53,2442491485294;39,9880915037467
"Saharan";"r0";0,996547208665521;54,486586493987;71,3949843260188;54,579917116795;40,5240352009565
"Saharan";"r0";0,997584493210455;60,6845513413506;71,6959465343086;60,7453318115969;40,1145598021447
"Saharan";"r0";0,996367684387707;52,9139685476411;70,6858455242076;53,0120653846782;41,649653178874
"Saharan";"r0";0,997974405584917;61,9796484736355;72,3403213166144;62,0368371001837;37,6651774851922
"Saharan";"r0";0,997796269185964;61,1933395004625;71,5343086032741;61,2504193667154;42,6772349531126
"Saharan";"r0";0,996834071996562;54,5790934320074;69,0313697318008;54,6588668062473;44,3639914329674
"Saharan";"r0";0,997770526440897;57,8168362627197;71,6578500522466;57,8932356028643;40,1953033915868
"Saharan";"r0";0,997309409087082;56,567992599445;70,0953500522466;56,6426606258634;42,7455668981778
"Saharan";"r0";0,996725846897418;53,9777983348751;68,8697318007663;54,0599985195994;41,9444721953064
"Saharan";"r0";0,99697550927502;57,4005550416281;69,4890717520028;57,4672809848317;53,0394143634764
"Saharan";"r0";0,997521372484652;59,481961147086;70,6004005572971;59,5433324777772;42,9223351332107
"Saharan";"r0";0,998265485409506;64,2460684551341;74,9825844653431;64,3053316529826;34,3254251898567
"Saharan";"r0";0,996795420981024;57,4468085106383;71,626284395681;57,5250760868207;42,7001693207439
"Saharan";"r0";0,997427130490068;61,7021276595745;71,6578500522466;61,7570810490464;41,5864671839684
"Saharan";"r0";0,996670212547336;50,0925069380204;70,4926419366074;50,2051111790429;39,8586332794927
"Saharan";"r0";0,995663274103392;51,9426456984274;67,3072318007663;52,0274548213474;47,3102661284225
"Saharan";"r0";0,997594054800119;60,5457909343201;71,0831374085684;60,6039547603049;40,5016617095203
"Saharan";"r0";0,997892263859215;62,0259019426457;71,6959465343086;62,0792784537312;39,4963529139101
"Saharan";"r0";0,996843832465689;60,3145235892692;70,4926419366075;60,3707045553079;45,3698069108433
"Saharan";"r0";0,99781276964602;57,8630897317299;71,7117293625914;57,9395311648349;37,6508328670414
"Saharan";"r0";0,997283951462956;58,5568917668825;72,1786833855799;58,6320810490464;39,783992715976
"Saharan";"r0";0,997588663909971;62,4421831637373;72,5444096133751;62,4979452232569;41,1986696125966
"Saharan";"r0";0,997038696022575;58,4643848288622;70,0099050853361;58,528113551529;47,8635767251151
"Saharan";"r0";0,998432702633649;55,0878815911193;74,5852925809822;55,1955029949272;39,5165466151938
"Saharan";"r0";0,997623434000849;53,6540240518039;74,0105799373041;53,7663877457441;33,7084391939367
"Saharan";"r0";0,996015818429752;53,9777983348751;68,2095741901776;54,056354595346;46,5757095611731
"Saharan";"r0";0,997987881737823;63,9685476410731;74,3382096830373;64,0257858860149;37,4797274260817
"Saharan";"r0";0,9976526546453;56,845513413506;75,5953935910833;56,9490086122783;34,7474825991469
"Saharan";"r0";0,996702091679557;55,6891766882516;71,1212338906304;55,7743582367468;41,0911944330335
"Saharan";"r0";0,99641418752324;51,2950971322849;72,2483455242076;51,4107544371161;38,8974777580839
"Saharan";"r0";0,997775996888179;56,4292321924144;70,1111328805294;56,50475326337;39,4073416224984
"Saharan";"r0";0,997214407075586;59,2969472710453;70,1650121908743;59,35693658983;44,2492947702183
"Saharan";"r0";0,997955359550987;62,3034227567068;72,9531304423546;62,3622067917701;38,798323569939
"Saharan";"r0";0,995834778634602;53,145235892692;70,4610762800418;53,2408155084455;44,7367329875153
"Saharan";"r0";0,996360066189818;55,2266419981499;70,997692441658;55,3136947144894;42,1490512268279
"Saharan";"r0";0,997336338045385;56,7992599444958;74,8051637060258;56,898648557715;35,5048803632927
"Saharan";"r0";0,997230989914709;55,2266419981499;71,1212338906304;55,3143766360108;39,0165280958823
"Saharan";"r0";0,998032954277227;58,3256244218316;73,3819879832811;58,4087322243787;41,1053253149766
"Saharan";"r0";0,996929040688011;53,5615171137835;68,5644157088123;53,6443298015206;44,4316659982381
"Saharan";"r0";0,996570670642403;58,1406105457909;69,3432166492511;58,2024464580455;46,503139457824
"Saharan";"r0";0,99817918029142;63,2747456059204;73,1349050853361;63,3291715092107;38,4562779139589
"Saharan";"r0";0,99562154073473;53,0064754856614;70,5307384186695;53,1032055478491;42,4143558281026
"Saharan";"r0";0,997469296012805;57,2617946345976;75,2563349007314;57,3611205238311;35,775258107949
"Saharan";"r0";0,997523683945786;55,5041628122109;75,0364637756879;55,6119768009698;34,6038979907048
"Saharan";"r0";0,997410075240166;61,6558741905643;71,6105015673981;61,7108215357906;39,9075477164427
"Saharan";"r0";0,998085511757101;59,3894542090657;77,0724486241728;59,4870604339881;31,0259845323044
"Saharan";"r0";0,997152571492761;57,631822386679;71,0515717520028;57,7058964402135;39,5373258094337
"Saharan";"r0";0,997254740213721;57,0767807585569;71,8352708115639;57,1582443651052;40,9365127899889
"Saharan";"r0";0,997514868095642;60,8233117483811;71,6959465343086;60,8833262918177;39,6823641586914
"Saharan";"r0";0,997100039996176;58,1868640148011;69,8640499825845;58,2513195031237;42,8544943117417
"Saharan";"r0";0,997916464667495;58,2331174838113;76,0623476140718;58,3315308975938;33,3733913890444
"Saharan";"r0";0,997823582594873;60,7308048103608;71,6959465343086;60,7913299716705;37,1434442142123
"Saharan";"r0";0,997808425016085;62,3034227567068;72,7757096830373;62,3612274683516;38,7648060402259
"Saharan";"r0";0,99691414156716;55,0416281221092;70,5242075931731;55,1270885423726;40,227457689694
"Saharan";"r0";0,997607492913255;59,0656799259945;72,7376132009753;59,1411459790302;37,2151826789347
"Saharan";"r0";0,996786006524756;55,9204440333025;71,0989202368513;56,0042258706726;41,5347219038345
"Saharan";"r0";0,997889580417527;62,6734505087882;72,6456374085684;62,7284947787041;38,9944674030103
"Saharan";"r0";0,99810062904178;61,3320999074931;75,4560693138279;61,4100611001683;32,2804421099646
"Saharan";"r0";0,998646656932918;63,9685476410731;73,8489420062696;64,0230852364651;32,9736836449019
"Saharan";"r0";0,997864800012901;63,2284921369103;72,8611546499478;63,2816623071754;40,6443004007713
"Saharan";"r0";0,995586566687884;50,6012950971323;69,5745167189133;50,7060230913647;42,510827861728
"Saharan";"r0";0,996872787905167;56,059204440333;70,6384970393591;56,1396789165006;40,9590868979311
"Saharan";"r0";0,998003953432111;59,6669750231267;74,2685475444096;59,747572479546;33,0537446677719
"Saharan";"r0";0,997935102782109;60,2220166512488;71,6578500522466;60,2851399266913;42,4301647816271
"Saharan";"r0";0,996947516096193;58,6493987049029;70,0953500522466;58,7125778291752;43,543024904271
"Saharan";"r0";0,996930142537007;54,995374653099;71,550091431557;55,0867530345808;40,3058725778345
"Saharan";"r0";0,998047232828826;55,5504162812211;75,7771682340648;55,6620634861126;29,0522198883754
"Saharan";"r0";0,998800320073774;63,2747456059204;74,1183385579937;63,3345998448463;37,5535507520356
"Saharan";"r0";0,997637711579028;61,6558741905643;73,2742293625914;61,7200049458837;39,1169800791081
"Saharan";"r0";0,996801642036459;58,0943570767808;69,8863636363636;58,1594463494188;44,9244297129433
"Saharan";"r0";0,997267768479837;61,6558741905643;71,6736328805294;61,7111700067003;44,0618193789992
"Saharan";"r0";0,997013814394892;53,1914893617021;71,2605581678858;53,2912266320214;40,0621094249741
"Saharan";"r0";0,997522570123987;52,4051803885291;69,4509752699408;52,4992694127136;46,8209646640491
"Saharan";"r0";0,997884901001316;57,9555966697502;71,0673545802856;58,027970678456;39,0158725554523
"Saharan";"r0";0,997164256226452;56,8917668825162;73,3662051549983;56,9827021443698;38,5543433087897
"Saharan";"r0";0,996942233669381;56,3367252543941;74,3763061650993;56,436299758041;35,6049053544657
"Saharan";"r0";0,997130761706591;56,3829787234042;72,560192441658;56,4722733713431;36,8574784591165
"Saharan";"r0";0,99697785808432;60,8233117483811;71,1212338906304;60,8801540049161;45,0557093139558
"Saharan";"r0";0,99845373878233;63,5060129509713;73,3438915012191;63,560315868452;34,7994472962349
"Saharan";"r0";0,997861173826949;61,4246068455134;74,4775339602926;61,496656121216;35,9048610461862
"Saharan";"r0";0,998237309042021;63,4597594819611;73,6557384186694;63,5160390345097;36,0158157596666
"Saharan";"r0";0,996175442206257;52,8677150786309;69,8798328108673;52,9616182123875;43,1532983476856
"Saharan";"r0";0,99783296845217;58,7881591119334;73,9028213166144;58,8715887101193;33,9730768297832
"Saharan";"r0";0,996780637823124;52,7752081406105;70,6004005572971;52,8735992671056;40,8000908367907
"Saharan";"r0";0,997969352443706;60,1295097132285;74,3920889933821;60,2082360018034;32,8258830712182
"Saharan";"r0";0,997532446769396;58,2331174838113;72,7376132009753;58,3131790977055;38,6713516179499
"Saharan";"r0";0,997549671935683;62,3034227567068;72,2325626959248;62,3582294169048;39,315449677727
"Saharan";"r0";0,996680035623504;55,4116558741906;71,0292580982236;55,4978615902386;41,6034072105825
"Saharan";"r0";0,996978325000239;58,8806660499537;70,0414707419018;58,9422712276462;41,9833202397526
"Saharan";"r0";0,998056911942201;61,9796484736355;72,2864420062696;62,0365396982867;40,8985681565857
"Saharan";"r0";0,997675242812569;60,7308048103608;71,2447753396029;60,7888396062904;39,331756853374
"Saharan";"r0";0,998336108510964;60,6845513413506;72,3022248345524;60,7486783339534;35,6019375343524
"Saharan";"r0";0,996955331163312;58,7881591119334;70,0795672239638;58,8504851916686;45,0007888442249
"Saharan";"r0";0,997794777176218;58,1868640148011;71,8037051549983;58,2620259714167;37,7071262630789
"Saharan";"r0";0,997043294345777;56,1517113783534;68,9998040752351;56,2226300132948;45,4324694070264
"Saharan";"r0";0,995855632695691;50,4625346901018;68,7842868338558;50,5636667166542;47,3074083014127
"Saharan";"r0";0,997516424020245;56,5217391304348;69,6060823754789;56,59396181624;47,0953622386965
"Saharan";"r0";0,997235292576528;58,7419056429232;70,0572535701846;58,8043638651528;42,4204327725693
"Saharan";"r0";0,997948178567238;60,5457909343201;71,8575844653431;60,6082295370672;38,0378047524987
"Saharan";"r0";0,997290509415527;60,0370027752081;74,198885405782;60,1151732405103;37,9583671650085
"Saharan";"r0";0,997948178567238;61,840888066605;71,7971743295019;61,8958445685161;38,9750800247855
"Saharan";"r0";0,997418556590386;56,3367252543941;69,6060823754789;56,4099691759456;40,7389597468816
"Saharan";"r0";0,996411020558925;59,5282146160962;70,0572535701846;59,586332586404;45,8420005923628
"Saharan";"r0";0,997349063867999;59,8057354301573;71,6578500522466;59,871156486029;42,2638089505132
"Saharan";"r0";0,998330917268028;62,904717853839;77,5551854754441;62,9855852004164;32,2472334296035
"Saharan";"r0";0,997572843306747;56,7992599444958;70,1492293625914;56,8729488281284;40,6375111844062
"Saharan";"r0";0,998079276299234;62,8122109158187;72,8834683037269;62,8678020329553;35,7840806698715
"Saharan";"r0";0,998156341160444;61,1470860314524;73,150687913619;61,2133432635526;35,2815024124843
"Saharan";"r0";0,998345180225356;56,8917668825162;72,9846960989202;56,9805962986141;41,0146615620488
"Saharan";"r0";0,997055873244547;57,7243293246994;72,045889933821;57,8033811771876;40,2787935899428
"Saharan";"r0";0,99762812047317;60,1295097132285;70,7016283524904;60,1878654738868;41,4798692514372
"Saharan";"r0";0,997948598341141;60,9158186864015;74,8748258446534;60,9928693238895;35,1092315356309
"Saharan";"r0";0,997761542394574;57,5393154486586;72,2483455242076;57,6205060470517;37,1861151152587
"Saharan";"r0";0,997132378515435;58,3718778908418;69,5141065830721;58,4333805331172;44,0966707049507
"Saharan";"r0";0,998155199575336;61,1933395004625;72,522095959596;61,2558717348276;45,830691203757
"Saharan";"r0";0,997597278287551;55,6429232192414;73,8331591779868;55,7433293054903;33,8458041358945
"Saharan";"r0";0,996528996201493;53,1914893617021;69,9560257749913;53,2840259012419;43,0785811767746
"Saharan";"r0";0,997229155672502;56,2442183163737;73,1349050853361;56,3374511780239;38,4429424038428
"Saharan";"r0";0,997932844435431;60,4995374653099;74,4998476140718;60,5768160861862;36,4323483501191
"Saharan";"r0";0,998252114041724;50,8788159111933;83,0710118425636;51,056509724982;24,3102024401001
"Saharan";"r0";0,997192732887903;59,8982423681776;70,5084247648903;59,9568082323729;41,052030424648
"Saharan";"r0";0,997411921336913;55,27289546716;73,8489420062696;55,3754311426289;42,217012895584
"Saharan";"r0";0,997457307487007;57,0767807585569;74,4078718216649;57,1724445546734;35,0478629950392
"Saharan";"r0";0,997081681576791;60,3607770582794;71,6039707419018;60,4228370050151;41,1220426162642
"Saharan";"r0";0,997244617523086;59,9444958371878;72,0932384186694;60,0115542139025;41,0730323330606
"Saharan";"r0";0,998374148416336;60,268270120259;74,3920889933821;60,3462304820242;43,7166405385314
"Saharan";"r0";0,997166615693424;59,2506938020352;69,9718086032741;59,3098719886105;44,6904900662132
"Saharan";"r0";0,99787359160438;60,9158186864015;74,4078718216649;60,990291840782;37,0882673459595
"Saharan";"r0";0,998600997749621;64,6623496762257;75,6111764193661;64,7227847824436;36,4286440072564
"Saharan";"r0";0,998398660153554;59,5282146160962;70,8251698014629;59,5905713144515;46,1460732898381
"Saharan";"r0";0,995875510392589;49,7224791859389;69,987591431557;49,8343381311769;47,8056291504002
"Saharan";"r0";0,996580043896152;52,8214616096207;71,1751132009753;52,9227697140808;40,2181763848743
"Saharan";"r0";0,997934958036238;58,3718778908418;73,150687913619;58,4534536591368;33,9429965189067
"Saharan";"r0";0,99654773243774;57,5393154486586;68,9459247648903;57,6022774136057;46,1138340848454
"Saharan";"r0";0,998617422204227;59,0656799259945;77,8561476837339;59,1693991592478;31,9323264057355
"Saharan";"r0";0,99793782441223;59,8519888991674;72,8072753396029;59,9234992199058;37,4747919421134
"Saharan";"r0";0,997294718202486;55,1341350601295;71,626284395681;55,2251680831408;38,8249578388174
"Saharan";"r0";0,997605274560052;57,2617946345976;75,4337556600488;57,3620998472496;34,952746189367
"Saharan";"r0";0,997933914499598;62,3496762257169;72,8072753396029;62,4073998638801;38,7824879496216
"Saharan";"r0";0,997230899340724;58,5568917668825;71,8080590386625;58,630035284482;39,4089196957658
"Saharan";"r0";0,998046435985747;53,6540240518039;74,9287051549983;53,7714555942318;33,3116443061234
"Saharan";"r0";0,997513686359561;60,1295097132285;71,588187913619;60,1927590869197;37,5046750724953
"Saharan";"r0";0,998336108510964;62,3034227567068;72,3403213166144;62,3588242206989;36,112789172651
"Saharan";"r0";0,997993356511843;63,691026827012;73,7634970393591;63,7466246386717;36,8270496954322
"Saharan";"r0";0,998514210387177;58,8806660499537;76,1477925809822;58,975976775976;32,6399253529565
"Saharan";"r0";0,99794070335265;61,1470860314524;74,4459683037269;61,2204929253196;35,4982392057379
"Saharan";"r0";0,996695211499451;59,5744680851064;70,1492293625914;59,6328384325442;45,6377518674383
"Saharan";"r0";0,998031951189859;62,1184088806661;73,3662051549983;62,1804942326863;35,4068916704882
"Saharan";"r0";0,998291294453252;62,3034227567068;73,4358672936259;62,3648713926051;33,7980482371692
"Saharan";"r0";0,998131683092794;61,7946345975948;72,3245384883316;61,8527573421619;35,8085083072443
"Saharan";"r0";0,996822408548546;53,6540240518039;73,188784395681;53,7618516157995;37,56205077153
"Saharan";"r0";0,997527307248623;61,1470860314524;71,0673545802856;61,2018437235342;41,8971337180942
"Saharan";"r0";0,997600335498333;56,7067530064755;70,0572535701846;56,7804448219145;39,9074762043708
"Saharan";"r0";0,997663325816237;54,5790934320074;72,8230581678858;54,6797960892432;35,6309300952447
"Saharan";"r0";0,996648911857552;55,4116558741906;71,6420672239638;55,5012441613098;40,8676216584348
"Saharan";"r0";0,997476016664757;62,3496762257169;72,2325626959248;62,4042275769784;40,8193340401204
"Saharan";"r0";0,997985491624787;61,0083256244218;75,5034177986764;61,0883353328354;35,1428175322451
"Saharan";"r0";0,998266744630664;63,1359851988899;73,8712556600488;63,1952415215826;33,546900559844
"Saharan";"r0";0,997711479669729;63,4597594819611;73,2584465343086;63,5138460710265;38,9005815107886
"Saharan";"r0";0,995952948519684;53,2839962997225;70,025687913619;53,3764067410135;43,1962097290792
"Saharan";"r0";0,998931899377398;65,7261794634598;76,3094305120167;65,7845966725594;32,3988734882031
"Saharan";"r0";0,997621933829163;58,4643848288622;72,2706591779868;58,5405924149659;39,6441981076343
"Saharan";"r0";0,997879991716389;62,1184088806661;72,7691788575409;62,1771987793424;36,8055158253382
"Saharan";"r0";0,997212844877274;60,2220166512488;70,6319662138628;60,2794772744095;42,5763456269606
"Saharan";"r0";0,997793781477664;59,8057354301573;73,4358672936259;59,8809707486309;36,0300094877736
"Saharan";"r0";0,997309209627043;60,0832562442183;70,5084247648903;60,1408008726673;41,470927733368
"Saharan";"r0";0,996499798338731;53,7465309898242;68,9524555903866;53,8304643362855;44,7504846052618
"Saharan";"r0";0,997497453801251;59,1581868640148;72,8072753396029;59,2335268188018;38,6385595018795
"Saharan";"r0";0,997465482710878;61,5633672525439;71,9854797979798;61,6208950126843;39,3692009170449
"Saharan";"r0";0,996258008524656;56,6142460684551;69,397095959596;56,6848045775139;45,218332445223
"Saharan";"r0";0,996995574150009;54,8566142460685;72,1471177290143;54,9520540077039;37,174180825113
"Saharan";"r0";0,998206568773328;62,8122109158187;72,9150339602926;62,8679762684101;36,1083489405315
"Saharan";"r0";0,997500481580751;58,3718778908418;73,7792798676419;58,4569233479355;35,3294294978786
"Saharan";"r0";0,997780628851281;61,7946345975948;72,1248040752351;61,8516548523012;37,5967203839741
"Saharan";"r0";0,997246309556292;55,3191489361702;73,2965430163706;55,4183801822431;36,8142673782178
"Saharan";"r0";0,997564934661387;57,7243293246994;71,7813915012191;57,8019212042386;40,1497808079577
"Saharan";"r0";0,997648251918805;56,9842738205365;71,8037051549983;57,0660738095032;38,7860803438047
"Saharan";"r0";0,99680580686636;47,0397779833487;73,2742293625914;47,184586362627;34,6362017161448
"Saharan";"r0";0,996716368124626;54,209065679926;68,8539489724835;54,28990220224;47,0245325611116
"Saharan";"r0";0,997491622036723;56,2904717853839;70,2188915012191;56,3673535869432;46,2831474180531
"Saharan";"r0";0,997422961511406;62,1184088806661;72,1629005572971;62,173852256986;39,1934872115514
"Saharan";"r0";0,997730244738118;58,1406105457909;70,5623040752351;58,2091755514732;43,4136303169332
"Saharan";"r0";0,997242410233585;60,8695652173913;71,03578892372;60,9256805276378;41,4161616720413
"Saharan";"r0";0,997204255319535;58,1406105457909;72,2390935214211;58,2184310589959;38,978489905466
"Saharan";"r0";0,997607235885189;60,7308048103608;71,1908960292581;60,7885422043933;42,7090834679504
"Saharan";"r0";0,997576727134065;60,1295097132285;71,6959465343086;60,1933538907138;37,1173468019614
"Saharan";"r0";0,998497820659659;64,5698427382054;74,4459683037269;64,6243567707657;34,4241596417513
"Saharan";"r0";0,996792087805278;59,3894542090657;70,5623040752351;59,4511258734604;43,6109797432802
"Saharan";"r0";0,997773734067655;60,2220166512488;71,1751132009753;60,2824753258563;41,4531263463089
"Saharan";"r0";0,995983728365723;57,5855689176688;69,3274338209683;57,650381419435;47,2682151428558
"Saharan";"r0";0,99837669862976;65,1711378353377;75,4337556600488;65,2277852198347;32,9988894296217
"Saharan";"r0";0,998058697253252;59,1119333950046;73,9028213166144;59,1935758306345;34,5227180394191
"Saharan";"r0";0,9971461648652;61,5171137835338;71,1054510623476;61,5700392882926;42,2344389026298
"Saharan";"r0";0,997359808411749;58,6493987049029;71,2066788575409;58,7187121188089;39,8739866938013
"Saharan";"r0";0,99791083605781;59,0194264569843;73,5055294322536;59,0993865470042;36,8290491527886
"Saharan";"r0";0,99766047791579;60,1295097132285;71,6039707419018;60,1928462046471;45,0233058859135
"Saharan";"r0";0,998087919430053;61,7021276595745;75,3956591779868;61,7777129301453;35,1338679885936
"Saharan";"r0";0,997596679905465;58,8806660499537;71,2066788575409;58,9487029191769;39,549031867606
"Saharan";"r0";0,996457238800789;55,2266419981499;70,331004005573;55,3100147415211;42,4568498707795
"Saharan";"r0";0,997902355331004;63,5060129509713;73,3123258446534;63,5601416329972;37,4690665861751
"Saharan";"r0";0,996508064672853;49,7224791859389;71,7813915012191;49,8442395115063;39,1734925569914
"Saharan";"r0";0,997431891908373;53,4690101757632;68,9617075931731;53,5545264448565;47,0757726731777
"Saharan";"r0";0,997263606521583;57,7243293246994;72,2706591779868;57,8046218537883;38,9302293053661
"Saharan";"r0";0,997100039996176;58,1868640148011;69,8640499825845;58,2513195031237;42,5888938589521
"Saharan";"r0";0,996667305982808;54,6716003700278;72,1090212469523;54,7678510832398;39,6542282787707
"Saharan";"r0";0,998285602397482;61,9796484736355;73,4200844653431;62,0427971543625;36,2821054224027
"Saharan";"r0";0,997705752445263;62,9509713228492;72,6679510623476;63,0046069055879;39,5467327276589
"Saharan";"r0";0,997040691534064;60,7308048103608;71,03578892372;60,787686047417;42,3515351816083
"Saharan";"r0";0,998003621758739;59,2506938020352;72,8611546499478;59,3258205408461;35,0615148187848
"Saharan";"r0";0,998398457103777;64,0610545790934;75,1757880529432;64,1224054538341;36,0105128265008
"Saharan";"r0";0,997787721463732;58,0481036077706;71,6420672239638;58,1231392855049;36,3659892029405
"Saharan";"r0";0,997146342958143;60,9620721554116;70,9280303030303;61,017082043991;42,98665125004
"Saharan";"r0";0,997901408359851;62,4884366327475;72,1786833855799;62,5419246553022;37,2832193154382
"Saharan";"r0";0,998350390238652;58,8806660499537;73,9947971090212;58,9640927163331;32,8526530530916
"Saharan";"r0";0,997951691000573;56,7067530064755;73,3662051549983;56,7987095040754;33,4939340044423
"Saharan";"r0";0,997438157855565;60,4070305272895;71,1147030651341;60,4661345155389;41,3200768187285
"Saharan";"r0";0,99646962544737;57,4930619796485;69,397095959596;57,5587696189122;45,4867423207842
"Saharan";"r0";0,998300251283961;61,7483811285846;74,9983672936259;61,8215181267357;35,0500023413795
"Saharan";"r0";0,997834147688737;60,0370027752081;71,2828718216649;60,099077489356;39,3772748430024
"Saharan";"r0";0,996564625740314;51,0175763182239;72,1471177290143;51,1342067215953;43,8343380985913
"Saharan";"r0";0,99688141313065;53,2839962997225;71,1908960292581;53,3828384325442;41,1799582186263
"Saharan";"r0";0,996501393591588;59,5282146160962;70,1334465343086;59,5867531547432;45,139391814136
"Saharan";"r0";0,997266702441494;62,0259019426457;71,7498258446534;62,0795758556283;40,6313237586393
"Saharan";"r0";0,996402669775607;58,4643848288622;69,4509752699408;58,5250283823548;46,0561550341873
"Saharan";"r0";0,997375000283535;55,5966697502313;71,7813915012191;55,6860058408531;39,0493316559969
"Saharan";"r0";0,997679563337241;60,3607770582794;71,2605581678858;60,420941443429;38,3677235172601
"Saharan";"r0";0,997494667699261;60,4070305272895;71,7498258446534;60,4696402530524;40,9273446709964
"Saharan";"r0";0,998314078930593;63,0434782608696;73,3281086729363;63,1002471499886;44,457353419917
"Saharan";"r0";0,997512085635677;61,7021276595745;72,6456374085684;61,7625334171586;39,4377208925046
"Saharan";"r0";0,9976622365612;56,8917668825162;74,8590430163706;56,9909422797592;35,0371207820882
"Saharan";"r0";0,997153990280754;56,7067530064755;70,0414707419018;56,7803577041871;40,7953212550491
"Saharan";"r0";0,997360959140185;60,6845513413506;70,959595959596;60,7412673190042;42,3686440089919
"Saharan";"r0";0,99753597273631;60,268270120259;73,7634970393591;60,3427607932255;36,2652804970065
"Saharan";"r0";0,998291294453252;59,204440333025;73,3819879832811;59,2826972657771;34,8646194066044
"Saharan";"r0";0,997691931812387;60,3145235892692;72,3245384883316;60,3808162198068;40,4530899684508
"Saharan";"r0";0,998325410137132;63,8297872340426;73,3123258446534;63,8821287535123;36,1540418739156
"Saharan";"r0";0,997677543809864;58,8806660499537;73,9409177986764;58,9637953144361;35,7908304430307
"Saharan";"r0";0,998008606485943;61,2395929694727;74,4775339602926;61,3126634809216;34,3829760963595
"Saharan";"r0";0,998038871184552;57,1692876965772;72,4257662835249;57,2535000898815;39,9444713431468
"Saharan";"r0";0,997340200229897;57,9093432007401;69,3747823058168;57,9726298931324;43,3964717512883
"Saharan";"r0";0,997759044076194;61,1933395004625;74,9287051549983;61,2691556862281;35,3482398841688
"Saharan";"r0";0,998244149043;55,6891766882516;78,2218739115291;55,8135522019036;34,9202279418157
"Saharan";"r0";0,996167320574195;55,1341350601295;70,4768591083246;55,2188235093376;44,3956294896881
"Saharan";"r0";0,996785223528267;54,0240518038853;68,9078282828283;54,1062069638427;41,4990363779726
"Saharan";"r0";0,996771099729223;56,7067530064755;69,6441788575409;56,778164740704;42,488346511406
"Saharan";"r0";0,997700635580834;63,7372802960222;73,3504223267154;63,7903427175348;38,1742793555122
"Saharan";"r0";0,998098462134552;62,5809435707678;73,7254005572971;62,6424585127358;38,9008326589104
"Saharan";"r0";0,996824021549213;53,7002775208141;72,7376132009753;53,805359410493;43,5387818357364
"Saharan";"r0";0,997517108697759;56,7992599444958;73,4516501219087;56,8911774615745;37,0708228040695
"Saharan";"r0";0,997266741409365;58,7419056429232;70,0191570881226;58,8041535809832;42,0491766263852
"Saharan";"r0";0,997347262329852;57,3080481036078;74,9287051549983;57,405310240046;35,4775558621709
"Saharan";"r0";0,997313639279938;56,7530064754857;72,6837338906304;56,8409405734533;37,6536662884367
"Saharan";"r0";0,997645323842691;61,7946345975948;71,7656086729363;61,8496721729877;41,4223093043009
"Saharan";"r0";0,997743482598738;60,777058279371;71,7117293625914;60,8374152494715;39,4076186415292
"Saharan";"r0";0,996685971381155;58,695652173913;70,0033742598398;58,7580683031822;45,0190934197228
"Saharan";"r0";0,997074447710716;58,3718778908418;70,3848833159178;58,4381870284227;42,3719096398398
"Saharan";"r0";0,998088053511182;63,8297872340426;73,7950626959248;63,8847933543473;34,6577523147668
"Saharan";"r0";0,997925425104116;58,5106382978723;71,0831374085684;58,5800357170666;37,5907196429907
"Saharan";"r0";0,998116845971159;62,3496762257169;75,6111764193661;62,4228767787637;33,837697453338
"Saharan";"r0";0,997752496955022;61,9333950046253;72,8769374782306;61,9938009428421;40,172377122893
"Saharan";"r0";0,997387571120883;58,8344125809436;70,6542798676419;58,8996556386438;42,3402764590088
"Saharan";"r0";0,997598122829115;60,5920444033302;71,5724050853361;60,6526535699283;39,7322856280317
"Saharan";"r0";0,998264537662022;62,0259019426457;72,3561041448972;62,0829223779847;37,3568059655214
"Saharan";"r0";0,998508180617033;62,1646623496762;77,2814350400557;62,2481035972772;31,5923275565021
"Saharan";"r0";0,997719444863481;60,5920444033302;71,7275121908743;60,6535097269045;39,2649257513708
"Saharan";"r0";0,997901753698627;60,0370027752081;73,9567006269592;60,1138364340035;34,2147578435115
"Saharan";"r0";0,996678342988941;51,7576318223867;72,7914925113201;51,8737340892989;36,5926971680299
"Saharan";"r0";0,997592806833987;55,7354301572618;74,5314132706374;55,8391798340606;35,0664296745243
"Saharan";"r0";0,997824747820995;57,8168362627197;70,5623040752351;57,8871884309581;49,0859920533992
"Saharan";"r0";0,997707775528019;60,1295097132285;71,5724050853361;60,1926719691923;37,2383352076423
"Saharan";"r0";0,997564585053339;61,9796484736355;72,2167798676419;62,0361551786622;37,8582077370418
"Saharan";"r0";0,997441564210329;58,4643848288622;70,0414707419018;58,5282877869838;41,7598294953707
"Saharan";"r0";0,997363986819831;59,0656799259945;70,0033742598398;59,126053583771;43,7498876647467
"Saharan";"r0";0,998051437689658;58,7881591119334;73,9567006269592;58,8718861120163;34,7420144046612
"Saharan";"r0";0,997976380421629;62,3959296947271;72,3403213166144;62,4508205408461;38,5666389610032
"Saharan";"r0";0,997770526440897;60,4070305272895;71,6197535701846;60,4689222828161;39,3040000221306
"Saharan";"r0";0,996702091679557;56,7530064754857;71,1212338906304;56,8323159184395;42,6800784487854
"Saharan";"r0";0,997221213516549;60,0832562442183;70,5623040752351;60,1410982745643;41,7358783330115
"Saharan";"r0";0,997380671653972;56,567992599445;74,4775339602926;56,6668493134883;36,0381755140106
"Saharan";"r0";0,997822047599711;59,990749306198;71,5724050853361;60,0546774889715;45,1883136688182
"Saharan";"r0";0,997126792347438;58,8344125809436;70,0953500522466;58,8965704694696;42,2896197605384
"Saharan";"r0";0,996701885085599;54,486586493987;68,5105363984674;54,5639956010955;44,2204855542398
"Saharan";"r0";0,997349372786988;56,2904717853839;69,6757445141066;56,3643555354965;43,3708482802592
"Saharan";"r0";0,996724399022539;56,3367252543941;69,3432166492511;56,4085182151753;46,0052018138312
"Saharan";"r0";0,997444153354268;59,5282146160962;71,4423328108673;59,5939779179993;39,4308987414941
"Saharan";"r0";0,996233816582276;55,6891766882516;70,2232453848833;55,769401538463;44,8038914926087
"Saharan";"r0";0,998297503035618;64,1073080481036;74,2843303726924;64,1634829643387;33,5392048626342
"Saharan";"r0";0,997313639279938;58,695652173913;72,6995167189133;58,7729504142718;38,4788968622595
"Saharan";"r0";0,998008381459468;61,5633672525439;72,8072753396029;61,6254311426289;38,5042843580478
"Saharan";"r0";0,997929349268167;61,7946345975948;72,3718869731801;61,8530186953441;36,9041163461916
"Saharan";"r0";0,997408120103021;53,5615171137835;73,2426637060258;53,6701526975494;40,204537169016
"Saharan";"r0";0,997766844065686;62,2571692876966;72,2641283524904;62,3124054922861;42,9184431133266
"Saharan";"r0";0,99654195550772;56,567992599445;69,0694662138628;56,6369979735816;44,791081849381
"Saharan";"r0";0,997413917930077;54,0703052728955;69,6060823754789;54,1560593323394;40,795984864876
"Saharan";"r0";0,997771352276938;58,1868640148011;72,6140717520028;58,2664990161104;37,0591509542692
"Saharan";"r0";0,997832495685694;58,1868640148011;70,4387626262626;58,2544917900254;40,0416082911884
"Saharan";"r0";0,996535700782327;57,3080481036078;71,7498258446534;57,3877635281214;42,1154719129532
"Saharan";"r0";0,997540850035576;61,7483811285846;71,6420672239638;61,8029920913926;40,0763566511104
"Saharan";"r0";0,997341113658022;54,209065679926;69,0536833855799;54,2910046921007;42,1040189740855
"Saharan";"r0";0,998184039254982;64,0148011100833;74,8748258446534;64,0747460488205;37,1202990151092
"Saharan";"r0";0,997622001701236;61,1008325624422;71,5724050853361;61,1586333307378;39,5708303031437
"Saharan";"r0";0,997441564210329;58,7419056429232;70,0414707419018;58,8042767474254;40,6746569960559
"Saharan";"r0";0,997747773254613;60,5457909343201;71,8510536398467;60,6081934883524;37,7115010789266
"Saharan";"r0";0,99761580491026;63,0434782608696;72,3245384883316;63,094707664149;40,5653432841397
"Saharan";"r0";0,995979391010528;53,3765032377428;72,1852142110763;53,4803231695184;40,340648738163
"Saharan";"r0";0,997786710202294;58,0943570767808;75,9007096830373;58,1926442116819;32,4036291345393
"Saharan";"r0";0,996131410163168;53,5152636447734;68,13991205155;53,5959884749856;47,4282850164298
"Saharan";"r0";0,998046855415404;64,3385753931545;73,7792798676419;64,3906859974295;36,989464408252
"Saharan";"r0";0,998475361056649;62,4421831637373;76,6054946011842;62,5203615157379;31,6964917670158
"Saharan";"r0";0,997698425981825;56,9842738205365;69,6218652037618;57,0540305347034;41,5656524059007
"Saharan";"r0";0,997406573491924;59,3894542090657;73,3819879832811;59,4666899060715;39,9659237410802
"Saharan";"r0";0,998457706307171;56,845513413506;77,2117729014281;56,9579306691891;38,4233210204856
"Saharan";"r0";0,998175621932904;61,840888066605;73,3662051549983;61,9045052722447;34,4855172542471
"Saharan";"r0";0,998264537662022;61,9796484736355;72,3942006269592;62,0371345020807;39,5117739258289
"Saharan";"r0";0,997981599507438;60,268270120259;73,9028213166144;60,3435298324744;34,0377543236605
"Saharan";"r0";0,99839858552303;61,6096207215541;76,0623476140718;61,6893965829664;32,0804192922818
"Saharan";"r0";0,997201482586353;49,0749306197965;74,8274773598049;49,2170789918664;37,9566608621456
"Saharan";"r0";0,997173298106174;58,418131359852;70,5084247648903;58,4848671100178;41,202253021546
"Saharan";"r0";0,996702091679557;56,7530064754857;71,1370167189133;56,832403036167;41,4272825920431
"Saharan";"r0";0,997442555676972;60,2220166512488;71,1908960292581;60,2825624435838;40,5701554325931
"Saharan";"r0";0,997390335447777;61,4246068455134;71,5185257749913;61,480323049356;40,5377072637615
"Saharan";"r0";0,99786090225849;58,695652173913;73,8108455242076;58,7790847039055;34,9151901462665
"Saharan";"r0";0,996998789650602;52,6827012025902;71,2224616858238;52,7850365870423;38,290951995243
"Saharan";"r0";0,99627145104893;55,7354301572618;69,8101706722396;55,8131196173261;44,012702277989
"Saharan";"r0";0,997872759950501;63,3672525439408;72,7691788575409;63,4191491013296;38,8402988820676
"Saharan";"r0";0,996829748249792;58,1868640148011;72,2167798676419;58,2643060526273;40,3263334711516
"Saharan";"r0";0,997469265759814;58,2331174838113;70,7397248345524;58,3021511950389;42,0103297747364
"Saharan";"r0";0,997516424020245;56,9380203515264;69,5902995471961;57,0078581391749;41,846870452417
"Saharan";"r0";0,997588535039016;61,6096207215541;72,1248040752351;61,6676622120068;37,7880057449464
"Saharan";"r0";0,997345748960933;54,5790934320074;72,2706591779868;54,6767469687837;36,0349412553397
"Saharan";"r0";0,995700171819967;55,2266419981499;70,5688349007314;55,3113275155514;43,7726886478027
"Saharan";"r0";0,997059251159273;59,0194264569843;70,063784395681;59,0803888743092;45,8395198600083
"Saharan";"r0";0,997989817916356;60,9620721554116;72,3087556600488;61,0247033431097;37,5496894350375
"Saharan";"r0";0,996105614564105;48,5198889916744;72,1248040752351;48,6501829111789;36,953268601626
"Saharan";"r0";0,998096986523366;63,8760407030527;74,9287051549983;63,9370489704968;35,7097679699289
"Saharan";"r0";0,99740273671637;61,6096207215541;72,2325626959248;61,6682570158009;37,645966729961
"Saharan";"r0";0,998041111697327;60,4995374653099;71,7275121908743;60,5615134067573;38,1828898228053
"Saharan";"r0";0,997398472395693;58,8806660499537;70,5780869035179;58,9452332303782;40,1251656104623
"Saharan";"r0";0,997083424080611;51,8963922294172;71,6039707419018;52,0051737115468;36,5913549656223
"Saharan";"r0";0,997126792347438;56,845513413506;70,0953500522466;56,918649586305;42,4429796113879
"Saharan";"r0";0,996728451949253;57,6780758556892;70,331004005573;57,7479172254217;43,6114145252333
"Saharan";"r0";0,997498263534515;52,3126734505088;75,5572971090212;52,4409786408962;32,3131735974021
"Saharan";"r0";0,99750559958823;56,7067530064755;70,0572535701846;56,7804448219145;41,9131439198159
"Saharan";"r0";0,997370298868909;58,1868640148011;69,9337121212121;58,2517040227482;41,3773961407486
"Saharan";"r0";0,997245936017001;60,4532839962997;71,1054510623476;60,5120816065999;42,6876224956786
"Saharan";"r0";0,997631869999955;59,6669750231267;72,6679510623476;59,7387375403625;38,5721863852041
"Saharan";"r0";0,997283993428837;52,8677150786309;71,2447753396029;52,9691523937789;42,3522731276233
"Saharan";"r0";0,998081944912849;60,4070305272895;74,4998476140718;60,484819766039;33,7291460579465
"Saharan";"r0";0,998017977823826;61,840888066605;71,6578500522466;61,8950755292672;38,502972279065
"Saharan";"r0";0,997272404817845;55,6429232192414;71,7117293625914;55,7316194813023;38,1446392562014
"Saharan";"r0";0,998069473387706;63,2747456059204;72,9150339602926;63,3279578691461;36,5986033506007
"Saharan";"r0";0,998371455814601;64,3385753931545;74,8748258446534;64,3967331693357;34,5500177233415
"Saharan";"r0";0,996351202199913;54,486586493987;69,0536833855799;54,5669936525423;44,655275096527
"Saharan";"r0";0,996544972986554;57,5393154486586;70,2613418669453;57,6095382255765;44,3042262686917
"Saharan";"r0";0,997719419720562;58,695652173913;75,9545889933821;58,7909176945357;33,9419678500226
"Saharan";"r0";0,998188784191348;56,7992599444958;75,0522466039707;56,9000124007579;34,2275210262925
"Saharan";"r0";0,997442555676972;58,5106382978723;71,1527995471961;58,580420236691;39,0585063085769
"Saharan";"r0";0,997638477265786;59,7132284921369;73,226880877743;59,7878208696103;37,8275424886889
"Saharan";"r0";0,997869791407797;60,4070305272895;71,3302203065134;60,467324123127;40,619447609888
"Saharan";"r0";0,997388991725054;59,3894542090657;70,7239420062696;59,4520180791514;43,6421987097384
"Saharan";"r0";0,997217810524226;59,2969472710453;70,1111328805294;59,356639187933;42,0064215949653
"Saharan";"r0";0,996781679804438;55,9666975023127;70,4387626262626;56,0465801064927;42,7440777332964
"Saharan";"r0";0,997720690945;59,6207215541166;72,6837338906304;59,6928264980164;38,3480475658258
"Saharan";"r0";0,996645292403846;58,1868640148011;69,9337121212121;58,2517040227482;44,2819217044411
"Saharan";"r0";0,997807334295506;60,3607770582794;71,6420672239638;60,4230472891847;36,1619038445777
"Saharan";"r0";0,997386514585356;57,3543015726179;71,4804292929293;57,4322746787098;44,2589712960223
"Saharan";"r0";0,998125060392389;62,9972247918594;73,8870384883316;63,0573341590892;35,2438735910127
"Saharan";"r0";0,998048050403267;61,3783533765032;72,7599268547544;61,4411771491523;40,0872452634062
"Saharan";"r0";0,997359808411749;58,1868640148011;71,2605581678858;58,2590279199699;40,9314203115921
"Saharan";"r0";0,997726391108909;60,8695652173913;71,7117293625914;60,9294115696187;39,7874570150591
"Saharan";"r0";0,997822657721411;57,2617946345976;72,1629005572971;57,3440454492583;36,2243534439713
"Saharan";"r0";0,997299480489816;60,6845513413506;70,9753787878788;60,7413544367316;42,1297334676962
"Saharan";"r0";0,99827163038197;62,2109158186864;72,7757096830373;62,2692311482044;35,7497524141077
"Saharan";"r0";0,996846310771293;56,6604995374653;69,5364202368513;56,7315717768363;42,3105259730252
"Saharan";"r0";0,997015577906669;54,0240518038853;73,3123258446534;54,1305188179098;36,7654491022026
"Saharan";"r0";0,99811794883538;60,4995374653099;72,3403213166144;60,5648959778286;37,4499250980367
"Saharan";"r0";0,99738611800754;61,5633672525439;72,7376132009753;61,6250466230045;41,813884631615
"Saharan";"r0";0,997974783325089;60,1295097132285;72,3403213166144;60,1969106972398;37,6896357331514
"Saharan";"r0";0,997113521561138;58,1868640148011;69,9652777777778;58,251878258203;42,8359732378958
"Saharan";"r0";0,998231836337744;61,4246068455134;75,0364637756879;61,4997412903902;32,2827374889606
"Saharan";"r0";0,997988828735851;61,4708603145236;73,188784395681;61,5355406682374;34,0405922713764
"Saharan";"r0";0,997475880179418;53,3302497687326;69,5048545802856;53,4195300160825;41,3546451362576
"Saharan";"r0";0,998313162520635;61,0083256244218;75,4337556600488;61,0879508132109;38,3920339371346
"Saharan";"r0";0,995694986372714;50,5087881591119;69,5206374085684;50,6137293693205;43,3469092060233
"Saharan";"r0";0,997764907430673;60,3607770582794;73,7634970393591;60,4347571133727;37,5855906155636
"Saharan";"r0";0,99801146267266;64,1073080481036;74,3539925113201;64,1638674839631;38,1053229144636
"Saharan";"r0";0,997906199224541;60,3145235892692;74,3382096830373;60,3919312402008;36,1378756497882
"Saharan";"r0";0,997794777176218;60,6382978723404;71,7432950191571;60,6995950047056;37,8412672300992
"Saharan";"r0";0,998089502453486;63,5522664199815;73,4200844653431;63,6067345968648;37,148188430752
"Saharan";"r0";0,997840259398454;58,7419056429232;71,2066788575409;58,8107084389561;37,7945662506556
"Saharan";"r0";0,99753597273631;60,0370027752081;73,7858106931383;60,1128931592998;36,3491737411149
"Saharan";"r0";0,997206997905512;60,268270120259;73,7096177290143;60,3424633913285;39,6044046356713
"Saharan";"r0";0,995707029296863;54,209065679926;68,2857671543016;54,2867659640532;48,0828259796265
"Saharan";"r0";0,997748092647642;54,5328399629972;72,8072753396029;54,6337108114421;35,5177114740481
"Saharan";"r0";0,997417856049894;58,9731729879741;73,2965430163706;59,0522348280572;37,4090686947748
"Saharan";"r0";0,997519119312311;58,6493987049029;71,1908960292581;58,7186250010815;39,286404076618
"Saharan";"r0";0,99654864693408;56,6142460684551;69,435192441658;56,6850148616835;45,4248078907012
"Saharan";"r0";0,997711479669729;62,8122109158187;73,2584465343086;62,8698718299962;40,2073828861449
"Saharan";"r0";0,996833916516408;57,4005550416281;71,6420672239638;57,4791650444745;40,7192653545758
"Saharan";"r0";0,996772572153172;56,4754856614246;70,0730363984674;56,550541139274;43,5559243082486
"Saharan";"r0";0,996679530403705;53,7465309898242;73,2045672239638;53,8539350536741;35,9073015569736
"Saharan";"r0";0,995688601179605;55,3191489361702;67,8122823058168;55,3881082739971;51,2097755730143
"Saharan";"r0";0,997290031251653;52,0351526364477;71,6959465343086;52,1436758778343;38,2520804573871
"Saharan";"r0";0,996326377791612;52,0351526364477;67,9516065830721;52,1230079480206;45,4818505118822
"Saharan";"r0";0,998371090491285;57,5393154486586;75,5415142807384;57,6386836114852;31,3787707406962
"Saharan";"r0";0,997048431932718;54,8103607770583;72,1852142110763;54,9062661317999;38,4870873662155
"Saharan";"r0";0,996978672644094;52,358926919519;71,588187913619;52,4650681945554;38,0558814557108
"Saharan";"r0";0,997122140092507;60,6845513413506;71,2066788575409;60,7426311620471;41,8803368673687
"Saharan";"r0";0,99788309127822;61,9796484736355;72,1090212469523;62,0355603748682;38,0974778138353
"Saharan";"r0";0,993249624326958;49,0286771507863;66,0946752002787;49,1228776919979;54,8664446385558
"Saharan";"r0";0,997184894024149;59,6207215541166;71,4646464646465;59,6860974045887;39,370215886264
"Saharan";"r0";0,997082175455541;55,9666975023127;70,5465212469523;56,0471749102868;42,0319388482955
"Saharan";"r0";0,995907563746712;50,4162812210916;69,9560257749913;50,5241362968261;43,3192285231038
"Saharan";"r0";0,99714885996115;56,1979648473636;68,8539489724835;56,2678230854047;44,4063217152502
"Saharan";"r0";0,994370457164746;49,0286771507863;66,8244949494949;49,1269061358758;50,3934273080046
"Saharan";"r0";0,997625085752696;62,4421831637373;72,9150339602926;62,4999909878213;41,2632876811942
"Saharan";"r0";0,998258439717567;64,4310823311748;75,0364637756879;64,489621695174;33,8583812310865
"Saharan";"r0";0,997872759950501;63,2747456059204;72,7533960292581;63,327065663455;39,4100069910267
"Saharan";"r0";0,997997272316215;59,204440333025;72,8611546499478;59,2798223807725;40,1376171862619
"Saharan";"r0";0,998045853936621;64,4310823311748;73,9567006269592;64,4836616409952;35,8841457341619
"Saharan";"r0";0,997217233205639;60,5457909343201;71,626284395681;60,6069528117517;39,3998492248649
"Saharan";"r0";0,997503804737203;61,8871415356152;71,8194879832811;61,9419658950319;40,9795565684784
"Saharan";"r0";0,998485010181724;62,904717853839;72,9465996168582;62,9601468240121;36,5092635350533
"Saharan";"r0";0,997457307487007;56,4754856614246;74,4078718216649;56,5744684737166;35,0345290165099
"Saharan";"r0";0,997939679565064;61,1470860314524;71,5724050853361;61,2046314908114;38,4948524918328
"Saharan";"r0";0,997645323842691;57,9093432007401;71,7656086729363;57,9858267268055;40,3801890918395
"Saharan";"r0";0,9980561449804;59,8057354301573;74,9287051549983;59,8892108840202;33,0255640570929
"Saharan";"r0";0,99742548991137;59,8519888991674;72,3180076628352;59,920798570356;40,3794272959329
"Saharan";"r0";0,997476016664757;61,6096207215541;72,2167798676419;61,6681698980735;41,7200160039208
"Saharan";"r0";0,997921437989575;63,413506012951;73,9409177986764;63,4716150016486;37,8065767445349
"Saharan";"r0";0,997163788103387;55,5041628122109;73,7792798676419;55,6050374233725;35,3721182316807
"Saharan";"r0";0,997236071423978;55,3191489361702;70,4387626262626;55,4026058654623;39,6911975973604
"Saharan";"r0";0,997085293066867;57,2617946345976;71,7117293625914;57,3415550838782;40,0947961274807
"Saharan";"r0";0,996889670330354;56,1979648473636;71,1527995471961;56,2805122330112;40,8413955004471
"Saharan";"r0";0,997061878293489;56,7992599444958;71,8352708115639;56,8822554046636;39,6910639665862
"Saharan";"r0";0,997099993426051;60,268270120259;73,7858106931383;60,3428839596677;38,6942844484424
"Saharan";"r0";0,997077522973963;59,8519888991674;70,4545454545455;59,9105126704023;41,8725310467615
"Saharan";"r0";0,997645995874568;62,1646623496762;72,6837338906304;62,2227253020642;37,5980196463149
"Saharan";"r0";0,997028534849123;58,9269195189639;70,5084247648903;58,9908468708274;42,8165031453023
"Saharan";"r0";0,997493881662978;54,8566142460685;70,3152211772901;54,9419423432049;43,2435705085365
"Saharan";"r0";0,997034042494319;53,9777983348751;68,2792363288053;54,0567391149704;54,276944679047
"Saharan";"r0";0,998126850134404;58,9269195189639;73,3123258446534;59,0063237857111;34,5251628169669
"Saharan";"r0";0,99729310576339;61,9796484736355;72,1471177290143;62,0357706590378;40,5593097747232
"Saharan";"r0";0,997870879187023;60,1295097132285;73,3662051549983;60,2025733495216;35,5553820202451
"Saharan";"r0";0,998559464203657;65,1248843663275;74,9825844653431;65,1792966943809;34,4671374170932
"Saharan";"r0";0,996828783610611;56,8917668825162;69,0313697318008;56,9587748099271;45,0162664901248
"Saharan";"r0";0,998430147355787;62,3959296947271;75,0141501219087;62,4655794854935;34,247981817601
"Saharan";"r0";0,997870262389254;62,3034227567068;72,2548763497039;62,358352583347;45,7543014533778
"Saharan";"r0";0,997129032081805;61,054579093432;71,0292580982236;61,1096371192174;42,685300690432
"Saharan";"r0";0,997934434714018;59,9444958371878;72,2325626959248;60,0123232531514;37,6548902327494
"Saharan";"r0";0,997052013747507;60,3607770582794;71,2447753396029;60,4208543257016;43,1309446261611
"Saharan";"r0";0,996677477518887;53,9777983348751;68,8381661442006;54,0598242841446;46,497295463603
"Saharan";"r0";0,998098659837658;61,1933395004625;71,1908960292581;61,2485238051293;39,435206959293
"Saharan";"r0";0,994867290054043;53,9315448658649;67,7649338209683;54,007902118607;50,684763211738
"Saharan";"r0";0,997902632479076;60,4532839962997;72,3022248345524;60,5186875335854;38,4918520561476
"Saharan";"r0";0,997170047285709;58,6031452358927;70,025687913619;58,6661951494772;43,8150083347012
"Saharan";"r0";0,997740928693996;56,4754856614246;73,3123258446534;56,5684213018104;34,4161642492398
"Saharan";"r0";0,998366396070094;64,3385753931545;74,5314132706374;64,3948376077496;36,8998141714834
"Saharan";"r0";0,997611161423841;56,845513413506;72,3022248345524;56,9308310478448;36,5043456265145
"Saharan";"r0";0,996709021957846;53,8852913968548;68,5801985370951;53,9664040397632;43,9604229957218
"Saharan";"r0";0,997422961511406;60,4070305272895;72,1852142110763;60,4720435007051;40,6222069108804
"Saharan";"r0";0,997840270351445;59,1581868640148;72,8927203065134;59,2339984561537;38,0026657611815
"Saharan";"r0";0,998294566516247;61,9333950046253;76,5450844653431;62,0140483043165;30,3405918008353
"Saharan";"r0";0,996554740645459;57,4930619796485;72,2009970393591;57,5742465337959;40,5358864004003
"Saharan";"r0";0,996906442789327;56,4292321924144;71,0134752699408;56,5097339941303;40,8883134800954
"Saharan";"r0";0,997914862226629;62,627197039778;72,2706591779868;62,6804268215896;39,9648662583911
"Saharan";"r0";0,997458021355201;58,3256244218316;70,7081591779868;58,3939732797313;39,1586352908161
"Saharan";"r0";0,998540684725919;60,9620721554116;77,3510971786834;61,0525359549881;34,5529223256878
"Saharan";"r0";0,997038129630092;60,3607770582794;70,6700626959248;60,4176820388;41,0354207825991
"Saharan";"r0";0,998425534204279;60,6382978723404;73,9567006269592;60,7118125149602;33,5746424120722
"Saharan";"r0";0,997441564210329;57,7243293246994;70,0795672239638;57,7925275099759;44,4121937769331
"Saharan";"r0";0,996873746898853;56,3367252543941;68,8762626262626;56,4059407320677;44,7642393422804
"Saharan";"r0";0,998004940818581;61,5171137835338;71,1685823754789;61,5703877592023;40,9313060086003
"Saharan";"r0";0,997700819062514;62,627197039778;72,1090212469523;62,6795346158985;40,4961192446071
"Saharan";"r0";0,997850337219818;57,9555966697502;70,6384970393591;58,0256034795181;38,8227531481146
"Saharan";"r0";0,996694730585138;55,8279370952821;69,1772248345524;55,9016222161981;43,5286514457467
"Saharan";"r0";0,996870793480446;54,1165587419056;68,4027777777778;54,1954155167127;46,4574796925848
"Saharan";"r0";0,996514693175488;58,9731729879741;70,4926419366074;59,0367579131735;46,9109029144878
"Saharan";"r0";0,997217233205639;61,6558741905643;71,6039707419018;61,7107854870758;41,109074652732
"Saharan";"r0";0,997594170823371;58,9269195189639;70,4926419366075;58,9907597530999;44,5197569159677
"Saharan";"r0";0,998529592308156;61,8871415356152;76,0623476140718;61,9653855434079;31,3669557491922
"Saharan";"r0";0,996499579603048;53,8852913968548;69,3747823058168;53,9707899667294;45,240152778611
"Saharan";"r0";0,997017770203094;56,845513413506;72,0774555903866;56,9295903712441;39,3469488029688
"Saharan";"r0";0,996151586062951;52,8214616096207;69,8640499825845;52,9155329345865;45,0102824971031
"Saharan";"r0";0,997037539323097;56,4292321924144;70,6161833855799;56,5075410306472;41,7107796878722
"Saharan";"r0";0,99836632425144;64,3848288621647;73,9409177986764;64,4375763631942;36,9879349050879
"Saharan";"r0";0,997435958433895;59,5744680851064;73,6715212469523;59,6522807060549;38,1907496701019
"Saharan";"r0";0,997382417663206;54,209065679926;68,8920454545455;54,2901124864096;42,7486885721249
"Saharan";"r0";0,996729268621107;56,8917668825162;69,0155869035179;56,9586876921997;45,2656950005845
"Saharan";"r0";0,997036451932949;53,2377428307123;72,59828892372;53,3446087705081;40,3908626909163
"Saharan";"r0";0,99718280393377;50,5087881591119;68,6340778474399;50,6088357562876;48,6596131345807
"Saharan";"r0";0,996302316291153;56,1054579093432;68,2792363288053;56,1726544783559;50,650924041014
"Saharan";"r0";0,997802334270325;63,0897317298797;73,7477142110763;63,1485614399875;34,495183985734
"Saharan";"r0";0,998077032137769;59,481961147086;75,4718521421108;59,5702218149519;33,3686748368906
"Saharan";"r0";0,996780004737069;56,567992599445;72,0774555903866;56,6536014108025;42,6909364896641
"Saharan";"r0";0,99773058537929;62,8584643848289;72,8611546499478;62,9136770265866;41,6059974552435
"Saharan";"r0";0,997701501032567;60,3145235892692;73,8489420062696;60,389230590651;35,0889932696624
"Saharan";"r0";0,997370716070026;57,9555966697502;73,7096177290143;58,0425553876486;37,4730488412323
"Saharan";"r0";0,997916042075425;58,418131359852;73,1664707419018;58,4995389369378;35,5512902710458
"Saharan";"r0";0,997869504375223;60,3607770582794;74,5156304423546;60,4389087236929;35,9531525218309
"Saharan";"r0";0,998718169546923;65,0323774283071;75,0903430860327;65,0878951780278;34,1834785265608
"Saharan";"r0";0,997768353957667;54,9491211840888;71,8891501219087;55,0426264036168;37,3765185311433
"Saharan";"r0";0,997850141462695;58,8806660499537;72,9150339602926;58,9581326621543;37,1650542650876
"Saharan";"r0";0,996282984392965;51,6651248843663;72,7218303726924;51,7813532495273;37,3252426430596
"Saharan";"r0";0,996905059908191;55,7354301572618;71,7813915012191;55,8240003210739;40,0724512132834
"Saharan";"r0";0,997503090636607;58,7419056429232;70,5623040752351;58,80715163243;40,3840391298927
"Saharan";"r0";0,997510418375997;57,1230342275671;69,5522030651341;57,1916404952997;42,5211271414383
"Saharan";"r0";0,998133264822462;64,9398704902868;74,8748258446534;64,9947092502925;34,8146832841357
"Saharan";"r0";0,997527307248623;58,2793709528215;71,1054510623476;58,3501680831408;40,7023741497945
"Saharan";"r0";0,997664352011855;59,7132284921369;70,7712904911181;59,7742665528489;40,5177274311516
"Saharan";"r0";0,997500481580751;58,5568917668825;73,7792798676419;58,6409159882299;36,172578479748
"Saharan";"r0";0,998375169599311;61,2395929694727;75,5953935910833;61,31883381927;34,0960527514176
"Saharan";"r0";0,998025921253278;61,6558741905643;71,7813915012191;61,7117648104943;36,093319666811
"Saharan";"r0";0,996751123006802;55,781683626272;69,2354580285615;55,855945490498;44,2771719119201
"Saharan";"r0";0,998263011549572;62,8584643848289;72,3561041448972;62,9108892593095;37,245601366765
"Saharan";"r0";0,997266201322124;56,7530064754857;72,6679510623476;56,8408534557259;36,9836566215908
"Saharan";"r0";0,997256891852417;57,0767807585569;72,7757096830373;57,1634353800352;36,9788401206061
"Saharan";"r0";0,997381717251288;62,1184088806661;72,0235762800418;62,1730832177371;41,932429802779
"Saharan";"r0";0,997863035688093;58,5568917668825;74,4459683037269;58,6445959611981;35,3845198277226
"Saharan";"r0";0,99620406869624;50,3700277520814;69,987591431557;50,4783123722073;41,787998723022
"Saharan";"r0";0,998056566744864;60,0832562442183;73,8173763497039;60,1590655548282;36,54245223711
"Saharan";"r0";0,996376195252127;50,8788159111933;68,5105363984674;50,9761391153549;43,3893881319911
"Saharan";"r0";0,99722097091783;53,145235892692;72,9308167885754;53,2544479307557;35,9127976396686
"Saharan";"r0";0,997602363852844;60,8695652173913;71,2066788575409;60,9266238023415;41,5783579573286
"Saharan";"r0";0,997916042075425;61,7946345975948;73,2045672239638;61,85761490648;35,6005714974452
"Saharan";"r0";0,997906657956881;57,2155411655874;75,1061259143156;57,3142932433173;34,6975893978399
"Saharan";"r0";0,997872759950501;63,1822386679001;72,8072753396029;63,2353667452048;38,5326737769226
"Saharan";"r0";0,997270319319117;60,0370027752081;71,4962121212121;60,1002550807059;39,4696608283242
"Saharan";"r0";0,997366017342962;57,8630897317299;71,6039707419018;57,9389363610409;40,9981654666213
"Saharan";"r0";0,997972708770514;59,6669750231267;72,979797979798;59,7404588664938;35,322173824347
"Saharan";"r0";0,997697897043497;59,6669750231267;71,0515717520028;59,7298154834517;46,0502198750468
"Saharan";"r0";0,997871045714256;62,4421831637373;72,7060475444096;62,498837428948;37,5302893819989
"Saharan";"r0";0,997258647957974;57,2617946345976;72,2325626959248;57,3444299688828;39,2377778041254
"Saharan";"r0";0,997785478924896;60,777058279371;71,1370167189133;60,8342429625699;39,6196793305924
"Saharan";"r0";0,99793210507169;57,8630897317299;71,8510536398467;57,9403002040838;40,9018425978042
"Saharan";"r0";0,997508226752155;56,0129509713229;73,188784395681;56,107757779553;34,6200208120513
"Saharan";"r0";0,99787052154507;60,1295097132285;71,1527995471961;60,1903558392669;38,0068385681771
"Saharan";"r0";0,996691438653015;53,6540240518039;69,5048545802856;53,7415171365977;43,076064158229
"Saharan";"r0";0,998443032145401;63,413506012951;73,2426637060258;63,4677607932255;36,3014400793522
"Saharan";"r0";0,997357723151502;61,5633672525439;72,5759752699408;61,6241544173134;38,442433988453
"Saharan";"r0";0,996974168960952;60,1295097132285;71,0134752699408;60,1895868000181;41,5156530011958
"Saharan";"r0";0,997140216989701;56,9380203515264;75,3640935214211;57,03972820711;35,1300997009802
"Saharan";"r0";0,997576787922897;60,4995374653099;74,4459683037269;60,5765186842892;36,5337868402789
"Saharan";"r0";0,996930142537007;56,9842738205365;71,6105015673981;57,0650073683573;44,9500879220397
"Saharan";"r0";0,997663953542401;54,6253469010176;72,2390935214211;54,7225708934025;36,0432692914545
"Saharan";"r0";0,995801433610059;54,7178538390379;70,8583681644026;54,8069459144309;43,4792921124546
"Saharan";"r0";0,996130689426642;53,5615171137835;68,768504005573;53,6454563238578;47,0137953909564
"Saharan";"r0";0,998425829835988;64,8011100832562;74,4775339602926;64,8545218065886;34,9634903253801
"Saharan";"r0";0,998571185777058;61,6096207215541;77,1736764193661;61,6955308726;29,3451748041818
"Saharan";"r0";0,997840635774903;61,9796484736355;72,1629005572971;62,0358577767652;38,031402729712
"Saharan";"r0";0,997152571492761;55,2266419981499;71,03578892372;55,313904998659;42,1117996649565
"Saharan";"r0";0,997499019188845;61,8871415356152;72,2009970393591;61,9440717407876;39,4974375255303
"Saharan";"r0";0,998017157164013;59,8982423681776;72,0393591083246;59,9652586519319;35,6119554684137
"Saharan";"r0";0,996296777224414;51,5263644773358;68,3331156391501;51,6191340329668;45,5836112743497
"Saharan";"r0";0,997952518666559;58,5568917668825;73,4897466039707;58,6393178285408;32,7117581484542
"Saharan";"r0";0,997149380217284;53,6540240518039;75,4179728317659;53,7741562437816;34,0467885490035
"Saharan";"r0";0,997218793503483;60,6845513413506;71,1212338906304;60,7421595246953;40,7198170327876
"Saharan";"r0";0,997418259108236;60,0370027752081;71,6578500522466;60,1011472863969;42,8368256987022
"Saharan";"r0";0,997726391108909;60,5457909343201;71,7117293625914;60,6074244491035;36,7951458391967
"Saharan";"r0";0,996857252316532;58,3256244218316;70,1492293625914;58,3908881105571;40,9988891981746
"Saharan";"r0";0,996432506942239;50,5087881591119;73,0968086032741;50,6334690447283;36,5465999718365
"Saharan";"r0";0,998248292853056;61,3320999074931;71,6801637060258;61,3892189348999;37,5354748153137
"Saharan";"r0";0,996748125008727;59,1119333950046;72,7599268547544;59,187267305546;41,1441693818864
"Saharan";"r0";0,997734301072217;57,0305272895467;74,3697753396029;57,1262361104302;34,449913784418
"Saharan";"r0";0,998122335430228;60,3145235892692;71,6420672239638;60,3770491291111;42,3499153643698
"Saharan";"r0";0,995797504673298;53,9315448658649;70,6004005572971;54,0235532689455;42,4992130215754
"Saharan";"r0";0,99789620729061;58,6031452358927;73,3662051549983;58,6846340670929;34,3128986577753
"Saharan";"r0";0,997434241841629;59,6669750231267;70,7778213166144;59,7283044414901;44,4579992837434
"Saharan";"r0";0,996663819323576;54,2553191489362;70,8360545106235;54,3468411472527;43,7632641923777
"Saharan";"r0";0,997598122829115;61,5633672525439;71,550091431557;61,6184917650316;40,9909466746575
"Saharan";"r0";0,997623700871012;60,2220166512488;72,2325626959248;60,288312213593;39,3267441414847
"Saharan";"r0";0,997508798113889;58,418131359852;72,7914925113201;58,4974691398969;39,6726079332447
"Saharan";"r0";0,997802034113995;62,2571692876966;72,7914925113201;62,3153164260054;37,7468021705262
"Saharan";"r0";0,998118010528948;60,0370027752081;72,3784177986764;60,1051246612622;37,2119106550377
"Saharan";"r0";0,996410228917171;51,9426456984274;72,2325626959248;52,0546415604191;37,7296353442302
"Saharan";"r0";0,995290551537055;48,1961147086031;68,9998040752351;48,3109464806361;44,3460491705923
"Saharan";"r0";0,997802065320127;61,9333950046253;72,0932384186695;61,9894750970672;38,0634720279024
"Saharan";"r0";0,995848936060518;55,3191489361702;67,9042580982236;55,3886159600638;49,3447999280083
"Saharan";"r0";0,997351563120176;60,5920444033302;71,7656086729363;60,6537200110742;41,0337291491071
"Saharan";"r0";0,99823860716596;61,1470860314524;75,1284395680947;61,2242600160152;35,7000602842605
"Saharan";"r0";0,998546633173947;61,1008325624422;74,0263627655869;61,1721786353206;34,3979981029745
"Saharan";"r0";0,997553892569052;59,7594819611471;73,3662051549983;59,8345880689328;39,265429458726
"Saharan";"r0";0,996179983126499;57,2617946345976;69,2354580285615;57,3278866128531;46,1292471710918
"Saharan";"r0";0,996261355363246;54,209065679926;68,3173328108673;54,286940199508;45,462209079969
"Saharan";"r0";0,997442555676972;60,268270120259;71,1685823754789;60,3284374372152;38,9773224872371
"Saharan";"r0";0,997960624961346;63,3672525439408;75,2182384186694;63,4326673693763;36,7633378343647
"Saharan";"r0";0,998090966711835;63,1822386679001;73,3662051549983;63,238451914379;38,2472440186022
"Saharan";"r0";0,998520189665437;59,7132284921369;75,0206809474051;59,7977222499397;35,2848226357787
"Saharan";"r0";0,997235292576528;58,3256244218316;70,0953500522466;58,3905907086601;45,8118952114305
"Saharan";"r0";0,996878256068336;57,7705827937095;69,5206374085684;57,8354405008753;47,5433827640276
"Saharan";"r0";0,997622001701236;60,4995374653099;71,5724050853361;60,5606572497811;38,7118541297029
"Saharan";"r0";0,997121551333535;53,7002775208141;73,3346394984326;53,8086548638368;35,9684440039537
"Saharan";"r0";0,997760312490042;57,2155411655874;72,2167798676419;57,2983446910817;39,1269914525113
"Saharan";"r0";0,996499969466801;53,0527289546716;70,4768591083246;53,1489063060257;43,5977047697108
"Saharan";"r0";0,99779402791996;61,1008325624422;74,4459683037269;61,174494765246;35,6188991126972
"Saharan";"r0";0,997550902041884;60,3607770582794;71,0515717520028;60,4197878845557;40,8152432664293
"Saharan";"r0";0,997880648884617;61,1470860314524;71,8733672936259;61,2062927357514;43,7549579376378
"Saharan";"r0";0,997904397237833;56,9842738205365;72,2706591779868;57,0686512926108;39,041937020146
"Saharan";"r0";0,998456679217839;64,3848288621647;73,8489420062696;64,4370686771275;33,9863931342115
"Saharan";"r0";0,997584842916391;59,1581868640148;72,8611546499478;59,2338242206989;38,5087471746537
"Saharan";"r0";0,995626985172551;51,850138760407;67,796499477534;51,93815915075;49,9375705566906
"Saharan";"r0";0,998419513891157;59,1119333950046;73,4358672936259;59,1909983475269;42,0962869008508
"Saharan";"r0";0,996246271690983;56,3829787234042;71,5185257749913;56,4665236013339;41,4259541984807
"Saharan";"r0";0,99627939572793;54,3015726179463;69,5206374085684;54,3855784953555;44,3208181042906
"Saharan";"r0";0,997384057564052;60,0832562442183;73,9028213166144;60,15953719218;38,2649955906227
"Saharan";"r0";0,997853722242045;59,9444958371878;71,588187913619;60,0087664466253;43,5061504265803
"Saharan";"r0";0,997203114801847;50;70,1111328805294;50,11100901314;40,5560449389662
"Saharan";"r0";0,997980729616001;60,4070305272895;72,3718869731801;60,4730738931362;38,2565737138628
"Saharan";"r0";0,998002625981606;60,8695652173913;74,8432601880878;60,9466969283611;40,7610860174238
"Saharan";"r0";0,997214407075586;58,5568917668825;70,1111328805294;58,6206686267554;42,1652839428211
"Saharan";"r0";0,99754907671926;56,6604995374653;74,4078718216649;56,758461114011;34,2149557022323
"Saharan";"r0";0,998327210864345;60,5457909343201;76,1701062347614;60,6320337050677;35,2833097333577
"Saharan";"r0";0,997316259828624;55,1803885291397;71,0450409265064;55,267957907598;39,0348030229689
"Saharan";"r0";0,99582268701018;46,854764107308;67,6794888540578;46,9697119899948;53,8837313540441
"Saharan";"r0";0,99847911591663;60,0832562442183;74,3920889933821;60,1622378417298;31,5105756505119
