"matrix_id";"baseline";"ceof_cor";"stat_nodf_columns";"stat_nodf_rows";"stat_nodf_general";"stat_temp"
"Heibanic";"r2";0,997929155773631;39,8762838468721;84,4845879835738;40,062929470875;19,6735109967943
"Heibanic";"r2";0,996571377854223;40,8169934640523;80,255671756686;40,982008854398;21,2113976333553
"Heibanic";"r2";0,997996280503444;37,1591970121382;83,5236417616048;37,3531905048138;20,0250612756968
"Heibanic";"r2";0,997520037428001;41,125116713352;82,7334086029506;41,2992099848566;19,8485180773082
"Heibanic";"r2";0,997102269634722;44,4771241830065;78,5476414621285;44,6196786486096;22,5347614078714
"Heibanic";"r2";0,997531373075833;39,2156862745098;82,5044270581796;39,3968107129352;20,293112325044
"Heibanic";"r2";0,997775232091992;41,8627450980392;81,177830863963;42,0272433648422;21,0847309101042
"Heibanic";"r2";0,997553061902301;40,4598506069094;81,2500402459834;40,6305208564453;20,832093866531
"Heibanic";"r2";0,997834710610734;42,5303454715219;81,270710120929;42,6924390474609;21,5478469503464
"Heibanic";"r2";0,99704406967898;35,8169934640523;84,8937660088509;36,0223356085912;19,2053684894393
"Heibanic";"r2";0,997266641841296;39,3720821661998;80,2640036380829;39,5431780719399;21,5264622072744
"Heibanic";"r2";0,997129064484083;43,7675070028011;77,998456710958;43,9107327337976;22,3005782138042
"Heibanic";"r2";0,998382583281918;40,6652661064426;83,8529887013927;40,8459678746223;20,3483823911876
"Heibanic";"r2";0,997958964334269;41,7203548085901;83,4084696959684;41,8947820675331;20,65995233787
"Heibanic";"r2";0,997322116709997;41,9514472455649;82,0282065419249;42,1191324309053;20,2574619585368
"Heibanic";"r2";0,997584088642663;41,7903828197946;78,6399900112935;41,9445652766628;21,9124656988977
"Heibanic";"r2";0,997794897334539;39,2553688141923;82,6181741464116;39,4368031461263;20,3150674727187
"Heibanic";"r2";0,998508359215627;37,8501400560224;86,3969754430948;38,0532648902779;19,9950683497635
"Heibanic";"r2";0,997122256423752;41,9514472455649;81,0461013311446;42,115023204082;21,4316022237202
"Heibanic";"r2";0,998080629774133;41,1064425770308;82,0395639969676;41,2777108674908;20,6693288062526
"Heibanic";"r2";0,997161785142784;41,6666666666667;79,551379370425;41,8251801089418;21,2215743790353
"Heibanic";"r2";0,997689029287746;38,0135387488329;84,2437259785397;38,2069704945639;19,5628881481457
"Heibanic";"r2";0,997186290186799;37,6283846872082;84,2690559147269;37,8235339392062;19,8728635408151
"Heibanic";"r2";0,997953642948817;42,1475256769374;79,7382693934418;42,30480912345;21,8369412030472
"Heibanic";"r2";0,998366521372825;38,5340802987862;84,1061024310731;38,7247582156577;19,314764115924
"Heibanic";"r2";0,998073927192832;41,108776844071;80,3742029177067;41,2730673297347;21,3691486155402
"Heibanic";"r2";0,998490134916851;39,2390289449113;86,4882240637552;39,4367243219776;19,4845266448582
"Heibanic";"r2";0,998006393987731;36,9304388422036;84,6851192767708;37,1302492205909;18,8453482175029
"Heibanic";"r2";0,997714992869922;43,4593837535014;80,4867861460153;43,6143101233446;21,834440973147
"Heibanic";"r2";0,997103615223416;41,6503267973856;78,8631607292865;41,8060290314103;22,6718184455775
"Heibanic";"r2";0,997716184431631;40;82,9110462861931;40,1795441267205;19,8842224150441
"Heibanic";"r2";0,998125711316391;38,4033613445378;83,9959632315776;38,5941253691698;19,6330386608427
"Heibanic";"r2";0,998378801969432;38,891223155929;86,0509524163842;39,0885441988598;18,9585690077817
"Heibanic";"r2";0,997926234918293;38,4780578898226;84,5550011238065;38,670848447287;19,6930750778997
"Heibanic";"r2";0,997941400159231;42,7684407096172;81,667476207884;42,9311981803212;21,0160452561357
"Heibanic";"r2";0,997950079733396;39,6942110177404;84,0284912293026;39,8797100981235;19,6580415412596
"Heibanic";"r2";0,998212893832353;36,8860877684407;86,5005813137552;37,0936797916429;19,4578628362586
"Heibanic";"r2";0,997797330993975;44,1199813258637;81,5996542157533;44,2768000408841;21,8751047214475
"Heibanic";"r2";0,997989778839591;38,0905695611578;84,3279798857892;38,2840315290433;19,416572806532
"Heibanic";"r2";0,998174742790039;41,2418300653595;81,7320638864356;41,4112452696318;20,8032349214023
"Heibanic";"r2";0,996610413505806;38,6811391223156;81,5466350429519;38,8604926617325;21,0292375275429
"Heibanic";"r2";0,997767067222442;44,077964519141;79,8114616247423;44,2274770593318;22,0849129849516
"Heibanic";"r2";0,997849536173047;44,8832866479925;79,6548342705063;45,0287742949486;21,961020134286
"Heibanic";"r2";0,997828201345277;38,6157796451914;82,1092446217887;38,7977606701981;19,9616243974727
"Heibanic";"r2";0,998661618910448;42,8851540616246;83,6238584968168;43,0556088918974;20,5321991063628
"Heibanic";"r2";0,997383064754902;45,6932773109244;78,8099420596485;45,8318407617559;22,5626167814898
"Heibanic";"r2";0,997116362882914;40,7399626517274;80,61415370746;40,9068002712074;22,0453986507781
"Heibanic";"r2";0,998360897661226;35,3688141923436;87,6213121777337;35,5874438910272;18,4911214236267
"Heibanic";"r2";0,997484460414912;37,9014939309057;81,7423537638121;38,084928490876;21,0002886919478
"Heibanic";"r2";0,996795849648559;36,0410830999066;83,1696619691709;36,2382738064726;19,8343605882155
"Heibanic";"r2";0,99753965431509;40,0093370681606;82,9089095903444;40,1888331875003;20,1410645571128
"Heibanic";"r2";0,997989965439806;42,9808590102708;78,5403324834306;43,1296434181083;21,7118181532055
"Heibanic";"r2";0,997534632983517;38,8305322128852;80,9749441216293;39,0068686643862;20,9163842714597
"Heibanic";"r2";0,997998180670902;43,2002801120448;80,9644285586423;43,3582891013611;21,4482227906484
"Heibanic";"r2";0,997867004100826;42,000466853408;80,1473434338813;42,1600772156694;22,4637681838505
"Heibanic";"r2";0,997243913251458;38,9612511671335;81,9514372322102;39,1411264226359;20,4047399290794
"Heibanic";"r2";0,997384425698525;42,719421101774;79,3404187831432;42,8726470334953;21,8804888046041
"Heibanic";"r2";0,997859300875623;41,0737628384687;80,9371891527331;41,2405554171895;21,4073419304976
"Heibanic";"r2";0,997932772009608;41,4495798319328;82,2435976535475;41,6202660989688;20,2273394651759
"Heibanic";"r2";0,997607939445708;37,5490196078431;83,6608586128176;37,7419561727175;20,3336467168287
"Heibanic";"r2";0,997726049755922;39,6545284780579;81,714079131075;39,8305098615433;19,9949008078331
"Heibanic";"r2";0,998316950731232;39,8552754435107;84,4697736103736;40,0419469839579;19,7869352536989
"Heibanic";"r2";0,998260306743575;42,5863678804855;82,8454041243622;42,7548157308783;20,5436261189629
"Heibanic";"r2";0,997489266938732;41,3398692810458;81,7935166146974;41,5091314037807;20,8132226850069
"Heibanic";"r2";0,998696036306197;41,4285714285714;84,554790073099;41,6090158580464;19,9582097971183
"Heibanic";"r2";0,996919023762801;40,6489262371615;80,7251294072048;40,8166090956136;20,9836908975565
"Heibanic";"r2";0,998362602420415;37,2408963585434;85,7981491007006;37,4440647800587;18,7207879440999
"Heibanic";"r2";0,997901438719822;39,6615312791783;84,364064935219;39,8485711689526;19,5218020856996
"Heibanic";"r2";0,99742023494005;40,5135387488329;78,7392747342571;40,6734790667635;22,2928911712373
"Heibanic";"r2";0,997782488385078;41,7670401493931;81,9092894816179;41,93499935162;21,0424314415307
"Heibanic";"r2";0,997456414758966;41,0457516339869;81,3660164610309;41,2144556709202;20,7209606559024
"Heibanic";"r2";0,99817968899137;40,4785247432306;84,4272153122372;40,662410477829;20,24719555507
"Heibanic";"r2";0,997214944498931;42,6377217553688;80,9762697357445;42,7981340900147;21,8062592563579
"Heibanic";"r2";0,997881359670299;37,7707749766573;85,4555714382767;37,9702929534842;19,220546407915
"Heibanic";"r2";0,997827384518729;40,9267040149393;82,6936802329137;41,1014612376087;20,8635387155467
"Heibanic";"r2";0,997764259281906;38,3870214752568;83,4518714266766;38,5755773327941;19,7433650860995
"Heibanic";"r2";0,996535795966741;39,7152194211018;80,5718688509337;39,886167745076;21,807965102376
"Heibanic";"r2";0,997589846171461;38,7721755368814;80,7283829772353;38,9477245219875;20,8505602832525
"Heibanic";"r2";0,997490127597191;38,4337068160598;81,8386313993232;38,6153173791696;20,5546940608819
"Heibanic";"r2";0,997603714521246;42,7217553688142;79,5197587366905;42,8757219101024;22,4722985266963
"Heibanic";"r2";0,997767265395338;39,0546218487395;82,8645719960976;39,2379270794816;20,3595060733372
"Heibanic";"r2";0,997889104272958;40,8193277310924;81,2831675044764;40,9886325000187;20,6673674990938
"Heibanic";"r2";0,998033736572073;41,2161531279178;82,4256674016469;41,388577873833;21,0022372196729
"Heibanic";"r2";0,998065647679873;38,9425770308123;83,3609501656902;39,1284279644311;19,8377661761131
"Heibanic";"r2";0,997756650549856;41,6386554621849;81,479861372036;41,8053550685022;20,9742759645192
"Heibanic";"r2";0,998031193967973;39,0896358543417;81,5715243915308;39,267384341945;20,5894634699392
"Heibanic";"r2";0,997857835241304;38,1979458450047;83,1414304708849;38,3859938978326;19,9532433687733
"Heibanic";"r2";0,997856154983633;42,0798319327731;80,7334420321503;42,241562518963;20,9864480760268
"Heibanic";"r2";0,997864689438369;40,4668534080299;82,737628076584;40,6437185740071;20,0722594067882
"Heibanic";"r2";0,998528389860359;43,6998132586368;79,9486592195037;43,8514820701885;21,5581538398229
"Heibanic";"r2";0,997880186222528;41,6783380018674;80,6740489739315;41,8414999724618;21,606794421707
"Heibanic";"r2";0,997820272759955;40,4551820728291;83,7191047567902;40,6362026698332;20,4217803070494
"Heibanic";"r2";0,997174549290208;37,0354808590103;83,9568695541793;37,2318046610821;19,5568549886249
"Heibanic";"r2";0,998021492176935;38,4500466853408;84,5356245121378;38,6428733708086;19,5187035140484
"Heibanic";"r2";0,997469220331974;37,6727357609711;83,1518990481305;37,8630251471098;19,9517087092017
"Heibanic";"r2";0,998888602680672;37,9388422035481;86,9829323138814;38,1440476014993;18,9102106868209
"Heibanic";"r2";0,997590794483881;40,5578898225957;82,5845292745047;40,7337335023108;20,6606719879038
"Heibanic";"r2";0,997145851733157;43,0532212885154;78,6270982022023;43,2020659617944;21,3564492458864
"Heibanic";"r2";0,996981422719519;39,0172735760971;82,3967149418201;39,1987775148658;20,7487616328758
"Heibanic";"r2";0,99702856404912;42,1008403361345;79,3542333613861;42,2567122734786;21,5030644289604
"Heibanic";"r2";0,997154647173242;39,9463118580766;79,8470306012742;40,1132604720648;21,4889770670311
"Heibanic";"r2";0,997026208257517;38,3776844070962;80,8523706463282;38,5554027595616;21,1071029161532
"Heibanic";"r2";0,997954438443491;44,281045751634;78,9225892193758;44,4259894481517;22,6703366147222
"Heibanic";"r2";0,997163372145366;38,734827264239;81,7318551465023;38,9147311465916;20,5360781946905
"Heibanic";"r2";0,99744033453577;41,5382819794585;81,4141706839476;41,7051267020714;20,8666548711759
"Heibanic";"r2";0,996910371555603;39,1013071895425;78,5093896767859;39,2661945639661;21,6823851276066
"Heibanic";"r2";0,997846348058273;42,7567693744164;80,3975109264957;42,9142620168938;21,4359723324871
"Heibanic";"r2";0,997576519691267;38,3916900093371;83,5952357074381;38,5808261838061;19,9020745669385
"Heibanic";"r2";0,997642558954388;39,5564892623716;83,2050499350595;39,7391192233452;20,3141811541367
"Heibanic";"r2";0,997390520734615;39,3580765639589;82,4215742503348;39,5382585626467;20,4203486726851
"Heibanic";"r2";0,997863463382055;43,3356676003735;80,9373509069249;43,4929968192293;21,3745832428284
"Heibanic";"r2";0,997820458845355;42,859477124183;82,307407371462;43,0245312256361;21,0459467804016
"Heibanic";"r2";0,997504151428521;37,0891690009337;84,5023509046142;37,287550515175;19,5187599608512
"Heibanic";"r2";0,997805423076203;40,9803921568627;82,1493550398216;41,1526472316868;20,6388654934324
"Heibanic";"r2";0,997021185152412;39,453781512605;80,352207428646;39,6249046335927;21,9875944179874
"Heibanic";"r2";0,998024802604333;40,5368814192344;82,490548548518;40,7124197754238;20,6466015419591
"Heibanic";"r2";0,997203212384747;44,6778711484594;77,9255695018479;44,816982857051;22,4552979846781
"Heibanic";"r2";0,997796737806676;36,8814192343604;81,6136005081238;37,0685831727444;20,4496056935319
"Heibanic";"r2";0,997895589148012;36,4799253034547;86,7376513383773;36,6902086759858;19,0851809106265
"Heibanic";"r2";0,997937234741712;42,3622782446312;82,1099224488784;42,528586379377;20,724629056474
"Heibanic";"r2";0,999072809431576;38,6671335200747;84,7890432640086;38,8601122219322;19,4804291160787
"Heibanic";"r2";0,997378154469105;40,905695611578;81,4560318985428;41,0753622906029;20,9910904599779
"Heibanic";"r2";0,99770172402062;36,4519140989729;84,3348051424277;36,6522609234225;20,0302663415524
"Heibanic";"r2";0,997251446407643;36,6083099906629;86,2258448999134;36,8159147392372;19,1644441767233
"Heibanic";"r2";0,997853342022055;35,5042016806723;85,4620392951769;35,713230289938;18,8029187108759
"Heibanic";"r2";0,997586726936142;40,6979458450047;81,5561585135622;40,8689007097267;20,8873300969656
"Heibanic";"r2";0,997575890726897;41,0574229691877;81,8938689153272;41,2282867597573;20,1024839066027
"Heibanic";"r2";0,997479012768517;39,453781512605;82,4625319522298;39,6337344433148;19,8543558401158
"Heibanic";"r2";0,997971584436953;41,2138188608777;79,3642105139917;41,373443930556;21,4906584565802
"Heibanic";"r2";0,996106931253589;41,1624649859944;78,5032291528502;41,3187024929687;22,7104505367565
"Heibanic";"r2";0,99791101210465;37,8291316526611;84,8028447478645;38,025674385277;19,9889579779405
"Heibanic";"r2";0,997608864653179;34,7222222222222;85,986724448345;34,9367180474361;19,0009090121969
"Heibanic";"r2";0,998181146426136;37,8081232492997;84,9174144717008;38,0052332544144;19,2344155396808
"Heibanic";"r2";0,997896484182811;37,0168067226891;84,6081219706713;37,2159335647308;19,3261425494082
"Heibanic";"r2";0,998206403564188;39,8319327731092;83,0380202457709;40,0127113817815;19,7306501804362
"Heibanic";"r2";0,996461826331417;45,5182072829132;76,7853025827831;45,6490319494398;23,7152856834436
"Heibanic";"r2";0,997779915289597;43,4080298786181;79,468087515488;43,5589087808644;22,6045086177737
"Heibanic";"r2";0,997100812145935;42,5233426704015;77,9477159614877;42,6715618055106;22,4668566167147
"Heibanic";"r2";0,997985742490518;39,0382819794585;81,8531877360745;39,2174238445489;20,4035052752293
"Heibanic";"r2";0,997562818003941;39,5331465919701;82,5145682757512;39,7129851764211;20,2594781233583
"Heibanic";"r2";0,998002014880301;40,343137254902;82,6943280199392;40,5203388899021;21,1111852841746
"Heibanic";"r2";0,997955162440624;45,2240896358543;79,5657716422102;45,367778681906;22,9463246493884
"Heibanic";"r2";0,998120632726944;36,5172735760971;84,0312911173379;36,7160769967718;19,4992419851217
"Heibanic";"r2";0,99643249343678;37,5280112044818;83,0959652188434;37,7186720999394;20,1657894850379
"Heibanic";"r2";0,997503970900538;37,8898225957049;84,4810463370301;38,0847649544553;20,2873900433692
"Heibanic";"r2";0,997196549045194;41,3258636788049;79,9448787929625;41,4874495161026;21,2363959481646
"Heibanic";"r2";0,997931796582828;41,3725490196078;82,8929105602534;41,5462743817026;20,7897889881777
"Heibanic";"r2";0,997894205339225;39,500466853408;82,0113039991336;39,6783364648964;20,7916482834839
"Heibanic";"r2";0,997502729880115;37,3926237161531;84,9820491359938;37,5917426509642;19,6268487694852
"Heibanic";"r2";0,997606317207294;38,2119514472456;81,7458314789371;38,3941015729012;20,2549357296969
"Heibanic";"r2";0,996246982885237;36,9234360410831;82,5090855789052;37,1141709763878;19,7498632843159
"Heibanic";"r2";0,997737873334377;40,985060690943;82,0038933463723;41,1566876058193;20,2022168324154
"Heibanic";"r2";0,997709117403912;40,0046685340803;81,5147995072197;40,1783510904533;20,437676177124
"Heibanic";"r2";0,997335231433161;43,452380952381;79,1425780013375;43,6017123207866;22,0368138335904
"Heibanic";"r2";0,997992715048388;38,2399626517274;84,109661023294;38,4318860758762;19,8391966232209
"Heibanic";"r2";0,996559518367685;38,8375350140056;80,225749541966;39,0107074597293;21,0978055308195
"Heibanic";"r2";0,997862791750293;43,3660130718954;80,1621955497262;43,5199719943968;21,2929270072132
"Heibanic";"r2";0,997867622498686;40,6676003734827;82,9441750852021;40,844489807423;20,5818047924253
"Heibanic";"r2";0,998078096475359;41,6013071895425;84,1795526988225;41,779458844393;19,9383166797774
"Heibanic";"r2";0,998110410736704;42,0331465919701;79,9722121703546;42,1918874521307;21,9152513486158
"Heibanic";"r2";0,997471132837527;39,68720821662;82,7582848571426;39,867421926413;20,0115710213553
"Heibanic";"r2";0,997056730537832;39,5518207282913;81,0358830877674;39,7253942109669;20,9308195660814
"Heibanic";"r2";0,997608553748731;37,1965452847806;84,7565491576381;37,3955411168846;19,4092291729397
"Heibanic";"r2";0,996977453514507;36,6223155929038;83,1084541829711;36,8168182648288;20,2078585221889
"Heibanic";"r2";0,996997791801403;40,0887021475257;80,0152241504862;40,2557587249439;21,0587300970179
"Heibanic";"r2";0,997427501271307;39,4677871148459;81,6209117975959;39,6441600214683;20,6393437751352
"Heibanic";"r2";0,997403458523871;37,3552754435107;82,2499900251582;37,5431194375762;20,5270429811755
"Heibanic";"r2";0,997873882184835;34,5821661998133;85,658507477126;34,7958747407225;19,0148532034391
"Heibanic";"r2";0,998345273920032;39,9229691876751;83,0205022667924;40,1032935938638;19,5538695104285
"Heibanic";"r2";0,997548807636876;39,2833800186741;79,56585097879;39,4519259222729;21,2112732766989
"Heibanic";"r2";0,996993454658091;41,2371615312792;80,9195772022718;41,4031967432917;20,463789122494
"Heibanic";"r2";0,998413790129559;39,1970121381886;83,9814538805678;39,3843947396212;19,598384444852
"Heibanic";"r2";0,997897103289328;43,5340802987862;79,5005685274715;43,6845676972326;22,7095568822245
"Heibanic";"r2";0,998116230902044;35,4878618113912;87,4141397195737;35,7051265725133;18,7546107630813
"Heibanic";"r2";0,998027012164066;40,0046685340803;81,7536942731776;40,1793506501435;21,2059661281816
"Heibanic";"r2";0,997425620509932;39,1433239962652;81,8689302702327;39,3220922233529;20,5672536213655
"Heibanic";"r2";0,997606739234744;40,4738562091503;82,7022377999211;40,650543998233;20,2630915974788
"Heibanic";"r2";0,997512434821013;41,1134453781513;80,4738134598282;41,2781331107106;21,1644256140152
"Heibanic";"r2";0,997679688346196;37,1125116713352;83,9032965658353;37,30828901399;20,2710071128962
"Heibanic";"r2";0,997403669124881;38,6017740429505;81,9719807848344;38,7832393431258;20,9337658638295
"Heibanic";"r2";0,99768922986312;44,7689075630252;78,2918110322829;44,9091707574572;22,572290112086
"Heibanic";"r2";0,997848414320067;42,0541549953315;82,0886047869073;42,2216631534552;20,3285818738967
"Heibanic";"r2";0,997297563531544;37,3225957049486;82,1350320912614;37,5100954387826;20,3348139520201
"Heibanic";"r2";0,997662371243111;41,4565826330532;81,6937797502546;41,624939106347;20,5158042798358
"Heibanic";"r2";0,997504763280195;37,875816993464;82,6346245477237;38,0630923388794;20,2366914225513
"Heibanic";"r2";0,998304641641192;35,828664799253;86,1911155046631;36,0393863503217;19,0068511157107
"Heibanic";"r2";0,996571986720014;40,1844070961718;78,4246312505093;40,3444080340561;21,7957408250203
"Heibanic";"r2";0,997781120254102;39,0032679738562;83,9902694840242;39,1914981056979;19,7533664242065
"Heibanic";"r2";0,996338597649826;39,5821661998133;79,4361942104015;39,7489194550877;21,6548692101834
"Heibanic";"r2";0,998143896549447;40,7469654528478;81,5256354975582;40,9175875032441;20,8198823421033
"Heibanic";"r2";0,998019596536549;38,4313725490196;82,6847498610069;38,6165331235468;20,1034309423891
"Heibanic";"r2";0,998044088754152;38,608776844071;84,6248304084324;38,8013126330432;19,336567653005
"Heibanic";"r2";0,998003589107019;36,9467787114846;86,5546079840945;37,1543428507005;19,0053010070884
"Heibanic";"r2";0,997327418366505;41,5126050420168;78,5043098249034;41,6673820494766;21,4484286400922
"Heibanic";"r2";0,99731608278239;36,374883286648;83,0726233187;36,5702713202549;20,1599943324022
"Heibanic";"r2";0,998019723210606;40,4458450046685;83,4630802219144;40,6258334365399;19,3920483262809
"Heibanic";"r2";0,997187599322852;38,1629318394024;83,1697389949765;38,3512448400534;20,5643018439974
"Heibanic";"r2";0,997830490219175;40,9990662931839;82,270868640037;41,1717516586519;20,874283930817
"Heibanic";"r2";0,997323210727185;40,4318394024276;81,833050879704;40,6050662286924;21,0607530730385
"Heibanic";"r2";0,997015024776504;43,1746031746032;78,4839596070513;43,322341067626;21,8916879346206
"Heibanic";"r2";0,997172606490399;44,2413632119514;73,5527035980757;44,3640048035252;25,4909479001103
"Heibanic";"r2";0,997673446634363;43,7114845938375;79,990603621969;43,8632800709427;21,7583073224906
"Heibanic";"r2";0,997059377317272;41,2791783380019;79,8074377966553;41,4403844445234;21,8379119576736
"Heibanic";"r2";0,996858770350265;41,5289449112979;77,676840851283;41,680191337825;21,8425518199466
"Heibanic";"r2";0,997852427069207;35,6676003734827;84,5683635605702;35,8722060771944;19,353694022701
"Heibanic";"r2";0,997633310575762;41,9327731092437;80,1942868111332;42,0928631247328;21,0262181151797
"Heibanic";"r2";0,998085176256376;42,6844070961718;82,1538079016461;42,8495510325964;20,8100473536726
"Heibanic";"r2";0,997727104447052;37,7264239028945;85,4945033614832;37,9262903441438;19,2605941892841
"Heibanic";"r2";0,997558671576717;39,9953314659197;81,4487868512636;40,1687768859421;21,3004181882977
"Heibanic";"r2";0,998033691415448;42,4089635854342;82,3658830523355;42,576147348894;21,6110780104826
"Heibanic";"r2";0,998074638393297;38,0952380952381;85,1508411757157;38,2921234637757;19,0176754899184
"Heibanic";"r2";0,997672626901128;40,1914098972923;81,7424685322625;40,3652636991122;20,8435141521708
"Heibanic";"r2";0,997460401441148;39,3207282913165;82,3358630148424;39,5007079345112;20,597731164507
"Heibanic";"r2";0,997368628393935;39,1223155929038;82,2218278500973;39,3026482801724;20,4347321764751
"Heibanic";"r2";0,998042157164567;40,3174603174603;82,8261561457889;40,4953209694617;20,4254354324545
"Heibanic";"r2";0,996627769677044;37,2432306255836;81,4732132747506;37,4282933144922;20,987744660835
"Heibanic";"r2";0,99792481672733;42,8524743230626;80,6192127623749;43,0104941491685;21,6275447983118
"Heibanic";"r2";0,996845002658693;38,9075630252101;80,0523143866797;39,079716796597;21,2576675189289
"Heibanic";"r2";0,997569889182182;35,7983193277311;86,1257182848941;36,0088942187652;19,2064583952812
"Heibanic";"r2";0,998320218298879;44,703548085901;79,4085288517871;44,8487572104445;21,6321438737736
"Heibanic";"r2";0,996937587706351;40,3244631185808;79,6509521699017;40,489009097875;21,3131171587596
"Heibanic";"r2";0,997307572296947;38,2866479925303;81,7438750234736;38,4684773943335;20,6619801830593
"Heibanic";"r2";0,99742761082411;43,3169934640523;79,3840408076556;43,4679016119335;22,7800942021764
"Heibanic";"r2";0,997832972847462;38,6111111111111;84,6196881656474;38,8036156176154;20,081825717971
"Heibanic";"r2";0,996564174909023;42,8944911297852;78,6537198611502;43,0441113336822;21,6279432545977
"Heibanic";"r2";0,997763038051017;41,3188608776844;80,7598734373582;41,4838860348379;21,4513366960276
"Heibanic";"r2";0,997616372483536;37,5700280112045;83,5814981550009;37,7625446226848;19,7643816737102
"Heibanic";"r2";0,998297252275738;39,1596638655462;82,7080409241186;39,3418746482181;20,343516139759
"Heibanic";"r2";0,997963125669547;41,0830999066293;81,4004369828006;41,2517916935589;20,4663268358044
"Heibanic";"r2";0,997166756638813;36,6970121381886;83,3355054610526;36,8921522776148;19,6076553159014
"Heibanic";"r2";0,997483774878958;36,1741363211951;85,4150658778608;36,3801653151561;19,146181790336
"Heibanic";"r2";0,997714201566434;40,7726423902894;80,6590674547331;40,9395311980905;20,8628702162796
"Heibanic";"r2";0,998464939444633;38,7721755368814;85,3596966477291;38,967102403454;19,1414408787227
"Heibanic";"r2";0,998152375395722;45,3291316526611;79,161952302232;45,4706915716969;22,6149019680222
"Heibanic";"r2";0,997310180771748;39,2903828197946;82,7274868590124;39,4721280249796;20,577400052941
"Heibanic";"r2";0,997755339709361;39,7152194211018;81,5600406141668;39,890302354964;20,4581637604353
"Heibanic";"r2";0,998009056101265;38,9122315592904;81,2137595510073;39,0892254002599;20,487742887181
"Heibanic";"r2";0,997887570152702;40,9710550887021;81,5815392867811;41,1409734326272;20,7026982955732
"Heibanic";"r2";0,996780085647589;41,2535014005602;75,4721443106198;41,3966756386776;23,2175597538623
"Heibanic";"r2";0,996907292851249;39,84360410831;81,6420014631822;40,0184928001714;20,4779684819535
"Heibanic";"r2";0,998354199057645;37,3972922502334;86,729381847883;37,60370266696;18,9195881717127
"Heibanic";"r2";0,99823180123745;41,6106442577031;84,3699674227058;41,7895535596487;20,4369636747202
"Heibanic";"r2";0,998277652921071;43,0228758169935;80,1448015822949;43,1781976821202;21,5094477314156
"Heibanic";"r2";0,997629619721517;40,546218487395;82,7396484634661;40,722760035412;20,2397059170786
"Heibanic";"r2";0,997240599610693;36,6573295985061;86,0464448662378;36,8639786163627;18,7338225181444
"Heibanic";"r2";0,998003029221056;41,1321195144725;81,3820131803478;41,3005291114008;20,6872124627344
"Heibanic";"r2";0,997261989527239;40,0070028011204;82,7837295617802;40,1859849214579;20,7043027747187
"Heibanic";"r2";0,99706503548245;39,2670401493931;81,5443812678786;39,4439327900562;20,8218849732917
"Heibanic";"r2";0,997822155888351;42,5840336134454;81,8763016398332;42,7484364085349;21,2325388067306
"Heibanic";"r2";0,997095183382753;39,890289449113;80,2765696280162;40,0592697009075;21,763541613169
"Heibanic";"r2";0,997507295496732;41,265172735761;81,4072814958904;41,4331313498201;21,1825551973687
"Heibanic";"r2";0,997612162539822;40,0420168067227;81,6588416150709;40,2161457808162;20,4158435684708
"Heibanic";"r2";0,997023518607728;40,3828197945845;79,7563542823498;40,547562616709;21,7366299083291
"Heibanic";"r2";0,99771987195;37,9271708683473;80,4730039186108;38,1051869062146;21,4213686216665
"Heibanic";"r2";0,997295785121559;41,5686274509804;79,9725395300286;41,7293132755789;21,5117711149763
"Heibanic";"r2";0,997418965741744;41,078431372549;80,2099600220664;41,2421616179445;21,7409703375289
"Heibanic";"r2";0,997042111420473;37,1031746031746;83,5154215676261;37,2973681051179;19,7384738472285
"Heibanic";"r2";0,997704367067039;38,9052287581699;83,7509533869094;39,0928677733529;20,0968106589833
"Heibanic";"r2";0,997340984924113;41,7903828197946;78,0847818421214;41,9422422299298;22,0963312946696
"Heibanic";"r2";0,997373060687664;38,4360410830999;83,4351629889155;38,6243219278941;20,0686284746072
"Heibanic";"r2";0,99785162614677;40,452847805789;82,1331680667647;40,6272424512324;19,9621695644145
"Heibanic";"r2";0,996516417334493;39,0989729225023;79,4058198542025;39,2676208176141;21,8708721721402
"Heibanic";"r2";0,997492124657518;36,4799253034547;84,8577733903879;36,682343077877;19,1844037496599
"Heibanic";"r2";0,998201183449847;38,9005602240896;84,1164223485137;39,0897479317232;19,5506051685906
"Heibanic";"r2";0,996999485563854;45,109710550887;76,7154186098352;45,2419520072006;24,1118727246981
"Heibanic";"r2";0,997832181488232;42,2292250233427;80,4417537790016;42,3891100808977;21,2328037789266
"Heibanic";"r2";0,996976746905542;39,5985060690943;80,8988603415848;39,7713108986863;20,9266551899569
"Heibanic";"r2";0,998013496001791;39,4724556489262;84,1274370387213;39,6592965752434;21,0205784314013
"Heibanic";"r2";0,997574325188038;37,5256769374416;84,1674403908844;37,7208307594226;19,7819932867714
"Heibanic";"r2";0,996697083233203;41,4285714285714;79,9952621426946;41,5899383353251;21,5219694075049
"Heibanic";"r2";0,997734220262059;42,0401493930906;78,0065605959702;42,1906364692532;22,6309106120541
"Heibanic";"r2";0,997959760878681;43,5830999066293;79,4194988670274;43,7330429985138;21,6105953222192
"Heibanic";"r2";0,996703245542849;36,1624649859944;84,7779161161247;36,3658769154092;19,6160075999391
"Heibanic";"r2";0,997526895868161;40,7446311858077;80,5274503795909;40,9110864962419;20,6975017114904
"Heibanic";"r2";0,99696346405368;35,4201680672269;85,2016504781531;35,6284587886115;19,2783519202438
"Heibanic";"r2";0,998056556751432;43,9192343604108;78,6086081575566;44,0643781838298;21,8426680226653
"Heibanic";"r2";0,997220637459256;43,1232492997199;80,6932938714726;43,2804461389322;21,3558442770609
"Heibanic";"r2";0,996717129129785;37,6797385620915;81,8815455566817;37,864683361232;20,566832854797
"Heibanic";"r2";0,99720772379872;41,7086834733894;79,186297848623;41,8654935753778;21,9868120067876
"Heibanic";"r2";0,997714059276279;38,6531279178338;82,1754529232911;38,8352296960993;20,7835237664055
"Heibanic";"r2";0,998531414634846;38,9472455648926;84,5378728954046;39,1380013277818;19,32158992178
"Heibanic";"r2";0,998388865005256;41,0644257703081;82,3500480872105;41,2371689599186;20,6887865652523
"Heibanic";"r2";0,998362776016902;36,5336134453782;86,8966695736206;36,7443375295967;19,0911162656653
"Heibanic";"r2";0,997076204516795;43,9495798319328;77,4976649627018;44,0899483889653;22,5681942635528
"Heibanic";"r2";0,998016549586299;40,0746965452848;83,819182075294;40,257727865494;20,1144189202389
"Heibanic";"r2";0,99815743921711;42,0751633986928;81,8683448741098;42,241662065954;21,4805380019755
"Heibanic";"r2";0,998072538253364;41,9514472455649;80,8689905044127;42,1142821545977;20,9529087638806
"Heibanic";"r2";0,997205882348829;38,2889822595705;82,4298568352161;38,4736721113514;20,4367303064039
"Heibanic";"r2";0,997308771349017;39,5751633986928;81,601273298188;39,7510048627074;20,6641115637026
"Heibanic";"r2";0,99701731888471;41,7553688141923;78,4635007828133;41,9089593245213;21,947582535162
"Heibanic";"r2";0,997828984621713;44,4981325863679;81,203757750144;44,6517126079736;21,6304634134966
"Heibanic";"r2";0,997127238992732;37,6237161531279;81,5377177654321;37,807456745648;20,763356182867
"Heibanic";"r2";0,997343976209404;40,4108309990663;81,7721496562107;40,5838909097656;20,792944100309
"Heibanic";"r2";0,998114463907417;36,6853408029879;86,705187272071;36,894628863528;18,9727369841066
"Heibanic";"r2";0,998058452960864;36,6363211951447;84,6572944747387;36,8372457695363;18,9773149047179
"Heibanic";"r2";0,998313291779719;37,9715219421102;85,5446286747664;38,1705725978954;20,1098019241873
"Heibanic";"r2";0,997926648221711;38,468720821662;83,977132732871;38,6591325869809;19,8087134139926
"Heibanic";"r2";0,997760644941532;43,1699346405229;79,1105468200589;43,3203137709812;21,8758840132637
"Heibanic";"r2";0,99677096488796;37,2292250233427;82,8059060614842;37,4199224335441;19,7049171930869
"Heibanic";"r2";0,997507740426869;40,2847805788982;81,6977111473749;40,4580564390174;20,3072189875944
"Heibanic";"r2";0,997413113572804;38,3496732026144;82,5716397761877;38,5347023514578;20,5073924253488
"Heibanic";"r2";0,998157713776863;40,5322128851541;84,2752164386626;40,7152380046248;20,4850896321237
"Heibanic";"r2";0,99828028881171;39,5354808590103;81,6803549225883;39,7118192442135;20,412442542917
"Heibanic";"r2";0,997667639234222;41,1741363211951;80,1519395637043;41,3372233640508;21,0844362308305
"Heibanic";"r2";0,998238748687322;38,6858076563959;86,4919937066836;38,8858335394515;19,0157854221525
"Heibanic";"r2";0,997910827919159;48,0228758169935;76,0202992267688;48,1400198479967;23,6801770648
"Heibanic";"r2";0,997532118174482;38,1489262371615;83,1352545417881;38,3371535522436;19,8857385875902
"Heibanic";"r2";0,997505616801036;39,0686274509804;82,0954300435458;39,2486559137108;20,3330060581822
"Heibanic";"r2";0,997358389682959;38,3333333333333;82,2945533050156;38,5172714922107;20,966984794225
"Heibanic";"r2";0,9972474133281;40,6232492997199;80,432825717869;40,7898165650678;21,0965084238065
"Heibanic";"r2";0,997216484077268;40,8986928104575;80,7810971278464;41,0655647950491;20,6674852671824
"Heibanic";"r2";0,998031581980866;40,5438842203548;83,0845738724462;40,7218787377276;20,1831681873193
"Heibanic";"r2";0,997376016209042;41,3795518207283;79,7275766711018;41,5400038075499;22,15876379124
"Heibanic";"r2";0,997541795855235;37,4323062558357;83,2256597298767;37,6239102452668;20,0237918836055
"Heibanic";"r2";0,997615140277998;38,8305322128852;82,9763287375116;39,0152426585949;19,4494132892141
"Heibanic";"r2";0,997232567490956;40,6652661064426;80,8346077252878;40,8333386655172;20,7680370423617
"Heibanic";"r2";0,996719539826713;42,9038281979458;78,1908617816593;43,0514726899279;23,0794708620648
"Heibanic";"r2";0,996252851042845;41,953781512605;77,8274185987435;42,103880412547;22,2713967902136
"Heibanic";"r2";0,997274354689643;43,4593837535014;80,4174898799645;43,6140201808088;22,279605165477
"Heibanic";"r2";0,99696144184809;37,6470588235294;81,4942859946596;37,8305200250823;20,5426468108807
"Heibanic";"r2";0,997502610990609;36,921101774043;85,1230032792967;37,1227833702992;19,374255439603
"Heibanic";"r2";0,996777165229846;37,8571428571429;82,8796367031661;38,0455214924819;19,7857615465267
"Heibanic";"r2";0,997886766000782;41,2581699346405;81,3618100817845;41,4259675921599;20,7016075011688
"Heibanic";"r2";0,998024463159863;42,2175536881419;81,9715740885806;42,3838885015329;21,3104837178617
"Heibanic";"r2";0,997971123649862;44,4281045751634;82,2576055665625;44,5863870060898;21,8881443707959
"Heibanic";"r2";0,998255065148643;38,968253968254;83,9383271319857;39,1564132701943;19,8039355019688
"Heibanic";"r2";0,998141048840419;41,9864612511671;81,1692263112141;42,1504058748493;21,0215501055321
"Heibanic";"r2";0,997997168106204;41,4098972922502;83,2973607415798;41,5851586455947;20,1878744100202
"Heibanic";"r2";0,998312112332817;36,9094304388422;86,2796266281907;37,116000297375;18,8554453042081
"Heibanic";"r2";0,997396966656214;37,9481792717087;82,9579049350588;38,1365044836892;20,227871603165
"Heibanic";"r2";0,998124196442643;39,8926237161531;83,8951587894686;40,0767347415645;20,2725120153211
"Heibanic";"r2";0,99719938199295;38,0112044817927;83,3037022761588;38,200712840765;20,1718156971605
"Heibanic";"r2";0,997722579068677;41,8814192343604;81,1090861026806;42,0455517317174;21,6989312559168
"Heibanic";"r2";0,998266414919576;39,8459383753501;83,8738542218845;40,0301555964653;19,915450579963
"Heibanic";"r2";0,997241977130709;40,1493930905696;81,2715389185977;40,3214522781345;20,3924261771393
"Heibanic";"r2";0,997834630808016;42,8478057889823;78,7287268204317;42,9979351656829;22,3770550694079
"Heibanic";"r2";0,997976896678476;40,922035480859;83,7957423523773;41,1014233757189;20,3937225482975
"Heibanic";"r2";0,997646812843452;42,1965452847806;79,6751336513267;42,3533594620465;21,4166301533186
"Heibanic";"r2";0,997428527147306;43,8958916900093;78,0209359220782;44,038674301859;22,5947078475194
"Heibanic";"r2";0,997554788645287;38,3566760037348;82,6666048919705;38,5420731957358;20,3255160805873
"Heibanic";"r2";0,997966935925107;38,8632119514472;85,2705700880143;39,0573849980438;19,6393426611461
"Heibanic";"r2";0,998205612159225;39,1806722689076;82,992809178888;39,3639866492841;20,401931180804
"Heibanic";"r2";0,996939323609737;37,8641456582633;80,9610055318393;38,0444672476925;20,5430710264257
"Heibanic";"r2";0,997565875074433;42,0448179271709;80,1915362196135;42,2044276271392;21,7348020565508
"Heibanic";"r2";0,99751329981865;37,9831932773109;83,9188565488341;38,1753927052252;19,614445023473
"Heibanic";"r2";0,997656970604382;42,0214752567694;81,1118859907159;42,1850334606771;20,9074540414475
"Heibanic";"r2";0,998038730521557;37,9458450046685;83,4649065037663;38,1363013289325;19,4786306085843
"Heibanic";"r2";0,997237492601118;40,3174603174603;81,0428778011782;40,4878595537939;20,9722395545863
"Heibanic";"r2";0,997285691420501;41,3888888888889;80,1684862472735;41,5511466184219;21,5031133559951
"Heibanic";"r2";0,997105175741169;38,062558356676;80,735729698578;38,2411071907425;20,9622076651925
"Heibanic";"r2";0,997390238118907;40,0490196078431;80,948930966546;40,220148944072;20,7069007113287
"Heibanic";"r2";0,998021829622552;37,9598506069094;85,6974070494942;38,1595893367947;19,318976998596
"Heibanic";"r2";0,997960159696123;39,2250233426704;82,814414331976;39,407405731747;20,3052887070953
"Heibanic";"r2";0,996416511367637;37,703081232493;81,03665488634;37,8843932561493;20,9116258403266
"Heibanic";"r2";0,996884593204538;40,2077497665733;80,3450224614952;40,37568814605;21,6650981776041
"Heibanic";"r2";0,998275965371649;39,3604108309991;81,0965332071342;39,5350389580959;20,5889245228158
"Heibanic";"r2";0,997379608474414;42,0238095238095;79,2483113247499;42,1795605773699;21,8144389393906
"Heibanic";"r2";0,997678370814273;41,5172735760971;84,0269699696411;41,6951384145638;20,190527467544
"Heibanic";"r2";0,998281971855144;40,0046685340803;83,241703434935;40,1855766298998;20,1912589104904
"Heibanic";"r2";0,997564247453368;35,0093370681606;85,3950414791666;35,2201559150686;18,8440296112377
"Heibanic";"r2";0,997004463903244;39,8342670401494;80,6687942734703;40,0051228026319;21,3921679431714
"Heibanic";"r2";0,99759313100809;46,9304388422036;77,3999615795281;47,0579263850375;23,1799654837767
"Heibanic";"r2";0,997299653066291;43,2446311858077;78,7013426060079;43,3929856268964;22,8024759679321
"Heibanic";"r2";0,997883223382389;37,8384687208217;83,4891234170619;38,0294756442369;20,042027483675
"Heibanic";"r2";0,998326497287616;45,0746965452848;80,9195879858846;45,2246751705593;21,5647300175304
"Heibanic";"r2";0,996897024883928;36,8650793650794;81,778686836336;37,0530024088922;20,2700804491336
"Heibanic";"r2";0,997239323778008;42,7754435107376;78,4738676859954;42,9248093022659;22,8076610790161
"Heibanic";"r2";0,998266253570005;41,8557422969188;82,4133725425494;42,0254394945992;20,7679772054407
"Heibanic";"r2";0,997871158013919;40,4038281979458;83,5138209713848;40,5842047367468;20,039588520559
"Heibanic";"r2";0,997984952726312;41,5896358543417;82,5586778736133;41,7610544401964;20,5354273810202
"Heibanic";"r2";0,997584184602583;39,1083099906629;82,9655096928504;39,2918129182871;20,1743448343229
"Heibanic";"r2";0,99755236788457;42,5700280112045;77,8046397572393;42,7174531649536;22,4076380702849
"Heibanic";"r2";0,998065826143345;40,3571428571429;82,7603707159595;40,5345622205689;20,568615826841
"Heibanic";"r2";0,997670130131923;41,015406162465;80,3683004302199;41,1800626238363;20,4015150118454
"Heibanic";"r2";0,997784175863888;40,8543417366947;82,9155407419526;41,0303300170514;19,9962821042609
"Heibanic";"r2";0,997548391163405;36,0130718954248;83,9497693154147;36,213643851157;19,2680724923068
"Heibanic";"r2";0,997978460323759;40,2731092436975;84,1316434179678;40,4566177548869;19,8257434037614
"Heibanic";"r2";0,998224035112608;40,0980392156863;83,8260073319324;40,2810014253777;19,8250381911456
"Heibanic";"r2";0,998196363806155;41,015406162465;82,9896572829209;41,1910306441405;19,9420189914121
"Heibanic";"r2";0,997837232433304;38,7558356676004;82,7072991656103;38,9397330044121;20,0795548174907
"Heibanic";"r2";0,997962493834967;40,6582633053221;84,0403947973074;40,8397784998493;20,5113893027633
"Heibanic";"r2";0,997103913641195;44,3020541549953;77,033104612906;44,4390041569113;23,2973553585489
"Heibanic";"r2";0,998449645909931;40,1610644257703;84,1613075962387;40,34516586163;20,0517519303009
"Heibanic";"r2";0,997041826597328;42,3179271708683;78,5162472842626;42,4693845772005;21,8792091807234
"Heibanic";"r2";0,998032041522024;40,7959850606909;82,3206419453884;40,9697283949365;20,4751478852484
"Heibanic";"r2";0,998300427469324;38,1535947712418;85,8879534875051;38,3533201215191;19,4225789035038
"Heibanic";"r2";0,998157944838005;42,1055088702148;83,562705398939;42,2789699435567;20,4944419136674
"Heibanic";"r2";0,997675174587327;46,3562091503268;76,7680064381249;46,4834551640833;22,7762087199587
"Heibanic";"r2";0,998208555985201;38,4126984126984;83,0438926931934;38,5994398113616;20,5586614869717
"Heibanic";"r2";0,997285728505214;43,6764705882353;79,1623443635827;43,8249470475464;22,1141610906987
"Heibanic";"r2";0,997952140904029;42,2362278244631;80,2149266460145;42,395134514093;21,1889906297119
"Heibanic";"r2";0,996874535940331;40,7469654528478;81,9086886803338;40,9191902362264;20,6651246113048
"Heibanic";"r2";0,997808700395277;36,7600373482726;84,0455747827372;36,9578847852369;19,0742505671358
"Heibanic";"r2";0,997515724317082;38,718487394958;83,0269755154991;38,9038785586423;19,815410710674
"Heibanic";"r2";0,997783018368919;41,437908496732;80,3878387960805;41,6008789163946;21,2944548935987
"Heibanic";"r2";0,99794391492151;42,3529411764706;81,5442549455574;42,5169215688099;21,1305578627545
"Heibanic";"r2";0,997686943767929;40,9080298786181;80,6523739122223;41,0743242051186;20,7928490296754
"Heibanic";"r2";0,997539352349344;44,7525676937442;77,7786635745427;44,8907521953375;22,6859278833659
"Heibanic";"r2";0,998198043698057;40,7609710550887;84,3762296207049;40,9434616767022;20,7648125311179
"Heibanic";"r2";0,997969526429278;40,6652661064426;82,2752691243136;40,8393665374797;21,2195916712341
"Heibanic";"r2";0,997862957519258;38,1816059757236;84,7092537724544;38,3762823263376;19,9383245144246
"Heibanic";"r2";0,997954234578366;40,6279178338002;83,3849360015689;40,8068174914059;20,0945489667855
"Heibanic";"r2";0,997600875745181;40,296451914099;82,2456819718483;40,4719717051356;20,9013553023569
"Heibanic";"r2";0,9979192109029;41,5266106442577;80,551974625851;41,6898966860217;21,200021037144
"Heibanic";"r2";0,997866173410695;39,9626517273576;82,988199954678;40,1426749416979;20,3633868711974
"Heibanic";"r2";0,998330568420273;39,5564892623716;84,8632560872339;39,7460573244003;20,3331956626621
"Heibanic";"r2";0,997832683675385;37,2689075630252;84,2519084298736;37,4654891566103;19,6093903902634
"Heibanic";"r2";0,997435591900793;43,0018674136321;79,2019387087178;43,1533321470844;21,745119008439
"Heibanic";"r2";0,997894672065268;40,8566760037348;81,8353947749699;41,0281350780915;20,1309961518656
"Heibanic";"r2";0,997053036788455;39,421101774043;81,9992201907436;39,5992528971254;20,0072649391441
"Heibanic";"r2";0,998412471865951;39,9859943977591;84,3501710203963;40,1716185677283;20,0374637498841
"Heibanic";"r2";0,997892431880741;39,0639589169001;81,2511078236497;39,2404741842924;20,4650613067658
"Heibanic";"r2";0,997263743272165;41,8347338935574;79,0491302939259;41,9904426651071;22,4460559768526
"Heibanic";"r2";0,99778542796954;45,016339869281;78,3148325050748;45,1556641062509;21,9474866981803
"Heibanic";"r2";0,996710509573448;38,1839402427638;80,8701466617555;38,3625436169018;20,7055128456506
"Heibanic";"r2";0,997892247868194;41,5219421101774;80,3914497658493;41,6845760334229;21,4203832812899
"Heibanic";"r2";0,997556317609037;39,1760037348273;82,6822457520653;39,358038220255;20,0805410646866
"Heibanic";"r2";0,998296411528383;38,578431372549;84,7653778554814;38,7716821946533;19,118833084638
"Heibanic";"r2";0,996614951498023;39,1176470588235;81,0838693944277;39,293237947257;21,0927268745247
"Heibanic";"r2";0,997108601919977;43,8071895424837;76,8002617644979;43,9452358697724;22,5830843248054
"Heibanic";"r2";0,997730815588544;41,7717086834734;80,8529598937414;41,9352285630143;21,6485257424485
"Heibanic";"r2";0,997519418552422;41,1111111111111;80,8982895803649;41,2775846611917;20,6848317915177
"Heibanic";"r2";0,997180094072687;36,1181139122316;84,4825699074658;36,3204756527974;19,1481161162619
"Heibanic";"r2";0,997988892298328;41,7413632119515;82,0248266495731;41,9099132681758;20,9674134407903
"Heibanic";"r2";0,997717716092104;38,8025210084034;80,700610552751;38,9778268223964;20,7220563992184
"Heibanic";"r2";0,996681402985749;41,594304388422;79,5457795943544;41,7530971717105;21,8620143378627
"Heibanic";"r2";0,99743114110449;40,8426704014939;81,4087704047136;41,0124030374907;20,930920054388
"Heibanic";"r2";0,997993891057812;37,7310924369748;84,3060275311797;37,9259666423899;19,8085894535928
"Heibanic";"r2";0,997827347784456;43,9122315592904;80,517045733764;44,0653897775936;21,7730234833247
"Heibanic";"r2";0,998075838586644;39,5845004668534;83,5262460040938;39,7683571427415;19,7539878376632
"Heibanic";"r2";0,997360285778385;42,2712418300654;78,960589130334;42,4247537434556;22,2135806983208
"Heibanic";"r2";0,99803979740693;37,5840336134454;84,3979239388655;37,7799076315434;19,1327063413424
"Heibanic";"r2";0,998138355174508;38,7394957983193;85,0662614493083;38,9333316378632;19,3816434149209
"Heibanic";"r2";0,998247206728703;39,2040149393091;83,3723207151199;39,3888195659861;20,2619451463409
"Heibanic";"r2";0,998632886995166;43,0135387488329;84,2184522711906;43,1859442447423;20,0269368372764
"Heibanic";"r2";0,997915599100124;41,9957983193277;80,785580029735;42,1580986612123;20,6299814900476
"Heibanic";"r2";0,997501562561012;42,2782446311858;79,7297118264344;42,4349453307475;22,1031729621676
"Heibanic";"r2";0,997195239117692;39,1199813258637;80,7461589926627;39,2941494332561;20,8181025007321
"Heibanic";"r2";0,997151205533627;42,4626517273576;80,2951420902739;42,6209466661146;21,2481382009923
"Heibanic";"r2";0,997873157305775;39,3720821661998;80,8135588833785;39,5454774662717;20,3556867518768
"Heibanic";"r2";0,998323155330335;41,8394024276377;81,9942343103441;42,0074142765193;20,2987870706788
"Heibanic";"r2";0,99786479330362;38,7464985994398;82,1359979948642;38,9280446220148;20,5452965014041
"Heibanic";"r2";0,998306432905144;40,3221288515406;82,4001433604295;40,4981874896531;20,3375483033375
"Heibanic";"r2";0,997605090466254;41,9094304388422;78,8696809637346;42,0640758385279;22,1562205560858
"Heibanic";"r2";0,998222846943296;45,1307189542484;80,4022688105105;45,2782986607599;21,7447189479019
"Heibanic";"r2";0,99745383017082;38,4500466853408;81,8736018853452;38,631735200822;20,6293859202761
"Heibanic";"r2";0,997831379787045;41,1601307189542;81,7414949260791;41,3299272219129;20,6597908874556
"Heibanic";"r2";0,99727101970233;40,6115779645191;81,4481090241739;40,7824421112123;21,8403531293049
"Heibanic";"r2";0,998244116062309;42,1965452847806;80,5824483453393;42,3571557578373;21,9635711267957
"Heibanic";"r2";0,998291246130687;43,8725490196078;81,3165990149016;44,0292186848601;21,4868920977174
"Heibanic";"r2";0,997444558970059;41,7530345471522;79,8286067988214;41,9123465649416;21,3414926482501
"Heibanic";"r2";0,997522853313134;41,6339869281046;79,5514433018436;41,792637373183;21,2872042657408
"Heibanic";"r2";0,997262905134148;39,8762838468721;81,2656495254979;40,0494611091257;20,8140537015176
"Heibanic";"r2";0,997716615411519;40,0373482726424;83,3108079067297;40,2184087732034;19,8848179402266
"Heibanic";"r2";0,99749977166279;40,3501400560224;81,9157719734212;40,5240548339195;20,5473146945506
"Heibanic";"r2";0,998239433914558;40,9337068160598;83,5797019132132;41,1121419419893;19,9022902404114
"Heibanic";"r2";0,997277339066394;38,9822595704949;81,7972539067874;39,1614018062116;21,0836286705751
"Heibanic";"r2";0,996946032583222;41,6176470588235;79,0772431724711;41,7743817705961;22,461529207455
"Heibanic";"r2";0,99770978738249;39,390756302521;82,0433636799603;39,5692190948952;20,4842472320751
"Heibanic";"r2";0,998243534077723;42,4229691876751;82,6451855559361;42,5912629800109;20,3305067031336
"Heibanic";"r2";0,997394846178774;38,1302521008403;81,0673227108585;38,309905115945;20,2317153487034
"Heibanic";"r2";0,997424242012839;41,7600373482726;80,3580274985207;41,9215352150101;21,7043704761767
"Heibanic";"r2";0,99734803199407;41,0014005602241;79,7907894390226;41,1636992584617;21,4394856978038
"Heibanic";"r2";0,998406593052904;44,906629318394;79,5369940309622;45,0515262418776;21,6958031014611
"Heibanic";"r2";0,997303999340227;38,12558356676;83,1917213896503;38,3141448128809;19,9076624572928
"Heibanic";"r2";0,997142364180845;38,6227824463119;80,6374917563132;38,7985762091152;21,3158036720453
"Heibanic";"r2";0,998419826636306;40,6699346405229;85,6201047212043;40,8580106659651;19,2833067122801
"Heibanic";"r2";0,998429305038827;42,0611577964519;81,1398671551335;42,2246670406305;20,6366552150847
"Heibanic";"r2";0,997659823540735;42,906162464986;80,2573532300232;43,0624435978941;21,5107364975804
"Heibanic";"r2";0,997367500887562;37,453314659197;83,1741071284148;37,6446150460975;20,5687969620902
"Heibanic";"r2";0,997193935030447;40,8636788048553;80,4135284427801;41,0291593472734;21,6988080137367
"Heibanic";"r2";0,997578585286541;43,0042016806723;79,9675236095648;43,1588599314208;21,3952571156349
"Heibanic";"r2";0,996930724834125;37,7731092436975;81,6459328603025;37,9566775433486;20,1799705866563
"Heibanic";"r2";0,997539947764433;39,37441643324;81,9784486417346;39,5526759822295;20,2984700957117
"Heibanic";"r2";0,997784832547346;41,9234360410831;82,4240367653413;42,0928946215193;20,6402492142209
"Heibanic";"r2";0,997520280425918;39,9719887955182;81,0833833615941;40,1440029987235;20,5276620989795
"Heibanic";"r2";0,997331880616559;41,2418300653595;80,8818391790528;41,4076878440779;20,5395072394335
"Heibanic";"r2";0,997457115226844;43,0555555555556;78,5834384350451;43,2042077851768;22,141568248515
"Heibanic";"r2";0,997640615598219;42,8688141923436;80,0252013030918;43,0242802472003;21,5834934303968
"Heibanic";"r2";0,996964970302474;40,8800186741363;80,9618096812503;41,0477249126598;20,6781304731239
"Heibanic";"r2";0,997797476555759;40;82,7394543584359;40,1788261688638;20,4050942874249
"Heibanic";"r2";0,997516183270746;38,6064425770308;81,7787492272386;38,7870798433497;20,4257809804904
"Heibanic";"r2";0,997564831863436;35,7959850606909;84,9179775303401;36,0015164099363;19,6959169579886
"Heibanic";"r2";0,997729243614665;41,8230625583567;79,8346733512742;41,9821069549798;21,5706347980772
"Heibanic";"r2";0,996646642340146;38,1886087768441;81,9955468300723;38,3719014046818;20,4470813176689
"Heibanic";"r2";0,997287962516432;41,9024276377218;78,616292251928;42,0560421340155;21,3197370224841
"Heibanic";"r2";0,997060827438194;40,499533146592;79,0081387006763;40,6606570192032;21,7716751659987
"Heibanic";"r2";0,998210410844288;38,5644257703081;84,2787734903674;38,755699191731;19,6805643143301
"Heibanic";"r2";0,996768889133825;40,9033613445378;78,6189773715129;41,0611672693369;22,432785485376
"Heibanic";"r2";0,997801420302676;42,1171802054155;81,3940654081574;42,2815186372261;20,7559287273189
"Heibanic";"r2";0,9972730632311;41,8417366946779;77,1384751447738;41,9894217927954;22,9301914859503
"Heibanic";"r2";0,997777683556216;40,4971988795518;81,7318851865665;40,669728947782;20,6584751861165
"Heibanic";"r2";0,997176717007517;41,078431372549;77,2104203282809;41,2296112426567;22,3094059321577
"Heibanic";"r2";0,997779000843077;41,1461251167133;82,9179015828957;41,3209024241032;20,4569493149792
"Heibanic";"r2";0,99747527934511;40,3197945845005;82,1306939978873;40,4947355862301;20,4347487932391
"Heibanic";"r2";0,997444399593426;44,2763772175537;79,7751809297662;44,424907777019;21,8033353724386
"Heibanic";"r2";0,998060045536855;40,249766573296;83,8253595449069;40,432091230081;20,5366533066194
"Heibanic";"r2";0,997686193417775;38,8655462184874;85,9554843220905;39,0625752482096;19,3265838418754
"Heibanic";"r2";0,997814300549302;39,1946778711485;81,8390850813185;39,3731063531994;20,1029613104579
"Heibanic";"r2";0,997689411167722;35,8916900093371;86,3299968835359;36,1027289502333;19,1137639816094
"Heibanic";"r2";0,997586842582963;43,5830999066293;80,2396072546601;43,7364744143617;21,8638696335591
"Heibanic";"r2";0,997433844487762;39,7455648926237;82,105702975245;39,9228039640991;19,795112683925
"Heibanic";"r2";0,997455474981838;42,6587301587302;79,428671870222;42,8125792872301;21,78607945868
"Heibanic";"r2";0,996793688982632;34,5424836601307;83,1909796311419;34,746033852478;19,929732918985
"Heibanic";"r2";0,997476856275342;36,5172735760971;83,5637598822183;36,7141207991353;19,6944274960609
"Heibanic";"r2";0,997400590713953;41,8020541549953;79,6052419757982;41,9602264889736;21,3644304593944
"Heibanic";"r2";0,997918259899427;39,9112978524743;81,7602614933671;40,0863981187542;20,4832998526445
"Heibanic";"r2";0,997274801393026;36,8884220354809;84,5023509046142;37,0876434951843;19,7414994218819
"Heibanic";"r2";0,998896940188263;39,1083099906629;86,3734263435342;39,3060719837712;19,4938312638482
"Heibanic";"r2";0,996921519094129;36,827731092437;82,2952311321053;37,017971678377;20,2862611439928
"Heibanic";"r2";0,997522885116858;36,531279178338;86,3532425014223;36,7397392759241;19,1624595142204
"Heibanic";"r2";0,997130247780894;39,3043884220355;82,6159257631447;39,4856082435464;20,7042804128545
"Heibanic";"r2";0,997327063808596;41,7016806722689;80,4686527308498;41,8638855762797;21,3060846131245
"Heibanic";"r2";0,997276651896252;41,0224089635854;81,9722388212833;41,1937471638268;20,707581741928
"Heibanic";"r2";0,997210183015873;39,0056022408964;83,1446216500129;39,1902843304743;20,3395476854051
"Heibanic";"r2";0,997572154600536;41,3678804855275;79,836648292931;41,5288376730062;20,999453617889
"Heibanic";"r2";0,99764758962397;39,3487394957983;81,8214014968579;39,5264493786479;20,5602525143137
"Heibanic";"r2";0,998068511530455;43,4383753501401;79,8740889965402;43,590826034853;21,4828564792035
"Heibanic";"r2";0,997979308913456;41,5919701213819;82,5085394659431;41,7631691562964;20,2966416693027
"Heibanic";"r2";0,996455244307312;38,9262371615313;82,2116889432999;39,1073478384424;20,0805333560628
"Heibanic";"r2";0,997216329136533;37,2198879551821;84,2760752763955;37,4167757682415;19,2185588207792
"Heibanic";"r2";0,997116680162532;42,1615312791783;80,9369804127998;42,3237716521224;21,8354672299481
"Heibanic";"r2";0,99703291519234;38,249299719888;83,1041461296612;38,4369769015188;20,2163001722572
"Heibanic";"r2";0,998562624370029;39,8879551820728;83,5259032392586;40,0705407387975;19,6489523289129
"Heibanic";"r2";0,998065318216427;40,4458450046685;83,0091502035561;40,6239341477601;20,3533278719402
"Heibanic";"r2";0,998607169818741;39,6008403361345;85,0598806315685;39,7910455256551;19,2576783527583
"Heibanic";"r2";0,998017669187137;37,8174603174603;85,6008074461154;38,0173906401744;19,4593148871562
"Heibanic";"r2";0,997081078572535;38,328664799253;81,5752470487177;38,5096128421378;20,3748036228148
"Heibanic";"r2";0,99810618763074;41,3795518207283;79,5889533286779;41,5394237935649;21,5425929594461
"Heibanic";"r2";0,99702222530865;39,6638655462185;81,5357143242272;39,8390615662102;20,722082644225
"Heibanic";"r2";0,997520163936451;44,3580765639589;79,042530722898;44,5031998031177;22,3801937182872
"Heibanic";"r2";0,997883781637915;38,1302521008403;85,147557565621;38,326977228308;19,0410932481139
"Heibanic";"r2";0,997202005733904;39,733893557423;81,0024716040516;39,9065654320951;21,0785219497569
"Heibanic";"r2";0,997999750531682;41,8113912231559;80,3403493058665;41,9726002527907;21,4470105781337
"Heibanic";"r2";0,997574323766925;37,1825396825397;84,3431894013724;37,3798645767607;19,4844543160725
"Heibanic";"r2";0,997042433028615;39,7222222222222;80,4296268361604;39,8925460908998;20,9319084714755
"Heibanic";"r2";0,997627833457381;40,4575163398693;80,1932022877897;40,6237744400698;20,6004661126562
"Heibanic";"r2";0,997801527950093;39,2040149393091;82,7849588936383;39,3863619851431;20,9404054178191
"Heibanic";"r2";0,997590619140716;42,0401493930906;81,4223893374102;42,2049286397195;20,7063379185685
"Heibanic";"r2";0,997218013116518;43,8445378151261;76,242110439292;43,9800925122983;22,3863726764222
"Heibanic";"r2";0,996839371528615;37,4929971988796;80,3791887981063;37,6724373310939;21,0792497781382
"Heibanic";"r2";0,997183966113438;39,1036414565826;79,6424115485715;39,2732597414864;21,5735537334297
"Heibanic";"r2";0,997490015377158;39,9626517273576;83,1763855517459;40,1434623291333;20,2566187021152
"Heibanic";"r2";0,998058786906539;39,5891690009337;83,8017958104432;39,7741590712664;19,7833966797082
"Heibanic";"r2";0,997166774525733;40,0140056022409;79,0304014692827;40,177254120513;21,6391868951961
"Heibanic";"r2";0,99667670082924;39,327731092437;80,1910524975541;39,4987073326257;21,2523578326118
"Heibanic";"r2";0,997278236799718;43,608776844071;77,9194390179764;43,7523361000287;22,2018786663232
"Heibanic";"r2";0,997786013174091;38,9402427637722;82,6761152681938;39,1232380462175;20,320951471622
"Heibanic";"r2";0,998203533481992;34,1853408029879;86,8606168750292;34,4057394476408;18,0798438065522
"Heibanic";"r2";0,997945133804252;42,0611577964519;81,5937155261379;42,2265659877895;20,8550817141755
"Heibanic";"r2";0,997117439645958;40,8963585434174;81,2650656698911;41,0652652677959;21,0362632524377
"Heibanic";"r2";0,998064903513118;36,7950513538749;83,5293378199325;36,9905923014316;19,4145057254139
"Heibanic";"r2";0,998307860305428;38,6344537815126;83,9109637145294;38,8238952456675;19,8947597133366
"Heibanic";"r2";0,998346073833297;38,3940242763772;83,1735047866146;38,5813861195163;19,7434010092445
"Heibanic";"r2";0,997771965388209;40,9640522875817;80,9900843139874;41,1315252249307;20,6779291273432
"Heibanic";"r2";0,997622067739496;38,6858076563959;82,4833974727217;38,8690611702717;20,2747908351903
"Heibanic";"r2";0,997823422967288;39,6918767507003;81,8061372929527;39,8680870458562;20,415004953037
"Heibanic";"r2";0,997351250733244;38,7278244631186;83,6970923220523;38,9159803955827;19,8942961009967
"Heibanic";"r2";0,998284362688014;37,6330532212885;84,6367809621786;37,829721538196;19,630037643655
"Heibanic";"r2";0,997661313300132;42,2782446311858;80,9648483492831;42,4401132659896;21,0778269039325
"Heibanic";"r2";0,998383418525299;42,7684407096172;81,8403090213702;42,9319213301684;21,2466100083182
"Heibanic";"r2";0,998296654047266;43,6998132586368;82,3612738281255;43,8615766919819;21,8072583388052
"Heibanic";"r2";0,998031031847111;39,0896358543417;81,3620211324919;39,2665077592712;20,9121442216573
"Heibanic";"r2";0,997550978870723;38,4593837535014;81,8610674759922;38,6409807565244;20,1445817263933
"Heibanic";"r2";0,998386303362452;37,5863678804855;86,2076922282965;37,7898043840328;19,2258689815424
"Heibanic";"r2";0,997608087124985;37,9668534080299;82,846669658349;38,154635065981;20,1493143122448
"Heibanic";"r2";0,99864959844098;37,8011204481793;86,8192031803647;38,0062170286487;19,2952855309626
"Heibanic";"r2";0,997725002107662;40,7236227824463;80,3493605548692;40,8894208484397;22,204775989605
"Heibanic";"r2";0,997542534439014;39,8832866479925;80,2169169928324;40,0520466075944;21,0802573283728
"Heibanic";"r2";0,99786066175893;40,9547152194211;81,0511603860595;41,1224827724196;20,7505224722355
"Heibanic";"r2";0,998156461220019;42,7427637721755;80,7434715623036;42,9017625495401;22,1277435149767
"Heibanic";"r2";0,996582511924362;35,6115779645191;83,0648267666523;35,8101271226871;19,9837963212007
"Heibanic";"r2";0,99829373244039;40,3664799253035;84,0320328758463;40,5491809836739;19,8818397006603
"Heibanic";"r2";0,997788343328074;42,7054154995331;80,8209379555595;42,8648946729893;21,5251458829859
"Heibanic";"r2";0,998182463381664;36,9234360410831;83,7588138703757;37,119399965055;19,5140061370711
"Heibanic";"r2";0,997449608125131;41,5476190476191;80,1740313350221;41,7092358354325;21,1179473374774
"Heibanic";"r2";0,997578332652704;41,4705882352941;83,5087280251153;41,6464800335779;20,5779748696597
"Heibanic";"r2";0,996923729038841;37,000466853408;81,822535316717;37,1880068888194;20,3946083833987
"Heibanic";"r2";0,997502140809856;43,9169000933707;79,6301313243771;44,0663278391071;21,0727759531919
"Heibanic";"r2";0,99726619069972;41,0224089635854;78,3689685520581;41,1786707191857;22,3392590227658
"Heibanic";"r2";0,997500111474344;46,5873015873016;77,8680635758676;46,7181834366261;22,6378665624265
"Heibanic";"r2";0,99766101206502;35,1423902894491;85,4977869715779;35,353082325776;19,0351171013119
"Heibanic";"r2";0,997510854977881;39,4070961718021;81,699117638586;39,5840502365166;21,1342461284299
"Heibanic";"r2";0,998084617925598;40,3104575163399;84,7099955309628;40,4962296419241;20,1761719839889
"Heibanic";"r2";0,997628417847581;39,0289449112979;82,9597520138782;39,2127558196769;20,1963331791104
"Heibanic";"r2";0,997008950757593;42,9084967320261;81,2127543642436;43,068765592412;21,8299553387357
"Heibanic";"r2";0,99758722295505;37,0611577964519;85,7428930985032;37,2648470654982;19,2719264441658
"Heibanic";"r2";0,997443409679215;42,2642390289449;79,4057782602674;42,4196429587831;22,2133709026767
"Heibanic";"r2";0,997585743269389;40,4248366013072;83,2310600091106;40,6039421385783;20,4438809931039
"Heibanic";"r2";0,997461695145349;42,7917833800187;78,7370587018286;42,9421820215325;21,3994874872311
"Heibanic";"r2";0,997738146805481;43,9145658263305;79,9941452685127;44,0655264097706;21,2096313439279
"Heibanic";"r2";0,997962643459851;35,2567693744164;84,6487238133443;35,4634302716504;19,141001564888
"Heibanic";"r2";0,998263074366932;43,4803921568627;80,9712838553449;43,6372578125049;21,2590875968576
"Heibanic";"r2";0,998071200389713;38,4126984126984;85,3079183606567;38,6089127221041;19,5949173195443
"Heibanic";"r2";0,997745058465168;41,1017740429505;82,3188965406324;41,2742306224387;21,2862914916804
"Heibanic";"r2";0,997830343976475;40,46918767507;83,0507048554449;40,647353018921;20,6579608913255
"Heibanic";"r2";0,997304453592223;44,1526610644258;77,2973308555672;44,2913416911669;22,9548239707552
"Heibanic";"r2";0,997568236771192;39,0873015873016;82,1814840438733;39,2676119741492;20,5760638674069
"Heibanic";"r2";0,997209000823656;40,8403361344538;82,1166706797111;41,013040463095;20,4426690457241
"Heibanic";"r2";0,998103297586222;39,1433239962652;82,9114529824469;39,3264542430693;19,8780044089635
"Heibanic";"r2";0,997200812117979;39,4957983193277;80,4062641390494;39,6669718164814;21,7417732455259
"Heibanic";"r2";0,997115280930528;42,3179271708683;79,087225716883;42,4717736082994;22,5618895549158
"Heibanic";"r2";0,998115110038451;40,5438842203548;83,3469869276424;40,7229767003016;20,1556029874181
"Heibanic";"r2";0,997998662220528;41,9654528478058;81,7568461691447;42,1319440332507;20,2633532724522
"Heibanic";"r2";0,996868095441663;41,9817927170868;78,8310694678795;42,1359737913579;21,7417872277538
"Heibanic";"r2";0,99714146506867;40,093370681606;81,5005974891744;40,2666226766167;20,7304931072606
"Heibanic";"r2";0,997529301569046;40,8053221288515;82,5306913173893;40,9799052635316;20,6447578808058
"Heibanic";"r2";0,997226665888065;36,3538748832866;83,4087654750621;36,5507572706999;19,6538752492202
"Heibanic";"r2";0,998126225279692;41,3468720821662;83,9970947406626;41,5253248966369;20,4172700228879
"Heibanic";"r2";0,996724232786877;38,891223155929;81,7398496548705;39,0705061119915;20,021677263147
"Heibanic";"r2";0,997624115176466;40,1190476190476;82,8883336868818;40,2979986067791;20,5581705444618
"Heibanic";"r2";0,996812845270176;40,7959850606909;79,7900969770298;40,9591403406756;21,8734836070043
"Heibanic";"r2";0,998098205243914;40,8169934640523;83,1917514297145;40,9942937065864;20,246640404167
"Heibanic";"r2";0,998255039888345;42,3506069094304;81,0090218785639;42,5123575996779;20,8063225590889
"Heibanic";"r2";0,998006654181768;37,8174603174603;85,5777574737754;38,0172941967754;19,4537114280967
"Heibanic";"r2";0,997420867423293;38,5830999066293;83,699502459511;38,771871465428;19,9871882316655
"Heibanic";"r2";0,998423297628158;45,1237161531279;81,9803727463597;45,2779281054009;21,0306801235372
"Heibanic";"r2";0,998027703395702;42,3622782446312;82,8897586642863;42,5318492924122;20,6328010459148
"Heibanic";"r2";0,99749078239552;39,5028011204482;81,7820328373334;39,6797016715648;20,4073539569944
"Heibanic";"r2";0,997812986103474;37,8501400560224;83,9877954151468;38,043184639115;19,1357102769754
"Heibanic";"r2";0,99797222753424;40,343137254902;83,1455875536157;40,5222270051058;20,5838389245932
"Heibanic";"r2";0,997622800200369;40,8053221288515;81,0155459643022;40,9735657432258;21,1434012895018
"Heibanic";"r2";0,997200943509028;36,7203548085901;86,1561288432218;36,9271990514128;19,3827896678881
"Heibanic";"r2";0,998009572212458;36,7296918767507;86,431757215893;36,9376503091321;19,1101027709202
"Heibanic";"r2";0,997653930041021;41,2978524743231;81,3778861376812;41,4655513599438;21,1259833720072
"Heibanic";"r2";0,998053350538522;42,7427637721755;80,6303591667102;42,9012892759184;21,4184316326303
"Heibanic";"r2";0,997641043339996;43,4173669467787;80,6403386300899;43,5731115981733;21,7926819354583
"Heibanic";"r2";0,996353066638771;38,202614379085;80,2852589091513;38,378692389671;21,3771770918307
"Heibanic";"r2";0,997804059869879;39,7642390289449;80,5821225261815;39,9350251523643;21,1257101854649
"Heibanic";"r2";0,998048885257398;42,2525676937442;82,8118085489709;42,4222716303769;20,8317398948938
"Heibanic";"r2";0,997713449256762;40,8566760037348;81,1796556052988;41,0253913995573;20,403389747305
"Heibanic";"r2";0,998444417512033;41,4332399626517;83,2623432698163;41,608257131301;19,867477682568
"Heibanic";"r2";0,998219368774981;37,1988795518207;85,4068980614299;37,4005867422375;18,9259359418494
"Heibanic";"r2";0,997611294948696;38,2072829131653;85,1620669166308;38,4037464445605;19,0982540849545
"Heibanic";"r2";0,997645068422844;39,7385620915033;83,6733606713323;39,9223897006239;19,7958099830195
"Heibanic";"r2";0,998824857767361;41,6526610644258;82,9460445015052;41,8254367273424;21,1131776121366
"Heibanic";"r2";0,998013502513583;41,0480859010271;84,0711134588577;41,2280985686331;20,6439503717408
"Heibanic";"r2";0,998074415754469;39,500466853408;83,4255039528873;39,6842536195146;19,8928662652332
"Heibanic";"r2";0,99782597901988;37,3529411764706;85,4907036784906;37,5543544086966;18,9091664100071
"Heibanic";"r2";0,997206240444661;39,7082166199813;82,3939828364938;39,886818152268;20,3992326547319
"Heibanic";"r2";0,997567913030803;46,0971055088702;79,3141152407727;46,2360888131878;22,5749676003548
"Heibanic";"r2";0,996974454303258;39,9953314659197;81,016129819909;40,1669666054761;20,7561788436029
"Heibanic";"r2";0,997828300269842;38,6484593837535;84,4168484090551;38,8399589194242;19,7272307049214
"Heibanic";"r2";0,997840352100342;41,1998132586368;79,91164831989;41,361787463914;20,9351228841317
"Heibanic";"r2";0,997865497648893;40,6886087768441;81,04833045796;40,8574779052169;20,5773653195545
"Heibanic";"r2";0,997380631867594;38,5830999066293;81,155639729356;38,7612276883144;20,7151655279205
"Heibanic";"r2";0,9972056461832;38,6297852474323;82,9727247000654;38,8153205589496;20,4616514014202
"Heibanic";"r2";0,997617646872087;39,7175536881419;83,832398163027;39,9021346273674;19,886693284951
"Heibanic";"r2";0,998101576231539;40,1377217553688;83,3260251248935;40,3184259535677;20,1333549611777
"Heibanic";"r2";0,997283519913266;37,8851540616246;83,0964489409029;38,0743226594459;20,087593238996
"Heibanic";"r2";0,997202993834904;43,5550887021475;76,3760436804101;43,6924148736047;24,06778669841
"Heibanic";"r2";0,996789173300972;36,0014005602241;82,6614742030564;36,1966309938761;20,1557873130597
"Heibanic";"r2";0,997518894867284;43,2166199813259;79,1237475026308;43,3668590086117;21,8965218040688
"Heibanic";"r2";0,997520709665067;40,2240896358543;80,8395219716881;40,3940286832846;20,8979039844108
"Heibanic";"r2";0,998117386360848;41,734360410831;81,5152816887631;41,9008077801947;20,7901191920672
"Heibanic";"r2";0,997802328872578;37,6984126984127;83,2207231459927;37,8888826166034;20,1521179400704
"Heibanic";"r2";0,996939450633603;42,0751633986928;80,0413466822136;42,2340177220548;20,9581407571073
"Heibanic";"r2";0,997448941027812;38,8515406162465;83,5026445269853;39,0383653188019;19,7497182350945
"Heibanic";"r2";0,997061352065757;38,172268907563;80,5112426095665;38,3494194251446;21,1824897809044
"Heibanic";"r2";0,997221688041643;39,9766573295985;81,7934372781175;40,1516229360777;20,9290017970581
"Heibanic";"r2";0,997997635013563;43,1816059757236;81,3209502026626;43,3411848218614;21,3235719930549
"Heibanic";"r2";0,996368849914956;38,078898225957;83,3884645537256;38,268478001387;20,0927784304328
"Heibanic";"r2";0,997838827229749;35,406162464986;85,9901497859222;35,6178109475004;18,8025221779988
"Heibanic";"r2";0,997499746764877;41,3678804855275;79,2127277133149;41,526227126648;21,6894120936619
"Heibanic";"r2";0,997531336815728;41,8767507002801;79,7424095304954;42,035184419235;21,5764367865733
"Heibanic";"r2";0,998473919317382;42,7987861811391;79,9971238564171;42,9544277613704;21,1839266527554
"Heibanic";"r2";0,99825864749567;36,6760037348273;85,0751710242476;36,8785107109336;19,7175222487762
"Heibanic";"r2";0,997941677216487;39,7549019607843;83,9874695959889;39,9399754655341;20,2240435036007
"Heibanic";"r2";0,998079188778718;41,1437908496732;84,3358727200939;41,3245108574992;19,9345159059579
"Heibanic";"r2";0,997635692416819;41,6853408029879;77,1017854427697;41,8335267638238;23,4017247212664
"Heibanic";"r2";0,997961811222829;36,3468720821662;87,104489818806;36,5592470517756;18,3317013421367
"Heibanic";"r2";0,997745351593835;42,0424836601307;83,4550364170306;42,2157579394483;20,5932082246403
"Heibanic";"r2";0,997801372883347;40,9523809523809;79,9550346454371;41,1155719720172;20,7121626362099
"Heibanic";"r2";0,998358641792372;43,1699346405229;80,4927078899535;43,326096871692;21,8393449422513
"Heibanic";"r2";0,997832183107759;40,3454715219421;83,5291568092892;40,5261563976214;20,7337538586306
"Heibanic";"r2";0,997525426740534;38,375350140056;79,7806805722894;38,5485942004419;20,557440797252
"Heibanic";"r2";0,997714097872171;41,5266106442577;81,5554953213755;41,6940955173837;21,3168363613452
"Heibanic";"r2";0,997235323731958;41,4612511671335;79,3817608438085;41,619914387538;21,2663648583774
"Heibanic";"r2";0,997665110102681;39,1923436041083;82,6772298316016;39,3742887347673;19,6840097005626
"Heibanic";"r2";0,996801024020713;42,6797385620915;78,1563904228578;42,8281764359859;22,8345699040508
"Heibanic";"r2";0,997897860521773;39,6031746031746;81,2412246425271;39,777392385766;21,1880630815952
"Heibanic";"r2";0,997393889331626;39,1900093370682;82,3141686966818;39,3704451502883;20,4410862417835
"Heibanic";"r2";0,998079897763466;43,5504201680672;80,8158896842574;43,7063426346622;21,5184608017574
"Heibanic";"r2";0,997194281137338;38,4500466853408;81,4674856358426;38,6300359696525;20,8504392776112
"Heibanic";"r2";0,996783912453161;37,3762838468721;82,876320742233;37,5666605702836;20,4240140751378
"Heibanic";"r2";0,997871864633554;38,7838468720822;83,1925309308676;38,9696572656336;19,7842535889383
"Heibanic";"r2";0,997957499431035;39,9603174603175;81,9895611547154;40,1361720364446;20,3800792859666
"Heibanic";"r2";0,997952278140516;41,0037348272642;81,6370024883957;41,1737484994865;21,2506265954938
"Heibanic";"r2";0,997551458429078;41,7460317460317;81,9022154316272;41,9140492509924;20,9664897171184
"Heibanic";"r2";0,997772689433375;38,2936507936508;80,6548479810997;38,4708942965271;20,7375538920144
"Heibanic";"r2";0,99652201220543;39,0242763772176;80,8572548526643;39,19930975996;21,1414258111382
"Heibanic";"r2";0,998323173776692;40,046685340803;85,2723170332864;40,2359139252904;19,9618002484409
"Heibanic";"r2";0,996936856489014;38,3403361344538;82,3867678292788;38,5246308277376;19,9036155965035
"Heibanic";"r2";0,997766690333316;36,7156862745098;85,1593987427232;36,9183796321174;19,0774646452974
"Heibanic";"r2";0,998557366851192;37,8944911297852;86,59224433325;38,0982474193395;19,0747405811155
"Heibanic";"r2";0,997562877819395;40,3781512605042;81,1711866179679;40,5488334168116;20,9323970777653
"Heibanic";"r2";0,997463964082261;42,6377217553688;79,9477726524807;42,7938307549383;22,2606944014468
"Heibanic";"r2";0,998624977782402;39,9159663865546;83,0038069234183;40,0962502381733;20,097605461688
"Heibanic";"r2";0,997377023090886;39,3253968253968;82,5484388332686;39,5062463735469;20,4473961054137
"Heibanic";"r2";0,997790247390936;39,5448179271709;84,520774707067;39,733001846752;19,6009591727582
"Heibanic";"r2";0,997827945569691;42,0985060690943;81,0162368857789;42,261341762888;21,0369886881767
"Heibanic";"r2";0,997759507154729;41,2091503267974;82,1391198507671;41,3804054294081;20,739477514498
"Heibanic";"r2";0,997719236861022;39,1690009337068;82,1245974053703;39,348731462877;20,446498863865
"Heibanic";"r2";0,997724530369678;45,5999066293184;76,8092861078876;45,730489807053;22,6293438898591
"Heibanic";"r2";0,998659958427692;35,2170868347339;88,4709907721544;35,4399065164804;18,2042807197285
"Heibanic";"r2";0,997609819689633;41,7693744164332;81,8633158592591;41,9371314935999;20,8329499843159
"Heibanic";"r2";0,998097021697355;40,6115779645191;82,8939157470171;40,7884915117262;20,3197054959003
"Heibanic";"r2";0,997782425523437;41,311858076564;80,3575114256229;41,4752290110788;21,5153704161624
"Heibanic";"r2";0,997074392090001;43,3099906629318;78,414083336684;43,456869711776;22,8599586519848
"Heibanic";"r2";0,998355034759526;40,2007469654529;83,8609454671161;40,3834256202715;20,0900155094159
"Heibanic";"r2";0,997791852579214;40,0676937441643;81,3807969428766;40,2405519165439;21,2228488339621
"Heibanic";"r2";0,997127966469813;39,9323062558357;82,5687266602181;40,1107013202892;20,4702812477167
"Heibanic";"r2";0,998137912612143;40,9570494864613;82,4218507729771;41,1305423788735;20,0381399360176
"Heibanic";"r2";0,998111622124371;37,2992530345471;84,6351033401316;37,4973109856165;19,2602025839299
"Heibanic";"r2";0,997213294394106;40,0186741363212;82,1627552192301;40,1950092036137;20,9314189651107
"Heibanic";"r2";0,997274205663877;40,0840336134454;80,8823098067253;40,2547376979361;21,5348531516593
"Heibanic";"r2";0,998073673068571;45,5088702147526;79,7957884138091;45,6523301235352;22,2190076004675
"Heibanic";"r2";0,99777202542098;40,6746031746032;81,0799379973075;40,8436631529408;21,3055316631139
"Heibanic";"r2";0,997304089953236;39,6638655462185;81,4298623810741;39,8386186710505;20,4728684414722
"Heibanic";"r2";0,998635729966795;40,0420168067227;84,9615240695629;40,2299645358559;20,2278676826714
"Heibanic";"r2";0,997006424712175;38,6064425770308;81,9155462878106;38,7876522159881;20,0833746595263
"Heibanic";"r2";0,997401114643434;41,7436974789916;80,8232333245678;41,9072101812743;21,2695992820087
"Heibanic";"r2";0,99816191351607;45,1423902894491;80,5380129283193;45,2904891289423;22,0676968740974
"Heibanic";"r2";0,998386930118748;43,6391223155929;82,2286361610585;43,80058471662;21,2134064833044
"Heibanic";"r2";0,997099248855867;41,9047619047619;79,1886402033728;42,0607613955511;22,0861162541339
"Heibanic";"r2";0,997732535707051;39,3160597572362;82,9706026391198;39,4987147483738;19,9360561730913
"Heibanic";"r2";0,998773216114554;41,5896358543417;85,3353341556608;41,7726722489079;20,0296415794752
"Heibanic";"r2";0,997626208415838;40,6746031746032;80,3618626133839;40,8406586534265;21,1172262574129
"Heibanic";"r2";0,99811366472387;42,9435107376284;81,405774871132;43,1044407130824;20,9456030125711
"Heibanic";"r2";0,997629064086014;41,531279178338;80,4747362289799;41,6942225132779;22,1086725321142
"Heibanic";"r2";0,997617661384423;41,4262371615313;79,9662134006108;41,5874922922387;20,9042618588631
"Heibanic";"r2";0,996634024686832;40,4411764705882;80,3003991015094;40,6079514606758;21,3402776218332
"Heibanic";"r2";0,997915870908733;39,9439775910364;83,8874600601941;40,127841534422;20,0681192767104
"Heibanic";"r2";0,996765582784501;38,1699346405229;82,3903094758224;38,3549571293735;20,1806806838222
"Heibanic";"r2";0,997325465794692;41,4915966386555;80,2311382673291;41,653686770993;22,061536577333
"Heibanic";"r2";0,997972590200544;45,2287581699346;80,2984688348198;45,3754933610011;21,9500402703729
"Heibanic";"r2";0,997389811613182;45,6489262371615;78,8164453484193;45,7877024677526;22,81710452339
"Heibanic";"r2";0,997759806793931;47,2572362278245;75,404061971266;47,3750053731945;24,243135629074
"Heibanic";"r2";0,998038784146719;42,8314659197012;81,410126058893;42,9928829077313;21,3188813834241
"Heibanic";"r2";0,997895556471831;33,6134453781513;87,4053410617946;33,8385160713883;18,5891661833844
"Heibanic";"r2";0,997932671796322;44,2273576097106;80,160186716715;44,3777041750118;21,4836622513751
"Heibanic";"r2";0,997487599163905;39,5821661998133;81,8248360775317;39,7589137725234;20,6778811934297
"Heibanic";"r2";0,997721910429477;43,937908496732;78,7497864459538;44,083564889825;22,2981827526654
"Heibanic";"r2";0,998222875991294;41,8067226890756;81,4757189242083;41,972701752821;20,5191585212699
"Heibanic";"r2";0,998528707140943;40,4435107376284;83,1829489206451;40,6223368388126;20,4206378505515
"Heibanic";"r2";0,997312136211926;40,3081232492997;81,0374474818801;40,4785388318628;21,4452377039471
"Heibanic";"r2";0,997414413699996;41,344537815126;79,792567194617;41,5054082309398;20,6263840339458
"Heibanic";"r2";0,997998914685106;41,5359477124183;81,4215474453544;41,7028330669494;21,8763179605984
"Heibanic";"r2";0,997746972644016;38,1442577030812;83,4099139298243;38,3336537542392;19,8615281381314
"Heibanic";"r2";0,997698863999336;42,0634920634921;80,7288328079403;42,2252717318789;21,5720114881604
"Heibanic";"r2";0,998494470410528;42,1988795518207;80,9861036203515;42,3611691922748;20,7854280326874
"Heibanic";"r2";0,99733551307275;39,4421101774043;81,8145631458325;39,6194007755986;20,9128252652283
"Heibanic";"r2";0,997750644972411;42,0728291316527;82,3997235697887;42,2415609075444;20,5138789585192
"Heibanic";"r2";0,996992494086746;37,9621848739496;83,0446706538305;38,1508145215641;20,3191757596563
"Heibanic";"r2";0,997895540170431;38,8608776844071;82,7466693656509;39,0445002437428;20,0755540142102
"Heibanic";"r2";0,997265471852365;43,5177404295051;80,0595124482175;43,6706348730981;21,7025118255003
"Heibanic";"r2";0,998127385324868;35,5812324929972;83,0398842702675;35,7798042577557;20,5260684303669
"Heibanic";"r2";0,997388107567672;39,1643323996265;80,540423065778;39,3374541178949;21,1261408080387
"Heibanic";"r2";0,997416483076536;46,594304388422;77,0853011501031;46,7218817807303;23,0500963071934
"Heibanic";"r2";0,998102632720515;41,7623716153128;81,408393748524;41,9282545531087;20,9203870640234
"Heibanic";"r2";0,99751113039276;40,4481792717087;83,3883836766296;40,6278453989259;20,3371578554433
"Heibanic";"r2";0,997803722509924;38,7721755368814;83,4710539333151;38,9592001326824;20,199179007051
"Heibanic";"r2";0,997192531393248;36,7016806722689;84,6401531519499;36,9022600550291;19,4448173465637
"Heibanic";"r2";0,997207655467926;40,7446311858077;79,9310642147196;40,9085911566399;20,8810183840742
"Heibanic";"r2";0,997308408381348;44,2156862745098;77,4599400338698;44,3547835705741;22,1495168645211
"Heibanic";"r2";0,998014368949623;43,9169000933707;80,274739494874;44,069024944423;21,4016203995111
"Heibanic";"r2";0,99769189936033;42,1148459383754;80,0939345105033;42,2737542587608;21,6180470035797
"Heibanic";"r2";0,997455142204551;40,9617180205415;81,3172167618629;41,1305694797103;20,7495667907688
"Heibanic";"r2";0,998073277893061;43,1605975723623;80,2521601502065;43,3157923948637;22,2861114751945
"Heibanic";"r2";0,997650693512772;43,8562091503268;79,5457156629357;44,005537629459;21,4238892874085
"Heibanic";"r2";0,997585039149673;41,1998132586368;82,2808835352873;41,3717005819701;20,1631368283864
"Heibanic";"r2";0,997055722932401;39,4351073762838;82,5076282506623;39,6153271288963;20,6303225192635
"Heibanic";"r2";0,997371332716503;37,2292250233427;81,4566796855683;37,4142771349001;20,5137901919179
"Heibanic";"r2";0,997598834481271;36,3818860877684;83,6358675901753;36,5796014915442;20,3989015371641
"Heibanic";"r2";0,99758352786904;39,1293183940243;82,4431553405611;39,3105478373152;19,9199657398065
"Heibanic";"r2";0,997573953089363;35,5648926237162;85,0100996236365;35,7717763350129;19,5512264363184
"Heibanic";"r2";0,997681641263487;38,155929038282;84,3749533031053;38,3493140770469;19,7722499661766
"Heibanic";"r2";0,998605139582777;43,6788048552754;80,8225685918651;43,834218092667;21,1174925247901
"Heibanic";"r2";0,998103802391081;47,2432306255836;77,0861746227392;47,3680965000487;23,3763655804721
"Heibanic";"r2";0,997321186565657;40,063025210084;80,6161740943421;40,2327036572985;21,3251933780714
"Heibanic";"r2";0,997582528175246;40,5182072829132;82,073447648872;40,6920785815155;20,8031275681717
"Heibanic";"r2";0,997100145796745;41,218487394958;78,9195482405688;41,3762324194166;21,5329821887029
"Heibanic";"r2";0,998351963679582;39,84360410831;82,9225108071057;40,0238505798531;19,8114427882252
"Heibanic";"r2";0,996859852042515;40,4598506069094;79,1572984030548;40,6217646144247;21,6607324172084
"Heibanic";"r2";0,997105387809103;38,1302521008403;81,6446072461873;38,3123205324108;20,5126182129931
"Heibanic";"r2";0,99641196083496;37,6167133520075;82,1700195229607;37,8031288589989;20,2041158074033
"Heibanic";"r2";0,997825632114684;42,6237161531279;81,4693927947905;42,7862503650177;20,9017447887628
"Heibanic";"r2";0,99725033512066;43,2703081232493;76,5874371527195;43,4097103367617;23,3478925036555
"Heibanic";"r2";0,998040766644476;37,5490196078431;84,4264735537288;37,7451595825121;19,3148274106158
"Heibanic";"r2";0,997673743565558;38,6134453781513;82,7576694209554;38,7981492444391;19,7047521045478
"Heibanic";"r2";0,996892063742397;40,2474323062558;79,7681446224203;40,4127909351938;21,3277778580436
"Heibanic";"r2";0,998185671601298;41,0480859010271;82,3488187553523;41,2208923146435;20,8650099651997
"Heibanic";"r2";0,997089841122413;40,7142857142857;80,7874217167481;40,8819557394006;21,0217818883591
"Heibanic";"r2";0,997539878252516;43,5760971055089;80,9817377976874;43,7326060623799;20,9888743224164
"Heibanic";"r2";0,997118127048257;43,4757236227824;78,7693456087819;43,6233956813013;21,6587439342445
"Heibanic";"r2";0,997703096408236;44,6615312791783;80,5811697169656;44,811822653395;21,700905312579
"Heibanic";"r2";0,997318534943179;39,1923436041083;79,5276816110594;39,3611107087399;21,373365606145
"Heibanic";"r2";0,998231632268274;42,2642390289449;80,4060061026005;42,4238280125167;21,435474460883
"Heibanic";"r2";0,997710562341865;38,9262371615313;83,2284049295899;39,1116018802261;20,2376818791184
"Heibanic";"r2";0,997379732234982;38,9892623716153;81,8007316219124;39,1683898580182;20,3938323666026
"Heibanic";"r2";0,997386590524045;40,9150326797386;80,2971455314788;41,0798113945994;21,391136872607
"Heibanic";"r2";0,997848592177783;36,8697478991597;84,1485159206948;37,0675670122205;19,6081667393267
"Heibanic";"r2";0,998036513524041;43,4943977591036;80,565476479323;43,6495068750878;21,4934083870445
"Heibanic";"r2";0,998165121632483;42,1988795518207;80,0990898476753;42,3574578375774;20,8740789579313
"Heibanic";"r2";0,998103979769436;44,5588235294118;79,1237475026308;44,7034466422704;22,450863761905
"Heibanic";"r2";0,997675898317642;39,2740429505135;82,3661110487202;39,4543444906734;19,9155315438596
"Heibanic";"r2";0,997623800659486;38,781512605042;83,480873183019;38,968539218339;19,8933831913371
"Heibanic";"r2";0,997666556969966;43,7394957983193;79,2179693193892;43,8879412942234;22,5980470165397
"Heibanic";"r2";0,996535802865294;39,5564892623716;79,4872268876753;39,7235634783771;21,8163592575224
"Heibanic";"r2";0,997606433646885;36,9654528478058;84,3771392954696;37,163828104909;19,1713134166201
"Heibanic";"r2";0,997548144553268;40,4598506069094;82,2833429692616;40,6348442988021;20,8733390753662
"Heibanic";"r2";0,997133841646774;38,6297852474323;80,2071770797083;38,8037492299941;21,0537373560664
"Heibanic";"r2";0,997508551999863;42,483660130719;79,3535308860386;42,637927372373;21,7904623699886
"Heibanic";"r2";0,997113725799089;36,1577964519141;85,3934901794409;36,3638035386401;19,9387797012501
"Heibanic";"r2";0,997127293935184;39,2950513538749;80,7133875933919;39,4683498318645;21,1959926568827
"Heibanic";"r2";0,997955651443803;40,1750700280112;81,2048746243259;40,3467428505899;20,3066022363256
"Heibanic";"r2";0,997442751566403;38,4640522875817;82,7847840450595;38,6494946798724;20,3441948831877
"Heibanic";"r2";0,997563930432602;43,6204481792717;79,5388526636525;43,7707343905034;21,8128987825744
"Heibanic";"r2";0,996836107991835;41,0130718954248;80,761643490372;41,1793839104665;21,4277251958858
"Heibanic";"r2";0,998166991397937;41,7460317460317;84,624525386242;41,9254396692125;20,4673851434473
"Heibanic";"r2";0,997055232944975;45,1237161531279;77,2912643031144;45,2583084048015;23,5042721705389
"Heibanic";"r2";0,998251693960683;35,4948646125117;87,0358914065544;35,7105174442859;18,8467712747148
"Heibanic";"r2";0,996751094704598;37,6704014939309;83,8647998384307;37,8636834953723;19,9452029054671
"Heibanic";"r2";0,997315055111523;38,3076563958917;81,9777708146449;38,4903765399032;20,4865997973246
"Heibanic";"r2";0,99720964656176;39,2997198879552;83,6494711177107;39,485283700632;20,2867895608503
"Heibanic";"r2";0,997754046300419;40,3851540616247;84,1337955189775;40,5682027706512;19,8815645469225
"Heibanic";"r2";0,996913577128613;42,9341736694678;78,9344473421553;43,0848024296046;22,5149808404294
"Heibanic";"r2";0,997658604375094;40,968720821662;80,4546948846084;41,1339341022601;20,5249742060747
"Heibanic";"r2";0,99712850015823;40,0186741363212;79,8610747164179;40,1853787412588;21,5218472528323
"Heibanic";"r2";0,997512947784102;41,7577030812325;81,1749539501221;41,9226288170856;21,629505464098
"Heibanic";"r2";0,997307765000637;39,2903828197946;83,8860874603375;39,4769757262404;19,7749626976193
"Heibanic";"r2";0,997746864524912;41,937441643324;78,3723969706675;42,0898891551539;21,6207570290405
"Heibanic";"r2";0,997757484268007;43,9892623716153;80,5949619577248;44,1424242945697;21,3246441242837
"Heibanic";"r2";0,998045090867972;41,468253968254;80,591717630791;41,631950468934;21,322403802572
"Heibanic";"r2";0,997824365092468;39,5961718020542;82,2304324028462;39,7745578296725;20,8181718195743
"Heibanic";"r2";0,997347907403777;39,1690009337068;81,2720850315598;39,345164465497;20,2504564685854
"Heibanic";"r2";0,997594840912552;43,5947712418301;80,8810596778996;43,7507808168764;21,6160920400027
"Heibanic";"r2";0,997200739909167;42,2665732959851;78,4958331349919;42,4181601572361;22,1966863585102
"Heibanic";"r2";0,997846502227162;36,421568627451;84,5421616922631;36,6229100210276;19,6223906031855
"Heibanic";"r2";0,998618069709662;36,7600373482726;87,6987593145381;36,973170076165;18,4361328001581
"Heibanic";"r2";0,997841464611427;41,0737628384687;83,2778524157834;41,2503489873278;20,3365295377893
"Heibanic";"r2";0,998309069579699;40,5952380952381;83,6232600063069;40,7752716597196;19,7943751587948
"Heibanic";"r2";0,996532641869385;35,1050420168067;82,6733153801586;35,3040724492894;20,1423561902959
"Heibanic";"r2";0,996904635427973;41,6970121381886;78,1005243762797;41,8493280889756;22,0526592672703
"Heibanic";"r2";0,998490889384912;41,8323996265173;84,4716453374508;42,0108065123371;20,4721401929079
"Heibanic";"r2";0,997323146291419;42,2175536881419;80,3708268766452;42,3771908144537;21,8849747033794
"Heibanic";"r2";0,996654249733149;44,3720821661998;78,0612989847537;44,5130412323862;22,624126213239
"Heibanic";"r2";0,998118870220687;38,1465919701214;85,1576664323542;38,3432910264487;19,6111197888231
"Heibanic";"r2";0,998143253796011;38,328664799253;85,3697754743981;38,5254895301114;19,4793644073428
"Heibanic";"r2";0,997742947402239;41,8020541549953;82,4935386902932;41,9723114124652;20,3605919710221
"Heibanic";"r2";0,997338023059058;41,6783380018674;80,0157078725457;41,8387454071841;21,8739510341143
"Heibanic";"r2";0,99850409222615;43,1535947712418;80,196384223821;43,3085855220894;21,6967958467969
"Heibanic";"r2";0,997859768253402;40,1143790849673;81,6488267198206;40,2881633846947;20,6900557581631
"Heibanic";"r2";0,998388317874707;41,0644257703081;83,5056531549539;41,2420041275661;19,7104808322104
"Heibanic";"r2";0,997459602562316;39,6195144724556;81,9692810303465;39,7967101484301;20,3161772577627
"Heibanic";"r2";0,998051797683096;43,1045751633987;83,326672911919;43,2728684594176;20,4581410416771
"Heibanic";"r2";0,998102989638448;40,9827264239029;83,1835535732194;41,1592989224356;19,8848941900442
"Heibanic";"r2";0,997671852793025;40,0583566760037;80,7121883015979;40,2284563899183;20,9054782501991
"Heibanic";"r2";0,99689927096943;39,6988795518207;80,6674686593551;39,8702962426472;20,9131696778437
"Heibanic";"r2";0,997368378203362;38,1489262371615;82,4612833639203;38,3343335891563;21,1055915236003
"Heibanic";"r2";0,998059776515721;45,4108309990663;79,7721853961845;45,5546023563764;21,6935114776039
"Heibanic";"r2";0,997446691177411;41,8627450980392;79,1006505445493;42,0185522337987;21,9087301674399
"Heibanic";"r2";0,997434033772573;37,8828197945845;83,8453215526985;38,0751315174218;20,319702095841
"Heibanic";"r2";0,997474403545375;44,047619047619;78,1392583431657;44,1902618898598;22,0000814265855
"Heibanic";"r2";0,998041935710875;39,8459383753501;84,5087694649988;40,0328121455997;19,8549982974233
"Heibanic";"r2";0,997733539869215;39,6078431372549;83,4969561712382;39,791479593464;20,1840002198576
"Heibanic";"r2";0,997235086567099;40,5135387488329;81,1727679577578;40,6836610467782;20,9693359418009
"Heibanic";"r2";0,997935357442279;42,7310924369748;80,0404408587391;42,8871984973169;22,3491967007596
"Heibanic";"r2";0,997323534658718;37,1942110177404;83,3701555197231;37,3874158064517;20,2796634376118
"Heibanic";"r2";0,998675894922713;41,5849673202614;82,5499885924782;41,7563690829067;19,7003807519706
"Heibanic";"r2";0,997270958727693;38,3730158730159;82,0614146775137;38,5558125207334;20,4201826046334
"Heibanic";"r2";0,997576429702801;39,1153127917834;83,3644278808152;39,3004555327417;20,0215330959085
"Heibanic";"r2";0,997787119282374;39,7642390289449;83,0673493617873;39,945423591007;20,4571938308077
"Heibanic";"r2";0,997437036382806;35,8846872082166;85,0709199700339;36,0904873452954;19,1562260337623
"Heibanic";"r2";0,997826426369318;42,1148459383754;79,5809287802455;42,2716077912702;21,3117761866499
"Heibanic";"r2";0,998063902566137;39,6848739495798;84,3040864808773;39,8715652154012;20,2686161339979
"Heibanic";"r2";0,997184803988075;40,6909430438842;78,9197292512121;40,8508961242496;21,5775888134745
"Heibanic";"r2";0,997075495750271;41,2441643323996;82,0138651071714;41,4147488544698;20,7649201414738
"Heibanic";"r2";0,997322833856893;36,1671335200747;82,095611054189;36,3593028821421;20,6117909697783
"Heibanic";"r2";0,99819530677414;36,8370681605976;86,9030750396182;37,0465493609282;18,7920080750689
"Heibanic";"r2";0,998077649300524;35,9920634920635;84,6522015284693;36,1956623959815;19,4233281913441
"Heibanic";"r2";0,997170101474792;40,5765639589169;80,3122402786116;40,7428220188319;22,0801282885226
"Heibanic";"r2";0,997628982678227;42,6143790849673;77,0393822160663;42,7584167549719;22,8708347913176
"Heibanic";"r2";0,996054980764146;38,1325863678805;79,3831673350196;38,3051829409648;21,3668092368377
"Heibanic";"r2";0,997039369171076;37,2058823529412;83,558955012462;37,3998282636505;20,295975483938
"Heibanic";"r2";0,997860592238652;37,7871148459384;83,900415800704;37,9800575277575;20,8078411612493
"Heibanic";"r2";0,997965637385057;35,7166199813259;84,6254781954579;35,9212595554436;19,0701883324722
"Heibanic";"r2";0,997722989319213;37,3225957049486;83,3241480060099;37,515070819179;19,6859735499952
"Heibanic";"r2";0,997245390626667;39,0592903828198;82,0827022994206;39,2393046586215;20,1997087742465
"Heibanic";"r2";0,996681989436542;37,4323062558357;83,1231722739142;37,6234814274594;19,9888315608371
"Heibanic";"r2";0,998393482564007;38,7628384687208;84,8589048994728;38,9557090395608;19,5401211858542
"Heibanic";"r2";0,99776528311993;39,484126984127;81,8563889285572;39,6614167830577;20,4132071028542
"Heibanic";"r2";0,997894916917775;35,0606909430439;85,8197417447978;35,2730719087416;19,2585759683306
"Heibanic";"r2";0,997528363973813;41,125116713352;80,6930057949595;41,290672734614;20,9571821303368
"Heibanic";"r2";0,996372556131951;40,4878618113912;78,6991265735794;40,6477415802707;22,3607694936196
"Heibanic";"r2";0,997474457547659;38,7441643323996;84,3951109564433;38,9351724772701;20,154865522495
"Heibanic";"r2";0,997714458324338;35,4855275443511;83,7401643823123;35,687429790535;19,100639800898
"Heibanic";"r2";0,998098220769809;40,5485527544351;83,2482406150603;40,7272125362787;20,2021181384973
"Heibanic";"r2";0,996748199133651;43,172268907563;78,2186526923369;43,3189064966207;21,9034523687103
"Heibanic";"r2";0,997405236542453;42,6213818860878;79,8076619417497;42,7769730160278;21,4432906153158
"Heibanic";"r2";0,996321791893875;33,3496732026144;84,8748584843386;33,5652597519103;19,2331325166691
"Heibanic";"r2";0,997604955977092;35,9243697478992;86,0539479499659;36,1341169370291;19,1608916454681
"Heibanic";"r2";0,997240619140892;39,6778711484594;82,6146964312866;39,8575231370905;20,6650474891471
"Heibanic";"r2";0,998124923327997;37,2315592903828;86,9179571955274;37,439452168647;19,2258155239517
"Heibanic";"r2";0,996958981734261;41,7390289449113;79,886306829832;41,8986409862708;21,445050479229
"Heibanic";"r2";0,997370037581001;36,8884220354809;84,4443458514132;37,087400796217;18,9724309055736
"Heibanic";"r2";0,997429142045562;39,6265172735761;81,16712350672;39,8003273414972;21,0321429397251
"Heibanic";"r2";0,99776582946089;41,4028944911298;82,7195940247077;41,5757677109356;20,1981763644805
"Heibanic";"r2";0,997177024222028;39,0662931839402;83,667941905905;39,2529109610196;20,3225019026656
"Heibanic";"r2";0,998740004825386;39,3977591036415;85,0661597752449;39,5888402779996;19,5096402112761
"Heibanic";"r2";0,997885946731569;40,1237161531279;84,3215744197916;40,3086444303943;19,6386488391013
"Heibanic";"r2";0,997626927666806;43,0532212885154;78,5798798428242;43,2018683954372;21,5609551485323
"Heibanic";"r2";0,99834834295235;41,1507936507937;82,1217466803033;41,3222202325071;20,470364002771
"Heibanic";"r2";0,997572526324815;45,4108309990663;79,0143385077729;45,5514314488935;22,731790266088
"Heibanic";"r2";0,997790723141344;37,6260504201681;84,1427374447552;37,8206809098107;19,9350325655245
"Heibanic";"r2";0,997925674334608;37,7684407096172;83,8767503921769;37,9613625074522;19,8376487320602
"Heibanic";"r2";0,997527053523677;44,3347338935574;79,8505229513023;44,4833355214141;21,9926210073992
"Heibanic";"r2";0,997413385885075;39,3464052287582;82,9522789702143;39,5288565833249;20,4163380917827
"Heibanic";"r2";0,997989944132218;41,5873015873016;81,9326745162125;41,7561106790544;20,5073395385932
"Heibanic";"r2";0,996815935850786;41,2091503267974;80,5718688509337;41,373847893844;21,3942177059688
"Heibanic";"r2";0,997667777708989;35,9313725490196;86,7716012324745;36,1440931711261;18,7839503414638
"Heibanic";"r2";0,997166106942274;34,7128851540616;85,6121987925127;34,9258529935531;18,8923328770304
"Heibanic";"r2";0,99843511051527;40,1470588235294;83,2665003525471;40,3274748968726;20,1691493739718
"Heibanic";"r2";0,997541453428398;38,8538748832867;83,3405683672578;39,0400116761066;20,1251004850042
"Heibanic";"r2";0,998288344097258;41,0901027077498;82,4497849516532;41,2631557715318;20,7171541586162
"Heibanic";"r2";0,998104464084298;43,5107376283847;81,0373458078166;43,6677527253698;21,294414886736
"Heibanic";"r2";0,997986163390929;40,3664799253035;79,826405401296;40,531584215998;21,8115245264772
"Heibanic";"r2";0,997604514051651;40,0723622782446;80,0508755446302;40,2396363923299;21,4903939753094
"Heibanic";"r2";0,998031570061604;38,3986928104575;83,9002540465122;38,5890759118636;19,520861026264
"Heibanic";"r2";0,997697874501466;39,7922502334267;83,8227237218376;39,9764781559724;20,3657888316012
"Heibanic";"r2";0,997265672948618;41,9747899159664;80,5323985173457;42,1361188222483;21,3512069319645
"Heibanic";"r2";0,997270942823898;40,5135387488329;81,9820919623418;40,6870473396844;20,965085846097
"Heibanic";"r2";0,997602095997969;36,484593837535;83,2159706537843;36,6801226108248;19,7911769995035
"Heibanic";"r2";0,997397649167059;40,8846872082166;81,1053488105906;41,0529744952558;21,0043041430712
"Heibanic";"r2";0,997152687534794;38,6624649859944;81,4786320401779;38,8416121284805;20,3735103581777
"Heibanic";"r2";0,997369744136716;41,2441643323996;80,7183341906305;41,4093282230198;20,8873340096473
"Heibanic";"r2";0,996881436424599;42,0028011204482;79,0454268931903;42,1577911864429;21,8397156951354
"Heibanic";"r2";0,998215453071633;41,6526610644258;81,4147992145216;41,8190298432965;20,9999719953227
"Heibanic";"r2";0,997730906294064;43,4920634920635;81,5424925951242;43,6512703083943;21,5427303926837
"Heibanic";"r2";0,997821239975272;37,5116713352007;83,0480990724398;37,702200321549;19,7185633017961
"Heibanic";"r2";0,998140024250768;37,4603174603175;86,3370462852688;37,6648226018445;19,0733867849771
"Heibanic";"r2";0,997269575499943;39,5284780578898;78,2637489907694;39,6905503212073;22,8127810932519
"Heibanic";"r2";0,99753135052835;40,1213818860878;81,9076041569903;40,2962196361752;20,8607896962287
"Heibanic";"r2";0,9972868897938;44,014939309057;77,0780561028239;44,1532787098677;23,2061453111268
"Heibanic";"r2";0,997935129143619;40,6115779645191;83,3620177433565;40,790450097485;20,0810170242728
"Heibanic";"r2";0,997827790180408;45,702614379085;77,9539065254876;45,837557024049;22,1914476842781
"Heibanic";"r2";0,998313420184066;45,0116713352007;77,9631419195847;45,1495435970601;21,9768334911106
"Heibanic";"r2";0,997816622920648;39,6428571428571;80,9884613802624;39,8158513028463;20,3077515039962
"Heibanic";"r2";0,997179827445539;36,9304388422036;84,1305458002373;37,1279288294757;19,6085684859205
"Heibanic";"r2";0,997568634128517;41,0830999066293;82,049266167447;41,2545064600219;20,2597922301594
"Heibanic";"r2";0,996576059049663;38,8538748832867;81,1306487067136;39,0307651503303;21,0765020835779
"Heibanic";"r2";0,997967551186318;38,2049486461251;82,5624151657033;38,3905447403493;20,2794638271157
"Heibanic";"r2";0,99795344499959;41,0760971055089;81,3352977994806;41,2445456439774;20,812093093958
"Heibanic";"r2";0,9979439199217;36,4799253034547;85,2308116779132;36,683903907532;18,7383337394607
"Heibanic";"r2";0,997195536516473;37,8478057889823;83,8400968923014;38,0402421534313;19,798249659385
"Heibanic";"r2";0,998237063275855;40,1330532212885;82,2483008492403;40,3092676465101;20,606070844312
"Heibanic";"r2";0,996520020008256;44,5961718020542;76,7159400745394;44,7305641379223;22,7790226502793
"Heibanic";"r2";0,996840834820002;41,8090569561158;79,2071957199533;41,9655345241653;21,6041021366748
"Heibanic";"r2";0,998529125024373;38,4547152194211;85,51276309897;38,6516108172435;19,0767564928525
"Heibanic";"r2";0,997265244049091;42,6844070961718;77,93847286481;42,831913647505;22,7632715473855
"Heibanic";"r2";0,996929434228818;38,0929038281979;82,8280841017043;38,280080314698;20,4288600919381
"Heibanic";"r2";0,998468708663699;45,1937441643324;79,8819818308449;45,3388832340668;21,0838870838945
"Heibanic";"r2";0,997244514403978;39,5798319327731;83,8587163403006;39,7650992315494;20,1061218843046
"Heibanic";"r2";0,998046765017802;40,3898225957049;81,8121360626965;40,5631377148137;20,7890446858498
"Heibanic";"r2";0,99768005543046;34,9089635854342;86,0192678512311;35,1228142308978;18,8211910382882
"Heibanic";"r2";0,997978896376904;38,9752567693744;83,5891029127925;39,16192558169;19,9107002513413
"Heibanic";"r2";0,998090652938733;40,8496732026144;82,2336844323606;41,0228280613162;20,4551967651315
"Heibanic";"r2";0,996791419149968;41,3958916900093;78,0984023153341;41,5494586800735;22,1841946871759
"Heibanic";"r2";0,996873128383213;39,6685340802988;80,1939763971364;39,8380966004529;21,245901082371
"Heibanic";"r2";0,998129496389069;43,5994397759104;82,1354988676436;43,76067851688;21,0152466525154
"Heibanic";"r2";0,99779054993523;43,2282913165266;79,107669906218;43,378414239496;21,338052182541
"Heibanic";"r2";0,996946126539431;39,7152194211018;82,3751222977229;39,8937127385772;20,4587484059872
"Heibanic";"r2";0,997749192082377;42,1942110177404;80,7890369478925;42,3556956450632;20,8338101806116
"Heibanic";"r2";0,99759572625707;44,4934640522876;78,3630468081199;44,6351777876676;22,6443260310428
"Heibanic";"r2";0,996806019039297;43,0088702147526;79,5279096074441;43,1616695427555;21,8699324671535
"Heibanic";"r2";0,997358825818873;41,2161531279178;80,921885665667;41,3822859000423;21,2375573009493
"Heibanic";"r2";0,997870015116671;38,515406162465;84,760284909212;38,7088993789786;19,9585768528487
"Heibanic";"r2";0,997421759828902;40,5065359477124;81,1345161724152;40,6765274967698;21,1322524844832
"Heibanic";"r2";0,997448672863367;38,0485527544351;84,0133194563642;38,2408739540248;19,427801138006
"Heibanic";"r2";0,997622377498172;37,5536881419234;81,9308027891352;37,7393664458867;20,7048564261178
"Heibanic";"r2";0,998429713442742;38,0275443510738;84,8754870149127;38,2235608475752;19,4501676310447
"Heibanic";"r2";0,997425617786108;43,7301587301587;78,7667398257769;43,8767553037806;22,4530625069678
"Heibanic";"r2";0,99761177595646;41,7717086834734;80,0380630721188;41,9318189528819;20,9092455443154
"Heibanic";"r2";0,997172688754702;38,5177404295051;81,3422740266981;38,6969225784474;20,7558920730155
"Heibanic";"r2";0,997744872091442;38,3706816059757;84,0089343772487;38,5616366384915;19,7300000832143
"Heibanic";"r2";0,998254261069967;40,968720821662;82,5836558018687;41,1428418885248;20,8082574065756
"Heibanic";"r2";0,996777216677567;38,9098972922502;80,7485067392188;39,084954235543;20,7420868418803
"Heibanic";"r2";0,997752183731867;39,1853408029879;80,858561210328;39,3597057419307;21,6707953344406
"Heibanic";"r2";0,99699806046413;40,4948646125117;81,2575926262272;40,6654199598494;21,4198470517684
"Heibanic";"r2";0,997498648229963;38,9915966386555;81,9138609631831;39,1711877027748;20,7137021355266
"Heibanic";"r2";0,997536648629788;39,733893557423;82,5088914738749;39,9128684441027;20,1958973534122
"Heibanic";"r2";0,997748855347152;41,1671335200747;82,0899473466998;41,3383586825292;21,1959415446389
"Heibanic";"r2";0,997119691270535;37,1101774042951;81,4690669756326;37,2957794527107;20,7732133109248
"Heibanic";"r2";0,998507938971625;38,4033613445378;87,2174758920782;38,6076045016405;18,9157437835976
"Heibanic";"r2";0,998132107758669;44,4887955182073;80,2434069376527;44,6383964028075;21,0906148701744
"Heibanic";"r2";0,998275501276817;38,0345471521942;84,6366546398574;38,2295350496321;19,2554885559277
"Heibanic";"r2";0,997042409993602;38,5224089635854;79,8907073141086;38,6954980780228;22,2519739075027
"Heibanic";"r2";0,997178973926775;40,0723622782446;79,3960760897881;40,2368966456569;21,321253210246
"Heibanic";"r2";0,997697681572044;41,5522875816993;80,5503062469007;41,7154592079136;21,2905003114667
"Heibanic";"r2";0,998125181796819;44,8295985060691;79,931561031166;44,9764686421574;21,8503174121536
