"matrix_id";"baseline";"ceof_cor";"stat_nodf_columns";"stat_nodf_rows";"stat_nodf_general";"stat_temp"
"Ta_Ne_Omotic";"r00";0,991720631143853;28,4925373134328;29,1532953364349;28,4958083927546;59,9339497990736
"Ta_Ne_Omotic";"r00";0,991168622971636;28,5811682329095;29,504778481776;28,5857405608742;56,5906438202537
"Ta_Ne_Omotic";"r00";0,991204486173263;28,5056200479086;29,1333464839562;28,5087276045227;56,546030439435
"Ta_Ne_Omotic";"r00";0,993583944256085;28,2332780541736;27,6376963631866;28,2303296299608;60,4890635886526
"Ta_Ne_Omotic";"r00";0,98575293316106;28,4625023032983;27,2476960294298;28,4564884108534;59,0839088559072
"Ta_Ne_Omotic";"r00";0,99279331206094;28,3103003501013;28,2680989754161;28,3100914324049;59,9576176567285
"Ta_Ne_Omotic";"r00";0,987578318488298;28,3055094895891;29,6608429147472;28,3122190610008;53,8836055793531
"Ta_Ne_Omotic";"r00";0,990080551442849;30,5451051620206;31,7975711536545;30,5513054887118;52,0595207907173
"Ta_Ne_Omotic";"r00";0,989994499153471;28,3727658006265;28,9320451655723;28,3755345103539;56,6455603188517
"Ta_Ne_Omotic";"r00";0,987821256173483;28,213561820527;30,1174339979518;28,2229869303162;54,5601520119994
"Ta_Ne_Omotic";"r00";0,994225335262112;30,0602542841349;26,7957787302953;30,0440935140664;61,5423451363378
"Ta_Ne_Omotic";"r00";0,987540077207649;28,6519255573982;29,4203396156077;28,6557295873893;55,0745240178885
"Ta_Ne_Omotic";"r00";0,996325814969112;28,9456421595725;25,8554417128758;28,9303441375592;67,4018533123384
"Ta_Ne_Omotic";"r00";0,991458428744503;30,2845034088815;28,3116849610658;30,274736980922;61,2747470116441
"Ta_Ne_Omotic";"r00";0,985499522684385;29,5321540445919;31,2335237107056;29,5405766667013;56,113885432639
"Ta_Ne_Omotic";"r00";0,996005038671049;28,9098949695965;28,2718673899675;28,9067364172221;59,8793756401256
"Ta_Ne_Omotic";"r00";0,997398336903809;27,8360051593882;26,4905117466093;27,8293443009091;60,9143636710542
"Ta_Ne_Omotic";"r00";0,990268999753545;27,5651372765801;31,2628558791839;27,5834428142167;52,5859799530247
"Ta_Ne_Omotic";"r00";0,99300634529107;27,4658190528837;28,1056268548971;27,4689864182402;56,9361675526962
"Ta_Ne_Omotic";"r00";0,995917699233187;28,8411645476322;30,014730125389;28,8469742782152;56,399457428932
"Ta_Ne_Omotic";"r00";0,997310476384819;29,6884098028377;27,0902991243548;29,6755478687858;64,4836829336513
"Ta_Ne_Omotic";"r00";0,993186466694027;29,3054831661797;29,1664498356839;29,3047948823653;57,8506803358559
"Ta_Ne_Omotic";"r00";0,992766394592396;28,814051435942;28,3213451546785;28,8116122959357;63,4091483063801
"Ta_Ne_Omotic";"r00";0,989545984849619;28,8828608281345;31,4659448707115;28,8956483728997;53,9441155448744
"Ta_Ne_Omotic";"r00";0,994826496382272;29,7516123088262;28,9966550201148;29,7478748965059;62,2006865352657
"Ta_Ne_Omotic";"r00";0,990724092192503;29,3723972728948;29,6428321406791;29,373736059369;58,4142273380579
"Ta_Ne_Omotic";"r00";0,987478065372989;28,6714575271789;30,1548551639131;28,678801079836;55,520880860302
"Ta_Ne_Omotic";"r00";0,990814451570089;28,5830108715681;28,722820962243;28,5837030007298;52,7138676355664
"Ta_Ne_Omotic";"r00";0,996504983662584;29,3239358761747;28,6903232003662;29,3207991797598;54,7102471579042
"Ta_Ne_Omotic";"r00";0,983284893471416;29,3438363736871;30,9475018873697;29,3517753118737;50,6639534966452
"Ta_Ne_Omotic";"r00";0,991470656700299;27,0099502487562;28,2557618182685;27,0161176327637;53,42300930442
"Ta_Ne_Omotic";"r00";0,991887324255095;29,3594988022849;29,7465979558406;29,3614151347282;56,9652488468826
"Ta_Ne_Omotic";"r00";0,977582509311458;30,5905656900682;31,3686697298277;30,594417690265;53,3456399133422
"Ta_Ne_Omotic";"r00";0,98691301462775;29,2445181499908;29,5510384216454;29,2460355770782;56,4158085202736
"Ta_Ne_Omotic";"r00";0,993144528499955;28,744241754192;27,1640916041305;28,7364192286967;57,106124834387
"Ta_Ne_Omotic";"r00";0,985745628955968;30,592039800995;30,5660832834746;30,5919113033835;48,6057621049614
"Ta_Ne_Omotic";"r00";0,992866965000868;27,8909157914133;27,6225271732867;27,8895871348879;63,2644124978574
"Ta_Ne_Omotic";"r00";0,987414705686626;30,3292795282845;29,5985519688432;30,325662065119;56,6411168147822
"Ta_Ne_Omotic";"r00";0,993798025533905;28,8986548737793;28,8288601885093;28,8983093555353;59,6199602426383
"Ta_Ne_Omotic";"r00";0,98361083963672;29,1206928321356;29,3358581382775;29,1217580069185;57,8149831640877
"Ta_Ne_Omotic";"r00";0,99803454747625;29,6103082471242;27,5284187888205;29,6000018636672;63,3064114454914
"Ta_Ne_Omotic";"r00";0,985248865558115;28,5074626865672;30,3674013135807;28,5166703035326;58,3513063012098
"Ta_Ne_Omotic";"r00";0,98713610627526;25,5623733185922;29,8403097329066;25,5835512216334;54,2764092109875
"Ta_Ne_Omotic";"r00";0,996845463379448;26,8358208955224;26,1347098013765;26,8323500485217;59,2388743918645
"Ta_Ne_Omotic";"r00";0,996623067366202;30,3228302929795;28,7827514231023;30,3152061401584;60,3825588880808
"Ta_Ne_Omotic";"r00";0,987554863980003;28,7370554634236;30,8108667369563;28,7473218558669;56,9352289416678
"Ta_Ne_Omotic";"r00";0,989457020789593;30,1525704809287;30,7407437212559;30,1554822296432;54,8881141783535
"Ta_Ne_Omotic";"r00";0,991909005022088;29,1094527363184;28,9719422811786;29,108771991491;61,5292734158349
"Ta_Ne_Omotic";"r00";0,989843901131842;29,2607860170049;31,4486166467498;29,2716168617066;54,1640412806059
"Ta_Ne_Omotic";"r00";0,990901586712269;28,2634973281739;29,6003788490348;28,2701155535247;54,6925455557508
"Ta_Ne_Omotic";"r00";0,993314544409495;29,5365763773724;28,9293329409609;29,5335702217466;57,1706066378721
"Ta_Ne_Omotic";"r00";0,991900169258259;29,4123825317855;30,6215942667442;29,4183687284932;54,9814545228334
"Ta_Ne_Omotic";"r00";0,981814556712418;30,0289294269394;31,8418285141479;30,0379041748958;52,7447647636861
"Ta_Ne_Omotic";"r00";0,985808626694981;29,909157914133;30,0009895303696;29,9096125260946;54,0019779983498
"Ta_Ne_Omotic";"r00";0,995451213469183;29,1908973650267;27,1624816516697;29,1808557030794;62,4603062660408
"Ta_Ne_Omotic";"r00";0,992850988395166;29,1971623364658;30,3527457721938;29,2028830465437;55,1446586275919
"Ta_Ne_Omotic";"r00";0,990565938369179;28,6983600515939;28,3965666842611;28,6968660250229;59,143726880941
"Ta_Ne_Omotic";"r00";0,992846270609658;28,887414777962;26,0556794394004;28,873396286187;62,9361163147076
"Ta_Ne_Omotic";"r00";0,990514472269751;29,4601068730422;30,1033401296559;29,4632911960947;57,2325840408354
"Ta_Ne_Omotic";"r00";0,995763746521093;29,1107425833794;28,1960806960807;29,1062145542344;57,0510014426479
"Ta_Ne_Omotic";"r00";0,986550463162874;30,1229039985259;30,874370631251;30,1266241303711;53,5724898593244
"Ta_Ne_Omotic";"r00";0,992247289849484;28,9235304956698;24,6275442201595;28,9022632368801;67,4939462826281
"Ta_Ne_Omotic";"r00";0,993755238916159;29,2281186659296;26,8738646480582;29,2164639430689;62,3513470240556
"Ta_Ne_Omotic";"r00";0,997526545498064;28,6421595725078;26,8418201501214;28,6332470011099;62,1297508134906
"Ta_Ne_Omotic";"r00";0,987809642086231;28,324857195504;29,1229972946092;28,3288083841134;57,6048760081024
"Ta_Ne_Omotic";"r00";0,990694586323971;29,8958909157914;31,3132291979602;29,9029074419408;54,753937550697
"Ta_Ne_Omotic";"r00";0,991870502338301;29,1953196978073;29,3533072087059;29,1961018141978;56,6216190406497
"Ta_Ne_Omotic";"r00";0,9867962719005;29,8103924820343;28,9341365264694;29,8060545812641;53,9892305637258
"Ta_Ne_Omotic";"r00";0,992987487071609;29,7987838584854;29,1835419200727;29,795738106315;59,7252022917827
"Ta_Ne_Omotic";"r00";0,998101656512897;29,4722156413699;28,215623199363;29,4659948867065;62,1849238943291
"Ta_Ne_Omotic";"r00";0,992635928903991;28,3943246729316;29,251504186697;28,3985681358711;55,0938822715104
"Ta_Ne_Omotic";"r00";0,988939909053471;28,4153307536392;30,2022394949224;28,4241768365169;50,9416172035843
"Ta_Ne_Omotic";"r00";0,99013529017831;30,5750875253363;30,7356741246764;30,5758825085013;54,6586553801482
"Ta_Ne_Omotic";"r00";0,991847898592867;30,7040722314354;29,530191460016;30,6982609404878;54,6027047837819
"Ta_Ne_Omotic";"r00";0,987609647723019;27,9362447024139;26,0522337132937;27,926917915339;64,2652221447704
"Ta_Ne_Omotic";"r00";0,990274420918426;29,1492274079339;32,0084414557557;29,1633819329231;55,7798539407611
"Ta_Ne_Omotic";"r00";0,984755345568724;30,9146858301087;29,9515321922503;30,9099177427926;58,3390823401234
"Ta_Ne_Omotic";"r00";0,996419134963394;29,6943062465451;27,8262253723349;29,6850583214252;57,6591661549887
"Ta_Ne_Omotic";"r00";0,988198342807979;28,6701676801179;29,0301529132861;28,6719497852326;59,5618654909645
"Ta_Ne_Omotic";"r00";0,994126560871844;30,9496959646213;31,0138684628037;30,9500136502559;59,4586363246658
"Ta_Ne_Omotic";"r00";0,99258279947263;27,8149990786807;29,3656859923693;27,8226757465702;59,8543815184574
"Ta_Ne_Omotic";"r00";0,98312568751817;30,3688962594435;32,057219580182;30,3772542956848;55,7068864904553
"Ta_Ne_Omotic";"r00";0,992312973604474;27,9592776856458;29,4370655645705;27,9665934672247;60,5815147944053
"Ta_Ne_Omotic";"r00";0,99251839073813;28,790307720656;29,3480229322947;28,7930686870502;59,2750109199925
"Ta_Ne_Omotic";"r00";0,99403178490896;28,344020637553;28,6722040143093;28,3456453077349;55,7678510099353
"Ta_Ne_Omotic";"r00";0,989654164133735;29,526810392482;29,3393224709014;29,5258822344544;56,9904969927248
"Ta_Ne_Omotic";"r00";0,983321571862717;31,4063018242123;32,6383232158098;31,4124009400123;49,4035558327062
"Ta_Ne_Omotic";"r00";0,986254335539916;27,8844665561083;31,0952312398661;27,9003614307804;53,828850190451
"Ta_Ne_Omotic";"r00";0,990701025387929;29,9614888520361;28,7922430429344;29,9557005064465;59,460469023288
"Ta_Ne_Omotic";"r00";0,993355981467638;28,0267182605491;28,6589793974055;28,0298482661771;60,6783523078193
"Ta_Ne_Omotic";"r00";0,997059456043278;29,1809471162705;27,3982187600074;29,1721217283682;63,6337440608352
"Ta_Ne_Omotic";"r00";0,988953625533162;29,0536207849641;30,1987347532957;29,0592896659954;57,0053190700405
"Ta_Ne_Omotic";"r00";0,989744041720871;29,8227381610466;31,1875414762952;29,8294946131023;54,9701052019992
"Ta_Ne_Omotic";"r00";0,994213826257269;27,8890731527547;27,7099262747278;27,8881862870219;61,8204321500151
"Ta_Ne_Omotic";"r00";0,991602911300446;30,2810023954303;28,5392734494147;30,2723799749054;56,8066347279808
"Ta_Ne_Omotic";"r00";0,991489003284252;29,6540840769696;29,354170294553;29,6525993552745;60,1804687104925
"Ta_Ne_Omotic";"r00";0,987078650678532;30,3733185922241;31,6986714000058;30,3798797447378;56,0361939974636
"Ta_Ne_Omotic";"r00";0,98162142257796;28,8957066519256;29,9425891832811;28,9008892387144;53,8170984169072
"Ta_Ne_Omotic";"r00";0,994380502301499;29,1916344204901;28,2831720311395;29,187137081929;62,7258902691213
"Ta_Ne_Omotic";"r00";0,990455390383905;29,5583195135434;28,6540870872389;29,5538431153934;58,6791396231347
"Ta_Ne_Omotic";"r00";0,983496155550454;27,7414777962042;28,1499005781357;27,7434996911642;61,8402612370389
"Ta_Ne_Omotic";"r00";0,992970030913863;29,9546710889994;28,572907594243;29,9478306756591;62,34239237038
"Ta_Ne_Omotic";"r00";0,986720691243467;28,2815551870278;29,9397394555348;28,2897640200402;59,964745345668
"Ta_Ne_Omotic";"r00";0,990675318562434;30,2185369449051;33,5986251756403;30,2352700549582;50,8165830237392
"Ta_Ne_Omotic";"r00";0,996665919957735;28,8266077022296;28,0723035983677;28,8228735234976;63,0508676231467
"Ta_Ne_Omotic";"r00";0,992812482272748;29,1433572876359;31,6655813995576;29,1558435456157;51,0775827652831
"Ta_Ne_Omotic";"r00";0,994865967614113;29,6744057490326;26,752210716821;29,659939436992;61,9772817016632
"Ta_Ne_Omotic";"r00";0,989690604936264;28,5544499723604;30,4178706585887;28,5636748272427;56,716086553813
"Ta_Ne_Omotic";"r00";0,993255635625464;29,3405196241017;29,6592467478741;29,3420974811501;60,5614068206809
"Ta_Ne_Omotic";"r00";0,988295334044624;30,7227618521151;30,6446187266511;30,7223750049593;62,9454633705089
"Ta_Ne_Omotic";"r00";0,988116916434247;30,1883176709047;29,6247755303243;30,1855278583276;54,9047436849802
"Ta_Ne_Omotic";"r00";0,991014781759958;28,8629076838032;27,4651778023871;28,8559882289447;56,2524599318605
"Ta_Ne_Omotic";"r00";0,98542251202218;27,3064308089184;28,3734471499519;27,3117130680324;55,6527432198777
"Ta_Ne_Omotic";"r00";0,995596431487667;29,3396772750007;30,3684026999175;29,344769975124;56,7409776523592
"Ta_Ne_Omotic";"r00";0,995077817495924;29,1339598304772;28,7163882973367;29,1318926446696;61,8592798510562
"Ta_Ne_Omotic";"r00";0,99035495791223;29,1201400405381;27,0997897944912;29,1101383066467;60,0158259602772
"Ta_Ne_Omotic";"r00";0,990780246965977;28,7062833978257;27,3942624480259;28,6997882446089;58,6250640197834
"Ta_Ne_Omotic";"r00";0,995799262935436;30,6869356919108;29,1728816744345;30,6794403749926;56,4580308949903
"Ta_Ne_Omotic";"r00";0,988172869530068;29,1553344389165;29,3326582449389;29,1562122795404;57,6373019835147
"Ta_Ne_Omotic";"r00";0,990107994123874;30,4293348074443;30,2424471455552;30,4284096209993;58,0738694365947
"Ta_Ne_Omotic";"r00";0,994433247058699;28,4169891284319;26,0528603007381;28,405285520374;57,911551237953
"Ta_Ne_Omotic";"r00";0,992905010847079;30,4713469688594;28,8620736856031;30,4633802694373;57,4469421390543
"Ta_Ne_Omotic";"r00";0,988762875445605;29,1118481665745;29,6311183915617;29,1144188112527;57,512099419475
"Ta_Ne_Omotic";"r00";0,991851697299081;29,2078496406855;32,1984122135476;29,2226544058976;53,373925478331
"Ta_Ne_Omotic";"r00";0,992968395448229;31,1881334070389;30,376306024799;31,184114459602;57,8588576807278
"Ta_Ne_Omotic";"r00";0,995906405061021;28,8595909342178;28,1712994607731;28,8561835506859;58,9469814659445
"Ta_Ne_Omotic";"r00";0,983611083979747;29,0431177446103;31,1762448195832;29,0536777796349;55,3268707954818
"Ta_Ne_Omotic";"r00";0,996355874053385;28,7324488667772;27,969170249392;28,7286702597605;60,4320132056977
"Ta_Ne_Omotic";"r00";0,986232597751358;28,6753270683619;30,6108647823835;28,6849089382333;56,7502043546062
"Ta_Ne_Omotic";"r00";0,988336314911383;27,7796204164363;28,5105974813577;27,7832391147775;54,0007646187748
"Ta_Ne_Omotic";"r00";0,986384287603992;30,3456790123457;31,1958388593377;30,3498877244595;54,1336656283308
"Ta_Ne_Omotic";"r00";0,996749773765916;30,5457632472558;30,257394684224;30,5443356801121;59,4212927262067
"Ta_Ne_Omotic";"r00";0,997144399863159;28,6336834346785;27,4924654249678;28,628033840571;61,4975419676943
"Ta_Ne_Omotic";"r00";0,992932126685183;28,2155887230514;27,975461974082;28,2143999767694;58,7839722407548
"Ta_Ne_Omotic";"r00";0,997969942000802;28,375898286346;27,8290958250308;28,3731913434682;61,7326437932199
"Ta_Ne_Omotic";"r00";0,988277001411927;28,7223143541551;27,8125591042856;28,7178106152944;58,6000926985255
"Ta_Ne_Omotic";"r00";0,993149858312442;26,6561636263129;27,9192765964645;26,6624166608186;58,9345554652513
"Ta_Ne_Omotic";"r00";0,997801863629575;30,3752665245203;32,0122144232618;30,3833702269893;55,9792560123929
"Ta_Ne_Omotic";"r00";0,990628408503212;29,9811787622733;29,8908721474511;29,9807316998237;57,3348207362691
"Ta_Ne_Omotic";"r00";0,990584074540003;27,81592039801;25,6874794594093;27,8053835616802;61,9239956768127
"Ta_Ne_Omotic";"r00";0,992823949917915;28,6705362078496;29,6884575217909;28,6755754222751;58,5075446028985
"Ta_Ne_Omotic";"r00";0,990211160537541;29,3615257048093;28,5952363602302;29,3577321932025;57,8211561902306
"Ta_Ne_Omotic";"r00";0,989068531556917;30,6088078127879;30,5744046002055;30,6086374998543;57,6555895765123
"Ta_Ne_Omotic";"r00";0,993094889929751;29,5839321908974;28,9908781372196;29,5809962797405;56,5555189278342
"Ta_Ne_Omotic";"r00";0,996905036922955;29,9019716233647;29,8745824579158;29,9018360334367;57,5945336533385
"Ta_Ne_Omotic";"r00";0,988665160418588;29,7048092868988;29,1498612126795;29,7020620192047;55,5694446287672
"Ta_Ne_Omotic";"r00";0,99648207240624;27,8678828081813;25,3903848534974;27,8556179668215;57,922282028839
"Ta_Ne_Omotic";"r00";0,97993880109634;28,0390639395615;27,0389709852075;28,0341129843419;60,2004877004746
"Ta_Ne_Omotic";"r00";0,993678434799784;27,8804127510595;27,4501693392331;27,8782828331792;62,0483006797788
"Ta_Ne_Omotic";"r00";0,989305010725128;28,4886677722499;31,3553697017017;28,50285936596;52,4776374916523
"Ta_Ne_Omotic";"r00";0,986591392463768;29,879859959462;31,4857617538288;29,887809968345;49,0708104691377
"Ta_Ne_Omotic";"r00";0,986455553235032;30,4989865487378;29,5710133956814;30,4943926222375;56,7638401549568
"Ta_Ne_Omotic";"r00";0,994934150582074;30,3998525889073;28,7938122242283;30,3919018940327;60,6959099329946
"Ta_Ne_Omotic";"r00";0,990017657239484;29,3932190897365;30,1485543976956;29,3969583734393;55,5475742508291
"Ta_Ne_Omotic";"r00";0,990886350847756;29,0423806891469;29,2462837821518;29,0433901103994;55,5420133318438
"Ta_Ne_Omotic";"r00";0,994967608558787;29,4595540814446;27,8726486667663;29,4516981140452;59,7644982804656
"Ta_Ne_Omotic";"r00";0,985886775934258;28,7118113138014;28,2251625807653;28,7094021616576;56,482454311362
"Ta_Ne_Omotic";"r00";0,994742939611572;29,2727105214667;28,7488480077729;29,2701171426861;59,1016002604406
"Ta_Ne_Omotic";"r00";0,993651494505429;28,9157914133039;27,0297132564685;28,9064543927255;57,3028270436029
"Ta_Ne_Omotic";"r00";0,992950104166942;29,2576008844666;31,0121062906151;29,266286554794;55,7302250206754
"Ta_Ne_Omotic";"r00";0,994307503167926;27,5655058043118;26,3863008599851;27,5596681560725;58,8677887258088
"Ta_Ne_Omotic";"r00";0,995773094112907;30,5529758614336;27,4632838334417;30,5376803563445;53,1563110405155
"Ta_Ne_Omotic";"r00";0,995914954780346;29,1216141514649;25,1798151435175;29,1021002949899;59,6040645728691
"Ta_Ne_Omotic";"r00";0,994766850150136;29,6619284529732;29,4945413124798;29,6610998037629;58,8171128293706
"Ta_Ne_Omotic";"r00";0,996000399963734;28,8398747005712;26,6987818331421;28,8292752309305;64,0922901959537
"Ta_Ne_Omotic";"r00";0,990902007136518;29,789017873595;29,6534495677703;29,7883467433681;53,9470370595342
"Ta_Ne_Omotic";"r00";0,983552979880474;29,505067256311;29,8450455260594;29,5067503170524;56,734753766143
"Ta_Ne_Omotic";"r00";0,993738053119535;28,2704993550765;27,9316867691481;28,2688220650471;62,5665384255495
"Ta_Ne_Omotic";"r00";0,973263763186562;30,4927215772987;28,1168346496794;30,4809597608253;62,6355546628914
"Ta_Ne_Omotic";"r00";0,992019376401058;29,89773355445;29,3381595853216;29,894963386286;54,7154980188054
"Ta_Ne_Omotic";"r00";0,994177316603342;29,7858853878754;29,0212822314516;29,7821002237347;57,2637256004379
"Ta_Ne_Omotic";"r00";0,990102442934553;29,1846323935876;29,2511391135422;29,1849616347755;58,8849642776288
"Ta_Ne_Omotic";"r00";0,989751969884681;29,8653031140593;29,9107050528275;29,8655278761324;60,8019105162288
"Ta_Ne_Omotic";"r00";0,997432767686031;29,6454763220932;25,9416260505264;29,6271404296597;66,2739888508174
"Ta_Ne_Omotic";"r00";0,987925680201255;31,0315091210614;32,7010090464197;31,039773972177;51,8001676185275
"Ta_Ne_Omotic";"r00";0,991635024430883;30,4455500276396;29,6039206951063;30,4413835457954;60,3438512591952
"Ta_Ne_Omotic";"r00";0,991397565921952;29,7868067072047;31,9952804245127;29,7977397454092;52,9153715442363
"Ta_Ne_Omotic";"r00";0,994765716145831;29,3957987838585;28,6152512205144;29,3919346870102;57,2957910207377
"Ta_Ne_Omotic";"r00";0,994564876258106;29,1086103872174;28,9491001916938;29,1078207327841;61,2695780385097
"Ta_Ne_Omotic";"r00";0,998139968331258;29,7376082550212;28,0942899100794;29,7294730156898;64,1686368638107
"Ta_Ne_Omotic";"r00";0,986618638172318;28,549843375714;29,6739813138162;28,5554084150116;56,0055054026538
"Ta_Ne_Omotic";"r00";0,990874795042497;28,4072231435416;25,9654881767758;28,3951353466764;53,8354762810199
"Ta_Ne_Omotic";"r00";0,991061442312312;31,0307720655979;29,9008756809356;31,0251785191392;61,7067391885891
"Ta_Ne_Omotic";"r00";0,989680539099437;29,5236779067625;30,5788414343596;29,5289014885823;56,0474805171436
"Ta_Ne_Omotic";"r00";0,991135116258172;28,8665929611203;31,6195704156807;28,8802215623805;50,0262948802696
"Ta_Ne_Omotic";"r00";0,996992965270771;29,1245623733186;26,7584836178307;29,1128491121528;59,7622724323673
"Ta_Ne_Omotic";"r00";0,984882341563946;29,5376819605675;30,6081072096638;29,5429810954641;58,0494258912115
"Ta_Ne_Omotic";"r00";0,994918306236253;28,9058411645476;30,1763833815659;28,9121309775032;57,134762833599
"Ta_Ne_Omotic";"r00";0,995367449741703;30,5555555555556;29,195444149104;30,5488223307711;65,9195472443984
"Ta_Ne_Omotic";"r00";0,982197926358351;28,5397088630919;30,0688663320242;28,5472789495718;52,7365036768242
"Ta_Ne_Omotic";"r00";0,987784022654678;30,7656163626313;30,6180288803373;30,7648857315308;55,4275063197195
"Ta_Ne_Omotic";"r00";0,987170485592055;28,913027455316;29,6994888431136;28,9169208285229;56,0296160677479
"Ta_Ne_Omotic";"r00";0,995484375211742;29,4280449603833;27,621015760901;29,4190992712769;65,7842859758122
"Ta_Ne_Omotic";"r00";0,993230384297576;30,4025112532575;30,1596996424232;30,4013092155801;62,2865880248616
"Ta_Ne_Omotic";"r00";0,98769604894346;30,5730606228119;30,1469249362215;30,570951040205;57,0049420739168
"Ta_Ne_Omotic";"r00";0,989194822990854;30,1459896285767;30,6304587176024;30,1483879904036;52,95872626064
"Ta_Ne_Omotic";"r00";0,993181848726161;29,4678459554081;28,2359834490394;29,4617476261687;59,7138124112808
"Ta_Ne_Omotic";"r00";0,993005424287394;28,326147042565;29,1634050804462;28,3302918843366;59,7390157960955
"Ta_Ne_Omotic";"r00";0,986871101441084;27,8907315275474;26,9115629405484;27,8858841583049;60,7544298923344
"Ta_Ne_Omotic";"r00";0,993706715105653;29,6346574008266;28,8982863688746;29,6310119996783;61,5949085294773
"Ta_Ne_Omotic";"r00";0,992559308092922;30,9498802284872;29,1743255782929;30,9410903539813;56,8477281201399
"Ta_Ne_Omotic";"r00";0,996556525342111;29,2950064492353;28,6740991726952;29,2919326508366;63,3470500119951
"Ta_Ne_Omotic";"r00";0,994682976324733;29,2745531601253;28,1897753550702;29,2691829729716;62,4946240251621
"Ta_Ne_Omotic";"r00";0,994400224000764;29,5621890547264;26,440777064433;29,546736520121;59,8477903044169
"Ta_Ne_Omotic";"r00";0,995789033488448;30,9402985074627;29,440108445102;30,9328718239857;62,3553324635028
"Ta_Ne_Omotic";"r00";0,993964907990624;28,8846508199742;28,2849839444015;28,8816821720753;61,4003139261438
"Ta_Ne_Omotic";"r00";0,983123805254671;30,5295743504699;32,9899005794342;30,5417541832865;49,9963177198008
"Ta_Ne_Omotic";"r00";0,987742914997173;30,2040590697307;31,2754830584288;30,2093631488827;52,5152660778389
"Ta_Ne_Omotic";"r00";0,995861709076448;28,6801179288742;25,9344101092069;28,6665253159055;66,1060612141978
"Ta_Ne_Omotic";"r00";0,98306389833879;30,2041643633683;32,606002117295;30,2160546492789;47,7056444665911
"Ta_Ne_Omotic";"r00";0,992196393247049;28,9939192924268;27,2587406709679;28,9853292992512;62,4634097277565
"Ta_Ne_Omotic";"r00";0,990376277425563;29,6543209876543;29,0373068665752;29,6512664623024;57,6558158544212
"Ta_Ne_Omotic";"r00";0,987123162471848;28,2384374424175;29,6742397592781;28,2455453746792;57,4108850898029
"Ta_Ne_Omotic";"r00";0,994241827730001;29,379767827529;29,6882961622436;29,3812951955227;58,4919378189182
"Ta_Ne_Omotic";"r00";0,988638063370845;28,090842085867;28,2423236764322;28,0915919947311;61,942899422093
"Ta_Ne_Omotic";"r00";0,981246132814685;29,1916344204901;32,8301334351942;29,2096467918501;52,5658271456903
"Ta_Ne_Omotic";"r00";0,990587835357212;28,5406301824212;30,2235143595833;28,5489612922092;57,4739737773497
"Ta_Ne_Omotic";"r00";0,989426445722413;29,8592224064861;31,7219247709514;29,8684437053201;57,0695496579276
"Ta_Ne_Omotic";"r00";0,988134742122048;29,975677169707;31,0350152410381;29,9809214175849;56,4814343971429
"Ta_Ne_Omotic";"r00";0,99714225860022;29,1580983969044;27,7089748553163;29,1509245179856;60,9874323924382
"Ta_Ne_Omotic";"r00";0,986707203541382;27,750690989497;30,3079422590292;27,7633506492471;53,3110596855095
"Ta_Ne_Omotic";"r00";0,988192806355815;29,3795835636632;28,3267637556255;29,3743715844155;59,7570940864305
"Ta_Ne_Omotic";"r00";0,988592032911868;29,9316381057675;29,0141586044579;29,9270961280382;58,4295337232274
"Ta_Ne_Omotic";"r00";0,983216434074785;29,7293163810577;31,0520963485176;29,7358647967382;55,2373977560224
"Ta_Ne_Omotic";"r00";0,990869621295585;29,6908052330938;31,1536282715144;29,6980469313038;52,1603642166522
"Ta_Ne_Omotic";"r00";0,995028619218974;29,7282107978625;31,1123269794096;29,7350628581672;58,4219292014618
"Ta_Ne_Omotic";"r00";0,996253087034742;29,3099318223696;28,1281863187208;29,304081597104;56,954982002309
"Ta_Ne_Omotic";"r00";0,990069980557542;30,6005159388244;29,3938900544919;30,5945425433574;60,477912178424
"Ta_Ne_Omotic";"r00";0,985008526260715;28,4497880965543;31,3985411542272;28,4643858839685;49,1651414428307
"Ta_Ne_Omotic";"r00";0,996742707835181;29,8776487930717;28,8822213383617;29,872720934385;60,7724024212434
"Ta_Ne_Omotic";"r00";0,993600703819281;28,8277132854247;30,9795933570407;28,8383661570664;54,2571253314585
"Ta_Ne_Omotic";"r00";0,991896616332208;27,5931453841902;27,2326317448269;27,5913606632032;60,3348205383519
"Ta_Ne_Omotic";"r00";0,988521533888522;29,2850562004791;28,7827082605918;29,2825693294895;60,8938621426132
"Ta_Ne_Omotic";"r00";0,988613060032929;27,3742399115533;30,2925254245197;27,3886868695383;51,1002830726504
"Ta_Ne_Omotic";"r00";0,988582053546609;30,1525704809287;30,1839101928722;30,1527256280175;52,1551124356616
"Ta_Ne_Omotic";"r00";0,98801959355902;29,0821816841717;31,1986014758247;29,092659009873;52,6732743216858
"Ta_Ne_Omotic";"r00";0,989936489893512;29,4905104109084;29,3672388303258;29,489900155559;57,3178744593396
"Ta_Ne_Omotic";"r00";0,979123471693954;29,0208218168417;31,3094545722968;29,0321516819677;46,6485528291135
"Ta_Ne_Omotic";"r00";0,992262224758658;28,851667587986;28,8427468224216;28,8516234257802;61,8051210992858
"Ta_Ne_Omotic";"r00";0,99083855186112;30,3889810208218;28,8592454762045;30,3814080725811;55,0300472451083
"Ta_Ne_Omotic";"r00";0,988413585372152;29,1531232725263;27,8219358930138;29,146533235994;60,9953773133286
"Ta_Ne_Omotic";"r00";0,993222158910476;28,141883176709;28,9538399146242;28,1459027645205;58,8210121610268
"Ta_Ne_Omotic";"r00";0,991890451145162;29,0189791781832;29,7748404201139;29,0227210655194;56,4851299490503
"Ta_Ne_Omotic";"r00";0,988367484812712;28,1372765800626;30,7938438999629;28,1504279034285;54,2397202059834
"Ta_Ne_Omotic";"r00";0,990010682892296;28,2528100239543;27,2444101654628;28,2478179454469;60,8542452575621
"Ta_Ne_Omotic";"r00";0,990793421274665;28,804311774461;28,527307924364;28,8029404682724;62,116145435427
"Ta_Ne_Omotic";"r00";0,982450201976899;30,6933849272158;31,2832343013502;30,6963049736224;53,9157310024064
"Ta_Ne_Omotic";"r00";0,993680432018812;29,3702387533233;30,6210522029328;29,3764308991135;60,069308803989
"Ta_Ne_Omotic";"r00";0,993730261137879;29,0517781463055;29,8633365315512;29,0557957620741;58,7827033144934
"Ta_Ne_Omotic";"r00";0,993390746585315;29,019163442049;29,9886180130083;29,0239627221033;52,9273432223898
"Ta_Ne_Omotic";"r00";0,987868206213988;30,2870831030035;28,6107126853894;30,27878423955;60,1992072330832
"Ta_Ne_Omotic";"r00";0,983918518751443;30,1886861986365;28,9762713642763;30,182684145001;60,5747368142439
"Ta_Ne_Omotic";"r00";0,995324498818441;29,7740925004607;27,9124994040104;29,7648766930525;62,6356213531615
"Ta_Ne_Omotic";"r00";0,992843224930705;29,3900602806075;29,7067994177033;29,3916282961377;59,9246728727186
"Ta_Ne_Omotic";"r00";0,996337397720479;29,7274737423991;27,2658428988978;29,7152874510947;62,848574591057
"Ta_Ne_Omotic";"r00";0,994764535161431;30,6830661507278;30,9328575477956;30,6843027418024;57,7401394023471
"Ta_Ne_Omotic";"r00";0,990608199717102;28,3372028745163;26,6573952023768;28,3288869949513;62,1802093575808
"Ta_Ne_Omotic";"r00";0,993235358588554;29,3418094711627;28,7381700721084;29,338821157306;57,2892372431632
"Ta_Ne_Omotic";"r00";0,989682875993892;26,8599594619495;27,5456621086132;26,8633540295072;60,5403522589493
"Ta_Ne_Omotic";"r00";0,989885484196694;29,3397825686383;29,8202753939897;29,3421612459915;56,2101077459624
"Ta_Ne_Omotic";"r00";0,99217060617031;29,342730790492;27,1920894092413;29,3320840509808;61,1895996285348
"Ta_Ne_Omotic";"r00";0,996730279787455;29,6664824028008;27,6152977982246;29,6563280235702;62,0274705896419
"Ta_Ne_Omotic";"r00";0,988413064970654;28,5769301639948;29,774714224805;28,5828597880583;55,9519584173972
"Ta_Ne_Omotic";"r00";0,992530986046978;31,2133775566611;27,8390493554291;31,1966729616055;60,5973554239901
"Ta_Ne_Omotic";"r00";0,993701608240756;27,975677169707;28,7026644104307;27,9792761164433;63,7977726914869
"Ta_Ne_Omotic";"r00";0,983444980660725;30,439837847798;31,5873470144713;30,4455185862469;52,614213327864
"Ta_Ne_Omotic";"r00";0,996185251425778;31,3211719181868;30,8469105180356;31,3188240894732;54,6114903359243
"Ta_Ne_Omotic";"r00";0,993399901222211;27,9320066334992;28,6026686491803;27,9353267424877;59,359813674347
"Ta_Ne_Omotic";"r00";0,994855083333575;29,6427123641054;28,3698941001843;29,6364112835909;62,8654854108211
"Ta_Ne_Omotic";"r00";0,99622602488518;28,8511147963884;26,8648612126189;28,8412818578549;57,1347663459486
"Ta_Ne_Omotic";"r00";0,990279632865961;30,2576008844666;26,2880519351108;30,237949652044;61,9353466195392
"Ta_Ne_Omotic";"r00";0,987982185708613;29,7317118113138;27,3982498982499;29,720160019665;62,0056755895956
"Ta_Ne_Omotic";"r00";0,981082209860025;29,5048829924452;29,8741024587953;29,5067108115855;55,9584807401114
"Ta_Ne_Omotic";"r00";0,986957373083916;26,9767827529022;28,1043643330975;26,9823648399328;61,582071397297
"Ta_Ne_Omotic";"r00";0,992557801572866;28,5439469320066;30,4183461458504;28,5532261360356;57,5261075528262
"Ta_Ne_Omotic";"r00";0,98654283586335;28,7523493642897;29,407898752411;28,7555946582903;55,2806027130165
"Ta_Ne_Omotic";"r00";0,986119257919617;29,2592592592593;29,0978399794189;29,2584601539135;60,049540465388
"Ta_Ne_Omotic";"r00";0,978949596668763;30,2264602911369;30,7442073915617;30,2290233955945;53,9120734539669
"Ta_Ne_Omotic";"r00";0,98355538935087;29,8776487930717;30,7273806160655;29,8818553862548;58,6875320986233
"Ta_Ne_Omotic";"r00";0,992325522060634;30,2579694121983;26,7626941725779;30,2406660694279;62,7529099346775
"Ta_Ne_Omotic";"r00";0,98755790612868;29,2585222037958;31,0428447783808;29,267355483868;52,3772174674497
"Ta_Ne_Omotic";"r00";0,993247310286173;28,82347521651;28,4547515512428;28,8216498518305;56,7060397446979
"Ta_Ne_Omotic";"r00";0,994015838636226;29,1881334070389;30,1520306936623;29,1929051757845;53,9809594915311
"Ta_Ne_Omotic";"r00";0,988865011678989;29,1332227750138;27,7946800828245;29,1265963260426;62,7914949313481
"Ta_Ne_Omotic";"r00";0,99438370034047;27,9452736318408;27,1901627529034;27,9415354591728;57,5912490171956
"Ta_Ne_Omotic";"r00";0,990571338875788;30,090842085867;27,4487903911855;30,0777626220319;61,5091657683808
"Ta_Ne_Omotic";"r00";0,989599152879713;28,941219826792;31,6803547526991;28,9547799006826;53,434071124271
"Ta_Ne_Omotic";"r00";0,995044486242295;29,9666219168707;31,7123408627343;29,97526408987;56,5709704778987
"Ta_Ne_Omotic";"r00";0,990260965555252;29,6038326884098;30,0561255908405;29,6060717621842;57,6672697529835
"Ta_Ne_Omotic";"r00";0,995752368834809;28,3821632577851;29,8884701119292;28,3896202224096;59,478416447831
"Ta_Ne_Omotic";"r00";0,993796227735068;29,0615441311959;28,2168670608306;29,0573625615406;62,2422028901207
"Ta_Ne_Omotic";"r00";0,997739915805168;28,6574534733739;26,0292909734879;28,6444427679289;61,6459832406397
"Ta_Ne_Omotic";"r00";0,990352698447024;29,5474479454579;29,862517979307;29,5490076981007;58,5758580821406
"Ta_Ne_Omotic";"r00";0,997085793169763;29,0182421227197;27,523177312651;29,0108408117788;60,6333089862183
"Ta_Ne_Omotic";"r00";0,989751882928551;29,791597567717;29,6990520802645;29,7911394217395;60,5814861209846
"Ta_Ne_Omotic";"r00";0,988305686624967;30,0127142067441;30,7204052373828;30,0162176276878;57,7286263555702
"Ta_Ne_Omotic";"r00";0,984272326126517;30,232725262576;31,2665956390974;30,2378434327568;53,8226859568027
"Ta_Ne_Omotic";"r00";0,989093496407583;30,0335360235858;32,4010573680849;30,0452564262813;49,2720959160436
"Ta_Ne_Omotic";"r00";0,982663814979255;29,0351943983785;30,5955883377221;29,0429191208505;56,9531737148437
"Ta_Ne_Omotic";"r00";0,996639268430453;28,5428413488115;28,8573728186731;28,544398435296;59,0568276141882
"Ta_Ne_Omotic";"r00";0,990378456141756;28,9670167680118;29,6851995760694;28,9705721284477;55,3667526250068
"Ta_Ne_Omotic";"r00";0,997117656162064;30,280081076101;30,77552758538;30,2825337815925;58,49993669193
"Ta_Ne_Omotic";"r00";0,992748411131248;28,5328911000553;27,8353247325096;28,529437801206;61,1129449819951
"Ta_Ne_Omotic";"r00";0,994538610216478;29,6653768196057;28,5247461060469;29,6597301329049;61,7279093354113
"Ta_Ne_Omotic";"r00";0,990264362536411;25,9537497696702;25,228123546922;25,9501575606467;62,2840685904826
"Ta_Ne_Omotic";"r00";0,990077996091667;28,6058595909342;28,9924770172448;28,6077735385892;58,17720292189
"Ta_Ne_Omotic";"r00";0,992490365551996;28,8033904551318;29,9976351950036;28,8093025578044;56,791960314389
"Ta_Ne_Omotic";"r00";0,989313912886946;28,3311221669431;31,2998478705766;28,3458188288422;52,3203011914152
"Ta_Ne_Omotic";"r00";0,991289663718774;28,3331490694675;26,8902301774384;28,3260059066357;58,2883790500449
"Ta_Ne_Omotic";"r00";0,99574356782196;30,6814077759351;28,8191849514057;30,6721888510612;63,0687143312225
"Ta_Ne_Omotic";"r00";0,994458373944558;28,5940667035194;27,3801855509173;28,5880573908828;57,1233106206119
"Ta_Ne_Omotic";"r00";0,98966127561757;29,2817394508937;30,8467976700631;29,2894872638599;53,9663057995032
"Ta_Ne_Omotic";"r00";0,993060496906882;28,6747742767643;27,5536203739044;28,6692240099185;60,8334061914939
"Ta_Ne_Omotic";"r00";0,991047568509531;28,8863091947669;26,6284026431085;28,8751314395607;61,5100292177027
"Ta_Ne_Omotic";"r00";0,989363162704341;30,5820895522388;31,5721998791342;30,5869910885106;54,0162889921054
"Ta_Ne_Omotic";"r00";0,990178318196193;30,044776119403;32,4094881979059;30,0564826148411;47,5680263178872
"Ta_Ne_Omotic";"r00";0,996335764826521;28,6211534918003;27,3848230210019;28,615033043925;66,7126588523344
"Ta_Ne_Omotic";"r00";0,994327845570839;29,1030035010135;30,6305472407744;29,110565598735;53,6906653192725
"Ta_Ne_Omotic";"r00";0,993431517575476;28,9511700755482;26,6476385888151;28,9397664543267;62,730249564226
"Ta_Ne_Omotic";"r00";0,996212909823047;28,6736686935692;27,9334116846765;28,6700040549113;60,6149899027187
"Ta_Ne_Omotic";"r00";0,989157849197632;29,3532338308458;30,1082853233927;29,3569717095217;56,6226032883058
"Ta_Ne_Omotic";"r00";0,987921918525863;28,9030772065598;31,3372076682982;28,9151273573605;51,2891034994404
"Ta_Ne_Omotic";"r00";0,995620277421002;29,2170628339783;28,8781818217454;29,2153852052048;56,368716085496
"Ta_Ne_Omotic";"r00";0,985940354619212;27,38105767459;28,18666832202;27,3850458461119;66,2044820467839
"Ta_Ne_Omotic";"r00";0,984713906704488;30,6511885019348;30,6222715110713;30,6510453485147;57,5644102919242
"Ta_Ne_Omotic";"r00";0,993848310925532;29,1936613230146;27,7375662153784;29,1864529313926;63,1985707431703
"Ta_Ne_Omotic";"r00";0,987987720544685;29,7552975861434;31,5448968437084;29,7641569884085;52,6035196276622
"Ta_Ne_Omotic";"r00";0,990004256752546;27,6100976598489;29,1803848143996;27,6178713586338;58,6284827051358
"Ta_Ne_Omotic";"r00";0,995794445575717;29,6425281002395;27,6001973284689;29,6324175518644;63,3070895157698
"Ta_Ne_Omotic";"r00";0,98970934808568;29,9666482402801;33,0552890129215;29,9819385411347;51,874738328831
"Ta_Ne_Omotic";"r00";0,990986855253812;30,359314538419;32,5423491807193;30,3701216406086;51,7617890035818
"Ta_Ne_Omotic";"r00";0,98933570098444;29,829924451815;30,6280966163959;29,8338757991644;53,8084255086859
"Ta_Ne_Omotic";"r00";0,986038885091639;28,0119771512806;31,4741805969338;28,0291167722987;53,899528672327
"Ta_Ne_Omotic";"r00";0,990423600226507;29,7344757693016;29,6929256881433;29,7342700758306;58,21669847627
"Ta_Ne_Omotic";"r00";0,99219091000754;28,6449235304957;28,5830951909383;28,6446174496068;62,516546338533
"Ta_Ne_Omotic";"r00";0,984735100450171;30,1031877648793;28,995462417031;30,0977039760286;59,9497881130661
"Ta_Ne_Omotic";"r00";0,995090931379203;29,4575271789202;29,8187217879665;29,4593152710442;61,3943271856962
"Ta_Ne_Omotic";"r00";0,990492750723415;29,154781647319;29,7320925218522;29,1576396219454;59,1954480704334
"Ta_Ne_Omotic";"r00";0,993324550073699;29,5542657084946;27,2004097205969;29,5426129560792;56,9262919102027
"Ta_Ne_Omotic";"r00";0,989986407080755;28,992260917634;29,4625574911073;28,9945891184928;57,9580490696514
"Ta_Ne_Omotic";"r00";0,986948982198066;27,7763036668509;27,6025969853954;27,7754437327843;56,6252470907581
"Ta_Ne_Omotic";"r00";0,98021765533947;29,4930901050304;30,3731017843349;29,4974465984923;53,3125214037555
"Ta_Ne_Omotic";"r00";0,989170407292308;27,7949143173024;29,747365546599;27,8045799174474;55,8176444117901
"Ta_Ne_Omotic";"r00";0,980506220518547;29,6290768380321;31,5284251961089;29,638479552676;52,466287480413
"Ta_Ne_Omotic";"r00";0,993657176594573;28,9813893495486;27,3647263221852;28,9733860672349;62,9898968218668
"Ta_Ne_Omotic";"r00";0,984639894334214;30,5973834531048;32,678381237028;30,6076854223322;52,6419482888201
"Ta_Ne_Omotic";"r00";0,995870966587199;28,0096080444339;25,502184393863;27,9971950560648;60,108446728819
"Ta_Ne_Omotic";"r00";0,989714310414975;29,1965832214588;30,8972620002646;29,2050024233341;54,4627872695204
"Ta_Ne_Omotic";"r00";0,993424440216949;27,6902524414962;28,7684982945875;27,6955902922541;53,0661795292086
"Ta_Ne_Omotic";"r00";0,986966144694419;30,0917634051962;31,8450585565336;30,1004430841633;55,8754955440632
"Ta_Ne_Omotic";"r00";0,98416815776842;29,2273816104662;28,9347177582472;29,2259327795146;60,9330778967936
"Ta_Ne_Omotic";"r00";0,987210375209757;28,1168232909526;26,4805706754535;28,1087230304799;63,1832683969306
"Ta_Ne_Omotic";"r00";0,991811087913756;30,7761194029851;29,8328357977481;30,7714496821671;57,0961218279627
"Ta_Ne_Omotic";"r00";0,991209229690009;29,8118665929611;30,5485776845426;29,8155136775729;55,175945248025
"Ta_Ne_Omotic";"r00";0,993731724984149;30,1812103503646;25,8433088006259;30,1597355902174;61,7691994157269
"Ta_Ne_Omotic";"r00";0,992210641136277;30,2566795651373;30,7156559406135;30,2589517254119;55,0053146483998
"Ta_Ne_Omotic";"r00";0,988692571219564;31,1380926057543;29,091968254998;31,1279632772852;58,2095889148716
"Ta_Ne_Omotic";"r00";0,990074791742431;28,8768064439706;30,0020737042642;28,8823770739721;55,1701204272465
"Ta_Ne_Omotic";"r00";0,994675248957172;29,4781647318961;27,4452973220624;29,4681010318474;61,3100020436374
"Ta_Ne_Omotic";"r00";0,9859953131771;29,4593698175788;30,3928400106636;29,4639909571485;55,5026391204326
"Ta_Ne_Omotic";"r00";0,993321055281693;28,8201584669246;28,117642277199;28,8166806640052;65,3651147186199
"Ta_Ne_Omotic";"r00";0,984537055211034;28,7908605122535;28,4543021814338;28,789194381903;62,3372176487713
"Ta_Ne_Omotic";"r00";0,990991021475301;28,1479638842823;28,5037031246381;28,1497249696306;59,3671404397418
"Ta_Ne_Omotic";"r00";0,993587057430296;27,9871015293901;28,2050300646792;27,9881803835252;59,4366873366573
"Ta_Ne_Omotic";"r00";0,992726500993243;27,5710337202875;24,9466528988576;27,558041736023;61,9807544025853
"Ta_Ne_Omotic";"r00";0,994849195912647;27,1580983969044;27,322603647165;27,1589127793314;60,1411876858883
"Ta_Ne_Omotic";"r00";0,991901656268623;30,0272710521467;27,0844788003601;30,0127027736725;58,534295164995
"Ta_Ne_Omotic";"r00";0,990838706581482;28,2909526441865;30,5378857535734;28,3020760754211;54,4200417595549
"Ta_Ne_Omotic";"r00";0,991205767956567;29,3211719181868;25,7329744189327;29,3034085642301;56,9037075723726
"Ta_Ne_Omotic";"r00";0,990705936562559;30,6436336834347;29,1127318259101;30,6360549613677;59,5289901612711
"Ta_Ne_Omotic";"r00";0,994818296690971;27,5787728026534;29,0259984017932;27,5859372858175;56,9520499904593
"Ta_Ne_Omotic";"r00";0,992006154032563;29,6589275843007;29,6371863764051;29,6588199545587;57,4015163726131
"Ta_Ne_Omotic";"r00";0,982378378216473;27,8138934954855;28,1448174067762;27,8155317326701;63,7911526504923
"Ta_Ne_Omotic";"r00";0,99439840401166;28,3589460106873;26,1355623034749;28,3479391606516;63,9536815233354
"Ta_Ne_Omotic";"r00";0,993689320920993;27,7482955592408;28,5195567610989;27,7521136840025;57,1610262104019
"Ta_Ne_Omotic";"r00";0,994853538482893;29,8116823290953;31,7073384446308;29,8210667653108;54,8408206044061
"Ta_Ne_Omotic";"r00";0,983269064514977;28,9983416252073;30,6258020503273;29,0063983599851;55,5362762481495
"Ta_Ne_Omotic";"r00";0,995058779698122;27,9791781831583;28,8419352366721;27,9834492576806;55,9955053655431
"Ta_Ne_Omotic";"r00";0,995566063392624;27,567716970702;28,2616524112031;27,5711522946649;55,9786124416481
"Ta_Ne_Omotic";"r00";0,992075067074918;31,1066887783306;28,0260180918224;31,0914379333479;58,4555212547749
"Ta_Ne_Omotic";"r00";0,99043697616617;28,6539524599226;28,6631832220068;28,6539981567646;55,1097382763062
"Ta_Ne_Omotic";"r00";0,97915375127441;30,4591855537129;27,6177880139929;30,4451192292589;58,4444091872352
"Ta_Ne_Omotic";"r00";0,994758860311534;29,2100608070757;28,6317607592117;29,2071979355517;58,897602843341
"Ta_Ne_Omotic";"r00";0,996750541758503;30,2924267551133;29,508994713489;30,2885483786696;61,5822672683687
"Ta_Ne_Omotic";"r00";0,989392993555264;30,4602911369081;32,5891940592485;30,470830260286;48,0801687869303
"Ta_Ne_Omotic";"r00";0,994117048365432;29,4363368343468;29,2606548817939;29,4354671217104;55,4472551541007
"Ta_Ne_Omotic";"r00";0,994789402840004;27,9519071310116;27,353638979026;27,9489454074869;60,4576467403645
"Ta_Ne_Omotic";"r00";0,991110667614484;27,1105583195135;28,4401046132795;27,1171402318589;61,8155368626552
"Ta_Ne_Omotic";"r00";0,989166357024141;29,205822738161;29,1386078993293;29,2054899914342;57,8246920709804
"Ta_Ne_Omotic";"r00";0,984258754015259;28,8371107425834;29,0721564290242;28,8382743350905;58,7001500064682
"Ta_Ne_Omotic";"r00";0,994498849023439;29,024322830293;30,2519084401749;29,0303999867775;58,7440585820926
"Ta_Ne_Omotic";"r00";0,991407271666076;29,1592039800995;28,7912898821649;29,157382623179;56,8333477180054
"Ta_Ne_Omotic";"r00";0,989625053300892;30,539129748085;31,8071192954914;30,5454069240622;55,8309181387186
"Ta_Ne_Omotic";"r00";0,98381982116829;29,2522572323567;28,8546633379947;29,250288945751;54,4352063836584
"Ta_Ne_Omotic";"r00";0,987197044061757;29,9618573797678;28,3724527050298;29,9539890397939;62,7317691762186
"Ta_Ne_Omotic";"r00";0,992499914965714;29,2784227013083;29,9626984712313;29,2818102051198;56,2142618485507
"Ta_Ne_Omotic";"r00";0,991346561715098;28,0141883176709;29,3933692071516;28,0210159458367;56,35973074344
"Ta_Ne_Omotic";"r00";0,98777760965854;30,0593329648056;28,6780218386979;30,052494790914;49,7491597222723
"Ta_Ne_Omotic";"r00";0,996222086280881;29,5621890547264;27,3036996896646;29,5510084143053;58,9331313466187
"Ta_Ne_Omotic";"r00";0,988203462431276;29,4144094343099;30,6005639400643;29,4202814863186;56,306319050876
"Ta_Ne_Omotic";"r00";0,987330203534128;29,4724525520545;29,6275630921425;29,4732204260154;55,2742978868565
"Ta_Ne_Omotic";"r00";0,987636036855237;29,2944536576377;29,1764328627074;29,2938693962767;58,5085931981573
"Ta_Ne_Omotic";"r00";0,991465083066554;29,5701124009582;30,7031776056166;29,5757216346446;54,5202367008257
"Ta_Ne_Omotic";"r00";0,987496962587097;26,7311590197162;29,5944936553312;26,7453339436549;53,0890080673248
"Ta_Ne_Omotic";"r00";0,997455344942002;30,4335728763589;29,1973069996177;30,4274527482563;62,0002684159196
"Ta_Ne_Omotic";"r00";0,997360055211362;28,7842270130827;27,5386849896654;28,7780609634619;56,35701914421
"Ta_Ne_Omotic";"r00";0,990167788819588;28,4936165732186;31,9659825027472;28,5108065035628;53,0006400193333
"Ta_Ne_Omotic";"r00";0,980481267447941;29,474479454579;32,5397636605146;29,4896541288658;53,4335483872065
"Ta_Ne_Omotic";"r00";0,992239779646297;29,0867882808181;29,2640330340249;29,0876657300914;56,7495017848203
"Ta_Ne_Omotic";"r00";0,990457557125896;30,9824949327437;30,2525083440116;30,97888113775;52,366190861845
"Ta_Ne_Omotic";"r00";0,975613071528621;28,3537866224433;30,2929411222422;28,3633863971948;55,2302606119005
"Ta_Ne_Omotic";"r00";0,989382000484221;29,5238621706283;29,4555454292296;29,5235239689382;58,1672927225299
"Ta_Ne_Omotic";"r00";0,991515444659597;28,5879859959462;30,509512023976;28,5974985010354;54,5155892681681
"Ta_Ne_Omotic";"r00";0,992665416425819;30,0263497328174;29,3417200083867;30,0229604767559;61,0321119351188
"Ta_Ne_Omotic";"r00";0,992051607704901;28,4304403906394;27,7236191870338;28,4269412757701;60,9506600590721
"Ta_Ne_Omotic";"r00";0,992985509936942;31,2531522282766;31,6162879049058;31,2549499296461;58,0320005334123
"Ta_Ne_Omotic";"r00";0,985142037382789;28,1886861986364;27,5158717158717;28,1853554338703;55,882026143886
"Ta_Ne_Omotic";"r00";0,993891285210749;29,7425833793993;30,8802862985159;29,7482155720682;57,3071305082728
"Ta_Ne_Omotic";"r00";0,997066101475495;28,5711916607439;27,4184738879861;28,5654851371164;58,4887708134408
"Ta_Ne_Omotic";"r00";0,990500986555207;25,5732448866777;27,921927048865;25,5848720260945;60,3754680288824
"Ta_Ne_Omotic";"r00";0,997081529131831;28,2318039432467;28,3404200092262;28,2323416465437;59,4428864391716
"Ta_Ne_Omotic";"r00";0,992718009635955;29,4682144831399;28,2897853527128;29,4623806755635;61,1136789602752
"Ta_Ne_Omotic";"r00";0,994819725098012;30,961673115902;29,0204933390012;30,9520633150262;62,8987692528667
"Ta_Ne_Omotic";"r00";0,993498755110762;29,1466740372213;28,4395964715732;29,1431736532329;61,4862531451789
"Ta_Ne_Omotic";"r00";0,985163026128791;29,1472268288189;29,1804812973829;29,1473914549009;57,8255987023666
"Ta_Ne_Omotic";"r00";0,990105758200943;29,0186106504514;33,3823426230947;29,0402132839794;46,9950515015283
"Ta_Ne_Omotic";"r00";0,990680529181626;30,0114243596831;29,1123239417813;30,0069733675152;60,6419559577831
"Ta_Ne_Omotic";"r00";0,995322193996273;29,406670351944;27,0816056079214;29,3951601304389;59,730138092007
"Ta_Ne_Omotic";"r00";0,994352683134447;29,8893363868488;27,7942839334518;29,8789648400498;65,1655458429262
"Ta_Ne_Omotic";"r00";0,988320728672461;26,7488483508384;28,3995214426507;26,7570199998078;60,2190081429442
"Ta_Ne_Omotic";"r00";0,993362622967962;27,8848350838401;29,6278334889993;27,8934637888161;55,6139236702582
"Ta_Ne_Omotic";"r00";0,989448537788449;27,6985443154597;27,9624855897308;27,6998509554314;58,841953578237
"Ta_Ne_Omotic";"r00";0,996536569185033;29,8417173392298;28,4522504349205;29,8348387901985;61,8761544252705
"Ta_Ne_Omotic";"r00";0,994528523139484;27,2671826054911;25,2754255912151;27,2573224222521;67,4071478644093
"Ta_Ne_Omotic";"r00";0,988008663975351;29,4604754007739;28,2087201799083;29,4542785927498;58,9881908130665
"Ta_Ne_Omotic";"r00";0,994283111869567;29,318539577246;30,9056972594304;29,3263967934945;55,8799208010434
"Ta_Ne_Omotic";"r00";0,990222065598946;27,8922056384743;28,7461591034339;27,8964331308751;60,2485537519385
"Ta_Ne_Omotic";"r00";0,990792724876724;29,1634420490142;30,7656813641378;29,1713739268118;56,1035116684095
"Ta_Ne_Omotic";"r00";0,994899639683055;29,6493458632762;26,5050657416249;29,6337801200997;59,697114334653
"Ta_Ne_Omotic";"r00";0,995265568773311;29,8074442601806;27,3867143933468;29,7954604489586;64,8785974487997
"Ta_Ne_Omotic";"r00";0,992904152488095;30,1053989312696;30,975082711401;30,1097042965178;54,5329353613216
"Ta_Ne_Omotic";"r00";0,993974846261993;29,5054357840427;30,7153607735003;29,5114255117133;51,4596099644585
"Ta_Ne_Omotic";"r00";0,989449676447093;29,2613519703072;31,6986198771039;29,2734176530141;55,2590234412209
"Ta_Ne_Omotic";"r00";0,993711462870101;28,1394614230435;29,5462112789614;28,1464255312411;59,9784440827768
"Ta_Ne_Omotic";"r00";0,994763337330937;29,3126957803575;31,1824767498586;29,3219521217906;56,2345926462025
"Ta_Ne_Omotic";"r00";0,993444700013685;28,9414040906578;29,2504003723516;28,9429337752207;56,753977091075
"Ta_Ne_Omotic";"r00";0,99316504395937;30,4682144831399;29,4730525584184;30,4632879389581;59,443540940684
"Ta_Ne_Omotic";"r00";0,987891042940172;27,5610834715312;29,2579106239093;27,5694836059489;59,2140826951801
"Ta_Ne_Omotic";"r00";0,992927999448461;28,3998525889073;29,4376924144394;28,4049904098258;64,8245198817709
"Ta_Ne_Omotic";"r00";0,994325078458136;29,0013688172892;29,7346805814298;29,0049990735473;60,2959818661327
"Ta_Ne_Omotic";"r00";0,992000512867651;27,3360972913212;27,8600117865724;27,3386909274363;56,7758777533262
"Ta_Ne_Omotic";"r00";0,983905365407432;29,0431177446103;30,1829336476419;29,0487603975956;51,8338438688465
"Ta_Ne_Omotic";"r00";0,992637498496261;30,322277501382;31,478940982711;30,3280035582202;56,9857455786303
"Ta_Ne_Omotic";"r00";0,98838694494062;29,768564584485;27,2574708132494;29,7561334272016;62,9448278607053
"Ta_Ne_Omotic";"r00";0,985011953868825;28,5535286530311;30,3783199687385;28,5625622734059;56,4689646702783
"Ta_Ne_Omotic";"r00";0,991387425067965;29,364473926663;29,3663358696094;29,3644831442023;57,5265972314118
"Ta_Ne_Omotic";"r00";0,98316037714909;28,2699465634789;26,589787587562;28,2616289447862;57,6646560946176
"Ta_Ne_Omotic";"r00";0,984817649027622;29,2541788412435;26,6580972468069;29,2413269521621;59,1987896399041
"Ta_Ne_Omotic";"r00";0,994297109382681;28,2474663718445;27,7894879649266;28,2451991520083;56,8221551163675
"Ta_Ne_Omotic";"r00";0,989883746979564;27,9964989865487;27,2349627056642;27,9927290049602;58,9274365883583
"Ta_Ne_Omotic";"r00";0,988599027940812;30,021743136171;30,1580844865219;30,0224180933509;55,4648921644893
"Ta_Ne_Omotic";"r00";0,979558752531217;29,7462686567164;29,755747625603;29,746315582305;56,2912839119731
"Ta_Ne_Omotic";"r00";0,996061036371405;30,5450525152018;30,5131496734199;30,5448945803415;58,6852885153608
"Ta_Ne_Omotic";"r00";0,989327787375412;28,1321171918187;27,9941271116366;28,1314340726099;59,8141034214235
"Ta_Ne_Omotic";"r00";0,997725233437617;29,2832925320487;29,2322589273809;29,2830398904415;58,8262930744439
"Ta_Ne_Omotic";"r00";0,989385985626242;28,2642343836374;28,2352404644425;28,2640908493839;57,8657532506732
"Ta_Ne_Omotic";"r00";0,988449446466801;29,7932559425097;30,4148159936414;29,7963329724658;54,1764799821472
"Ta_Ne_Omotic";"r00";0,990443137856239;29,8776487930717;30,6196617436927;29,8813221245104;54,6010133585629
"Ta_Ne_Omotic";"r00";0,987959781184225;32,2303298323199;32,354749149881;32,2309457695355;57,2303094284566
"Ta_Ne_Omotic";"r00";0,993416784216832;31,254468398747;27,6005677347141;31,2363797815983;56,8953466399414
"Ta_Ne_Omotic";"r00";0,993815842270354;29,3040353786622;28,8119723050712;29,3015994228524;60,4202957651802
"Ta_Ne_Omotic";"r00";0,996434626682872;28,317118113138;27,6536187653256;28,3138334629013;63,860358792684
"Ta_Ne_Omotic";"r00";0,996165272899005;29,5112006107031;30,1885286321853;29,5145537197203;57,6304049768072
"Ta_Ne_Omotic";"r00";0,994279777166689;29,6604016952276;29,9919941885886;29,6620432422244;62,3606642714274
"Ta_Ne_Omotic";"r00";0,984642456184683;28,8181315644002;29,6603638289966;28,8223010310566;56,3047313718835
"Ta_Ne_Omotic";"r00";0,982720788980527;29,7446102819237;30,3875167447721;29,7477929871853;57,3822473642834
"Ta_Ne_Omotic";"r00";0,987032181014086;28,801732080339;31,7493514860976;28,8163242556151;50,3439897448419
"Ta_Ne_Omotic";"r00";0,987663040936607;28,2962962962963;29,3812300900374;28,3016672556713;56,4280236133496
"Ta_Ne_Omotic";"r00";0,980927069243753;29,5931453841902;29,4352451817335;29,5923637000196;56,519530383614
"Ta_Ne_Omotic";"r00";0,990355608348899;30,3373871383822;29,702758507884;30,3342454124886;59,47633523197
"Ta_Ne_Omotic";"r00";0,989986574025711;27,8249493274369;31,2716401957528;27,8420121535177;53,7999430871739
"Ta_Ne_Omotic";"r00";0,988877618685571;27,4696885940667;27,7048727048727;27,470852871843;59,116347503549
"Ta_Ne_Omotic";"r00";0,982679741643649;29,5343652109821;29,6067621532738;29,5347236116865;54,8191939728721
"Ta_Ne_Omotic";"r00";0,988109220081508;29,6729316381058;29,9874358922178;29,6744885898588;57,8687632304104
"Ta_Ne_Omotic";"r00";0,987953048923691;27,9039985258891;28,1030537280537;27,904983947682;62,3579965847053
"Ta_Ne_Omotic";"r00";0,993304948423544;31,269762299613;30,1428102831612;31,2641833292346;58,5545438097368
"Ta_Ne_Omotic";"r00";0,988400618717668;29,2542841348811;31,1020777134007;29,2634316278441;53,4124442110562
"Ta_Ne_Omotic";"r00";0,97969047949164;27,8057858853879;27,5172047158022;27,8043572657365;62,174295713117
"Ta_Ne_Omotic";"r00";0,993784674913128;28,0749953934034;28,3735135959564;28,0764732062873;60,8125474086797
"Ta_Ne_Omotic";"r00";0,994014818287289;29,8667772249862;28,2540325732578;29,8587933405717;58,3414719475466
"Ta_Ne_Omotic";"r00";0,995241730152213;28,3506541367238;28,4435480611951;28,351114007637;60,0111220673264
"Ta_Ne_Omotic";"r00";0,992661893356208;29,1516491615994;29,6913299817664;29,154320848828;57,1200227551296
"Ta_Ne_Omotic";"r00";0,993592229111281;30,8606965174129;33,0270790636644;30,8714211834835;54,1061243648864
"Ta_Ne_Omotic";"r00";0,993568814997703;28,9019716233647;29,0434858685633;28,902672188935;59,7382165906685
"Ta_Ne_Omotic";"r00";0,983109315032695;28,4790860512254;30,8014730414062;28,4905830165233;53,6579919977761
"Ta_Ne_Omotic";"r00";0,99653074424332;28,6388428229224;28,3859629473665;28,6375909423504;60,6028453520275
"Ta_Ne_Omotic";"r00";0,987400400863926;28,7919660954487;27,6479354859128;28,7863025775797;61,7106967074512
"Ta_Ne_Omotic";"r00";0,994039775765183;29,3471531232725;29,6617497122393;29,3487105321288;57,0512986722625
"Ta_Ne_Omotic";"r00";0,994009080800278;28,304403906394;29,1448383661909;28,3085644730266;60,5091273340115
"Ta_Ne_Omotic";"r00";0,995791989177917;30,0484613967201;27,0732376020014;30,0337325660532;63,2051699723315
"Ta_Ne_Omotic";"r00";0,996525041139409;28,0589644370739;28,3286712925516;28,0602996195267;61,090494735794
"Ta_Ne_Omotic";"r00";0,984639073733928;29,4704256495301;31,9074252778125;29,4824900041256;55,5865338214616
"Ta_Ne_Omotic";"r00";0,994682568311447;29,4457342915054;26,3476064665495;29,4303970250453;64,6565618887905
"Ta_Ne_Omotic";"r00";0,997934115043159;28,8057858853879;30,2709493328814;28,8130391697814;58,1409196057511
"Ta_Ne_Omotic";"r00";0,98509002569267;28,3320434862723;30,5983590073571;28,3432628700401;58,1966340737979
"Ta_Ne_Omotic";"r00";0,992959168983011;30,0466187580615;29,776160739396;30,045279856979;59,8364619292602
"Ta_Ne_Omotic";"r00";0,986910566091848;29,209692279344;28,762865857987;29,2074802673571;58,2290113134182
"Ta_Ne_Omotic";"r00";0,990677907086471;28,7547447945458;30,9809897283787;28,7657658090697;57,4130068467402
"Ta_Ne_Omotic";"r00";0,988957396999663;26,423254099871;30,6835301957771;26,4443445755933;55,0362831574933
"Ta_Ne_Omotic";"r00";0,983356598768753;28,3613414409434;29,574787253725;28,3673485984325;57,5731745953265
"Ta_Ne_Omotic";"r00";0,989227077362175;27,3852957435047;28,0158111791805;27,3884171070476;59,6523584933726
"Ta_Ne_Omotic";"r00";0,993395318437146;28,5970149253731;28,5769147311785;28,5969154194613;61,008979326037
"Ta_Ne_Omotic";"r00";0,991044537600042;30,3694490510411;31,6357464145977;30,3757178498706;52,2828967101759
"Ta_Ne_Omotic";"r00";0,989930550944523;29,3707388981021;31,0090971231805;29,3788495823846;51,8986304358642
"Ta_Ne_Omotic";"r00";0,98675999006967;29,7604569743873;27,7321903575309;29,7504160505415;60,8553308530109
"Ta_Ne_Omotic";"r00";0,990003923310197;30,4932743688963;31,0621412239059;30,4960905414458;53,3420323363558
"Ta_Ne_Omotic";"r00";0,986195451357238;29,0525152017689;31,9977221900459;29,0670954343842;51,078127367684
"Ta_Ne_Omotic";"r00";0,994120806210616;29,4789017873595;27,8258446859595;29,4707183363625;63,8317132150552
"Ta_Ne_Omotic";"r00";0,987957819155753;29,4914317302377;28,54156310115;29,4867294102917;57,4962452355322
"Ta_Ne_Omotic";"r00";0,990905365618651;27,0648608807813;27,274826104841;27,0659003125836;65,9184942462982
"Ta_Ne_Omotic";"r00";0,986854052915531;28,2859775198084;27,8241234837884;28,2836911136895;57,0409875972924
"Ta_Ne_Omotic";"r00";0,994842559142413;30,2655242306984;30,3749161609943;30,2660657749077;55,4034852914729
"Ta_Ne_Omotic";"r00";0,994556508640791;29,7827265787465;26,7036573963819;29,7674836620021;57,2915407008441
"Ta_Ne_Omotic";"r00";0,982681197184938;31,9909184237542;30,3993467072408;31,9830393558507;56,034890558848
"Ta_Ne_Omotic";"r00";0,991575172022506;28,5233093790308;29,0012432887625;28,5256753884849;56,3179280678727
"Ta_Ne_Omotic";"r00";0,981807281515962;28,3543394140409;29,4453053721346;28,3597402356156;61,0060387671014
"Ta_Ne_Omotic";"r00";0,986259367519789;27,8032061912659;27,2443864333087;27,8004397568206;58,98643896979
"Ta_Ne_Omotic";"r00";0,982816083272421;27,5763773723973;27,1707364237852;27,5743692488893;58,527501590334
"Ta_Ne_Omotic";"r00";0,995581560603013;28,4007739082366;24,0728228228228;28,3793484078138;60,6588526568434
"Ta_Ne_Omotic";"r00";0,991411287164049;30,9653583932191;30,6454932819684;30,9637749025693;56,8528240374214
"Ta_Ne_Omotic";"r00";0,993077279359031;30,3058780173208;30,2303629681678;30,3055041804438;55,7268056026272
"Ta_Ne_Omotic";"r00";0,991986117818952;29,3522072178789;31,8027169431109;29,3643384541424;53,9290245969431
"Ta_Ne_Omotic";"r00";0,985660528840655;28,8326884098028;29,4341849587803;28,8356661154908;63,0803244394471
"Ta_Ne_Omotic";"r00";0,983916479590288;27,7282107978625;30,6911048248719;27,7428785900755;51,7424057475709
"Ta_Ne_Omotic";"r00";0,994548003100771;28,7818315828266;29,4116441508743;28,7849494668268;58,5116671054589
"Ta_Ne_Omotic";"r00";0,99416883488377;29,6858301087157;31,426854624075;29,69444904196;59,2424249558061
"Ta_Ne_Omotic";"r00";0,988773196391372;28,038326884098;29,6004734874895;28,0460602831247;59,1679135558062
"Ta_Ne_Omotic";"r00";0,998215504677318;29,2559425096739;27,3819543525426;29,2466653405791;61,7168033346687
"Ta_Ne_Omotic";"r00";0,996345727700197;29,2224064860881;28,9395504807582;29,221006208834;62,0757071411805
"Ta_Ne_Omotic";"r00";0,99542202447898;29,4919845218353;28,4900846764912;29,4870246216108;59,9846553219021
"Ta_Ne_Omotic";"r00";0,989627600659656;30,048645660586;30,9697919073582;30,0532057905205;54,4190202586108
"Ta_Ne_Omotic";"r00";0,983812575121806;29,8995761931085;30,0225039311061;29,9001847462669;56,4066260037892
"Ta_Ne_Omotic";"r00";0,991979079513242;27,8214483139856;30,5558988429121;27,8349851977922;56,8684221587858
"Ta_Ne_Omotic";"r00";0,985123228953009;28,8161046618758;29,3351917547967;28,8186743999596;55,411267123453
"Ta_Ne_Omotic";"r00";0,988804659335721;27,3639211350654;30,7986474231739;27,3809247305511;55,5030109128405
"Ta_Ne_Omotic";"r00";0,993064384962616;29,4203058780173;30,6506399774651;29,4263966408859;58,3358548305894
"Ta_Ne_Omotic";"r00";0,986982100004414;28,7508752533628;28,1433243787631;28,7478675757658;57,6422158434776
"Ta_Ne_Omotic";"r00";0,987156722541662;30,7269209508015;30,9741656445009;30,7281449344337;53,6377761184051
"Ta_Ne_Omotic";"r00";0,992578331186764;29,7492168785701;29,6238001827291;29,7485960038382;57,6155496062854
"Ta_Ne_Omotic";"r00";0,994219882013601;28,609913395983;29,2607783784254;28,6131354998565;57,4627731216515
"Ta_Ne_Omotic";"r00";0,991227640406352;31,1628892574166;30,1601782465871;31,1579253415214;57,7641149894523
"Ta_Ne_Omotic";"r00";0,993360098357223;28,4332043486272;27,8798552503485;28,4304649966556;65,9890079771551
"Ta_Ne_Omotic";"r00";0,991879902616639;28,6896996498987;31,0922804046743;28,7015936140312;56,3483511099572
"Ta_Ne_Omotic";"r00";0,996944335445994;29,313696069915;29,6151431754014;29,3151883823184;62,4780409063953
"Ta_Ne_Omotic";"r00";0,988051393925778;27,9738345310485;28,8982950958717;27,9784110684981;57,5901742569253
"Ta_Ne_Omotic";"r00";0,983771974596633;27,9732817394509;26,4088319088319;27,9655369383092;52,3915613144182
"Ta_Ne_Omotic";"r00";0,990853987401103;30,006449235305;29,0334352095563;30,0016323341874;56,4823719367856
"Ta_Ne_Omotic";"r00";0,979856079725182;29,388796756956;30,4784984494228;29,39419131979;55,3035065292561
"Ta_Ne_Omotic";"r00";0,991980200530836;30,8763589460107;29,7737583177508;30,8709005270589;54,8946133705308
"Ta_Ne_Omotic";"r00";0,991655224878098;29,8057069151597;30,1378047082476;29,8073509636403;56,7169713075073
"Ta_Ne_Omotic";"r00";0,985968746976231;29,0449603832688;30,343884529421;29,051390700824;55,3643068841852
"Ta_Ne_Omotic";"r00";0,988613172886968;29,231435415515;31,2015146195161;29,2411882828616;53,5268284694029
"Ta_Ne_Omotic";"r00";0,992791476630048;28,8748848350838;29,2554626984452;28,8767688839124;58,0959722407764
"Ta_Ne_Omotic";"r00";0,997100037996422;27,6930163994841;27,8540413769214;27,6938135528377;61,4118605400991
"Ta_Ne_Omotic";"r00";0,991705083394437;30,3304640817079;30,1731364267596;30,3296852319309;54,4798782736365
"Ta_Ne_Omotic";"r00";0,978557433191972;30,387506909895;31,9824676317829;30,3954027550528;51,6162457305708
"Ta_Ne_Omotic";"r00";0,994848487999711;30,1219826791966;27,3249334224944;30,1081359006981;55,7634119432635
"Ta_Ne_Omotic";"r00";0,977678950737143;29,8175787728027;31,7834807187453;29,8273109606539;54,4945599993575
"Ta_Ne_Omotic";"r00";0,990846152154762;27,5841164547632;28,3408722005908;27,5878627703366;58,3481808131558
"Ta_Ne_Omotic";"r00";0,996403697116884;27,9749401142436;27,9494889034898;27,9748141181508;58,7228064838369
"Ta_Ne_Omotic";"r00";0,986003735499221;29,9800995024876;30,165907585568;29,981019344483;53,9255213101238
"Ta_Ne_Omotic";"r00";0,996695088327911;28,785148332412;28,0474833808167;28,781496525721;59,9833417785738
"Ta_Ne_Omotic";"r00";0,994067240709008;28,2719734660033;29,4595042662388;28,277852331351;57,1936085418202
"Ta_Ne_Omotic";"r00";0,992111269630864;30,0547263681592;31,1095353805712;30,0599481949533;57,215326961815
"Ta_Ne_Omotic";"r00";0,994516043712043;29,3954302561268;27,2400708979656;29,3847601602943;57,8722012790661
"Ta_Ne_Omotic";"r00";0,995606798831542;27,7167864381795;26,3031203887002;27,7097880913999;61,9500946237308
"Ta_Ne_Omotic";"r00";0,99225194056127;27,4061175603464;27,5355648868862;27,4067583886956;60,0821764071528
"Ta_Ne_Omotic";"r00";0,985532664644257;29,9397457158651;32,5215372541625;29,9525268620943;49,1132308618
"Ta_Ne_Omotic";"r00";0,992303884833266;29,1109794940641;28,747952573417;29,1091823310906;58,9963761290417
"Ta_Ne_Omotic";"r00";0,995116944670561;29,3692647871752;29,6217951119912;29,3705149372981;55,8015763182838
"Ta_Ne_Omotic";"r00";0,996220225759743;29,6465819052884;27,2773091624686;29,6348528323041;61,2966374678673
"Ta_Ne_Omotic";"r00";0,978330399868764;27,8455868804127;26,7737665677195;27,8402808392608;51,5813196600342
"Ta_Ne_Omotic";"r00";0,990720264696566;28,9170812603648;29,6718425051758;28,9208177021708;53,797225903923
"Ta_Ne_Omotic";"r00";0,992295707780679;29,6467661691542;29,0865510141602;29,6439928268028;56,4736698913684
"Ta_Ne_Omotic";"r00";0,991697366031296;27,8665929611203;26,2937901345274;27,8588068085134;61,9075456461212
"Ta_Ne_Omotic";"r00";0,987813866140363;29,9189238990234;30,4698158782347;29,9216510870393;57,5179035442928
"Ta_Ne_Omotic";"r00";0,989565440516438;28,997420305878;30,7663465385987;29,006177366436;53,648436598339
"Ta_Ne_Omotic";"r00";0,994387360309735;28,9695964621338;29,0823235655694;28,9701545171013;59,6804455737139
"Ta_Ne_Omotic";"r00";0,989119801192913;30,1381978993919;28,4945024213317;30,1300607930649;51,9726338134449
"Ta_Ne_Omotic";"r00";0,989760236964319;27,2714206744057;28,0299522361436;27,275175781147;61,3991039436762
"Ta_Ne_Omotic";"r00";0,995065277010433;28,1229039985259;28,6491549921774;28,1255092014648;60,13111603815
"Ta_Ne_Omotic";"r00";0,992093759952372;29,2959277685646;26,7748691547319;29,2834472803773;60,7077504890698
"Ta_Ne_Omotic";"r00";0,990534319892855;29,6604016952276;27,8180253342932;29,6512810201734;60,096135189897
"Ta_Ne_Omotic";"r00";0,996472646691332;29,7121798415331;28,7390688305924;29,7073624602908;64,2727135286199
"Ta_Ne_Omotic";"r00";0,99070375543108;28,9541182974019;27,1874654484442;28,9453724912189;52,7611756009573
"Ta_Ne_Omotic";"r00";0,991229827305929;28,9471162704994;30,7610027576047;28,9560959065741;53,97580007268
"Ta_Ne_Omotic";"r00";0,996359914020368;30,0648608807813;30,4944033992922;30,0669873288927;58,8893432926725
"Ta_Ne_Omotic";"r00";0,99136011093848;28,0392482034273;28,4482897892356;28,0412731617729;55,7780352259097
"Ta_Ne_Omotic";"r00";0,986724268704233;27,3681592039801;29,7703356075449;27,380051166374;54,4462853382153
"Ta_Ne_Omotic";"r00";0,992603373571813;27,703335175972;25,8315847758932;27,6940690848825;57,2311377595593
"Ta_Ne_Omotic";"r00";0,996678265983194;28,4320987654321;26,7210467649064;28,4236282109741;63,4605441072865
"Ta_Ne_Omotic";"r00";0,987898805924509;28,4755850377741;28,2329540112897;28,4743838940786;62,0560655853943
"Ta_Ne_Omotic";"r00";0,990518076244942;29,2898470609913;27,9167931525655;29,283049764415;60,3150149667576
"Ta_Ne_Omotic";"r00";0,991344248063412;29,2430440390639;31,1136203343712;29,2523043177536;57,8330568084022
"Ta_Ne_Omotic";"r00";0,997863624884836;27,5636631656532;27,1208725618225;27,561471132961;57,5421709101758
"Ta_Ne_Omotic";"r00";0,990436872085482;29,6357103372029;29,3042123271678;29,6340692579453;60,4250951021481
"Ta_Ne_Omotic";"r00";0,992790963165858;29,0571217984153;28,2018935516998;29,0528879952138;60,4831315268114
"Ta_Ne_Omotic";"r00";0,995667108499794;29,9474847982311;29,4223636420484;29,944885188547;61,6905346355134
"Ta_Ne_Omotic";"r00";0,987124318064637;30,572876358946;30,5808134418898;30,5729156514358;56,739522984236
"Ta_Ne_Omotic";"r00";0,989383134066367;28,6475032246177;30,2622094948066;28,6554968200146;54,3565072873481
"Ta_Ne_Omotic";"r00";0,987981062486932;29,7352128247651;31,2118620857093;29,7425229696212;54,8255480033498
"Ta_Ne_Omotic";"r00";0,990305591393384;28,5135433941404;31,578247825199;28,5287151982546;52,4145851533388
"Ta_Ne_Omotic";"r00";0,994688047536883;28,0429861275632;28,0554032599464;28,0430475985156;61,5925055147512
"Ta_Ne_Omotic";"r00";0,988186099282028;29,3934033536024;29,3405465143126;29,3931416860811;55,3691345893022
"Ta_Ne_Omotic";"r00";0,987800029647141;29,6672194582642;28,9881763370135;29,6638578586541;61,5432831847328
"Ta_Ne_Omotic";"r00";0,976926345783784;28,9115533443892;30,6012749983427;28,9199183030721;55,2807900361727
"Ta_Ne_Omotic";"r00";0,996049276136672;30,2303298323199;26,309137064441;30,2109179869343;60,6214787031794
"Ta_Ne_Omotic";"r00";0,983625885236846;29,631656532154;30,7381436314363;29,6371341910614;53,4872716157572
"Ta_Ne_Omotic";"r00";0,996637763085633;27,1533075363921;27,8614838320721;27,1568133596381;58,9015003884579
"Ta_Ne_Omotic";"r00";0,989086695454929;28,5443154597383;27,9285475181936;28,5412671035921;56,6913169879749
"Ta_Ne_Omotic";"r00";0,996582902115651;30,7031509121061;29,8426389178422;30,6988909517385;58,0868096185259
"Ta_Ne_Omotic";"r00";0,993823923957018;30,9073152754745;26,3203618124721;30,8846075850636;57,4048178417263
"Ta_Ne_Omotic";"r00";0,979879668945309;29,4766906209692;26,9069339980387;29,463969053529;58,7556149629637
"Ta_Ne_Omotic";"r00";0,986643769596841;30,9148700939746;29,2970289925096;30,9068609796109;63,3474593352591
"Ta_Ne_Omotic";"r00";0,985507066164993;29,2636815920398;31,4459297921648;29,2744848009513;54,5495398570092
"Ta_Ne_Omotic";"r00";0,989658603589636;28,3139856274185;29,5577611656043;28,320142932063;57,6179252290966
"Ta_Ne_Omotic";"r00";0,989133123391296;29,8282660770223;30,5652863292275;29,8319146921322;55,8610715484372
"Ta_Ne_Omotic";"r00";0,990767299012595;26,9672010318776;30,1049479857521;26,9827344326394;56,7033419334451
"Ta_Ne_Omotic";"r00";0,979190175420725;30,5222037958356;29,0103594067062;30,5147194176716;59,2342531497499
"Ta_Ne_Omotic";"r00";0,994480330026152;29,8548000737055;29,9260019854548;29,8551525584172;54,4616181875132
"Ta_Ne_Omotic";"r00";0,989669770826397;29,6161783674221;30,5185267003065;29,620645438377;57,6821675714122
"Ta_Ne_Omotic";"r00";0,992040937543537;28,5844849824949;29,8087061895201;28,5905454835198;52,8194590408256
"Ta_Ne_Omotic";"r00";0,993682756260405;29,6210481981626;28,217343184395;29,614099163441;60,8974218452905
"Ta_Ne_Omotic";"r00";0,993365943971377;29,0840243228303;26,7351897228778;29,0723964287711;57,4114138599282
"Ta_Ne_Omotic";"r00";0,986385253974756;28,8372950064492;29,8279182208613;28,8421990817681;57,3347094639659
"Ta_Ne_Omotic";"r00";0,993925030361517;29,5398931269578;26,810139031984;29,5263794928243;56,0877934962
"Ta_Ne_Omotic";"r00";0,991081865041044;29,9257416620601;30,2690688163978;29,927441301438;55,8025878634858
"Ta_Ne_Omotic";"r00";0,986725636804287;28,3733185922241;31,195544750107;28,3872900088472;53,6050039695972
"Ta_Ne_Omotic";"r00";0,995190507686314;29,3957987838585;28,3409222619749;29,3905766228591;60,5815991413991
"Ta_Ne_Omotic";"r00";0,983884497244315;30,3990102398063;32,2189977373985;30,4080200789032;51,6500899019969
"Ta_Ne_Omotic";"r00";0,988111744659193;27,3395983047724;32,0522706527717;27,3629283659011;52,5582113013742
"Ta_Ne_Omotic";"r00";0,993702334404473;28,3117744610282;27,8446646705509;28,3094620363229;60,6792088790729
"Ta_Ne_Omotic";"r00";0,989631444758933;27,7991523862171;27,238251008017;27,796375646721;57,164540489031
"Ta_Ne_Omotic";"r00";0,988212510483577;27,1053989312696;26,3764126324157;27,1017900882059;57,9670372852083
"Ta_Ne_Omotic";"r00";0,987097676675487;30,5577667219458;31,961483185142;30,5647158133478;51,1315779137542
"Ta_Ne_Omotic";"r00";0,985400724876781;29,2176156255758;29,2173438262719;29,2176142800347;56,7841473503223
"Ta_Ne_Omotic";"r00";0,988703788875829;29,3397825686383;29,6639850227576;29,3413875312825;58,7152456497722
"Ta_Ne_Omotic";"r00";0,987332258871634;28,3681592039801;29,9449731116398;28,375965213424;52,9281327817372
"Ta_Ne_Omotic";"r00";0,992919075024367;28,1669430624654;27,4734375756544;28,1635098669862;61,298213217782
"Ta_Ne_Omotic";"r00";0,994742089644354;28,7720655979362;26,6798450374302;28,761708070409;66,0915603840756
"Ta_Ne_Omotic";"r00";0,99805901687857;26,8802284871937;24,704359077487;26,8694568564525;61,824810966475
"Ta_Ne_Omotic";"r00";0,9935610498704;28,3910079233462;29,0307015762788;28,3941747236083;54,718135132264
"Ta_Ne_Omotic";"r00";0,991260561207285;30,1299060254284;30,2779705304813;30,1306390180277;53,8553945837893
"Ta_Ne_Omotic";"r00";0,988791064972242;30,8863881649951;33,5731954364355;30,8996891910914;53,0294959449025
"Ta_Ne_Omotic";"r00";0,991588538312587;27,7348442970334;28,2185633327;27,7372389457248;58,2548715653034
"Ta_Ne_Omotic";"r00";0,987772448662856;29,1030035010135;31,0999414736284;29,112889332561;51,9361740062864
"Ta_Ne_Omotic";"r00";0,989873385289941;29,1684171733923;29,7031226446137;29,1710642301805;58,7464013706478
"Ta_Ne_Omotic";"r00";0,976346677619965;29,6970702045329;30,3844095742961;29,7004728746802;55,3310894953787
"Ta_Ne_Omotic";"r00";0,980492736057342;27,7355813524968;27,7829572978144;27,7358158868795;63,6094264659803
"Ta_Ne_Omotic";"r00";0,996220239076898;27,6113875069099;27,8357888143813;27,6124984044716;64,0065507852414
"Ta_Ne_Omotic";"r00";0,993750168995839;27,7156808549843;29,5209620662447;27,7246178906836;51,6795708791979
"Ta_Ne_Omotic";"r00";0,995986705233625;28,0724156992814;30,1042052504083;28,0824740633959;57,2626336268585
"Ta_Ne_Omotic";"r00";0,989920593376654;30,3298323198821;30,325471170315;30,3298107300327;55,3312243641459
"Ta_Ne_Omotic";"r00";0,996068847151098;28,1374608439285;26,5766242432909;28,129733930064;61,925364909612
"Ta_Ne_Omotic";"r00";0,988569944121653;29,6780910263497;30,7845515768531;29,6835685538275;55,7959524319589
"Ta_Ne_Omotic";"r00";0,986688179692994;30,3917449788097;30,9535390037579;30,394526137349;55,4879091888003
"Ta_Ne_Omotic";"r00";0,992539619080338;29,035747189976;27,5073437130918;29,0281808361301;62,3737433408056
"Ta_Ne_Omotic";"r00";0,990116470281574;28,899023401511;26,5289214162252;28,887290223366;61,7626894587923
"Ta_Ne_Omotic";"r00";0,989126567920504;30,8710152939009;30,0332448427104;30,8668679154296;62,2913005381725
"Ta_Ne_Omotic";"r00";0,994277741261945;28,6091763405196;25,0617283950617;28,5916147170273;61,5238921615368
"Ta_Ne_Omotic";"r00";0,996389926015232;28,3753454947485;27,1522657848767;28,3692906446996;55,7530854477497
"Ta_Ne_Omotic";"r00";0,986878713467798;30,5559240832873;31,506269275307;30,5606287624557;51,1676363801061
"Ta_Ne_Omotic";"r00";0,976715098308747;27,5212824765064;27,4030898455257;27,5206973644718;59,410792306574
"Ta_Ne_Omotic";"r00";0,995144308164093;27,9891284319145;28,5980477750344;27,9921428841082;61,1571727304342
"Ta_Ne_Omotic";"r00";0,9967310280991;31,7728026533997;28,3967987110358;31,7560897625959;61,0158205046064
"Ta_Ne_Omotic";"r00";0,993087510114865;28,0298507462687;28,9414757193961;28,0343637411851;54,4768158075271
"Ta_Ne_Omotic";"r00";0,990197408923744;28,3786622443339;29,9422623010349;28,386402838674;56,861197278457
"Ta_Ne_Omotic";"r00";0,993543369625086;30,0814446287083;32,4518747072549;30,0931794310774;53,2724126899373
"Ta_Ne_Omotic";"r00";0,993934583421025;28,313248571955;28,9432241213027;28,3163672627934;61,4673724467725
"Ta_Ne_Omotic";"r00";0,990017243835421;29,5164916159941;29,6979770663981;29,5173900588179;55,6000247528678
"Ta_Ne_Omotic";"r00";0,98995419038027;29,112585222038;31,5770526937656;29,1247855560564;55,2555642371533
"Ta_Ne_Omotic";"r00";0,990143456146515;28,6736686935692;30,5921072338381;28,6831659140656;56,7138839446984
"Ta_Ne_Omotic";"r00";0,993600200134546;28,8197899391929;29,3043129598969;28,8221885680083;60,8232253885129
"Ta_Ne_Omotic";"r00";0,989347355664196;29,1485956461081;30,4101468710636;29,1548409492019;54,5426849715604
"Ta_Ne_Omotic";"r00";0,989110569910862;29,3895338124194;26,679253632793;29,3761165838074;61,229865585127
"Ta_Ne_Omotic";"r00";0,994933517369083;29,6648240280081;27,1923400666771;29,6525840083976;61,0376412020062
"Ta_Ne_Omotic";"r00";0,990199207504749;28,8019163442049;29,032146531489;28,8030560976073;62,1478538923703
"Ta_Ne_Omotic";"r00";0,987780925447565;30,6963331490695;31,1711876367049;30,6986839138597;54,3479159517893
"Ta_Ne_Omotic";"r00";0,982288417249076;29,0438284766643;30,9812184994584;29,0534195163811;52,4414111818043
"Ta_Ne_Omotic";"r00";0,984972878769933;29,6482402800811;32,3274936304894;29,6615039105286;48,577094598696
"Ta_Ne_Omotic";"r00";0,983336855290123;28,9487746452921;29,719019673477;28,952587739491;55,4478992194068
"Ta_Ne_Omotic";"r00";0,995456149339838;29,46287083103;23,630148005148;29,4339959655554;57,6709539685348
"Ta_Ne_Omotic";"r00";0,993789238992747;28,0294822185369;28,9948071746317;28,0342610549533;57,3310714082699
"Ta_Ne_Omotic";"r00";0,993789048491006;29,6261286161784;28,287174439453;29,619500130155;59,2858872977233
"Ta_Ne_Omotic";"r00";0,991452629456453;28,9727289478533;29,3765881706773;28,9747282509366;56,5763903518522
"Ta_Ne_Omotic";"r00";0,996050972921205;32,240464344942;30,7843735746496;32,233255974792;55,3861425981223
"Ta_Ne_Omotic";"r00";0,988814183942359;31,4363368343468;31,0568365541366;31,4344581200883;58,2382323362264
"Ta_Ne_Omotic";"r00";0,993673077485642;28,8815183342547;28,095284736784;28,8776260887226;58,7314172024276
"Ta_Ne_Omotic";"r00";0,989587417682339;28,6769854431546;27,9385388408361;28,6733297669055;60,058397389287
"Ta_Ne_Omotic";"r00";0,982993460166996;27,9048145515807;28,7667957798234;27,9090817853839;57,9282857346475
"Ta_Ne_Omotic";"r00";0,994304625205788;28,464160678091;29,0622091270925;28,4671213139772;57,8319633705069
"Ta_Ne_Omotic";"r00";0,986782412128232;28,4024322830293;29,6569030552697;28,408642534377;54,6018708494599
"Ta_Ne_Omotic";"r00";0,988059158836966;28,555002763958;26,9816472410361;28,5472138752306;62,0417196582447
"Ta_Ne_Omotic";"r00";0,989719282165476;29,1461212456237;29,5123017226676;29,1479340202626;58,6895134720666
"Ta_Ne_Omotic";"r00";0,992797559105043;29,4722682881887;32,0143521814122;29,4848528619175;51,2861337867686
"Ta_Ne_Omotic";"r00";0,992380403163856;27,6661138750691;28,0599661311016;27,6680636387128;59,1010194937303
"Ta_Ne_Omotic";"r00";0,994228175253587;29,0528574060912;29,718082826442;29,0561506012415;56,7608009483466
"Ta_Ne_Omotic";"r00";0,991285096427322;27,9758614335729;29,0184394038384;27,9810227106534;57,1450532639244
"Ta_Ne_Omotic";"r00";0,986164220153286;29,8280818131564;31,0208809257587;29,8339867592584;52,0185549832065
"Ta_Ne_Omotic";"r00";0,994032279502476;28,7272631551239;30,0372663440009;28,7337483194252;56,1974942516306
"Ta_Ne_Omotic";"r00";0,989951605126888;29,8623548922056;29,7364919031586;29,8617318081014;61,9493565060976
"Ta_Ne_Omotic";"r00";0,995172319886128;27,975677169707;25,7612324868422;27,9647145722671;61,8131301855737
"Ta_Ne_Omotic";"r00";0,981350779455055;29,2568638290031;31,2498071761458;29,2667298851771;53,2688647732807
"Ta_Ne_Omotic";"r00";0,996996106103862;29,166206007002;26,9131060885447;29,1550520470097;59,6455220599834
"Ta_Ne_Omotic";"r00";0,9891977895169;29,9162125878544;30,5557259493018;29,9193784955843;57,0507654410668
"Ta_Ne_Omotic";"r00";0,994491533720916;30,0245070941588;27,2394520766614;30,0107196930821;64,9082289610843
"Ta_Ne_Omotic";"r00";0,993153280953307;28,5610834715312;28,3855336364516;28,5602144129417;60,4910611173444
"Ta_Ne_Omotic";"r00";0,990080136612515;28,7976782752902;27,8561224375178;28,7930171077765;60,440818613439
"Ta_Ne_Omotic";"r00";0,994221031783032;29,2693937718813;26,338182552195;29,2548828252492;61,880447818424
"Ta_Ne_Omotic";"r00";0,993504315587273;29,0445918555371;29,4105045159281;29,0464033043509;58,6322345454194
"Ta_Ne_Omotic";"r00";0,989993146433069;27,4792703150912;28,5693297403085;27,4846666488794;59,3950027523111
"Ta_Ne_Omotic";"r00";0,994960881258799;27,9531969780726;28,6995658662325;27,9568918735585;57,3589329355916
"Ta_Ne_Omotic";"r00";0,987454932766611;29,065229408513;28,7501406944481;29,0636695633939;56,4421281139232
"Ta_Ne_Omotic";"r00";0,98852673218109;29,5199926294454;28,6243053630937;29,5155585340674;57,7330073893731
"Ta_Ne_Omotic";"r00";0,99032049270217;29,7083103003501;27,6461315702261;29,6981014947554;61,4090921861685
"Ta_Ne_Omotic";"r00";0,993423264802976;29,9712285135171;28,8735273441156;29,9657943493121;58,4176797324793
"Ta_Ne_Omotic";"r00";0,991396084552149;27,1814999078681;29,4891880032176;27,1929241063599;57,1646575489419
"Ta_Ne_Omotic";"r00";0,981517034228544;28,5192555739819;29,1335096014001;28,5222964355038;55,1247999274484
"Ta_Ne_Omotic";"r00";0,988137671792032;29,4298875990418;30,349314687839;29,4344392182933;56,9115695624852
"Ta_Ne_Omotic";"r00";0,989792512922203;29,6976229961305;28,0097572552753;29,6892672251361;58,1950860279582
"Ta_Ne_Omotic";"r00";0,994094799233742;28,8953381241938;26,9680988102041;28,8857973355107;56,3602813135086
"Ta_Ne_Omotic";"r00";0,99089461729739;29,3451262207481;29,4443632377635;29,3456174931096;56,4183005684108
"Ta_Ne_Omotic";"r00";0,993148170442954;30,1122166943062;30,7358387120455;30,1153039320178;56,195714998768
"Ta_Ne_Omotic";"r00";0,99330632150098;28,4610281923715;28,3658133504625;28,460556831768;57,0418277847035
"Ta_Ne_Omotic";"r00";0,987971587467353;28,7252362525994;30,164815562665;28,7323628828473;56,5415532871791
"Ta_Ne_Omotic";"r00";0,994830680718478;27,8466924636079;30,169818755688;27,8581930888162;56,1495422812181
"Ta_Ne_Omotic";"r00";0,993172230239922;29,4140409065782;26,3996345246345;29,3991181027072;62,8902861773372
"Ta_Ne_Omotic";"r00";0,991880112045494;28,2587064676617;29,9106357856358;28,2668843355724;58,4663115459725
"Ta_Ne_Omotic";"r00";0,996252999978474;28,1149806522941;29,3394195054443;28,121042230775;58,7571926056021
"Ta_Ne_Omotic";"r00";0,993852221613074;27,7914133038511;27,9885873469018;27,7923894129751;59,4436105196289
"Ta_Ne_Omotic";"r00";0,984915884494288;29,9281370923162;29,7069143746397;29,9270419303475;59,3471678926151
"Ta_Ne_Omotic";"r00";0,996801702875293;30,164916159941;26,7834372834373;30,1481761655029;63,6810402769725
"Ta_Ne_Omotic";"r00";0,991111992516553;29,3845586880413;30,9473016499614;29,3922950393379;53,752785976675
"Ta_Ne_Omotic";"r00";0,992279402549913;30,418094711627;28,1770592258397;30,4070004765489;58,0452149795167
"Ta_Ne_Omotic";"r00";0,994690544968081;29,9561451999263;29,7477136107312;29,9551133603758;57,6720404376437
"Ta_Ne_Omotic";"r00";0,992464826203359;29,1628892574166;29,5214154419521;29,1646641395183;56,1588206598406
"Ta_Ne_Omotic";"r00";0,989438284923806;27,8643817947301;24,6673664026605;27,8485549858584;58,6863716225698
"Ta_Ne_Omotic";"r00";0,994405607100535;28,9478533259628;29,7965529515917;28,952054809258;59,1858559224107
"Ta_Ne_Omotic";"r00";0,993742294078187;28,6629813893496;28,261459198558;28,6609936557318;57,7523825315559
"Ta_Ne_Omotic";"r00";0,994824002705636;28,913027455316;31,6154742874822;28,9264059049802;53,8546552008526
"Ta_Ne_Omotic";"r00";0,99069377499112;30,1430677301324;32,697926405768;30,1557155453583;55,190766019032
"Ta_Ne_Omotic";"r00";0,9896360301848;30,1557029666482;31,425782267065;30,1619904879374;53,8218673334018
"Ta_Ne_Omotic";"r00";0,979156588533079;28,9871015293901;31,2159542993386;28,9981354539938;55,5838967864036
"Ta_Ne_Omotic";"r00";0,994406401077464;29,1997420305878;29,2739686927893;29,2001094893116;63,511523054238
"Ta_Ne_Omotic";"r00";0,988400844774008;27,5544499723604;27,3513457435026;27,5534445058809;59,5435997042155
"Ta_Ne_Omotic";"r00";0,989013180484287;28,3663165653215;29,4911077421337;28,3718848384741;56,7986342797018
"Ta_Ne_Omotic";"r00";0,994884504074276;29,4228855721393;28,0125292861494;29,4159036103275;56,8166288703884
"Ta_Ne_Omotic";"r00";0,993080995729367;30,0009213193293;31,1547375987585;30,0066332811086;55,1296560982616
"Ta_Ne_Omotic";"r00";0,990133437256749;30,3058780173208;32,143549595949;30,3149754013734;55,2971393546149
"Ta_Ne_Omotic";"r00";0,977786357014138;30,2900313248572;30,4182651156325;30,2906661456036;56,4489367546068
"Ta_Ne_Omotic";"r00";0,990877970395455;29,468030219274;28,5846089992431;29,4636568468976;57,3282132789078
"Ta_Ne_Omotic";"r00";0,994757149062688;29,601068730422;29,5933972745337;29,6010307529176;57,0541493340774
"Ta_Ne_Omotic";"r00";0,990987754776212;29,7268946273921;29,5758404042529;29,7261468342083;54,6530790056842
"Ta_Ne_Omotic";"r00";0,980696959647621;28,2271973466003;30,2911086413639;28,2374147292477;55,1822676672308
"Ta_Ne_Omotic";"r00";0,991060677197401;28,8955223880597;29,6900704180166;28,8994557941486;59,0611535839583
"Ta_Ne_Omotic";"r00";0,989948546623158;29,9054726368159;29,3864290976004;29,9029031143446;57,625484134204
"Ta_Ne_Omotic";"r00";0,993897191598588;30,3762404906683;31,057673212456;30,3796139199841;58,007215453105
"Ta_Ne_Omotic";"r00";0,991661030863107;29,1247466371845;29,3740679062026;29,1259809008925;56,4963071157196
"Ta_Ne_Omotic";"r00";0,98594093900855;26,8442970333518;28,4148474113794;26,8520720352232;58,8413324471637
"Ta_Ne_Omotic";"r00";0,991266590634126;28,3956145199926;28,4008306175067;28,3956403422576;59,2362467185791
"Ta_Ne_Omotic";"r00";0,99264939053713;27,5443154597383;29,3080645101878;27,5530468906812;58,0249033916631
"Ta_Ne_Omotic";"r00";0,986066734161531;29,3557872015583;31,6623400117933;29,3672057798268;50,496432935614
"Ta_Ne_Omotic";"r00";0,986228089628748;29,5183342546527;26,9300013604678;29,5055207254735;64,0779536264791
"Ta_Ne_Omotic";"r00";0,989162646283307;29,2111663902709;27,5331224890048;29,2028592422448;59,5894474235396
"Ta_Ne_Omotic";"r00";0,980563990953998;30,149622259075;30,6287765499482;30,1519943100199;55,4623781199678
"Ta_Ne_Omotic";"r00";0,990764811782377;29,1551501750507;29,1782693559519;29,1552646264413;60,4619752483388
"Ta_Ne_Omotic";"r00";0,998042797797644;29,9554081444629;27,2144377846132;29,9418389842656;63,8400329591986
"Ta_Ne_Omotic";"r00";0,992180038082266;28,6640869725447;30,3318523958359;28,6723432370164;58,5231167775305
"Ta_Ne_Omotic";"r00";0,985278983254496;27,8500092131933;29,4687397773242;27,8580227308375;60,1535067893728
"Ta_Ne_Omotic";"r00";0,995886081997468;28,872120877096;28,4475783557185;28,8700191814456;57,021475989603
"Ta_Ne_Omotic";"r00";0,98704888131564;28,6276027271052;28,2826397206006;28,6258949894492;56,985831725297
"Ta_Ne_Omotic";"r00";0,991035329640871;29,9480375898286;30,5035405474888;29,9507876044705;58,7305809966882
"Ta_Ne_Omotic";"r00";0,987933213398527;28,8442970333518;28,5364370893387;28,842772974223;57,6213804259891
"Ta_Ne_Omotic";"r00";0,98354578347147;29,7834899576193;30,5009464680065;29,7870417225222;51,4022202363252
"Ta_Ne_Omotic";"r00";0,997783906229473;27,8789386401327;26,9291636678181;27,8742367838341;59,1751674312633
"Ta_Ne_Omotic";"r00";0,986723628513591;27,2266445550028;26,3054222550347;27,2220840485673;59,4272415926279
"Ta_Ne_Omotic";"r00";0,996018332096987;29,9898654873779;29,4578500553165;29,9872317476152;57,4404271290269
"Ta_Ne_Omotic";"r00";0,988451491712302;30,0517781463055;30,3884767203124;30,0534449709293;57,4344864632792
"Ta_Ne_Omotic";"r00";0,988465550871531;29,157492958488;30,0709573559634;29,1620150594656;52,7079278687422
"Ta_Ne_Omotic";"r00";0,988356371333225;29,5605306799337;29,2059152289427;29,5587751578991;62,4081412776454
"Ta_Ne_Omotic";"r00";0,994303448124134;27,6375529758614;28,0667053285683;27,639677492459;56,5850020762786
"Ta_Ne_Omotic";"r00";0,98560071604684;29,6152570480929;28,7002593991841;29,6107273567616;52,7782574707336
"Ta_Ne_Omotic";"r00";0,993136413477993;30,9332964805602;27,6633761516341;30,9171087561595;60,4537554400433
"Ta_Ne_Omotic";"r00";0,994746034390243;28,6292611018979;29,9349772507667;28,635725043229;58,3910050623267
"Ta_Ne_Omotic";"r00";0,987665498566546;27,1135065413672;29,1854427784329;27,1237636514517;58,3799330710266
"Ta_Ne_Omotic";"r00";0,990315345902261;28,6285240464345;30,3864915056266;28,6372268556384;58,240584650003
"Ta_Ne_Omotic";"r00";0,988217832888686;29,8619863644739;30,9043248431013;29,8671464559523;57,6063260297833
"Ta_Ne_Omotic";"r00";0,990345844526003;28,3187764879307;29,07526236596;28,3225214675249;54,3415684835013
"Ta_Ne_Omotic";"r00";0,992822678006135;29,7676432651557;30,1344661237562;29,7694592199013;57,4040163451642
"Ta_Ne_Omotic";"r00";0,984436837612219;28,3088262391745;32,2941280634265;28,3285554561262;50,8840132683854
"Ta_Ne_Omotic";"r00";0,981190865294002;29,6557950985812;30,4119741176479;29,6595385590716;55,2570001949164
"Ta_Ne_Omotic";"r00";0,995453728638889;28,3864013266998;29,1998163985503;28,3904281339862;56,8027716122473
"Ta_Ne_Omotic";"r00";0,99495431028146;28,7991523862171;24,1086075038729;28,7759318669975;63,5972587408217
"Ta_Ne_Omotic";"r00";0,995218236319315;28,855537129169;26,8102954790261;28,8454121705049;60,4276289931185
"Ta_Ne_Omotic";"r00";0,992695993312742;29,8372950064492;29,6521546242561;29,8363784699037;56,3254794148016
"Ta_Ne_Omotic";"r00";0,994406758785713;27,7927031509121;29,6349362217997;27,8018231166096;54,211793573032
"Ta_Ne_Omotic";"r00";0,988838251543757;28,7527178920214;30,3818058514879;28,7607826838999;54,5704941057267
"Ta_Ne_Omotic";"r00";0,991342710288161;29,6285240464345;30,0297517402545;29,6305103221465;57,3768326010959
"Ta_Ne_Omotic";"r00";0,983021216613616;29,4497880965543;28,693811302748;29,446045637179;63,8211861230376
"Ta_Ne_Omotic";"r00";0,982643032940664;27,7611940298507;32,5486127262975;27,7848941224074;50,3544704373588
"Ta_Ne_Omotic";"r00";0,982462483081471;29,6263128800442;30,4881671733062;29,6305794854564;55,492227458302
"Ta_Ne_Omotic";"r00";0,986108838073153;30,1803943246729;29,620669197198;30,1776234082003;54,5747166476718
"Ta_Ne_Omotic";"r00";0,988723987670989;30,5505804311774;30,7102025383883;30,551370639629;58,4387208646902
"Ta_Ne_Omotic";"r00";0,986903726436182;29,5968306615073;28,9910426729895;29,5938317110691;60,27659439872
"Ta_Ne_Omotic";"r00";0,992727954406624;27,5017505067256;30,2251209190477;27,5152325384698;53,8883226413208
"Ta_Ne_Omotic";"r00";0,99589285358222;29,5310484613967;27,5745884132981;29,5213630156141;59,8156003450279
"Ta_Ne_Omotic";"r00";0,991420412070059;28,5321540445919;26,9953411490986;28,5245460599607;67,3429293088241
"Ta_Ne_Omotic";"r00";0,995035267284731;27,899023401511;27,2251934819329;27,8956876098299;62,4546288046365
"Ta_Ne_Omotic";"r00";0,989821394240417;28,1901603095633;28,9563940887247;28,1939535460938;58,0187483088476
"Ta_Ne_Omotic";"r00";0,987715994950052;29,250598857564;30,4683897058448;29,2566275251298;55,3488122646176
"Ta_Ne_Omotic";"r00";0,988832104621564;29,0746268656716;31,2861093302342;29,0855747986645;54,5540618747831
"Ta_Ne_Omotic";"r00";0,992355436966001;30,8638290031325;28,8303857160481;30,8537624522063;55,8031672470207
"Ta_Ne_Omotic";"r00";0,982746573825047;30,4431545973835;30,7555522168343;30,444701120252;55,6364291350106
"Ta_Ne_Omotic";"r00";0,991071454626113;29,4566058595909;29,8687855398382;29,4586463530575;57,4682716893981
"Ta_Ne_Omotic";"r00";0,985023273218298;28,7879122903999;31,9871755791296;28,8037502274728;52,5748127958272
"Ta_Ne_Omotic";"r00";0,993858543522844;28,4112769485904;27,318279106897;28,405866068186;58,5169544291252
"Ta_Ne_Omotic";"r00";0,987207227624447;29,9299797309748;28,3387302249091;29,9221022581724;55,612961333884
"Ta_Ne_Omotic";"r00";0,982765837094157;28,9861802100608;30,1792135661936;28,9920863157842;52,8975632849763
"Ta_Ne_Omotic";"r00";0,9904901324204;29,4107241569928;28,7803544840926;29,4076035150478;61,3502303202476
"Ta_Ne_Omotic";"r00";0,993820885140463;30,263760562268;31,5967415981096;30,270359478287;54,221912419416
"Ta_Ne_Omotic";"r00";0,987946976322257;29,744241754192;31,4354557401587;29,7526141006572;54,4746359838307
"Ta_Ne_Omotic";"r00";0,986075203026953;29,7847798046803;31,6422657512158;29,7939752796632;53,9318729140334
"Ta_Ne_Omotic";"r00";0,990749794773675;29,7366606122825;28,6966725766649;29,7315121566606;61,1331385137543
"Ta_Ne_Omotic";"r00";0,996958824529318;29,2847666429756;28,6830795479012;29,2817879939901;62,1604664663061
"Ta_Ne_Omotic";"r00";0,992662702470147;29,5653215404459;28,2269745805998;29,5586960604467;60,2989609112992
"Ta_Ne_Omotic";"r00";0,99189458714242;29,8118665929611;29,961933226906;29,8126094970896;54,1500214671031
"Ta_Ne_Omotic";"r00";0,996080920366001;29,213561820527;25,6448106798984;29,1958947356724;58,9283355315865
"Ta_Ne_Omotic";"r00";0,997149579426199;29,7779620416436;26,4303756439979;29,7613898317543;60,9698250390308
"Ta_Ne_Omotic";"r00";0,990261173078643;29,0724156992814;27,5647375259942;29,0649519459483;58,9226112678851
"Ta_Ne_Omotic";"r00";0,988529163594031;30,7733554449972;28,9851442948685;30,7645029145511;55,8788536891287
"Ta_Ne_Omotic";"r00";0,989101288163593;31,8511147963884;32,1026790691723;31,8523601640755;53,7964112889868
"Ta_Ne_Omotic";"r00";0,988920263399423;29,6244702413857;31,3867578112337;29,633194437276;52,4362327779395
"Ta_Ne_Omotic";"r00";0,988737810203456;29,9456421595725;30,7888662749128;29,9498165363811;54,5563348730561
"Ta_Ne_Omotic";"r00";0,985631078240988;29,4396535839322;30,7637565456791;29,4462085490894;58,9128109001049
"Ta_Ne_Omotic";"r00";0,989788547253224;29,4829555924083;28,0315683283778;29,4757705069428;59,9560448564485
"Ta_Ne_Omotic";"r00";0,995285187966687;30,5662428597752;29,6698820804908;30,5618054301748;58,3187435280524
"Ta_Ne_Omotic";"r00";0,986697920733999;27,9500644923531;27,4519734004829;27,9475986948685;54,0317638819351
"Ta_Ne_Omotic";"r00";0,992881620493609;27,8570112400958;30,2118072238941;27,8686686459562;54,2978944289656
"Ta_Ne_Omotic";"r00";0,993149138366204;29,984837716181;32,7516460950563;29,9985347873636;53,1623834083557
"Ta_Ne_Omotic";"r00";0,986036351487769;27,7901234567901;30,1600794141824;27,8018559120247;55,5221903596275
"Ta_Ne_Omotic";"r00";0,987746602750548;28,2389902340151;27,1857611199716;28,2337762285;56,2598890244378
"Ta_Ne_Omotic";"r00";0,990746309884172;27,9640685461581;29,4571026268779;27,9714598039834;55,649136218715
"Ta_Ne_Omotic";"r00";0,98639924334085;30,5730606228119;32,3188507029015;30,5817031479608;54,2987889782116
"Ta_Ne_Omotic";"r00";0,986017142086448;28,384927215773;30,2564755550332;28,3941923065614;52,5834010564001
"Ta_Ne_Omotic";"r00";0,992236044247765;28,4881149806523;28,8530006268654;28,4899213452375;59,9159952832965
"Ta_Ne_Omotic";"r00";0,990500528661272;28,6681407775935;24,4886553959725;28,6474502559023;59,2388916264015
"Ta_Ne_Omotic";"r00";0,992191540000216;29,6970702045329;29,671335136094;29,696942803204;60,5164240059888
"Ta_Ne_Omotic";"r00";0,990869396834472;30,292795282845;27,66618756432;30,2797922743375;58,6462766903765
"Ta_Ne_Omotic";"r00";0,993440369925121;28,6745900128985;28,7251169744855;28,6748401463717;56,830077105152
"Ta_Ne_Omotic";"r00";0,992248868179087;30,0582273816105;31,1739864542351;30,0637509413759;57,150643536321
"Ta_Ne_Omotic";"r00";0,990070226832952;28,1929242675511;26,3711966653143;28,1839058140747;55,4970677265463
"Ta_Ne_Omotic";"r00";0,988682405458045;30,2559425096739;28,2016602691924;30,2457727956121;61,0545629167511
"Ta_Ne_Omotic";"r00";0,98744452635684;29,1921608886783;30,9468463667827;29,2008474504511;55,3865075948817
"Ta_Ne_Omotic";"r00";0,994886100508534;28,3856642712364;28,678886496869;28,3871158664128;57,0841981245533
"Ta_Ne_Omotic";"r00";0,992356976501903;27,7099686751428;28,0712288112491;27,7117570916582;63,6021507438778
"Ta_Ne_Omotic";"r00";0,985916506211835;30,1380136355261;30,6388067860402;30,1404928095385;56,7201086070908
"Ta_Ne_Omotic";"r00";0,990728968666672;30,0873410724157;29,8718481502583;30,0862742757714;58,1039561321135
"Ta_Ne_Omotic";"r00";0,992890590794663;29,1628892574166;30,1969117961731;29,1680081808758;57,762292779319
"Ta_Ne_Omotic";"r00";0,994813193371295;29,7559030245597;32,1756631457102;29,7678820350605;54,1599373048095
"Ta_Ne_Omotic";"r00";0,990145866531401;29,8750690989497;30,3354544597465;29,8773482343992;59,9136963877288
"Ta_Ne_Omotic";"r00";0,993400267774089;29,3851114796388;28,2748645117066;29,3796152075204;61,5538210038061
"Ta_Ne_Omotic";"r00";0,994567945490808;30,315828266077;29,4414768429216;30,3114997936852;60,1055862410631
"Ta_Ne_Omotic";"r00";0,988826007803385;28,4221485166759;29,389638225706;28,4269380696909;61,5903929307044
"Ta_Ne_Omotic";"r00";0,988639783997075;27,8076285240464;29,1586337189537;27,8143166685757;51,8295507762948
"Ta_Ne_Omotic";"r00";0,993422082499028;30,5661375661376;29,1763118021141;30,5592572405731;59,0608421150758
"Ta_Ne_Omotic";"r00";0,99043080915617;29,5618205269947;31,3175507829471;29,570512260935;53,4420290218681
"Ta_Ne_Omotic";"r00";0,988144487225911;28,6089920766538;28,4708236660698;28,6083080746212;59,9612344217505
"Ta_Ne_Omotic";"r00";0,993264337541332;28,2611018979178;27,0018409177304;28,2548679326694;56,9111340266761
"Ta_Ne_Omotic";"r00";0,990897726175016;29,4210429334807;28,0103666665429;29,4140593876048;56,6960655938476
"Ta_Ne_Omotic";"r00";0,980338806027142;29,4026165468952;32,8525238503358;29,4196952959221;48,7847632455131
"Ta_Ne_Omotic";"r00";0,990397326955916;29,984706099134;30,8132776122563;29,9888079383078;54,4396159265326
"Ta_Ne_Omotic";"r00";0,989536057986905;28,9968675142804;27,8780987724077;28,9913290551623;51,084596365615
"Ta_Ne_Omotic";"r00";0,992571576657871;29,412540472242;29,611447836662;29,4135251621648;54,2281571356491
"Ta_Ne_Omotic";"r00";0,991499435682128;29,0055279159757;28,7405096148466;29,0042159441879;57,3049522639318
"Ta_Ne_Omotic";"r00";0,989450509003328;28,8981020821817;28,1561771979229;28,8944291867151;59,8921672086961
"Ta_Ne_Omotic";"r00";0,9915629551891;30,0115559767301;32,6138573495166;30,0244386567934;53,7079661380782
"Ta_Ne_Omotic";"r00";0,993085789003433;29,677722498618;31,0193058092835;29,684364000156;54,0873935015307
"Ta_Ne_Omotic";"r00";0,991637405344282;28,9093421779989;29,6150513815006;28,9128357879172;56,2159898442592
"Ta_Ne_Omotic";"r00";0,989684796951989;29,1492537313433;29,262613333654;29,1498149174933;58,7825797005307
"Ta_Ne_Omotic";"r00";0,981655802763357;30,1533075363921;30,0546334819517;30,1528190509741;53,1675257618963
"Ta_Ne_Omotic";"r00";0,988503787102435;29,4540261654689;29,324666948119;29,4533857733039;60,6160772697406
"Ta_Ne_Omotic";"r00";0,987487752205683;28,5198083655795;28,7109909558029;28,520754814046;58,7598511665076
"Ta_Ne_Omotic";"r00";0,989562469796244;29,846508199742;29,6868262456498;29,8457176950188;58,4839858068369
"Ta_Ne_Omotic";"r00";0,984711641173157;28,9596198899681;31,047238193523;28,9699546340451;51,9278100760307
"Ta_Ne_Omotic";"r00";0,994507336517172;28,377188133407;26,3102664067576;28,3669558476315;55,5595223686558
"Ta_Ne_Omotic";"r00";0,99227746179427;30,079233462318;30,492197278506;30,0812778376457;56,6439926924262
"Ta_Ne_Omotic";"r00";0,995428461816494;28,9832319882071;26,8710430693295;28,9727756074206;63,7722246223836
"Ta_Ne_Omotic";"r00";0,993799021277915;29,7798046803022;27,1204281768841;29,7666394500873;61,0967090730686
"Ta_Ne_Omotic";"r00";0,982223363144388;29,3114059332965;30,162884045046;29,3156211714735;56,6216697826009
"Ta_Ne_Omotic";"r00";0,994615394905227;29,655979362447;28,8248242985085;29,6518647334176;60,9702998103902
"Ta_Ne_Omotic";"r00";0,991727903373027;30,6939377188133;31,0372592608491;30,6956373304076;56,0683626576729
"Ta_Ne_Omotic";"r00";0,984990627760061;30,1595725078312;31,7157538170803;30,1672763756988;52,2290591221524
"Ta_Ne_Omotic";"r00";0,993528687350113;28,9495117007555;26,2489381612189;28,9361425248172;65,0454138159984
"Ta_Ne_Omotic";"r00";0,991157587929395;29,3622627602727;26,2343232411882;29,3467779111683;65,5498603961465
"Ta_Ne_Omotic";"r00";0,996243166705153;30,0199004975124;28,453722514463;30,0121471411607;64,8056732066418
"Ta_Ne_Omotic";"r00";0,991239971936377;29,7457158651189;29,3046989757516;29,7435326131913;59,0794101599425
"Ta_Ne_Omotic";"r00";0,990333168878428;28,2644186475032;29,3456971297773;28,2697715112769;60,4176710661327
"Ta_Ne_Omotic";"r00";0,989121993912567;28,1958724894048;31,6251884736908;28,2128493012082;50,5727180091448
"Ta_Ne_Omotic";"r00";0,991588900808198;30,2996130458817;29,357049698399;30,2949468906961;59,1183611295439
"Ta_Ne_Omotic";"r00";0,991395550173611;29,3208033904551;31,7640850951384;29,3328988444387;55,9107862076681
"Ta_Ne_Omotic";"r00";0,991899088502108;29,23788465082;29,7294422869608;29,2403181044642;59,467143999176
"Ta_Ne_Omotic";"r00";0,991396443807391;30,1660217431362;27,4346026698968;30,152499866536;58,205588461161
"Ta_Ne_Omotic";"r00";0,979737494078569;29,3149069467477;29,7247417007537;29,3169358316686;59,6680306153196
"Ta_Ne_Omotic";"r00";0,979926828929483;27,3668693569191;28,2874209476994;27,3714265430121;63,4966658247237
"Ta_Ne_Omotic";"r00";0,995737749747878;29,0535154913264;30,5634240582641;29,0609902862123;54,5220592912391
"Ta_Ne_Omotic";"r00";0,99682303984358;29,3841901603096;30,2090057884692;29,3882734059935;59,1183555566414
"Ta_Ne_Omotic";"r00";0,98115542736243;29,2093237516123;29,5298096026772;29,2109103152314;57,8689392964302
"Ta_Ne_Omotic";"r00";0,990236234908357;29,6104661875806;27,7713614536464;29,6013617086997;57,1366591575701
"Ta_Ne_Omotic";"r00";0,992506801981398;31,3460475400774;32,0217957386178;31,349392828189;53,2232006886783
"Ta_Ne_Omotic";"r00";0,996154414168509;28,7886493458633;27,6646216576746;28,7830848523574;65,5780731386961
"Ta_Ne_Omotic";"r00";0,974828672439256;29,8500092131933;30,3932664941068;29,8526986056731;55,5952390303141
"Ta_Ne_Omotic";"r00";0,981668229461689;29,9559609360604;28,609599461624;29,9492957802464;58,6482607900362
"Ta_Ne_Omotic";"r00";0,965329317911303;28,1429887599042;30,016568805497;28,1522639086447;56,2680216314147
"Ta_Ne_Omotic";"r00";0,988383829544247;27,5026718260549;30,7898941669186;27,51894520398;53,2112065378832
"Ta_Ne_Omotic";"r00";0,993337038188415;29,6908052330938;27,3260871402531;29,6790987078817;69,0203105660938
"Ta_Ne_Omotic";"r00";0,987944562267887;27,505067256311;28,257823264102;27,5087937712011;61,6101080510608
"Ta_Ne_Omotic";"r00";0,987299861442582;29,8138934954855;29,2529034279393;29,8111163169333;54,567321791353
"Ta_Ne_Omotic";"r00";0,992959962845543;28,4155150175051;29,6725022558356;28,4217377266057;56,935246822951
"Ta_Ne_Omotic";"r00";0,993762271513337;30,1383821632578;27,5139885769045;30,1253901158006;62,5336086421667
"Ta_Ne_Omotic";"r00";0,986588493193125;28,0631761825792;31,6174641670446;28,0807716676508;53,1144035147966
"Ta_Ne_Omotic";"r00";0,994879219548936;29,9235304956698;28,2510578991847;29,9152509283605;64,6612433402668
"Ta_Ne_Omotic";"r00";0,992027600296298;26,7510595172287;28,5448159214929;26,759939499428;57,6334517807911
"Ta_Ne_Omotic";"r00";0,981950121832474;27,8711995577667;29,2944390749269;27,8782452979507;54,7743214455529
"Ta_Ne_Omotic";"r00";0,993027951646469;29,8691726552423;29,5251629111278;29,8674696367071;60,3248316842305
"Ta_Ne_Omotic";"r00";0,992954875956551;27,4324672931638;27,2922553777373;27,4317731747706;58,0073389964396
"Ta_Ne_Omotic";"r00";0,994439578592693;28,0245070941588;30,5518282489387;28,0370185850241;55,3103622728337
"Ta_Ne_Omotic";"r00";0,993032062791593;27,9581721024507;31,2586244087633;27,9745109752542;53,5429611318438
"Ta_Ne_Omotic";"r00";0,994152600503131;27,6161783674222;25,5101476557023;27,6057524728097;65,1609021916643
"Ta_Ne_Omotic";"r00";0,981211917371003;28,1042933480744;29,9798566964584;28,1135783151457;53,754797897783
"Ta_Ne_Omotic";"r00";0,992727857206684;28,1549659111848;31,502446429415;28,1715375969186;54,6901280778937
"Ta_Ne_Omotic";"r00";0,990327164626983;30,1066887783306;28,0082969639273;30,0963007000414;61,3058832924475
"Ta_Ne_Omotic";"r00";0,996094996833343;29,9191081628893;26,4182204182204;29,9017770354404;65,2018386991263
"Ta_Ne_Omotic";"r00";0,996394287070241;29,9286898839138;31,5268605908441;29,9366016200867;55,9912166681638
"Ta_Ne_Omotic";"r00";0,988306920978284;28,2474663718445;27,8131971758676;28,2453165243396;59,2619855935784
"Ta_Ne_Omotic";"r00";0,990088485408591;30,0799705177815;33,4016575166;30,0964145128251;51,4664157973786
"Ta_Ne_Omotic";"r00";0,986673669049666;28,9145015662429;31,4171632935935;28,9268909807347;52,6478410438794
"Ta_Ne_Omotic";"r00";0,997011800835196;29,6633499170813;27,692420370052;29,6535928401158;62,7732014989086
"Ta_Ne_Omotic";"r00";0,991418766047624;29,8647503224618;31,9608956471922;29,8751272795149;51,7006280456609
"Ta_Ne_Omotic";"r00";0,995386954320051;28,8430071862908;30,2131503234736;28,8497900731085;56,4840099067011
"Ta_Ne_Omotic";"r00";0,99313191822719;28,8122351206928;30,0202536420867;28,8182154104027;54,3669502997015
"Ta_Ne_Omotic";"r00";0,994623071706449;27,5653215404459;30,9974497643941;27,5823122742278;54,9617359175749
"Ta_Ne_Omotic";"r00";0,981968362863999;29,6095448682513;32,1650120925129;29,6221956960942;49,6897615541642
"Ta_Ne_Omotic";"r00";0,994458996865279;27,4355997788834;29,0657906604668;27,4436700307724;56,3953837657273
"Ta_Ne_Omotic";"r00";0,992136568240276;27,7269209508015;27,0498955284019;27,7235693397996;62,0264292509868
"Ta_Ne_Omotic";"r00";0,98859805377302;28,676432651557;27,7472995677126;28,6718329828251;55,5740895464902
"Ta_Ne_Omotic";"r00";0,99742735105236;29,4569743873226;26,0794415552118;29,4402539277577;59,6011410827822
"Ta_Ne_Omotic";"r00";0,994239422789139;29,2107978625392;29,989286872417;29,2146517685286;54,6947917263148
"Ta_Ne_Omotic";"r00";0,991777000157472;29,5175971991892;28,8043975518868;29,514066507866;59,6327775184756
"Ta_Ne_Omotic";"r00";0,990127153222644;29,634236226276;30,4428371851509;29,63823920132;56,5102538932062
"Ta_Ne_Omotic";"r00";0,995683520727954;27,5942509673853;28,2601031976834;27,5975472655551;61,2071087653897
"Ta_Ne_Omotic";"r00";0,995098477610676;28,892574166206;27,713118048056;28,886735274532;58,8023402054863
"Ta_Ne_Omotic";"r00";0,991108399220443;30,1177446102819;29,7956248302519;30,1161499579055;58,7147418877062
"Ta_Ne_Omotic";"r00";0,988754986713092;29,8749638053121;30,8473259191198;29,8797774791428;56,0383220151963
"Ta_Ne_Omotic";"r00";0,995779806254753;29,3088262391745;26,3286928921604;29,2940731037932;60,3903192464305
"Ta_Ne_Omotic";"r00";0,987479849993234;28,6349732817395;30,7208790016991;28,6452995476798;55,933252087408
"Ta_Ne_Omotic";"r00";0,995100520996566;29,8231066887783;27,8880047294681;29,8135269761085;54,3981651532715
"Ta_Ne_Omotic";"r00";0,988417824073911;29,0725999631472;29,5612288372866;29,0750189179697;62,0692714979265
"Ta_Ne_Omotic";"r00";0,994423792939187;26,9021558872305;27,8003829447485;26,9066025558321;59,3501140144057
"Ta_Ne_Omotic";"r00";0,991430668584967;30,1518334254653;29,2946968607538;30,1475901751449;58,0125929090765
"Ta_Ne_Omotic";"r00";0,988293962998921;28,685461580984;27,8050095040074;28,6811029073356;61,601747920586
"Ta_Ne_Omotic";"r00";0,990651682088293;27,663718444813;28,0587801256406;27,6656741957082;58,0323464898835
"Ta_Ne_Omotic";"r00";0,979958913040068;32,0392218800179;30,8879724779288;32,0335226255521;59,0321389856712
"Ta_Ne_Omotic";"r00";0,993104522401901;28,6042012161415;29,3299595120633;28,6077940789926;57,9308560419775
"Ta_Ne_Omotic";"r00";0,984886076329631;29,8704625023033;31,1040585827747;29,8765694135928;54,3818460060363
"Ta_Ne_Omotic";"r00";0,992405140156734;28,4479454578957;30,9220449104916;28,4601934749878;54,2608748985472
"Ta_Ne_Omotic";"r00";0,97873013534886;28,5135433941404;32,1523037257936;28,5315570591486;47,0189164226593
"Ta_Ne_Omotic";"r00";0,995809349929151;29,4013003764248;30,2216711877665;29,4053616180651;58,0073782691953
"Ta_Ne_Omotic";"r00";0,992977128397144;29,8205269946563;28,1960298795239;29,81248492973;56,0602294615123
"Ta_Ne_Omotic";"r00";0,992566103165565;30,2393587617468;29,2223186969103;30,2343239099407;56,1718721205727
"Ta_Ne_Omotic";"r00";0,993432335535613;30,5430256126774;29,7814244444431;30,5392553098643;56,9847643761079
"Ta_Ne_Omotic";"r00";0,991523859898616;29,2701308273448;28,1967406778391;29,2648170147234;64,2448947975856
"Ta_Ne_Omotic";"r00";0,993536019442983;27,6932006633499;30,2553453145558;27,7058845477618;55,0266551475931
"Ta_Ne_Omotic";"r00";0,98435070646858;30,2030587801732;31,5815024895791;30,2098827589326;53,6206232269663
"Ta_Ne_Omotic";"r00";0,995693824471652;28,850377740925;28,577734797981;28,8490280233857;63,7563793160735
"Ta_Ne_Omotic";"r00";0,992004640253594;28,7318960751797;30,0397104415214;28,7383704037259;54,029567444325
"Ta_Ne_Omotic";"r00";0,991368728096776;30,5818789649635;31,1384677552603;30,5846343550145;56,0135351783347
"Ta_Ne_Omotic";"r00";0,99535218312701;29,0871568085498;30,2917687885048;29,0931202341932;56,8605665628328
"Ta_Ne_Omotic";"r00";0,986015039708942;27,1083471531233;28,8556299892369;27,1169970681535;57,4234334346585
"Ta_Ne_Omotic";"r00";0,987053190685827;27,7798046803022;31,8265690308868;27,7998381671863;53,1164427390311
"Ta_Ne_Omotic";"r00";0,987491490054347;29,7587985995946;30,403860238706;29,7619919740457;56,9081504529119
"Ta_Ne_Omotic";"r00";0,993106344184747;30,83637368712;31,7771280832677;30,8410308871009;49,3389226989853
"Ta_Ne_Omotic";"r00";0,994695750551719;29,228855721393;26,5181645059694;29,2154364579503;58,0311605693963
"Ta_Ne_Omotic";"r00";0,989688871123101;28,208402432283;29,7166763192116;28,2158691346936;55,231315692161
"Ta_Ne_Omotic";"r00";0,98833529665722;30,2082181684172;29,79973848185;30,206195991751;57,0052758077779
"Ta_Ne_Omotic";"r00";0,989800492674495;27,9981573613414;29,7359988938936;28,0067605372452;57,131871655954
"Ta_Ne_Omotic";"r00";0,986827871349839;30,3690805233094;31,3641077717221;30,3740064007768;56,7123543040149
"Ta_Ne_Omotic";"r00";0,995538484459132;29,4282292242491;28,7609051361128;29,4249256396544;57,3405832121936
"Ta_Ne_Omotic";"r00";0,988988975810728;26,9898654873779;27,9954758337051;26,9948437564191;58,7558439386912
"Ta_Ne_Omotic";"r00";0,991410105042179;28,8111295374977;30,7270506633661;28,8206142955466;53,7552366951189
"Ta_Ne_Omotic";"r00";0,991496571178606;29,2714206744057;28,5130931530945;29,2676665777656;61,0091400417341
"Ta_Ne_Omotic";"r0";0,955737922980195;30,7346600331675;31,3871753937846;30,73789030723;51,3022319875714
"Ta_Ne_Omotic";"r0";0,955527728818272;31,5983047724341;31,2457925358309;31,5965596623519;48,9725409130331
"Ta_Ne_Omotic";"r0";0,964317155470039;31,809471162705;32,8951752518802;31,8148459354237;48,4360864500173
"Ta_Ne_Omotic";"r0";0,944742116892944;30,8864934586328;31,3162728820775;30,8886210795409;47,7591443032768
"Ta_Ne_Omotic";"r0";0,957791932019113;32,6357103372029;31,3457251312615;32,6293242718269;50,3195009893294
"Ta_Ne_Omotic";"r0";0,950725902232476;31,4190160309563;30,9321980984816;31,4166060411916;52,6826235846403
"Ta_Ne_Omotic";"r0";0,974778668068938;32,2612861617837;34,4919149992905;32,272328878801;43,8380099346933
"Ta_Ne_Omotic";"r0";0,951926387437983;30,2157729869173;30,3490066695048;30,2164325596033;50,9813084337721
"Ta_Ne_Omotic";"r0";0,961902839151875;31,1988207112585;32,8876507733787;31,2071812561205;46,5290598508713
"Ta_Ne_Omotic";"r0";0,96448844316582;30,6961225617942;31,9186852561374;30,7021748523603;49,7627578002902
"Ta_Ne_Omotic";"r0";0,960934856637751;30,7586143357288;31,6092557116503;30,7628254316492;50,2231076019155
"Ta_Ne_Omotic";"r0";0,959909350080345;30,7840427492169;33,6178089967362;30,7980712949967;44,2951832390175
"Ta_Ne_Omotic";"r0";0,958612819763292;30,3652109821264;31,486998013339;30,370764383271;50,864053042089
"Ta_Ne_Omotic";"r0";0,961323665541209;32,0775750875253;31,6815630764864;32,0756146320251;53,1882927332978
"Ta_Ne_Omotic";"r0";0,958711997096365;31,9226091763405;33,7048779622534;31,9314322891421;44,2492602336361
"Ta_Ne_Omotic";"r0";0,956243531225148;28,9813893495486;30,1545444870157;28,9871970482489;50,7780115942076
"Ta_Ne_Omotic";"r0";0,956578484529633;30,2951907131012;32,4102277564921;30,305661193514;46,6307084037476
"Ta_Ne_Omotic";"r0";0,961038731299889;31,1737608255021;32,0777600397332;31,1782360691369;51,1028601691569
"Ta_Ne_Omotic";"r0";0,967647278305278;31,384927215773;31,9389527458493;31,3876699164169;49,3991971651761
"Ta_Ne_Omotic";"r0";0,967348780975482;31,2498618021006;34,2198346814247;31,2645646381369;43,9498921196449
"Ta_Ne_Omotic";"r0";0,944703670231021;30,1101897917818;30,2412551440329;30,1108386301593;51,9897425965299
"Ta_Ne_Omotic";"r0";0,966317129838171;32,2646029113691;34,0095998297148;32,2732415099748;44,476795882197
"Ta_Ne_Omotic";"r0";0,947952171696018;29,964252810024;32,6874272740173;29,9777338717269;44,7571381209827
"Ta_Ne_Omotic";"r0";0,955225817980266;31,7016768011793;32,286398467433;31,7045714628934;45,8939165359959
"Ta_Ne_Omotic";"r0";0,960543698602063;30,5831951354339;32,5675322832411;30,5930185866607;46,1271544259713
"Ta_Ne_Omotic";"r0";0,957092625108636;31,0644923530496;31,783187881368;31,0680502517046;47,8606015501358
"Ta_Ne_Omotic";"r0";0,950153215719276;30,0674405749033;32,1093373066553;30,0775489745654;48,8747978317188
"Ta_Ne_Omotic";"r0";0,954668678478348;29,5258890731528;33,0222399602668;29,5431977409107;46,0045433640725
"Ta_Ne_Omotic";"r0";0,956352342088688;30,5586880412751;31,4088654746701;30,5628968404503;46,4463156110407
"Ta_Ne_Omotic";"r0";0,95153503391648;29,760825502119;33,3215801050092;29,7784530001531;43,8542319421688
"Ta_Ne_Omotic";"r0";0,961969031709246;30,5162020584906;32,3830530722293;30,5254438951923;47,3762702671979
"Ta_Ne_Omotic";"r0";0,961338688945336;29,7853325962779;31,3831630481056;29,7932426480196;50,0262630038909
"Ta_Ne_Omotic";"r0";0,967208539083295;31,6626918318461;33,4186675180928;31,6713847807879;47,6119211142109
"Ta_Ne_Omotic";"r0";0,955809527811894;31,684171733923;34,0140662693345;31,6957058652864;43,1142749012117
"Ta_Ne_Omotic";"r0";0,940146511693136;30,3023770038695;30,9472506030935;30,3055694474301;48,5918062489183
"Ta_Ne_Omotic";"r0";0,957748724133471;30,9660954486825;31,3959379877962;30,9682233820445;49,8071962087014
"Ta_Ne_Omotic";"r0";0,969371539935921;34,0917634051962;32,4495671917128;34,0836337209711;52,0137971889213
"Ta_Ne_Omotic";"r0";0,953765714153972;30,0169522756587;29,8988009081879;30,016367367899;52,6509853197007
"Ta_Ne_Omotic";"r0";0,960290558516871;31,1439100792335;33,0077125017738;31,1531368238995;46,0539891674396
"Ta_Ne_Omotic";"r0";0,94689273651253;29,8743320434863;30,3532212288917;29,8767027820279;52,6107425295957
"Ta_Ne_Omotic";"r0";0,961755236341667;29,764695043302;31,9352454945367;29,7754403425655;47,8078153595745
"Ta_Ne_Omotic";"r0";0,957384183418951;30,152201953197;31,1107457073932;30,1569472193069;50,2549684223941
"Ta_Ne_Omotic";"r0";0,952713350354912;30,1455684540262;30,6194941109692;30,1479146206447;51,5697680249284
"Ta_Ne_Omotic";"r0";0,954002897740317;31,0993182236963;31,1034447282532;31,0993386519367;50,3100470739312
"Ta_Ne_Omotic";"r0";0,959170187765498;29,7739082365948;31,4609408258834;29,7822598830764;50,764006227886
"Ta_Ne_Omotic";"r0";0,957457174856306;31,0316933849272;32,0280615864907;31,0366259007765;49,8361681622872
"Ta_Ne_Omotic";"r0";0,969174906106819;31,3174603174603;32,999840357599;31,3257889315204;49,1487101608825
"Ta_Ne_Omotic";"r0";0,967881568634603;31,7003869541183;33,7883496523343;31,7107234031194;46,7369164785538
"Ta_Ne_Omotic";"r0";0,953210403699856;31,1938455868804;31,5017560664112;31,195369896185;50,1307036399631
"Ta_Ne_Omotic";"r0";0,955007495503917;30,6080707573245;32,7906130268199;30,618875422025;47,0506479295922
"Ta_Ne_Omotic";"r0";0,958012819523453;31,0287451630735;32,7480913864056;31,0372567780405;46,8197765509026
"Ta_Ne_Omotic";"r0";0,9670133746481;31,9401142435968;32,2605257556407;31,941700439201;49,7486216379543
"Ta_Ne_Omotic";"r0";0,962284838737301;30,6296296296296;31,9176422591174;30,6360059297756;50,5650016588333
"Ta_Ne_Omotic";"r0";0,964265224122058;32,7191818684356;32,9583439761601;32,7203658392659;48,9458122018434
"Ta_Ne_Omotic";"r0";0,957490975529585;29,9393771881334;31,5494004540939;29,9473476003411;49,5766534538678
"Ta_Ne_Omotic";"r0";0,954973211061713;29,400221116639;31,8599262097346;29,4123978745256;47,7579510145248
"Ta_Ne_Omotic";"r0";0,96449827652358;30,4324672931638;34,7755924506882;30,4539679127555;40,2899665650646
"Ta_Ne_Omotic";"r0";0,954783581878712;29,8640132669983;31,1785972754364;29,8705211086243;50,4241220403216
"Ta_Ne_Omotic";"r0";0,962265953698456;31,2922424912475;31,4009188307081;31,292780492928;52,0310903551674
"Ta_Ne_Omotic";"r0";0,963363475464763;32,3729500644924;31,4297112246346;32,3682805652851;53,3238780341289
"Ta_Ne_Omotic";"r0";0,96243888886529;29,8455868804127;32,106783028239;29,8567809207485;48,6819462091274
"Ta_Ne_Omotic";"r0";0,94456178800575;29,3040353786622;32,7235596707819;29,320963716742;43,6165937201256
"Ta_Ne_Omotic";"r0";0,954009543323679;31,9611203243044;31,9048815098624;31,9608419143319;50,5133369396485
"Ta_Ne_Omotic";"r0";0,963839878026008;31,5693753454947;32,2719419611182;31,5728533980473;50,1200877782524
"Ta_Ne_Omotic";"r0";0,95796762260557;30,5585037774092;32,0128175109976;30,5657033503478;49,0610067504576
"Ta_Ne_Omotic";"r0";0,958646582795371;30,2819237147595;31,3872676316163;30,2873957143479;49,5852820610656
"Ta_Ne_Omotic";"r0";0,960912645182536;31,141883176709;31,4265574003122;31,1432924550437;52,2376405922059
"Ta_Ne_Omotic";"r0";0,967134014815487;32,937350285609;33,8249077621683;32,9417441345029;47,3674133567416
"Ta_Ne_Omotic";"r0";0,950565866213206;29,8560899207665;30,2403079324535;29,8579919901313;52,6127166220152
"Ta_Ne_Omotic";"r0";0,959470850392026;31,3309379030772;31,9941854689939;31,3342213068689;48,727958559197
"Ta_Ne_Omotic";"r0";0,968877130763882;32,4481297217616;33,027809706258;32,4509994246551;48,1033511430991
"Ta_Ne_Omotic";"r0";0,963578072671019;32,964252810024;31,7311338158081;32,9581482605476;53,9328527438783
"Ta_Ne_Omotic";"r0";0,960683034126257;30,9942878201585;30,9403434085426;30,9940207686158;50,1812581963668
"Ta_Ne_Omotic";"r0";0,953718815925689;29,5474479454579;30,6173832836668;29,552744655053;50,6252487744248
"Ta_Ne_Omotic";"r0";0,968926548305812;30,5135433941404;32,5459237973606;30,5236046832653;48,0801960975371
"Ta_Ne_Omotic";"r0";0,948236988770617;29,1168232909526;31,3828189300412;29,1280410911462;48,2883269578497
"Ta_Ne_Omotic";"r0";0,957302477959972;31,2371475953566;31,1386476514829;31,236659971872;48,9210930505999
"Ta_Ne_Omotic";"r0";0,951029715457294;30,8627234199373;30,4198559670782;30,8605310068044;52,9958470494145
"Ta_Ne_Omotic";"r0";0,960150652841555;30,7228671457527;32,121668795232;30,7297919063937;47,6038502141393
"Ta_Ne_Omotic";"r0";0,955829411833919;30,4558688041275;31,6386618419185;30,4617242152057;47,1781921136879
"Ta_Ne_Omotic";"r0";0,964372629405979;32,1741293532338;31,5653434085426;32,1711155614284;53,1640594379943
"Ta_Ne_Omotic";"r0";0,9685904211524;30,2817394508937;33,4892791258692;30,2976183601757;47,4038659506353
"Ta_Ne_Omotic";"r0";0,963977121277551;31,676432651557;32,8010891159359;31,6820002578163;48,8237449671028
"Ta_Ne_Omotic";"r0";0,962402098548365;30,4853510226645;33,0009897828863;30,4978046798933;48,0096086571629
"Ta_Ne_Omotic";"r0";0,965691295560626;31,5231251151649;33,4686958989641;31,5327566536986;46,861326588675
"Ta_Ne_Omotic";"r0";0,95890903895547;31,0512253547079;30,9199872286079;31,0505756610144;48,7797804448548
"Ta_Ne_Omotic";"r0";0,956156903593462;31,8382163257785;32,5443522066127;31,8417120479609;47,7283612396034
"Ta_Ne_Omotic";"r0";0,960084118660855;30,6740372213009;32,7781999432383;30,6844538684392;45,6413045181958
"Ta_Ne_Omotic";"r0";0,950119975975105;30,7694859038143;31,2501170710941;30,7718652660285;51,1154557491286
"Ta_Ne_Omotic";"r0";0,964300296572439;32,9021558872305;31,820384560806;32,8968005836344;50,9512377238217
"Ta_Ne_Omotic";"r0";0,95857021842831;31,0663349917081;30,5765361146587;31,063910244792;53,717110242117
"Ta_Ne_Omotic";"r0";0,962212645414311;30,2266445550028;32,0691535405137;30,2357658866142;49,4601025344183
"Ta_Ne_Omotic";"r0";0,960790402456243;33,3477059148701;33,4957357740883;33,3484387359553;46,8230595659056
"Ta_Ne_Omotic";"r0";0,956684511803894;31,2015846692464;31,4520008514261;31,2028243533166;51,2734270378352
"Ta_Ne_Omotic";"r0";0,973158220788921;32,2010318776488;32,7968213424152;32,2039813304447;50,0305438019749
"Ta_Ne_Omotic";"r0";0,95783003399426;30,5660585959093;31,7420178799489;30,5718801765234;50,0018683082533
"Ta_Ne_Omotic";"r0";0,966759355210611;30,5492905841165;32,8650595998297;30,5607547871645;47,3197598941604
"Ta_Ne_Omotic";"r0";0,96585833924052;31,533259627787;32,3151873137505;31,5371305569254;48,2765741311505
"Ta_Ne_Omotic";"r0";0,95838058289885;29,3497328173945;33,5277032779906;29,3704158394767;46,5310447530467
"Ta_Ne_Omotic";"r0";0,955612588949056;28,962962962963;31,3294025826593;28,9746780105852;49,7645749250636
"Ta_Ne_Omotic";"r0";0,959513859048624;28,8127879122904;31,0190967787711;28,8237102334116;48,4643286819866
"Ta_Ne_Omotic";"r0";0,95763697793173;31,9408512990603;32,4598197814673;31,9434204499633;46,9293316110436
"Ta_Ne_Omotic";"r0";0,966198616052138;32,5749032614704;31,4700085142614;32,5694334854941;55,0423753684263
"Ta_Ne_Omotic";"r0";0,961101781942694;31,9237147595357;32,7173158790975;31,9276434779493;46,7842527182284
"Ta_Ne_Omotic";"r0";0,95786083085442;30,0316933849272;32,125081595005;30,0420566928979;49,4255756713026
"Ta_Ne_Omotic";"r0";0,941636560487474;29,5503961673116;29,9462927486874;29,5523560513778;51,7254676281658
"Ta_Ne_Omotic";"r0";0,950663028847173;30,7388981020822;32,7937313750532;30,7490705440276;45,6120157843631
"Ta_Ne_Omotic";"r0";0,960110319945381;30,7177077575087;31,9929828295729;30,7240210004398;49,8862187387342
"Ta_Ne_Omotic";"r0";0,968127916440661;30,9928137092316;31,9232297431531;30,9974197292015;50,8574516767417
"Ta_Ne_Omotic";"r0";0,961392129312079;30,1107425833794;31,8164076912161;30,1191864700519;47,5316845307215
"Ta_Ne_Omotic";"r0";0,953762296703436;30,594619495117;31,10694267064;30,5971557484612;52,5497509589092
"Ta_Ne_Omotic";"r0";0,960897476254438;31,7363184079602;33,1039236554562;31,7430887309676;46,7821134649408
"Ta_Ne_Omotic";"r0";0,954051764217369;30,1639948406118;32,7479814105293;30,1767868533341;46,0180625639984
"Ta_Ne_Omotic";"r0";0,962277924927931;31,8962594435231;30,7488683127572;31,8905792894104;54,4943964927352
"Ta_Ne_Omotic";"r0";0,961481543443278;31,1776303666851;31,2087803320562;31,1777845744345;49,3519596662301
"Ta_Ne_Omotic";"r0";0,965268224916326;31,2618389533812;31,6859195402299;31,263938362227;51,5566388413827
"Ta_Ne_Omotic";"r0";0,953114873796125;31,4468398747006;31,4751383567476;31,4469799661959;48,4740810183456
"Ta_Ne_Omotic";"r0";0,953792227157748;29,769854431546;31,421306939123;29,7780299390092;51,3759924153064
"Ta_Ne_Omotic";"r0";0,955882256016848;31,4400221116639;31,670505179509;31,4411631169503;49,458835254989
"Ta_Ne_Omotic";"r0";0,966343450274996;30,3794782700255;32,971189868029;30,3923085254612;46,3602503017334
"Ta_Ne_Omotic";"r0";0,959379730446182;31,1295374976967;31,3225982687668;31,1304932440881;49,604971327121
"Ta_Ne_Omotic";"r0";0,962124257360941;31,7720655979362;33,7112246345963;31,7816653951474;44,9368498493614
"Ta_Ne_Omotic";"r0";0,966872709863054;32,677722498618;32,1317510997588;32,6750196699108;51,0398372420734
"Ta_Ne_Omotic";"r0";0,96537613197554;30,7291321171918;32,3320597417341;30,7370674024618;46,4970752156637
"Ta_Ne_Omotic";"r0";0,965330719917997;32,8511147963884;31,9751028806584;32,8467781037363;50,8576265986259
"Ta_Ne_Omotic";"r0";0,967061021120434;30,707204717155;32,6636760323542;30,7168902187154;50,1732835747606
"Ta_Ne_Omotic";"r0";0,953175227718624;29,4291505435784;30,4285795373918;29,4340982118646;50,2468520562354
"Ta_Ne_Omotic";"r0";0,944208422313821;29,7366869356919;30,1124450120619;29,7385471241888;49,3406390310535
"Ta_Ne_Omotic";"r0";0,960562391977466;30,7994945905394;32,8955548460338;30,8098711264577;49,662120134675
"Ta_Ne_Omotic";"r0";0,956859526874166;31,7236042012161;32,6986909323116;31,7284313632513;45,5981491384814
"Ta_Ne_Omotic";"r0";0,956223581633617;30,4988022848719;31,1615332765716;30,5020831313655;49,9960253638465
"Ta_Ne_Omotic";"r0";0,966337380106103;31,1689699649899;33,4598694479921;31,1803110515394;46,7891254587649
"Ta_Ne_Omotic";"r0";0,963999339347137;29,8549843375714;32,8822087413084;29,8699705969958;46,5511889639512
"Ta_Ne_Omotic";"r0";0,962220310232755;32,7792518887046;33,2660600255428;32,7816618299761;46,9837702889748
"Ta_Ne_Omotic";"r0";0,952327626877611;29,5730606228119;30,0156023839932;29,5752514236098;53,4510591193492
"Ta_Ne_Omotic";"r0";0,951217193050425;29,2741846323936;30,1542855115652;29,278541567439;53,3004587340318
"Ta_Ne_Omotic";"r0";0,967087846745952;32,3244886677723;32,6309919114517;32,3260060105627;48,3653031709621
"Ta_Ne_Omotic";"r0";0,958672130355791;30,106135986733;31,40902866468;30,1125859504852;48,954264896838
"Ta_Ne_Omotic";"r0";0,954278616736298;29,7705914870094;32,4067156236696;29,7836416064978;46,2863837834755
"Ta_Ne_Omotic";"r0";0,941641457894433;29,5679012345679;29,3072016460905;29,5666106425457;55,2279085281267
"Ta_Ne_Omotic";"r0";0,964652645685791;32,4912474663718;32,969462182489;32,4936148659566;45,7246167645776
"Ta_Ne_Omotic";"r0";0,965882978606044;29,4550264550265;32,4995636441039;29,470098421309;48,3393822637923
"Ta_Ne_Omotic";"r0";0,956922690566182;30,1337755666114;31,3617106570172;30,1398544531976;51,902661863626
"Ta_Ne_Omotic";"r0";0,961869920283594;31,6320777067046;34,5192173974741;31,646370477451;43,5070794263021
"Ta_Ne_Omotic";"r0";0,958895702268139;31,2808181315644;33,3015574003122;31,2908217913107;43,1930965903033
"Ta_Ne_Omotic";"r0";0,955588748090667;30,7582458079971;30,796548176529;30,7584354236829;52,4000302723052
"Ta_Ne_Omotic";"r0";0,964518126541187;30,2310668877833;31,9305555555556;30,2394801980198;47,7101318913628
"Ta_Ne_Omotic";"r0";0,952846027788207;30,0764695043302;28,7656201220377;30,0699801509525;59,1664405636394
"Ta_Ne_Omotic";"r0";0,969612012601434;32,1738924425492;33,0341989499078;32,1781513856549;46,1653344625501
"Ta_Ne_Omotic";"r0";0,964349427000273;31,4801916344205;32,1353341847595;31,4834349143727;49,9833913030741
"Ta_Ne_Omotic";"r0";0,96015961291382;30,7897549290584;31,7012168298567;30,7942671166861;48,7797273398095
"Ta_Ne_Omotic";"r0";0,963691890589889;31,2896627971255;31,5644671491415;31,2910232147097;48,5733531961576
"Ta_Ne_Omotic";"r0";0,9549321473558;30,4328358208955;30,7622215127004;30,4344664431322;49,9678611555881
"Ta_Ne_Omotic";"r0";0,966528011417539;32,8402432283029;33,664364268483;32,8443230354325;44,7631337239351
"Ta_Ne_Omotic";"r0";0,955642176702005;31,4516307352128;32,3312012203775;31,4559850445453;48,9950988803255
"Ta_Ne_Omotic";"r0";0,969625354652037;33,3324120140041;33,9207960834398;33,335324806427;46,239349757617
"Ta_Ne_Omotic";"r0";0,95934009055726;29,368343467846;31,4318539804172;29,378558866423;50,8155326804888
"Ta_Ne_Omotic";"r0";0,964228423049394;31,9014188317671;31,1794487015751;31,8978447222117;53,6466156086345
"Ta_Ne_Omotic";"r0";0,971257752305913;30,9318223696333;31,8785830850007;30,9365093038678;51,2025121844781
"Ta_Ne_Omotic";"r0";0,960003081891926;31,7921503593145;33,2996984532425;31,7996134686904;47,7036880891964
"Ta_Ne_Omotic";"r0";0,959532076391288;31,0867882808181;31,6518695898964;31,0895857130413;49,3299754888655
"Ta_Ne_Omotic";"r0";0,953516946075355;31,3559977888336;30,7736590038314;31,3531149235613;52,5664217316346
"Ta_Ne_Omotic";"r0";0,970350230106999;31,0995024875622;32,8750319284802;31,1082922372697;46,5471259607771
"Ta_Ne_Omotic";"r0";0,969246575741211;31,4037221300903;32,1759507591883;31,4075450440957;50,5299253226189
"Ta_Ne_Omotic";"r0";0,958182648434447;30,9561451999263;33,6763516389953;30,9696115684365;42,8927847978246
"Ta_Ne_Omotic";"r0";0,963641509846645;30,354155150175;31,9872179650915;30,3622396195558;49,0271128617041
"Ta_Ne_Omotic";"r0";0,954669028997684;30,5252309879176;31,8336135944373;30,531708129534;50,1992643673378
"Ta_Ne_Omotic";"r0";0,960494068772461;32,3515754560531;32,6502305945793;32,3530539468379;50,2990446263753
"Ta_Ne_Omotic";"r0";0,964769007854124;30,077943615257;31,7673690932312;30,0863071077223;48,2250418496766
"Ta_Ne_Omotic";"r0";0,957705329877126;28,2032430440391;32,7233680999007;28,2256199007512;47,5923960518361
"Ta_Ne_Omotic";"r0";0,957645343758861;30,0797862539156;31,616251596424;30,0873925179874;48,5859925958852
"Ta_Ne_Omotic";"r0";0,951984080545868;30,5795098581168;31,407503192848;30,5836088350214;47,737313202963
"Ta_Ne_Omotic";"r0";0,965563779342586;32,304403906394;33,1422768553995;32,3085517922801;46,0980281094592
"Ta_Ne_Omotic";"r0";0,970957857940572;31,6082550211903;31,9497374769405;31,609945528397;50,3221997798729
"Ta_Ne_Omotic";"r0";0,953043944764151;31,191818684356;31,6529799914857;31,194101661124;48,5646648240755
"Ta_Ne_Omotic";"r0";0,944168851451785;30,4332043486272;32,2544025826593;30,442220181469;45,2154801049434
"Ta_Ne_Omotic";"r0";0,967904795240201;31,5850377740925;32,2456754647368;31,5883082577096;49,4369174417667
"Ta_Ne_Omotic";"r0";0,958849015137784;31,5535286530311;32,8049027955158;31,5597235745286;47,4082828763358
"Ta_Ne_Omotic";"r0";0,958408960662353;29,9495117007555;30,1431034482759;29,9504700757432;55,4974208156409
"Ta_Ne_Omotic";"r0";0,942799170800377;28,8339782568638;31,5230275294452;28,8472903819756;48,1236508176654
"Ta_Ne_Omotic";"r0";0,960751665587298;30,0983969043671;30,8832836668086;30,1022824823989;50,8561588374471
"Ta_Ne_Omotic";"r0";0,950554909057523;28,5988575640317;30,7204555129842;28,609360524175;48,128372907352
"Ta_Ne_Omotic";"r0";0,955709362470579;31,2144831398563;31,7000141904356;31,2168867589185;47,8705175971826
"Ta_Ne_Omotic";"r0";0,955736991911144;31,2478348995762;31,0332623811551;31,246772659386;49,1518267608189
"Ta_Ne_Omotic";"r0";0,967695086624597;32,2078496406855;32,153891726976;32,2075825223008;47,892486997379
"Ta_Ne_Omotic";"r0";0,955316125318464;31,407960199005;30,7624272740173;31,4047644914555;50,1167189905633
"Ta_Ne_Omotic";"r0";0,962714935920514;31,7269209508015;32,651724137931;31,7314991844012;47,4145717638456
"Ta_Ne_Omotic";"r0";0,962246156898915;29,9830477243413;33,4285476089116;30,0001046544629;44,1632580094038
"Ta_Ne_Omotic";"r0";0,966111120615934;29,6929637526652;33,8675677593302;29,7136301091339;43,2268669695777
"Ta_Ne_Omotic";"r0";0,959946711592112;30,3648424543947;32,4044699872286;30,3749396203988;47,604266745962
"Ta_Ne_Omotic";"r0";0,9553417635357;31,0538050488299;31,4598091386406;31,0558149700666;49,9396947035306
"Ta_Ne_Omotic";"r0";0,966036706213238;30,8446655610835;32,282542216546;30,8517837623481;48,1681974715867
"Ta_Ne_Omotic";"r0";0,953756920244038;29,085682697623;29,3365403717894;29,0869245672971;56,1043483671927
"Ta_Ne_Omotic";"r0";0,959007289608996;30,8374792703151;29,9282034908472;30,8329779050702;55,682279412565
"Ta_Ne_Omotic";"r0";0,95666837584831;32,1897917818316;32,1224882928906;32,1894585962428;49,5754540863104
"Ta_Ne_Omotic";"r0";0,96018524819173;30,9953934033536;32,2949730381723;31,0018269659022;46,6431937806219
"Ta_Ne_Omotic";"r0";0,955932515279086;31,1604938271605;32,1099262097346;31,1651939874703;46,0319594479005
"Ta_Ne_Omotic";"r0";0,963836126183969;32,2861617836742;33,0761778061586;32,2900727540826;47,7473283474413
"Ta_Ne_Omotic";"r0";0,959691101093425;30,6965174129353;32,0032708954165;30,7029864895813;47,1586365248599
"Ta_Ne_Omotic";"r0";0,953706936915711;29,0716786438179;32,256903646942;29,0874470844275;47,58094024522
"Ta_Ne_Omotic";"r0";0,964956844051336;32,3226460291137;31,8073506456648;32,3200950618689;51,7798327912653
"Ta_Ne_Omotic";"r0";0,966678651531814;29,5290215588723;32,79791400596;29,545204194749;45,281141154751
"Ta_Ne_Omotic";"r0";0,95379912821899;29,7121798415331;32,8481268624947;29,7277043317359;45,0138096398924
"Ta_Ne_Omotic";"r0";0,945498514998587;30,021743136171;31,6523946360153;30,0298156683484;46,3969924624701
"Ta_Ne_Omotic";"r0";0,967473242826437;30,3434678459554;32,4722009365688;30,3540061285822;48,7149568551117
"Ta_Ne_Omotic";"r0";0,956235196212878;30,4427860696517;31,4946608485881;30,4479933705376;49,0568993297862
"Ta_Ne_Omotic";"r0";0,950327781633988;30,1855537129169;31,1236093373067;30,1901975526416;50,0931559986073
"Ta_Ne_Omotic";"r0";0,960737738860157;32,1396720103188;33,0677415921669;32,1442664141893;47,1360017280861
"Ta_Ne_Omotic";"r0";0,960623863905717;31,3786622443339;31,9805307222932;31,3816417912545;49,2717206641334
"Ta_Ne_Omotic";"r0";0,961242227576598;31,8345310484614;33,2459982971477;31,8415185100886;45,9197295587257
"Ta_Ne_Omotic";"r0";0,960921181740942;31,7149437995209;32,4730913864056;31,7186970053966;50,0838639464394
"Ta_Ne_Omotic";"r0";0,959076980384315;30,846508199742;30,9128991060026;30,8468368675948;51,8688763121736
"Ta_Ne_Omotic";"r0";0,962424447844619;31,0339045513175;31,78559316021;31,0376257820546;47,997479613978
"Ta_Ne_Omotic";"r0";0,95876409823035;30,7731711811314;31,9978004824748;30,7792337024252;47,5511746956421
"Ta_Ne_Omotic";"r0";0,964850441363708;31,833793992998;32,0810806016745;31,83501818413;49,5790368582086
"Ta_Ne_Omotic";"r0";0,960334147493308;31,2443338861249;33,0290052504612;31,2531688928791;43,5093665316124
"Ta_Ne_Omotic";"r0";0,955040718525572;29,5513174866409;32,3176883780332;29,5650123920438;48,4426717854721
"Ta_Ne_Omotic";"r0";0,965824275388748;31,9753086419753;31,8339151411948;31,9746086741497;51,9118809121167
"Ta_Ne_Omotic";"r0";0,956347265574758;30,213561820527;31,5156555981269;30,220007829327;47,0487488327862
"Ta_Ne_Omotic";"r0";0,953073207521272;30,669588565111;30,9595820916702;30,6710241766286;52,5197836836626
"Ta_Ne_Omotic";"r0";0,957721423200506;31,6616915422886;32,5316446714914;31,665998240948;47,219660810296
"Ta_Ne_Omotic";"r0";0,964795326157311;32,2082181684172;32,1218958422023;32,2077908301686;51,2740765547696
"Ta_Ne_Omotic";"r0";0,961252908392191;31,0090289294269;32,2716155810983;31,0152793583956;50,5798143710678
"Ta_Ne_Omotic";"r0";0,963834948345122;30,535839321909;30,9948524194693;30,5381116639761;53,8377932302212
"Ta_Ne_Omotic";"r0";0,951381380027584;30,1615994103556;30,8514509720448;30,1650145170967;50,9389865036728
"Ta_Ne_Omotic";"r0";0,955318845682557;30,9856274184632;30,7548637718178;30,9844850241729;51,6404982321119
"Ta_Ne_Omotic";"r0";0,962799785976385;32,1009502750796;31,986998013339;32,100386154972;49,8982241837838
"Ta_Ne_Omotic";"r0";0,966714427672049;30,352022954013;32,4729246487867;30,3625224673535;48,5352792689111
"Ta_Ne_Omotic";"r0";0,953514342332906;31,6276027271052;32,2404746700724;31,6306367466249;49,0446519182722
"Ta_Ne_Omotic";"r0";0,959815446838941;31,8855721393035;31,6910777635873;31,8846092958593;51,7825585654236
"Ta_Ne_Omotic";"r0";0,955475318896646;30,93864013267;32,6540087980701;30,9471320567561;46,1328401372408
"Ta_Ne_Omotic";"r0";0,94999479365593;31,5693753454947;31,3338796651057;31,5682095252948;52,8655193772399
"Ta_Ne_Omotic";"r0";0,96534103553136;31,4766906209692;34,1183092095927;31,4897679407149;44,4406554828008
"Ta_Ne_Omotic";"r0";0,957794138191377;30,6546631919766;32,0555484603377;30,6615982675626;49,7229458582801
"Ta_Ne_Omotic";"r0";0,959384560453484;30,4945642159572;31,8163580246914;30,5011077496639;48,8532359642208
"Ta_Ne_Omotic";"r0";0,959588598133707;30,3996683250415;32,0142330069533;30,4076612195064;51,5987540268124
"Ta_Ne_Omotic";"r0";0,946781313053749;30,0998710152939;30,8198914431673;30,1034354728576;56,3118014510317
"Ta_Ne_Omotic";"r0";0,958090527817893;30,7210245070942;32,6356108982546;30,7305026575454;47,4392868303066
"Ta_Ne_Omotic";"r0";0,974140530558326;32,7432151412251;34,0373385837945;32,749621692921;49,3939286826063
"Ta_Ne_Omotic";"r0";0,958154239313753;30,4391007923346;31,3832091670214;30,4437745961697;50,689058364061
"Ta_Ne_Omotic";"r0";0,954069318266671;31,5142804496038;31,7403434085426;31,5153995731629;49,6719470896645
"Ta_Ne_Omotic";"r0";0,959516306973698;30,6148885203612;31,041854689939;30,61700221427;50,9099767202654
"Ta_Ne_Omotic";"r0";0,954336799178623;30,1302745531601;32,4837058322691;30,1419252030567;47,847347142242
"Ta_Ne_Omotic";"r0";0,960329997445944;30,1667587985996;31,9477650063857;30,1755756610144;47,5257885936668
"Ta_Ne_Omotic";"r0";0,96052785204786;31,4759535655058;31,930740031219;31,4782049836529;50,2491865164977
"Ta_Ne_Omotic";"r0";0,966341737264723;31,3189344283872;33,3044167730949;31,3287635489055;46,6393155672925
"Ta_Ne_Omotic";"r0";0,964331073275468;32,2052699465635;31,2061018873279;32,2003235700326;56,0562097576025
"Ta_Ne_Omotic";"r0";0,957738940460744;31,3182236963331;31,4166099049241;31,3187107567717;50,4375323186074
"Ta_Ne_Omotic";"r0";0,95791091569195;31,3294637921504;31,19843550447;31,3288151372609;52,0185215149633
"Ta_Ne_Omotic";"r0";0,968103293217605;32,130458817026;32,4148290052505;32,131866590235;48,1713323093421
"Ta_Ne_Omotic";"r0";0,965326813623896;31,1402248019163;32,5831736909323;31,1473681132481;48,1742553498206
"Ta_Ne_Omotic";"r0";0,959817739854581;31,2795282845034;31,0934511139492;31,2786071103918;53,6292055054273
"Ta_Ne_Omotic";"r0";0,951742906591725;30,0707573244887;31,7151376472258;30,0788978211359;49,5342184176694
"Ta_Ne_Omotic";"r0";0,968032257777302;31,5811682329095;32,1964133673904;31,584214000902;50,116523499458
"Ta_Ne_Omotic";"r0";0,968667126364065;31,5223880597015;31,3899460763445;31,5217324063185;51,8789393647988
"Ta_Ne_Omotic";"r0";0,963763647063353;32,3305693753455;33,0372357031361;32,3340677235029;46,8118978923105
"Ta_Ne_Omotic";"r0";0,954516952663506;31,5844849824949;32,2662374059884;31,5878599944924;46,650776749119
"Ta_Ne_Omotic";"r0";0,950010153458559;29,2605491063202;30,5833439761601;29,2670975957749;50,5861079376022
"Ta_Ne_Omotic";"r0";0,949307568151001;28,6497143910079;31,7735774088264;28,665179059413;47,0110486692821
"Ta_Ne_Omotic";"r0";0,949087729534656;29,2887414777962;30,8994146445296;29,2967151073345;49,1159992696147
"Ta_Ne_Omotic";"r0";0,957014181482578;31,6292611018979;31,9480097914006;31,6308390657073;48,7759993206397
"Ta_Ne_Omotic";"r0";0,953190655691058;29,2594435231251;29,9513977579112;29,2628690391389;55,9577637500849
"Ta_Ne_Omotic";"r0";0,967285706803478;31,4809286898839;33,9662977153399;31,4932324969406;44,7587901081151
"Ta_Ne_Omotic";"r0";0,96252003798426;30,9122903998526;31,7993614303959;30,9166818405979;50,6769692845102
"Ta_Ne_Omotic";"r0";0,96140161663422;31,0313248571955;32,4001986660991;31,0381014602099;48,3609936489282
"Ta_Ne_Omotic";"r0";0,947606004688609;30,1772618389534;30,9651234567901;30,1811621439922;50,0754725530656
"Ta_Ne_Omotic";"r0";0,961301787944677;32,149622259075;33,6878849155669;32,1572374207408;45,5148241130357
"Ta_Ne_Omotic";"r0";0,952721202653623;30,4610281923715;31,9635766993047;30,4684665513167;50,7667057754113
"Ta_Ne_Omotic";"r0";0,967921121888196;32,2049014188318;33,0296615581098;32,2089843898183;46,3054782690872
"Ta_Ne_Omotic";"r0";0,955621674712427;30,846508199742;31,4205371079892;30,8493499270106;52,5545310991586
"Ta_Ne_Omotic";"r0";0,962951326964453;30,8662244333886;33,4837909748829;30,879182683594;46,2828609830698
"Ta_Ne_Omotic";"r0";0,956052459169897;30,6884098028377;29,9943557542217;30,6849738917059;57,0422205019384
"Ta_Ne_Omotic";"r0";0,957237025172667;32,3648424543947;32,3880764864481;32,3649574743554;47,5091541438987
"Ta_Ne_Omotic";"r0";0,947254782943861;30,7307904919845;30,7281183482333;30,7307772635501;51,4295242633366
"Ta_Ne_Omotic";"r0";0,963481297601295;31,6904367053621;32,2725415070243;31,693318412301;47,9696004203245
"Ta_Ne_Omotic";"r0";0,944598391419349;30,8514833241201;30,5324074074074;30,849903740374;52,5592786956388
"Ta_Ne_Omotic";"r0";0,957895340264935;31,5207296849088;30,3940151837661;31,5151518903487;56,0524614769152
"Ta_Ne_Omotic";"r0";0,950063465409279;30,3624470241386;32,0181566624095;30,3706436065062;48,7877323142967
"Ta_Ne_Omotic";"r0";0,968628253307021;31,2010318776488;31,8102845182347;31,2040479798299;49,5260584203999
"Ta_Ne_Omotic";"r0";0,96635244601801;31,2227750138198;35,3957570597417;31,2434333407798;42,400204538199
"Ta_Ne_Omotic";"r0";0,973455141767494;32,3775566611388;33,868738470271;32,3849387493028;46,3583129054651
"Ta_Ne_Omotic";"r0";0,955594478928917;29,9740187949143;31,4981907194551;29,9815642004813;49,4501371100414
"Ta_Ne_Omotic";"r0";0,954318479502315;28,7978625391561;32,7386334610473;28,8173713060961;44,5904543789615
"Ta_Ne_Omotic";"r0";0,953734792376241;31,2511516491616;30,7321590747836;31,2485823789914;54,7058387018273
"Ta_Ne_Omotic";"r0";0,961795552945613;32,3996683250415;32,2859053497942;32,3991051419957;50,5460393884616
"Ta_Ne_Omotic";"r0";0,96076249841599;30,7420305878017;32,2034234425997;30,7492652058948;49,6812641414028
"Ta_Ne_Omotic";"r0";0,96118301771935;31,1505435784043;32,4274301121044;31,1568647988681;49,1218176713617
"Ta_Ne_Omotic";"r0";0,959106689976175;31,8290031324857;32,1939974457216;31,8308100350265;48,1860320939003
"Ta_Ne_Omotic";"r0";0,959770412308624;31,0163994840612;31,3278061586491;31,0179411012621;49,9679336815295
"Ta_Ne_Omotic";"r0";0,957276466804861;29,6292611018979;32,1183304952462;29,6415832276076;47,0443482293444
"Ta_Ne_Omotic";"r0";0,951796706339779;31,3056937534549;31,4282212288917;31,3063003251155;50,7171653411451
"Ta_Ne_Omotic";"r0";0,937383527926488;30,6263128800442;30,5005321413367;30,6256902031199;50,5987428888368
"Ta_Ne_Omotic";"r0";0,960959737059819;32,10226644555;32,3153434085426;32,1033212820005;51,3069950791669
"Ta_Ne_Omotic";"r0";0,952630649328368;30,6747479533549;32,0084645948631;30,6813505109861;47,5702082218559
"Ta_Ne_Omotic";"r0";0,96363567224232;31,2413593408618;31,0509188307081;31,2404165660591;57,3976395555229
"Ta_Ne_Omotic";"r0";0,957179255273075;30,6865671641791;30,8811905775507;30,6875306464235;53,459523707931
"Ta_Ne_Omotic";"r0";0,95659871395313;30,1544131195872;32,8797289626792;30,1679047821768;43,8417533161808
"Ta_Ne_Omotic";"r0";0,951168452512123;30,8828081813156;30,4297644387683;30,8805653905109;50,4142266998222
"Ta_Ne_Omotic";"r0";0,959252081406655;32,0748111295375;32,8211189158507;32,078505722539;47,5551019540663
"Ta_Ne_Omotic";"r0";0,961269245519214;32,0414593698176;33,15381367958;32,0469660743214;44,3825037716433
"Ta_Ne_Omotic";"r0";0,965712304773231;31,6985443154597;32,8832978572442;31,7044094320032;48,8191231167848
"Ta_Ne_Omotic";"r0";0,955369817028411;31,6843559977888;31,6462892010785;31,6841675483002;51,9349918120858
"Ta_Ne_Omotic";"r0";0,960937693181775;32,2922424912475;32,7599581382148;32,2945579152424;48,1720798248645
"Ta_Ne_Omotic";"r0";0,949910507928934;30,1684171733923;29,2617106570172;30,1639285272716;55,7553325525866
"Ta_Ne_Omotic";"r0";0,967439792981256;31,818184211219;34,3119802752945;31,8305297362887;44,1338073992563
"Ta_Ne_Omotic";"r0";0,955154202602355;29,636815920398;32,3793493685256;29,6503928186561;47,805029441249
"Ta_Ne_Omotic";"r0";0,970011869421618;32,3700018426387;33,6228359585639;32,3762039917274;46,1261936509517
"Ta_Ne_Omotic";"r0";0,967585443439096;31,51667587986;32,6262594011636;31,5221688675892;52,3307997531014
"Ta_Ne_Omotic";"r0";0,958198965534261;30,7313432835821;30,4942741592167;30,7301696740555;53,8534479575599
"Ta_Ne_Omotic";"r0";0,954599724238183;32,1337755666114;31,4739818362424;32,1305092610155;53,6861611421753
"Ta_Ne_Omotic";"r0";0,966719616717816;32,653399668325;32,77170781893;32,6539853522389;50,8900540504449
"Ta_Ne_Omotic";"r0";0,964933968180759;31,3443891652847;31,6635766993047;31,3459693015917;49,4397713352922
"Ta_Ne_Omotic";"r0";0,955352429128559;31,0105030403538;30,9025862068966;31,009968798604;51,8619951473626
"Ta_Ne_Omotic";"r0";0,963246992833652;32,3864539735186;31,5956399886477;32,3825390528015;55,2523608954779
"Ta_Ne_Omotic";"r0";0,963343361133568;30,6336834346785;32,4758194976586;30,6428029201388;47,9268159204142
"Ta_Ne_Omotic";"r0";0,958551686111111;31,4346784595541;31,8717007237122;31,4368419361093;50,8336978414856
"Ta_Ne_Omotic";"r0";0,968209071044884;33,2668140777593;33,8067617425855;33,2694870860011;46,1513719400657
"Ta_Ne_Omotic";"r0";0,961859718892298;31,4350469872858;32,4966865332766;31,4403026286026;48,1076114588378
"Ta_Ne_Omotic";"r0";0,962539777818925;30,3994840611756;31,9231410529303;30,4070269175704;50,0953024620813
"Ta_Ne_Omotic";"r0";0,953351246274225;30,1923714759536;31,7704874414645;30,2001839312284;49,800973319292
"Ta_Ne_Omotic";"r0";0,954425540157513;28,4022480191634;31,1255427841635;28,4157296764159;47,9423089394711
"Ta_Ne_Omotic";"r0";0,957143877896106;30,9544868251336;32,5239108840641;30,9622562511679;46,5875804726176
"Ta_Ne_Omotic";"r0";0,9680584797866;31,4250967385296;31,8679686391372;31,4272891736811;51,2855241708811
"Ta_Ne_Omotic";"r0";0,971282474063487;32,1883176709047;32,1982403859799;32,1883667932566;51,253081542411
"Ta_Ne_Omotic";"r0";0,96109698031234;30,0886309194767;31,972992053356;30,0979594399414;47,8837740991746
"Ta_Ne_Omotic";"r0";0,960368971212185;31,3458632762115;32,6354015893288;31,3522471292468;44,7179501485002
"Ta_Ne_Omotic";"r0";0,967190797540308;31,8126036484245;33,0392259117355;31,8186760358667;45,8337196675392
"Ta_Ne_Omotic";"r0";0,962155621408631;30,4241754192003;32,5182027813254;30,43454189129;48,1445598150688
"Ta_Ne_Omotic";"r0";0,953364027423302;30,9439837847798;30,6565666240954;30,9425609275487;51,5706968470236
"Ta_Ne_Omotic";"r0";0,958769583422671;29,1995577667219;30,6425606641124;29,2067013454219;51,5651223362881
"Ta_Ne_Omotic";"r0";0,962351603587682;31,1802100608071;32,5165283099191;31,1868254976839;46,3439785969811
"Ta_Ne_Omotic";"r0";0,95939359589553;31,6421595725078;32,9434262806868;31,6486014869048;46,5959360383789
"Ta_Ne_Omotic";"r0";0,952202225452878;30,1990049751244;31,3493117638712;30,2046995631875;48,8014546162276
"Ta_Ne_Omotic";"r0";0,957701624429666;32,111295374977;31,789247197389;32,1097010770681;52,2326317570814
"Ta_Ne_Omotic";"r0";0,951775483094739;30,5614519992629;30,9626259401164;30,5634380088711;52,488603600523
"Ta_Ne_Omotic";"r0";0,96401663320634;30,5336281555187;33,1300659855258;30,5464818081425;46,3808764585797
"Ta_Ne_Omotic";"r0";0,962462432391178;31,1599410355629;32,867858663261;31,1683960733238;46,46154291394
"Ta_Ne_Omotic";"r0";0,96061838017779;32,0667035194398;31,7592024975167;32,0651812371531;50,1974070292421
"Ta_Ne_Omotic";"r0";0,959969897631;29,7163915870384;32,6494607634454;29,730911731476;47,7209629679933
"Ta_Ne_Omotic";"r0";0,958816437453815;31,7803574718998;31,6448346814247;31,7796865669964;50,2181414902571
"Ta_Ne_Omotic";"r0";0,962846747695711;30,4571060043697;32,0785688945651;30,4651330483806;47,9585248524432
"Ta_Ne_Omotic";"r0";0,952963767364448;30,8905472636816;32,0298992479069;30,8961876200391;47,7044510130123
"Ta_Ne_Omotic";"r0";0,941162516863256;30,1387506909895;29,819462182489;30,1371700548088;53,3179774623439
"Ta_Ne_Omotic";"r0";0,963658151624846;32,974387322646;32,7560061018873;32,9733062274938;45,982780906204
"Ta_Ne_Omotic";"r0";0,970441084460407;31,8489036299982;33,9624201787995;31,85936658321;45,6055744060396
"Ta_Ne_Omotic";"r0";0,954584154239025;30,3027455316013;30,4608485880517;30,3035282199995;52,6492627642387
"Ta_Ne_Omotic";"r0";0,963141117542046;31,2795282845034;32,2396764580673;31,2842814932834;49,4590460814956
"Ta_Ne_Omotic";"r0";0,958504222029851;30,0562004790861;32,8791294167731;30,0701753748172;48,2833196323188
"Ta_Ne_Omotic";"r0";0,951276229853767;31,57803574719;30,5690825883355;31,5730409295719;50,1181100370709
"Ta_Ne_Omotic";"r0";0,960446377522166;31,3773723972729;32,5470980559103;31,3831631183553;48,5386223930011
"Ta_Ne_Omotic";"r0";0,954544337801156;29,2097712495722;31,5327976443877;29,2212713802396;48,4254237314705
"Ta_Ne_Omotic";"r0";0,962911945992603;31,7158651188502;32,2455335603803;31,7184872398479;49,7559013577564
"Ta_Ne_Omotic";"r0";0,94854746760047;29,0160309563295;30,741372215127;29,0245722496898;48,6512550255651
"Ta_Ne_Omotic";"r0";0,962484506968548;31,6274184632394;31,9395806726267;31,6289638207116;51,3877525281742
"Ta_Ne_Omotic";"r0";0,96801303833076;31,2970333517597;32,0788030367532;31,3009034987151;50,0766462486615
"Ta_Ne_Omotic";"r0";0,951041546271492;29,0630182421227;30,8707286788704;29,0719673036908;50,0703741483707
"Ta_Ne_Omotic";"r0";0,958247662843783;30,8822553897181;32,9483468142472;30,892483565087;45,5646274433721
"Ta_Ne_Omotic";"r0";0,971125534340145;32,8155518702782;33,2420746416915;32,8176633691466;48,3729234618344
"Ta_Ne_Omotic";"r0";0,968095667616843;32,3029297954671;33,0268270185895;32,3065134450865;48,2776236911821
"Ta_Ne_Omotic";"r0";0,966198264342068;31,6521098212641;31,5730949340145;31,6517186584559;52,2671732121097
"Ta_Ne_Omotic";"r0";0,961370357813973;31,2909526441865;31,3760571874557;31,2913739538066;52,1670379379018
"Ta_Ne_Omotic";"r0";0,94604186245956;30,1203243044039;30,7961543919398;30,1236699979066;51,0091524355906
"Ta_Ne_Omotic";"r0";0,954576116762435;30,8901787359499;30,1881332481907;30,8867032632382;54,2876754221354
"Ta_Ne_Omotic";"r0";0,959947926157796;30,8971807628524;30,8960408684547;30,8971751198108;54,771418164975
"Ta_Ne_Omotic";"r0";0,965088278087855;32,6309194766906;31,4957535121328;32,6252998432027;52,0289547776135
"Ta_Ne_Omotic";"r0";0,949142870720387;28,5432098765432;31,8175039023698;28,5594192529087;47,2236665995034
"Ta_Ne_Omotic";"r0";0,966323033414193;31,5865118850193;32,0044699872286;31,5885809845352;49,6761029842419
"Ta_Ne_Omotic";"r0";0,964236506746535;30,4426018057859;33,662558535547;30,4585421856362;44,7861728565165
"Ta_Ne_Omotic";"r0";0,965331490474643;31,4241754192003;33,8414325244785;31,4361420385334;44,1145443682837
"Ta_Ne_Omotic";"r0";0,971064106522991;31,3569980783911;33,9933092095927;31,3700491235951;45,9032120894771
"Ta_Ne_Omotic";"r0";0,959357034381786;29,7895706651926;32,4665105718746;29,8028228429484;45,5696463562562
"Ta_Ne_Omotic";"r0";0,961041167394813;30,7919660954487;32,6408578118348;30,8011190247377;48,0871212289438
"Ta_Ne_Omotic";"r0";0,957920719185193;32,8113138013636;32,6997374769405;32,8107614433219;47,418964405169
"Ta_Ne_Omotic";"r0";0,94424214329888;30,0711258522204;30,4098588051653;30,072802748027;49,9855146957091
"Ta_Ne_Omotic";"r0";0,960438233975155;28,5866961488852;31,6696111820633;28,601958104495;49,1778720646699
"Ta_Ne_Omotic";"r0";0,95332827658098;29,4735581352497;30,6555200794664;29,4794094320032;52,3534320974179
"Ta_Ne_Omotic";"r0";0,962820364868543;31,0073705546342;31,1662338583794;31,008157006633;51,6282483286878
"Ta_Ne_Omotic";"r0";0,952405259124606;31,4186475032246;30,7142649354335;31,4151604608098;49,2197661038904
"Ta_Ne_Omotic";"r0";0,960835284122391;29,9716233646582;31,1234390520789;29,9773254225167;51,9189324160882
"Ta_Ne_Omotic";"r0";0,957151954455118;31,280081076101;31,0392294593444;31,2788887413646;50,7110417136833
"Ta_Ne_Omotic";"r0";0,952621646312006;30,7720655979362;30,4983326238116;30,770710484203;54,160287874713
"Ta_Ne_Omotic";"r0";0,958914646317315;30,4365210982126;33,4076060735065;30,4512294396745;46,0167668394216
"Ta_Ne_Omotic";"r0";0,966060784897368;29,9627786990971;32,8338229033631;29,9769917892172;48,13131443253
"Ta_Ne_Omotic";"r0";0,95913173041677;31,5432098765432;31,6358627784873;31,5436685542756;52,6115221150592
"Ta_Ne_Omotic";"r0";0,963009291862922;29,7857011240096;31,3871718461757;29,7936291968916;51,0747647996002
"Ta_Ne_Omotic";"r0";0,956814025649593;30,9664639764142;33,422953029658;30,9786248133115;43,9054295417095
"Ta_Ne_Omotic";"r0";0,962042811126839;31,2290399852589;31,9470448417766;31,2325944647466;47,7783547458887
"Ta_Ne_Omotic";"r0";0,95884494745413;31,5655058043118;31,9670178799489;31,5674934878545;48,6465413248136
"Ta_Ne_Omotic";"r0";0,969709867625288;33,514096185738;32,8748722860792;33,5109317109872;50,8427475730726
"Ta_Ne_Omotic";"r0";0,960621673976704;30,5949880228487;32,5248758336881;30,6045419229024;47,3681769127611
"Ta_Ne_Omotic";"r0";0,959482143561482;32,0099502487562;31,9499148573861;32,0096530438484;50,337012768309
"Ta_Ne_Omotic";"r0";0,960518945673861;32,6915422885572;32,4869483468142;32,6905294472615;49,7988338957395
"Ta_Ne_Omotic";"r0";0,951789999136918;29,4409434309932;31,2563537675607;29,4499306108772;49,2666341536066
"Ta_Ne_Omotic";"r0";0,95703066982161;29,8531416989128;31,6002376897971;29,8617906889667;48,9670080752982
"Ta_Ne_Omotic";"r0";0,963064213238327;33,4407591671273;32,4806513409962;33,4360061580871;50,2532744953402
"Ta_Ne_Omotic";"r0";0,958638940165137;30,2074811129538;31,9362246345963;30,2160392491995;50,621971705472
"Ta_Ne_Omotic";"r0";0,955436270536013;30,6030956329464;31,7762523059458;30,6089033392484;47,378991152319
"Ta_Ne_Omotic";"r0";0,961946610389249;32,2064544999868;32,8842379736058;32,2098098637176;48,0685950200427
"Ta_Ne_Omotic";"r0";0,966928519831377;32,6736686935692;31,8754895700298;32,6697173117695;51,386092458101
"Ta_Ne_Omotic";"r0";0,975362928760838;33,5990418278976;34,6295019157088;33,604143115461;45,1791880547369
"Ta_Ne_Omotic";"r0";0,966436517291507;32,2703150912106;33,0138143891017;32,2739957808041;47,9491506495105
"Ta_Ne_Omotic";"r0";0,965388151310366;31,8975492905841;33,131098339719;31,9036559690452;47,1520183926049
"Ta_Ne_Omotic";"r0";0,954880814795324;30,48332412014;31,1084823329076;30,4864189627775;50,5790478185139
"Ta_Ne_Omotic";"r0";0,961872424847772;32,2209323751612;32,8860046828438;32,224224812328;47,849991960311
"Ta_Ne_Omotic";"r0";0,951606475321166;30,2347521651004;31,4108663260962;30,2405745124321;47,7832429648813
"Ta_Ne_Omotic";"r0";0,94831947979953;29,2246176524783;30,1560344827586;29,2292286268857;54,9788233586019
"Ta_Ne_Omotic";"r0";0,954413474417186;29,70075548185;31,2398148148148;29,7083745874587;49,7954186906019
"Ta_Ne_Omotic";"r0";0,955306204993512;30,0442233278054;32,0731091244501;30,0542673168977;47,8117004388605
"Ta_Ne_Omotic";"r0";0,960488588597632;30,3889810208218;32,6279232297432;30,4000648931432;46,6965210553339
"Ta_Ne_Omotic";"r0";0,956982114516218;30,6156255758246;31,7162338583795;30,6210741316788;48,2208736702102
"Ta_Ne_Omotic";"r0";0,97039108300065;32,0987654320988;33,7126436781609;32,1067549283664;46,8179052283891
"Ta_Ne_Omotic";"r0";0,95797445469914;31,4965911184817;32,6130587484036;31,5021181859565;48,3363536569876
"Ta_Ne_Omotic";"r0";0,95841050495001;31,0849456421596;30,8209521782319;31,0836387438233;53,644412206495
"Ta_Ne_Omotic";"r0";0,95816645767071;30,1308273447577;31,4398112672059;30,1373074631857;50,5633180341016
"Ta_Ne_Omotic";"r0";0,957124970956368;29,2336465819053;30,7584007379027;29,2411948698063;51,9246538146768
"Ta_Ne_Omotic";"r0";0,954993403264926;30,6858301087157;31,0452816801476;30,6876095719406;50,0358538356105
"Ta_Ne_Omotic";"r0";0,956256988190288;30,4239911553344;32,1984638853413;30,4327756737998;46,835604241546
"Ta_Ne_Omotic";"r0";0,957600515058372;30,3880597014925;30,5636795799631;30,3889291068315;51,977073981277
"Ta_Ne_Omotic";"r0";0,960702981965596;32,084392850562;32,7095253299276;32,0874875658064;47,0873952162552
"Ta_Ne_Omotic";"r0";0,957507561406281;30,785148332412;30,5961402015042;30,7842126485956;50,5055609773407
"Ta_Ne_Omotic";"r0";0,956201995047353;29,8758061544131;30,8060841492834;29,8804114910214;51,1180245585088
"Ta_Ne_Omotic";"r0";0,960281431552651;29,8852036115718;32,0554846033773;29,8959475768777;50,2277869856809
"Ta_Ne_Omotic";"r0";0,955449820804822;30,9824949327437;32,3906023839932;30,9894657617103;45,8895105467127
"Ta_Ne_Omotic";"r0";0,958275977382128;31,8385848535102;30,8855576841209;31,8338668972261;55,3972000268732
"Ta_Ne_Omotic";"r0";0,958626901412262;32,236594803759;30,9349723286505;32,2301511281396;52,6291911151492
"Ta_Ne_Omotic";"r0";0,968659513042327;30,0705730606228;32,6403540513694;30,0832947486958;51,5502999477074
"Ta_Ne_Omotic";"r0";0,96538002163886;30,3313064308089;33,2002483326238;30,3455091134912;45,2914126912768
"Ta_Ne_Omotic";"r0";0,958110850898571;30,5072784227013;31,7546225344118;30,5134533935514;48,6129769337764
"Ta_Ne_Omotic";"r0";0,970594356845774;32,6067809102635;32,2095785440613;32,604814561916;51,8292721765968
"Ta_Ne_Omotic";"r0";0,959286067593903;29,7696701676801;30,6840854264226;29,7741969758917;50,9123992995392
"Ta_Ne_Omotic";"r0";0,963220042325627;31,5944352312512;31,5628778203491;31,5942790064447;52,4652258984096
"Ta_Ne_Omotic";"r0";0,966787003351446;31,4370738898102;32,7138356747552;31,443394492706;49,486564956662
"Ta_Ne_Omotic";"r0";0,958905577722585;31,9876543209877;31,1062225060309;31,9832907971512;53,1947940157858
"Ta_Ne_Omotic";"r0";0,963118678205535;32,0361157177078;32,2914254292607;32,0373796271709;50,3588689629945
"Ta_Ne_Omotic";"r0";0,954505139562473;31,7985995946195;32,6113984674329;31,8026233514156;49,0026306477974
"Ta_Ne_Omotic";"r0";0,955631094973249;31,5386032798968;30,754576415496;31,5347219587859;53,7680957250049
"Ta_Ne_Omotic";"r0";0,963057275573055;32,6333149069468;33,6840251170711;32,6385164426404;46,6803678529863
"Ta_Ne_Omotic";"r0";0,958955362964072;32,6322093237516;32,5731410529303;32,6319169065693;50,4143473748286
"Ta_Ne_Omotic";"r0";0,956997261967557;31,4661875806154;33,1624059883638;31,4745847014459;46,1680312478378
"Ta_Ne_Omotic";"r0";0,951735694313189;29,6434494195688;30,4268341138073;29,6473275616195;52,2198322105846
"Ta_Ne_Omotic";"r0";0,957121484643023;30,2496775382348;30,232024265645;30,2495901457962;55,1694441281264
"Ta_Ne_Omotic";"r0";0,967339531038548;31,6705362078496;33,0480949340145;31,6773558055039;48,1056411975196
"Ta_Ne_Omotic";"r0";0,959102092956137;29,0270604648714;33,0156981694338;29,0468061960821;44,1777543839656
"Ta_Ne_Omotic";"r0";0,949933178662996;30,3451262207481;30,9795267489712;30,3482668174225;50,0477497511222
"Ta_Ne_Omotic";"r0";0,96533529537824;30,9867330016584;32,6247374769405;30,9948419347043;47,2839760114938
"Ta_Ne_Omotic";"r0";0,955869836103631;31,3178551686014;31,0313892436498;31,3164370204581;51,3584882962662
"Ta_Ne_Omotic";"r0";0,953831904087332;32,3736871199558;32,7254186178516;32,3754283649949;46,6941509625047
"Ta_Ne_Omotic";"r0";0,958641349740442;29,5308641975309;32,3173690932312;29,5446587762225;45,9343571342938
"Ta_Ne_Omotic";"r0";0,958486766391808;30,2504145936982;31,6323506456648;30,2572558612822;49,0105436135745
"Ta_Ne_Omotic";"r0";0,950277649961219;29,0291136908052;30,5331772385412;29,0365595499524;53,4775522281607
"Ta_Ne_Omotic";"r0";0,970471888380983;31,9041827897549;33,234993614304;31,9107709621537;46,6464621489892
"Ta_Ne_Omotic";"r0";0,96246609622461;31,1258522203796;31,6785121328225;31,1285881605402;48,8384505565638
"Ta_Ne_Omotic";"r0";0,950499708188134;31,1809471162705;30,6351319710515;31,1782450610961;50,0974575846837
"Ta_Ne_Omotic";"r0";0,960456196834486;31,5660585959093;30,9220945083014;31,5628706548816;52,2319043349071
"Ta_Ne_Omotic";"r0";0,955431989605239;29,3594988022849;30,3447850149;29,3643764568028;51,5165579081008
"Ta_Ne_Omotic";"r0";0,944124737241534;28,4496038326884;30,0438945650631;28,4574963610665;50,9240201567401
"Ta_Ne_Omotic";"r0";0,967849384159038;31,3316749585406;32,9972506030935;31,3399203825236;46,6207012088092
"Ta_Ne_Omotic";"r0";0,957210294480695;30,3489957619311;30,2732723144601;30,3486208933792;56,3563491354868
"Ta_Ne_Omotic";"r0";0,968180689703581;33,1544131195873;33,4219384135093;33,1557375022304;49,1602577100165
"Ta_Ne_Omotic";"r0";0,959106242821186;32,1050304035379;32,2691606357315;32,1058429294398;50,6326970906892
"Ta_Ne_Omotic";"r0";0,956163987516201;31,2861617836742;33,0692706116078;31,2949890550996;45,8140207370849
"Ta_Ne_Omotic";"r0";0,964082960585276;32,529390086604;31,9020363275153;32,5262843749254;50,6296210139392
"Ta_Ne_Omotic";"r0";0,972798705923758;29,812050856827;32,6320136228182;29,8260110685398;48,8363897193487
"Ta_Ne_Omotic";"r0";0,967039245551537;29,769854431546;32,5797396055059;29,7837647541893;48,3113733370784
"Ta_Ne_Omotic";"r0";0,957074329486479;30,0672563110374;31,0377359159926;30,0720606655174;50,5030478629225
"Ta_Ne_Omotic";"r0";0,963123244420852;31,4967753823475;31,3410777635873;31,4960046020566;54,125950599211
"Ta_Ne_Omotic";"r0";0,966091073493787;31,5682697622996;32,6709131545338;31,5737283929542;48,0534347018618
"Ta_Ne_Omotic";"r0";0,965311720804175;32,8958909157914;33,8648290052505;32,9006876390066;46,5394524582967
"Ta_Ne_Omotic";"r0";0,957290113342786;30,4582642343836;33,087959415354;30,4712825273587;44,8733369948818
"Ta_Ne_Omotic";"r0";0,963113066785024;31,2771328542473;31,719423158791;31,2793224102104;54,4817867385959
"Ta_Ne_Omotic";"r0";0,961562430232891;32,8186843559978;32,3096672342841;32,8161644692566;48,7008959093259
"Ta_Ne_Omotic";"r0";0,961435586116838;30,9183711074258;32,629452249184;30,9268418061474;47,034778834406
"Ta_Ne_Omotic";"r0";0,95761260469661;33,1912658927584;32,5850397332198;33,1882647731568;47,9611372317086
"Ta_Ne_Omotic";"r0";0,951069341483716;29,0698360051594;31,8817156236696;29,0837562012906;47,183092146463
"Ta_Ne_Omotic";"r0";0,961581354218306;30,0580431177446;31,8256492124308;30,0667936429658;48,5351631846025
"Ta_Ne_Omotic";"r0";0,962635977275972;33,2716049382716;32,7272030651341;33,2689098794937;48,9308236530138
"Ta_Ne_Omotic";"r0";0,959823363460005;30,1741293532338;30,9706364410387;30,1780724576289;50,2442568150676
"Ta_Ne_Omotic";"r0";0,958501380554696;32,1875806154413;33,6726408400738;32,1949323987316;47,7772330707036
"Ta_Ne_Omotic";"r0";0,962158102820008;31,9318223696333;33,9585639279126;31,9418557436842;44,2540360013646
"Ta_Ne_Omotic";"r0";0,969982204797632;32,1249309010503;33,7408968355329;32,1329307324091;49,0001913535467
"Ta_Ne_Omotic";"r0";0,958236920515329;31,0099502487562;32,3864445863488;31,0167645771601;47,7657659165576
"Ta_Ne_Omotic";"r0";0,955530713130535;31,4276764326516;32,277245636441;31,4318822207891;48,1166696811058
"Ta_Ne_Omotic";"r0";0,960984301395937;30,3217247097844;31,4531680147581;30,3273259142645;48,6830271236796
"Ta_Ne_Omotic";"r0";0,959814568870091;31,3867698544315;31,2994323825741;31,3863374907095;50,5752708034794
"Ta_Ne_Omotic";"r0";0,952452687169117;31,5772986917266;30,7756846885199;31,5733303055721;51,3152231293483
"Ta_Ne_Omotic";"r0";0,955042876518977;31,2924267551133;30,9717858663261;31,2908394239807;51,5292881497847
"Ta_Ne_Omotic";"r0";0,960020602227728;31,4991708126037;31,6040300837236;31,4996899179062;49,2238794503613
"Ta_Ne_Omotic";"r0";0,956707710233161;29,5881702598121;31,6542358450404;29,5983983072637;49,127165670047
"Ta_Ne_Omotic";"r0";0,955935749488509;28,8632762115349;30,8486448133958;28,8731047689699;49,4886226712952
"Ta_Ne_Omotic";"r0";0,959570289079538;30,6248387691174;31,7607350645665;30,6304620181048;50,4966811864933
"Ta_Ne_Omotic";"r0";0,956891189891804;30,728947853326;30,5780012771392;30,7282005930478;51,2347922350997
"Ta_Ne_Omotic";"r0";0,941442116993275;30,1057674590013;31,1167127855825;30,1107721388358;48,2945793168921
"Ta_Ne_Omotic";"r0";0,964797142344661;30,7097844112769;32,5574925500213;30,7189314812707;47,7502507930537
"Ta_Ne_Omotic";"r0";0,965717376406326;30,673852957435;30,0128884631758;30,6705808559783;58,0245299432446
"Ta_Ne_Omotic";"r0";0,96966729470316;32,424543946932;34,147953029658;32,4330756750643;42,9675051156317
"Ta_Ne_Omotic";"r0";0,966363578750399;31,4064860880781;32,1162693344686;31,4099998665256;50,2489119699093
"Ta_Ne_Omotic";"r0";0,967642113529218;31,6250230329832;31,7756988789556;31,6257689530128;49,6394705346222
"Ta_Ne_Omotic";"r0";0,954231398137293;31,103556292611;30,8612849439478;31,1023569294988;50,5036680931624
"Ta_Ne_Omotic";"r0";0,959806391102684;31,6403169338493;31,6671030225628;31,6404495382488;51,2080575993804
"Ta_Ne_Omotic";"r0";0,954170886822162;30,0368527731712;31,1036469419611;30,0421339324226;51,4398034169774
"Ta_Ne_Omotic";"r0";0,96254337898881;28,8293716602174;32,5322832410955;28,8477029056673;47,3200010396102
"Ta_Ne_Omotic";"r0";0,956074580435401;30,6148885203612;30,8968639137222;30,6162844381501;51,010550891882
"Ta_Ne_Omotic";"r0";0,951521504625471;30,3340703887968;31,945224918405;30,3420464013196;48,9254960813882
"Ta_Ne_Omotic";"r0";0,945420737532899;30,7440574903261;30,839846743295;30,7445316945488;50,279139644738
"Ta_Ne_Omotic";"r0";0,956650248906424;31,6108347153123;31,649517525188;31,6110262143711;50,7987272994971
"Ta_Ne_Omotic";"r0";0,960626259193025;28,6727473742399;31,1485348375195;28,6850037478205;50,0736221385507
"Ta_Ne_Omotic";"r0";0,967983707127237;32,2561267735397;32,6385305803888;32,2580198616924;50,065141654069
"Ta_Ne_Omotic";"r0";0,947351306825605;30,465450525152;31,9627359159926;30,4728628290671;48,4551959246457
"Ta_Ne_Omotic";"r0";0,960235125496852;30,9738345310485;31,9487796225344;30,9786609918974;48,0859384800278
"Ta_Ne_Omotic";"r0";0,95706570865556;32,0462502303298;31,9833439761601;32,04593881323;49,8996681091158
"Ta_Ne_Omotic";"r0";0,948583155540563;29,9437995209139;30,4370512274727;29,9462413610454;52,3109558097901
"Ta_Ne_Omotic";"r0";0,961465182608692;32,1545973834531;31,9374450120619;32,1535223717135;50,3426486177435
"Ta_Ne_Omotic";"r0";0,958447314385691;30,1212456237332;31,26805732936;30,1269229094046;48,9174305359116
"Ta_Ne_Omotic";"r0";0,967311713791666;32,3792150359315;32,2738292890592;32,3786933243133;52,0801135594501
"Ta_Ne_Omotic";"r0";0,958238856433874;32,0713101160862;31,745505179509;32,0696972203606;50,9448885285376
"Ta_Ne_Omotic";"r0";0,960329414205385;30,8618021006081;33,0742266212573;30,8727546972449;47,0596932305719
"Ta_Ne_Omotic";"r0";0,941420152788791;30,3624470241386;31,1156023839932;30,366175516019;49,6439220060895
"Ta_Ne_Omotic";"r0";0,958910547950875;30,2690252441496;32,5867780615865;30,2804992679983;45,6178022850973
"Ta_Ne_Omotic";"r0";0,965156265414651;31,4792703150912;33,3525152547183;31,4885438048913;44,5459345227716
"Ta_Ne_Omotic";"r0";0,961718029248435;30,2859775198084;30,7404569320278;30,2882274178887;54,0926486332362
"Ta_Ne_Omotic";"r0";0,950605798731249;31,7239727289479;31,2706896551724;31,7217287533351;52,0919473887387
"Ta_Ne_Omotic";"r0";0,958500896820849;28,6483192503093;31,0871221796509;28,6603925321377;48,9261810341571
"Ta_Ne_Omotic";"r0";0,961941595073449;30,3117744610282;31,6241734071236;30,3182714855138;50,471388536528
"Ta_Ne_Omotic";"r0";0,960209266791665;31,2408328726737;30,556903646942;31,2374470844275;54,6520996945809
"Ta_Ne_Omotic";"r0";0,968555458918843;29,9561451999263;34,0752873563218;29,9765369927797;45,8841887307321
"Ta_Ne_Omotic";"r0";0,956868517983447;31,2150359314538;32,4813041010359;31,2213045857587;46,216847532027
"Ta_Ne_Omotic";"r0";0,963748946092939;31,855537129169;33,6369306087697;31,864355908771;49,5067540165307
"Ta_Ne_Omotic";"r0";0,95039926203535;29,8496406854616;30,9134880090819;29,8549072563706;50,8649595133355
"Ta_Ne_Omotic";"r0";0,962983698809752;31,3851114796388;32,2579324535263;31,3894323755492;52,4636437600555
"Ta_Ne_Omotic";"r0";0,961144471029614;30,665008291874;32,9154817652902;30,6761492496632;47,8491427650294
"Ta_Ne_Omotic";"r0";0,960742500768798;31,0464344941957;30,8857634454378;31,0456390929642;53,7729411793498
"Ta_Ne_Omotic";"r0";0,971543652751249;32,296664824028;31,9786859656591;32,2950906712638;51,9199549101884
"Ta_Ne_Omotic";"r0";0,961715023183399;30,1984521835268;33,0453668227615;30,2125458203547;46,3666196689591
"Ta_Ne_Omotic";"r0";0,94056265778863;29,4796388428229;30,1241627642969;29,4828295553055;52,967280273577
"Ta_Ne_Omotic";"r0";0,957316375008237;30,42196425281;29,3910635731517;30,4168607840988;55,586755491953
"Ta_Ne_Omotic";"r0";0,962946905333257;30,6292611018979;32,1894919824039;30,6369850171479;48,8973112020592
"Ta_Ne_Omotic";"r0";0,969376117337421;31,6913580246914;33,0102703277991;31,6978872935186;47,6403376615576
"Ta_Ne_Omotic";"r0";0,963143862679243;33,3071678643818;32,3366680857102;33,3023634100319;50,3033764468623
"Ta_Ne_Omotic";"r0";0,955281944662816;29,7374239911553;30,3125975592451;29,7402713850568;53,3153163244969
"Ta_Ne_Omotic";"r0";0,957696211487283;31,634236226276;30,6412835249042;31,6293206188435;50,8763390667648
"Ta_Ne_Omotic";"r0";0,964847573974605;30,9990786806707;32,7964523910884;31,0079765703263;44,9418270468694
"Ta_Ne_Omotic";"r0";0,965200768086241;30,3266998341625;32,3739782886335;30,3368348760163;49,0780322428386
"Ta_Ne_Omotic";"r0";0,968356814413758;31,8688041275106;33,5008478785299;31,8768835520206;46,246172634283
"Ta_Ne_Omotic";"r0";0,95657582192144;30,1652846876727;32,7594792110118;30,178127234818;47,1649880108279
"Ta_Ne_Omotic";"r0";0,962329088401546;30,5465266261286;33,5635908897403;30,5614625878297;44,4592833600842
"Ta_Ne_Omotic";"r0";0,95981195766887;31,3806891468583;32,17865048957;31,3846394505351;48,9425468072697
"Ta_Ne_Omotic";"r0";0,972784286171681;31,5564768748848;33,9221157939549;31,5681879586426;45,7533535671194
"Ta_Ne_Omotic";"r0";0,964184621169725;30,489773355445;33,0585852135661;30,5024902458317;46,6312661246144
"Ta_Ne_Omotic";"r0";0,975039357737008;32,6577693542868;34,5824819071945;32,6672976342517;48,1298916685828
"Ta_Ne_Omotic";"r0";0,966729104460561;31,4131195872489;33,8755782602526;31,4253099767193;45,9032334027117
"Ta_Ne_Omotic";"r0";0,960792931808464;29,5476322093238;33,4208634880091;29,5668066215945;42,8235241659505
"Ta_Ne_Omotic";"r0";0,954078085420071;29,2832135618205;30,2606250886902;29,2880522327456;53,6954625781721
"Ta_Ne_Omotic";"r0";0,946165503711883;29,0344573429151;31,1101958280119;29,0447332760096;47,4731512898391
"Ta_Ne_Omotic";"r0";0,968952546932784;31,4508936797494;33,5984532425145;31,4615251627334;47,3474997168176
"Ta_Ne_Omotic";"r0";0,963202589368347;29,9393771881334;30,7394174826167;29,9433377836507;54,1384829309023
"Ta_Ne_Omotic";"r0";0,959185755443927;30,6084392850562;32,9943699446573;30,620250822975;44,8793958134719
"Ta_Ne_Omotic";"r0";0,952091723919026;29,6889625944352;30,7364339435221;29,6941480961634;53,555424199223
"Ta_Ne_Omotic";"r0";0,955325828484264;31,0532522572324;31,8880977721016;31,0573851558208;49,0062135383249
"Ta_Ne_Omotic";"r0";0,962018512936039;30,804311774461;30,5130977721016;30,802870120984;54,3137446200515
"Ta_Ne_Omotic";"r0";0,959401825255532;31,6990971070573;31,6907584787853;31,6990558267193;50,1125682010765
"Ta_Ne_Omotic";"r0";0,953371670499699;30,0475400773908;32,2698311338158;30,0585415182642;47,1295838269059
"Ta_Ne_Omotic";"r0";0,955873661538562;30,0007370554634;32,1963459628211;30,0116064064899;47,3211892567245
"Ta_Ne_Omotic";"r0";0,96777476004956;31,48332412014;31,1785263232581;31,4818152201555;54,0512502724724
"Ta_Ne_Omotic";"r0";0,95512279231327;30,8000737055463;31,3916631190578;30,8030023660093;50,9237404274292
"Ta_Ne_Omotic";"r0";0,970268799001783;34,12271973466;33,5461224634596;34,1198652927234;48,9165463033469
"Ta_Ne_Omotic";"r0";0,954746751153154;29,4643186185475;33,1618064424578;29,4826230137153;45,0554187728192
"Ta_Ne_Omotic";"r0";0,958696165841609;31,6207849640685;33,7546722009366;31,6313487622709;44,2297669213591
"Ta_Ne_Omotic";"r0";0,958722653532756;28,3069836005159;30,2505321413367;28,3166051279457;52,1813236463224
"Ta_Ne_Omotic";"r0";0,95435186476881;30,737792518887;31,7218887469845;30,7426642823925;47,520362380578
"Ta_Ne_Omotic";"r0";0,948481595513688;30,6134144094343;29,6739357173265;30,6087635248199;55,0252897237853
"Ta_Ne_Omotic";"r0";0,951073223388123;29,7893864013267;33,3491698595147;29,8070090917138;43,9631813207539
"Ta_Ne_Omotic";"r0";0,955071042698176;31,1011608623549;30,4050092237832;31,0977145671144;54,1197651057717
"Ta_Ne_Omotic";"r0";0,957661660724401;29,4459185553713;32,3575422165461;29,460332533892;47,1411144842968
"Ta_Ne_Omotic";"r0";0,94962124422723;30,0375898286346;30,4883177238541;30,0398211548486;52,1139769908534
"Ta_Ne_Omotic";"r0";0,958609842204806;29,653399668325;31,3696963246772;29,6618961864258;49,0923733167499
"Ta_Ne_Omotic";"r0";0,953885808587732;31,2896627971255;30,87343550447;31,2876022659737;52,6986089817203
"Ta_Ne_Omotic";"r0";0,961329585729289;32,9517228671458;33,0432063289343;32,9521757555705;47,1229847570101
"Ta_Ne_Omotic";"r0";0,958050685909571;30,3747927031509;33,2247516673762;30,3889014108946;45,9345255615853
"Ta_Ne_Omotic";"r0";0,968353337553203;30,8512990602543;31,4207818930041;30,8541182821986;48,8741219460407
"Ta_Ne_Omotic";"r0";0,960786635387664;29,6241017136539;30,8622924648787;29,6302313708382;50,8916456342928
"Ta_Ne_Omotic";"r0";0,963247408522574;31,5433941404091;31,4900454093941;31,5431300377803;50,6249056965317
"Ta_Ne_Omotic";"r0";0,96861778992902;31,3985364184369;34,2424684262807;31,4126152897629;45,5257033178565
"Ta_Ne_Omotic";"r0";0,956512737742572;31,6182052699466;31,3229246487867;31,6167434846933;49,5869992492222
"Ta_Ne_Omotic";"r0";0,949283512711944;29,3803206191266;30,5125869164183;29,3859258978261;49,5971301440312
"Ta_Ne_Omotic";"r0";0,968914993611278;31,3952459922609;32,3647083865475;31,4000453110445;48,5420961459042
"Ta_Ne_Omotic";"r0";0,970499514241445;31,4151464897734;32,6460160351923;31,4212399033645;50,619995041536
"Ta_Ne_Omotic";"r0";0,963877911913492;31,2909526441865;32,1656201220377;31,2952826812055;50,3143509585159
"Ta_Ne_Omotic";"r0";0,95693409160055;32,6745900128985;32,0930679721867;32,6717111909147;50,6178580140429
"Ta_Ne_Omotic";"r0";0,969023032533915;32,6318407960199;33,3542322974315;32,6354169915714;46,0358723881453
"Ta_Ne_Omotic";"r0";0,965395972751967;31,0676248387691;33,4985738612175;31,0796592398703;46,0972965752435
"Ta_Ne_Omotic";"r0";0,9596461089324;31,7716970702045;31,9290087980701;31,7724758411346;49,5436080571572
"Ta_Ne_Omotic";"r0";0,959841054554679;31,3228302929795;32,0796757485455;31,3265770526606;49,555255580067
"Ta_Ne_Omotic";"r0";0,955695812471811;31,7499539340335;31,7262168298567;31,7498364236168;49,4496876752384
"Ta_Ne_Omotic";"r0";0,953107959843833;31,8658559056569;30,8212608202072;31,8606846428576;53,2635757909884
"Ta_Ne_Omotic";"r0";0,958142746438182;33,0333517597199;33,6486554562225;33,0363978176234;46,309543345054
"Ta_Ne_Omotic";"r0";0,947331423994918;28,6248387691174;32,1377039875124;28,6422291909906;45,4624348068443
"Ta_Ne_Omotic";"r0";0,957738028117248;27,9981573613414;33,0374450120619;28,0231043299094;44,4878439304817
"Ta_Ne_Omotic";"r0";0,965798402878875;30,8238437442418;30,6473392933163;30,8229699598312;52,6888841153453
"Ta_Ne_Omotic";"r0";0,957728567081951;30,3917449788097;31,0118277281113;30,3948146953904;52,1814081830451
"Ta_Ne_Omotic";"r0";0,9629162294532;31,4637921503593;34,1403114800624;31,4770422460509;42,1803331794489
"Ta_Ne_Omotic";"r0";0,952718701474529;30,2246176524783;32,0403469561516;30,2336064114074;46,9896663292624
"Ta_Ne_Omotic";"r0";0,96266731127835;30,1017136539525;32,5989321697176;30,1140761218523;49,6487873232816
"Ta_Ne_Omotic";"r0";0,968273869769191;33,5736134144094;34,8600078047396;33,5799817034705;45,8210456010271
"Ta_Ne_Omotic";"r0";0,959383001122681;31,1079786253916;32,3136937703987;31,113947512248;45,9750387795755
"Ta_Ne_Omotic";"r0";0,962262515580284;30,6290768380321;32,8085497374769;30,6398663078313;48,0194853047999
"Ta_Ne_Omotic";"r0";0,962187842068695;31,8122351206928;31,742454235845;31,8118896707678;50,6082225001156
"Ta_Ne_Omotic";"r0";0,956389538663349;30,6705098844402;32,0055129842486;30,6771188106769;48,4860397007779
"Ta_Ne_Omotic";"r0";0,964399352954535;30,7763036668509;30,5583297857244;30,7752245882315;51,8811439105083
"Ta_Ne_Omotic";"r0";0,961573606649082;29,6614809550133;31,7905846459486;29,6720210722952;49,3998172860895
"Ta_Ne_Omotic";"r0";0,96686506327863;33,0534365210982;32,67082801192;33,0515424195676;47,6633289848161
"Ta_Ne_Omotic";"r0";0,958802601686333;31,9148700939746;30,7889740315028;31,9092963510911;51,2499659797212
"Ta_Ne_Omotic";"r0";0,964822576919954;30,7193661323015;31,9447637292465;30,7254324570388;47,2626439384694
"Ta_Ne_Omotic";"r0";0,958565308266802;31,147042564953;31,739605505889;31,1499760448586;47,0370277620453
"Ta_Ne_Omotic";"r0";0,952761214329769;30,889994472084;31,6487299560096;30,8937505883411;48,2856134450546
"Ta_Ne_Omotic";"r0";0,956816423523846;30,581905288373;35,1758975450546;30,6046478242971;40,4995499403777
"Ta_Ne_Omotic";"r0";0,949835136057827;30,3381241938456;29,5616609904924;30,3342803166013;54,7397545098796
"Ta_Ne_Omotic";"r0";0,958526390187871;31,5712179841533;31,8940754931176;31,5728162886531;51,4376492080574
"Ta_Ne_Omotic";"r0";0,949742712333732;31,166206007002;31,4779764438768;31,1677494250064;50,7092355661913
"Ta_Ne_Omotic";"r0";0,948774863534211;29,292795282845;30,8913935007805;29,3007091354091;50,9563172250941
"Ta_Ne_Omotic";"r0";0,954962567715286;31,2380689146858;31,8577657159075;31,2411367206325;48,1322668420239
"Ta_Ne_Omotic";"r0";0,971781304121835;32,9638842822922;32,1106038030368;32,9596601215038;50,9560503949102
"Ta_Ne_Omotic";"r0";0,966891161347444;31,1359867330017;33,3001667376188;31,1467004954008;46,5280678715225
"Ta_Ne_Omotic";"r0";0,962139948952866;29,7757508752534;31,9451184901376;29,7864903188914;48,7557904923421
"Ta_Ne_Omotic";"r0";0,963474301156186;31,3869541182974;32,5804242940258;31,3928623864941;47,0088626332664
"Ta_Ne_Omotic";"r0";0,965923368085693;32,6303666850931;33,7506243791684;32,6359125152617;46,2618755631478
"Ta_Ne_Omotic";"r0";0,957335207599546;31,7254468398747;31,4411487157656;31,7240394234187;48,4095590633787
"Ta_Ne_Omotic";"r0";0,961555748745768;31,6141514648977;33,3754611891585;31,6228708199683;43,776458342457
"Ta_Ne_Omotic";"r0";0,961394649358278;30,1778146305509;33,3962359869448;30,193747409543;44,5421338492602
"Ta_Ne_Omotic";"r0";0,963035844407246;31,9060254284135;30,9512664963814;31,901298899047;50,7675988833273
"Ta_Ne_Omotic";"r0";0,968593931620471;32,6220748111295;33,5516780190152;32,6266768072082;47,9888152011531
"Ta_Ne_Omotic";"r0";0,955035668769509;31,195688225539;31,7485596707819;31,1984252128917;49,1581818511816
"Ta_Ne_Omotic";"r0";0,951243519465644;31,2388059701493;31,0146090534979;31,2376960844233;50,7370377813455
"Ta_Ne_Omotic";"r0";0,964033052462445;30,1197715128063;31,9427628778203;30,1287962225341;48,2843152572381
"Ta_Ne_Omotic";"r0";0,956717186560603;31,5314169891284;31,3483893855541;31,530510911883;52,7914369558964
"Ta_Ne_Omotic";"r0";0,960709538312247;32,5800626497144;31,9631971051511;32,5770088598898;49,8181845344408
"Ta_Ne_Omotic";"r0";0,959158545867165;32,1544131195872;31,8078863346105;32,1526976404537;49,1377261069545
"Ta_Ne_Omotic";"r0";0,969394810482613;30,6095448682513;32,4253370228466;30,6185339383236;50,190837658936
"Ta_Ne_Omotic";"r0";0,966109995229121;31,2677353970886;31,4185681850433;31,2684820940587;52,5894108644178
"Ta_Ne_Omotic";"r0";0,964884191954048;31,8127879122904;32,1890556265077;31,8146506237469;48,3567855265836
"Ta_Ne_Omotic";"r0";0,945247326220851;29,9489589091579;30,5251809280545;29,9518114934099;50,1844343847819
"Ta_Ne_Omotic";"r0";0,961388227378264;29,2181684171734;31,7817156236696;29,2308592449283;50,1363522767337
"Ta_Ne_Omotic";"r0";0,958349077676129;31,066519255574;30,6344614729672;31,0643803556601;48,6075682858629
"Ta_Ne_Omotic";"r0";0,95874767235919;31,5081997420306;31,2187739463602;31,5067669410619;51,2949724816891
"Ta_Ne_Omotic";"r0";0,968244052353989;33,0950801547816;34,5221051511281;33,1021446349616;46,3709985758151
"Ta_Ne_Omotic";"r0";0,951151540594307;30,3845586880413;31,0513516389953;30,387859643244;48,7726827295029
"Ta_Ne_Omotic";"r0";0,955785201829022;32,354023533128;33,2449375620832;32,3584339986179;45,0224788749867
"Ta_Ne_Omotic";"r0";0,957280253166165;29,1256679565137;31,3182453526323;29,1365223000589;48,6169020058228
"Ta_Ne_Omotic";"r0";0,961586452041558;31,9157914133039;32,6938413509295;31,9196431456683;46,792848981041
"Ta_Ne_Omotic";"r0";0,953705732555044;31,2933480744426;31,4359372782744;31,2940539615903;48,935794565601
"Ta_Ne_Omotic";"r0";0,955303344563366;30,0327989681223;30,8230381722719;30,0367110433904;50,8523980892392
"Ta_Ne_Omotic";"r0";0,964955614276153;32,0073705546342;31,4317723854122;32,004521058747;51,033132580734
"Ta_Ne_Omotic";"r0";0,954930848316531;30,6108347153123;31,6980771959699;30,6162171038304;50,0998811336904
"Ta_Ne_Omotic";"r0";0,956314525923774;28,7486640869725;33,5475379594154;28,7724208883213;43,3437438586944
"Ta_Ne_Omotic";"r0";0,967305288082276;32,0534365210982;34,5535901802185;32,0658135194107;42,8909517415669
"Ta_Ne_Omotic";"r0";0,970231619813779;32,7042564953013;32,3453703703704;32,7024798313165;49,8096840670903
"Ta_Ne_Omotic";"r0";0,957396575103409;32,3364658190529;32,5971867461331;32,3377565167117;47,1322130186714
"Ta_Ne_Omotic";"r0";0,96121733642533;30,1980836557951;32,5737086703562;30,2098441756692;46,6869304959216
"Ta_Ne_Omotic";"r0";0,964632280941825;31,7405564768749;32,9395345537108;31,7464920119087;46,2902385569475
"Ta_Ne_Omotic";"r0";0,959367061575486;31,5460528047593;32,6980913864056;31,5517559660546;49,4082256088385
"Ta_Ne_Omotic";"r0";0,966360240714364;33,306404485509;33,4212182489002;33,3069728704763;49,6779768636964
"Ta_Ne_Omotic";"r0";0,966489447612378;30,6299718339519;33,7401518376614;30,6453687646634;45,9153672279098
"Ta_Ne_Omotic";"r0";0,959905136470951;31,52423069836;33,741695047538;31,5352082446431;43,7388481147083
"Ta_Ne_Omotic";"r0";0,95991450427397;30,8769117376083;31,4820597417341;30,8799075198069;52,000063622229
"Ta_Ne_Omotic";"r0";0,957062036731638;30,4473926662981;31,2372605363985;30,4513029032788;50,8047842373979
"Ta_Ne_Omotic";"r0";0,960480209409354;28,2465450525152;31,8225769831134;28,2642481808845;48,6930374548662
"Ta_Ne_Omotic";"r0";0,966308827268091;31,9478533259628;33,0580850007095;31,9533495223724;46,6674657989374
"Ta_Ne_Omotic";"r0";0,958425693270522;29,8739635157546;31,9355399460763;29,884169339667;50,423187227744
"Ta_Ne_Omotic";"r0";0,940646656250216;29,7525336281555;30,433947069675;29,7559069620244;49,3689025745009
"Ta_Ne_Omotic";"r0";0,949651089655754;30,9108162889257;31,8279267773521;30,9153564398585;49,3568299666244
"Ta_Ne_Omotic";"r0";0,96360957381668;32,7886493458633;31,3542606783028;32,7815484118655;54,0548062701046
"Ta_Ne_Omotic";"r0";0,963798293294648;32,1269578035747;32,7484496949056;32,1300344961061;48,7100947267701
"Ta_Ne_Omotic";"r0";0,961684013914126;31,1588354523678;31,9015219242231;31,16251211807;51,1615055503011
"Ta_Ne_Omotic";"r0";0,959813513919469;31,446287083103;31,8416276429686;31,4482442145875;47,2302258957068
"Ta_Ne_Omotic";"r0";0,968469678542496;31,1781831582827;31,0799489144317;31,1776968501448;53,8860682107392
"Ta_Ne_Omotic";"r0";0,962016778624736;33,063939561452;33,4673939264935;33,0659368602888;43,4246245559789
"Ta_Ne_Omotic";"r0";0,964124393638341;32,6723788465082;32,5369625372499;32,6717084687396;50,625754967538
"Ta_Ne_Omotic";"r0";0,968330154640425;31,0947116270499;34,2588406414077;31,1103756320715;44,3796506579601
"Ta_Ne_Omotic";"r0";0,965679732647676;30,5465266261286;31,2230062437917;30,5498755351269;53,1345743345171
"Ta_Ne_Omotic";"r0";0,950511643815429;30,7726183895338;32,1763339009508;30,779567476224;46,8323031776685
"Ta_Ne_Omotic";"r0";0,968639777163932;32,2480191634421;30,8145913154534;32,2409229859768;55,5277793908035
"Ta_Ne_Omotic";"r0";0,944988902008861;30,0663349917081;30,7247090960692;30,0695942694525;48,6964825939849
"Ta_Ne_Omotic";"r0";0,959435530452623;30,9180025796941;31,7542784163474;30,9221425590835;48,3199552963526
"Ta_Ne_Omotic";"r0";0,9489050005397;31,3154597383453;30,4630871292749;31,3112400719638;52,6680105209413
"Ta_Ne_Omotic";"r0";0,959347002333284;31,6690620969228;31,7664360720874;31,6695441463048;49,5562939647941
"Ta_Ne_Omotic";"r0";0,971377225010554;32,2220379583564;33,1414715481765;32,2265896097911;50,21264250835
"Ta_Ne_Omotic";"r0";0,94839698246587;30,8592224064861;30,7277423016887;30,8585715148782;55,1792610596596
"Ta_Ne_Omotic";"r0";0,954998988888607;31,2861617836742;32,5073648361005;31,2922073433397;47,861839280041
"Ta_Ne_Omotic";"r0";0,961706974288626;30,7274737423991;33,6786469419611;30,7420835107138;45,035330313737
"Ta_Ne_Omotic";"r0";0,958636948017281;30,7025981205086;32,9388817936711;30,7136688317618;46,7101129325801
"Ta_Ne_Omotic";"r0";0,943206262596026;29,7396351575456;29,6042677735206;29,7389650219811;53,8310950598029
"Ta_Ne_Omotic";"r0";0,96653769617806;31,4790860512254;32,5679970200085;31,4844766995857;47,1129176673921
"Ta_Ne_Omotic";"r0";0,961717809962523;30,8343467845955;31,9902866468001;30,8400692591609;50,2915996222921
"Ta_Ne_Omotic";"r0";0,963262622541066;30,764695043302;32,5591670214276;30,7735785679462;49,5412885876012
"Ta_Ne_Omotic";"r0";0,960142095431663;29,9213193292795;31,8647083865475;29,9309400671868;46,9553095721134
"Ta_Ne_Omotic";"r0";0,957813158906898;30,4578957066519;31,8218461756776;30,4646479366966;50,7294581371374
"Ta_Ne_Omotic";"r0";0,969298731740436;33,3841901603096;34,1675535688946;33,3880681969857;48,8071514544393
"Ta_Ne_Omotic";"r0";0,945815780350385;28,7002026902524;31,1231268624947;28,7121973643725;48,0622840597813
"Ta_Ne_Omotic";"r0";0,962229476553193;30,0873410724157;30,8691322548602;30,0912113257941;50,916025741154
"Ta_Ne_Omotic";"r0";0,959665377283013;31,6604016952276;31,5318894565063;31,659765496026;49,5366753195488
"Ta_Ne_Omotic";"r0";0,955171483656617;28,7709600147411;32,1591173549028;28,7877330708805;48,2009826470549
"Ta_Ne_Omotic";"r0";0,970517319371961;32,3441785780094;34,305016319001;32,3538856955391;44,8607714123815
"Ta_Ne_Omotic";"r0";0,958600317749864;29,8173945089368;33,1170746416915;29,8337295590989;45,690521260936
"Ta_Ne_Omotic";"r0";0,9451358046863;29,9644370738898;31,6787498226196;29,9729237706657;47,857320360234
"Ta_Ne_Omotic";"r0";0,966273691401491;32,4029850746269;32,1528380871293;32,4017467232036;49,6611191695561
"Ta_Ne_Omotic";"r0";0,950242030300901;30,469320066335;31,2285937278274;30,4730788468374;50,745213685817
"Ta_Ne_Omotic";"r0";0,95176972580791;30,3543394140409;31,0259933304952;30,3576644334293;50,3685927254976
"Ta_Ne_Omotic";"r0";0,960466224200607;29,9192924267551;31,3969596991628;29,926607611272;50,8413277303278
"Ta_Ne_Omotic";"r0";0,973344521918347;32,1692068756745;34,7573293600114;32,1820193632208;43,9033675416738
"Ta_Ne_Omotic";"r0";0,955765143678025;32,4682144831399;31,5216013906627;32,4635282797118;49,1500517879814
"Ta_Ne_Omotic";"r0";0,949335407684896;29,2561267735397;31,3172591173549;29,2663303990041;50,6117009277126
"Ta_Ne_Omotic";"r0";0,969990251723341;31,7860696517413;31,9786433943522;31,7870229871008;54,4345673740355
"Ta_Ne_Omotic";"r0";0,955230681146156;29,7293163810577;30,6336384276997;29,7337932228727;49,2697264780289
"Ta_Ne_Omotic";"r0";0,955212297942553;32,2504145936982;32,4337413083582;32,2513221516915;47,3509335610285
"Ta_Ne_Omotic";"r0";0,965279229422622;30,3160125299429;32,2569071945509;30,3256209193716;48,6328658136836
"Ta_Ne_Omotic";"r0";0,960021783283423;30,0335360235858;32,7792110117781;30,0471284740224;47,0091312901848
"Ta_Ne_Omotic";"r0";0,959910975822605;32,4822185369449;32,3663544770824;32,4816449524901;49,0464230091813
"Ta_Ne_Omotic";"r0";0,96415280268254;31,2924004317039;31,8980913864056;31,2953989017767;50,0529290314658
"Ta_Ne_Omotic";"r0";0,950775797407408;30,1066887783306;33,0102987086704;30,1210630849164;44,6017268570972
"Ta_Ne_Omotic";"r0";0,95577835712932;31,2986917265524;30,8279480630055;31,2963613123765;52,5844377360457
"Ta_Ne_Omotic";"r0";0,953137005815167;30,8302929795467;31,1830885483184;30,8320394922634;50,8977229379377
"Ta_Ne_Omotic";"r0";0,947378032952331;29,4930901050304;29,3197885625089;29,4922321766021;54,6662308298386
"Ta_Ne_Omotic";"r0";0,956917486683598;29,0580431177446;31,0382574145026;29,0678461588177;49,613722401354
"Ta_Ne_Omotic";"r0";0,960529106766979;32,0193213825055;32,2504753795941;32,0204657092237;50,4711363327913
"Ta_Ne_Omotic";"r0";0,963696474337135;29,8573797678275;31,107744430254;29,8635696918989;51,7949613029058
"Ta_Ne_Omotic";"r0";0,943920557482926;30,7062833978257;31,3987086703562;30,7097112457095;50,3025600684302
"Ta_Ne_Omotic";"r0";0,960140848155617;31,3451262207481;31,5714240102171;31,3462465068346;51,8664663092138
"Ta_Ne_Omotic";"r0";0,962813702726909;30,0661507278423;32,4045373917979;30,077726899446;49,0996703157995
"Ta_Ne_Omotic";"r0";0,966174153822408;30,4241754192003;31,9382183908046;30,431670681436;49,1891403558019
"Ta_Ne_Omotic";"r0";0,957101372527679;31,9734660033167;32,2483716475096;31,9748269223474;47,0596072882204
"Ta_Ne_Omotic";"r0";0,959290458424082;31,8743320434863;32,0146729104584;31,8750268002535;51,5279164425943
"Ta_Ne_Omotic";"r0";0,950659320161131;28,975677169707;31,594905633603;28,9886436472511;48,0620353568491
"Ta_Ne_Omotic";"r0";0,957314255644961;30,0351943983785;31,4560309351497;30,0422282426199;51,6972306593988
"Ta_Ne_Omotic";"r0";0,961977387797396;30,955223880597;32,2894813395771;30,9618291155425;48,5248552712617
"Ta_Ne_Omotic";"r0";0,962588440371403;29,345310484614;33,7513871150844;29,3671227451609;43,2959471746856
"Ta_Ne_Omotic";"r0";0,956856682656294;29,4770591487009;32,5576592876401;29,4923096444383;47,7180111591491
"Ta_Ne_Omotic";"r0";0,962521669762019;31,5389718076285;33,1796722009366;31,5470940868033;47,043658727815
"Ta_Ne_Omotic";"r0";0,967808364792466;33,0458817025981;33,2267099474954;33,0467768919293;49,1403219421589
"Ta_Ne_Omotic";"r0";0,962169803267674;31,254468398747;32,1286043706542;31,2587958045485;46,1473109044443
"Ta_Ne_Omotic";"r0";0,94791394205629;29,8619863644739;30,716734071236;29,8662177887648;51,6483182774658
"Ta_Ne_Omotic";"r0";0,95732788280835;31,1070573060623;32,961515538527;31,1162377923616;43,6400565852296
"Ta_Ne_Omotic";"r0";0,963727642045314;29,8711732343573;33,1462395345537;29,8873864338632;46,9238655696882
"Ta_Ne_Omotic";"r0";0,953156407148332;30,685461580984;30,4819604086845;30,6844541494379;55,2451844897211
"Ta_Ne_Omotic";"r0";0,968361939313805;33,0637552975861;33,1653930750674;33,0642584549004;47,146421376041
"Ta_Ne_Omotic";"r0";0,953268473871693;30,0263497328174;30,3725237689797;30,0280634656697;51,3407740623658
"Ta_Ne_Omotic";"r0";0,959528243563242;29,1864750322462;32,9509897828863;29,205111243883;44,7753303999443
"Ta_Ne_Omotic";"r0";0,955397746672947;31,133038511148;30,9366219667944;31,1320661520175;51,4642761906588
"Ta_Ne_Omotic";"r0";0,956426963473359;28,790307720656;30,0779906343125;28,7966823885454;54,3896792620842
"Ta_Ne_Omotic";"r0";0,964184763428879;32,6672194582642;33,0938378033206;32,6693314302695;46,0960979023431
"Ta_Ne_Omotic";"r0";0,951494654518528;32,7722498618021;31,4776394210302;32,765840899224;50,3435878110124
"Ta_Ne_Omotic";"r0";0,964795110402933;33,2222222222222;33,5390024123741;33,2237904409853;47,922819124857
"Ta_Ne_Omotic";"r0";0,959199777105743;32,4803758982863;32,5719419611182;32,4808291956271;45,3057116564874
"Ta_Ne_Omotic";"r0";0,96437400457414;28,0077390823659;33,0400134809139;28,0326513318637;45,4837484493303
"Ta_Ne_Omotic";"r0";0,959931858253811;30,7941772618389;33,5462750106428;30,8078015081202;43,9447761816191
"Ta_Ne_Omotic";"r0";0,959929991534354;29,3757140224802;31,2476408400738;29,3849809869237;51,0633514018064
"Ta_Ne_Omotic";"r0";0,952163626779477;28,7827529021559;31,6379736057897;28,7968876581145;47,6660841686578
"Ta_Ne_Omotic";"r0";0,968069388844981;32,2769485903814;33,6196608485881;32,2835956807686;49,4929498957191
"Ta_Ne_Omotic";"r0";0,941379794330524;28,9609360604385;31,4764367816092;28,9733890343057;46,7737977510958
"Ta_Ne_Omotic";"r0";0,952989792948403;29,2878201584669;31,3985738612175;29,2982694342231;49,3807996814872
"Ta_Ne_Omotic";"r0";0,961357025311428;30,2155887230514;33,5907868596566;30,2322976247178;46,1390276985811
"Ta_Ne_Omotic";"r0";0,956598452834724;31,3198820711259;31,2429509010927;31,3195012237494;48,4975945849256
"Ta_Ne_Omotic";"r0";0,958423063813784;31,6646397641423;31,7200546331772;31,6649140951771;48,4810007364144
"Ta_Ne_Omotic";"r0";0,966718882093306;31,5538971807629;32,6798460337732;31,5594711849857;49,5421696579494
"Ta_Ne_Omotic";"r0";0,963216090067342;30,7331859222406;31,8295941535405;30,7386136857619;48,3459186368188
"Ta_Ne_Omotic";"r0";0,962053577619622;32,7737239727289;32,2496842628069;32,7711297167392;51,2321072831254
"Ta_Ne_Omotic";"r0";0,959209405039003;30,6268656716418;31,0034057045551;30,6287297312107;50,223714875249
"Ta_Ne_Omotic";"r0";0,963531082367302;31,6440022111664;30,8048637718178;31,6398480604765;53,0608278897482
"Ta_Ne_Omotic";"r0";0,956872814752405;29,7293163810577;30,3039413935008;29,7321610593371;53,7846161376988
"Ta_Ne_Omotic";"r0";0,957439263608744;31,0884466556108;31,6793174400454;31,0913717585041;50,5766148256286
"Ta_Ne_Omotic";"r0";0,961342847886571;31,2154044591856;31,4931353767561;31,2167793647181;50,8183068105672
"Ta_Ne_Omotic";"r0";0,963494441363679;32,2469135802469;30,875319284802;32,2401235094774;55,6825301065646
"Ta_Ne_Omotic";"r0";0,958757577107511;31,2620232172471;31,4659287640131;31,2630326506469;52,650665382481
"Ta_Ne_Omotic";"r0";0,963212213806494;29,9202137460844;31,409269902086;29,9275853112131;52,9629318278073
"Ta_Ne_Omotic";"r0";0,954131468787308;29,6349732817395;31,543259543068;29,6444202434292;48,8032935769956
"Ta_Ne_Omotic";"r0";0,945201669789644;30,7510595172287;30,0494181921385;30,7475860453223;55,6098178535425
"Ta_Ne_Omotic";"r0";0,963410668439491;30,4197530864198;30,6677096636867;30,420980594228;52,9804901809088
"Ta_Ne_Omotic";"r0";0,971472933954401;32,4332043486272;33,983666808571;32,4408799053596;46,4520109969915
"Ta_Ne_Omotic";"r0";0,943640528822745;31,0753639211351;30,6988470271037;31,0734999761151;49,4906956882911
"Ta_Ne_Omotic";"r0";0,964509028067072;31,2041643633683;32,8284802043423;31,2122055308979;47,3268095566995
"Ta_Ne_Omotic";"r0";0,959565487198168;31,3928505620048;33,22082801192;31,4018999553212;47,1163962678836
"Ta_Ne_Omotic";"r0";0,953804428240746;29,8590381426202;32,7202958705832;29,8732027848379;49,6244534774209
"Ta_Ne_Omotic";"r0";0,966628225903718;31,2997973097476;33,0621860366113;31,3085220064152;49,1508078856893
"Ta_Ne_Omotic";"r0";0,963590868495662;31,3174866408697;32,2901518376614;31,3223018151113;49,895820035873
"Ta_Ne_Omotic";"r0";0,964281901280454;32,534549474848;32,9145700297999;32,536430764724;47,211738399311
"Ta_Ne_Omotic";"r0";0,969581809149808;31,0783121429888;33,2226301972471;31,0889275789009;46,9156563080043
"Ta_Ne_Omotic";"r0";0,956293078883266;31,8308457711443;32,4649318859089;31,8339848113164;48,83692109916
"Ta_Ne_Omotic";"r0";0,97010861157084;29,9082365948038;34,0041613452533;29,928513450004;44,9723174409919
"Ta_Ne_Omotic";"r0";0,959732998681462;32,3648424543947;30,7189619696325;32,3566945312028;56,6879441170816
"Ta_Ne_Omotic";"r0";0,956584350280532;29,4831398562742;30,5174329501916;29,4882601191154;49,2957778358897
"Ta_Ne_Omotic";"r0";0,961077837588497;30,4822185369449;32,1447779196821;30,4904490289387;47,1398438667653
"Ta_Ne_Omotic";"r0";0,962534310020462;32,8618021006081;33,1777423016887;32,8633661610095;45,7741497051201
"Ta_Ne_Omotic";"r0";0,967821222933858;32,2191423833215;35,3470909606925;32,2346272772689;43,0998307191928
"Ta_Ne_Omotic";"r0";0,957976448476212;31,2251704440759;33,3334645948631;31,2356075438323;44,537025717994
"Ta_Ne_Omotic";"r0";0,960844243369602;31,8400326410277;30,9842237831701;31,8357959635135;53,2857685341365
"Ta_Ne_Omotic";"r0";0,963097243432827;30,8354523677907;32,1167872853697;30,8417956099569;50,5897928724581
"Ta_Ne_Omotic";"r0";0,961398633044305;29,1706283397826;30,8982084574996;29,1791807166029;52,5043512388975
"Ta_Ne_Omotic";"r0";0,960663193743215;31,1932927952828;31,0389172697602;31,192528560008;52,9135006794035
"Ta_Ne_Omotic";"r0";0,958333997670621;31,3231988207113;30,8585532850859;31,3208985952874;54,0858747599394
"Ta_Ne_Omotic";"r0";0,964160679062385;31,9246360788649;32,2151518376614;31,9260742756907;49,1977295880238
"Ta_Ne_Omotic";"r0";0,94567121212753;29,684171733923;30,3335036185611;29,6873862482034;51,1016659393398
"Ta_Ne_Omotic";"r0";0,95226576096901;30,0044223327805;32,061036611324;30,0146035915852;47,8102500288738
"Ta_Ne_Omotic";"r0";0,968729427085534;32,6626128616178;34,5178302823897;32,6717971062751;43,7256566425835
"Ta_Ne_Omotic";"r0";0,965581504485652;29,9325331016873;32,5552930324961;29,9455170617408;50,2326268179088
"Ta_Ne_Omotic";"r0";0,94865279964216;29,1011608623549;31,3771569462182;29,1124281697007;48,0670265017135
"Ta_Ne_Omotic";"r0";0,96629579490906;32,0044223327805;31,5868951326806;32,0023553664434;51,6509377854878
"Ta_Ne_Omotic";"r0";0,96667491766361;30,6810392482034;32,2347878529871;30,6887310729796;47,3387783250419
"Ta_Ne_Omotic";"r0";0,967667018117807;31,4448129721762;32,8855789697744;31,4519454771148;47,5004264554954
"Ta_Ne_Omotic";"r0";0,959074066188828;29,9928137092316;32,5138321271463;30,0052939984292;47,534112015231
"Ta_Ne_Omotic";"r0";0,946455079814763;30,397641422517;30,3807967929615;30,3975580332618;55,2197218630185
"Ta_Ne_Omotic";"r0";0,969766628445946;31,3862433862434;34,5861004682844;31,4020842628872;48,3931844579537
"Ta_Ne_Omotic";"r0";0,955177274696571;29,6852773171181;30,7852206612743;29,6907225811981;50,5678167016896
"Ta_Ne_Omotic";"r0";0,963708241802159;31,5937771460159;33,0479388392224;31,6009759662794;49,2532570510365
"Ta_Ne_Omotic";"r0";0,965889236957439;31,5817736713259;35,4347346388534;31,6008477355216;42,001123525187
"Ta_Ne_Omotic";"r0";0,961006433410762;31,4958540630182;31,6575741450263;31,4966546574836;48,3428140168953
"Ta_Ne_Omotic";"r0";0,965378691747888;32,2592592592593;33,075922378317;32,2633021459873;45,0054666612491
"Ta_Ne_Omotic";"r0";0,954203159193623;31,5916712732633;31,7484390520789;31,5924473513763;49,7883578781631
"Ta_Ne_Omotic";"r0";0,967833188295146;30,9255573981942;32,7229565772669;30,9344554139322;47,3172531241826
"Ta_Ne_Omotic";"r0";0,967434887067417;31,0563847429519;34,4457357740883;31,0731637084526;43,3175709912588
"Ta_Ne_Omotic";"r0";0,951863704138161;30,0932375161231;31,8719951752519;30,1020432471089;48,4505998217858
"Ta_Ne_Omotic";"r0";0,963012066344728;30,4116191529127;33,149439477792;30,4251727188774;48,0789264230887
"Ta_Ne_Omotic";"r0";0,962997368736335;30,3641053989313;32,9301085568327;30,3768083848615;48,644280167551
"Ta_Ne_Omotic";"r0";0,948579424515682;26,5594250967385;31,2493295019157;26,582642445279;47,6634682363315
"Ta_Ne_Omotic";"r0";0,970187439637935;31,6434230961594;33,7011423300695;31,6536098250402;45,5251791998719
"Ta_Ne_Omotic";"r0";0,951687830260459;30,7788833609729;31,3511494252874;30,7817163612913;46,8757260085029
"Ta_Ne_Omotic";"r0";0,962418209767064;31,5382347521651;32,1556016744714;31,5412910240577;49,7142143779902
"Ta_Ne_Omotic";"r0";0,961359070559246;31,7656163626313;31,9559316021002;31,7665585172821;48,4010912651442
"Ta_Ne_Omotic";"r0";0,948907650817846;31,4754007739082;30,5316021001845;31,4707285032462;52,9925637399567
"Ta_Ne_Omotic";"r0";0,963445889398539;31,7103372028745;32,8006598552576;31,7157348397675;50,5487550429051
"Ta_Ne_Omotic";"r0";0,958650101576393;30,9640685461581;31,2199517525188;30,9653352947044;49,3645442959675
"Ta_Ne_Omotic";"r0";0,960404055911517;32,3303851114796;32,5512629487725;32,3314785661197;47,7126480037149
"Ta_Ne_Omotic";"r0";0,965490023256636;31,1275105951723;32,3813927912587;31,1337179327767;46,3022804299991
"Ta_Ne_Omotic";"r0";0,957099550298866;30,9294269393772;33,240889740315;30,9408698245303;43,1879805669763
"Ta_Ne_Omotic";"r0";0,963108121519762;29,9244518149991;32,241574428835;29,935922719028;47,974905140419
"Ta_Ne_Omotic";"r0";0,956890601858959;31,179367711706;32,3669894990776;31,1852470274851;45,759259128168
"Ta_Ne_Omotic";"r0";0,966361501441149;30,4416804864566;33,7927699730382;30,4582700383704;45,0027546223106
"Ta_Ne_Omotic";"r0";0,957824641735622;31,1778146305509;31,4363665389527;31,1790945904935;50,5237561807583
"Ta_Ne_Omotic";"r0";0,967736142669046;32,320987654321;33,2392365545622;32,3255334409558;49,8536144265949
"Ta_Ne_Omotic";"r0";0,953463264338179;29,4637921503593;32,0495352632326;29,4765928588389;47,5341815057985
"Ta_Ne_Omotic";"r0";0,963100956035442;31,7683803206191;32,7994855967078;31,7734848021839;46,3074278276366
"Ta_Ne_Omotic";"r0";0,964520231755937;32,1450156624286;31,2044699872286;32,1403594957197;56,6165498290056
"Ta_Ne_Omotic";"r0";0,953906554794444;29,3740556476875;32,6155633602952;29,3901027155717;44,8155523643609
"Ta_Ne_Omotic";"r0";0,966138827256905;30,8000737055463;32,3859656591457;30,8079246558117;49,4459611801062
"Ta_Ne_Omotic";"r0";0,959057554481721;31,0493827160494;31,6777210160352;31,0524933016929;47,997846117304
"Ta_Ne_Omotic";"r0";0,959900511123995;30,8111295374977;32,1881297005818;30,8179463699882;46,2438140867387
"Ta_Ne_Omotic";"r0";0,960670357085433;31,9585406301824;32,7421881651767;31,962420073425;47,7658164040196
"Ta_Ne_Omotic";"r0";0,958613925560752;30,9183711074258;32,2207393216972;30,9248184748232;50,2689986446772
"Ta_Ne_Omotic";"r0";0,959759335175553;31,1385664271236;31,539807719597;31,1405527701557;53,5436423138327
"Ta_Ne_Omotic";"r0";0,970165672884871;30,7457158651189;32,7607066836952;30,755691067191;48,7961053283217
"Ta_Ne_Omotic";"r0";0,944896787217479;28,7529021558872;31,4941641833404;28,7664727599835;48,1519531974248
"Ta_Ne_Omotic";"r0";0,960472560053618;30,0497512437811;32,8456364410387;30,0635922596091;48,5069573133768
"Ta_Ne_Omotic";"r0";0,961379492231413;31,083103003501;31,8630658436214;31,0869642056798;50,7834006306865
"Ta_Ne_Omotic";"r0";0,971401817044119;32,7134433651847;36,0124556548886;32,7297751091931;42,8232678422831
"Ta_Ne_Omotic";"r0";0,953685396942864;30,737792518887;32,0352171136654;30,7442154129206;46,6739748919414
"Ta_Ne_Omotic";"r0";0,959338994618348;31,3079049198452;31,2403079324535;31,3075702812938;51,9403533956685
"Ta_Ne_Omotic";"r0";0,959901868523627;30,5901971623365;32,775439903505;30,6010151957086;46,6884366306269
"Ta_Ne_Omotic";"r0";0,961141398839943;29,8739635157546;32,7355576841209;29,8881298235188;45,8732941575351
"Ta_Ne_Omotic";"r0";0,958372129625304;30,9681223512069;31,9867283950617;30,9731649553844;47,7076414733784
"Ta_Ne_Omotic";"r0";0,963671106682751;29,5924083287267;31,4421597843054;29,6015655141504;48,233326606335
"Ta_Ne_Omotic";"r0";0,960884975793342;30,5752717892021;32,0106995884774;30,5823778674164;49,6206772623103
"Ta_Ne_Omotic";"r0";0,965279063895937;32,039616731159;31,6724031502767;32,0377988421448;49,3513225417998
"Ta_Ne_Omotic";"r0";0,959718104737369;28,0493827160494;30,60329218107;28,0620258322129;50,5068776540251
"Ta_Ne_Omotic";"r0";0,954858462083937;30,2594435231251;30,6043529161345;30,2611509953677;52,655901452762
"Ta_Ne_Omotic";"r0";0,963080508175901;32,4759272420964;32,6189264935434;32,4766351591828;51,5750372232945
"Ta_Ne_Omotic";"r0";0,960751455784057;31,0245070941588;32,7554136511991;31,0330759385006;45,9572508262078
"Ta_Ne_Omotic";"r0";0,9585761345414;31,3536023585775;31,9205193699447;31,3564088784357;48,9218519531407
"Ta_Ne_Omotic";"r0";0,957400861892531;31,2218536944905;32,0333971902937;31,2258712365489;49,4967805905488
"Ta_Ne_Omotic";"r0";0,97146389664217;31,8284503408882;33,6423974741025;31,8374302771912;45,8650089274578
"Ta_Ne_Omotic";"r0";0,966305681891832;30,641975308642;31,6329643820065;30,6468811951438;51,2954265974908
"Ta_Ne_Omotic";"r0";0,959585604335397;30,0919476690621;30,4862281822052;30,0938995527905;50,9176078632392
"Ta_Ne_Omotic";"r0";0,952956491200413;31,2572323567348;31,5104406130268;31,2584858629541;52,5323073840398
"Ta_Ne_Omotic";"r0";0,952714087604731;31,6773539708863;30,9376649638144;31,6736921441186;51,9402773321692
"Ta_Ne_Omotic";"r0";0,961437281080075;30,2072968490879;31,9858911593586;30,216101771416;49,3914577746601
"Ta_Ne_Omotic";"r0";0,964510452640887;30,8048645660586;32,65902866468;30,8140435962498;50,4323105109926
"Ta_Ne_Omotic";"r0";0,961498489504603;29,8896259443523;30,7488186462324;29,8938793735695;50,227771372925
"Ta_Ne_Omotic";"r0";0,958394458328773;31,7079417726184;33,2700901092664;31,7156751802256;45,0577244115247
"Ta_Ne_Omotic";"r0";0,96003124272925;32,0560162152202;32,7183411380729;32,0592950514719;46,4999709792783
"Ta_Ne_Omotic";"r0";0,963563712360142;32,6279712548369;33,2011990918121;32,6308090164061;46,0174104625935
"Ta_Ne_Omotic";"r0";0,967239172029549;32,2190897365027;33,7699730381723;32,2267673766099;45,2963094293796
"Ta_Ne_Omotic";"r0";0,959096453159379;30,9146858301087;31,2275365403718;30,9162345960011;52,3984380862886
"Ta_Ne_Omotic";"r0";0,955506051648216;33,9180025796941;32,8556548886051;33,9127434327085;50,7839307066089
"Ta_Ne_Omotic";"r0";0,96107026574901;31,0978441127695;31,3344650205761;31,0990155034022;49,2726761598697
"Ta_Ne_Omotic";"r0";0,963383778713873;30,469320066335;31,6726372924649;30,4752770823059;49,6301155067015
"Ta_Ne_Omotic";"r0";0,95980775035949;32,2607333701861;30,9940825883355;32,2544628217611;52,1549300728819
"Ta_Ne_Omotic";"r0";0,956633304231299;30,334991708126;31,5285617993472;30,3409004709539;48,4559468401088
"Ta_Ne_Omotic";"r0";0,941423041765678;30,3751612308826;30,0466510571875;30,373534942894;52,5036472646075
"Ta_Ne_Omotic";"r0";0,966026642497137;31,1945826423438;31,9084468568185;31,1981166236036;49,0120990367066
"Ta_Ne_Omotic";"r0";0,965582485373571;29,6126773539709;33,2897757911168;29,6308808115805;45,5826809292271
"Ta_Ne_Omotic";"r0";0,952796590467892;29,1475953565506;31,4398964098198;29,1589433815668;49,0585376896504
"Ta_Ne_Omotic";"r0";0,959440413312435;30,0169522756587;31,285110685398;30,0232302875881;48,7757586795027
"Ta_Ne_Omotic";"r0";0,957420441163505;30,919476690621;32,3700191570881;30,9266575939203;46,5892873204254
"Ta_Ne_Omotic";"r0";0,958310736665366;29,6222590749954;31,0384596282106;29,6292699688232;50,8919309478304
"Ta_Ne_Omotic";"r0";0,947244661141574;29,354155150175;30,9385447708245;29,3619986631486;51,0357653251535
"Ta_Ne_Omotic";"r0";0,962303915652996;32,8409802837663;33,6407513835675;32,8449395466367;44,107952978031
"Ta_Ne_Omotic";"r0";0,96323485625532;30,6587433204349;31,1830530722293;30,6613389132655;50,5665277313513
"Ta_Ne_Omotic";"r0";0,950471688638166;29,6272341993735;30,2179650915283;29,6301586097307;51,4857345426744
"Ta_Ne_Omotic";"r0";0,952137886424494;31,4057490326147;29,9835213566056;31,3987083015454;54,2488551935189
"Ta_Ne_Omotic";"r0";0,963436678497044;30,8190528837295;30,8390520788988;30,8191518896462;50,9337369907168
"Ta_Ne_Omotic";"r0";0,955673835755277;30,14317302377;31,9110898254576;30,1519250871447;47,315154260639
"Ta_Ne_Omotic";"r0";0,957116822871339;31,4521835268104;32,1274975166738;31,4555266653741;48,5747492492076
"Ta_Ne_Omotic";"r0";0,957000302297488;32,1440943430993;31,1230878387967;32,1390398554543;54,7831186463761
"Ta_Ne_Omotic";"r0";0,966736227242644;30,8735949880229;33,5135199375621;30,8866639234166;46,5670870145647
"Ta_Ne_Omotic";"r0";0,963113320108424;30,6377372397273;31,6902866468001;30,6429478803564;50,742193755101
"Ta_Ne_Omotic";"r0";0,960507093771991;30,8297401879491;31,5356605647793;30,83323484328;48,758454520896
"Ta_Ne_Omotic";"r0";0,967335485808167;30,547263681592;31,2523981836242;30,5507544464536;53,0530195321771
"Ta_Ne_Omotic";"r0";0,957747207206819;31,317118113138;32,0298495813821;31,3206464867432;48,2314632553119
"Ta_Ne_Omotic";"r0";0,958804047835165;31,7361341440943;32,8727969348659;31,741761187613;46,3785409148426
"Ta_Ne_Omotic";"r0";0,955960038770821;30,8612493090105;31,8747906910742;30,8662668406049;47,2173589678777
"Ta_Ne_Omotic";"r0";0,956061051575855;31,4070388796757;31,6266602809706;31,4081261143356;48,5878294045559
"Ta_Ne_Omotic";"r0";0,951639987398997;29,7213930348259;32,4827408826451;29,7350630736765;46,1746077038811
"Ta_Ne_Omotic";"r0";0,965832038049333;31,704625023033;32,7071058606499;31,7095877994568;48,170557219537
"Ta_Ne_Omotic";"r0";0,952680332659556;29,8933112216694;31,936398467433;29,9034255149653;45,4152975483588
"Ta_Ne_Omotic";"r0";0,961917966378099;30,2476506357103;30,9356250886902;30,251056449834;51,5502129765921
"Ta_Ne_Omotic";"r0";0,95168289133302;30,1081628892574;30,8537569178374;30,1118539488048;51,1866679905567
"Ta_Ne_Omotic";"r0";0,969413337105149;32,5337071257469;32,4268483042429;32,5331781216801;51,7636778902746
"Ta_Ne_Omotic";"r0";0,964996313267147;30,5861433572876;32,2808393642685;30,5945329414806;47,8391745448347
"Ta_Ne_Omotic";"r0";0,959886485812656;30,0490141883177;31,7823470980559;30,0575950443065;48,8777384103146
"Ta_Ne_Omotic";"r0";0,971431001830608;31,7831214298876;33,1630090818788;31,7899525568777;47,8742098284392
"Ta_Ne_Omotic";"r0";0,96275630856288;31,4538419016031;30,8877359159926;31,4510393967238;51,0487869481283
"Ta_Ne_Omotic";"r0";0,956888933663445;31,5122535470794;32,9227827444303;31,5192363648881;47,6828877366601
"Ta_Ne_Omotic";"r0";0,961246161199378;30,9454578957067;30,9583333333333;30,9455216354969;52,0092234917254
"Ta_Ne_Omotic";"r0";0,959311769796192;31,1455684540262;31,8681531148006;31,1491456058122;49,4539303420977
"Ta_Ne_Omotic";"r0";0,953922765645622;30,7599041827898;31,7165921668795;30,7646402619189;47,839014551127
"Ta_Ne_Omotic";"r0";0,956668521169712;31,9805470004475;32,0526748971193;31,9809040692429;50,2526864627153
"Ta_Ne_Omotic";"r0";0,961699895466132;33,0982126405012;32,6837909748829;33,0961610480971;51,6156503251942
"Ta_Ne_Omotic";"r0";0,959772574561148;31,7949143173024;32,317415212147;31,7975009553957;47,8018695004855
"Ta_Ne_Omotic";"r0";0,968541068775078;31,3056937534549;31,3826096211154;31,306074525077;51,7846249345458
"Ta_Ne_Omotic";"r0";0,960492443125492;31,5660585959093;31,7765751383568;31,5671007570106;47,584620018787
"Ta_Ne_Omotic";"r0";0,956391198516171;31,2023217247098;32,8700759188307;31,2105779335916;46,8804740873479
"Ta_Ne_Omotic";"r0";0,961780429071767;31,5515017505067;31,2131474386264;31,5498267291608;51,7185596408566
"Ta_Ne_Omotic";"r0";0,95236744144299;30,131748664087;30,9625301546758;30,1358614437434;51,100600968195
"Ta_Ne_Omotic";"r0";0,959181594921108;31,4372581536761;30,5674897119342;31,432952369311;54,145545980634
"Ta_Ne_Omotic";"r0";0,957466917173314;28,7683803206191;30,0106250886902;28,7745300471937;55,8609208016704
"Ta_Ne_Omotic";"r0";0,961530086825069;30,6242859775198;32,2151376472258;30,6321614808352;49,0018181204887
"Ta_Ne_Omotic";"r0";0,942993217393104;29,7529021558872;30,6641407691216;29,757413238131;48,614178397659
"Ta_Ne_Omotic";"r0";0,956431884741221;29,9670167680118;31,7010075209309;29,97560088065;48,0877460742223
"Ta_Ne_Omotic";"r0";0,959771640729994;30,1147963884282;31,160114233007;30,119971229243;51,2124327219997
"Ta_Ne_Omotic";"r0";0,959022443166522;31,572876358946;33,456541790833;31,5822014353415;45,528371868969
"Ta_Ne_Omotic";"r0";0,951666805692917;28,9250046065966;30,8122711792252;28,9343475104215;50,3913801319841
"Ta_Ne_Omotic";"r0";0,96719269502821;31,1894232540999;32,6017596140201;31,1964150182579;47,726935454255
"Ta_Ne_Omotic";"r0";0,963363714767273;32,7064676616915;33,3451894423159;32,7096296507045;46,3704634848374
"Ta_Ne_Omotic";"r0";0,956988668834932;30,9977888336097;31,7088761174968;31,0013090676884;49,2310474514302
"Ta_Ne_Omotic";"r0";0,955253194503707;30,1689699649899;32,0675890449837;30,1783690693463;47,7870166243273
"Ta_Ne_Omotic";"r0";0,952718876492382;30,8826239174498;32,1698204909891;30,8889961777148;47,2896397442191
"Ta_Ne_Omotic";"r0";0,935892671775368;29,3454947484798;29,5317723854122;29,3464169149993;51,4457258264541
"Ta_Ne_Omotic";"r0";0,953979242817295;31,4015636105188;32,4353164467149;31,4066811988168;47,7539468449152
"Ta_Ne_Omotic";"r0";0,961072062186664;31,5069098949696;32,0266567333617;31,5094828991201;47,6162721950013
"Ta_Ne_Omotic";"r0";0,96274961901873;32,6309194766906;31,2196998722861;32,6239332410253;53,003169950929
"Ta_Ne_Omotic";"r0";0,956116232821713;30,3992997973097;32,1513693770399;30,4079734090906;47,8228954029266
"Ta_Ne_Omotic";"r0";0,965346518773247;31,6705362078496;31,9928622108699;31,6721318811319;49,9997293730531
"Ta_Ne_Omotic";"r0";0,958140115359166;29,7796204164363;31,3471619128707;29,7873805228543;48,4528915236362
"Ta_Ne_Omotic";"r0";0,969834225598316;31,8811498065229;32,1910280970626;31,8826838574662;50,6680971394316
"Ta_Ne_Omotic";"r0";0,946567397932106;30,8741477796204;30,3368951326806;30,8714881130514;52,769616008866
"Ta_Ne_Omotic";"r0";0,965554626552678;30,1024507094159;31,8412657868597;30,1110587048488;50,188708184634
"Ta_Ne_Omotic";"r0";0,957567275591044;30,1606780910263;31,253891726976;30,1660900397192;48,5765177327698
"Ta_Ne_Omotic";"r0";0,963270993090971;31,2782384374424;32,5924045693203;31,2847442103725;47,5933216088378
"Ta_Ne_Omotic";"r0";0,967875520051192;32,0694674774277;34,0228785298709;32,0791378291724;45,7059868312882
"Ta_Ne_Omotic";"r0";0,959092828381115;31,964252810024;32,0551050092238;31,9647025733863;49,4437331601337
"Ta_Ne_Omotic";"r0";0,963866907386658;31,8700939745716;32,8149921952604;31,8747716885354;46,1753145745335
"Ta_Ne_Omotic";"r0";0,953056153818805;31,4844297033352;30,5385092947353;31,4797469290352;53,8874218339714
"Ta_Ne_Omotic";"r0";0,960281687545916;30,7024138566427;32,0609337306655;30,7091392025537;50,1722762201706
"Ta_Ne_Omotic";"r0";0,954446512337718;29,9014188317671;30,4888888888889;29,9043270993766;52,0791205051672
"Ta_Ne_Omotic";"r0";0,95296041571591;30,4650819974203;31,0035121328225;30,4677474931401;51,2744547751372
"Ta_Ne_Omotic";"r0";0,959463028072909;31,3169338492722;32,6173655456222;31,3233716299472;48,1007462499468
"Ta_Ne_Omotic";"r0";0,95666255233226;30,6989128431915;31,1304810557684;30,7010493194913;52,4558440904419
"Ta_Ne_Omotic";"r0";0,95519508487154;29,7521651004238;31,7844614729672;29,7622259735552;48,552863439619
"Ta_Ne_Omotic";"r0";0,963194483749895;32,028192371476;32,0293883922236;32,0281982923707;51,050656129844
"Ta_Ne_Omotic";"r0";0,958593596714446;30,8413488114981;31,2707606073506;30,8434746124676;49,4304288769875
"Ta_Ne_Omotic";"r0";0,962632350806649;31,7810945273632;31,3160139066269;31,7787921480526;52,1965740904717
"Ta_Ne_Omotic";"r0";0,967422785531211;31,4333886124931;32,3714452958706;31,4380324574603;48,8235490259929
"Ta_Ne_Omotic";"r0";0,95872483516766;31,3805048829924;32,2216758904498;31,3846690959007;47,227060855608
"Ta_Ne_Omotic";"r0";0,957442347875841;30,2319882071126;29,9511778061586;30,2305980566128;54,0543032087972
"Ta_Ne_Omotic";"r0";0,960800972411307;30,5835636631657;31,8704697034199;30,5899344851471;47,5411115609873
"Ta_Ne_Omotic";"r0";0,953508880259816;31,0092131932928;32,0303923655456;31,0142685357297;48,0519961825149
"Ta_Ne_Omotic";"r0";0,962914963061656;31,9760456974387;33,1609798495814;31,9819117080929;45,3033513222232
"Ta_Ne_Omotic";"r0";0,947995105974944;29,8278975492906;31,9163012629488;29,8382361815364;47,6131122021669
"Ta_Ne_Omotic";"r0";0,951840443632772;29,916896996499;33,0951078473109;29,9326307135822;45,8159050361917
"Ta_Ne_Omotic";"r0";0,962125797156332;31,2563110374056;33,3420710940826;31,2666365822406;46,3395074690624
"Ta_Ne_Omotic";"r0";0,960127130205387;31,1573613414409;32,6624450120619;31,1648122507014;48,1625507309534
"Ta_Ne_Omotic";"r0";0,956421325901445;29,5085682697623;31,869905633603;29,5202580586922;47,8825090166943
"Ta_Ne_Omotic";"r0";0,963999436331219;32,932190897365;32,0399212430822;32,9277737208587;52,3425597420656
"Ta_Ne_Omotic";"r0";0,969760477279569;31,1870278238437;32,3585852135661;31,1928276129018;49,0114462129135
"Ta_Ne_Omotic";"r0";0,959570870084046;30,9036299981574;32,0062721725557;30,9090886227831;48,9661724781806
"Ta_Ne_Omotic";"r0";0,97269183849543;32,4993550764695;35,1624911309777;32,5125389183235;44,2869879034663
"Ta_Ne_Omotic";"r0";0,958996347227789;31,9662797125484;31,6129771533986;31,9645306899783;49,6070576631541
"Ta_Ne_Omotic";"r0";0,964783024570437;32,2654320987654;34,869944657301;32,2783257252928;42,9863984303395
"Ta_Ne_Omotic";"r0";0,965164644048923;29,7681960567533;31,1757840215695;29,7751643140048;52,8351600294937
"Ta_Ne_Omotic";"r0";0,96273263304522;31,9310853141699;31,1347239960267;31,9271429314068;53,0644025174992
"Ta_Ne_Omotic";"r0";0,967510714088517;31,0742583379399;33,2293883922236;31,0849272986047;48,2211857433733
"Ta_Ne_Omotic";"r0";0,967168961624233;31,1847903340441;33,3575386689371;31,1955465139198;47,6958864245932
"Ta_Ne_Omotic";"r0";0,95993818621266;31,1146121245624;33,0035263232581;31,123963184952;45,5511339352257
"Ta_Ne_Omotic";"r0";0,970412260018606;30,8196056753271;32,5026748971193;30,8279377011775;47,2381536531313
"Ta_Ne_Omotic";"r0";0,958803324762647;30,9659111848167;32,9033879665106;30,975502654033;47,7880420150608
"Ta_Ne_Omotic";"r0";0,962714503911167;31,301824212272;32,7017134951043;31,3087543572365;46,9079715419804
"Ta_Ne_Omotic";"r0";0,962839069989294;31,0112400958172;32,3950049666525;31,01809041696;47,2367705520443
"Ta_Ne_Omotic";"r0";0,957093704252406;31,8815183342547;31,7246204058465;31,8807416118368;48,5514695662206
"Ta_Ne_Omotic";"r0";0,958545234528241;31,1164547632209;32,6345643536257;31,1239701572328;45,3506572997757
"Ta_Ne_Omotic";"r0";0,949132408815867;30,1151649161599;30,2570597417341;30,1158673657915;52,7466406084481
"Ta_Ne_Omotic";"r0";0,959389188984573;32,1120324304404;33,1506634028665;32,1171741679277;45,5769925542588
"Ta_Ne_Omotic";"r0";0,962150835312314;30,8326884098028;33,2358166595714;30,8445850843066;45,9548196053706
"Ta_Ne_Omotic";"r0";0,957075075088321;30,0941588354524;31,3641762452107;30,1004460503522;47,7607503759721
"Ta_Ne_Omotic";"r0";0,962886115419976;33,1208770960015;33,2063750532141;33,1213003532154;48,3565991127695
"Ta_Ne_Omotic";"r1";0,983458306481189;33,5989628576693;43,8334823329076;33,6496287956656;34,3121587850434
"Ta_Ne_Omotic";"r1";0,982867852383247;33,007515333386;47,3582552859373;33,0785586004778;31,4380382197992
"Ta_Ne_Omotic";"r1";0,986230194591372;33,8126431335387;48,6970980559103;33,8863285539464;31,1235788289937
"Ta_Ne_Omotic";"r1";0,980723942028127;33,6230092921635;42,4983290762026;33,6669465188172;34,9770278049954
"Ta_Ne_Omotic";"r1";0,985125854932279;34,5282845034089;45,4691322548602;34,5824471160398;32,8301912149375
"Ta_Ne_Omotic";"r1";0,987181807330734;31,5635315486062;46,768096353058;31,6388016714005;33,2444631703445
"Ta_Ne_Omotic";"r1";0,983361089167499;32,1646266024375;45,0813608627785;32,2285708314491;32,8001221936101
"Ta_Ne_Omotic";"r1";0,986678308074227;34,8888362420701;44,9455583936427;34,9386219952957;35,4940892656132
"Ta_Ne_Omotic";"r1";0,981966724171097;31,3006923056674;43,651443876827;31,3618346401781;33,185086226283
"Ta_Ne_Omotic";"r1";0,987309596235154;34,0311669167391;45,7092734496949;34,088979325318;32,8465390014632
"Ta_Ne_Omotic";"r1";0,983646351706815;34,2554686883045;44,9101461614872;34,3082146163896;33,233501945653
"Ta_Ne_Omotic";"r1";0,983801096686162;33,1697070204533;44,4702142755783;33,2256501256767;34,1479389532947
"Ta_Ne_Omotic";"r1";0,984254018850977;31,4594882729211;46,7464772243508;31,535166436047;32,9913585932395
"Ta_Ne_Omotic";"r1";0,986384352706524;34,078522730264;45,6794380587484;34,1359530041674;33,8458269287655
"Ta_Ne_Omotic";"r1";0,980940314995617;32,8625654794809;44,3846282105861;32,9196053939913;33,5022464784586
"Ta_Ne_Omotic";"r1";0,985385172056359;34,4158835452368;47,9214736767419;34,4827429023234;30,261198242777
"Ta_Ne_Omotic";"r1";0,987151923861069;35,5499223459422;45,7242585497375;35,6002903469511;35,282008880499
"Ta_Ne_Omotic";"r1";0,985594084270188;33,4594619495117;45,6764154959557;33,5199419175634;33,453942214426
"Ta_Ne_Omotic";"r1";0,987365930239993;34,2361473057991;45,1871682985668;34,2903602810108;35,0095811167914
"Ta_Ne_Omotic";"r1";0,985494219318618;30,6586380267972;44,6242266212573;30,7277746039975;32,7813448682307
"Ta_Ne_Omotic";"r1";0,987397525398299;34,6724973018505;46,7311302681992;34,7321935046542;32,7706554016751
"Ta_Ne_Omotic";"r1";0,983525033369992;33,1335913027455;43,1307258407833;33,1830820677853;34,4264837171634
"Ta_Ne_Omotic";"r1";0,985922819194188;33,5592934796915;45,3712217965092;33,617768372349;34,1500681286592
"Ta_Ne_Omotic";"r1";0,988213484052319;34,8188686198636;48,4350078047396;34,8862752494917;29,9208040285064
"Ta_Ne_Omotic";"r1";0,983040126810374;31,8138671720761;45,2245849297573;31,8802568639458;33,3496224416233
"Ta_Ne_Omotic";"r1";0,987701735385449;33,2524283345179;44,6589257840216;33,3088961436738;33,2800349874459
"Ta_Ne_Omotic";"r1";0,981119045295022;34,3425465266261;42,8800198666099;34,384811246131;35,6350749448136
"Ta_Ne_Omotic";"r1";0,982444755579071;33,9839953670799;43,5388498651909;34,0312966269716;36,0658978638708
"Ta_Ne_Omotic";"r1";0,987288942088136;33,3904156466346;49,5486483610047;33,4704068976958;29,7509904968157
"Ta_Ne_Omotic";"r1";0,985102855785581;33,3750032904262;45,9833971902937;33,4374210820097;32,9263180988137
"Ta_Ne_Omotic";"r1";0,986730992679627;33,4511305904341;44,5682098765432;33,5061656364049;34,5438416474678
"Ta_Ne_Omotic";"r1";0,984353929280856;33,0770617810419;44,8319249325954;33,1352541728813;33,5589460305883
"Ta_Ne_Omotic";"r1";0,983958976922694;34,531390665719;44,0694089683553;34,5786085781083;34,2492061865982
"Ta_Ne_Omotic";"r1";0,988407685795758;35,1172444655032;47,066212572726;35,1763977729647;32,996809812623
"Ta_Ne_Omotic";"r1";0,986329078811791;32,9459712021901;46,1147438626366;33,0111631460537;33,6332007864305
"Ta_Ne_Omotic";"r1";0,986674707136471;35,5081997420306;45,4894636015326;35,5576119393548;35,240014320415
"Ta_Ne_Omotic";"r1";0,988855072164481;33,2680249545921;51,9485454803462;33,360502778977;29,4971345734913
"Ta_Ne_Omotic";"r1";0,982477957302807;34,9979730974756;43,3519440896836;35,0393293895162;33,9330240147622
"Ta_Ne_Omotic";"r1";0,979786545040135;32,007515333386;42,2591528309919;32,0582660140672;35,6376397932316
"Ta_Ne_Omotic";"r1";0,987663560737811;32,3374661086104;47,5143784589187;32,4125993380674;33,1652339840636
"Ta_Ne_Omotic";"r1";0,98359168014667;33,2573244886678;46,492294593444;33,3228441426518;32,5151174365368
"Ta_Ne_Omotic";"r1";0,986640310753373;34,3900997657217;44,8509720448418;34,4418862621529;34,2349049068104
"Ta_Ne_Omotic";"r1";0,984672685561314;32,4366263918503;45,300681140911;32,5003098312021;32,9721316416206
"Ta_Ne_Omotic";"r1";0,988131594891931;33,7990470925794;45,8206187029942;33,8585598233241;35,8192442266755
"Ta_Ne_Omotic";"r1";0,984886284601312;32,6074916423175;42,6751170710941;32,6573313721629;36,9271261828072
"Ta_Ne_Omotic";"r1";0,984340864228845;32,6894364158046;48,9451894423159;32,7699104406883;30,2502308139341
"Ta_Ne_Omotic";"r1";0,980848500638391;33,9820211113743;43,4420817369093;34,0288530946691;33,6717274880023
"Ta_Ne_Omotic";"r1";0,985118984308678;33,8412698412698;46,3177557826025;33,9030346231576;32,4790374250655
"Ta_Ne_Omotic";"r1";0,984758079260098;33,3612361473058;44,7866964665815;33,4177978320547;35,4489214081958
"Ta_Ne_Omotic";"r1";0,986677027660848;34,3228171312748;47,5448666099049;34,3882728217631;31,325910406385
"Ta_Ne_Omotic";"r1";0,982733982413792;33,6646397641423;45,6012984248616;33,7237321337498;33,6707172318683
"Ta_Ne_Omotic";"r1";0,985257985236153;32,8695675063834;46,30573648361;32,9360831943895;33,0321773532578
"Ta_Ne_Omotic";"r1";0,985255571743902;32,8267129958672;46,1574499787143;32,8927067433071;31,8518233362387
"Ta_Ne_Omotic";"r1";0,982321388059897;33,019518808076;43,4150737902654;33,0709819515522;35,1742305069681
"Ta_Ne_Omotic";"r1";0,986002041750333;34,9011029508542;46,8198666099049;34,9601067313445;32,3982094860916
"Ta_Ne_Omotic";"r1";0,985037330400189;31,6096896470031;47,8674329501916;31,6901735247416;32,2694453676783
"Ta_Ne_Omotic";"r1";0,98501892222179;32,5267314222538;47,0778026110402;32,5987664281389;30,7912141185235
"Ta_Ne_Omotic";"r1";0,983466061517011;30,9081313011661;46,9675216404144;30,9876332335386;32,0288617937134
"Ta_Ne_Omotic";"r1";0,98307973087827;34,151754455237;42,1759188307081;34,1914780412542;38,5602308739508
"Ta_Ne_Omotic";"r1";0,98003335186443;33,3476532680513;43,1851248758337;33,3963536225452;33,9651989016251
"Ta_Ne_Omotic";"r1";0,983584600229027;32,9489457474532;43,5313537675607;33,0013339059686;34,9554889077668
"Ta_Ne_Omotic";"r1";0,983496657914352;33,3523519966306;43,5115190861359;33,4026449030143;33,5781803264114
"Ta_Ne_Omotic";"r1";0,983927829988741;34,0878675406039;44,6214807719597;34,1400141407591;35,8092172686861
"Ta_Ne_Omotic";"r1";0,988886965359916;32,4217273421254;46,9711366538953;32,4937541208965;32,3903756532253
"Ta_Ne_Omotic";"r1";0,984686453744699;33,4351786043328;44,6524549453668;33,490709675328;33,5465492646266
"Ta_Ne_Omotic";"r1";0,985524168863087;32,478388480876;45,7014367816092;32,5438491160282;32,8921799415743
"Ta_Ne_Omotic";"r1";0,984688673262992;33,789728605649;44,9039059174117;33,8447492854102;34,2755836869665
"Ta_Ne_Omotic";"r1";0,986692353812702;34,4841927926505;47,0829643820065;34,5465629490335;32,4883029840224
"Ta_Ne_Omotic";"r1";0,982352785386841;34,6845139382453;43,0542677735206;34,7259483631724;35,6574447928477
"Ta_Ne_Omotic";"r1";0,984808616009585;31,8037853062729;46,8380977721016;31,8782125957077;32,1712785872296
"Ta_Ne_Omotic";"r1";0,982040030505135;31,5746795124905;42,1538988221938;31,6270518853108;36,8596829162327
"Ta_Ne_Omotic";"r1";0,985149776045551;34,1445944878781;47,5841067120761;34,2111267266117;33,6832998819465
"Ta_Ne_Omotic";"r1";0,986373425185998;34,5268367158914;45,6346530438484;34,5818259056338;33,7976315238635
"Ta_Ne_Omotic";"r1";0,98282155466221;34,3377819895233;43,0714382006528;34,3810179113606;35,4457169036955
"Ta_Ne_Omotic";"r1";0,984698967493256;34,106135986733;45,3902511707109;34,1619979430893;34,5687311069436
"Ta_Ne_Omotic";"r1";0,985772390577518;35,2106925689015;46,2592344259969;35,2653883206693;32,7278006571159
"Ta_Ne_Omotic";"r1";0,983325548440008;31,0759693595514;44,689768695899;31,143364405771;32,6982909835701
"Ta_Ne_Omotic";"r1";0,981129268519286;34,0849193187502;42,1202000851426;34,1246979364056;36,8061626461853
"Ta_Ne_Omotic";"r1";0,986187320958183;33,5544762957698;45,2905598126862;33,6125757191209;34,7445101260902
"Ta_Ne_Omotic";"r1";0,988407553182741;32,1892521519387;46,2470661274301;32,2588452904313;32,2474286665419
"Ta_Ne_Omotic";"r1";0,985793062919923;33,9396535839322;45,5845749964524;33,9973017097367;33,6439169513922
"Ta_Ne_Omotic";"r1";0,985550673348229;33,4253599726237;47,5977650063857;33,4955203935829;31,9962188564367
"Ta_Ne_Omotic";"r1";0,982280448082917;31,6364868777804;45,8631155101462;31,7069157323961;31,4184008580145
"Ta_Ne_Omotic";"r1";0,984769569529915;33,8569454315723;45,8757130693912;33,9164442812645;31,5699036398514
"Ta_Ne_Omotic";"r1";0,987243032447292;34,103556292611;47,122112246346;34,1680045894117;32,0924922665747
"Ta_Ne_Omotic";"r1";0,981694179066176;31,1249572244597;44,5079714772244;31,1912097702655;34,3821562644012
"Ta_Ne_Omotic";"r1";0,983514006346591;34,1412908999974;42,658347523769;34,1834545466497;34,2004761087153
"Ta_Ne_Omotic";"r1";0,984338442827682;33,8181447261049;44,1178799489144;33,8691335143367;34,5374511675528
"Ta_Ne_Omotic";"r1";0,982378910567201;32,4797178130511;44,1456683695189;32,5374700435287;35,0537330538481
"Ta_Ne_Omotic";"r1";0,983455589983643;32,4321250888415;44,6043458209167;32,4923836073171;33,1570286910628
"Ta_Ne_Omotic";"r1";0,986648039715826;32,8992734739003;48,0026536114659;32,9740426825022;32,0112255976711
"Ta_Ne_Omotic";"r1";0,985522963117259;33,7707625891706;44,8547112246346;33,8256336220194;34,6700367300298
"Ta_Ne_Omotic";"r1";0,981619618307691;33,820763905341;43,9689690648503;33,8710025447445;33,845366231209
"Ta_Ne_Omotic";"r1";0,986963325122567;33,0476058859143;45,8504328082872;33,1109862172132;33,4429335710843
"Ta_Ne_Omotic";"r1";0,986715744500079;35,0557793045355;44,6522669220945;35,1032866689789;35,2214996502813
"Ta_Ne_Omotic";"r1";0,985631306845844;34,6148358735423;46,1371647509579;34,6718771056088;34,4067707894293
"Ta_Ne_Omotic";"r1";0,983677308662412;32,2458606438706;45,8659252164041;32,3132867061109;31,896785658834
"Ta_Ne_Omotic";"r1";0,98195497923936;32,9615941456738;43,1452462040585;33,0120082647747;33,8635652286035
"Ta_Ne_Omotic";"r1";0,989725559471269;33,8750954223591;45,6784198949908;33,9335277217286;34,3717439611354
"Ta_Ne_Omotic";"r1";0,984303432796991;33,8967069414831;44,0772775649212;33,9471058059555;34,8361655694045
"Ta_Ne_Omotic";"r1";0,983660965587093;32,910803127221;47,5042642259117;32,9830479841452;32,6694024912248
"Ta_Ne_Omotic";"r1";0,986015177383741;32,2302245386823;46,3840783312048;32,3002931218136;32,3406745766706
"Ta_Ne_Omotic";"r1";0,982864741618377;33,5911184816657;44,7228111253015;33,6462258709907;34,5158948100686
"Ta_Ne_Omotic";"r1";0,982453161516508;34,2451499118166;44,0964559386973;34,2939187535338;34,8837035577251
"Ta_Ne_Omotic";"r1";0,983733727831302;31,0342599173445;47,3517170427132;31,1150394080641;31,1799503528574
"Ta_Ne_Omotic";"r1";0,982595564186341;32,5974624233331;45,4894990776217;32,6612843869682;31,453773577933
"Ta_Ne_Omotic";"r1";0,984808441897216;34,4324014846403;48,5856428267348;34,5024670358388;31,1790604832018
"Ta_Ne_Omotic";"r1";0,986282154485289;32,1791044776119;45,0596601390663;32,2428696046488;34,4557093923948
"Ta_Ne_Omotic";"r1";0,98734875211288;31,5840901313538;46,2786221086987;31,6568353391624;34,0238450286348
"Ta_Ne_Omotic";"r1";0,986697310368928;32,9770065018821;47,3916808571023;33,0483662759179;31,1869211468941
"Ta_Ne_Omotic";"r1";0,985541344865845;32,6866066492932;45,6412657868597;32,7507386252218;33,8363740772629
"Ta_Ne_Omotic";"r1";0,985434258405965;33,2132327779094;46,6374911309777;33,2796895024295;31,7102129136827
"Ta_Ne_Omotic";"r1";0,984006138175742;34,8232251441207;46,7086171420463;34,8820637183678;31,6155835110989
"Ta_Ne_Omotic";"r1";0,984255771636332;32,5712969543815;47,7572371221797;32,6464748760043;31,3788527232206
"Ta_Ne_Omotic";"r1";0,984174074090006;32,947576930164;44,8832836668086;33,0066645872761;33,9221262702332
"Ta_Ne_Omotic";"r1";0,986442103056768;32,6062939271894;49,6294770824464;32,6905671111264;29,1211717255063
"Ta_Ne_Omotic";"r1";0,98193445145836;33,4974071441733;45,5898148148148;33,5572705484834;31,5981693858448
"Ta_Ne_Omotic";"r1";0,984432885269561;35,5639527231567;43,4006988789556;35,6027484962052;36,3006174076045
"Ta_Ne_Omotic";"r1";0,983548997041072;32,4684382321198;44,6596353058039;32,5287906928806;34,4819596753031
"Ta_Ne_Omotic";"r1";0,987063994804312;35,1710363526284;46,6585355470413;35,2279051605215;30,7283975989897
"Ta_Ne_Omotic";"r1";0,99079179987947;35,4751375398142;49,9506350219952;35,5467984184388;30,0745701471491
"Ta_Ne_Omotic";"r1";0,985568392430201;33,1590460396431;47,8757095217823;33,2319008093566;30,6022774551957
"Ta_Ne_Omotic";"r1";0,98660798183835;33,7851351707073;46,4949127288208;33,8480548615891;31,5104965396178
"Ta_Ne_Omotic";"r1";0,987239386828223;33,2510068704099;46,0264616148716;33,3142516958775;33,1624532783121
"Ta_Ne_Omotic";"r1";0,98379726354379;31,4995261786307;46,2914076912161;31,5727533148316;32,2710069226378
"Ta_Ne_Omotic";"r1";0,984636009005889;34,2063097212351;44,1056158649071;34,2553161872929;35,8079404048815
"Ta_Ne_Omotic";"r1";0,985544040240215;34,6910947905973;43,4553959131545;34,7344824199169;37,0304142444103
"Ta_Ne_Omotic";"r1";0,981903408348247;32,7781199821001;44,0992585497375;32,8341652225339;33,3177946555065
"Ta_Ne_Omotic";"r1";0,98551574067;33,0417357656164;48,970263942103;33,1205898655;29,8485192832711
"Ta_Ne_Omotic";"r1";0,984868149501863;32,6812629971834;49,1046260820207;32,7625667748311;29,2894249837908
"Ta_Ne_Omotic";"r1";0,987022624522048;32,672878991287;44,9906343124734;32,7338579780255;35,0227883215345
"Ta_Ne_Omotic";"r1";0,98337017286635;33,0630445655321;45,1399921952604;33,1228314349862;32,3356719744309
"Ta_Ne_Omotic";"r1";0,984446541379551;34,2816736423702;42,6669398325529;34,3231848611334;36,3300976255954
"Ta_Ne_Omotic";"r1";0,989043182677817;33,6609018400063;47,6707712501774;33,7302576291656;32,9385896603747
"Ta_Ne_Omotic";"r1";0,985933238122684;32,0937508226065;46,0021995175252;32,162604529017;33,1741925577618
"Ta_Ne_Omotic";"r1";0,984005638667351;33,6294453657638;44,3353803036753;33,6824450436742;34,2970448108687
"Ta_Ne_Omotic";"r1";0,984079337016277;33,7382136934376;45,0935149709096;33,7944280561973;34,0083591291945
"Ta_Ne_Omotic";"r1";0,982980378512789;32,129879702019;43,2744323825741;32,185050754893;34,7961106131319
"Ta_Ne_Omotic";"r1";0,983713810383792;32,4592118771223;44,4450936568753;32,5185479255369;34,9113873816075
"Ta_Ne_Omotic";"r1";0,981851696202117;32,1191529126853;44,8536362991344;32,1821949096479;32,5991624670607
"Ta_Ne_Omotic";"r1";0,989193732439424;35,228724104346;50,2993720732226;35,3033312725087;29,8049922164782
"Ta_Ne_Omotic";"r1";0,985937607362807;33,938771749717;49,1670356179935;34,0141591946095;29,6280431284213
"Ta_Ne_Omotic";"r1";0,984891645081834;32,8206454499987;46,0034731091244;32,8859069730637;31,8258998229171
"Ta_Ne_Omotic";"r1";0,982198929435082;32,8297401879491;45,4422129984391;32,8921781721595;32,6080955231966
"Ta_Ne_Omotic";"r1";0,986270692359492;33,9315064887204;46,5811763871151;33,9941286169303;31,6568078616517
"Ta_Ne_Omotic";"r1";0,982523556651707;34,7593908763063;43,9659677877111;34,8049679897291;34,0146372029893
"Ta_Ne_Omotic";"r1";0,983154500676161;33,167008870989;43,8360649921953;33,2198259804999;35,3395816727772
"Ta_Ne_Omotic";"r1";0,983672795067443;33,1561241411988;45,0720625798212;33,2151139354494;33,3972790754198
"Ta_Ne_Omotic";"r1";0,986632048275514;33,288083392561;44,8089115935859;33,3451171955364;33,8300480565489
"Ta_Ne_Omotic";"r1";0,987148431719289;33,8797546658243;43,5133957712502;33,9274459584254;35,0075892899085
"Ta_Ne_Omotic";"r1";0,986517035616919;33,103069309537;44,7961331062864;33,1609557639763;35,3127164467171
"Ta_Ne_Omotic";"r1";0,98298813385267;33,3134328358209;43,7059067688378;33,3648807265784;34,9903748478158
"Ta_Ne_Omotic";"r1";0,985394000559069;33,2095343388876;44,0887363417057;33,2633917745451;35,0003714308598
"Ta_Ne_Omotic";"r1";0,983256464914498;36,0024217536655;43,8654072655031;36,0413474245162;35,890659638811
"Ta_Ne_Omotic";"r1";0,979695801826627;33,7348179736239;44,2560238399319;33,7869031511799;34,272280136464
"Ta_Ne_Omotic";"r1";0,986606611699908;33,5635183869015;45,7217929615439;33,6237078649938;33,5335473376052
"Ta_Ne_Omotic";"r1";0,988026854352414;33,523388349259;46,2012310202923;33,5861499466403;33,0830252998363
"Ta_Ne_Omotic";"r1";0,983674439195238;34,8254099871015;44,6801156520505;34,8741956587102;35,2016674390889
"Ta_Ne_Omotic";"r1";0,984840691808151;32,4045118323725;47,6549950333475;32,4800092739615;30,9621731844401
"Ta_Ne_Omotic";"r1";0,983456203392279;34,4191739714128;45,8770505179509;34,4758961325343;32,0554818474165
"Ta_Ne_Omotic";"r1";0,98643653931616;33,7716970702045;45,1527777777778;33,8280390539054;33,209237667853
"Ta_Ne_Omotic";"r1";0,984153828677831;32,9328884677143;45,2030296580105;32,9936317409336;33,2673327822963
"Ta_Ne_Omotic";"r1";0,97986070370529;34,1006870409855;43,3724989357173;34,1465870998704;33,6589180277306
"Ta_Ne_Omotic";"r1";0,985404010608516;32,9975782463345;44,8990456932028;33,056496402012;37,0312884632426
"Ta_Ne_Omotic";"r1";0,983551594606703;32,3947063623681;45,8168830708103;32,4611527817168;31,9540929826842
"Ta_Ne_Omotic";"r1";0,984180780288978;31,8108663034036;46,7872357031361;31,8850067459766;31,4842657381153
"Ta_Ne_Omotic";"r1";0,986068359617377;33,6808418226329;45,6357882787002;33,7400247258807;30,6692940153974
"Ta_Ne_Omotic";"r1";0,981918628596416;33,0093184869304;44,8328295728679;33,0678507200291;32,6310360411363
"Ta_Ne_Omotic";"r1";0,98547106122933;34,3053515491326;45,3901305520079;34,3602266927112;33,4835182074637
"Ta_Ne_Omotic";"r1";0,986688719838732;32,2381478849141;47,6666382857954;32,314526550265;31,9332878573994
"Ta_Ne_Omotic";"r1";0,987048244317826;34,1407381083998;45,5573009791401;34,1972557463738;34,2534389338286
"Ta_Ne_Omotic";"r1";0,984214663626291;32,3389402195372;45,2530615864907;32,402871513433;33,1759211736078
"Ta_Ne_Omotic";"r1";0,983419451760462;34,087814893785;45,7903753370229;34,1457483613258;32,335274120019
"Ta_Ne_Omotic";"r1";0,983559894583813;34,6998341625207;45,8983610046828;34,7552724142146;32,9248144830101
"Ta_Ne_Omotic";"r1";0,985806719015214;31,5848798336361;49,5341634738186;31,6737376734389;30,9354972778409
"Ta_Ne_Omotic";"r1";0,982899668416181;31,8270683618942;42,1094472825316;31,877971227838;35,5058328300373
"Ta_Ne_Omotic";"r1";0,981652596361538;34,1418831767091;42,4994678586633;34,1832573583029;37,2435873364979
"Ta_Ne_Omotic";"r1";0,983715364572676;33,2039274526837;45,4644139350078;33,2646229303189;33,6752456264716
"Ta_Ne_Omotic";"r1";0,987337973428964;33,3478375319171;45,8281928480204;33,4096214691256;33,6967368467647
"Ta_Ne_Omotic";"r1";0,986212009676361;31,9319408249757;46,951724137931;32,0062961879111;33,3061559919296
"Ta_Ne_Omotic";"r1";0,986315336797576;33,6494248335044;48,7195402298851;33,7240293651697;32,7782382289796
"Ta_Ne_Omotic";"r1";0,983612460839719;31,9034983811103;44,7708812260536;31,9671982961843;33,3445290658174
"Ta_Ne_Omotic";"r1";0,985020428752487;32,5128458237911;46,0477366255144;32,5798502337006;33,9133814299354
"Ta_Ne_Omotic";"r1";0,983709098288122;33,7063097212351;46,8078685965659;33,7711689235882;31,6948548126843
"Ta_Ne_Omotic";"r1";0,986970665527011;34,0702703414146;44,8449304668653;34,1236102430258;34,6275532951795
"Ta_Ne_Omotic";"r1";0,985415878296699;33,976256284714;48,845466155811;34,0498662345709;30,0723109642337
"Ta_Ne_Omotic";"r1";0,986257292944706;34,6745373660797;47,0195331346672;34,7356512065182;31,6440103959892
"Ta_Ne_Omotic";"r1";0,983366119452184;34,2857142857143;45,993337590464;34,3436728169259;32,2305205249869
"Ta_Ne_Omotic";"r1";0,987970127193044;34,7594961699439;43,888161629062;34,8046875831079;37,0041769873074
"Ta_Ne_Omotic";"r1";0,985703274625131;34,7920319039722;44,8598517099475;34,841872596081;35,3202620372395
"Ta_Ne_Omotic";"r1";0,984622302257459;33,4190160309563;44,8525613736342;33,4756177405735;34,2921829786935
"Ta_Ne_Omotic";"r1";0,98774763503985;33,4866803548396;47,3067085284518;33,555096335897;32,8856747644351
"Ta_Ne_Omotic";"r1";0,984868704646387;34,1045960672826;44,8431566624095;34,1577572583476;33,1526218706173
"Ta_Ne_Omotic";"r1";0,985950167753698;32,6216273131696;46,6300376046545;32,690975878969;33,2893700846215
"Ta_Ne_Omotic";"r1";0,985228915352983;33,5797467688015;44,4524513977579;33,6335720392419;33,6607273744239
"Ta_Ne_Omotic";"r1";0,987181397654;32,4668193424412;47,2454306797219;32,539980784705;32,0037976523491
"Ta_Ne_Omotic";"r1";0,985469942595542;32,9159756771697;42,9585284518235;32,965691284965;35,7754204736039
"Ta_Ne_Omotic";"r1";0,982300070717849;34,3856247861223;43,3921597843054;34,430211593044;36,0548945284597
"Ta_Ne_Omotic";"r1";0,981788610855099;34,5378004159099;45,0919717610331;34,5900487889055;33,2043430285707
"Ta_Ne_Omotic";"r1";0,986776253706374;33,2767774882203;48,2753831417625;33,3510280112576;31,3464514304636
"Ta_Ne_Omotic";"r1";0,987269728166095;34,6030429861276;47,0655810983397;34,6647387193563;32,8970034971164
"Ta_Ne_Omotic";"r1";0,980778458786772;34,1443839006028;40,4222080317866;34,1754622378859;38,1943905147603
"Ta_Ne_Omotic";"r1";0,985904273753659;32,3884019058148;49,1083581665957;32,4711739665118;31,2878697928875
"Ta_Ne_Omotic";"r1";0,983768179888878;32,5426307615362;42,4988825031928;32,5919191364949;34,2141663293642
"Ta_Ne_Omotic";"r1";0,986580559584247;33,9122772381479;49,2411841918547;33,9881629161365;29,8024938581586
"Ta_Ne_Omotic";"r1";0,984936182741147;32,9878649082629;46,3644103873989;33,0540854304369;33,2158079364107
"Ta_Ne_Omotic";"r1";0,984706469384526;33,2518097343968;44,5686001135235;33,307833449145;34,2097791082326
"Ta_Ne_Omotic";"r1";0,986019759740815;33,3825449472216;46,4854512558536;33,4474108200366;32,2593292109538
"Ta_Ne_Omotic";"r1";0,99015188353221;32,4010897891495;48,1063856960409;32,4788387787876;32,729492712017
"Ta_Ne_Omotic";"r1";0,988624228919942;34,6452394114086;47,5042074641691;34,7088976690955;32,2955302683553
"Ta_Ne_Omotic";"r1";0,983708943583926;34,331438047856;44,0262345679012;34,3794320900344;33,7430670206891
"Ta_Ne_Omotic";"r1";0,983123704078722;33,8317276053594;43,9766283524904;33,8819498862858;34,0362809312814
"Ta_Ne_Omotic";"r1";0,987863037221168;34,8169470109769;47,2283595856393;34,8783896474851;32,1002363587254
"Ta_Ne_Omotic";"r1";0,988323007698672;34,1800521203506;47,5173123314886;34,2460781609998;31,4127187213632
"Ta_Ne_Omotic";"r1";0,980669450204077;32,2337650372476;44,7131084149283;32,2955439648599;36,7296265088386
"Ta_Ne_Omotic";"r1";0,98281127331555;31,904090657822;44,4333723570314;31,9661168048478;33,0145046659788
"Ta_Ne_Omotic";"r1";0,989158174241418;34,3755824054331;50,6577728111253;34,4561873084316;30,1480674159815
"Ta_Ne_Omotic";"r1";0,989277752241013;31,6020426965701;46,9181885908897;31,6778652009974;31,8579949503974
"Ta_Ne_Omotic";"r1";0,988350736276697;34,2008476137829;44,4823541932737;34,2517461612062;34,5121863483876
"Ta_Ne_Omotic";"r1";0,98575367360864;33,015649266893;45,8541507024266;33,0792062046927;32,7131314441274
"Ta_Ne_Omotic";"r1";0,984844139921467;32,6964121192977;45,2265609479211;32,7584425590434;32,5659192301018
"Ta_Ne_Omotic";"r1";0,979509980786714;32,3279370344047;42,660955016319;32,3790905887706;36,3487599619222
"Ta_Ne_Omotic";"r1";0,986077845438263;32,4260180578589;45,7742904782177;32,4920986143953;34,3010872028762
"Ta_Ne_Omotic";"r1";0,981844527924463;32,476743267788;41,7633035334185;32,52271633841;36,7747075745343
"Ta_Ne_Omotic";"r1";0,982534183030719;33,1158230013951;45,8596814247197;33,1789114094314;32,7459277544172
"Ta_Ne_Omotic";"r1";0,983199958976641;31,7239464055384;44,0445792535831;31,7849396374595;34,27970130847
"Ta_Ne_Omotic";"r1";0,984825922909665;34,4279923135645;45,1594969490563;34,4811185741362;33,6734504202722
"Ta_Ne_Omotic";"r1";0,985736703027018;32,6512937955724;47,2892720306513;32,7237590343599;31,4932026184562
"Ta_Ne_Omotic";"r1";0,978110579619298;30,1448050751533;47,214807719597;30,2293100387397;31,6055636140213
"Ta_Ne_Omotic";"r1";0,983162231723256;32,8342678143673;43,6273698027529;32,8876990123296;33,5399691359438
"Ta_Ne_Omotic";"r1";0,984026250140839;33,2744478664877;46,6032850858521;33,3404322091578;31,547394480681
"Ta_Ne_Omotic";"r1";0,985644111257855;36,0628471399616;43,7616042287498;36,100959798817;37,8618054003817
"Ta_Ne_Omotic";"r1";0,9855332649019;32,9294137776725;46,0639846743295;32,9944364058738;32,9627893683075
"Ta_Ne_Omotic";"r1";0,986825120846285;32,616231014241;46,3408365261814;32,6841746058842;31,1596373869195
"Ta_Ne_Omotic";"r1";0,98720448033745;34,5273631840796;44,4186426848304;34,5763299142813;35,9362221187554
"Ta_Ne_Omotic";"r1";0,9832465923529;33,5035536602701;47,4087696892295;33,5723913633837;31,6700644478533
"Ta_Ne_Omotic";"r1";0,986511210950139;34,1020295348654;46,4668759755925;34,1632416459581;31,2147652707766
"Ta_Ne_Omotic";"r1";0,981323541469158;32,2276185211509;43,8312366964666;32,2850621754841;34,2976204743369
"Ta_Ne_Omotic";"r1";0,983439099659802;34,1734317828845;43,6796757485455;34,2204923965759;34,9133465165499
"Ta_Ne_Omotic";"r1";0,980262009890849;31,4731764458133;45,5135199375621;31,5426830967625;32,4509966877267
"Ta_Ne_Omotic";"r1";0,98399435059511;33,0416567953881;45,369703419895;33,1026867291728;33,2374333499292
"Ta_Ne_Omotic";"r1";0,98579999037456;30,9974861144015;47,661515538527;31,0799813095705;31,0457190664998
"Ta_Ne_Omotic";"r1";0,984217227497233;31,0658611703388;46,0552788420604;31,1400662083176;32,1622333412594
"Ta_Ne_Omotic";"r1";0,982152914122541;33,9764668719893;44,020746416915;34,0261910281523;35,4682291353515
"Ta_Ne_Omotic";"r1";0,987320727195196;34,1416594277291;44,2846424010217;34,1918722147256;35,1980315238239
"Ta_Ne_Omotic";"r1";0,984349834314132;32,563228829398;47,5373172981411;32,6373579802333;31,9275534231879
"Ta_Ne_Omotic";"r1";0,987178687894231;34,0683487325278;46,3903930750674;34,1293489520454;31,6132528315741
"Ta_Ne_Omotic";"r1";0,98502050835506;34,2686435547132;45,0872498935717;34,3222010118363;34,78299291758
"Ta_Ne_Omotic";"r1";0,991181642881912;33,5574376793282;48,3546580105009;33,6306912453241;30,2731737296016
"Ta_Ne_Omotic";"r1";0,984484627116204;33,3552738950749;47,3898751241663;33,4247521189813;31,3625643475551
"Ta_Ne_Omotic";"r1";0,987960129420884;31,5387875437627;46,8261068539804;31,6144673423281;31,6913820835319
"Ta_Ne_Omotic";"r1";0,980898721049977;35,4336913317013;42,55329218107;35,4689368804605;35,9657136167795
"Ta_Ne_Omotic";"r1";0,98671873821823;33,2629971833952;43,6180608769689;33,3142598749475;36,6162311607873
"Ta_Ne_Omotic";"r1";0,98717963209595;34,4444444444444;45,9978927203065;34,5016397329388;33,9982278885183
"Ta_Ne_Omotic";"r1";0,986212325311595;33,7830819447735;47,2841528309919;33,8499189293587;30,8465755245689
"Ta_Ne_Omotic";"r1";0,984173022937257;33,1707073100108;44,2919575705974;33,2257630043701;33,8287057889122
"Ta_Ne_Omotic";"r1";0,981955643527154;34,2551264839822;43,5116397048389;34,3009508068577;34,4445085875775
"Ta_Ne_Omotic";"r1";0,987979937149414;34,2434388902051;46,7824925500213;34,3055134132735;32,5133500462197
"Ta_Ne_Omotic";"r1";0,982575032489604;34,5659533022717;45,9912303107705;34,6225140795415;32,2074920319932
"Ta_Ne_Omotic";"r1";0,986750659545707;34,1309852852141;43,3579927628778;34,1766635400541;35,3991339260937
"Ta_Ne_Omotic";"r1";0,986973523049575;33,5224012214062;43,9457641549596;33,5740020280079;35,5724915058758
"Ta_Ne_Omotic";"r1";0,985877749330619;33,0745478954434;45,6673690932312;33,1368885944424;33,7094428523229
"Ta_Ne_Omotic";"r1";0,985087492246245;31,8784648187633;45,8475273165886;31,947618593505;32,2530952299021
"Ta_Ne_Omotic";"r1";0,982403622485729;31,2344889310063;45,2103412799773;31,3036763188725;33,8923061382055
"Ta_Ne_Omotic";"r1";0,986421744506034;31,7271052146674;50,3998368099901;31,8195444799908;30,2403829820543
"Ta_Ne_Omotic";"r1";0,986528935582187;33,9013661849483;44,6318788136796;33,9544875345955;33,6978424138986
"Ta_Ne_Omotic";"r1";0,987086330904547;34,2252230908947;46,8259365687527;34,2876028605871;33,2684573795894
"Ta_Ne_Omotic";"r1";0,985702500622203;33,9170944220695;45,9010536398467;33,9764209528506;32,2408862551347
"Ta_Ne_Omotic";"r1";0,98375647238497;31,0997393982469;49,7023946360153;31,1918317509091;29,0631050567505
"Ta_Ne_Omotic";"r1";0,981895703201338;32,5386164416015;46,1598410671208;32,6060482466783;30,841912091758
"Ta_Ne_Omotic";"r1";0,985482784660648;33,9890494616863;47,6568007662835;34,0567115968575;30,7124460988002
"Ta_Ne_Omotic";"r1";0,982997953957853;34,1723525230988;46,0896338867603;34,2313489654932;31,9919063378996
"Ta_Ne_Omotic";"r1";0,987524461235714;34,9916818026271;49,2984993614304;35,0625076321261;29,8565086724909
"Ta_Ne_Omotic";"r1";0,984475079745426;31,8759772565743;44,9506669504754;31,9407034431777;33,715420705618
"Ta_Ne_Omotic";"r1";0,984739484690251;33,4195951459633;44,0946040868455;33,4724417248786;34,2177514048265
"Ta_Ne_Omotic";"r1";0,986071244322241;33,1385006186001;48,0992230736484;33,2125636010509;31,0930639735973
"Ta_Ne_Omotic";"r1";0,978207768654594;32,3484166469241;44,1887008656166;32,4070319153335;32,2585051133151
"Ta_Ne_Omotic";"r1";0,984895483488178;35,7738292663666;46,1161451681567;35,8250288500388;32,5739275734074
"Ta_Ne_Omotic";"r1";0,984608238562012;33,1495564505515;43,6219455087271;33,2013999607405;34,2546192351397
"Ta_Ne_Omotic";"r1";0,988463784556048;34,5446313406512;48,7705796792962;34,6150568274762;30,370699442611
"Ta_Ne_Omotic";"r1";0,984206003537809;31,8741609413251;46,4487831701433;31,9463125365173;31,8065345410158
"Ta_Ne_Omotic";"r1";0,984126828129035;33,2377135486588;43,8347736625514;33,2901742422919;34,3583794863816
"Ta_Ne_Omotic";"r1";0,987973914088479;33,7674853246993;46,4755037604655;33,8303963070545;32,1992389540961
"Ta_Ne_Omotic";"r1";0,976257039600968;32,9333754507884;41,4019618277281;32,9752991457237;36,4855614312162
"Ta_Ne_Omotic";"r1";0,984438560126173;32,8601042407013;45,9312508869022;32,9248128874646;32,0189495095454
"Ta_Ne_Omotic";"r1";0,982330381092403;33,0808128668825;43,4344756634029;33,1320686233009;35,5943936083965
"Ta_Ne_Omotic";"r1";0,984500163519605;32,9030772065598;44,9232368383709;32,9625829473113;33,4333412124921
"Ta_Ne_Omotic";"r1";0,986581503273027;35,0356945431572;45,8858698737051;35,0894082824174;33,8426141558043
"Ta_Ne_Omotic";"r1";0,98541901481431;34,9144225960146;46,6595572584078;34,9725668270166;31,5519853311752
"Ta_Ne_Omotic";"r1";0,98648852486668;35,9450103977467;45,5241237405988;35,9924317509291;34,6536008927715
"Ta_Ne_Omotic";"r1";0,981971995925516;34,2172865829582;45,3549382716049;34,272423472506;33,8461526497089
"Ta_Ne_Omotic";"r1";0,981740533960732;35,7995735607676;41,6189335887612;35,8283822737775;36,8125827381045
"Ta_Ne_Omotic";"r1";0,983402660950068;34,329569085788;46,0840251170711;34,3877594621805;34,0715918722273
"Ta_Ne_Omotic";"r1";0,984204029046534;32,6987022559162;42,3670214275578;32,7465652221124;37,0310234823203
"Ta_Ne_Omotic";"r1";0,987544766837787;32,9502355945142;46,5000993330495;33,0173141278733;33,4656410833563
"Ta_Ne_Omotic";"r1";0,983946473630363;32,8102740266919;49,2740456932028;32,8917778468232;30,1726628655611
"Ta_Ne_Omotic";"r1";0,98577413802694;33,4668193424412;43,7664360720874;33,5178075440731;35,7272589308342
"Ta_Ne_Omotic";"r1";0,988635365174603;32,4841664692411;46,2423194267064;32,5522761373474;31,5758105562205
"Ta_Ne_Omotic";"r1";0,984205809758278;31,18407960199;48,1754576415496;31,2681953348592;31,0248684383313
"Ta_Ne_Omotic";"r1";0,983880838195673;32,2580747058359;43,7216617000142;32,3148251365001;35,4670752728177
"Ta_Ne_Omotic";"r1";0,986599393547594;33,2884782437021;46,8334894281254;33,3555327545161;31,4003414948254
"Ta_Ne_Omotic";"r1";0,986167208371762;34,0808523519966;46,7649070526465;34,1436447019998;32,6216781890488
"Ta_Ne_Omotic";"r1";0,984076414736837;33,0423017189186;43,747513126153;33,095297814994;35,8112164311812
"Ta_Ne_Omotic";"r1";0,986839704465248;32,6966358682777;45,9226621257273;32,7621112457898;33,4986277801524
"Ta_Ne_Omotic";"r1";0,986950416245338;34,2278817552449;48,0162586916418;34,2961410470093;31,4092235444642
"Ta_Ne_Omotic";"r1";0,984922098124001;33,3852299349812;45,6069284802043;33,4457333931258;32,2171167851953
"Ta_Ne_Omotic";"r1";0,986538898766423;34,2672220906052;48,492053356038;34,3376420473647;30,9048313253635
"Ta_Ne_Omotic";"r1";0,983771449829666;35,0323777935718;45,2708492975734;35,0830632960669;33,0431461458205
"Ta_Ne_Omotic";"r1";0,9867283547891;32,7928742530733;46,3683908045977;32,8600797805561;31,4704041250472
"Ta_Ne_Omotic";"r1";0,987931305543175;34,8091552817921;42,8425216404144;34,8489244221813;37,8339148635838
"Ta_Ne_Omotic";"r1";0,98448051520555;31,977546131775;45,1779196821342;32,0428945156877;33,147720475642
"Ta_Ne_Omotic";"r1";0,985348278020421;33,0294822185369;43,1624556548886;33,0796454533704;36,2180119877923
"Ta_Ne_Omotic";"r1";0,98363572434955;34,395509226355;42,2667482616716;34,4344757562328;37,4625945710106
"Ta_Ne_Omotic";"r1";0,987495526783825;35,2336729053147;45,5031360862778;35,2845118319531;35,0747884600547
"Ta_Ne_Omotic";"r1";0,983031996624079;31,6929111058464;44,6821448843479;31,7572142433638;33,1131957884326
"Ta_Ne_Omotic";"r1";0,986069041708723;34,4697544025902;46,4221477224351;34,5289246665498;32,6160894934147
"Ta_Ne_Omotic";"r1";0,985777898921983;33,8344257548238;44,5671846175678;33,8875582244413;35,2471759660007
"Ta_Ne_Omotic";"r1";0,984819513647105;31,6982284345468;44,7055342699021;31,7626210376922;33,0794295983525
"Ta_Ne_Omotic";"r1";0,987574607479424;33,9294269393772;48,139084007379;33,9997717763475;30,8918814933807
"Ta_Ne_Omotic";"r1";0,990395905196639;34,011740240596;48,1065950049666;34,0815167493305;33,0323405111723
"Ta_Ne_Omotic";"r1";0,981416228754029;33,125878543789;42,218617851568;33,1708921047186;36,4638223994586
"Ta_Ne_Omotic";"r1";0,985179836342974;35,6204427597462;45,2135341279977;35,6679333110742;36,6467743800209
"Ta_Ne_Omotic";"r1";0,989035543102853;34,5047513753981;48,0403859798496;34,5717594674994;31,4403757399105
"Ta_Ne_Omotic";"r1";0,981475043300067;30,9116454763221;45,4355967078189;30,9835462249929;31,1460198855862
"Ta_Ne_Omotic";"r1";0,984332649531002;33,7034009844955;44,0758514261388;33,7547497490581;33,6170278953427
"Ta_Ne_Omotic";"r1";0,988153081736414;34,5967385295744;46,0938342557117;34,6536548450503;35,0779131699663
"Ta_Ne_Omotic";"r1";0,984992601265195;32,9340466977283;48,1439868028949;33,0093434309222;32,7345481268704
"Ta_Ne_Omotic";"r1";0,986350647474247;32,9533154334149;44,1640769121612;33,0088142526166;35,5126426467312
"Ta_Ne_Omotic";"r1";0,984243863730427;33,3744636605333;47,4375230594579;33,4440827664686;31,666370362312
"Ta_Ne_Omotic";"r1";0,986116341527913;34,323211982416;44,9386511990918;34,3757636617064;34,211700488747
"Ta_Ne_Omotic";"r1";0,981948248239305;34,1443970623075;40,7079111678729;34,1768897063945;36,9852547204169
"Ta_Ne_Omotic";"r1";0,981322489323072;33,7385558977599;43,4574393358876;33,786669182107;35,0487609514883
"Ta_Ne_Omotic";"r1";0,985080166517396;34,0460133196452;45,3980771959699;34,1022116556666;33,8633565613025
"Ta_Ne_Omotic";"r1";0,986435201185179;32,2438205796415;46,8822655030509;32,3162881287673;31,2115038546649
"Ta_Ne_Omotic";"r1";0,986516868179253;32,129748084972;46,5102277564921;32,2009385783953;32,4077562300275
"Ta_Ne_Omotic";"r1";0,977197635259586;33,3803206191266;40,9599013764723;33,4178432961432;36,9775477870067
"Ta_Ne_Omotic";"r1";0,983195315443219;32,4036168364527;44,8574606215411;32,4652695284581;32,9643123819317
"Ta_Ne_Omotic";"r1";0,984043883762127;34,6806707204717;42,3934865900383;34,7188529772517;36,7666148447272
"Ta_Ne_Omotic";"r1";0,986920707315237;33,0905130432494;45,6234532425145;33,1525573016616;32,6520487676202
"Ta_Ne_Omotic";"r1";0,979128546005947;32,0000789702282;43,6818752660707;32,0579096449601;33,8430861635596
"Ta_Ne_Omotic";"r1";0,983676408187747;33,1992155623996;45,8048921526891;33,2616199019555;33,0301802249108
"Ta_Ne_Omotic";"r1";0,985558315322177;33,0823133012188;45,2154817652902;33,142378491635;32,6434364023658
"Ta_Ne_Omotic";"r1";0,985957146667906;33,7907025717971;46,8401802185327;33,8553039462859;31,2083569503987
"Ta_Ne_Omotic";"r1";0,98603923019262;33,2455974097765;46,4397509578544;33,3109150015987;33,0788892601341
"Ta_Ne_Omotic";"r1";0,983162043284498;33,8957066519256;46,1054952462041;33,956151149917;33,2394012000594
"Ta_Ne_Omotic";"r1";0,98235957634695;32,3505751664956;43,0369270611608;32,4034778986474;38,5461727070816
"Ta_Ne_Omotic";"r1";0,984658469985077;35,0088709889705;44,9765219242231;35,0582157955807;33,5227184460372
"Ta_Ne_Omotic";"r1";0,989055963649524;33,8271999789413;48,3588761174968;33,8991389697262;31,7284499822033
"Ta_Ne_Omotic";"r1";0,986615446569174;31,8504040643344;47,5680147580531;31,9282140182637;31,0175775171734
"Ta_Ne_Omotic";"r1";0,989354783598789;33,9992234594225;47,6077408826451;34,0665923575572;34,1681999512597
"Ta_Ne_Omotic";"r1";0,985088836277658;36,4996051488589;44,4631687242798;36,5390287309154;35,3107294082548
"Ta_Ne_Omotic";"r1";0,983726123354947;33,2011634946958;46,0016212572726;33,2645320974809;31,6995876393688
"Ta_Ne_Omotic";"r1";0,980506658175206;33,1346705625313;44,286196253725;33,1898761352599;33,7819318569841
"Ta_Ne_Omotic";"r1";0,985554716991462;30,9235041722604;43,3755498793813;30,9851479628897;34,4764224626406
"Ta_Ne_Omotic";"r1";0,981710192855264;33,1881070836295;45,6899780048248;33,2499975337344;33,2802720303688
"Ta_Ne_Omotic";"r1";0,987818309255863;33,9847982310669;47,8642897686959;34,0535085852136;32,4527412630063
"Ta_Ne_Omotic";"r1";0,986009169053132;33,6830266656137;45,3667482616716;33,7408668715348;33,5105933267254
"Ta_Ne_Omotic";"r1";0,984280010114319;34,2994419437206;43,0608769689229;34,3428153844394;35,8038496523937
"Ta_Ne_Omotic";"r1";0,987787489666875;35,0015267577457;47,8267773520647;35,0650180973215;31,4021045652146
"Ta_Ne_Omotic";"r1";0,983114516612895;34,7398325831162;43,586515538527;34,7836280432915;36,2680189779179
"Ta_Ne_Omotic";"r1";0,988056438134555;32,4175682434389;50,7539981552434;32,5083426489429;30,9012151907551
"Ta_Ne_Omotic";"r1";0,987463651098021;33,9413777672484;45,4944089683553;33,9985709910163;33,2025499071519
"Ta_Ne_Omotic";"r1";0,988675557163848;32,9485508963121;50,4684369235136;33,0352830053576;28,4787094461606
"Ta_Ne_Omotic";"r1";0,986856108043374;33,5334570533576;47,4634489853838;33,6024174094567;30,8850581497862
"Ta_Ne_Omotic";"r1";0,984281890479046;35,8612098238964;46,3941783737761;35,9133532325592;33,3510310426411
"Ta_Ne_Omotic";"r1";0,980989691170475;31,4292031903972;45,6877075351213;31,4997898455691;32,8668480524568
"Ta_Ne_Omotic";"r1";0,98261161475112;34,303601042407;42,4391585071662;34,3438760793613;37,2865691969659
"Ta_Ne_Omotic";"r1";0,986337910700336;33,7428860986075;47,6565134099617;33,811765441733;30,9870485086827
"Ta_Ne_Omotic";"r1";0,984214683086807;31,229566453447;46,5640769121612;31,3054798715595;32,1112350552917
"Ta_Ne_Omotic";"r1";0,987328690743972;32,5331016873305;48,6990102171137;32,613130937478;31,4716240865837
"Ta_Ne_Omotic";"r1";0,983893019557934;34,1738924425492;43,4305023414219;34,2197172440287;34,5936095946042
"Ta_Ne_Omotic";"r1";0,982502067903417;34,2534944325989;44,2389527458493;34,3029273945457;34,8254815015857
"Ta_Ne_Omotic";"r1";0,985669831560587;31,0959356655874;46,7330708102739;31,1733472257096;31,284533728826
"Ta_Ne_Omotic";"r1";0,986953671002466;35,1019637263418;47,5441996594295;35,1635589537334;31,4890903171917
"Ta_Ne_Omotic";"r1";0,986175671959278;33,4943273052726;46,8356038030368;33,5603732285288;33,5715978485454
"Ta_Ne_Omotic";"r1";0,986321962662776;33,7824633446524;46,7385057471264;33,846602168427;33,1886936352086
"Ta_Ne_Omotic";"r1";0,988610076700601;33,5570296664824;51,7960798921527;33,6473219943323;28,1459588352394
"Ta_Ne_Omotic";"r1";0,981884820579733;31,7674326778804;46,3292748687385;31,839521005558;32,0958390644379
"Ta_Ne_Omotic";"r1";0,984493207157347;32,4716102029535;43,0078331204768;32,5237697223472;34,8711439514654
"Ta_Ne_Omotic";"r1";0,983073679087134;34,2147463739504;44,048233290762;34,2634270022514;35,3932786204784
"Ta_Ne_Omotic";"r1";0,986157916033796;32,0211508594593;46,6085036185611;32,0933654770786;32,3646166858066
"Ta_Ne_Omotic";"r1";0,983636028740286;32,5008555108058;45,3281148006244;32,5643567944187;33,8696958606874
"Ta_Ne_Omotic";"r1";0,983898822733192;34,9632525204665;45,1487441464453;35,0136757463376;34,2066818978629
"Ta_Ne_Omotic";"r1";0,983971706827252;32,9491694964332;47,8908613594437;33,0231382680322;31,328128128176
"Ta_Ne_Omotic";"r1";0,985696159874586;33,7351601779462;43,1416170001419;33,7817267958779;36,4218164769035
"Ta_Ne_Omotic";"r1";0,988159642769805;34,2675906183369;46,4138321271463;34,3277205267963;32,903573850566
"Ta_Ne_Omotic";"r1";0,984623268004006;33,0591881860539;46,1854193273734;33,1241695283376;31,6266805832256
"Ta_Ne_Omotic";"r1";0,984672395935626;32,2578377951512;43,3313856960409;32,312657339215;36,5306341221143
"Ta_Ne_Omotic";"r1";0,982985939182041;33,0308510358262;44,6069639562935;33,0881585255314;33,7621359964516
"Ta_Ne_Omotic";"r1";0,984576894926479;35,6960172681566;46,3723889598411;35,7488705933629;32,4176293879176
"Ta_Ne_Omotic";"r1";0,987103712874431;33,4813498644344;46,6313963388676;33,5464491044069;31,6443015044643
"Ta_Ne_Omotic";"r1";0,983698470319445;32,2203400984496;44,0605434936853;32,2789549667428;34,7984287183224
"Ta_Ne_Omotic";"r1";0,982371541810979;33,8700808128669;44,3181531148006;33,9218039430745;34,7590975104197
"Ta_Ne_Omotic";"r1";0,987322935260137;33,9547632209324;47,5110649921953;34,0218736257406;32,1876801607626
"Ta_Ne_Omotic";"r1";0,986982729576669;32,8268314512096;45,2387398893146;32,8882765424873;32,6675318383596
"Ta_Ne_Omotic";"r1";0,983590631752533;33,9846534523151;44,7356818504328;34,0378763651771;33,881739354265
"Ta_Ne_Omotic";"r1";0,979905297884391;35,0878938640133;41,4292358450404;35,1192866460976;36,3557085973243
"Ta_Ne_Omotic";"r1";0,987038502753008;34,40551212193;45,4776358734213;34,4603246157493;33,9562042660189
"Ta_Ne_Omotic";"r1";0,978687790947109;33,6756166258654;41,3270966368667;33,7134952397812;34,7681033656987
"Ta_Ne_Omotic";"r1";0,980450938603266;33,3629734923267;44,6422449269193;33,4188114697257;32,8598867859297
"Ta_Ne_Omotic";"r1";0,984184205848019;33,8141567295796;43,4809209592734;33,8620119980434;37,8803535988628
"Ta_Ne_Omotic";"r1";0,98105021554725;33,2542578114717;43,7464133673904;33,30619917561;34,3079449429321
"Ta_Ne_Omotic";"r1";0,985687564379112;33,6047013609203;44,996427557826;33,6610960450634;33,8793489186061
"Ta_Ne_Omotic";"r1";0,985634164277507;34,3141304061702;45,2470945083014;34,3682539908342;34,6083093765923
"Ta_Ne_Omotic";"r1";0,985097128334376;33,3183816367896;46,6224599120193;33,3842434104293;32,5433763063998
"Ta_Ne_Omotic";"r1";0,986004737593247;33,4654242017426;43,1610437065418;33,513422318103;35,9495648304023
"Ta_Ne_Omotic";"r1";0,984258651426115;34,89773355445;46,0644139350078;34,9530141503933;31,5043981597224
"Ta_Ne_Omotic";"r1";0,985462756738323;32,9186080181105;48,6399921952604;32,9964366526508;30,8144731592086
"Ta_Ne_Omotic";"r1";0,982585610892023;33,34837716181;45,7132148431957;33,4095892295396;32,6138755857338
"Ta_Ne_Omotic";"r1";0,987131579416885;34,3374661086104;47,3406662409536;34,4018383864933;32,6193877589155
"Ta_Ne_Omotic";"r1";0,983734004180318;31,9417331332754;46,158908045977;32,0121151872987;32,5134242010455
"Ta_Ne_Omotic";"r1";0,980196850734251;33,1111374345205;42,0684120902512;33,1554803783608;37,4929159136562
"Ta_Ne_Omotic";"r1";0,984275509269184;33,8929163705283;46,0986412657869;33,9533407511979;33,2861306674293
"Ta_Ne_Omotic";"r1";0,983714541159256;33,0853931401195;45,0835213566057;33,1447898144585;34,1208265727383
"Ta_Ne_Omotic";"r1";0,985742587621064;34,9455368659349;44,5696182772811;34,9931808333178;33,1642860246019
"Ta_Ne_Omotic";"r1";0,987387772347988;31,2865829582247;47,1011104015893;31,3648726980434;32,4213769834411
"Ta_Ne_Omotic";"r1";0,985728203857944;32,6573350180315;45,7952107279693;32,7223740066946;34,1442598122705
"Ta_Ne_Omotic";"r1";0,985886750740277;33,8928110768907;45,0419682134241;33,9480049241012;33,4692608731229
"Ta_Ne_Omotic";"r1";0,989285310601644;31,6257600884467;46,6260359018022;31,7000188796019;34,1836013567022
"Ta_Ne_Omotic";"r1";0,987785009470334;34,5578720155835;46,8650631474386;34,618798704355;31,2839728956247
"Ta_Ne_Omotic";"r1";0,98646980530504;32,4289399563031;46,5332091670214;32,4987630712077;31,7121136191237
"Ta_Ne_Omotic";"r1";0,984954023303864;34,3085103582616;46,7774123740599;34,3702375959636;32,9727644642265
"Ta_Ne_Omotic";"r1";0,984400562381264;32,8237779357182;46,9174648786718;32,8935486631586;31,2775824991264
"Ta_Ne_Omotic";"r1";0,985178536682548;32,6335386559267;46,569341563786;32,7025277792329;32,2042812910998
"Ta_Ne_Omotic";"r1";0,98507178679714;34,4148306088605;46,0695757059742;34,472527366767;32,4101317665739
"Ta_Ne_Omotic";"r1";0,985734193989284;32,5553976150991;47,6523839931886;32,6301351714263;30,1535325347513
"Ta_Ne_Omotic";"r1";0,980733212918403;33,313248571955;45,9116503476657;33,3756168975774;32,4344451615326
"Ta_Ne_Omotic";"r1";0,98304144452388;32,4509331648635;45,2014545196538;32,514054557709;33,0134636415434
"Ta_Ne_Omotic";"r1";0,987242475402807;33,2193924557109;45,4382361288492;33,2798817808254;34,2364980929278
"Ta_Ne_Omotic";"r1";0,984738929860388;32,8409276369475;48,3594614729672;32,9177520618783;30,4865034195058
"Ta_Ne_Omotic";"r1";0,983688936544198;33,746821448314;45,8782744430254;33,8068781463076;33,1414176015347
"Ta_Ne_Omotic";"r1";0,98312210205011;32,999420884993;42,4688448985384;33,0462992216937;35,4956592589403
"Ta_Ne_Omotic";"r1";0,98955506215102;32,781015557135;47,0900844330921;32,8518525317684;36,2445072675969
"Ta_Ne_Omotic";"r1";0,986192107645908;32,0904472347258;48,9537356321839;32,1739288604558;30,1646785923224
"Ta_Ne_Omotic";"r1";0,984360243833737;32,5597014925373;44,6474918404995;32,6195420388144;34,3800847333292
"Ta_Ne_Omotic";"r1";0,985943367903706;33,3650267182606;44,9570952178232;33,4224131959812;33,3017211762315
"Ta_Ne_Omotic";"r1";0,985257173358931;33,6941219826792;45,7421030225628;33,7537654531737;33,0553722906907
"Ta_Ne_Omotic";"r1";0,984849649663601;34,9393903498381;43,8679544487016;34,9835911622087;36,0033647147286
"Ta_Ne_Omotic";"r1";0,986305783538326;33,1795256521625;46,2569178373776;33,2442652174358;33,0056250667301
"Ta_Ne_Omotic";"r1";0,977786775647143;32,6520571744452;41,3025755640698;32,6948815229087;34,7895760991784
"Ta_Ne_Omotic";"r1";0,985285041141347;33,1695622417015;44,3918369518944;33,2251180570985;34,8305677943075
"Ta_Ne_Omotic";"r1";0,980669527317528;33,3806891468583;42,7613310628636;33,4271279682247;35,6449093639632
"Ta_Ne_Omotic";"r1";0,987787649747975;33,2967701176656;46,4881474386264;33,3620739657892;33,3257358970306
"Ta_Ne_Omotic";"r1";0,981776700681049;34,5672694727421;42,2079714772243;34,60509473019;36,4719334996064
"Ta_Ne_Omotic";"r1";0,986480920010338;34,0008291873964;46,7612104441606;34,0639993916378;34,037895326725
"Ta_Ne_Omotic";"r1";0,986635385975338;34,0858274763747;44,1227259826877;34,1355150927426;34,2542691273714
"Ta_Ne_Omotic";"r1";0,985251867011989;33,7634841664692;46,7749396906485;33,8278973126285;30,9015950579405
"Ta_Ne_Omotic";"r1";0,986840245956362;32,522677617205;48,5020611607776;32,6017834763316;31,6977075819303
"Ta_Ne_Omotic";"r1";0,986696452278717;34,6530837874121;47,2647722435079;34,7155178886799;31,8811575307484
"Ta_Ne_Omotic";"r1";0,987274308404468;34,4532101397773;45,4358485880517;34,507579637046;35,7237184824377
"Ta_Ne_Omotic";"r1";0,983575300435325;33,443128273974;46,17917198808;33,506177995331;33,860124166636
"Ta_Ne_Omotic";"r1";0,980212562219183;32,5854063018242;41,8038030367532;32,6310419292248;35,9968378569042
"Ta_Ne_Omotic";"r1";0,983930833058988;35,1204427597462;42,6389598410671;35,1576631413369;35,6814706972192
"Ta_Ne_Omotic";"r1";0,985001806986532;32,6805917502435;49,2121008939974;32,7624309044205;30,8307349027802
"Ta_Ne_Omotic";"r1";0,982644122068659;33,1845007765406;45,8662870725131;33,2472818968177;32,5420302933584
"Ta_Ne_Omotic";"r1";0,986096627192532;33,9436679038669;42,2589577125018;33,9848327048998;35,438682337373
"Ta_Ne_Omotic";"r1";0,986096119193766;33,872252494143;44,3944302540088;33,9243424830533;33,2185634649018
"Ta_Ne_Omotic";"r1";0,985101633407904;34,4382716049383;46,0808641975309;34,4959082019313;34,6570079472783
"Ta_Ne_Omotic";"r1";0,987814923417782;33,0570691515965;48,5555839364268;33,1337944723135;31,722221811207
"Ta_Ne_Omotic";"r1";0,989088254431297;33,3300165837479;47,2955335603803;33,3991528064045;34,1523716257665
"Ta_Ne_Omotic";"r1";0,983383295878167;34,2787649056306;43,0932134241521;34,3224007893856;37,1898872518426
"Ta_Ne_Omotic";"r1";0,987633425233484;36,121877385559;48,7250106428267;36,1842691343573;32,047477387972
"Ta_Ne_Omotic";"r1";0,985693455018601;32,0161888967859;46,4409465020576;32,0875985879011;33,3483558619954
"Ta_Ne_Omotic";"r1";0,98470652012429;33,7216036221011;46,3487867177522;33,7841144295054;32,2733840412352
"Ta_Ne_Omotic";"r1";0,984532417109632;33,6645871173234;44,2207783453952;33,7168454897396;34,1507671244317
"Ta_Ne_Omotic";"r1";0,984819954486001;32,2216957540341;42,0485419327373;32,270343507394;36,073991145341
"Ta_Ne_Omotic";"r1";0,98627062465325;34,7452552054542;46,6332091670214;34,8041064626897;32,0261035912289
"Ta_Ne_Omotic";"r1";0,98791616174722;32,4242149043144;45,7470945083014;32,4901697538391;33,3014862340934
"Ta_Ne_Omotic";"r1";0,987149485731073;33,8125246781963;44,8413083581666;33,8671226172061;34,6253598530931
"Ta_Ne_Omotic";"r1";0,983102885647659;34,2370028166048;44,0222470554846;34,2854446197676;35,0676692904937
"Ta_Ne_Omotic";"r1";0,982955515848922;32,0654136723788;42,7665460479637;32,1183895752283;35,4990745431316
"Ta_Ne_Omotic";"r1";0,987913641258619;34,4041696280502;44,6412374059884;34,4548481814064;32,5018786708904
"Ta_Ne_Omotic";"r1";0,985493623811158;31,6780383795309;45,3180112104442;31,7455629975057;33,1826191186529
"Ta_Ne_Omotic";"r1";0,986462007121217;32,5089894443128;46,9135554136512;32,5802991768343;31,256663590615
"Ta_Ne_Omotic";"r1";0,985064603077238;34,8596304193319;45,3086384276997;34,9113581817496;33,16057289922
"Ta_Ne_Omotic";"r1";0,984779362743018;33,9715312327253;47,8789094650206;34,0403796398158;32,6145329796646
"Ta_Ne_Omotic";"r1";0,987172663563914;33,1594408907842;48,4155385270328;33,2349661266072;30,935608088323
"Ta_Ne_Omotic";"r1";0,986923223514087;32,8975492905841;47,5093550446999;32,9698849626342;31,186822824939
"Ta_Ne_Omotic";"r1";0,983939373394862;34,0486851457001;45,7858485880516;34,1067899152167;32,681040695286
"Ta_Ne_Omotic";"r1";0,981708645391031;32,8758061544131;41,7134702710373;32,9195569668717;36,7959622418567
"Ta_Ne_Omotic";"r1";0,986473565155957;32,0033825581089;44,5940116361572;32,06571240503;34,1918917592496
"Ta_Ne_Omotic";"r1";0,985948159379389;34,9604885624786;46,7390343408543;35,0187981950448;33,4528219903773
"Ta_Ne_Omotic";"r1";0,985502062344913;34,1117691963463;46,9264545196538;34,1752082326003;32,3327326652031
"Ta_Ne_Omotic";"r1";0,987382073793951;30,6473189607518;46,4121008939974;30,7253624356689;32,5885038780969
"Ta_Ne_Omotic";"r1";0,984470827313948;32,1958724894048;48,8187136370087;32,2781637822147;31,2508521993162
"Ta_Ne_Omotic";"r1";0,986608802783769;33,3860196372634;45,7588796651057;33,4472714195795;32,0302037441092
"Ta_Ne_Omotic";"r1";0,983995132444075;33,9856800652821;44,80156449553;34,03922404761;35,7499109094381
"Ta_Ne_Omotic";"r1";0,988188522159062;33,4538550633078;45,0645026252306;33,5113335165846;35,1653329306676
"Ta_Ne_Omotic";"r1";0,977357690299708;32,8857169180552;42,6498297147722;32,9340541101182;34,8948485674255
"Ta_Ne_Omotic";"r1";0,985368881372981;32,8371633894022;44,6431566624095;32,8956089006547;33,5995776525053
"Ta_Ne_Omotic";"r1";0,985183039598327;34,5373397562452;46,9187207322265;34,5986337214729;31,7661354431048
"Ta_Ne_Omotic";"r1";0,977513767031108;32,6315117534023;42,7741024549454;32,6817225984595;36,0234366343004
"Ta_Ne_Omotic";"r1";0,987641094941295;32,0806549264261;45,6585710231304;32,1478723328454;34,4886501466849
"Ta_Ne_Omotic";"r1";0,982167465030199;33,4879570401958;43,8972115793955;33,5394880032612;33,5004689090458
"Ta_Ne_Omotic";"r1";0,985637387056153;33,3850851562294;45,1707996310487;33,4434302773919;33,7356224068366
"Ta_Ne_Omotic";"r1";0,981492560953028;33,6471346968859;44,257904072655;33,6996632581521;35,4767541804249
"Ta_Ne_Omotic";"r1";0,984097608661046;33,2770275606097;43,821590747836;33,3292283684672;34,3765674961354
"Ta_Ne_Omotic";"r1";0,989642209529315;31,7102055858275;48,6568859088974;31,7941000428724;31,0674228867393
"Ta_Ne_Omotic";"r1";0,981759841058432;34,6141514648977;44,2352561373634;34,6617806959495;32,9932592537086
"Ta_Ne_Omotic";"r1";0,986563793146143;34,0336018321093;48,7951362281822;34,1066787350602;31,4777210471297
"Ta_Ne_Omotic";"r1";0,982618779827305;33,7597725657427;42,7091067120761;33,8040762001305;36,2087180535337
"Ta_Ne_Omotic";"r1";0,985842019345472;32,6218642238543;49,1362175393785;32,7036184481885;31,6678237242312
"Ta_Ne_Omotic";"r1";0,98529603059669;31,6509779146595;48,222552149851;31,7330154108733;29,7739657242823
"Ta_Ne_Omotic";"r1";0,983763047833251;33,31947405828;44,941574428835;33,3770092086293;33,0636354701683
"Ta_Ne_Omotic";"r1";0,988945297707583;33,6612440443286;48,3477366255144;33,7339494531464;31,3582316375618
"Ta_Ne_Omotic";"r1";0,984891687769939;33,0448682513359;44,9775081595005;33,1039407261288;33,9509844133633
"Ta_Ne_Omotic";"r1";0,986622446237498;34,4332964805602;47,4072264793529;34,4975238567918;31,2805001613668
"Ta_Ne_Omotic";"r1";0,985926164685168;32,7291716023059;47,2188058748404;32,8009024650412;31,3624383027416
"Ta_Ne_Omotic";"r1";0,984980598913848;34,0235594514201;49,6988895984107;34,1011600957122;29,6712762165013
"Ta_Ne_Omotic";"r1";0,982942417438289;34,0835899865751;44,0389491982404;34,1328739430685;35,5926619535165
"Ta_Ne_Omotic";"r1";0,984585757095467;35,8773460738635;45,3214949623953;35,924099286183;35,9648183553905
"Ta_Ne_Omotic";"r1";0,98515299999272;33,2417673537077;46,157946643962;33,3057088353426;32,9121347390327
"Ta_Ne_Omotic";"r1";0,985772031638986;31,7569033141172;44,9188448985384;31,8220614407728;32,8469714728668
"Ta_Ne_Omotic";"r1";0,98702110231995;33,9957092842665;46,4004895700298;34,0571190876614;32,4273546205716
"Ta_Ne_Omotic";"r1";0,984769501908561;35,8792545210456;46,7035582517383;35,9328401830787;33,4063094676701
"Ta_Ne_Omotic";"r1";0,984716607596901;31,9497222880307;47,011036611324;32,0242832500272;31,1575999831813
"Ta_Ne_Omotic";"r1";0,987059387736972;35,0390507778568;47,9230630055343;35,1028330166076;31,126630061695
"Ta_Ne_Omotic";"r1";0,984427008594495;33,2121140330096;41,5078508585214;33,2531820370962;39,1245203295956
"Ta_Ne_Omotic";"r1";0,984380706468732;34,628010739951;46,6823648361005;34,687685760229;33,8120459651958
"Ta_Ne_Omotic";"r1";0,988783620204035;32,8796625338914;49,769061302682;32,9632734188854;30,3408959954357
"Ta_Ne_Omotic";"r1";0,985420375223476;34,1285766932533;46,7264899957429;34,1909426006914;32,0464396406532
"Ta_Ne_Omotic";"r1";0,986338854747008;33,7928610913686;46,4398786717752;33,8554700892914;32,1553336981379
"Ta_Ne_Omotic";"r1";0,987737520471185;32,2820421701019;47,6207889882219;32,3579765602906;31,0721698076479
"Ta_Ne_Omotic";"r1";0,983917549051635;34,0201768933112;44,2591386405563;34,070864822753;34,9820207216388
"Ta_Ne_Omotic";"r1";0,984879899779785;32,6868567216826;44,6612955867745;32,7461361220048;33,8510008926746
"Ta_Ne_Omotic";"r1";0,985209203340939;33,2892811076891;45,3681211863204;33,3490773457021;31,8246965344401
"Ta_Ne_Omotic";"r1";0,983830805324976;35,3433888757272;44,0849297573436;35,3866638305867;35,1043759879945
"Ta_Ne_Omotic";"r1";0,987727560486363;31,2763168285556;45,6415283099191;31,3474317368792;32,6022092685411
"Ta_Ne_Omotic";"r1";0,988139510090543;32,822409118429;47,0984106712076;32,8930823934428;31,9526189103055
"Ta_Ne_Omotic";"r1";0,982054819924106;33,5344968280292;45,5260075209309;33,5938607423505;33,5898933677871
"Ta_Ne_Omotic";"r1";0,981772474960133;33,3477453999842;43,9865368241805;33,4004126842624;33,2481748937332
"Ta_Ne_Omotic";"r1";0,983624111663234;32,0873015873016;42,6505676174259;32,1395949834903;36,31201448609
"Ta_Ne_Omotic";"r1";0,983897129806637;33,2300929216352;45,9683269476373;33,2931534861204;32,4840440198023
"Ta_Ne_Omotic";"r1";0,986923103640053;35,7227092052963;46,3787427274017;35,7754618464948;31,7577474418667
"Ta_Ne_Omotic";"r1";0,98684138367832;34,3377425044092;47,7659961685824;34,4042190076972;30,8785437124917
"Ta_Ne_Omotic";"r1";0,982440000468857;31,3669746505567;44,4379558677451;31,4316824783646;33,593420016128
"Ta_Ne_Omotic";"r1";0,98525121076509;34,1669957092843;45,0007875691784;34,220628342254;34,7799641177549
"Ta_Ne_Omotic";"r1";0,989494725732388;32,8247387401616;50,0147048389385;32,9098375822348;29,9445910384153
"Ta_Ne_Omotic";"r1";0,984634455785547;33,8744110137145;43,1304207464169;33,9202328440744;36,4760057038481
"Ta_Ne_Omotic";"r1";0,988784219870308;32,9789149490642;46,6324074074074;33,0465064958877;31,6656482898854
"Ta_Ne_Omotic";"r1";0,985888339263416;33,3012056121509;47,253891726976;33,3702783156896;31,6786906119547
"Ta_Ne_Omotic";"r1";0,985439717853604;35,1367764352839;45,749396906485;35,1893141603889;32,1963596389769
"Ta_Ne_Omotic";"r1";0,982975004477544;35,6500039485114;44,0952497516674;35,6918120960518;36,008479435401
"Ta_Ne_Omotic";"r1";0,98314937617876;32,3864144884045;47,2576096211154;32,4600342662892;32,1580570269338
"Ta_Ne_Omotic";"r1";0,98650121377662;31,4237937297639;48,0397474102455;31,5060509262019;29,6199021204278
"Ta_Ne_Omotic";"r1";0,987219772244412;34,4849430098186;44,8977295302966;34,5364914579398;34,0849742435631
"Ta_Ne_Omotic";"r1";0,979671195839268;32,492484666614;42,5186568752661;32,5421191824984;34,3454113537304
"Ta_Ne_Omotic";"r1";0,984866647417443;33,8037984679776;46,3800305094366;33,8660570424402;32,4268006350959
"Ta_Ne_Omotic";"r1";0,986475069788334;34,1703651056885;44,9774159216688;34,2238653572527;33,6086142014941
"Ta_Ne_Omotic";"r1";0,988209500621479;32,4749532759483;47,6956187029942;32,5503031047951;31,8403150042454
"Ta_Ne_Omotic";"r1";0,987776163111557;33,9695043302008;45,667975734355;34,0274175549739;34,7285019298842
"Ta_Ne_Omotic";"r1";0,985299197819451;33,1735239148174;47,667816091954;33,2452778364864;30,7515448963715
"Ta_Ne_Omotic";"r1";0,984936423729486;34,3690541999;42,9508230452675;34,411538204085;37,2094830521051
"Ta_Ne_Omotic";"r1";0,985523750439979;33,4443654742162;46,7924613310629;33,5104451566759;31,9914709787658
"Ta_Ne_Omotic";"r1";0,981111926541856;35,1341572560478;44,0887505321413;35,1784869257314;34,8746944896273
"Ta_Ne_Omotic";"r1";0,987868042133173;33,08581431467;47,6523414218817;33,1579258350028;31,0296362895763
"Ta_Ne_Omotic";"r1";0,982292437408545;33,3833214877991;45,6915141194835;33,4442531344906;31,508455895656
"Ta_Ne_Omotic";"r1";0,981491613330593;30,8393219089736;45,7655988363843;30,9132143690103;32,8372335012324
"Ta_Ne_Omotic";"r1";0,984406543856859;32,9979072889521;44,1500674045693;33,0531160023957;34,8062419920411
"Ta_Ne_Omotic";"r1";0,986848945236664;33,285372081392;44,0562083155953;33,3386930528484;35,4161471058091
"Ta_Ne_Omotic";"r1";0,982610779695858;32,5533180657559;44,2338583794523;32,6111425227544;33,9746199844454
"Ta_Ne_Omotic";"r1";0,986059123370943;32,6227855431836;47,2948382290336;32,6954194673709;32,2364418564776
"Ta_Ne_Omotic";"r1";0,981292970563524;32,9234910105557;44,431900099333;32,9804633327774;35,8597539751342
"Ta_Ne_Omotic";"r1";0,985764801612974;32,7611940298507;48,4000106428267;32,8386139140734;29,1537578544312
"Ta_Ne_Omotic";"r1";0,983808549863153;33,0866303403617;43,961316872428;33,1404654222036;34,2209825634681
"Ta_Ne_Omotic";"r1";0,978244850405989;32,2932559425097;44,9315276003973;32,3558216437863;32,2666824643021
"Ta_Ne_Omotic";"r1";0,983218795916792;33,8793598146832;43,339126578686;33,9261903432179;34,1050102412624
"Ta_Ne_Omotic";"r1";0,986943551867859;33,7358445865909;46,8835107137789;33,800932042666;31,8622674413418
"Ta_Ne_Omotic";"r1";0,986620821505039;32,6152307246835;44,0400454093941;32,6717892132216;35,5013373005643
"Ta_Ne_Omotic";"r1";0,986269786155046;34,90173471268;44,8164644529587;34,9508175331764;34,9270145580202
"Ta_Ne_Omotic";"r1";0,985743207740955;33,0795493432309;45,6137860082304;33,1416000197903;31,7179772733298
"Ta_Ne_Omotic";"r1";0,982011362091648;31,321119271368;44,8236235277423;31,3879633518451;33,3962290257275
"Ta_Ne_Omotic";"r1";0,986677979627386;35,6249177393456;46,9760855683269;35,6811116394891;32,3630441811684
"Ta_Ne_Omotic";"r1";0,985658640950854;32,0212693148017;45,8395310061019;32,0896765508972;32,5135645869599
"Ta_Ne_Omotic";"r1";0,985817943013181;33,9809286898839;46,3619128707251;34,0422206907792;31,2651478029706
"Ta_Ne_Omotic";"r1";0,986210852178913;34,1375792992708;44,2689087554988;34,1877343955888;34,7675987062836
"Ta_Ne_Omotic";"r1";0,985629566990789;34,2779225565295;45,5720412941677;34,3338340354287;33,5674277662424
"Ta_Ne_Omotic";"r1";0,985020078574224;33,8755692437284;40,6918724279835;33,909313318898;40,959800535943
"Ta_Ne_Omotic";"r1";0,985348408488729;34,7472426228645;44,6599723286505;34,7963155422001;34,3275536039976
"Ta_Ne_Omotic";"r1";0,984932489438352;32,9241359340862;46,2514367816092;32,9901126709551;31,3313053869457
"Ta_Ne_Omotic";"r1";0,985987552218327;33,3935876174682;44,0118667518093;33,446153355757;34,051446745002
"Ta_Ne_Omotic";"r1";0,982300707064661;34,3760167416884;44,2904959557258;34,4250983219559;34,2704132776168
"Ta_Ne_Omotic";"r1";0,986389107007227;33,2510595172287;45,4128529870867;33,3112664155943;33,4370535226097
"Ta_Ne_Omotic";"r1";0,98212986857868;33,1744452341467;43,4666985951469;33,2253969834586;35,7222548169096
"Ta_Ne_Omotic";"r1";0,984260042482999;32,2056121508858;46,368500780474;32,2757254609332;31,277003300453
"Ta_Ne_Omotic";"r1";0,984234729368715;32,2723156703256;46,1467823187172;32,341001148783;33,8903702694592
"Ta_Ne_Omotic";"r1";0,986546481780035;33,8280818131564;48,2978146729105;33,8997141540463;30,5636371842211
"Ta_Ne_Omotic";"r1";0,987571104814841;33,1490299823633;45,2889314601958;33,2091285045308;33,8780226323401
"Ta_Ne_Omotic";"r1";0,987592106943588;34,1024243860065;47,5316659571449;34,168905779923;30,6610724260271
"Ta_Ne_Omotic";"r1";0,982120111681336;33,2057569296375;43,4971193415638;33,2567042683104;33,9862532746769
"Ta_Ne_Omotic";"r1";0,984895823475693;34,2220379583564;44,658067262665;34,2737014697638;35,4708621426015
"Ta_Ne_Omotic";"r1";0,986421897099784;33,9800995024876;45,040652050518;34,0348547131214;35,1391992684354
"Ta_Ne_Omotic";"r1";0,982967836195124;32,6113875069099;48,2805023414219;32,6889573823283;31,0250849220049
"Ta_Ne_Omotic";"r1";0,985704774281913;33,0948169206876;43,8855434936853;33,1482363591678;35,0593961609852
"Ta_Ne_Omotic";"r1";0,984679305757353;32,3872699992103;47,731903646942;32,4632335321199;31,3940661022343
"Ta_Ne_Omotic";"r1";0,987039126903035;33,1084261233515;45,9410032638002;33,1719537329577;33,3454257113458
"Ta_Ne_Omotic";"r1";0,981434643722951;33,3610782068494;44,2653398609337;33,4150597001864;35,0080673298659
"Ta_Ne_Omotic";"r1";0,982578118344417;33,7842270130827;44,1163048105577;33,8353759130702;33,1191713233725
"Ta_Ne_Omotic";"r1";0,985456475961155;33,0932111927137;46,0199411096921;33,157204905174;33,1571466599774
"Ta_Ne_Omotic";"r1";0,984396302019861;32,7570744162784;45,9512806868171;32,8223922691028;33,2910279866997
"Ta_Ne_Omotic";"r1";0,97951538629029;32,9480902366475;43,756382148432;33,0015966322503;33,840589042592
"Ta_Ne_Omotic";"r1";0,983483219990813;32,3770301929506;46,4475202213708;32,4466860841804;31,3029866822052
"Ta_Ne_Omotic";"r1";0,986700104953522;34,2296849087894;44,4303249609763;34,2801831268695;33,9504378154153
"Ta_Ne_Omotic";"r1";0,983612970547207;34,1027797520335;43,4945260394494;34,1492735455356;35,4248306482226
"Ta_Ne_Omotic";"r1";0,985571297427444;34,0027771196925;47,6895487441464;34,0705334148631;32,4521641986575
"Ta_Ne_Omotic";"r1";0,986770709520086;33,2633657111269;48,0919824038598;33,3367747046553;31,3242132468486
"Ta_Ne_Omotic";"r1";0,98358994842554;35,5480138987602;47,2861004682844;35,6061232382133;31,5151308015006
"Ta_Ne_Omotic";"r1";0,985750584781701;33,5051199031299;45,7715801050092;33,5658449536342;32,6161005796102
"Ta_Ne_Omotic";"r1";0,979687330635704;32,425610045013;46,3863239676458;32,4947224901746;31,2503840716896
"Ta_Ne_Omotic";"r1";0,984169792214703;33,8185527389507;45,4067794806301;33,875920198068;33,8806180477744
"Ta_Ne_Omotic";"r1";0,983376090483183;32,40996077812;40,0666879523201;32,4478653680913;37,8559865750835
"Ta_Ne_Omotic";"r1";0,987250059357666;30,66785122009;46,5223251028807;30,7463387145593;33,5811237562618
"Ta_Ne_Omotic";"r1";0,985297031461098;34,5891442259601;43,295586774514;34,6322454266956;36,0901601828808
"Ta_Ne_Omotic";"r1";0,981605236493767;33,8687778041012;43,3301227472683;33,915616145404;34,9542096194658
"Ta_Ne_Omotic";"r1";0,982064887038589;34,8445339440364;42,0314460053924;34,8801127166174;37,6161355197216
"Ta_Ne_Omotic";"r1";0,984660044923565;31,661717865698;50,0775613736342;31,7528854078165;29,6542688690432
"Ta_Ne_Omotic";"r1";0,984629972408573;34,1735239148174;44,8954377749397;34,2266026963032;35,8694720995596
"Ta_Ne_Omotic";"r1";0,979953646159518;33,8108136565848;42,4503937845892;33,8535838552383;36,064437845167
"Ta_Ne_Omotic";"r1";0,98614826796664;32,7539419305588;47,7240882645097;32,8280515658754;31,660583356046
"Ta_Ne_Omotic";"r1";0,986486894323005;33,3475216510042;45,4439123031077;33,4074047730444;33,2332872780807
"Ta_Ne_Omotic";"r1";0,985266186370102;32,2891889757561;46,2048105576841;32,3580781915083;32,2738275255492
"Ta_Ne_Omotic";"r1";0,986018399795242;34,2124299139225;47,9272349936143;34,2803249885744;31,5804928907048
"Ta_Ne_Omotic";"r1";0,986452232586508;33,7506646660876;44,7720838654747;33,8052261472726;34,1008955823772
"Ta_Ne_Omotic";"r1";0,984758620344607;32,67630103451;46,663605080176;32,745545113944;30,6066167899961
"Ta_Ne_Omotic";"r1";0,983936494180882;32,7249730185054;42,9682559954591;32,7756823401734;36,6023519172159
"Ta_Ne_Omotic";"r1";0,98373806967486;34,6750375108584;45,2838761174968;34,7275565138616;33,0728084341513
"Ta_Ne_Omotic";"r1";0,984793330217924;33,081234041433;45,1597169008089;33,1410285110339;33,9615321410171
"Ta_Ne_Omotic";"r1";0,985704963352757;34,2186948853616;47,1990918121186;34,2829542760881;31,7526687805231
"Ta_Ne_Omotic";"r1";0,981354568106619;32,4272815815104;45,1675074499787;32,4903520066019;33,3653844087218
"Ta_Ne_Omotic";"r1";0,985477150760672;33,39750980547;45,378611465872;33,4568221899274;34,0533024657882
"Ta_Ne_Omotic";"r1";0,986684464060432;34,1915686119666;43,8998900241237;34,2396296090565;35,635332481999
"Ta_Ne_Omotic";"r1";0,984844264773852;33,9712943220406;48,3916453810132;34,0426821985702;30,2137673578557
"Ta_Ne_Omotic";"r1";0,983470530456417;33,3261338808602;45,4034021569462;33,3859223376726;32,0519789698444
"Ta_Ne_Omotic";"r1";0,983893653137899;34,0468819921556;44,1267347807578;34,0967822534853;34,2755146454494
"Ta_Ne_Omotic";"r1";0,983118666468334;33,675945668483;43,7543564637434;33,7258387912318;33,7878610093914
"Ta_Ne_Omotic";"r1";0,986146148284152;32,5474479454579;46,4312934582092;32,6161798539369;31,9495065798491
"Ta_Ne_Omotic";"r1";0,982144652567155;33,4674247808576;42,4347027103732;33,5118172458552;35,8842935037495
"Ta_Ne_Omotic";"r1";0,984604103555764;32,8263049830214;46,5475237689797;32,8942318086945;32,972274679601
"Ta_Ne_Omotic";"r1";0,986792176376272;33,2736450025007;46,6839328792394;33,340032566247;32,588345577452
"Ta_Ne_Omotic";"r1";0,984470855819772;32,2325278370054;45,6608982545764;32,2990049182806;34,6789928737896
"Ta_Ne_Omotic";"r1";0,98680470299613;33,0563320961331;45,2230204342273;33,1165632265197;34,4590613739521
"Ta_Ne_Omotic";"r1";0,984171042639408;33,7699334017742;46,3970200085143;33,8324437315105;32,8571954349939
"Ta_Ne_Omotic";"r1";0,980585760902908;34,0367606412383;44,5417092379736;34,0887653372617;32,1610565754347
"Ta_Ne_Omotic";"r1";0,987760210129496;36,1319197662481;47,1949694905634;36,1866873391408;34,0787610398537
"Ta_Ne_Omotic";"r1";0,985112056280002;33,1215615046461;46,9687242798354;33,1901118154143;31,06032128703
"Ta_Ne_Omotic";"r1";0,985913233410538;34,9912079812577;47,4977898396481;35,0531217528339;31,3162168574341
"Ta_Ne_Omotic";"r1";0,984465258876824;34,1780252178262;45,1130303675323;34,2321589066861;34,8105997177077
"Ta_Ne_Omotic";"r1";0,98700013282432;32,9012477296059;45,2575564069817;32,9624175745434;33,1928283848398
"Ta_Ne_Omotic";"r1";0,982199390906427;34,1616520571744;43,9691322548602;34,2102039393412;34,1851197754775
"Ta_Ne_Omotic";"r1";0,983105516681954;32,443128273974;43,6043032496098;32,4983816154376;35,0264899074219
"Ta_Ne_Omotic";"r1";0,986885879353354;33,6520045276264;46,9509720448418;33,7178410004839;32,4923893078729
"Ta_Ne_Omotic";"r1";0,985969924120595;32,985416831188;44,0704413225486;33,0402931900561;34,8390035218337
"Ta_Ne_Omotic";"r1";0,985191394210459;31,1849745979099;47,4511778061587;31,2655003563666;31,0905926772061
"Ta_Ne_Omotic";"r1";0,984313010018296;34,2249072099818;42,6125053214134;34,2664299729097;34,8075741859653
"Ta_Ne_Omotic";"r1";0,982541536846364;34,1240359051304;46,3225769831134;34,1844247223482;32,8107868315047
"Ta_Ne_Omotic";"r1";0,982706932816706;32,6614283081945;48,7699127288208;32,7411732805738;29,4755945149998
"Ta_Ne_Omotic";"r1";0,989013905207801;33,2206428176577;46,852245636441;33,288125999929;32,1786340379619
"Ta_Ne_Omotic";"r1";0,985655443887198;34,3727658006265;45,0919824038598;34,4258312293554;32,9121409893707
"Ta_Ne_Omotic";"r1";0,980914751431842;32,1926741951618;43,7015893287924;32,249649022556;34,2093902639176
"Ta_Ne_Omotic";"r1";0,98834865016641;32,1644160151623;50,6817298141053;32,2560858854541;29,7514081267736
"Ta_Ne_Omotic";"r1";0,980999632221732;34,4638842822922;42,2474918404995;34,5024169929764;34,7476833363513
"Ta_Ne_Omotic";"r1";0,985304655048164;33,3716602174314;48,0161806442458;33,4441578433067;30,9688342739103
"Ta_Ne_Omotic";"r1";0,987421491261791;33,1933059569875;47,7515467574855;33,2653764559999;33,2645289772898
"Ta_Ne_Omotic";"r1";0,983977578047574;33,6222590749954;44,0663686675181;33,6739625878297;33,7196356303931
"Ta_Ne_Omotic";"r1";0,982853608907394;32,486614546316;43,9065843621399;32,5431490503548;34,8003529147709
"Ta_Ne_Omotic";"r1";0,982922930103575;30,4009844955119;47,0077089541649;30,4831960027329;32,0725677374206
"Ta_Ne_Omotic";"r1";0,984257478341306;32,3686198636447;45,5577408826451;32,4339125419566;35,0886105480024
"Ta_Ne_Omotic";"r1";0,986858778786205;33,1957935191766;51,2047537959415;33,2849467878735;28,9896642395592
"Ta_Ne_Omotic";"r1";0,987160157171317;31,9589881281424;48,75156449553;32,0421196943175;30,2203900618513
"Ta_Ne_Omotic";"r1";0,986965419874298;31,6874489983943;48,0157230026962;31,7682820380195;30,6569803170703
"Ta_Ne_Omotic";"r1";0,98379030823629;31,5235331280107;46,7238080034057;31,5987820135325;31,5004394251702
"Ta_Ne_Omotic";"r1";0,984951767756764;34,6067677485588;43,416173549028;34,6503786683631;36,7369136967774
"Ta_Ne_Omotic";"r1";0,985344352384134;31,2244202269078;47,272793387257;31,3038676187907;31,7209711364125
"Ta_Ne_Omotic";"r1";0,986901904823784;33,1790255073837;48,4895132680573;33,2548200012484;32,6415932369758
"Ta_Ne_Omotic";"r1";0,988681483848759;34,2228013372292;46,2153079324535;34,28217018176;33,2017886814904
"Ta_Ne_Omotic";"r1";0,983906805143108;32,4812182473874;44,4967539378459;32,5407010973402;33,4067182518754
"Ta_Ne_Omotic";"r1";0,980127355828696;33,3301218773856;42,4077976443877;33,3750608663311;35,4315429880539
"Ta_Ne_Omotic";"r1";0,979261482541612;33,392929532233;42,2621257272598;33,4368364440896;35,967009782508
"Ta_Ne_Omotic";"r1";0,98645570251084;30,6878043644213;46,6522740173123;30,7668363924059;33,2314273990858
"Ta_Ne_Omotic";"r1";0,987626608340878;31,21720761273;46,3448949907762;31,2920971542055;33,1505368219215
"Ta_Ne_Omotic";"r1";0,981926543732707;33,1465819052884;44,9857811834823;33,2051918027052;33,2043470361809
"Ta_Ne_Omotic";"r1";0,987982515896815;34,8892047698018;46,0043990350504;34,9442304839862;32,3476452943155
"Ta_Ne_Omotic";"r1";0,984315644904903;35,867540603859;45,4401092663545;35,9149295576337;33,6481703730889
"Ta_Ne_Omotic";"r1";0,983148147891588;32,5652952170365;47,5729246487867;32,6395904122432;32,2484122879204
"Ta_Ne_Omotic";"r1";0,984711829385436;34,0703361499381;45,0276997303817;34,1245805240988;36,9632745744769
"Ta_Ne_Omotic";"r1";0,982671615055835;35,1449630156098;47,1072903363133;35,2041824577915;33,6840315068355
"Ta_Ne_Omotic";"r1";0,989337692075145;32,4691489641738;48,8600716617;32,5502921458448;30,7349695331823
"Ta_Ne_Omotic";"r1";0,980446379159151;34,2220642817658;44,8739853838513;34,2747965644494;32,8565338577573
"Ta_Ne_Omotic";"r1";0,980993552747114;32,1842375424465;43,4108450404427;32,2398148072881;35,1874366027191
"Ta_Ne_Omotic";"r1";0,984334165962254;34,4275974624233;45,8162835249042;34,483977096396;33,2531069972189
"Ta_Ne_Omotic";"r1";0,987350093700771;35,9516965437363;45,2960018447566;35,9979554808701;37,2794349676527
"Ta_Ne_Omotic";"r1";0,984607027092895;31,6447787517439;42,5797963672485;31,6989125023157;35,5529814742506
"Ta_Ne_Omotic";"r1";0,982557281697294;33,5862881360394;44,57881367958;33,6407065793242;32,8061920788211
"Ta_Ne_Omotic";"r1";0,98825802536277;31,5107531127432;44,8033063715056;31,5765578318459;34,5183269304156
"Ta_Ne_Omotic";"r1";0,986028894139018;34,1827765932244;45,8593976160068;34,2405816477926;34,6503793142678
"Ta_Ne_Omotic";"r1";0,983930869686791;34,7102845560557;44,8994288349652;34,7607258643671;34,0191855929003
"Ta_Ne_Omotic";"r1";0,98091629073024;33,0108584063808;43,8510359018022;33,0645226514076;35,017483114629
"Ta_Ne_Omotic";"r1";0,982910746303647;33,135039090263;43,5259259259259;33,1864791241029;34,7963138800146
"Ta_Ne_Omotic";"r1";0,97961867198893;31,020808655137;45,8032850858521;31,0939892315267;32,4586367893835
"Ta_Ne_Omotic";"r1";0,987859381754145;34,5216246808287;48,5557045551298;34,5911003237708;30,7260349732853
"Ta_Ne_Omotic";"r1";0,984273243355426;33,3569322698676;45,6231765290194;33,4176562513485;33,0010032173935
"Ta_Ne_Omotic";"r1";0,983977223244761;33,0723367290531;42,1530048247481;33,1172905315071;36,4802838443253
"Ta_Ne_Omotic";"r1";0,985615656575904;33,6874753218037;44,8561480062438;33,7427657806375;34,017573622243
"Ta_Ne_Omotic";"r1";0,986225007850893;31,3132880570692;47,3242691925642;31,3925503399181;31,6072887863041
"Ta_Ne_Omotic";"r1";0,987245141805573;31,9524204374951;45,6365084433092;32,0201634474248;33,5890983705551
"Ta_Ne_Omotic";"r1";0,988244769366927;34,5111479638843;46,8241272882077;34,572103307074;32,3452564021022
"Ta_Ne_Omotic";"r1";0,988003718988938;36,9163968517202;46,729977295303;36,9649789331241;33,7342277662437
"Ta_Ne_Omotic";"r1";0,98751091402338;33,0114506830925;45,4488612175394;33,0730220223719;33,2140954640056
"Ta_Ne_Omotic";"r1";0,983495325251914;33,8810708362947;46,0458741308358;33,9412926347825;32,6296615697203
"Ta_Ne_Omotic";"r1";0,987659121101256;33,1165337334492;45,6714204626082;33,178686638049;32,3186635100765
"Ta_Ne_Omotic";"r1";0,984843596482637;34,9068414541051;44,9908223357457;34,956762151539;34,5888463171913
"Ta_Ne_Omotic";"r1";0,987340666067187;32,7495590828924;45,8238576699305;32,8142833333233;31,9679640412274
"Ta_Ne_Omotic";"r1";0,980759975454857;35,404801389876;45,1984958138215;35,4532850256381;32,6172504738048
"Ta_Ne_Omotic";"r1";0,986893855300276;33,9800205322593;46,1190116361572;34,0401145476252;32,572316612445
"Ta_Ne_Omotic";"r1";0,984132430564003;35,7290136618495;47,4683908045977;35,7871293902789;31,4538928516848
"Ta_Ne_Omotic";"r1";0,985737578792858;33,0345757982574;45,5706222506031;33,0966354341601;33,7115597530263
"Ta_Ne_Omotic";"r1";0,979391225105035;33,8013372291979;43,0616077763587;33,8471801526987;32,951286183386
"Ta_Ne_Omotic";"r1";0,985878592367455;32,4987759614625;45,4477508159501;32,5628797973758;32,8723831879595
"Ta_Ne_Omotic";"r1";0,982947400019944;33,0271394350996;46,183067262665;33,0922677906816;33,6784264409938
"Ta_Ne_Omotic";"r1";0,987369181226293;34,2843454684251;48,6465517241379;34,3554454993939;31,923683710573
"Ta_Ne_Omotic";"r1";0,985330473339676;33,0950669930769;45,2137008656166;33,1550602300697;35,4415171217904
"Ta_Ne_Omotic";"r1";0,984931546239365;33,1748400852878;47,6667021427558;33,2465819766615;30,9879795459478
"Ta_Ne_Omotic";"r1";0,984392731880487;33,3243570507252;48,4389172697602;33,399181606265;30,5359323747003
"Ta_Ne_Omotic";"r1";0,986175687832432;32,826147042565;43,2835000709522;32,8779161169629;36,5660119671553
"Ta_Ne_Omotic";"r1";0,985557180754193;34,8894680038959;46,6027458492976;34,947454527883;32,691820720487
"Ta_Ne_Omotic";"r1";0,983648096697445;34,8981810524099;46,7857421597843;34,9570303648226;30,8339344174362
"Ta_Ne_Omotic";"r1";0,989007573686691;33,3955223880597;48,0804207464169;33,4682199046852;32,3202927797394
"Ta_Ne_Omotic";"r1";0,985784720184921;30,9393903498381;44,5234071235987;31,006637957629;32,3098139485758
"Ta_Ne_Omotic";"r1";0,987441109127309;31,7748295559241;44,0735915992621;31,8357145165347;34,6425143202239
"Ta_Ne_Omotic";"r1";0,985548135365743;34,2399510384585;48,9912480488151;34,3129772612821;29,6088517814828
"Ta_Ne_Omotic";"r1";0,980397565777396;33,3369001553081;43,2471051511281;33,3859605760795;33,8832145481417
"Ta_Ne_Omotic";"r1";0,984171319767445;33,956513727658;46,3917127855825;34,0180741190339;32,1847931495708
"Ta_Ne_Omotic";"r1";0,985564249336042;33,8562741846324;45,1488541223216;33,9121780457101;33,6764937778808
"Ta_Ne_Omotic";"r1";0,987683563762303;33,4792571533865;45,447871434653;33,5385077191354;33,6452435586425
"Ta_Ne_Omotic";"r1";0,98486380467289;31,444997236042;43,1529870867036;31,5029575818374;36,5039296935766
"Ta_Ne_Omotic";"r1";0,982878517152395;31,5146226539261;44,6834504044274;31,5798148705128;32,9176292331205
"Ta_Ne_Omotic";"r1";0,986054873402025;34,4123430466714;49,456179934724;34,4868174867113;30,036243150181
"Ta_Ne_Omotic";"r1";0,983029499112109;31,0565558451131;48,0992869306088;31,1409258009819;31,9152356052567
"Ta_Ne_Omotic";"r1";0,985848792037586;33,2784095396036;46,3536079182631;33,3431382444484;35,2719003510959
"Ta_Ne_Omotic";"r1";0,98367491776612;33,3934296770118;43,4390804597701;33,4431606214809;35,1919898830721
"Ta_Ne_Omotic";"r1";0,98278163238685;32,6565321540446;45,630619412516;32,7207603087895;31,8423759490229
"Ta_Ne_Omotic";"r1";0,984365589428848;32,4076443180921;44,8346814247197;32,4691643037685;33,1153289691608
"Ta_Ne_Omotic";"r1";0,985374462239329;31,8650925267841;49,3285192280403;31,951545134216;29,7407393780348
"Ta_Ne_Omotic";"r1";0,985928163473774;31,420766537682;47,4633106286363;31,5001850727857;33,4544885432045
"Ta_Ne_Omotic";"r1";0,983297679159149;34,5360367474795;44,2340818788137;34,5840468718921;36,6923914340795
"Ta_Ne_Omotic";"r1";0,986614608520321;34,7241569928137;45,7760607350646;34,7788693875773;33,5948397372384
"Ta_Ne_Omotic";"r1";0,984900752923282;32,90173471268;44,2033950617284;32,9576835262891;34,044699048936
"Ta_Ne_Omotic";"r1";0,986785159106699;32,6539392982179;44,7831346672343;32,7139848198467;35,5608661055402
"Ta_Ne_Omotic";"r1";0,985457210261293;34,3259891021085;45,0486448133958;34,3790715561248;33,6831233320855
"Ta_Ne_Omotic";"r1";0,980334430890385;32,0415646634552;42,3457109408259;32,0925752885907;34,937948903475
"Ta_Ne_Omotic";"r1";0,984923342171406;32,9796388428229;44,1252341421882;33,0348150571762;34,5789206903559
"Ta_Ne_Omotic";"r1";0,98249739049564;32,8961409881808;45,1609337306655;32,9568577839357;33,7892469292539
"Ta_Ne_Omotic";"r1";0,976866918947554;32,1065176761694;43,1200049666525;32,1610398904787;34,6836781981504
"Ta_Ne_Omotic";"r1";0,98408038727748;33,9432730527258;42,897112246346;33,9875989893279;35,2143481922704
"Ta_Ne_Omotic";"r1";0,985394023661547;33,618139461423;43,112480488151;33,6651411496742;36,048521706628
"Ta_Ne_Omotic";"r1";0,982693500247306;32,8222116928585;42,5954377749397;32,8705940001955;36,5437170454955
"Ta_Ne_Omotic";"r1";0,982097987559536;32,7041117165495;44,2842876401306;32,7614393201316;34,3200823202837
"Ta_Ne_Omotic";"r1";0,986432514531134;34,363671062676;45,2515396622676;34,417571402278;36,1743645604873
"Ta_Ne_Omotic";"r1";0,988226652749328;34,1195609255311;49,0858592308784;34,1936515112011;30,4112525490173
"Ta_Ne_Omotic";"r1";0,982697970568963;34,1493063781621;42,0836419753086;34,1885852672569;35,6110948966239
"Ta_Ne_Omotic";"r1";0,979241693770066;34,1428703045618;44,4742443593018;34,1940157206744;33,9855788699925
"Ta_Ne_Omotic";"r1";0,985596544341817;32,2306325515281;48,3410210018448;32,310386949797;30,4707796326766
"Ta_Ne_Omotic";"r1";0,986931820168862;33,8460343783727;49,0879842486164;33,9214895757501;29,1121658072494
"Ta_Ne_Omotic";"r1";0,985164648328821;33,14739793098;43,9165779764439;33,2007107034823;34,9549914789708
"Ta_Ne_Omotic";"r1";0,984260964217297;33,7955065940141;47,1493472399603;33,8616147160237;32,1333672525936
"Ta_Ne_Omotic";"r1";0,984560533808675;32,2997446629287;47,1999716191287;32,3735081627119;31,4717116283573
"Ta_Ne_Omotic";"r1";0,988750962683085;32,0498302140093;47,583869022279;32,1267313962285;32,5137521669312
"Ta_Ne_Omotic";"r1";0,984068716056166;33,2240780225855;49,0896800056762;33,3026206066602;29,7440120186613
"Ta_Ne_Omotic";"r1";0,983916818209288;33,6899628839927;44,2727969348659;33,7423531515713;33,9137007782249
"Ta_Ne_Omotic";"r1";0,988071196487707;33,9029719129222;45,0894210302256;33,9583503738989;36,2960951020817
"Ta_Ne_Omotic";"r1";0,985621549301987;34,2122061649425;45,6479885057471;34,2688189488079;32,3855852496876
"Ta_Ne_Omotic";"r1";0,983214098071721;33,055489747032;43,5811444586349;33,1075969485746;35,838984011632
"Ta_Ne_Omotic";"r1";0,984015706253349;32,4444444444444;45,4440400170285;32,5087988779721;33,1694395579673
"Ta_Ne_Omotic";"r1";0,985939990304937;33,7963489431151;46,7753937845892;33,8606016403501;32,8094442305401
"Ta_Ne_Omotic";"r1";0,983139018105546;32,0381557819369;44,1083333333333;32,0979091361517;33,7569691694466
"Ta_Ne_Omotic";"r1";0,982730692747777;33,979678327937;42,0383851284234;34,0195729160583;35,6170174788746
"Ta_Ne_Omotic";"r1";0,98819425540668;33,8104846139672;48,0212217965092;33,8808347980392;33,4113813464169
"Ta_Ne_Omotic";"r1";0,983930588399064;34,154913264366;43,9370937987796;34,203339900675;33,9168794728888
"Ta_Ne_Omotic";"r1";0,984936991000174;33,6747479533549;44,4410671207606;33,7280465630946;33,8060018270392
"Ta_Ne_Omotic";"r1";0,986797101871835;32,6631524915107;47,4837696892295;32,7365218835786;32,3506532970417
"Ta_Ne_Omotic";"r1";0,98514895773086;34,3278317407671;46,025560522208;34,38574128919;31,8691997830738
"Ta_Ne_Omotic";"r1";0,983402494877858;32,8710942641291;45,3382148431957;32,9328126828373;31,8404789578465
"Ta_Ne_Omotic";"r1";0,985655961151125;32,0597014925373;45,3361749680715;32,1254266087528;33,9678674333852
"Ta_Ne_Omotic";"r1";0,987475574381068;34,4270315091211;45,8779125869164;34,4837190392092;33,1251463138195
"Ta_Ne_Omotic";"r1";0,982179918052926;32,0827081523599;45,8776181353768;32,1509997859392;32,1182902653073
"Ta_Ne_Omotic";"r1";0,989529035825272;33,5038432177736;49,4972612459202;33,5830185545466;30,290975338057
"Ta_Ne_Omotic";"r1";0,986829078106274;33,4438390060281;50,5216013906627;33,5283823841698;28,9499766122936
"Ta_Ne_Omotic";"r1";0,983166118423332;32,5050409329016;44,624879381297;32,5650401331412;32,8926222529543
"Ta_Ne_Omotic";"r1";0,984412901841513;34,6128616178367;47,1904924081169;34,6751271167985;32,175261610013
"Ta_Ne_Omotic";"r1";0,985545781811356;32,9402063755298;48,5452071803604;33,0174588547616;30,5725717024679
"Ta_Ne_Omotic";"r1";0,983562905388725;33,5119376661665;46,1093408542642;33,5743010482858;33,6777000717497
"Ta_Ne_Omotic";"r1";0,981106216785927;32,9449577509279;41,3792784163474;32,986711813628;36,9868919863533
"Ta_Ne_Omotic";"r1";0,988269776017621;34,7036510568849;46,4545373917979;34,7618237615132;34,304765745116
"Ta_Ne_Omotic";"r1";0,985702131226313;31,3807681170865;48,6511778061586;31,4662651947552;31,1212637193292
"Ta_Ne_Omotic";"r1";0,984956640668039;35,4384690305088;45,6322442173975;35,4889332641073;33,6181317653621
"Ta_Ne_Omotic";"r1";0,984276470070122;33,6267340545947;45,4658152405279;33,6853433673964;31,9796445604923
"Ta_Ne_Omotic";"r1";0,980765017867096;33,3484692937429;42,8624662977153;33,3955682888121;34,3333023453721
"Ta_Ne_Omotic";"r1";0,985540055649643;34,9351127958093;48,5602987086704;35,0025642112195;30,075696842807
"Ta_Ne_Omotic";"r1";0,981570617734972;33,8664086972545;41,9267986377182;33,9063116177518;35,5157516609477
"Ta_Ne_Omotic";"r1";0,983411935773517;32,8967332648925;46,1666773094934;32,9624260571925;31,3201374456391
"Ta_Ne_Omotic";"r1";0,987148745287245;34,8926794598436;46,9629842486164;34,9524334439465;31,507237225787
"Ta_Ne_Omotic";"r1";0,988739417145189;34,3312669456948;48,0572087413084;34,3992171526038;32,0904815074205
"Ta_Ne_Omotic";"r1";0,986657958306023;34,3210666245492;43,8447282531574;34,3682134642948;34,0921494518961
"Ta_Ne_Omotic";"r1";0,98608951428224;33,7327779093948;46,4999290478218;33,7959816279019;32,928923226516
"Ta_Ne_Omotic";"r1";0,985278073758349;35,2950590960541;46,9775542784163;35,3528932306203;33,1039060433187
"Ta_Ne_Omotic";"r1";0,985238887184195;34,9734133564979;44,6508798070101;35,0213216062529;35,841608473636
"Ta_Ne_Omotic";"r1";0,986217142321918;34,0071994524731;46,0692457783454;34,0669125530962;33,5310685707204
"Ta_Ne_Omotic";"r1";0,984351476916472;33,9581721024507;47,8699482049099;34,0270422811758;32,1650708445647
"Ta_Ne_Omotic";"r1";0,987300170866954;34,8745294690568;47,8509046402725;34,9387689501024;30,9978830482458
"Ta_Ne_Omotic";"r1";0,984657311305214;32,5829845481587;46,9149992904782;32,65393511619;32,8283637238146
"Ta_Ne_Omotic";"r1";0,981007120501578;33,010095027508;44,1347027103732;33,0651673427697;33,6658941804313
"Ta_Ne_Omotic";"r1";0,98215279619954;32,3442049014188;43,8826805732936;32,4013260681113;33,7473989354787
"Ta_Ne_Omotic";"r1";0,985860038191503;32,1606517676169;43,9959557258408;32,2192423812715;34,3963850249507
"Ta_Ne_Omotic";"r1";0,986034296521218;35,2788701992682;47,3332056194125;35,3385451270907;31,349713130249
"Ta_Ne_Omotic";"r1";0,986037850560085;32,3727658006265;50,1814672910458;32,4609276891929;30,3301658858502
"Ta_Ne_Omotic";"r1";0,987571731859782;32,8922846087025;49,094742443593;32,972494796004;30,7134305632566
"Ta_Ne_Omotic";"r1";0,979226597603539;31,7836215746663;44,0035085852136;31,8441160648176;33,9070274656001
"Ta_Ne_Omotic";"r1";0,984937714930976;31,588038642765;46,5118277281113;31,6619187867519;31,3332000190572
"Ta_Ne_Omotic";"r1";0,980027558193966;35,3876516886467;42,3581417624521;35,4221590652497;36,8598890187876
"Ta_Ne_Omotic";"r1";0,987444801251674;34,6233646581905;43,8667447140627;34,6691239653978;34,7424493743401
"Ta_Ne_Omotic";"r1";0,986073033528344;32,7931374871673;46,0320916702143;32,8586768643111;32,928059773413
"Ta_Ne_Omotic";"r1";0,988385350182336;34,3084577114428;47,2643713637009;34,3725958978401;33,3983871576077
"Ta_Ne_Omotic";"r1";0,983941494167524;32,5100423806891;44,768138924365;32,570726026945;32,8242496621892
"Ta_Ne_Omotic";"r1";0,9847348326246;33,2881886861986;45,7625478927203;33,3499429396963;34,3042527404305
"Ta_Ne_Omotic";"r1";0,981273052194014;32,0089499591987;42,7594472825316;32,0621702429776;35,3663451048666
"Ta_Ne_Omotic";"r1";0,983883868527547;31,5335886704046;46,8695118490138;31,6095090821799;32,6573889442198
"Ta_Ne_Omotic";"r1";0,986378141018066;34,4096843823212;42,7184759472116;34,4508170138306;38,0987290921338
"Ta_Ne_Omotic";"r1";0,985105453689097;33,5427228934692;45,9067759330211;33,6039310768333;33,8224775427269
"Ta_Ne_Omotic";"r1";0,984306902092762;32,2161941614678;45,9115935859231;32,2839931685196;32,1852487385407
"Ta_Ne_Omotic";"r1";0,982170950560643;33,5030403537866;43,7797608911594;33,553915207932;36,063181894777
"Ta_Ne_Omotic";"r1";0,978338117585428;33,4982363315697;41,6095359727544;33,5383912802884;36,8889026204391
"Ta_Ne_Omotic";"r1";0,987907946195399;33,9144094343099;48,1152369802753;33,9847105607751;31,6507461628158
"Ta_Ne_Omotic";"r1";0,983364519114418;33,5772723683171;45,6865368241805;33,637219222059;32,8416934636458
"Ta_Ne_Omotic";"r1";0,986816015691118;32,8181184026955;46,0182737335036;32,8834657063134;32,4548855362651
"Ta_Ne_Omotic";"r1";0,986136483449819;33,2533101687331;47,9173655456222;33,325904502282;31,3080415523026
"Ta_Ne_Omotic";"r1";0,986547810489404;35,0212824765064;46,4233716475096;35,0777284625014;30,404817608621
"Ta_Ne_Omotic";"r1";0,9870074232126;33,3093132222485;48,5469880800341;33,384747256198;31,2179681949596
"Ta_Ne_Omotic";"r1";0,982201957937952;32,4533154334149;45,9828721441748;32,5202934369335;32,7626769292273
"Ta_Ne_Omotic";"r1";0,986474066174713;32,8801758403748;44,981662409536;32,9400841897271;34,2185989022792
"Ta_Ne_Omotic";"r1";0,983469345851569;32,9232277764616;46,3897367674188;32,9898936625555;33,2523126196663
"Ta_Ne_Omotic";"r1";0,986592337800939;36,7417805154124;44,8124130835817;36,7817341419874;37,476568841318
"Ta_Ne_Omotic";"r1";0,982400002435144;34,9487351601779;44,3467929615439;34,9952601987986;35,0400101897879
"Ta_Ne_Omotic";"r1";0,987974647062331;31,8337808312933;48,7667411664538;31,9176073676059;30,9349681334567
"Ta_Ne_Omotic";"r1";0,986883398107547;32,7564294927479;45,1249396906485;32,8176597412524;33,2982664440546
"Ta_Ne_Omotic";"r1";0,986153153008493;33,9263734238859;48,1097133531999;33,9965879779914;31,9861400803517
"Ta_Ne_Omotic";"r1";0,984031613651643;33,5055674010898;46,8550376046545;33,5716538872461;31,9988792436107
"Ta_Ne_Omotic";"r1";0,98421177684663;33,053712916897;46,4219313182915;33,1198922159138;32,6323137649892
"Ta_Ne_Omotic";"r1";0,988009929733652;34,5975282318566;47,3746984532425;34,6607815497842;33,4709789310341
"Ta_Ne_Omotic";"r1";0,982127064248213;33,6372634183579;45,1030154675749;33,6940245671165;33,2011317436777
"Ta_Ne_Omotic";"r1";0,987863082324724;32,4983021400932;44,1936888037463;32,5562000938736;34,8671472489136
"Ta_Ne_Omotic";"r1";0,982800075295369;33,8491931875016;43,6394174826167;33,8976596444082;33,7973363808559
"Ta_Ne_Omotic";"r1";0,988275936549941;33,8496275237569;48,0008620689655;33,9196831403173;31,3315112579169
"Ta_Ne_Omotic";"r1";0,986776848215109;33,2559951564927;46,1335639279126;33,3197454969452;33,0599048253422
"Ta_Ne_Omotic";"r1";0,981763859947107;33,8805838532207;43,4901163615723;33,9281557963313;34,9695670452587
"Ta_Ne_Omotic";"r1";0,984895726950081;32,4615414988549;44,9477508159501;32,5233544162663;32,7442677669683
"Ta_Ne_Omotic";"r1";0,986274582068893;35,5610439864171;47,4409606924933;35,6198554552591;33,9344759253588
"Ta_Ne_Omotic";"r1";0,983839782877261;34,0016846982021;45,6065772669221;34,0591346614136;33,9116936485601
"Ta_Ne_Omotic";"r1";0,987565986160145;32,8812024533418;45,7141726976018;32,9447320090064;33,5327180356307
"Ta_Ne_Omotic";"r1";0,986360335351526;33,1001605727974;45,0878246062154;33,15950544425;33,6071308250634
"Ta_Ne_Omotic";"r1";0,988207601124545;32,297823054042;46,8574819071945;32,369900573117;33,262436396746
"Ta_Ne_Omotic";"r1";0,986724386865802;34,5940667035194;49,1045799631049;34,6659009275768;30,698811781033
"Ta_Ne_Omotic";"r1";0,985859300554091;33,2951380662823;44,8546757485455;33,352363500353;35,7220128539064
"Ta_Ne_Omotic";"r1";0,985992671948975;32,1710758377425;45,7991414786434;32,2385415092321;32,7637303140254
"Ta_Ne_Omotic";"r1";0,987585818394707;33,5824449182658;47,1094614729672;33,6494103467544;31,7313969722313
"Ta_Ne_Omotic";"r1";0,984228750709369;32,2650898944431;45,1577976443877;32,3289151803339;33,4646684546846
"Ta_Ne_Omotic";"r1";0,984282749111192;31,9597778304246;43,538644103874;32,0170989505902;34,8415327042152
"Ta_Ne_Omotic";"r1";0,983883006355531;33,4411671799731;47,4008372357031;33,5102744574768;32,5547394178496
"Ta_Ne_Omotic";"r1";0,987137724972618;32,8537734607386;44,7012771392082;32,9124244690479;35,0978825976335
"Ta_Ne_Omotic";"r1";0,98628875077857;33,0297191292216;45,2066836951894;33,0900011320234;33,2625069678009
"Ta_Ne_Omotic";"r1";0,983749102325447;35,0716259969991;45,8286362991344;35,1248785232473;31,9213831627624
"Ta_Ne_Omotic";"r1";0,986635034026919;34,2130090289294;45,8951965375337;34,2708416403582;33,9797019445741
"Ta_Ne_Omotic";"r1";0,985511999719063;34,2424517623523;45,7071910032638;34,2992078972083;34,8615618473692
"Ta_Ne_Omotic";"r1";0,98762198048268;33,1555581878965;47,4658684546616;33,226401308029;31,8350565246033
"Ta_Ne_Omotic";"r1";0,985049821635663;35,6376056226802;42,9084362139918;35,6735998335283;37,174950115672
"Ta_Ne_Omotic";"r1";0,984516906808279;33,3608018110506;46,300964949624;33,4248620246079;31,9594202266587
"Ta_Ne_Omotic";"r1";0,983697059362818;33,9157256047803;45,8091315453384;33,9746038520108;32,3032289316546
"Ta_Ne_Omotic";"r1";0,980511109567394;33,4255705598989;45,880857102313;33,4872303942673;33,3398348108577
"Ta_Ne_Omotic";"r1";0,983298936578798;32,3182368580378;46,3772243507876;32,3878358060218;32,328681981952
"Ta_Ne_Omotic";"r1";0,986218249944643;35,2671299586722;45,2832056194125;35,3167144916462;34,4587670827598
"Ta_Ne_Omotic";"r1";0,981221171143629;32,2434388902051;41,9580637150561;32,2915310923083;34,8532326592244
"Ta_Ne_Omotic";"r1";0,98844699284444;34,3004817183922;46,1308925784022;34,3590481087883;34,4896447369445
"Ta_Ne_Omotic";"r1";0,987367765200217;33,0847877017031;46,1456435362566;33,1494454038544;31,6688886881212
"Ta_Ne_Omotic";"r1";0,984141016828868;34,5749164231751;45,9763197105151;34,6313590137065;33,4486020013584
"Ta_Ne_Omotic";"r1";0,986896541993029;34,0597014925373;47,6623634170569;34,1270414030547;30,9484453042335
"Ta_Ne_Omotic";"r1";0,983884077766941;30,9780462765537;45,3514758053072;31,0492018682802;33,8266289034847
"Ta_Ne_Omotic";"r1";0,984470599579493;32,616362631288;43,083024691358;32,6681777900012;36,6965043307988
"Ta_Ne_Omotic";"r1";0,982470906276976;33,6203506278133;44,8608698737051;33,675996762694;33,7620826760548
"Ta_Ne_Omotic";"r1";0,985593483059474;34,9734923267262;45,9407194550873;35,0277855303319;33,3212326251145
"Ta_Ne_Omotic";"r1";0,984392611426459;31,0718497459791;46,3625301546757;31,1475461836459;31,9054649280312
"Ta_Ne_Omotic";"r1";0,985512209798382;33,6502408591961;46,671427557826;33,7147021794863;33,4274410701393
"Ta_Ne_Omotic";"r1";0,9812969927293;33,1942667614309;41,1536682276146;33,2336697389863;37,3913530554531
"Ta_Ne_Omotic";"r1";0,985864782203583;34,1777093369133;48,1372640840074;34,2468160435821;31,3110208063905
"Ta_Ne_Omotic";"r1";0,981052237761017;31,7162862934007;42,541130977721;31,7698746334221;34,4267293058466
"Ta_Ne_Omotic";"r1";0,98305862922205;33,1658638026797;46,7225876259401;33,2329762968543;33,7332112990322
"Ta_Ne_Omotic";"r1";0,986983422770417;34,9439969464845;47,5234816233858;35,0062716231028;33,3737696627172
"Ta_Ne_Omotic";"r1";0,986017135017177;34,3954697412409;44,8490527884206;34,4472201523655;34,7059026935517
"Ta_Ne_Omotic";"r1";0,983471319521108;31,6524520255864;44,6154817652902;31,7166254401393;33,103142582366
"Ta_Ne_Omotic";"r1";0,985405081185158;33,2019400352734;50,1382077479779;33,2857829447422;28,0246307658037
"Ta_Ne_Omotic";"r1";0,979223634712184;33,0274026691937;43,3683624237264;33,0785955392657;34,2899634168248
"Ta_Ne_Omotic";"r1";0,987335750416178;35,5471189028403;44,9406697885625;35,5936216299973;33,6697796720138
"Ta_Ne_Omotic";"r1";0,989749628059089;34,347442680776;50,4556655314318;34,4271863582545;31,2826743887515
"Ta_Ne_Omotic";"r1";0,983224044109221;32,5515149122114;45,8849687810416;32,6175221095819;32,4014460720043
"Ta_Ne_Omotic";"r1";0,986570058613169;34,625878543789;45,8789839648077;34,6815869864673;33,2064675229576
"Ta_Ne_Omotic";"r1";0,986098698202388;32,8611176919635;45,416411238825;32,9232726105123;33,8501027204405
"Ta_Ne_Omotic";"r1";0,985043230866795;34,8475874595278;45,5582198098482;34,9006103919551;33,7679930368608
"Ta_Ne_Omotic";"r1";0,985670562760689;32,4881413040617;44,416251596424;32,547191355014;34,8183677197382
"Ta_Ne_Omotic";"r1";0,98598870189193;32,5597936244702;47,3153256704981;32,6328408128169;31,5115799934039
"Ta_Ne_Omotic";"r1";0,988491157706078;32,9102898207376;46,5843869731801;32,9779833709972;32,9349063751309
"Ta_Ne_Omotic";"r1";0,983594005918701;34,6314196214694;43,4406236696467;34,6750295425;35,6524670194794
"Ta_Ne_Omotic";"r1";0,984298519914659;32,7015715075417;44,9094579253583;32,762006588818;33,7074440894246
"Ta_Ne_Omotic";"r1";0,984951637337734;35,2784753481271;44,2075244785015;35,3226785616438;33,8164325040318
"Ta_Ne_Omotic";"r1";0,986764053469065;33,2450972649978;42,5012345679012;33,2909197268933;39,7804143735545
"Ta_Ne_Omotic";"r1";0,989722577622922;33,2577325015136;47,4610969206755;33,328046186757;31,9159752162669
"Ta_Ne_Omotic";"r1";0,984651825555333;33,8138934954855;43,8942670639989;33,8637963349336;34,1568266793183
"Ta_Ne_Omotic";"r1";0,987433932760938;34,2565611097949;47,7536966084859;34,3233786122637;33,7049661292152
"Ta_Ne_Omotic";"r1";0,986015035156113;34,6497275527126;47,8872250603094;34,7152597185918;31,4351222715213
"Ta_Ne_Omotic";"r1";0,987710650318324;32,3427834373108;46,138601532567;32,4110795664952;34,0559566286903
"Ta_Ne_Omotic";"r1";0,985558487907681;33,3534180947116;47,4038881793671;33,4229748773089;32,3133226662126
"Ta_Ne_Omotic";"r1";0,983896706109347;34,0848666719314;44,3192315879097;34,1355318447827;33,4964173984617
"Ta_Ne_Omotic";"r1";0,982863165884936;33,3075890389323;44,3159997161913;33,362086121493;33,6770294024422
"Ta_Ne_Omotic";"r1";0,986817837217733;33,7731316960173;46,5793316304811;33,8365287253958;35,3076646645102
"Ta_Ne_Omotic";"r1";0,984705526055647;33,0129774408381;47,2149496239535;33,0832842338239;31,1275504017632
"Ta_Ne_Omotic";"r1";0,985115157437175;32,7154702677091;44,3604867319427;32,7731188640667;33,1263213024819
"Ta_Ne_Omotic";"r1";0,986776426568091;33,2046381847377;45,4114339435221;33,2650678667119;35,896408737717
"Ta_Ne_Omotic";"r1";0,983337395024996;34,0367343178288;45,9280651340996;34,0956022921668;33,4492327496647
"Ta_Ne_Omotic";"r1";0,986444386804427;31,1608360314828;46,5464240102171;31,2370023086052;31,1467881326166
"Ta_Ne_Omotic";"r1";0,986152914411836;34,5554502619179;44,7834823329076;34,6060840840515;34,9556796837955
"Ta_Ne_Omotic";"r1";0,980894729145155;33,1982152728421;40,9484248616433;33,2365826470441;36,1470477152559
"Ta_Ne_Omotic";"r1";0,98440024670623;33,6821185079892;42,2714169149993;33,7246397872318;37,0525506805725
"Ta_Ne_Omotic";"r1";0,984391495528375;32,8845981731554;44,6441109692067;32,9428135830368;33,2907967351688
"Ta_Ne_Omotic";"r1";0,982868982824905;32,9667798573271;43,8434369235136;33,0206246942884;34,1315427264868
"Ta_Ne_Omotic";"r1";0,985905837332331;32,9090394587907;44,8805449127288;32,9683043372755;35,2956726852554
"Ta_Ne_Omotic";"r1";0,983813803568639;34,4453657637737;45,9843550446999;34,5024894730852;32,6942560026413
"Ta_Ne_Omotic";"r1";0,98376390058839;33,0525678485877;43,0762487583369;33,1021900313093;35,9906317940645
"Ta_Ne_Omotic";"r1";0,985503622929242;32,7746716154676;43,7714169149993;32,8291109486336;34,3788149272844
"Ta_Ne_Omotic";"r1";0,984244458873594;32,7659454052489;46,7645168156662;32,8352452637163;35,1676861924298
"Ta_Ne_Omotic";"r1";0,982870639898956;32,3293321751033;43,5327657159075;32,3847947173845;34,7218325061339
"Ta_Ne_Omotic";"r1";0,986347457554445;35,7749611729711;44,2468922945934;35,8169014260485;36,826682900366
"Ta_Ne_Omotic";"r1";0,98414308760145;32,0228223959567;46,486355896126;32,0944240469477;31,4016972598256
"Ta_Ne_Omotic";"r1";0,984398690977795;33,7191292216168;47,4260642826735;33,7869853357804;31,1019603708599
"Ta_Ne_Omotic";"r1";0,987757978771515;34,1477138118929;44,5684333759046;34,1993015325068;33,4993804484686
"Ta_Ne_Omotic";"r1";0,984800210569069;32,089552238806;46,6693663970484;32,1617295366191;32,0262019867961
"Ta_Ne_Omotic";"r1";0,98448911321145;32,9396140988181;45,2270363275153;33,0004429217324;34,0477182822196
"Ta_Ne_Omotic";"r1";0,987935014002854;33,5640316933849;47,7519795657727;33,6342690590898;30,7055899659032
"Ta_Ne_Omotic";"r1";0,986126394451284;33,332635762984;46,7687739463602;33,3991512985453;32,0935664757714
"Ta_Ne_Omotic";"r1";0,985907692991777;33,3990892100345;44,8556939123031;33,4558050748972;34,8413253929826
"Ta_Ne_Omotic";"r1";0,985347017129006;34,0326673510753;46,8467681282815;34,0961034935367;33,2099640804699
"Ta_Ne_Omotic";"r1";0,986484824626447;33,3303324646608;44,7569000993331;33,3868996311691;36,0692527027979
"Ta_Ne_Omotic";"r1";0,987109856641394;33,1173234357314;43,8777600397332;33,17059292387;35,1803110343674
"Ta_Ne_Omotic";"r1";0,987281586333665;36,0124772960594;47,3337590464027;36,0685232453185;32,5365146467192
"Ta_Ne_Omotic";"r1";0,986187571241212;31,9687935981468;44,9953703703704;32,0332816019697;35,7300627131704
"Ta_Ne_Omotic";"r1";0,982968713069695;32,9401668904156;45,5075138356748;33,0023814792536;34,7715149332704
"Ta_Ne_Omotic";"r1";0,984523992920708;32,1505699018137;44,309429544487;32,2107622762824;33,6146941653251
"Ta_Ne_Omotic";"r1";0,985248292215842;32,7195109110532;46,5689123031077;32,7880723040832;32,6946078564537
"Ta_Ne_Omotic";"r1";0,986007103374426;32,7281318276343;43,8297467007237;32,7830903171051;35,0673913357316
"Ta_Ne_Omotic";"r1";0,984723715191515;34,5377477690911;47,0014793529161;34,5994494105951;32,9139864631153
"Ta_Ne_Omotic";"r1";0,984038515390942;34,6104398641712;43,9735241946928;34,6567917667975;33,8061212752405
"Ta_Ne_Omotic";"r1";0,988361330884375;33,2067703808997;48,560153256705;33,2827772268196;31,088642797796
"Ta_Ne_Omotic";"r1";0,988262666040555;33,009871278528;49,6939584220236;33,0924657693374;29,8132428122623
"Ta_Ne_Omotic";"r1";0,984118234727626;34,0150043433626;45,5876294877253;34,0722945668495;34,0999149142163
"Ta_Ne_Omotic";"r1";0,985739410446071;33,7295269683329;44,7791081311196;33,7842278651784;33,8765232580869
"Ta_Ne_Omotic";"r1";0,983536966040694;33,699689383769;44,1653114800624;33,7514993941467;35,0826469348085
"Ta_Ne_Omotic";"r1";0,987785781293466;33,3286872515728;47,1221299843905;33,3969716215373;32,5202576534698
"Ta_Ne_Omotic";"r1";0,984751828078957;33,6776040432757;45,4736909323116;33,7360005130234;33,4227659771181
"Ta_Ne_Omotic";"r1";0,985689109458393;32,4404432862144;45,7505640698169;32,506334973262;32,8546695328961
"Ta_Ne_Omotic";"r1";0,986895528373613;34,6880544368107;44,553050943664;34,7368910531812;35,5317998821896
"Ta_Ne_Omotic";"r1";0,983791289817534;34,8393219089737;45,0203207038456;34,8897228931067;33,8752144607322
"Ta_Ne_Omotic";"r1";0,988151691493742;34,3441522546;48,233908045977;34,4129134218841;31,2156063257696
"Ta_Ne_Omotic";"r1";0,985596387692863;34,4952223011924;43,8975734355045;34,5417685939366;35,0905445184033
"Ta_Ne_Omotic";"r1";0,989333422577246;32,5775750875253;48,5424116645381;32,656608931966;31,0105721078299
"Ta_Ne_Omotic";"r1";0,983231483661603;34,3897049145805;43,7254328082872;34,4359213893019;35,0219065789202
"Ta_Ne_Omotic";"r1";0,984347785115258;34,0083971676012;46,605218532709;34,0707576694086;32,6307070667291
"Ta_Ne_Omotic";"r1";0,987058625002723;34,8246597699334;43,8221796509153;34,869201947562;36,0637781563872
"Ta_Ne_Omotic";"r1";0,985703336105922;34,6307746979389;45,852046970342;34,6863255507726;32,5569456310258
"Ta_Ne_Omotic";"r1";0,985637418838457;33,0249151070047;48,4265006385696;33,1011605799332;31,4837300280975
"Ta_Ne_Omotic";"r1";0,981844775826063;32,049843375714;44,7757379026536;32,1128428535702;33,5247130444532
"Ta_Ne_Omotic";"r1";0,988162591299639;33,7179446681934;47,7099758762594;33,7872121494215;32,1625577916206
"Ta_Ne_Omotic";"r1";0,981885149527969;34,6943588933639;43,4406839789982;34,7376575324017;34,9611142670887
"Ta_Ne_Omotic";"r1";0,984324585992982;34,7410566216536;47,9214240102171;34,8063059651614;31,5378034758166
"Ta_Ne_Omotic";"r1";0,985701973511868;35,0818526415541;47,3700333475238;35,1426852193065;32,5694232310544
"Ta_Ne_Omotic";"r1";0,986810843819303;32,9903129853379;49,6131971051511;33,0726044908815;29,5661182206954
"Ta_Ne_Omotic";"r1";0,983543397472122;35,620232172471;46,283627784873;35,6730212596611;32,3387405060234
"Ta_Ne_Omotic";"r1";0,985403125866703;33,060293769249;46,8013693770399;33,1283188960202;31,6414204872408
"Ta_Ne_Omotic";"r1";0,984086143565527;32,2612071915554;44,8497942386831;32,3235269294125;33,9149276017581
"Ta_Ne_Omotic";"r1";0,982114927504507;33,9063939561452;46,3494430254009;33,9679932089633;32,1141147132073
"Ta_Ne_Omotic";"r1";0,97807762608822;32,4707810155571;43,4695295870583;32,5252302659111;34,473891484407
"Ta_Ne_Omotic";"r1";0,98650510589848;34,3829397983627;44,7036895132681;34,4340326187335;34,6474040278744
"Ta_Ne_Omotic";"r1";0,984967202163099;32,9575929874437;43,4441358024691;33,0095065657359;33,6357221846522
"Ta_Ne_Omotic";"r1";0,984575858268088;33,3218563268315;45,2085994040017;33,3807015895897;35,8927263305404
"Ta_Ne_Omotic";"r1";0,984368196653023;31,3713443365185;46,2528026110402;31,4450149220359;31,7015601004454
"Ta_Ne_Omotic";"r1";0,985237346284544;33,4147648003369;48,2274265644955;33,4880948090704;31,0438923092201
"Ta_Ne_Omotic";"r1";0,98686415652672;32,3505225196768;44,8209841067121;32,4122574780284;33,0745405761389
"Ta_Ne_Omotic";"r1";0,983994471117129;32,5646371318013;46,9896090534979;32,6360478838889;32,1847553319911
"Ta_Ne_Omotic";"r1";0,985085808119617;31,9202005843797;48,0294983680999;31,999949583309;30,5155823402091
"Ta_Ne_Omotic";"r1";0,983650694483345;33,9923398878623;44,0182808287214;34,0419732588566;33,6632715292916
"Ta_Ne_Omotic";"r1";0,98745296780539;33,0216510042381;47,485674755215;33,0932550822132;30,5965316689209
"Ta_Ne_Omotic";"r1";0,986095680382802;35,1790649924978;46,4426599971619;35,234825363808;33,2695055279072
"Ta_Ne_Omotic";"r1";0,979709986177942;33,164652925847;42,8655562650773;33,2126771998035;34,6724521780672
"Ta_Ne_Omotic";"r1";0,983241875474227;33,5536602700782;47,308308500071;33,6217525880484;30,7195824223214
"Ta_Ne_Omotic";"r1";0,985977089894744;34,1052673142225;49,8705122747268;34,1833130813537;29,1153232113265
"Ta_Ne_Omotic";"r2";0,993642848373965;32,9546842507042;67,7021711366539;33,1267015125158;21,517733593708
"Ta_Ne_Omotic";"r2";0,993310308763266;28,5738634867988;67,8599794238683;28,7683492092596;22,7317495512883
"Ta_Ne_Omotic";"r2";0,993953425228972;27,9973018505357;72,1293209876543;28,2157771927986;19,7683712341893
"Ta_Ne_Omotic";"r2";0,993057998304699;29,3754639500908;67,2474847452817;29,5629492015522;21,9220410929174
"Ta_Ne_Omotic";"r2";0,993649915450704;28,2532838453236;70,7670923797361;28,4637482440089;20,9128471496639
"Ta_Ne_Omotic";"r2";0,993657361256662;29,8696333149069;67,2521214701291;30,0546951374576;21,7743428237319
"Ta_Ne_Omotic";"r2";0,994133710402605;30,6096370001843;68,4234709805591;30,7968341981069;21,3881038368499
"Ta_Ne_Omotic";"r2";0,993681469018616;31,4959330332465;66,3410990492408;31,6684338551078;22,4489208846468
"Ta_Ne_Omotic";"r2";0,993759103978058;30,0509489589092;68,8149921952604;30,2428501630495;23,3285980176078
"Ta_Ne_Omotic";"r2";0,993952505648348;28,2826081234041;70,8894387682702;28,4935330275866;20,5645952042318
"Ta_Ne_Omotic";"r2";0,993461401323189;30,5752981126115;68,6805697459912;30,7639380711926;20,6390155089688
"Ta_Ne_Omotic";"r2";0,99394938265775;30,4221748400853;69,0381651766709;30,6133431090783;21,7468973623281
"Ta_Ne_Omotic";"r2";0,99390596500479;28,7527310537261;70,342777068256;28,9586223706297;21,8047654564388
"Ta_Ne_Omotic";"r2";0,991883116391194;28,8869804417068;69,1472364126579;29,0862886395828;21,2558386578272
"Ta_Ne_Omotic";"r2";0,993357856448835;30,3553002184843;64,5498900241237;30,524580366037;22,710229337333
"Ta_Ne_Omotic";"r2";0,993904607513296;31,1294322040591;69,2622605363985;31,3182085819419;21,0371568811079
"Ta_Ne_Omotic";"r2";0,99385192917616;30,5615967780147;67,7283382999858;30,7455905479254;21,6499793624668
"Ta_Ne_Omotic";"r2";0,994726470240812;27,6932664718734;69,876766709238;27,9020956809693;20,9900905659371
"Ta_Ne_Omotic";"r2";0,99136731567194;27,8126036484245;69,4004789272031;28,0184842191116;20,9476877353382
"Ta_Ne_Omotic";"r2";0,993668229698513;32,057845692174;66,3549418192138;32,2276332967634;21,7746710157352
"Ta_Ne_Omotic";"r2";0,994297486537981;31,6821316696939;69,414367816092;31,8689249179434;21,3343871623599
"Ta_Ne_Omotic";"r2";0,993241522482203;27,3663823738451;71,3079430963531;27,5839148526694;20,0729869537516
"Ta_Ne_Omotic";"r2";0,9932075277266;30,6861591513333;69,9120654179083;30,8803468061183;21,4375193235399
"Ta_Ne_Omotic";"r2";0,994965616874566;28,419252941641;70,2757982120051;28,6264635617913;21,0062142514978
"Ta_Ne_Omotic";"r2";0,994307514799005;30,4347837531917;66,7323222647935;30,6144745379026;22,0919944338893
"Ta_Ne_Omotic";"r2";0,994206198958425;28,6996104135408;69,5298353909465;28,9017402401616;21,4841046534443
"Ta_Ne_Omotic";"r2";0,993310625605835;28,6650609386928;72,0291577976444;28,8797346855193;19,6741287654197
"Ta_Ne_Omotic";"r2";0,994105269869274;31,2582721314065;69,0007911167873;31,4451162847994;20,9310805695715
"Ta_Ne_Omotic";"r2";0,993765675213407;30,8767274737424;69,3410884064141;31,067145102122;21,2616185241503
"Ta_Ne_Omotic";"r2";0,993937764546027;31,1485298375846;69,8263551866042;31,3400042205005;21,7383640834619
"Ta_Ne_Omotic";"r2";0,994691434513905;31,3680670720472;70,6561373634171;31,5625624695292;20,8023808227184
"Ta_Ne_Omotic";"r2";0,994107399168767;30,490707836479;71,3675180928055;30,6930682832925;20,2238830895926
"Ta_Ne_Omotic";"r2";0,99357500298511;27,9703993261207;71,5028132538669;28,185906325763;20,4276872914338
"Ta_Ne_Omotic";"r2";0,9937599879878;29,8028639869436;69,2924826167163;29,9983571484771;21,2759604939175
"Ta_Ne_Omotic";"r2";0,992925985694788;30,7691831846061;67,301365829431;30,9500355739369;23,8706420740485
"Ta_Ne_Omotic";"r2";0,992304628770271;29,070296664824;68,9989002412374;29,2679630191627;20,7578185254281
"Ta_Ne_Omotic";"r2";0,993914821190408;28,0047382136934;71,2082020718036;28,2186167476445;20,0600232127335
"Ta_Ne_Omotic";"r2";0,993264288237572;28,1688778330569;71,9374272740173;28,3855538203884;20,0520337480902
"Ta_Ne_Omotic";"r2";0,993597813819757;28,8898365316276;69,5692989924791;29,0912200091565;21,8429300801011
"Ta_Ne_Omotic";"r2";0,993551640084102;31,7250651504383;66,9530332056194;31,8994610318996;21,6799365326416
"Ta_Ne_Omotic";"r2";0,993675759937281;29,7898338992866;68,9532708954165;29,9837123002576;21,1763414925455
"Ta_Ne_Omotic";"r2";0,993802730592997;29,2808576166785;69,7450794664396;29,4811755466278;20,7521407250245
"Ta_Ne_Omotic";"r2";0,994099658165858;29,6796177840954;68,8470412941677;29,8735159202839;21,0795048060734
"Ta_Ne_Omotic";"r2";0,995216393101245;29,7162468082866;74,102125017738;29,9359788786304;19,5070675046811
"Ta_Ne_Omotic";"r2";0,994430906175008;28,4968543525757;69,4418724279835;28,6995524618599;22,2213151840246
"Ta_Ne_Omotic";"r2";0,99358693455516;28,8155387085735;72,251724137931;29,0305693295109;19,8863783057107
"Ta_Ne_Omotic";"r2";0,992296722206246;29,6669957092843;70,2024762310203;29,8676664049364;20,6892233160885
"Ta_Ne_Omotic";"r2";0,992191945603256;29,944641870015;66,9824606215411;30,1279974083889;22,030572805214
"Ta_Ne_Omotic";"r2";0,992633709521796;31,1525309958146;67,3671952603945;31,3318115119759;22,2908028231684
"Ta_Ne_Omotic";"r2";0,992643017113181;27,8117612993235;71,9480275294452;28,0302576667993;19,9312503282311
"Ta_Ne_Omotic";"r2";0,994430051033474;29,8198031008976;70,8439087554988;30,0228927328511;20,531625304829
"Ta_Ne_Omotic";"r2";0,993604060091078;30,6650477769881;69,1232510288066;30,8554349217991;20,9228383307845
"Ta_Ne_Omotic";"r2";0,993652946214421;29,3818342151676;71,5069604086845;29,5903744438483;20,144200754801
"Ta_Ne_Omotic";"r2";0,993698587369798;26,801021348285;73,0818149567192;27,0301341879307;19,7443078796346
"Ta_Ne_Omotic";"r2";0,993618063870777;29,9729921819474;67,563683127572;30,1590847113812;22,0657314111079
"Ta_Ne_Omotic";"r2";0,992155192417728;25,4888520361157;68,7804065559813;25,7031666624517;21,1145889034135
"Ta_Ne_Omotic";"r2";0,993788393885917;30,6677854115665;68,7775223499361;30,8564474756178;21,5546299336613
"Ta_Ne_Omotic";"r2";0,993221744830095;30,3572876358946;67,36179934724;30,540478287931;21,5610202911
"Ta_Ne_Omotic";"r2";0,993195988046937;27,9845349969728;66,9451362281822;28,1774092604936;21,8541840342536
"Ta_Ne_Omotic";"r2";0,994059654703278;28,6058859143436;70,4971477224351;28,8132683985421;20,6195917208833
"Ta_Ne_Omotic";"r2";0,991617094313252;27,5245334175682;65,936235277423;27,7146903574685;22,6077689233084
"Ta_Ne_Omotic";"r2";0,992999390079185;27,8102871883966;66,6313324819072;28,0024705809388;21,5865189977931
"Ta_Ne_Omotic";"r2";0,994062688490993;28,5334044065387;70,9389562934582;28,7433328812265;20,7362645399155
"Ta_Ne_Omotic";"r2";0,993661663316948;30,4158045750086;68,7352348517099;30,6055047248932;21,7785520406464
"Ta_Ne_Omotic";"r2";0,993593886680465;28,987904393377;70,4755321413367;29,193288689159;21,0621520811165
"Ta_Ne_Omotic";"r2";0,994514707613208;30,3775566611387;70,3319781467291;30,575350826909;20,5644541747473
"Ta_Ne_Omotic";"r2";0,992607740175865;26,2849509068415;69,6083120476799;26,4994229916971;21,4346111156802
"Ta_Ne_Omotic";"r2";0,993214506974541;31,8478375319171;68,7816872427984;32,03067837207;20,9036164685027
"Ta_Ne_Omotic";"r2";0,992839233886002;30,5651241148754;65,7428657584788;30,7392713507348;22,4285811983928
"Ta_Ne_Omotic";"r2";0,991659755605231;29,4069072626287;66,807421597843;29,5920583236941;21,9388913857599
"Ta_Ne_Omotic";"r2";0,99200270292738;27,9649240569639;68,5961047254151;28,1660685157186;21,3301632385507
"Ta_Ne_Omotic";"r2";0,993925157904087;29,9921687857011;70,6306016744714;30,1933491465366;20,5011549169798
"Ta_Ne_Omotic";"r2";0,993373827226717;31,1717470846824;67,5986731942671;31,3520784020566;22,0849900015769
"Ta_Ne_Omotic";"r2";0,993002351663503;30,747755929348;66,6942706116078;30,9257089723294;22,6638683179626
"Ta_Ne_Omotic";"r2";0,994347357679836;29,1048593013767;71,7728856250887;29,3160871544644;19,9025034814769
"Ta_Ne_Omotic";"r2";0,993649575819086;28,6541498854932;70,3695757059742;28,8606618945054;20,5351114432356
"Ta_Ne_Omotic";"r2";0,993544434316706;29,6724051699176;67,8249255002129;29,8612790329389;22,5658227077124
"Ta_Ne_Omotic";"r2";0,991607089007335;28,7869909710706;70,5027032779906;28,9935043983326;20,950520935876
"Ta_Ne_Omotic";"r2";0,994859606840155;30,8797809892337;72,5531467291046;31,0860847800252;20,0689873027521
"Ta_Ne_Omotic";"r2";0,992774912287565;29,3316091500171;69,1898644813396;29,5289272457167;21,7582777822324
"Ta_Ne_Omotic";"r2";0,992099234750096;29,0437495064361;69,0286824180502;29,2416947188698;21,2280671076398
"Ta_Ne_Omotic";"r2";0,994137245411207;29,4147648003369;70,6194976585781;29,6187486263678;21,4517655316261
"Ta_Ne_Omotic";"r2";0,993382202271852;30,0258627497433;67,8897828863346;30,2133078989344;22,2604933539313
"Ta_Ne_Omotic";"r2";0,992665615850187;30,8064702940325;66,720547750816;30,9842627566898;21,6383914244705
"Ta_Ne_Omotic";"r2";0,99178164426925;29,4531311695491;66,8509755924507;29,6382690132268;22,5549899545894
"Ta_Ne_Omotic";"r2";0,993289959457046;29,2982573902972;67,8535334184759;29,489125093407;21,6269872631161
"Ta_Ne_Omotic";"r2";0,995067938276739;28,6075442891363;71,8356924932595;28,8215450228201;20,2011766667128
"Ta_Ne_Omotic";"r2";0,993550374165065;27,6455947774356;70,8819781467291;27,8596362792638;20,7283335911353
"Ta_Ne_Omotic";"r2";0,994098160818265;29,7868856774329;68,2159961685824;29,9771287986763;21,3350970047512
"Ta_Ne_Omotic";"r2";0,993158243617234;28,3441127694859;69,1209344401873;28,5459782233013;21,3753383006539
"Ta_Ne_Omotic";"r2";0,993906854957205;30,6274579483535;68,0614162054775;30,8127745733887;21,3950753686755
"Ta_Ne_Omotic";"r2";0,992673102059739;27,9730316670615;69,5053959131545;28,178637430656;21,2109796871583
"Ta_Ne_Omotic";"r2";0,992050638485782;30,4143831109005;68,4765041861785;30,6028094528573;21,1972217289731
"Ta_Ne_Omotic";"r2";0,993547817437109;27,9155281792098;68,180175961402;28,1148581187256;22,0943067165757
"Ta_Ne_Omotic";"r2";0,99337544858758;30,3783332017163;69,3952674897119;30,5714863417559;21,2342214418314
"Ta_Ne_Omotic";"r2";0,992026503888092;28,8516544262813;67,589807719597;29,0434274623868;22,5404382075568
"Ta_Ne_Omotic";"r2";0,992521919777942;28,4726631393298;66,8662835249042;28,6627305669812;22,0208327661182
"Ta_Ne_Omotic";"r2";0,994097533280523;31,2808049698597;68,284308925784;31,4639906330078;21,3463210506438
"Ta_Ne_Omotic";"r2";0,99259162433949;28,3324120140041;69,4936888037463;28,536180710983;21,0508437377733
"Ta_Ne_Omotic";"r2";0,994247169028339;29,5921845797468;68,0624201787995;29,7826312906332;21,5356010210306
"Ta_Ne_Omotic";"r2";0,993725141369485;29,0575561346706;70,2024833262381;29,2612438930447;21,9089510251912
"Ta_Ne_Omotic";"r2";0,993494615503923;30,0853668167101;68,7478217681283;30,2767651085488;21,4890307546285
"Ta_Ne_Omotic";"r2";0,994374657064362;30,673010608334;70,3436533276572;30,8693999287267;20,9470720555978
"Ta_Ne_Omotic";"r2";0,99405982767271;29,8237121271947;68,7089683553285;30,0162133956508;21,7749730365568
"Ta_Ne_Omotic";"r2";0,993749693289146;30,1990576219432;69,9981233148858;30,396082699631;21,5451378547747
"Ta_Ne_Omotic";"r2";0,991996493077457;26,3369396404222;71,7784482758621;26,561897603964;19,7528936975333
"Ta_Ne_Omotic";"r2";0,992870641728808;28,2843849535392;68,5307222931744;28,4836242472998;22,3209650719794
"Ta_Ne_Omotic";"r2";0,994015094491177;28,2665376819606;73,061515538527;28,4882949980822;19,5399797452681
"Ta_Ne_Omotic";"r2";0,991911915189633;27,7782647608518;68,1235490279551;27,977993890887;20,9996581544366
"Ta_Ne_Omotic";"r2";0,992779213717346;31,9148174471558;66,4531999432383;32,0857995387205;22,7148705260637
"Ta_Ne_Omotic";"r2";0,994005551118438;27,2751322751323;66,9099262097346;27,4713441262937;22,6424871557923
"Ta_Ne_Omotic";"r2";0,994732841805879;26,646818815973;71,3222435078757;26,8679842847448;19,93566503713
"Ta_Ne_Omotic";"r2";0,994886006365798;28,8650793650794;72,0965942954449;29,0790967657247;20,2773848465014
"Ta_Ne_Omotic";"r2";0,993891716857035;29,191239569349;66,2309493401447;29,3746044692044;22,2802732973124
"Ta_Ne_Omotic";"r2";0,992314054143685;29,6649424833504;68,9162196679438;29,8592557367395;22,3239007765792
"Ta_Ne_Omotic";"r2";0,993649123335583;30,5056332096133;66,8436426848304;30,6855243456292;21,7623838354075
"Ta_Ne_Omotic";"r2";0,993337114770265;29,861538866514;65,0892365545622;30,0359334095241;23,3298838968432
"Ta_Ne_Omotic";"r2";0,992786732921434;29,5955013293322;66,692134951043;29,7791480304297;22,1537129231696
"Ta_Ne_Omotic";"r2";0,992625618419452;33,2576798546948;66,6043458209167;33,4227623594781;22,958912229606
"Ta_Ne_Omotic";"r2";0,99492246273179;30,2236831714444;70,5717397474102;30,4234260257808;20,4369840526749
"Ta_Ne_Omotic";"r2";0,993463361084642;28,9899444576061;67,8461792252022;29,1823020554655;21,8881534831964
"Ta_Ne_Omotic";"r2";0,992333691170029;31,0839453526021;67,8859372782744;31,266133431442;21,7324098553062
"Ta_Ne_Omotic";"r2";0,993639097887529;32,1218510621496;67,5382183908046;32,2971796132815;22,1056897347149
"Ta_Ne_Omotic";"r2";0,9939282150539;31,0386164416015;68,8022775649212;31,2255652590437;21,3254014084062
"Ta_Ne_Omotic";"r2";0,992639028136003;29,294440495933;69,6110614445864;29,4940277283521;20,2679105009534
"Ta_Ne_Omotic";"r2";0,992939248436801;29,1758403748453;65,2789094650206;29,3545684396482;23,4147389207513
"Ta_Ne_Omotic";"r2";0,994179939724202;29,4698728579326;69,860231304101;29,669825127468;20,4020779197749
"Ta_Ne_Omotic";"r2";0,993572741303395;28,4807970728369;70,1158968355329;28,6869114280977;20,3916126252277
"Ta_Ne_Omotic";"r2";0,992758843514747;29,9206217589302;67,4754647367674;30,1065368231769;21,5841912602023
"Ta_Ne_Omotic";"r2";0,993470760646154;29,5101739977362;70,7851993756208;29,7145058065376;21,3938778478057
"Ta_Ne_Omotic";"r2";0,993906509019003;29,9049593303325;70,8639740315028;30,1077267298432;20,1655935944188
"Ta_Ne_Omotic";"r2";0,993873268008037;27,7151017399774;70,7303249609763;27,9280483895863;21,3934580839634
"Ta_Ne_Omotic";"r2";0,993108214073133;27,8171049514333;72,0472683411381;28,0360661563328;20,041023838904
"Ta_Ne_Omotic";"r2";0,992817408824386;27,8703308852563;68,0094650205761;28,0690394700846;21,868713334052
"Ta_Ne_Omotic";"r2";0,993946291716745;29,5641369870226;69,408187881368;29,7613847637272;22,2141609095707
"Ta_Ne_Omotic";"r2";0,993916668106859;29,6766695622417;71,136394919824;29,8819157273782;20,4375480817539
"Ta_Ne_Omotic";"r2";0,992296480421968;27,8822948748322;68,7882183908046;28,0847994466934;21,2963004839756
"Ta_Ne_Omotic";"r2";0,994173076459224;30,6391587038353;67,9639385554136;30,8239348417144;22,768317162323
"Ta_Ne_Omotic";"r2";0,99341452945044;30,3614467345811;67,6697708244643;30,5461414082934;21,7924167280682
"Ta_Ne_Omotic";"r2";0,993653730654557;29,447800679144;69,7568185043281;29,6473502723379;21,6686808396767
"Ta_Ne_Omotic";"r2";0,993891553980382;29,4602779752033;67,9912338583794;29,6510252815557;21,7033413418447
"Ta_Ne_Omotic";"r2";0,994377095212447;30,4036299981574;69,47239250745;30,5970397135499;22,3288208739573
"Ta_Ne_Omotic";"r2";0,993937124145089;28,4313880333781;70,73627784873;28,6408181809788;21,0637295077033
"Ta_Ne_Omotic";"r2";0,992489424352925;31,5420779699387;67,2712537249894;31,7189550776369;22,0374341389436
"Ta_Ne_Omotic";"r2";0,993213661710047;28,557003343073;70,8636121753938;28,7664420006587;20,8197416341389
"Ta_Ne_Omotic";"r2";0,994399944756851;31,4140409065782;70,653089967362;31,6082936247009;20,8140510654296
"Ta_Ne_Omotic";"r2";0,994246542415289;29,5921977414515;67,3096530438485;29,7789178172059;21,4724116866498
"Ta_Ne_Omotic";"r2";0,994598408064898;30,0950143462581;69,1276819923372;30,288245374209;20,9401562286773
"Ta_Ne_Omotic";"r2";0,995681309408825;29,0157808839401;70,0886476514829;29,2191119075418;21,9603806976569
"Ta_Ne_Omotic";"r2";0,993512029067306;28,4126194424702;69,6237193131829;28,6166347883648;21,3136996711136
"Ta_Ne_Omotic";"r2";0,993373569799937;30,7398720682303;64,8722080317866;30,9088440284459;23,6911241383586
"Ta_Ne_Omotic";"r2";0,993446501434219;28,7130879991577;69,9908152405279;28,9174331835209;20,7618024470707
"Ta_Ne_Omotic";"r2";0,991856789745656;28,5899865750612;68,6216226763162;28,788162991404;21,8441075659233
"Ta_Ne_Omotic";"r2";0,993528460035879;31,1721156124141;67,7065169575706;31,3529789854099;21,3293462735154
"Ta_Ne_Omotic";"r2";0,993035313234487;29,7779620416436;70,4158223357457;29,9791395678521;20,9765475960613
"Ta_Ne_Omotic";"r2";0,994384348644214;30,7699597251836;69,5645913154534;30,9620123568186;20,8682579992426
"Ta_Ne_Omotic";"r2";0,993139215099366;28,2825028297665;69,2819887895558;28,4854705820427;21,0550667420536
"Ta_Ne_Omotic";"r2";0,993968566717101;30,763405196241;68,2264225911736;30,9488656783941;21,5543302213067
"Ta_Ne_Omotic";"r2";0,993454763145684;29,5182816078338;68,2868632042004;29,710205279103;21,5495326704156
"Ta_Ne_Omotic";"r2";0,994016601517177;30,6550975282319;70,7282354193274;30,8534793989799;21,6219061604866
"Ta_Ne_Omotic";"r2";0,992863565510913;26,8154860617547;71,0530154675749;27,0344837320806;20,516581594375
"Ta_Ne_Omotic";"r2";0,994146384007695;31,193819263471;68,7020966368668;31,3795038049235;21,5601947577966
"Ta_Ne_Omotic";"r2";0,993975185525227;28,9376661665219;69,621668795232;29,1390721201294;20,5770805091111
"Ta_Ne_Omotic";"r2";0,993011267771823;31,8581299849957;66,6003299276288;32,0301210738206;22,2985550178781
"Ta_Ne_Omotic";"r2";0,994303174090923;31,1243912711574;69,3685823754789;31,3137189498917;20,7628680341055
"Ta_Ne_Omotic";"r2";0,992540299506224;26,9262681302482;68,804452249184;27,1335858734113;21,2798499664604
"Ta_Ne_Omotic";"r2";0,99240618427721;29,3111426992024;67,5626507733787;29,5005066005597;22,3891645156714
"Ta_Ne_Omotic";"r2";0,993750389586232;30,8361762615494;69,1034943947779;31,0256184305258;20,5444993512111
"Ta_Ne_Omotic";"r2";0,994068485159526;29,2109689647003;70,8941145168157;29,4173211704039;20,2027183593544
"Ta_Ne_Omotic";"r2";0,992737903289037;28,4328621443049;71,6481091244501;28,6467990105433;21,0313828484072
"Ta_Ne_Omotic";"r2";0,994539228277416;31,3081418305299;67,7675393784589;31,4886338975988;22,0267777614507
"Ta_Ne_Omotic";"r2";0,992417422119412;28,7817920977125;69,7901766709238;28,9848039025304;20,6202638619022
"Ta_Ne_Omotic";"r2";0,993314172152291;30,2896759588302;67,9581240244076;30,4761534245014;21,4921488281244
"Ta_Ne_Omotic";"r2";0,994122983338015;29,5749822316986;68,4920427132113;29,7676409469537;21,4622646890941
"Ta_Ne_Omotic";"r2";0,993713962151027;30,6148227118376;69,9113984674329;30,8093602155782;21,0821542678511
"Ta_Ne_Omotic";"r2";0,993477754540864;29,9009450103977;70,6997090960693;30,1029190900298;20,8330366702119
"Ta_Ne_Omotic";"r2";0,993192668775073;28,8145910658348;69,7785795373918;29,0173830879713;20,8144160157848
"Ta_Ne_Omotic";"r2";0,994305948294614;31,144818236858;69,3070597417341;31,3337402245059;21,391948081771
"Ta_Ne_Omotic";"r2";0,993385337536848;27,8098396904367;71,2602490421456;28,0249407268313;21,4098081524386
"Ta_Ne_Omotic";"r2";0,992483333031973;28,5276790649925;67,3441854689939;28,7198399877846;22,4519726111928
"Ta_Ne_Omotic";"r2";0,994066540164107;29,6109136855406;71,5727295302966;29,8186454471483;20,1044547883426
"Ta_Ne_Omotic";"r2";0,995704916344612;31,2186554002474;72,6137327940968;31,4235815259596;20,1309802038729
"Ta_Ne_Omotic";"r2";0,993421689231319;30,053936665877;68,5748758336881;30,2446343845295;21,4656676756474
"Ta_Ne_Omotic";"r2";0,994178538964034;29,778435863013;67,9784411806442;29,967544800229;23,2001974046009
"Ta_Ne_Omotic";"r2";0,994453934276094;30,8442312248282;68,715208599404;31,031711310841;21,2721164247954
"Ta_Ne_Omotic";"r2";0,99385672092359;29,6244307562716;68,6920462608202;29,8178347934228;21,059497040139
"Ta_Ne_Omotic";"r2";0,993124958061185;29,7573902971913;68,1397616006811;29,9474020363175;21,8407741817009
"Ta_Ne_Omotic";"r2";0,994067394128921;29,9566058595909;71,2811338158081;30,1611827306613;20,2319485842769
"Ta_Ne_Omotic";"r2";0,992948455278138;29,3285424728211;66,1641797928196;29,5108971130191;22,4023698897048
"Ta_Ne_Omotic";"r2";0,992944141471717;29,6709837058096;71,2024159216688;29,876584855393;20,2244890703055
"Ta_Ne_Omotic";"r2";0,99297159769435;28,049488009687;67,5986270753512;28,2452758268438;21,5372206828641
"Ta_Ne_Omotic";"r2";0,993091224181321;28,4052620495407;68,1215446289201;28,6018773098346;21,3709821659615
"Ta_Ne_Omotic";"r2";0,994227016194136;31,8226986759325;68,9893500780474;32,0066919997054;21,5173801179167
"Ta_Ne_Omotic";"r2";0,994590707645812;30,2456763800047;69,2976160068114;30,4390028138008;20,6753408442056
"Ta_Ne_Omotic";"r2";0,994308475978616;30,2539945773777;66,6634915566908;30,4342396119287;22,411019181293
"Ta_Ne_Omotic";"r2";0,99438682634294;26,8766616652189;76,15417198808;27,1206097361241;18,5876329083297
"Ta_Ne_Omotic";"r2";0,992859385155114;28,7618126299718;68,8404817652902;28,960221883117;20,7177569258588
"Ta_Ne_Omotic";"r2";0,993813499593047;30,2365026718261;68,7632503192848;30,4272291453283;21,3671255946476
"Ta_Ne_Omotic";"r2";0,993949133492361;29,6865540024744;70,1360827302398;29,886799194196;21,5379067878006
"Ta_Ne_Omotic";"r2";0,992223597700622;30,399286635605;65,5750425713069;30,5734240412273;22,767188219954
"Ta_Ne_Omotic";"r2";0,993937655876243;31,0477901497802;67,1993827160494;31,2267584298112;21,9137666842355
"Ta_Ne_Omotic";"r2";0,993659902707919;31,4574613703967;68,4189868028948;31,6404392190724;21,1060329859761
"Ta_Ne_Omotic";"r2";0,993855318973821;31,8823080365369;68,3927522349936;32,0630528097966;21,461315182775
"Ta_Ne_Omotic";"r2";0,994193587109096;28,5068967332649;68,5386299134383;28,7050736301964;21,611937399198
"Ta_Ne_Omotic";"r2";0,993892098316183;30,7392797915186;64,4381438910174;30,9061058514171;24,047250686506
"Ta_Ne_Omotic";"r2";0,993031086510393;27,6439364026429;70,7602596849723;27,8573835476049;20,4458388366862
"Ta_Ne_Omotic";"r2";0,99366762313307;30,0669930769433;70,1850858521357;30,2655974966225;20,454979263396
"Ta_Ne_Omotic";"r2";0,994366121212239;29,0476058859143;69,1899886476515;29,2463305530517;21,0086172487226
"Ta_Ne_Omotic";"r2";0,992497701398732;28,5017505067256;71,25537817511;28,7134021288463;20,4622444344661
"Ta_Ne_Omotic";"r2";0,992853587910332;30,7798046803022;70,902486873847;30,9784318198742;21,9196985009442
"Ta_Ne_Omotic";"r2";0,993118939489232;29,1762352259865;68,8399318859089;29,3725901599465;21,7954980403968
"Ta_Ne_Omotic";"r2";0,993293559964432;28,2389770723104;68,6709167021428;28,4391351892898;21,5327364382532
"Ta_Ne_Omotic";"r2";0,993640457201254;27,8705809576456;71,9081275720165;28,0885886141524;19,7052125205019
"Ta_Ne_Omotic";"r2";0,992738509461676;30,5800758114191;66,7021640414361;30,7588980303796;21,9867686115399
"Ta_Ne_Omotic";"r2";0,993125856089044;28,0082918739635;67,4282425145452;28,2034401444614;22,4723030321952
"Ta_Ne_Omotic";"r2";0,993095348216602;30,220011055832;67,1642720306513;30,4029034368954;21,555845540329
"Ta_Ne_Omotic";"r2";0,991487905515815;29,5904998815447;67,2527245636441;29,7769465383867;22,0172874280645
"Ta_Ne_Omotic";"r2";0,994523023566098;30,6255889862855;72,1042855115652;30,8309290680938;19,6722152627288
"Ta_Ne_Omotic";"r2";0,993975511796492;30,5501855800363;66,4750886902228;30,7280316350373;21,8574044130917
"Ta_Ne_Omotic";"r2";0,992654152308828;29,253626049646;69,4103022562793;29,4524214764115;21,0596019921099
"Ta_Ne_Omotic";"r2";0,993439838513562;29,2527310537261;68,1977898396481;29,4455283744485;21,4428794126712
"Ta_Ne_Omotic";"r2";0,994646108611972;31,4210824185949;69,081619838229;31,6075207226525;21,4730346496602
"Ta_Ne_Omotic";"r2";0,99371113302581;29,2920713890863;69,7590180218533;29,4924028080604;20,852120322702
"Ta_Ne_Omotic";"r2";0,992347044186248;30,4229118955487;69,6110082304527;30,6169123724542;21,2079212155161
"Ta_Ne_Omotic";"r2";0,99203658506995;28,1754060385901;70,2313608627785;28,3836038347495;20,7696597575952
"Ta_Ne_Omotic";"r2";0,994586682363809;28,157848324515;69,8702391088406;28,3643453085958;21,3373305171962
"Ta_Ne_Omotic";"r2";0,992933281525036;31,3187370028166;68,7726231020292;31,5041522805355;21,5599235588702
"Ta_Ne_Omotic";"r2";0,992439045247169;31,1938061017663;67,1884667234284;31,3719974909825;21,2007763950271
"Ta_Ne_Omotic";"r2";0,992725003966825;32,0715470267709;63,8109621115368;32,2286728440222;22,9219371259905
"Ta_Ne_Omotic";"r2";0,993678436754028;30,0156624285978;71,3746345962821;30,2204098155665;19,5069792174205
"Ta_Ne_Omotic";"r2";0,993275806697025;30,7187080470663;69,1889101745424;30,9091545922518;20,8399618066777
"Ta_Ne_Omotic";"r2";0,992416927138226;30,1048066545579;66,8701291329644;30,2868132014807;22,0308220552286
"Ta_Ne_Omotic";"r2";0,994370302752228;31,7996656927005;67,5361288491557;31,9765788766434;21,6794941956365
"Ta_Ne_Omotic";"r2";0,993604673850752;30,2028350311932;69,6014332340003;30,3978775965537;21,3468766470788
"Ta_Ne_Omotic";"r2";0,992932603554609;30,1128221327226;65,7009010926635;30,2890007414352;24,2579478463331
"Ta_Ne_Omotic";"r2";0,99296445651363;29,5240201110848;67,4173513551866;29,711610859818;22,2107956333931
"Ta_Ne_Omotic";"r2";0,995222809079545;28,7791860801811;74,1625230594579;29,003856065227;18,9825352939917
"Ta_Ne_Omotic";"r2";0,994448328715696;28,5184658716997;70,9035085852136;28,728292815826;21,4172986055814
"Ta_Ne_Omotic";"r2";0,993791284310053;29,9523151438574;68,818859088974;30,1447237772491;21,9303191576932
"Ta_Ne_Omotic";"r2";0,992427460720386;31,9115270209798;62,1363771817795;32,0611549920728;23,4946241604744
"Ta_Ne_Omotic";"r2";0,991463898701182;29,5561346705625;62,0946679438059;29,7172165184499;24,7622301503779
"Ta_Ne_Omotic";"r2";0,993341273035285;28,3826502408592;70,0825244785015;28,5890852618376;21,8452430160126
"Ta_Ne_Omotic";"r2";0,993199805184764;29,3189607517966;68,0541081311196;29,5107189071398;21,0673134700162
"Ta_Ne_Omotic";"r2";0,993375664619057;28,802534944326;68,6533241095502;28,9998160788073;21,2258315720735
"Ta_Ne_Omotic";"r2";0,991918017830816;31,4919581984259;67,3809280544913;31,6696263660301;21,7350827105992
"Ta_Ne_Omotic";"r2";0,994075538903478;26,7772513095896;72,2881474386264;27,0025527755749;20,4379455942134
"Ta_Ne_Omotic";"r2";0,995250263706672;30,5266261286162;69,2467539378459;30,718309929652;21,606400379645
"Ta_Ne_Omotic";"r2";0,994210800195234;28,2784227013083;72,2966900808855;28,4963349160587;19,9557474557227
"Ta_Ne_Omotic";"r2";0,993649006943407;30,3338729632262;69,1022598268767;30,525795670472;21,3292044133371
"Ta_Ne_Omotic";"r2";0,993096736714919;28,6169549079997;67,0307329360011;28,8071221259601;21,8878929975404
"Ta_Ne_Omotic";"r2";0,99328939091776;30,9862723419937;65,7387718177948;31,1583144186066;22,8700030530951
"Ta_Ne_Omotic";"r2";0,992408356913586;30,9771381189292;66,0825067404569;31,1509270725011;22,7944548712257
"Ta_Ne_Omotic";"r2";0,993077735956849;27,2192608386638;66,3868490137647;27,4131597900257;22,5254574056246
"Ta_Ne_Omotic";"r2";0,993698976990691;30,050909473795;68,1520576131687;30,2395290190395;22,0668518662479
"Ta_Ne_Omotic";"r2";0,993997762518251;30,0742714996446;69,1839860933731;30,2678839481284;21,661894537545
"Ta_Ne_Omotic";"r2";0,994212651951633;28,5671510173998;71,8839435220661;28,7815905842546;21,2761131670899
"Ta_Ne_Omotic";"r2";0,993011873329608;27,3937060728105;68,2686923513552;27,5960574900311;21,3812001445124
"Ta_Ne_Omotic";"r2";0,994055946879209;27,978835978836;73,141975308642;28,2024158765083;21,0377818063545
"Ta_Ne_Omotic";"r2";0,993334155919537;30,2803969570139;69,8990811692919;30,4765290570747;21,7494207375937
"Ta_Ne_Omotic";"r2";0,993994952740875;29,558516939114;71,0539520363275;29,7639398851398;21,3986327860672
"Ta_Ne_Omotic";"r2";0,993394449791992;26,9136592171418;73,7001631900099;27,1452755734431;19,2851760278552
"Ta_Ne_Omotic";"r2";0,9938733048722;30,6985443154597;70,8596211153682;30,8973615273405;20,3994645154394
"Ta_Ne_Omotic";"r2";0,993895763472465;30,683368869936;68,6916773094934;30,8715288127061;21,4845278420941
"Ta_Ne_Omotic";"r2";0,994333398563568;29,3558793334913;69,7537533702285;29,5558688089207;21,3379274439064
"Ta_Ne_Omotic";"r2";0,992766479355352;28,7851614941167;67,1575989782886;28,9751240559195;22,1102940013666
"Ta_Ne_Omotic";"r2";0,99267196907224;30,7227750138198;65,4734248616433;30,8948079338585;22,5456927142932
"Ta_Ne_Omotic";"r2";0,992482741872028;28,602358577483;67,5545480346247;28,7951911985579;21,9243313667862
"Ta_Ne_Omotic";"r2";0,99401858082292;30,2741319855748;68,2225344118064;30,4619953639225;22,3084830267704
"Ta_Ne_Omotic";"r2";0,992711760684307;29,0267050988444;71,6431673052363;29,2376776840246;20,3460957110275
"Ta_Ne_Omotic";"r2";0,994553833536681;30,5238095238095;71,9765290194409;30,7290210064612;20,3876624172075
"Ta_Ne_Omotic";"r2";0,993089078960749;27,7384111190081;69,4933588761175;27,945118781172;20,6446720521614
"Ta_Ne_Omotic";"r2";0,993430160503936;31,9246887256837;65,0162586916418;32,0885083789806;22,3626086710953
"Ta_Ne_Omotic";"r2";0,993008844960995;29,2125746926742;68,474077621683;29,4069385685604;21,1227665002978
"Ta_Ne_Omotic";"r2";0,994363874270798;30,2601279317697;71,09044983681;30,4622582382303;22,9836968648006
"Ta_Ne_Omotic";"r2";0,994674930845406;31,873989839164;69,5876152972896;32,0606909552933;20,9392480330328
"Ta_Ne_Omotic";"r2";0,994744442464328;29,1498986548738;70,5840960692493;29,3550184440539;20,7441118084795
"Ta_Ne_Omotic";"r2";0,994583505582052;30,004356524257;66,7495210727969;30,1862632794478;21,524092431312
"Ta_Ne_Omotic";"r2";0,993297300073368;30,5923556819079;68,9128600823045;30,7820611492366;20,6858628935726
"Ta_Ne_Omotic";"r2";0,99384239611039;30,5394193055885;67,0459592734497;30,7201447509739;22,5970837754121
"Ta_Ne_Omotic";"r2";0,994744389279915;31,4901418831767;68,0215659145736;31,6709905169955;22,0488766550264
"Ta_Ne_Omotic";"r2";0,993020953070319;30,1413435468162;70,5403717894139;30,341338736136;20,6366005107405
"Ta_Ne_Omotic";"r2";0,993368182893728;28,8973387033089;66,6105293032496;29,0840376666749;23,0931145061893
"Ta_Ne_Omotic";"r2";0,993425486849877;28,5883808470873;65,6674258549737;28,7719404758392;22,183230994641
"Ta_Ne_Omotic";"r2";0,99351528910238;27,9763484166469;68,8196785866326;28,1785431204587;21,3669232626886
"Ta_Ne_Omotic";"r2";0,992590159686821;29,7809102634973;66,8915389527459;29,9646262471075;22,1711934270065
"Ta_Ne_Omotic";"r2";0,99313979656648;29,3398483771618;69,0955583936427;29,5366588227879;21,0247039566563
"Ta_Ne_Omotic";"r2";0,992945710056039;30,4249914448919;67,3426067830282;30,6077519168629;22,0649260758397
"Ta_Ne_Omotic";"r2";0,994147064484263;31,0876701150333;69,1446821342415;31,2760711646333;21,1291131849114
"Ta_Ne_Omotic";"r2";0,996129357984216;28,4437468740951;72,5992017879949;28,662338235055;21,3486056188045
"Ta_Ne_Omotic";"r2";0,992373748706595;29,2766458711732;71,1806548886051;29,4840914603684;20,1203041641669
"Ta_Ne_Omotic";"r2";0,994179212131863;29,929255837216;71,3644955300128;30,1343807861903;20,5007214731825
"Ta_Ne_Omotic";"r2";0,993633769305561;28,7833320171629;72,8177664254293;29,0013242667087;19,9939310291327
"Ta_Ne_Omotic";"r2";0,992811093275772;30,4169759667272;65,8291223215553;30,5922836219491;22,5123971533974
"Ta_Ne_Omotic";"r2";0,993017222664187;29,7754613177499;67,4698098481623;29,962067003544;21,645543231451
"Ta_Ne_Omotic";"r2";0,993366748935154;29,4661875806154;68,7950085142614;29,6608847139503;21,3403295002862
"Ta_Ne_Omotic";"r2";0,993385201207102;30,5210587275264;68,210994040017;30,707642565707;21,9007031395748
"Ta_Ne_Omotic";"r2";0,991563939889301;27,3080891837111;68,66649283383;27,5128337562364;21,5249365154779
"Ta_Ne_Omotic";"r2";0,992046475265757;29,0456579536182;69,0848659003831;29,2438718543447;21,5181567436108
"Ta_Ne_Omotic";"r2";0,99380241298252;29,2620232172471;70,1323151695757;29,4643513952289;21,8888784635517
"Ta_Ne_Omotic";"r2";0,992609400562338;31,9917344494459;65,318099900667;32,1567164566302;24,4666703609824
"Ta_Ne_Omotic";"r2";0,99344989143819;30,0777198662771;63,6628210586065;30,2439827434668;25,270175383056
"Ta_Ne_Omotic";"r2";0,994718626933839;29,7287109426413;72,5637789130126;29,9407657345738;19,9062056941221
"Ta_Ne_Omotic";"r2";0,993270278807139;30,2415041196136;68,1373847027104;30,4291074888368;22,6154778060628
"Ta_Ne_Omotic";"r2";0,993638284220763;31,1726684040117;70,8260607350646;31,3689723264426;20,8636673835682
"Ta_Ne_Omotic";"r2";0,993242485535013;28,8340967122062;67,9600361856109;29,0277894818765;21,7801747891269
"Ta_Ne_Omotic";"r2";0,993002995499489;30,0751928189739;67,618621399177;30,2610513763017;21,7617899306596
"Ta_Ne_Omotic";"r2";0,991822832390288;28,713917186554;66,96127784873;28,9032605561687;21,8716526604457
"Ta_Ne_Omotic";"r2";0,994544353519061;31,1709837058096;71,0440825883355;31,3683752844359;20,3947518609885
"Ta_Ne_Omotic";"r2";0,992499360521462;30,0520018952855;68,1878920107847;30,2407934305107;21,3678269697275
"Ta_Ne_Omotic";"r2";0,992923961532638;26,653978783332;69,5933837093799;26,8665500948471;20,7828889455615
"Ta_Ne_Omotic";"r2";0,994572067269283;29,2158387954408;70,3512629487725;29,4194795090711;20,3149931194292
"Ta_Ne_Omotic";"r2";0,994246044795009;30,5389454842191;69,8948453242514;30,733776671546;21,1993175547962
"Ta_Ne_Omotic";"r2";0,994917583354893;29,4441812103504;69,9370937987796;29,6446411736594;21,3667932175344
"Ta_Ne_Omotic";"r2";0,992931852560221;27,5214140935534;68,6744217397474;27,7251418541781;21,5277004819218
"Ta_Ne_Omotic";"r2";0,994030540492839;30,6097291321172;68,5421704271321;30,7975134949638;21,4840555377865
"Ta_Ne_Omotic";"r2";0,991931571655236;30,5296533206981;68,7105647793387;30,7186677338597;21,0248988825018
"Ta_Ne_Omotic";"r2";0,994363403263443;29,4325857485061;71,5505285937278;29,6410904160567;20,0337955654392
"Ta_Ne_Omotic";"r2";0,994300311520201;29,4515254415752;69,077689087555;29,6476945685355;20,6484281220539
"Ta_Ne_Omotic";"r2";0,993126310094429;29,4566848298192;68,3389562934582;29,6491713222134;22,6627010999152
"Ta_Ne_Omotic";"r2";0,99273023808552;28,6197583511016;70,613523485171;28,8276482775079;20,7762676081218
"Ta_Ne_Omotic";"r2";0,992803185811821;30,3685935402353;64,7119838229034;30,5386103238129;23,1896282326266
"Ta_Ne_Omotic";"r2";0,9947403145408;28,8135907762773;70,6183304952462;29,0205449333019;20,3813011446253
"Ta_Ne_Omotic";"r2";0,992683799570042;29,7421227197347;68,7008904498368;29,9349879065173;21,3034285411619
"Ta_Ne_Omotic";"r2";0,993511400727814;29,5521861591513;71,8815985525756;29,7617377056534;19,5966985802128
"Ta_Ne_Omotic";"r2";0,992325653066393;30,7015451841322;68,9519937562083;30,8909038404297;21,132905515234
"Ta_Ne_Omotic";"r2";0,993256049651973;29,5246255495012;69,8766425429261;29,7243880098647;20,6542352949372
"Ta_Ne_Omotic";"r2";0,993853235892339;30,4028402958751;66,6904782176813;30,5824820677652;22,3864704341122
"Ta_Ne_Omotic";"r2";0,993522518041253;28,7955724025376;70,1354760891159;29,000225391085;21,1676804200818
"Ta_Ne_Omotic";"r2";0,993957219683209;29,4589091579141;68,3459557258408;29,6514192894385;22,0975977698079
"Ta_Ne_Omotic";"r2";0,992689506653313;27,2947563768459;71,3795373917979;27,512997867019;20,7789979978986
"Ta_Ne_Omotic";"r2";0,995209794405767;33,0734423122483;66,2410600255428;33,2376384395418;22,502991130706
"Ta_Ne_Omotic";"r2";0,99327856896833;28,6863434151991;68,0164680005676;28,8810470022554;21,2739730674996
"Ta_Ne_Omotic";"r2";0,992475111647865;31,6827239464055;64,6798424861643;31,8460760183845;23,7366313326972
"Ta_Ne_Omotic";"r2";0,993916501203572;28,4369685961726;71,6820987654321;28,6510533989907;21,0816633648822
"Ta_Ne_Omotic";"r2";0,994378980782966;30,3812156150465;70,1077692635164;30,5778817222171;20,7603712709201
"Ta_Ne_Omotic";"r2";0,994264604594798;31,3055489747032;67,6301830566198;31,4853738959008;21,3514691175321
"Ta_Ne_Omotic";"r2";0,993265602873043;31,5844060122667;66,9531041577977;31,7594985773436;21,5176843131995
"Ta_Ne_Omotic";"r2";0,994118524788264;26,5660322724999;72,724560096495;26,7945398359851;19,8494345351576
"Ta_Ne_Omotic";"r2";0,99275763571593;31,7823843744242;64,8159784305378;31,9459170182663;24,1568299672623
"Ta_Ne_Omotic";"r2";0,995001129620993;30,6539129748085;68,8508230452675;30,8430065890187;20,8466169035163
"Ta_Ne_Omotic";"r2";0,993322839024689;31,2095211771829;68,956261529729;31,3963862284331;21,0751807155473
"Ta_Ne_Omotic";"r2";0,994129937616654;30,990260338519;69,6488186462324;31,1816393400424;21,4001798316025
"Ta_Ne_Omotic";"r2";0,993512256076158;27,4574745321014;70,3363275152547;27,6697460815229;20,3181847867456
"Ta_Ne_Omotic";"r2";0,993348436752612;28,1631261681013;68,9994501206187;28,3652861876682;21,474110072365
"Ta_Ne_Omotic";"r2";0,992417586398383;28,458382689726;68,4639456506315;28,6564300311166;21,1377697959941
"Ta_Ne_Omotic";"r2";0,994737199519133;30,3593408618284;68,1611501348091;30,5464785314966;21,7351018320437
"Ta_Ne_Omotic";"r2";0,993652575271854;30,2709731764458;67,31805732936;30,4543745831434;23,3435115152007
"Ta_Ne_Omotic";"r2";0,99319671654032;29,7397536128879;69,520185894707;29,9366864459663;21,9344523250619
"Ta_Ne_Omotic";"r2";0,992320024454604;28,969675432362;72,3277423016887;29,1843193277547;19,42829623362
"Ta_Ne_Omotic";"r2";0,992789993656602;30,5837742504409;68,3987299560096;30,7709770014586;21,4412905468378
"Ta_Ne_Omotic";"r2";0,993135398162593;31,5662033746611;67,7033631332482;31,7451002051491;21,9446460139772
"Ta_Ne_Omotic";"r2";0,99354895451425;30,7492432019795;70,9172236412658;30,9480945902928;20,6802411700904
"Ta_Ne_Omotic";"r2";0,993317892115952;31,1105714812182;67,815247623102;31,2922777987523;21,5211332370867
"Ta_Ne_Omotic";"r2";0,993924167385119;30,9167127326331;68,9212466297715;31,1048539895497;21,8712577597642
"Ta_Ne_Omotic";"r2";0,993314968815835;27,2229066308668;70,1359230878388;27,4353473063964;21,2722468050498
"Ta_Ne_Omotic";"r2";0,993763525592611;29,0660454342046;70,5664076912161;29,2714927721106;20,9735132967944
"Ta_Ne_Omotic";"r2";0,991848975888582;28,262826081234;68,2144884347949;28,4606065879348;21,0397596889247
"Ta_Ne_Omotic";"r2";0,993905551033591;30,0357208665666;68,5924861643252;30,2265959422981;22,0739573517085
"Ta_Ne_Omotic";"r2";0,993460860958078;29,9380873410724;69,4093585923088;30,1334896739993;20,8355427777939
"Ta_Ne_Omotic";"r2";0,992492161504877;30,3242254336782;69,0516957570597;30,5159455837939;21,5584733188207
"Ta_Ne_Omotic";"r2";0,993848258303413;29,4317302377004;69,7077692635164;29,6311165695114;20,8791710647229
"Ta_Ne_Omotic";"r2";0,993547311423148;31,6058464292295;67,7270647083865;31,7846643415026;23,0191670823474
"Ta_Ne_Omotic";"r2";0,993716630729048;29,5874463660533;71,7829998580956;29,7963352447268;20,8534491205633
"Ta_Ne_Omotic";"r2";0,993466375862721;28,1648766748269;69,4457499645239;28,3692374336868;21,4786476007448
"Ta_Ne_Omotic";"r2";0,993709364025061;28,0329700702835;70,9835107137789;28,2455965091127;20,4244238953693
"Ta_Ne_Omotic";"r2";0,993857449537905;32,0505935928822;67,5721796509153;32,226443028813;21,6055061463928
"Ta_Ne_Omotic";"r2";0,993683262629792;29,7456105714812;71,8826060735065;29,954209559115;20,9856646970827
"Ta_Ne_Omotic";"r2";0,991902145877214;28,3299112901103;69,5031360862778;28,5337391356359;21,2244271311345
"Ta_Ne_Omotic";"r2";0,994106505884534;29,85637947827;68,7213140343408;30,0487801443892;21,255666337484
"Ta_Ne_Omotic";"r2";0,993638928854096;28,3158940746005;70,5646587200227;28,5250463748254;21,3587762820882
"Ta_Ne_Omotic";"r2";0,993563450373458;28,499513016926;70,9748261671633;28,7097868444024;20,0866035205524
"Ta_Ne_Omotic";"r2";0,992828332156406;31,0678880728632;67,7284802043423;31,249376152722;21,7455160879876
"Ta_Ne_Omotic";"r2";0,993610901407674;30,2676432651557;67,1175571165035;30,4500685812515;21,6719913267088
"Ta_Ne_Omotic";"r2";0,993496244230886;29,6053594461555;64,1862104441606;29,7765517778288;23,2891683647356
"Ta_Ne_Omotic";"r2";0,994583199770914;28,6265103056148;71,9522988505747;28,8409944073225;19,8456222302782
"Ta_Ne_Omotic";"r2";0,994483984154586;30,5233620258496;68,5509968781042;30,7116176439301;21,6248146437316
"Ta_Ne_Omotic";"r2";0,993210410865111;29,5325094106189;70,8755144032922;29,7371777521667;20,6221096569389
"Ta_Ne_Omotic";"r2";0,993858717672724;30,3228434546843;70,5202320136228;30,5218404277483;20,5557832803975
"Ta_Ne_Omotic";"r2";0,994285104439313;32,0375503435205;68,8167376188449;32,2196255280518;21,2388087160895
"Ta_Ne_Omotic";"r2";0,992972504966702;32,5684145410514;65,604736057897;32,7319606871744;23,7435423193807
"Ta_Ne_Omotic";"r2";0,992759371295034;31,0935665587407;67,9368844898538;31,275959221766;21,3562957599553
"Ta_Ne_Omotic";"r2";0,995343567888359;30,9934323093527;68,4724279835391;31,1789718918982;21,5972410396934
"Ta_Ne_Omotic";"r2";0,994796198806403;30,883861117692;69,7123492266213;31,076081355855;20,6701738471778
"Ta_Ne_Omotic";"r2";0,992902151984861;30,4900497512438;67,0984603377324;30,6712795066224;23,1840540755451
"Ta_Ne_Omotic";"r2";0,993603362805802;30,1926873568665;71,458145310061;30,3969718021793;20,6799998643295
"Ta_Ne_Omotic";"r2";0,993576232815964;28,5743504698729;70,8750709521782;28,783759977211;20,3141873977833
"Ta_Ne_Omotic";"r2";0,993068006991992;29,4382452815289;69,5150241237406;29,6366451767873;20,9097779476787
"Ta_Ne_Omotic";"r2";0,993211899226137;30,2532706836189;67,9113594437349;30,4396968655997;23,8767749907074
"Ta_Ne_Omotic";"r2";0,992893313085235;30,4189502224328;68,9979778629204;30,6099355077818;20,8233423082312
"Ta_Ne_Omotic";"r2";0,992783456116026;29,7288952065072;68,4975308641975;29,9208191454066;20,9396467060645
"Ta_Ne_Omotic";"r2";0,993069174388519;29,8180657558767;68,5226479352916;30,009672598349;21,2875001651562
"Ta_Ne_Omotic";"r2";0,994037471498452;30,453802416489;70,2276926351639;30,6507028631161;22,293734325383
"Ta_Ne_Omotic";"r2";0,993291295598154;29,9337571402248;65,6030864197531;30,1103379782423;23,34073404049
"Ta_Ne_Omotic";"r2";0,992719910025197;28,7366079654637;66,5058925784022;28,9235846219634;21,9758336851637
"Ta_Ne_Omotic";"r2";0,994275396945243;30,7341730500934;71,5733326238116;30,9363471073891;19,8982995108412
"Ta_Ne_Omotic";"r2";0,993323054717519;28,7994551054253;68,9785972754364;28,9983617498313;20,7663938611253
"Ta_Ne_Omotic";"r2";0,994161388711613;30,9085787991261;68,5587164750958;31,0949656193041;21,6709093707739
"Ta_Ne_Omotic";"r2";0,993971410258241;28,8419016030956;67,6923513551866;29,0342305622644;22,7965496352057
"Ta_Ne_Omotic";"r2";0,992454568486737;28,9776382637079;69,6082978572442;29,1787801428838;20,6246141640722
"Ta_Ne_Omotic";"r2";0,994075642827387;30,5711521756298;72,0965446289201;30,7767234253986;20,2112244988854
"Ta_Ne_Omotic";"r2";0,992789744087509;26,7745531601253;70,3043245352632;26,990047077824;21,8728231619004
"Ta_Ne_Omotic";"r2";0,993167051521585;32,1912132459396;68,9048531289911;32,37296393843;21,2542424237648
"Ta_Ne_Omotic";"r2";0,991962511334866;30,9043538919161;62,7418298566766;31,0619651590684;24,3971249653758
"Ta_Ne_Omotic";"r2";0,992680892817805;31,2409908131301;69,2157159074784;31,428984501716;21,2035278385784
"Ta_Ne_Omotic";"r2";0,993449808035871;26,9826002263813;68,0566659571449;27,1859371854445;21,5697770257765
"Ta_Ne_Omotic";"r2";0,992292584615105;31,0425781147174;65,8171030225628;31,2147292281226;22,7258308511257
"Ta_Ne_Omotic";"r2";0,993978730109055;30,4206085972255;70,5430786150135;30,6192346864225;20,8783311291316
"Ta_Ne_Omotic";"r2";0,994628626492877;31,4736502671826;70,3097062579821;31,6659079701074;21,2008832422638
"Ta_Ne_Omotic";"r2";0,995272148965147;26,5976072020848;73,5521179225202;26,8300552749583;19,6621065991881
"Ta_Ne_Omotic";"r2";0,992592921953414;32,4894706362368;66,4190825883355;32,6574390122373;22,6130867956384
"Ta_Ne_Omotic";"r2";0,99268191704428;31,3578535891969;65,5685114233007;31,5272132814449;24,7399545277875
"Ta_Ne_Omotic";"r2";0,993732713856109;27,383058253705;70,356218958422;27,5957966730353;22,3260007807172
"Ta_Ne_Omotic";"r2";0,992609718202692;29,3609860749164;66,418096353058;29,5444371158973;22,2343586684438
"Ta_Ne_Omotic";"r2";0,993769262234783;28,2005975413936;70,1261281396339;28,408149673068;20,5345668596297
"Ta_Ne_Omotic";"r2";0,993400136113565;31,2345415778252;66,2621895842202;31,4079457758766;22,0603243948842
"Ta_Ne_Omotic";"r2";0,993081257901917;29,584261233515;67,5718603661132;29,7723186549635;21,7510062694146
"Ta_Ne_Omotic";"r2";0,992043907073657;27,9488799389297;70,4131722718887;28,1590992079047;20,4795171424882
"Ta_Ne_Omotic";"r2";0,9937439438506;29,8601963726342;67,7401447424436;30,0477208695144;21,6692193920464
"Ta_Ne_Omotic";"r2";0,993144073401753;29,6334728474032;69,7588335461899;29,8321132469021;21,9545416963038
"Ta_Ne_Omotic";"r2";0,993788196357678;30,2612335149649;69,6240740740741;30,4560990622872;20,346453505877
"Ta_Ne_Omotic";"r2";0,993591332974491;30,6507936507937;64,0758053072229;30,8162640055284;23,4592403993659
"Ta_Ne_Omotic";"r2";0,992282096806689;29,7505462107452;70,0765396622676;29,9501798416933;20,4794178542725
"Ta_Ne_Omotic";"r2";0,992102954346571;25,8952065071468;68,3278309919115;26,1052690045961;21,9306028182636
"Ta_Ne_Omotic";"r2";0,991513703495223;26,9955908289242;68,7664786433944;27,2023774022631;21,5048696134632
"Ta_Ne_Omotic";"r2";0,994611146272527;29,5242438600648;70,9133461047254;29,7291404058304;20,1908388404173
"Ta_Ne_Omotic";"r2";0,994706916278552;31,337439785201;69,832503192848;31,5280094060309;20,9948142430049
"Ta_Ne_Omotic";"r2";0,993572758244557;29,0546079128169;67,6914005959983;29,2458791637237;21,5521699036018
"Ta_Ne_Omotic";"r2";0,992887176936801;29,0789965516334;66,7251277139208;29,2653635375853;23,072236598319
"Ta_Ne_Omotic";"r2";0,99332653374493;28,5401300376425;70,7125053214134;28,7489041727106;20,5528998293681
"Ta_Ne_Omotic";"r2";0,994112454370745;30,1512016636395;71,5074748119767;30,3559356891263;20,8199980579474
"Ta_Ne_Omotic";"r2";0,993516841392028;27,9171733922978;71,0281999432383;28,1305943158173;20,4046092681
"Ta_Ne_Omotic";"r2";0,993047523597946;28,3416383690016;70,6682098765432;28,5511758517122;20,7637842327515
"Ta_Ne_Omotic";"r2";0,992439488423458;29,400313248572;67,4386724847453;29,5886219576619;21,265224561173
"Ta_Ne_Omotic";"r2";0,992521368971498;26,5450788386112;71,0945721583653;26,7656208847486;21,403107607432
"Ta_Ne_Omotic";"r2";0,992496173455614;30,3132617336597;68,0958563927912;30,5003042814772;21,5497914471575
"Ta_Ne_Omotic";"r2";0,993173573570985;30,861407249467;67,4356641123883;31,0424679270062;21,4544745115938
"Ta_Ne_Omotic";"r2";0,992489704637706;30,1690884203322;71,3093763303533;30,372753211966;20,6357036599115
"Ta_Ne_Omotic";"r2";0,993400191881708;32,1096370001843;67,7183340428551;32,2859176786133;21,6231074677174
"Ta_Ne_Omotic";"r2";0,992842646015203;29,1733528126563;71,0174187597559;29,3805016539786;20,7449817686268
"Ta_Ne_Omotic";"r2";0,993056896578518;29,0650714680565;68,692294593444;29,2612458399644;22,0039146889077
"Ta_Ne_Omotic";"r2";0,993380582423863;29,8830450920003;69,8865439193983;30,0810822149082;21,2592754891827
"Ta_Ne_Omotic";"r2";0,994363833084229;29,5925531074785;72,0788668937136;29,802881393549;20,5674996054147
"Ta_Ne_Omotic";"r2";0,993538051173351;31,6018189475901;68,2159145735774;31,7830768467286;21,2436104075205
"Ta_Ne_Omotic";"r2";0,992855716459244;29,6613098528521;70,1031396338868;29,8615169309761;21,650823569484
"Ta_Ne_Omotic";"r2";0,99170745939439;28,4626339203454;68,0893713637009;28,6588058878867;21,3176847086851
"Ta_Ne_Omotic";"r2";0,994523671909106;31,2153518123667;68,5270930892578;31,4000634028464;20,977974320886
"Ta_Ne_Omotic";"r2";0,994338840194642;28,7772513095896;70,4197850149;28,9834024665466;20,8317169943421
"Ta_Ne_Omotic";"r2";0,994183136364868;29,1377898865461;69,8188448985384;29,3391812479916;20,75553970908
"Ta_Ne_Omotic";"r2";0,994425790879887;31,6584800863408;68,4427699730382;31,8405805313244;21,3191808276921
"Ta_Ne_Omotic";"r2";0,99312474559959;27,9841006607176;72,5314353625656;28,2046320206277;20,0473628334874
"Ta_Ne_Omotic";"r2";0,9917765961917;28,7040327463213;70,1702781325387;28,9093111888273;20,5054254578504
"Ta_Ne_Omotic";"r2";0,993720327137223;30,9008528784648;67,9234213140343;31,0841329202251;21,1262436385156
"Ta_Ne_Omotic";"r2";0,992824498537447;28,7280002105873;68,7655775507308;28,9262060390038;21,0419531241814
"Ta_Ne_Omotic";"r2";0,99254490506332;30,4263997472953;65,9314531006102;30,6021673381533;22,3274774183979
"Ta_Ne_Omotic";"r2";0,992965264474922;29,4599884176999;68,5610082304527;29,6535578227135;21,6453436082351
"Ta_Ne_Omotic";"r2";0,993234869896952;29,3392692621548;70,2162551440329;29,5416305784018;21,0366133538802
"Ta_Ne_Omotic";"r2";0,992260233728681;29,6595330227171;68,2266212572726;29,8504592020961;23,624697667076
"Ta_Ne_Omotic";"r2";0,992827354955711;27,1283792676827;73,5705725840783;27,3582911157837;19,2658843505489
"Ta_Ne_Omotic";"r2";0,993492994654864;30,6669825475796;67,1144919824039;30,8474157626034;21,4424388520078
"Ta_Ne_Omotic";"r2";0,994110588205447;31,4882860828134;66,2686746133106;31,6604662240535;22,3691151299687
"Ta_Ne_Omotic";"r2";0,993811825892747;31,9286240753902;68,8836632609621;32,1115698139327;21,0486597370904
"Ta_Ne_Omotic";"r2";0,992881987602929;29,9857195503962;65,2413260962112;30,1602522560685;22,2425133642533
"Ta_Ne_Omotic";"r2";0,994559297177587;32,4256758535366;68,2766283524904;32,6031558164027;21,5853600968646
"Ta_Ne_Omotic";"r2";0,993417025124646;32,2109952881097;65,7337980701008;32,3769497573275;23,0007503336695
"Ta_Ne_Omotic";"r2";0,994261560717488;30,3760957119166;66,3401979565773;30,5541358220387;23,3004938618859
"Ta_Ne_Omotic";"r2";0,993219971365675;28,6486219695175;69,1345572584078;28,8490473917397;21,259386711157
"Ta_Ne_Omotic";"r2";0,992098964194835;30,2336070967912;69,5900702426565;30,4284410727608;21,3634896344736
"Ta_Ne_Omotic";"r2";0,993178096522096;31,5417226039117;68,4778593727827;31,7245747661338;21,7486950526676
"Ta_Ne_Omotic";"r2";0,991752246810627;27,8986548737793;68,8596672342841;28,1014321626926;21,2128361403775
"Ta_Ne_Omotic";"r2";0,994021907933582;29,2535865645318;67,6922484745282;29,4438769700269;21,239351047795
"Ta_Ne_Omotic";"r2";0,993270347897731;31,4618968648819;65,2634738186462;31,629231404257;22,7250241948188
"Ta_Ne_Omotic";"r2";0,994378193670428;29,5775750875253;73,0026997303817;29,7925509520939;19,9273909171846
"Ta_Ne_Omotic";"r2";0,993439866702485;29,7350285608992;66,0983858379452;29,9150451810826;22,660892806229
"Ta_Ne_Omotic";"r2";0,99216630361727;28,5310484613967;65,264325244785;28,712896366265;23,1429115288731
"Ta_Ne_Omotic";"r2";0,99379419401412;30,5023954302561;68,3807577692635;30,6899120754987;20,9938983667832
"Ta_Ne_Omotic";"r2";0,993750191512846;26,677143383611;72,107222931744;26,9020447675127;20,2531812672875
"Ta_Ne_Omotic";"r2";0,992789838090978;28,1169549079997;63,013282247765;28,2897090037411;23,1981477637663
"Ta_Ne_Omotic";"r2";0,994310951282073;30,4173181710495;68,1267276855399;30,6039984161708;22,1738353291596
"Ta_Ne_Omotic";"r2";0,994259246805937;28,5817736713259;71,066010359018;28,7920916747303;20,1065153247087
"Ta_Ne_Omotic";"r2";0,993421919711997;31,2593645528969;68,6244572158365;31,4443402591491;21,3074147923509
"Ta_Ne_Omotic";"r2";0,995077734878211;29,8146437126537;70,9241805023414;30,0181562710185;20,3038733543994
"Ta_Ne_Omotic";"r2";0,994406380956924;28,3960225328385;72,9602100184476;28,6166373223712;20,1178340341775
"Ta_Ne_Omotic";"r2";0,994612461963808;29,8124851930822;69,8705512984249;30,0107924510294;21,0522227152243
"Ta_Ne_Omotic";"r2";0,992334039161779;30,9105135697176;65,8339754505463;31,0834019948702;22,855710265159
"Ta_Ne_Omotic";"r2";0,993106420039468;29,5607281055042;68,114367816092;29,7515877080319;21,4520745043604
"Ta_Ne_Omotic";"r2";0,995192477517495;30,145397351865;71,511036611324;30,3501777442386;20,3958231523665
"Ta_Ne_Omotic";"r2";0,99293200776131;29,5507515333386;67,8191535405137;29,7401990680276;22,2639036690263
"Ta_Ne_Omotic";"r2";0,993407921430007;28,9664639764142;70,0039875124166;29,1696200335231;20,9018561157246
"Ta_Ne_Omotic";"r2";0,992847044926265;29,036326304983;67,8666099049241;29,2285554317154;21,0979800452815
"Ta_Ne_Omotic";"r2";0,993300639925804;30,5639922082708;66,9586029516106;30,7441635485844;22,8779820072736
"Ta_Ne_Omotic";"r2";0,99339651831042;32,5155834583695;67,0886547467007;32,6867372766286;22,0618786434059
"Ta_Ne_Omotic";"r2";0,993321314832404;30,3591171128485;72,4556406981694;30,567515744459;20,1109252053315
"Ta_Ne_Omotic";"r2";0,992169774448624;31,0758640659138;67,200840783312;31,2547005843168;21,7445211730989
"Ta_Ne_Omotic";"r2";0,993751931408246;30,1838953381242;68,9362813963389;30,3757388334619;21,8081388725832
"Ta_Ne_Omotic";"r2";0,993953463657483;29,0076337887283;73,5241875975592;29,22801276798;20,0968917129842
"Ta_Ne_Omotic";"r2";0,993131414124814;30,95931717076;67,8276607066837;31,141833722918;21,2032206233508
"Ta_Ne_Omotic";"r2";0,994783619378477;32,7505462107452;69,1367532283241;32,930675948456;20,8411281338704
"Ta_Ne_Omotic";"r2";0,994958100943716;30,5366553476006;70,2190683978998;30,7331029369585;23,0483389174576
"Ta_Ne_Omotic";"r2";0,995150855819438;29,3633815051726;71,5154462892011;29,5720550932123;20,5932858011333
"Ta_Ne_Omotic";"r2";0,992622223614677;29,3243044039064;67,54739250745;29,5135276123398;22,1517126597541
"Ta_Ne_Omotic";"r2";0,993430115391719;30,6439100792335;66,1223960550589;30,8195461484207;22,9649521152475
"Ta_Ne_Omotic";"r2";0,994152402327538;27,3478243702124;73,6909677877111;27,5772458722793;19,2607355032912
"Ta_Ne_Omotic";"r2";0,992570861151641;28,9387191028982;68,1090499503335;29,1326316318459;21,2307767363437
"Ta_Ne_Omotic";"r2";0,992804366497614;29,394798494301;67,7936888037463;29,5848920106844;21,334249469964
"Ta_Ne_Omotic";"r2";0,993263597833643;29,0797862539156;66,5492514545196;29,2652786558988;22,1201540260264
"Ta_Ne_Omotic";"r2";0,993687588223676;32,3935612940588;65,2744004540939;32,5563377255441;23,2824534406025
"Ta_Ne_Omotic";"r2";0,99275681496992;30,5668351364869;68,5008230452675;30,7546271558373;20,8745179444046
"Ta_Ne_Omotic";"r2";0,993780025530441;27,4921687857011;70,3686923513552;27,7044288033529;22,7194959879422
"Ta_Ne_Omotic";"r2";0,994159965828288;30,3164600279028;70,6813963388676;30,5162864452838;21,2922704917623
"Ta_Ne_Omotic";"r2";0,993003075564329;30,9334412593119;66,9996062154108;31,1119866303817;21,5292371730228
"Ta_Ne_Omotic";"r2";0,992454038189688;29,013517070731;63,8862423726408;29,1861543247009;22,7201408343078
"Ta_Ne_Omotic";"r2";0,992718662229473;28,8638816499513;68,6098197814673;29,0606437199093;21,321240965009
"Ta_Ne_Omotic";"r2";0,994404567857156;27,7470320355893;72,6628494394778;27,9693875672917;20,054379667431
"Ta_Ne_Omotic";"r2";0,993379462319998;29,6673510753113;66,3211295586775;29,8488054242388;23,4000035550143
"Ta_Ne_Omotic";"r2";0,993956865597698;28,043262523362;72,5901766709238;28,2637918013203;20,1799989234165
"Ta_Ne_Omotic";"r2";0,99313292219865;29,741082945063;72,3700901092663;29,9521176339947;19,998439556806
"Ta_Ne_Omotic";"r2";0,993557052717751;30,2435968306615;72,2774052788421;30,4516849912961;20,194447509816
"Ta_Ne_Omotic";"r2";0,994492028612223;31,9208323462055;67,8405810983397;32,0986528845824;21,6033894528737
"Ta_Ne_Omotic";"r2";0,993286189285952;30,3657506120193;67,3762310202923;30,5489708120602;21,7299495293655
"Ta_Ne_Omotic";"r2";0,994194126819047;29,7897944141725;69,3307755073081;29,9855418453267;20,9889250922418
"Ta_Ne_Omotic";"r2";0,993475632909837;31,6583747927031;68,2386973180077;31,839465498274;21,4833534547753
"Ta_Ne_Omotic";"r2";0,992103886154661;29,7444523414673;65,8186781609195;29,9230376178012;23,2184060471843
"Ta_Ne_Omotic";"r2";0,993031187789693;29,2154571060044;69,7067936710657;29,4159092672175;21,3371632271117
"Ta_Ne_Omotic";"r2";0,993697622450477;29,9506041222459;68,9866716333191;30,1438519812116;22,1364568086417
"Ta_Ne_Omotic";"r2";0,993180224699203;28,4896022532838;70,4487654320988;28,6973208828819;20,5834174815993
"Ta_Ne_Omotic";"r2";0,993680300968004;30,2158782805549;69,3933269476373;30,4098260462335;21,3820344259643
"Ta_Ne_Omotic";"r2";0,992831728472324;30,0197293953513;67,6398786717752;30,2059677581059;21,8191216401664
"Ta_Ne_Omotic";"r2";0,993753089965507;26,8683039827318;73,2998048815099;27,0981628980723;19,5537314624237
"Ta_Ne_Omotic";"r2";0,993708703267326;28,4861012398326;70,3133531999432;28,6931668435955;20,7432461280224
"Ta_Ne_Omotic";"r2";0,994582215157502;31,0759035510279;66,8741805023414;31,2531227438562;21,5821736370935
"Ta_Ne_Omotic";"r2";0,995053306477229;29,166561373029;72,9116858237548;29,3831213950623;19,7505181202622
"Ta_Ne_Omotic";"r2";0,993666915520222;30,0368396114665;70,400681140911;30,236660609137;20,9828747445185
"Ta_Ne_Omotic";"r2";0,994160532090467;30,1623233041144;69,8590464027246;30,3588417352956;21,1364720998964
"Ta_Ne_Omotic";"r2";0,993013336301563;27,3515622943484;72,5127394636015;27,5751324783546;19,8732907299306
"Ta_Ne_Omotic";"r2";0,994317158603468;30,7449656479507;69,0860224208883;30,9347728596979;20,8054535085253
"Ta_Ne_Omotic";"r2";0,9942687911301;28,0335886704046;70,5424826167163;28,2440287394457;20,5220730459832
"Ta_Ne_Omotic";"r2";0,993616163856228;27,8607623259365;72,1484284092522;28,080008197636;20,5807024373023
"Ta_Ne_Omotic";"r2";0,993038401991262;28,8741477796204;73,4746700723712;29,094942444436;19,4611023291092
"Ta_Ne_Omotic";"r2";0,992805917713092;29,3724104345995;66,7244749538811;29,557321645091;21,6788070986116
"Ta_Ne_Omotic";"r2";0,993223755344638;26,8432967437943;72,8801050092238;27,0712017352073;19,7840338536891
"Ta_Ne_Omotic";"r2";0,993521175445967;28,4523283055621;67,4408826450972;28,6453409508074;21,9679638850709
"Ta_Ne_Omotic";"r2";0,994683697987914;29,882347521651;68,3500886902228;30,0727818838717;22,0517223611374
"Ta_Ne_Omotic";"r2";0,992560172700672;29,2176419489852;68,2685539946076;29,4109632957457;21,2165710733665
"Ta_Ne_Omotic";"r2";0,993354586620409;28,4556450551475;70,4998297147722;28,6637845831655;20,559420765742
"Ta_Ne_Omotic";"r2";0,992887825192724;30,1761957408724;65,1687597559245;30,3494262557984;22,5123400735389
"Ta_Ne_Omotic";"r2";0,992559904585681;28,1052541525178;68,1832765715907;28,3036602040974;22,0340219094967
"Ta_Ne_Omotic";"r2";0,994130419252392;29,2591276422122;72,2247906910742;29,4718289444343;21,0565140733351
"Ta_Ne_Omotic";"r2";0,993256422211977;31,1348943115112;68,0585781183482;31,3176848254065;21,3764391286549
"Ta_Ne_Omotic";"r2";0,993435681246729;28,732725262576;69,4149815524337;28,9341225709416;20,6827003272897
"Ta_Ne_Omotic";"r2";0,994850305019369;30,2110742583379;72,4493720732226;30,42017474257;20,1066577078533
"Ta_Ne_Omotic";"r2";0,994041649083217;27,5243754771118;72,2502164041436;27,745790531206;19,9875182812561
"Ta_Ne_Omotic";"r2";0,99379442703822;29,5377214456816;71,2387363417057;29,7441621134837;21,1577923026548
"Ta_Ne_Omotic";"r2";0,995096672208438;29,4958935481324;73,4517560664112;29,7134968279258;19,5902222736139
"Ta_Ne_Omotic";"r2";0,994156136096434;29,4419700439601;68,8110188732794;29,6368663252934;21,376420471068
"Ta_Ne_Omotic";"r2";0,993848694081894;30,8492853194346;67,176766709238;31,0291243362158;22,4502860004116
"Ta_Ne_Omotic";"r2";0,994885549644424;29,6220484877201;67,2060522208032;29,8081079121413;22,0194268072599
"Ta_Ne_Omotic";"r2";0,99363190349183;32,624233330701;67,1068043138924;32,7949391276475;22,5013677017873
"Ta_Ne_Omotic";"r2";0,993506481962339;32,7692884782437;66,0561586490705;32,9340749642379;22,1661062617289
"Ta_Ne_Omotic";"r2";0,991707451307363;30,24966437653;63,8495565488861;30,4160004763932;23,7342860834437
"Ta_Ne_Omotic";"r2";0,994140619625705;29,5539103424676;72,225400879807;29,7651553451276;20,4569142376667
"Ta_Ne_Omotic";"r2";0,99276575604674;28,0240464344942;68,6192528735632;28,2250128030044;20,4863894659354
"Ta_Ne_Omotic";"r2";0,993039253585237;28,3942457027034;69,3945153966227;28,5972173348515;20,9153424081745
"Ta_Ne_Omotic";"r2";0,994231955532482;28,7836742214852;72,6496523343267;29,0008325289745;20,0266069403341
"Ta_Ne_Omotic";"r2";0,992403722049529;29,3844797178131;66,7292890591741;29,5693550115822;22,18493552866
"Ta_Ne_Omotic";"r2";0,993332848319886;29,6147832267235;70,959472115794;29,8194599043922;20,4727696449491
"Ta_Ne_Omotic";"r2";0,994085833638772;30,4634104609229;73,4325386689371;30,6761289173982;19,8607238672902
"Ta_Ne_Omotic";"r2";0,992688187861684;28,8756745373661;67,8846956151554;29,0687885030977;21,8299777897329
"Ta_Ne_Omotic";"r2";0,995758397679801;32,8755165969096;71,363523485171;33,0660512844753;20,5273367346218
"Ta_Ne_Omotic";"r2";0,993335689867563;28,3033246466082;72,1777423016887;28,5205247340096;19,7169851722464
"Ta_Ne_Omotic";"r2";0,992788578247649;31,1247597988892;67,2517028522776;31,3036060516287;22,1822540952844
"Ta_Ne_Omotic";"r2";0,993276760329773;30,3527731711811;70,9649141478643;30,553823374036;21,8565778766084
"Ta_Ne_Omotic";"r2";0,992967964308405;30,7715786148622;63,5646161487158;30,9339203848318;23,7689993535659
"Ta_Ne_Omotic";"r2";0,99344621321499;32,1479375608729;67,0705406555981;32,3208217346092;22,3542648011524
"Ta_Ne_Omotic";"r2";0,993935298529214;30,0489747032036;68,3918795232014;30,2387910636986;21,1135754631198
"Ta_Ne_Omotic";"r2";0,992524281932634;31,1748927321067;67,0936958989641;31,3527085893683;22,028522368309
"Ta_Ne_Omotic";"r2";0,992760358331961;31,0957382400168;66,9676635447708;31,2733220286542;21,8425512670425
"Ta_Ne_Omotic";"r2";0,994502444198716;31,5230987917555;70,1736554562225;31,7144381811836;20,8438687512511
"Ta_Ne_Omotic";"r2";0,994991772851882;29,0430124509727;70,5698027529445;29,2485906207844;20,7788262169777
"Ta_Ne_Omotic";"r2";0,993791246133492;29,2783700544895;69,8143855541365;29,4790433985471;20,92179439614
"Ta_Ne_Omotic";"r2";0,9944637908516;30,7483745294691;66,915893287924;30,9274216520357;22,7301619727169
"Ta_Ne_Omotic";"r2";0,993499470895893;30,1289847060991;67,875;30,3158461679501;21,4468309929562
"Ta_Ne_Omotic";"r2";0,992812686787493;29,8953249624891;67,435955016319;30,0811696657259;22,0254756913353
"Ta_Ne_Omotic";"r2";0,994665426920158;32,1784463923767;70,0792003689513;32,3660738873103;20,5507887515244
"Ta_Ne_Omotic";"r2";0,992266265420165;29,6472531522283;69,0776039449411;29,8424529086278;21,4089667687552
"Ta_Ne_Omotic";"r2";0,992609174034219;30,9507620627024;69,6383709379878;31,1422848789166;21,5485770857582
"Ta_Ne_Omotic";"r2";0,994312027898993;29,2372923741083;68,1605647793387;29,4299818414609;22,37590316191
"Ta_Ne_Omotic";"r2";0,992333626337656;30,3259759404038;68,5446040868455;30,5151770698416;21,3446904655529
"Ta_Ne_Omotic";"r2";0,993731193811896;28,8489826002264;70,2827373350362;29,0541001979235;20,6103664390869
"Ta_Ne_Omotic";"r2";0,993784810078402;30,9880886572429;67,4668724279835;31,1686766957119;23,1947342496634
"Ta_Ne_Omotic";"r2";0,993738939457653;28,9384427070994;72,2105434936853;29,1526610278251;19,7227177423436
"Ta_Ne_Omotic";"r2";0,993678874784641;30,5976993340177;69,0621044416064;30,788117181085;22,2305329761651
"Ta_Ne_Omotic";"r2";0,993102462541165;28,3371239042881;72,8125088690223;28,5572990773808;20,0938169129211
"Ta_Ne_Omotic";"r2";0,994187337155361;29,8594856405802;68,8580956435363;30,0525480663374;21,1608140848647
"Ta_Ne_Omotic";"r2";0,994684136410298;29,6631656532154;67,3409110259685;29,8496891451597;22,1174307972954
"Ta_Ne_Omotic";"r2";0,994316449748917;28,3536023585775;67,7898573861218;28,5488313438624;21,4633171660847
"Ta_Ne_Omotic";"r2";0,994287534615373;29,0378925478428;70,1136228182205;29,2412377472011;22,0602101370337
"Ta_Ne_Omotic";"r2";0,993319199268191;31,3281081365658;67,2491414786434;31,5059350342989;21,9718448135607
"Ta_Ne_Omotic";"r2";0,994227808279068;28,6089525915397;67,708347523769;28,8025139525903;22,0807025662671
"Ta_Ne_Omotic";"r2";0,993231639802317;30,7606412382532;69,8579537391798;30,954192290238;20,8941904741569
"Ta_Ne_Omotic";"r2";0,992474960757636;29,3334649503804;68,386717752235;29,526797885043;21,6344271775804
"Ta_Ne_Omotic";"r2";0,991303734776627;29,1852509937087;65,9127288207748;29,3670701908724;22,3686699257694
"Ta_Ne_Omotic";"r2";0,992369385677198;30,1893047987575;68,6421278558252;30,379665308941;21,2963807350843
"Ta_Ne_Omotic";"r2";0,994291616270438;28,5431835531338;70,0697850148999;28,748760788093;20,6197638115826
"Ta_Ne_Omotic";"r2";0,994668732093918;29,5478559583037;69,8461366538953;29,7473523973908;22,2843838305162
"Ta_Ne_Omotic";"r2";0,993200035366067;30,653491800258;68,2023165886193;30,8393770714875;20,9644121045648
"Ta_Ne_Omotic";"r2";0,992873084300386;30,5172418331622;67,4898928622109;30,7002747590486;21,5241729900906
"Ta_Ne_Omotic";"r2";0,994131283478234;29,946997815157;71,4945295870583;30,152678665513;20,5607484177838
"Ta_Ne_Omotic";"r2";0,992624802802445;31,1438047855958;67,6290265361147;31,3244246952519;21,9560337869007
"Ta_Ne_Omotic";"r2";0,993335948056226;28,0457369238464;69,1904924081169;28,2494238321844;23,5511347045341
"Ta_Ne_Omotic";"r2";0,994289717696376;30,5886835662955;69,2054455796793;30,7798556554707;21,6974587478316
"Ta_Ne_Omotic";"r2";0,993299822960021;28,3458764379162;68,2383461047254;28,5433639115143;21,100154003554
"Ta_Ne_Omotic";"r2";0,992795404571966;28,4603042986128;66,1157584787853;28,6467174381186;22,1461399867749
"Ta_Ne_Omotic";"r2";0,993086580928307;27,9189765458422;68,9105683269476;28,1219052180259;21,0263941176213
"Ta_Ne_Omotic";"r2";0,994006453468561;32,2124167522177;66,2386689371364;32,3808635452124;22,6113812800074
"Ta_Ne_Omotic";"r2";0,994581398652585;27,1572560478033;71,2906591457358;27,3757382413574;20,2950441644755
"Ta_Ne_Omotic";"r2";0,994594346293825;28,9423648951012;65,4005392365546;29,1228509066926;22,9738193735953
"Ta_Ne_Omotic";"r2";0,993740179423012;31,6042275395509;67,8744643110544;31,7837831671326;22,0878435455527
"Ta_Ne_Omotic";"r2";0,99426232974312;28,0774303087736;70,272513126153;28,2863168573745;21,3910395961197
"Ta_Ne_Omotic";"r2";0,994153846848319;31,3187238411119;67,0859230878388;31,4957891839175;21,9459132204536
"Ta_Ne_Omotic";"r2";0,992470589812196;28,734949590671;66,3262735915993;28,9210452540419;22,915241877848
"Ta_Ne_Omotic";"r2";0,993280463207728;27,2594698465345;72,9884383425571;27,4858508786931;19,7581580142641
"Ta_Ne_Omotic";"r2";0,993321392350183;29,9266103345705;68,2916773094934;30,1165364087038;22,3368906692246
"Ta_Ne_Omotic";"r2";0,994143233759218;28,8944826133881;67,4135554136512;29,0851710925973;21,7868032848525
"Ta_Ne_Omotic";"r2";0,99303253365904;29,5202032167206;69,6979778629204;29,7191030912068;20,8753527370422
"Ta_Ne_Omotic";"r2";0,993487855070811;29,5901445155176;65,9091244501206;29,769941445887;22,4608563100027
"Ta_Ne_Omotic";"r2";0,994253431618497;27,3855194924847;72,3519369944657;27,6081255197222;19,6548175531729
"Ta_Ne_Omotic";"r2";0,994896890508968;28,8262260127932;71,0269724705549;29,0351405992177;20,5589808406585
"Ta_Ne_Omotic";"r2";0,993116999241992;31,7756587433204;67,6761316872428;31,9533838569042;21,9875681869884
"Ta_Ne_Omotic";"r2";0,995112214063516;31,1768011792887;68,7296828437633;31,3627065340634;21,902696208602
"Ta_Ne_Omotic";"r2";0,994085604740157;30,4570401958462;70,4826202639421;30,6551866318268;20,5603118024732
"Ta_Ne_Omotic";"r2";0,992893796881256;29,8039827318434;70,6987796225344;30,0064322214013;20,977290922731
"Ta_Ne_Omotic";"r2";0,993478824371555;28,3223301482008;69,791170001419;28,5276214346029;21,6934503324601
"Ta_Ne_Omotic";"r2";0,992950265974305;30,0469346389744;69,1719242230736;30,2406227062225;21,2305348430602
"Ta_Ne_Omotic";"r2";0,993840698315042;30,4210034483666;69,1027423016887;30,6124972050662;21,2385264797329
"Ta_Ne_Omotic";"r2";0,994948406036962;29,0586222327516;69,3168830708103;29,2579205537321;22,1861043534752
"Ta_Ne_Omotic";"r2";0,993873292853668;30,1513464423912;70,9712643678161;30,3534252440022;20,4377418912274
"Ta_Ne_Omotic";"r2";0,992888513465307;30,6784200689673;65,8173868312757;30,8523753499689;22,4311340422087
"Ta_Ne_Omotic";"r2";0,993013819424395;30,342151675485;69,8641443167305;30,5378051044021;21,3650381883486
"Ta_Ne_Omotic";"r2";0,992585272441233;28,0560820237437;68,1896622676316;28,25476311406;21,1372490851698
"Ta_Ne_Omotic";"r2";0,994456382434194;32,0491063202506;70,6933943522066;32,2404146768444;20,464847727798
"Ta_Ne_Omotic";"r2";0,995896838620458;30,4539077101266;71,992617425855;30,6595448869372;21,1693487121483
"Ta_Ne_Omotic";"r2";0,992725815282497;30,5583458369528;65,5155456222506;30,7314012814345;22,4414159952028
"Ta_Ne_Omotic";"r2";0,993041483987503;30,6515043828477;65,6544877252732;30,8247864786023;22,3468672866671
"Ta_Ne_Omotic";"r2";0,994557269647654;26,1615204401274;71,7775649212431;26,3873424425092;20,4134423450556
"Ta_Ne_Omotic";"r2";0,993507907090266;31,6763931664429;65,2820703845608;31,8427579051465;23,059346531021
"Ta_Ne_Omotic";"r2";0,99400931792203;32,4650556740109;66,2376897970768;32,6322469320459;22,3497719213638
"Ta_Ne_Omotic";"r2";0,993402585964761;29,0878938640133;68,2519795657727;29,2817754763982;21,4963194712032
"Ta_Ne_Omotic";"r2";0,993258805161773;29,7674458395851;70,5649815524337;29,9694138381636;21,5951506420142
"Ta_Ne_Omotic";"r2";0,992999370578677;29,700044749796;71,9823470980559;29,9093630782527;19,8961224559532
"Ta_Ne_Omotic";"r2";0,993574417197814;28,6200347469004;69,3877465588194;28,821855102405;20,5131084466241
"Ta_Ne_Omotic";"r2";0,993776725741543;29,4056569006818;69,8972506030935;29,6061103348521;22,4189499611397
"Ta_Ne_Omotic";"r2";0,99349791642019;28,8731738134723;70,5800021285653;29,0796432605767;20,6170356263279
"Ta_Ne_Omotic";"r2";0,992998675356447;29,6698386375003;70,8211685823755;29,873558092673;20,618637106198
"Ta_Ne_Omotic";"r2";0,995109328985151;32,4333622890837;69,9071732652192;32,6188762048071;21,1642437662271
"Ta_Ne_Omotic";"r2";0,992916668167185;29,7561004501303;67,2815737193132;29,9418701197797;21,566852340927
"Ta_Ne_Omotic";"r2";0,992823494450622;29,4152649451157;67,1141372215127;29,6018930256919;22,0596515183437
"Ta_Ne_Omotic";"r2";0,994625073605869;29,3400852878465;72,653973321981;29,5545104761343;19,8300311107364
"Ta_Ne_Omotic";"r2";0,994560514273204;29,6142041117165;68,1574890024124;29,8050124527596;21,5309457030256
"Ta_Ne_Omotic";"r2";0,99336684188918;30,1620337466109;68,2325599545906;30,3505016981355;21,863127560535
"Ta_Ne_Omotic";"r2";0,994170742277724;29,1413172234068;71,010674755215;29,3485912705939;20,6992737495126
"Ta_Ne_Omotic";"r2";0,994458725311348;30,0898154729;65,4386795799631;30,2648098496677;23,2780667835903
"Ta_Ne_Omotic";"r2";0,993626359323997;29,9770196635868;69,2735915992621;30,1715571484169;20,7343474271529
"Ta_Ne_Omotic";"r2";0,994805063927318;30,1699834162521;69,0880481055768;30,3626471028329;21,4141975537901
"Ta_Ne_Omotic";"r2";0,99440643561291;31,670299297165;69,2038172271889;31,8561087918681;20,7806402434975
"Ta_Ne_Omotic";"r2";0,993718165325358;27,9404696096238;67,3909287640131;28,1357689123683;22,4133138050865
"Ta_Ne_Omotic";"r2";0,9934249053378;28,1774329411145;70,4309209592735;28,3866086243727;20,2811598070506
"Ta_Ne_Omotic";"r2";0,99402774761551;31,9547632209324;70,1012700439904;32,1436073141158;20,8745480120632
"Ta_Ne_Omotic";"r2";0,99405786620966;29,8730685198347;72,5708776784447;30,0844438126991;19,2022829044022
"Ta_Ne_Omotic";"r2";0,994417729502629;31,0925925925926;67,5967184617568;31,2733060869944;22,0754030364757
"Ta_Ne_Omotic";"r2";0,993808800367179;26,5986469767564;71,201124592025;26,8194513213865;20,0880682662473
"Ta_Ne_Omotic";"r2";0,992667374709057;28,7328437179183;69,9114729672201;28,9366983181624;20,8922850193868
"Ta_Ne_Omotic";"r2";0,99270758192458;29,1646002790281;67,4754150702427;29,3542577779945;21,3793618811919
"Ta_Ne_Omotic";"r2";0,993230632462872;29,6002263813209;66,9805449127288;29,7852774631596;21,9562423671674
"Ta_Ne_Omotic";"r2";0,993182763821159;30,0966332359367;70,2815169575706;30,2955683038656;20,8928280021789
"Ta_Ne_Omotic";"r2";0,993394441414697;29,5242570217695;68,9529764438768;29,7194487020769;20,781216583506
"Ta_Ne_Omotic";"r2";0,994347945736933;30,3241069783358;66,7080459770115;30,5042254882303;22,2920288305108
"Ta_Ne_Omotic";"r2";0,992991913602021;31,0291794993288;66,3911380729388;31,2042387001882;21,7815353936313
"Ta_Ne_Omotic";"r2";0,993573776117766;30,556779594093;66,4588796651057;30,7345127627614;22,3426523295376
"Ta_Ne_Omotic";"r2";0,994217961398907;28,9447471636526;70,4934688519938;29,150433904684;20,9103915366906
"Ta_Ne_Omotic";"r2";0,993231489314383;31,1448577219721;67,5163828579537;31,3249147771008;23,4718785374973
"Ta_Ne_Omotic";"r2";0,993542025447417;29,7850298770697;70,0857208741308;29,9845382483423;20,7083319594215
"Ta_Ne_Omotic";"r2";0,992560557621104;30,0273763457843;66,8025081595005;30,209431453773;21,8350581989199
"Ta_Ne_Omotic";"r2";0,993515540826201;31,256337360815;68,6843053781751;31,4416243311979;21,8197331733988
"Ta_Ne_Omotic";"r2";0,992751802738044;29,7219984732423;67,198556123173;29,9075259863607;22,1323123654752
"Ta_Ne_Omotic";"r2";0,992600817858035;30,2610755745084;67,479654462892;30,445325965045;22,1287751351465
"Ta_Ne_Omotic";"r2";0,99446394668143;29,3582616020427;69,448353909465;29,5567274055448;21,0765173432165
"Ta_Ne_Omotic";"r2";0,993326487885961;29,9689383768986;70,7076309067688;30,170615072591;20,6039425789937
"Ta_Ne_Omotic";"r2";0,994162073760226;30,3208823606834;68,0313856960409;30,5075680207594;21,7268570255654
"Ta_Ne_Omotic";"r2";0,993890303053845;27,8946273921398;71,2476301972471;28,1092462179077;20,2721812567967
"Ta_Ne_Omotic";"r2";0,992224786931974;30,4125273105373;64,282666382858;30,5802012663408;22,7396745226146
"Ta_Ne_Omotic";"r2";0,992730432796945;28,8328200268499;67,5511600681141;29,0244949775492;23,5476650143891
"Ta_Ne_Omotic";"r2";0,99265239551555;28,5623601568875;68,218380161771;28,7586770876048;21,7200829162519
"Ta_Ne_Omotic";"r2";0,994112957303017;29,4300981863171;69,3193380161771;29,6275696706233;20,7766982332417
"Ta_Ne_Omotic";"r2";0,992972986164832;28,1553739240306;68,6203774655882;28,3556957237413;20,8755466973791
"Ta_Ne_Omotic";"r2";0,994761510829684;28,1669035773513;74,3679544487016;28,3956216509719;21,5686167636129
"Ta_Ne_Omotic";"r2";0,993869737631257;29,7648003369396;68,7787462750106;29,9579386831677;21,1132133673026
"Ta_Ne_Omotic";"r2";0,995921338417206;31,0771933980889;70,1997410245495;31,2708693764377;20,8408529132689
"Ta_Ne_Omotic";"r2";0,993975948942935;30,7231567032562;69,172474102455;30,9134998586978;21,2968379045473
"Ta_Ne_Omotic";"r2";0,99315711358962;27,9297428202901;70,0455512984249;28,138236921667;20,6292603796274
"Ta_Ne_Omotic";"r2";0,9946543547867;29,144107504804;69,8074854548035;29,3454113560416;21,2946267797562
"Ta_Ne_Omotic";"r2";0,992985666028093;31,6041090842086;67,8747090960693;31,7836665100099;21,41299141576
"Ta_Ne_Omotic";"r2";0,993774101356877;27,9951828160783;71,7444054207464;28,2117631260024;20,3969284142455
"Ta_Ne_Omotic";"r2";0,992041473594271;29,8320829713865;68,188683127572;30,0219671305755;21,9466094523818
"Ta_Ne_Omotic";"r2";0,99459056599238;30,5782594961699;69,5232120051086;30,7710562907686;21,453960662947
"Ta_Ne_Omotic";"r2";0,99487121530474;30,3762931374872;69,4909606924933;30,5699301055813;21,0769693484427
"Ta_Ne_Omotic";"r2";0,993147675386308;29,8420332201427;68,7712111536824;30,034751922784;21,4639901837337
"Ta_Ne_Omotic";"r2";0,992239444007021;29,5076732738424;68,3115048957003;29,6997714501883;22,3522681349972
"Ta_Ne_Omotic";"r2";0,993521129275247;29,6572428860986;67,5150134809139;29,8446575920135;21,3785830493052
"Ta_Ne_Omotic";"r2";0,993802110424377;28,969543815315;69,6388676032354;29,1708771013938;20,6928052700891
"Ta_Ne_Omotic";"r2";0,992518010310918;29,7937692489931;66,5513055200795;29,9757372503351;22,6543947558227
"Ta_Ne_Omotic";"r2";0,994052479611918;25,3101555713496;71,9757343550447;25,5411732881006;20,1961638320606
"Ta_Ne_Omotic";"r2";0,992968066268116;30,8033904551318;67,9062579821201;30,9870680171465;21,9913943994642
"Ta_Ne_Omotic";"r2";0,993425826516269;30,487904393377;66,6763339009508;30,6670550345036;24,1632940455631
"Ta_Ne_Omotic";"r2";0,995029313722844;28,2833978256864;70,1767560664112;28,4907906882642;20,9847574006017
"Ta_Ne_Omotic";"r2";0,994537587041711;28,7437152860038;70,4090180218533;28,9499791609338;20,0701117622455
"Ta_Ne_Omotic";"r2";0,993802395334949;32,7427939666746;65,6382716049383;32,9056428658739;23,8182390523199
"Ta_Ne_Omotic";"r2";0,993433494067326;30,3790834188844;67,9006137363417;30,5648335689708;21,4025445168611
"Ta_Ne_Omotic";"r2";0,993150674010418;29,9076311563874;68,7499893571733;30,0999200583715;23,5016360295298
"Ta_Ne_Omotic";"r2";0,994125348249777;29,837216036221;70,0294203207038;30,03618734456;20,7972029491406
"Ta_Ne_Omotic";"r2";0,994050490083216;29,6953986680355;69,5025188023272;29,8924636191953;20,6463435235777
"Ta_Ne_Omotic";"r2";0,994449415767257;29,2315670325621;72,288402866468;29,4447196852052;19,9553562419048
"Ta_Ne_Omotic";"r2";0,993297231201256;30,5830108715681;67,981020292323;30,7681495320669;21,8302459184533
"Ta_Ne_Omotic";"r2";0,993301891754053;30,636460554371;69,0363629913438;30,8265590812867;21,6868856914569
"Ta_Ne_Omotic";"r2";0,992128914872974;28,3361236147306;67,1734106712076;28,5283874120399;22,2068114365921
"Ta_Ne_Omotic";"r2";0,991934067324497;29,0538182105346;65,2374308216262;29,232945005639;22,9544786127682
"Ta_Ne_Omotic";"r2";0,992825029914391;28,3840322198531;71,1357102313041;28,5956741902068;20,3491044959974
"Ta_Ne_Omotic";"r2";0,994071053259086;30,2966516623233;69,9417553568895;30,4929145519004;20,9863348791719
"Ta_Ne_Omotic";"r2";0,993899971438123;30,3435599778883;68,9834752376898;30,5348466870953;21,4354262765475
"Ta_Ne_Omotic";"r2";0,991734121205157;31,2953618152623;65,6019369944657;31,4651963458524;22,7879100672805
"Ta_Ne_Omotic";"r2";0,99394922007009;30,67185237832;69,5533915141195;30,8643352453289;20,9043056746095
"Ta_Ne_Omotic";"r2";0,992406581474762;25,9610808391903;70,1247481197673;26,1797128554308;21,4776095602018
"Ta_Ne_Omotic";"r2";0,993064873425357;27,7159704124878;67,3716191287073;27,9122855051424;21,6925447435363
"Ta_Ne_Omotic";"r2";0,993664523151417;29,5985021980047;68,3932418050234;29,7905553643761;21,4320073831928
"Ta_Ne_Omotic";"r2";0,994342373327704;31,0602147990208;70,3175322832411;31,2545579548832;20,9025906756974
"Ta_Ne_Omotic";"r2";0,993138541632445;30,0498828608281;67,2470377465588;30,2340271919456;21,6197231357203
"Ta_Ne_Omotic";"r2";0,992302598455943;31,3031008976283;67,9454909890734;31,484498868378;21,1657570588184
"Ta_Ne_Omotic";"r2";0,994403438057667;29,7037300271131;69,3341031644672;29,8999199931396;21,2991974413926
"Ta_Ne_Omotic";"r2";0,994707024967109;28,2598646976756;70,4198169433802;28,4685773325554;21,2463006927036
"Ta_Ne_Omotic";"r2";0,994232282347139;31,3062991918713;66,3751383567476;31,4799073065489;21,970373003431
"Ta_Ne_Omotic";"r2";0,991774438701282;28,2300797599305;65,9871931318291;28,4169961627617;22,7220134664093
"Ta_Ne_Omotic";"r2";0,992587717401489;28,4794019321383;68,5850255427842;28,6779446232801;21,3445801480822
"Ta_Ne_Omotic";"r2";0,993264216444914;28,8049435362868;69,4584823329076;29,0061986788443;20,7761460371716
"Ta_Ne_Omotic";"r2";0,995501207632655;31,4078549053673;70,51910032638;31,601474932204;21,3153217540802
"Ta_Ne_Omotic";"r2";0,991413658355649;30,0278106820395;65,532141336739;30,2035746951816;22,9638527033904
"Ta_Ne_Omotic";"r2";0,993401900549581;27,6438179473005;68,4763374485597;27,8459591329503;23,1802595685719
"Ta_Ne_Omotic";"r2";0,992214001660746;28,2707625891706;65,7108911593586;28,4561097603101;22,5998954050628
"Ta_Ne_Omotic";"r2";0,993839391950216;27,8656189949722;73,8587164750958;28,093307596359;19,5393791771865
"Ta_Ne_Omotic";"r2";0,99387248465721;29,8758061544131;67,6820420036895;30,0629657378254;21,327223107193
"Ta_Ne_Omotic";"r2";0,993487302125142;31,1144410224012;69,056502767135;31,3022730112365;20,7491168379139
"Ta_Ne_Omotic";"r2";0,99305780572215;29,5834057227092;67,8345643536257;29,7727678941494;21,4279899872435
"Ta_Ne_Omotic";"r2";0,993598728201949;27,8608018110506;69,9867106570172;28,0693459142484;21,3561335438808
"Ta_Ne_Omotic";"r2";0,991170323165472;30,3634604754008;65,5807151979566;30,5378033205619;22,5474772336853
"Ta_Ne_Omotic";"r2";0,994336166290058;29,2379241359341;69,9039910600255;29,4392412989246;21,6046622573717
"Ta_Ne_Omotic";"r2";0,993779440393225;31,1847640106347;63,8818114091103;31,3466305819142;22,4966182869866
"Ta_Ne_Omotic";"r2";0,993261241225958;32,3553265418937;68,0171633319143;32,531870288379;21,526978609629
"Ta_Ne_Omotic";"r2";0,992820955582737;28,1856195214404;71,2710302256279;28,3989136338374;20,6823775661055
"Ta_Ne_Omotic";"r2";0,994432188153638;29,5254415751928;70,2142755782603;29,7268714464951;20,9728120238758
"Ta_Ne_Omotic";"r2";0,993722719392525;29,5130169259522;68,9499467858663;29,7082492519914;21,0513998526499
"Ta_Ne_Omotic";"r2";0,992557549972594;28,8291479112375;71,2977472683411;29,0393885021142;20,3981810476327
"Ta_Ne_Omotic";"r2";0,994368323920129;28,2706704572376;68,2747445721584;28,4687104281036;21,5220043709531
"Ta_Ne_Omotic";"r2";0,993249621377035;30,2077048619337;69,4227508159501;30,4018387527952;20,9412928964555
"Ta_Ne_Omotic";"r2";0,993691864673898;29,8143278317408;68,2964736767419;30,0048335042408;21,450659899557
"Ta_Ne_Omotic";"r2";0,995033959411373;30,4545789570665;68,8747020008514;30,6447775859961;21,4754908042725
"Ta_Ne_Omotic";"r2";0,993751694085442;31,1084129616468;69,1995352632326;31,2969828740309;20,5997200977687
"Ta_Ne_Omotic";"r2";0,991837826258354;28,8937982047435;65,8117674187598;29,0765604285752;22,6699044740994
"Ta_Ne_Omotic";"r2";0,993412553636192;28,6652057174445;71,8952781325387;28,8792159769252;21,3086298823464
"Ta_Ne_Omotic";"r2";0,993215464994782;29,4775329700703;69,1674329501916;29,6740176234372;20,7395061032303
"Ta_Ne_Omotic";"r2";0,993272524921175;30,1056621653637;71,8117922520221;30,3121281558917;20,163708740862
"Ta_Ne_Omotic";"r2";0,991801085380521;29,0700729158441;67,6394494110969;29,2610104232463;21,4343453415466
"Ta_Ne_Omotic";"r2";0,994121243668221;28,5182816078338;68,9556087696892;28,7184663957638;21,1109556142615
"Ta_Ne_Omotic";"r2";0,993483840803138;30,6614283081945;68,4824925500213;30,8486612994907;21,2976802987821
"Ta_Ne_Omotic";"r2";0,993688845495696;29,3579852062439;65,5954058464595;29,5373783777301;23,2048658067102
"Ta_Ne_Omotic";"r2";0,993247467819218;30,8548527205244;67,3191854689939;31,0353692192792;22,9499737672444
"Ta_Ne_Omotic";"r2";0,993854430162472;29,2792650504093;66,1540655598127;29,4618135677826;22,3180989609912
"Ta_Ne_Omotic";"r2";0,993987059253329;27,4157782515991;72,8267702568469;27,6405851427142;20,2277007869602
"Ta_Ne_Omotic";"r2";0,993872870649125;29,9330200847614;70,064484887186;30,1316907025952;20,9626027941473
"Ta_Ne_Omotic";"r2";0,991878469835446;29,6722077443471;69,2523023981836;29,8681488069898;20,7251836668092
"Ta_Ne_Omotic";"r2";0,992702813051206;28,2479401932138;71,1724599120193;28,4604378155842;20,630201366899
"Ta_Ne_Omotic";"r2";0,994084330973739;32,8014951696544;65,4423939264936;32,9630837773615;22,8016412847973
"Ta_Ne_Omotic";"r2";0,993764218136501;28,1292216167838;68,4017950901093;28,3285907923943;21,8951069456676
"Ta_Ne_Omotic";"r2";0,993355409588364;28,7283950617284;68,6254469987229;28,9259052198323;21,2664118067192
"Ta_Ne_Omotic";"r2";0,993879728423298;30,50422490721;68,6610117780616;30,6931198917191;22,1207912194758
"Ta_Ne_Omotic";"r2";0,993877308509218;30,6874489983943;68,7002909039307;30,8756313840652;21,0573061705764
"Ta_Ne_Omotic";"r2";0,994638135070069;28,706757219195;69,1874485596708;28,9071566812766;21,2290239172085
"Ta_Ne_Omotic";"r2";0,995168014537946;31,4214509463266;71,0626294877253;31,6176944044523;20,5155516771892
"Ta_Ne_Omotic";"r2";0,994379422645722;31,3489167917029;70,4250993330495;31,5423632399274;21,5339283903458
"Ta_Ne_Omotic";"r2";0,994421481129931;31,181368290821;65,9872286079183;31,3536745300146;22,4326232621212
"Ta_Ne_Omotic";"r2";0,99186749054796;29,7650767327384;67,1600468284376;29,9502003470736;21,4994169169134
"Ta_Ne_Omotic";"r2";0,993230650352298;28,6329332175103;67,0288881793671;28,82301220247;22,0525936843702
"Ta_Ne_Omotic";"r2";0,992229792995273;30,9931427518492;65,0779019440897;31,161879183494;22,5375148160084
"Ta_Ne_Omotic";"r2";0,99493211252474;29,3548395588197;72,860433517809;29,5702137863394;19,9969725830738
"Ta_Ne_Omotic";"r2";0,99395969664167;28,3169338492722;70,6568965517241;28,5265376250269;20,9431570428801
"Ta_Ne_Omotic";"r2";0,99218026500299;28,7668930479876;67,4353625656308;28,9583211149066;22,5303357560042
"Ta_Ne_Omotic";"r2";0,994303671752069;32,8594988022849;71,1987370512275;33,049297011438;20,7858112349689
"Ta_Ne_Omotic";"r2";0,992243827940103;29,2435968306615;67,9477579111679;29,4352015884858;21,5665567939637
"Ta_Ne_Omotic";"r2";0,991917433650766;28,0864855616099;68,175883354619;28,2849479269219;23,1450883882273
"Ta_Ne_Omotic";"r2";0,99285113077489;29,8934296770118;69,3377252731659;30,0886984670917;21,3173770910169
"Ta_Ne_Omotic";"r2";0,991064851709296;30,6343546816184;67,9787391797928;30,8192278722034;21,3236598232012
"Ta_Ne_Omotic";"r2";0,993863504980522;31,9339019189765;68,4774301121044;32,1148104743881;21,5731020499951
"Ta_Ne_Omotic";"r2";0,992693428093735;28,3047329490116;69,1838619270612;28,5071048746455;22,2939620572268
"Ta_Ne_Omotic";"r2";0,993198914972116;29,9837847798047;68,8699659429545;30,176290627147;21,1923338834609
"Ta_Ne_Omotic";"r2";0,993896483354003;29,4495643475743;70,3574357882787;29,6520785626273;20,8906165313953
"Ta_Ne_Omotic";"r2";0,993610091654736;28,9836926478718;68,9414750957854;29,1815034520693;21,5032190971463
"Ta_Ne_Omotic";"r2";0,992308737190436;27,0324699255047;67,3909677877111;27,2322644693771;22,0894662700979
"Ta_Ne_Omotic";"r2";0,993726939304951;32,7745926452394;66,3878068681709;32,940994695848;22,4884902767176
"Ta_Ne_Omotic";"r2";0,992613997127424;30,0004080128458;66,5958138214843;30,1815733881361;22,2979060414343
"Ta_Ne_Omotic";"r2";0,992950999031048;29,2871225881176;70,4135021995175;29,4907185267879;20,6187763804801
"Ta_Ne_Omotic";"r2";0,994893124570227;30,6343678433231;71,7387079608344;30,837854675588;20,8884709161101
"Ta_Ne_Omotic";"r2";0,993776195839563;31,3688699360341;69,759752376898;31,5589238095037;22,2402946467956
"Ta_Ne_Omotic";"r2";0,994154792178882;30,757179709916;68,1282283241096;30,9421849010754;21,9594080588918
"Ta_Ne_Omotic";"r2";0,994254426023044;29,0176366843033;68,4376578685966;29,2127853040276;21,8910393154403
"Ta_Ne_Omotic";"r2";0,992895122440612;29,2271973466003;68,1242230736484;29,4197568799026;21,9250907449859
"Ta_Ne_Omotic";"r2";0,993286241950759;27,6642185895917;70,2774691358025;27,8751752754641;20,7626793778931
"Ta_Ne_Omotic";"r2";0,993065248379294;30,438061017663;65,5056477933873;30,6116629323943;23,0557351826492
"Ta_Ne_Omotic";"r2";0,993669115618658;28,187370028166;71,3780296580105;28,4011851748484;20,2690797387975
"Ta_Ne_Omotic";"r2";0,993093768306933;29,8870199268209;69,9270221370796;30,085237759545;20,6754267658305
"Ta_Ne_Omotic";"r2";0,991611260301107;31,8864013266998;66,1485986944799;32,0560161651542;22,5828830623589
"Ta_Ne_Omotic";"r2";0,992720507543271;30,0284161204559;67,9856995884774;30,216323464357;21,2586062257214
"Ta_Ne_Omotic";"r2";0,994662251730165;30,0237042301719;69,1825776926352;30,217560039392;21,1184942859544
"Ta_Ne_Omotic";"r2";0,994282934521181;31,1415936192056;66,4699623953455;31,3164865339389;22,632980438259
"Ta_Ne_Omotic";"r2";0,993001941093277;31,0955408144463;65,6160139066269;31,2664342455957;22,6007315181441
"Ta_Ne_Omotic";"r2";0,992020813997432;30,3713443365185;64,352408826451;30,5395674280528;24,2923429604056
"Ta_Ne_Omotic";"r2";0,992291740055254;32,099199768354;64,372190293742;32,2589670481826;23,1095022109461
"Ta_Ne_Omotic";"r2";0,994370507885269;30,5089499591987;70,7551795090109;30,7081887193463;20,775289912211
"Ta_Ne_Omotic";"r2";0,993593255624218;31,6152175629788;64,4560344827586;31,7777958645618;23,3412874060428
"Ta_Ne_Omotic";"r2";0,993192885100232;29,3014030377214;67,7718248900241;29,4918506706536;21,8302289352804
"Ta_Ne_Omotic";"r2";0,993033427870636;28,4321645739556;69,6068468851994;28,6359996349024;21,0329498481517
"Ta_Ne_Omotic";"r2";0,994105453760632;29,0572402537577;71,1805803888179;29,2657716405649;20,0747107966384
"Ta_Ne_Omotic";"r2";0,993385504482417;29,278212114033;71,0570349084717;29,485037969451;20,519149975367
"Ta_Ne_Omotic";"r2";0,993676633866724;31,2673537076522;69,9270505179509;31,458738345327;22,003772208697
"Ta_Ne_Omotic";"r2";0,994729074981332;30,9489457474532;69,4388001986661;31,1394895813701;20,7934155057397
"Ta_Ne_Omotic";"r2";0,993363309620941;28,9105135697176;70,978168014758;29,118769284792;20,5864747582794
"Ta_Ne_Omotic";"r2";0,992050838286944;31,6072284082234;68,3228004824748;31,7889886660168;21,3701568142759
"Ta_Ne_Omotic";"r2";0,994174001849004;30,3673563399932;67,1576983113382;30,5494867457919;21,8743467283425
"Ta_Ne_Omotic";"r2";0,995267195589754;29,051843954829;69,5213140343408;29,2521878661137;20,7793887635042
"Ta_Ne_Omotic";"r2";0,993668711178732;31,050198741741;67,0971831985242;31,2286491598439;22,2449221732502
"Ta_Ne_Omotic";"r2";0,994241704758642;27,7381215615046;70,7011955442032;27,9508100465675;20,4130783035821
"Ta_Ne_Omotic";"r2";0,993356716245836;29,3685014083024;70,7238221938413;29,5732307191219;20,6934387718966
"Ta_Ne_Omotic";"r2";0,994182997128412;30,3435204927742;70,5349084716901;30,5424877599966;20,6235701881968
"Ta_Ne_Omotic";"r2";0,994649815069467;31,6513069572771;72,342216546048;31,8527471037562;20,8460316969924
"Ta_Ne_Omotic";"r2";0,991591816409855;30,4830740477507;68,1409465020576;30,6694991589106;20,9917722119656
"Ta_Ne_Omotic";"r2";0,99301531671751;31,0786280239017;68,6653043848446;31,2647006791538;21,4963092557107
"Ta_Ne_Omotic";"r2";0,993119618396399;29,8385453683961;70,6202532992763;30,0404350116183;20,9603855469083
"Ta_Ne_Omotic";"r2";0,993925879850844;29,4497354497354;67,0427912586916;29,6358396864135;24,1092528657601
"Ta_Ne_Omotic";"r2";0,993697102003427;29,036418436916;70,7392117212998;29,2428679086208;20,3879790627116
"Ta_Ne_Omotic";"r2";0,994656781092502;30,3625523177762;69,0592415212147;30,55412008611;21,8424981808102
"Ta_Ne_Omotic";"r2";0,994223473399112;31,6088341361973;71,8099333049525;31,8078494786169;21,0781526069846
"Ta_Ne_Omotic";"r2";0,993946920372651;29,4065124114875;69,4234248616433;29,6046159384685;21,2771677524812
"Ta_Ne_Omotic";"r2";0,994635978044906;30,2713943509963;71,1747800482475;30,4738863593986;20,5007759810549
"Ta_Ne_Omotic";"r2";0,992294604881599;30,2264471294322;67,554572867887;30,4112398311077;21,4506178148785
"Ta_Ne_Omotic";"r2";0,993200579687115;29,9489194240438;68,9342769973038;30,1419162437134;21,0988142928608
"Ta_Ne_Omotic";"r2";0,994454027444339;32,3262391744979;67,9120867035618;32,5024067365229;22,1820082008916
"Ta_Ne_Omotic";"r2";0,992716166404484;29,2990997393982;71,4484319568611;29,5077597998807;20,0199420823813
"Ta_Ne_Omotic";"r2";0,994015740483784;29,0610834715312;69,8723073648361;29,2631192333793;21,3935259366467
"Ta_Ne_Omotic";"r2";0,991647580464244;28,3523651583353;67,9417021427558;28,5483519750899;21,5165529727298
"Ta_Ne_Omotic";"r2";0,993880929066572;30,3516281028719;68,1636618419185;30,5388163887087;21,0397944883216
"Ta_Ne_Omotic";"r2";0,992805920695968;30,1004238068915;67,1625798212005;30,2838998267643;21,6920158168866
"Ta_Ne_Omotic";"r2";0,993861248669423;30,6445681644687;67,6939619696325;30,8279810050883;22,7826522848779
"Ta_Ne_Omotic";"r2";0,994250831327132;31,1851720234805;67,0299240811693;31,3626212910928;22,3875548006498
"Ta_Ne_Omotic";"r2";0,993893797734172;28,7271446997815;71,3440471122463;28,9381194641997;20,5729247894969
"Ta_Ne_Omotic";"r2";0,992391621502002;32,0424991444892;63,7779516106144;32,1996053448165;22,8067331055043
"Ta_Ne_Omotic";"r2";0,990437729040124;29,2004922477559;68,1834007379027;29,3934769432517;21,1289730293821
"Ta_Ne_Omotic";"r2";0,993031024213511;27,3400063176183;69,5874521072797;27,5491520888542;20,6641512933678
"Ta_Ne_Omotic";"r2";0,994941138581259;30,4647924399168;73,066453810132;30,6756917536308;20,050919804966
"Ta_Ne_Omotic";"r2";0,993772957163969;28,6578351628103;68,3333900950759;28,8542488010888;23,6070768421627
"Ta_Ne_Omotic";"r2";0,9942312585103;28,9698465345232;71,533226905066;29,1805563383377;20,1879784278049
"Ta_Ne_Omotic";"r2";0,994952360242084;31,2096133091158;69,7067156236697;31,4001930235443;20,769947300106
"Ta_Ne_Omotic";"r2";0,992507415553558;27,8561557292901;66,4101816375763;28,0470172436875;23,3911386481103
"Ta_Ne_Omotic";"r2";0,993302197909286;29,3643159862065;69,7308251738328;29,5641501901057;20,8571155309193
"Ta_Ne_Omotic";"r2";0,994708140099318;31,5076732738424;67,0167518092805;31,6834607913446;21,8398286397293
"Ta_Ne_Omotic";"r2";0,993939936409297;31,7901497801995;67,0182772811125;31,9645464509961;22,9128442914731
"Ta_Ne_Omotic";"r2";0,99458476490844;29,6917133907184;72,926003973322;29,9057445322164;19,7027355832763
"Ta_Ne_Omotic";"r2";0,992283560392424;30,9334412593119;66,1598800908188;31,107829570359;22,4485736673486
"Ta_Ne_Omotic";"r2";0,992454961066683;30,9517360288505;66,7137576273592;31,1287757397342;22,2684812104665
"Ta_Ne_Omotic";"r2";0,992147321138605;29,0901840006318;66,5615119909181;29,275685624346;23,1575791231637
"Ta_Ne_Omotic";"r2";0,99323919664996;29,6503461528337;66,815087980701;29,8343300232687;23,5403349563587
"Ta_Ne_Omotic";"r2";0,994884623322751;31,3433362289084;70,5823541932737;31,5375887930884;20,4563541613967
"Ta_Ne_Omotic";"r2";0,993920610426171;29,0463028771487;71,2565595288775;29,2552645437414;20,5262522925035
"Ta_Ne_Omotic";"r2";0,994963897795171;31,7411224301772;71,262239250745;31,9367715233483;21,1836351117524
"Ta_Ne_Omotic";"r2";0,994649986814644;29,0281397246571;68,7613523485171;29,2248387970525;21,0110350691385
"Ta_Ne_Omotic";"r2";0,9940581625244;30,9295848798336;70,7785972754364;31,1268572184257;20,584541776773
"Ta_Ne_Omotic";"r2";0,993649803339717;29,526455026455;71,0647935291613;29,7320903655773;20,0813026486299
"Ta_Ne_Omotic";"r2";0,992457678447433;28,5370633604464;66,571026678019;28,7253503075631;22,5651326773689
"Ta_Ne_Omotic";"r2";0,993021904964698;29,3700018426387;70,0389562934582;29,571333300316;20,758350999507
"Ta_Ne_Omotic";"r2";0,994076515411103;28,9616862776067;70,1540974882929;29,1656091053824;20,8302841337535
"Ta_Ne_Omotic";"r2";0,993747980735697;31,1360920266393;65,9714665815241;31,3085443759209;22,3076330419345
"Ta_Ne_Omotic";"r2";0,994384976591753;30,2418726473453;71,1200723712218;30,444239972711;21,2526126565664
"Ta_Ne_Omotic";"r2";0,992751004325112;30,3178156834873;64,5007804739605;30,48703828146;23,4624361744448
"Ta_Ne_Omotic";"r2";0,993913677955727;30,143975887757;69,1536469419611;30,3370930711936;21,4142790605946
"Ta_Ne_Omotic";"r2";0,993005859289241;28,5400773908237;68,4382254860224;28,7375929754534;21,8247747562917
"Ta_Ne_Omotic";"r2";0,994369419678291;28,6334333622891;67,7854086845466;28,8272550223003;22,0697942808001
"Ta_Ne_Omotic";"r2";0,993046128870767;30,6234567901235;68,6834823329076;30,811872758157;20,9154643345138
"Ta_Ne_Omotic";"r2";0,994465753144811;30,1885019347706;67,0936284943948;30,3712005811054;21,9088927122516
"Ta_Ne_Omotic";"r2";0,993978384837779;27,4664771381189;70,6189619696325;27,6801033006512;21,7416427097511
"Ta_Ne_Omotic";"r2";0,993359471884284;28,4558688041275;69,8293422733078;28,6606879797175;21,6139440062305
"Ta_Ne_Omotic";"r2";0,994022299808215;28,7591013188028;69,417858663261;28,9603822957556;20,8371025914171
"Ta_Ne_Omotic";"r2";0,994449960636457;32,0628471399616;68,9822655030509;32,2456165377986;21,5125933784809
"Ta_Ne_Omotic";"r2";0,994203094854853;30,6451472794756;70,3234887186037;30,8415747123426;20,6591281894237
"Ta_Ne_Omotic";"r2";0,992964929360975;30,1597304482877;66,9434688519938;30,3418281631575;21,8319472332284
"Ta_Ne_Omotic";"r2";0,993645619288631;30,2642738687515;66,7129877962253;30,4447130466103;22,2550377016165
"Ta_Ne_Omotic";"r2";0,99493516811928;31,3641580457501;70,9623456790123;31,5601886775979;20,7377677484752
"Ta_Ne_Omotic";"r2";0,992162958428219;28,7223538392693;67,6964807719597;28,9152950617083;21,9373671941859
"Ta_Ne_Omotic";"r2";0,991894777942003;29,912672089289;65,4385021995175;30,0885425353793;23,4714054355844
"Ta_Ne_Omotic";"r2";0,993697281412468;29,2820553318066;67,0874627501064;29,4692108140754;21,8425779335391
"Ta_Ne_Omotic";"r2";0,993052692174164;27,669364816131;65,9441890166028;27,8588441438561;23,1298374344881
"Ta_Ne_Omotic";"r2";0,99225775155254;29,3981942141146;68,190127004399;29,5902334853536;21,9444674666756
"Ta_Ne_Omotic";"r2";0,994484074326166;31,304667140488;68,6412622392508;31,4895017696898;20,9555782666403
"Ta_Ne_Omotic";"r2";0,993624181340041;29,6542815025402;67,0908045977012;29,8396108247935;22,8264720845348
"Ta_Ne_Omotic";"r2";0,993246055666728;32,0251520176893;68,1156591457358;32,2038178945608;21,6119368327036
"Ta_Ne_Omotic";"r2";0,994438077572852;30,1337887283161;71,1710124875834;30,3369433013818;20,5272260879997
"Ta_Ne_Omotic";"r2";0,994707144936485;30,1403432572587;67,5495707393217;30,3255374527144;21,4184509161943
"Ta_Ne_Omotic";"r2";0,992669874183387;30,7954144620811;64,7568255995459;30,9635402597914;22,6806078985106
"Ta_Ne_Omotic";"r2";0,992604024108041;32,0235726131248;66,3758620689655;32,1936334520152;21,8642879916003
"Ta_Ne_Omotic";"r2";0,992501962500124;28,3093132222485;68,516173549028;28,5083570852524;21,6427684904638
"Ta_Ne_Omotic";"r2";0,993821480637211;30,3899023401511;71,1301227472683;30,5915865995923;20,8054236797775
"Ta_Ne_Omotic";"r2";0,991676074125494;31,6058727526389;64,4032176812828;31,7682358463451;23,6478384832469
"Ta_Ne_Omotic";"r2";0,994038264454578;29,3147884914054;70,0099333049525;29,5162496043438;20,3790688097573
"Ta_Ne_Omotic";"r2";0,993866842109142;29,3535102266446;69,0709096069249;29,5501310156558;20,9621558759716
"Ta_Ne_Omotic";"r2";0,994033854833716;31,2856484771908;70,0598020434227;31,4775997324691;20,4383059437836
"Ta_Ne_Omotic";"r2";0,994933947373067;31,2965068835716;70,4903966226763;31,4905360406958;20,6157785958243
"Ta_Ne_Omotic";"r2";0,993629401904439;28,498486403959;68,2341599262097;28,6951976590197;21,3085426069804
"Ta_Ne_Omotic";"r2";0,99296740481671;29,8224222801337;67,058265928764;30,0067581397804;21,5129531889818
"Ta_Ne_Omotic";"r2";0,991313719858053;30,235660322725;66,6203810131971;30,4157827023808;22,1147704486009
"Ta_Ne_Omotic";"r2";0,993250317416109;31,0449208981547;65,2435362565631;31,2142209741865;23,0033716876914
"Ta_Ne_Omotic";"r2";0,994572628217927;27,7886493458633;70,4106995884774;27,9996495945891;20,9520314159256
"Ta_Ne_Omotic";"r2";0,992991955297745;28,8141304061702;69,7656875266071;29,0168608869645;21,3692188713647
"Ta_Ne_Omotic";"r2";0,994342743196327;29,9842322777646;68,1031077054066;30,1729395818619;21,2883205693332
"Ta_Ne_Omotic";"r2";0,992667748385022;30,8303851114796;67,5864233006953;31,0123456965748;21,9824156021413
"Ta_Ne_Omotic";"r2";0,993321729527004;30,370962647082;68,0064105293033;30,5572767455089;22,1382443919121
"Ta_Ne_Omotic";"r2";0,992741667222902;29,9429834952223;67,2679189726125;30,1277604035262;21,8167989316391
"Ta_Ne_Omotic";"r2";0,994378424089317;29,7443075627155;70,3012345679012;29,9450844290778;20,8014661500023
"Ta_Ne_Omotic";"r2";0,99379091642142;29,0587933349127;70,0812792677735;29,2618749484418;20,9403987935567
"Ta_Ne_Omotic";"r2";0,992987891836334;31,4338624338624;64,9565346956151;31,5998162569404;23,0699372848012
"Ta_Ne_Omotic";"r2";0,994257790682849;30,3409671220616;70,1954164892862;30,5382663763548;20,0584443530946
"Ta_Ne_Omotic";"r2";0,994074947060562;29,5702045328911;67,7315276003973;29,7591219738193;21,3056497125397
"Ta_Ne_Omotic";"r2";0,992516337677334;30,3087472689463;64,8545515822336;30,4797661021804;22,8783417699279
"Ta_Ne_Omotic";"r2";0,994976462930091;30,007515333386;69,8247765006386;30,2046304876793;20,8341616861163
"Ta_Ne_Omotic";"r2";0,994021837127784;30,1069388507199;67,7177628778203;30,2931310488739;21,9004063258927
"Ta_Ne_Omotic";"r2";0,992177937746374;31,4346652978494;69,0777032779906;31,6210169710184;22,2650604742515
"Ta_Ne_Omotic";"r2";0,993987871244507;30,0655716128353;69,4700049666525;30,2606430650819;21,0719933174273
"Ta_Ne_Omotic";"r2";0,992991178638973;29,0183737397668;67,5081949765858;29,208917409256;22,7528397646649
"Ta_Ne_Omotic";"r2";0,994045437431369;29,1291294848509;68,6312863629913;29,3246847169209;21,448678551534
"Ta_Ne_Omotic";"r2";0,994168435072329;30,2552581010292;67,8284411806442;30,441263957859;21,8503875683065
"Ta_Ne_Omotic";"r2";0,993298333784232;29,9557898338993;70,7418830708103;30,1577011865573;21,9898973834336
"Ta_Ne_Omotic";"r2";0,993643835445547;30,5609913395983;69,2190506598553;30,7523678708867;21,3112755835879
"Ta_Ne_Omotic";"r2";0,994198868338283;29,7922293295428;67,5760359018022;29,9792778769302;21,1803567092128
"Ta_Ne_Omotic";"r2";0,993134378906204;28,9071178499039;69,3019689229459;29,1070923601665;21,1409896681178
"Ta_Ne_Omotic";"r2";0,992791456858523;30,5423412040327;68,7548815098624;30,7315121956458;20,8194378832175
"Ta_Ne_Omotic";"r2";0,993638247810189;29,173852957435;71,2614658720023;29,3822074768141;20,3104089871901
"Ta_Ne_Omotic";"r2";0,991982690440506;29,4795203874806;68,3185149709096;29,6717926378936;21,7985439493863
"Ta_Ne_Omotic";"r2";0,993024148813595;29,625746926742;66,1307932453526;29,8064649778242;21,8663704210083
"Ta_Ne_Omotic";"r2";0,992469853415309;30,9324804548685;63,5684085426423;31,094044455303;23,6092900153356
"Ta_Ne_Omotic";"r2";0,993591550509723;28,9734001947932;67,8192244926919;29,1657062556739;21,7190618107791
"Ta_Ne_Omotic";"r2";0,992551840358949;27,9650819974203;69,0956293458209;28,168698568452;21,6429765905508
"Ta_Ne_Omotic";"r2";0,994785158373583;29,7740135302324;68,7156839789982;29,9667940770085;20,9369432590785
"Ta_Ne_Omotic";"r2";0,993504409518432;27,3610387217352;70,0511494252873;27,572375903436;20,2393074267741
"Ta_Ne_Omotic";"r2";0,994034262786063;30,1950038168944;70,5590996168582;30,3948260733298;21,6281394519957
"Ta_Ne_Omotic";"r2";0,994166175351196;28,1446471346969;72,7237264084007;28,3653356459528;20,2523362450406
"Ta_Ne_Omotic";"r2";0,99232568792707;30,2656163626313;68,7321342415212;30,4560446689624;20,9498721969474
"Ta_Ne_Omotic";"r2";0,993781365353845;26,7696964910895;70,561036611324;26,9864853035659;21,2371426844019
"Ta_Ne_Omotic";"r2";0,994977224698667;30,0449340598594;69,5799382716049;30,2406519024918;21,4591085701431
"Ta_Ne_Omotic";"r2";0,99417149548267;31,0413672378847;69,4995494536682;31,2317542785568;20,6745731522245
"Ta_Ne_Omotic";"r2";0,99372489017797;27,966608755166;70,2424045693203;28,1758948730578;20,2886605789227
"Ta_Ne_Omotic";"r2";0,993037298439813;30,102845560557;70,7902724563644;30,3042684659818;20,5092132588407
"Ta_Ne_Omotic";"r2";0,993394194319639;31,8449814419964;65,2595040442742;32,0103998707205;23,1895926007846
"Ta_Ne_Omotic";"r2";0,993849086726287;29,4083945352602;67,855296580105;29,598725733502;21,6764329618026
"Ta_Ne_Omotic";"r2";0,994441963729591;29,3732659454053;73,779814105293;29,5931003422364;19,7958986535595
"Ta_Ne_Omotic";"r2";0,995160820873417;30,8153149595936;69,8703597275436;31,0086567653755;20,7038903467032
"Ta_Ne_Omotic";"r2";0,993524043170847;28,2525336281555;68,4427983539095;28,4514953347187;21,9933977308042
"Ta_Ne_Omotic";"r2";0,992264948432773;29,4940114243597;68,2455761316872;29,6858508536039;22,0459681139425
"Ta_Ne_Omotic";"r2";0,993687219266104;28,4448129721762;69,424599120193;28,6476832006317;20,7380668879641
"Ta_Ne_Omotic";"r2";0,994194428301903;31,3722261707336;69,6410813111962;31,5616759486567;20,9205977642889
"Ta_Ne_Omotic";"r2";0,992924009975458;31,0300350101345;66,5871789413935;31,2060604751407;22,7673573224895
"Ta_Ne_Omotic";"r2";0,994581831780902;30,3837031772355;67,7145913154534;30,5685095541574;21,5636196878769
"Ta_Ne_Omotic";"r2";0,993603457478708;29,641040827608;70,3321484319569;29,8424819543622;20,9281660919732
"Ta_Ne_Omotic";"r2";0,992767701357471;29,0113585511595;66,335032638002;29,1961292149558;23,354860561194
"Ta_Ne_Omotic";"r2";0,991300681177084;31,2579430887889;65,7973321980985;31,4289301635874;21,9599696493316
"Ta_Ne_Omotic";"r2";0,993442746342383;29,3826502408592;72,6532318717185;29,596861041012;20,4041465162
"Ta_Ne_Omotic";"r2";0,994143025191187;29,5827213140646;68,970104299702;29,7777083585479;21,4025407545883
"Ta_Ne_Omotic";"r2";0,994888575466716;26,9326515570297;72,1143926493543;27,1563235426352;21,1190732950848
"Ta_Ne_Omotic";"r2";0,993694919561074;27,5086209165811;71,9020256846885;27,7283902471163;19,9109796792472
"Ta_Ne_Omotic";"r2";0,993556559567407;28,1739845744821;72,1056158649071;28,391467897702;20,3639072239439
"Ta_Ne_Omotic";"r2";0,994571637585701;30,4252941641001;68,6443238257415;30,614497281237;22,4900944184013
"Ta_Ne_Omotic";"r2";0,994240176410119;28,6470820500671;72,6623350361856;28,8649793420776;19,7807607301688
"Ta_Ne_Omotic";"r2";0,994500925087156;28,8106162310142;67,0090144742444;28,9997172124164;21,6652211147437
"Ta_Ne_Omotic";"r2";0,993824420805015;28,278922846087;69,5532567049809;28,4832512315271;21,5291113313749
"Ta_Ne_Omotic";"r2";0,994400041124305;29,9368501408302;70,0326450972045;30,1353441752677;20,9924113913477
"Ta_Ne_Omotic";"r2";0,992515221169598;30,9082892416226;70,4831240244075;31,1042042652997;21,0779101502725
"Ta_Ne_Omotic";"r2";0,992445966202555;30,3925610045013;71,1344118064425;30,594253335204;20,8021553345969
"Ta_Ne_Omotic";"r2";0,990208474164372;27,9866277080207;66,1533099191145;28,1755716793628;22,9312278319081
"Ta_Ne_Omotic";"r2";0,992534065989491;30,7338571691805;65,6327160493827;30,9066237973004;22,7913838830336
"Ta_Ne_Omotic";"r2";0,994216174685734;30,1504909315855;70,6727188874698;30,351096020476;20,6713133471387
"Ta_Ne_Omotic";"r2";0,993973122814279;31,071586511885;67,4192954448702;31,2515256650186;23,0588068562736
"Ta_Ne_Omotic";"r2";0,994906810214665;29,5894469451683;73,8060415779764;29,808340978004;19,5817640925956
"Ta_Ne_Omotic";"r2";0,992131006567344;29,4010503040354;66,4144813395771;29,584285111142;23,9101327854378
"Ta_Ne_Omotic";"r2";0,99448776075926;30,1676143094054;71,0692528735632;30,3700976686339;20,6967186776799
"Ta_Ne_Omotic";"r2";0,994779590044301;27,8357419252942;72,5288491556691;28,0569949313851;20,8135919783021
"Ta_Ne_Omotic";"r2";0,994127787064735;27,3908236594804;71,7285014899958;27,6103171140869;20,0073641196123
"Ta_Ne_Omotic";"r2";0,992848549654894;27,8572744741899;67,866613452533;28,0553405087361;21,4678015703005
"Ta_Ne_Omotic";"r2";0,99173683826345;30,1284845613204;67,2067901234568;30,3120405294498;22,0590652818646
"Ta_Ne_Omotic";"c0";0,998372802996084;37,4110926847245;47,387464980533;37,4604806663869;49,2524075021332
"Ta_Ne_Omotic";"c0";0,998320055236809;37,2764221221933;45,673741489633;37,3179930101509;46,8551886801267
"Ta_Ne_Omotic";"c0";0,999291637461388;36,6861986364474;45,2662903259822;36,7286743378807;48,618007927626
"Ta_Ne_Omotic";"c0";0,998875743577076;37,0484350733107;44,177627557381;37,0837281054101;49,9452351589922
"Ta_Ne_Omotic";"c0";0,998896618630929;37,0955276527416;44,9656248445275;37,1344885299286;48,7719886815247
"Ta_Ne_Omotic";"c0";0,998045927472721;37,559714654242;47,9271294047717;37,6110384896407;47,9892399687523
"Ta_Ne_Omotic";"c0";0,998110851075142;37,348732527837;46,5286435974095;37,3941776321418;48,0663017683792
"Ta_Ne_Omotic";"c0";0,998806539529505;37,2723683171444;45,581735301144;37,3135037972632;50,1181635777799
"Ta_Ne_Omotic";"c0";0,998566892192683;37,2110610966332;46,6709847908518;37,2578924020502;50,3199734748319
"Ta_Ne_Omotic";"c0";0,998620964245018;36,9896285766932;47,357050893228;37,0409524495474;46,9263749192062
"Ta_Ne_Omotic";"c0";0,999250689904885;36,8564058016794;45,954312240778;36,901444942467;51,1322224402431
"Ta_Ne_Omotic";"c0";0,998480568108468;37,4066177051252;47,5251384259343;37,4567093918618;50,0599635481796
"Ta_Ne_Omotic";"c0";0,999061743540741;37,3309642264866;45,4291040406319;37,3710540275467;48,8814780344728
"Ta_Ne_Omotic";"c0";0,998937450342738;37,2350943694227;46,3381036879871;37,2801587719899;48,749935285085
"Ta_Ne_Omotic";"c0";0,999361824165038;36,9065782200111;42,1960510725873;36,9327637291822;50,8315919368382
"Ta_Ne_Omotic";"c0";0,99928299658668;37,041485693227;44,6998521236326;37,079398398328;48,4328536447141
"Ta_Ne_Omotic";"c0";0,999010821548494;37,0395114375214;43,7690067163751;37,072825770585;49,9349596534494
"Ta_Ne_Omotic";"c0";0,998157752087204;37,6252072968491;46,002435322697;37,6666787227196;49,4558162384291
"Ta_Ne_Omotic";"c0";0,999021205947867;36,5751401721551;45,849053594785;36,6210506346434;49,3300769957136
"Ta_Ne_Omotic";"c0";0,998678069645554;36,8628023901656;42,3540207868813;36,8899866396543;47,5852341540317
"Ta_Ne_Omotic";"c0";0,998374949535651;37,3748716733791;46,4950604950605;37,4200211229914;46,2667935513516
"Ta_Ne_Omotic";"c0";0,999182217652713;36,9968938376899;47,121862994777;37,0470174473784;51,1555036083535
"Ta_Ne_Omotic";"c0";0,998727654036113;36,7398720682303;45,1074082978108;36,7812955149114;50,9674607435523
"Ta_Ne_Omotic";"c0";0,997549720259822;37,5451051620206;46,8559467697251;37,5911984373062;46,3966109961477
"Ta_Ne_Omotic";"c0";0,999163214332655;36,8466398167891;43,367573549783;36,8789216669524;51,5013778909505
"Ta_Ne_Omotic";"c0";0,998745505230579;36,7107847008345;46,3964611308963;36,7587335940526;50,2063986321757
"Ta_Ne_Omotic";"c0";0,997658991760515;37,792439916818;46,3811851231206;37,8349584574433;47,9276617789446
"Ta_Ne_Omotic";"c0";0,997388704300656;37,6286819868909;45,2329699567234;37,6663269768406;46,1053286116865
"Ta_Ne_Omotic";"c0";0,996447355452281;38,119297691437;50,0720122085976;38,1784695454823;43,3511023734522
"Ta_Ne_Omotic";"c0";0,998197530563494;37,2741056621654;46,4175172892656;37,3193700761609;46,761920287207
"Ta_Ne_Omotic";"c0";0,997922079708644;37,7931769722815;45,7723153885277;37,8326776575104;45,8041219641621
"Ta_Ne_Omotic";"c0";0,997067790410718;37,6808549843376;47,869059453238;37,7312916401242;43,5049647852995
"Ta_Ne_Omotic";"c0";0,998090207846856;37,5479480902366;47,3425609723549;37,5964362728214;47,4513535833884
"Ta_Ne_Omotic";"c0";0,998735124153589;37,2857932559425;44,7179137996929;37,3225859319017;50,7581046472178
"Ta_Ne_Omotic";"c0";0,997907257726072;37,5412882676564;47,8026795603275;37,5920872344518;49,5661893449109
"Ta_Ne_Omotic";"c0";0,999222663624931;36,9738871778673;44,7584649937591;37,0124246918073;51,4518029801263
"Ta_Ne_Omotic";"c0";0,999056144500092;37,1116112558899;45,6964938670116;37,1541106747568;51,5551108203178
"Ta_Ne_Omotic";"c0";0,999252953049374;37,3443628418753;45,8491424638144;37,3864657112908;51,3253768734761
"Ta_Ne_Omotic";"c0";0,998531010316676;37,1657848324515;47,4576126649431;37,2167344751866;47,6930104098886
"Ta_Ne_Omotic";"c0";0,998549984140456;37,3172497301851;46,8863504897311;37,3646215161234;48,5616886899777
"Ta_Ne_Omotic";"c0";0,99864214866764;37,2026376056227;44,821897318666;37,240356713113;48,0593342688399
"Ta_Ne_Omotic";"c0";0,998801559690612;37,1723393613941;45,142523300418;37,2117957175279;50,3530318607846
"Ta_Ne_Omotic";"c0";0,999308534311553;36,7600884466556;43,4536093500704;36,7932246887517;49,2598606300334
"Ta_Ne_Omotic";"c0";0,998753938249907;37,3488114980652;45,7829370918802;37,3905645950643;47,7452330115177
"Ta_Ne_Omotic";"c0";0,99880180340145;36,9296901734713;46,1128951692329;36,9751515843414;52,6805884878806
"Ta_Ne_Omotic";"c0";0,999099149437681;37,1085577403985;44,8661488434702;37,1469616567504;49,7308769663061
"Ta_Ne_Omotic";"c0";0,999472453248956;36,6613756613757;42,5072303961906;36,6903155363005;52,0109922189498
"Ta_Ne_Omotic";"c0";0,998673678599918;37,141751559662;45,1236006735323;37,1812656641861;49,3741343337418
"Ta_Ne_Omotic";"c0";0,999186373073528;36,9585932770012;46,0162105284057;37,0034329663646;49,9721493460071
"Ta_Ne_Omotic";"c0";0,998965476279918;37,0102398062597;46,1316945217314;37,0553955226729;48,9368429549257
"Ta_Ne_Omotic";"c0";0,999064870403398;37,1269314801653;45,7338807723917;37,1695401400278;46,6843516751493
"Ta_Ne_Omotic";"c0";0,997253283214735;37,3694227276317;45,7725911519771;37,4110225713166;51,3966504831312
"Ta_Ne_Omotic";"c0";0,998162635820261;37,0650451446471;48,2201478574028;37,1202684254033;46,3429714311381
"Ta_Ne_Omotic";"c0";0,999215659967353;36,7412145621101;44,8201201008219;36,7812091439849;50,2397809450074
"Ta_Ne_Omotic";"c0";0,998501102746349;37,2271710231909;47,6770429563352;37,2789030624639;47,9261553693543
"Ta_Ne_Omotic";"c0";0,998572933516519;37,510226644555;47,3718246286241;37,5590464365553;47,1472367957839
"Ta_Ne_Omotic";"c0";0,997573726963149;37,4779804680302;46,9086804043113;37,5246671013781;49,9484290711347
"Ta_Ne_Omotic";"c0";0,997943420643057;37,5527389507489;44,9090007457324;37,5891560883478;48,8409866791712
"Ta_Ne_Omotic";"c0";0,999480248433059;36,7407933875596;44,0770004888533;36,7771112444967;49,6834585794105
"Ta_Ne_Omotic";"c0";0,999209673241524;36,7873858222117;43,5474049261711;36,8208512633204;49,2610708019174
"Ta_Ne_Omotic";"c0";0,997948905705824;37,0474611071626;45,9699725212721;37,0916319557473;51,4707442809475
"Ta_Ne_Omotic";"c0";0,99684276698612;38,0148990497249;49,3406870974783;38,0709673073871;45,0955669273302
"Ta_Ne_Omotic";"c0";0,998567487579454;37,1484377056516;44,3103370583045;37,183892652942;50,7763374365717
"Ta_Ne_Omotic";"c0";0,998435242253277;37,0964489720709;44,1674662278377;37,1314540079905;51,5280322130107
"Ta_Ne_Omotic";"c0";0,998922843814007;36,7628787280529;44,3728530171759;36,800551868098;48,6375156027471
"Ta_Ne_Omotic";"c0";0,9985469332523;36,9513280160046;44,0605041409492;36,9865219572172;50,9932633178277
"Ta_Ne_Omotic";"c0";0,998520396895655;37,0877885703756;47,3322607689317;37,1385037792794;50,0428664363768
"Ta_Ne_Omotic";"c0";0,99791138082352;37,1590723630525;48,5459310892581;37,215442950806;46,7228263598506
"Ta_Ne_Omotic";"c0";0,998839961563719;37,2941377767248;45,4197813430701;37,3343637349741;48,1404215568304
"Ta_Ne_Omotic";"c0";0,998935794212881;37,3655531864487;45,1897789723974;37,4042869774683;48,72850403053
"Ta_Ne_Omotic";"c0";0,998583165489904;37,4170417752507;44,6362038124214;37,4527802011773;49,4803276135018
"Ta_Ne_Omotic";"c0";0,998578677449145;37,0141356708521;42,9258676678446;37,0434016708372;49,8795170062821
"Ta_Ne_Omotic";"c0";0,999049233187755;36,7950722577588;45,7769799534505;36,8395371473415;51,7530716687679
"Ta_Ne_Omotic";"c0";0,99813719615335;37,4569217405038;47,1869472772466;37,505090183755;46,213273725552
"Ta_Ne_Omotic";"c0";0,998750469075393;37,4774276764327;46,6565598292391;37,5228689247139;49,6613108554831
"Ta_Ne_Omotic";"c0";0,998679254534395;37,0961067677486;48,4353659475011;37,152241714183;50,1138908418273
"Ta_Ne_Omotic";"c0";0,99861844716704;37,2603121956356;43,6889296849958;37,2921370346918;48,6903955422052
"Ta_Ne_Omotic";"c0";0,995773836968224;38,1052146674037;48,7854210703673;38,1580869763293;44,7359996245207
"Ta_Ne_Omotic";"c0";0,999275881211294;37,2782910842612;44,3994010919833;37,3135441041014;51,1036371878433
"Ta_Ne_Omotic";"c0";0,998707597574173;37,2257758824923;44,9930525108103;37,2642277469889;51,3715401436928
"Ta_Ne_Omotic";"c0";0,999289848546409;36,6364737160757;43,2701774566911;36,6693138336035;53,3000265446409
"Ta_Ne_Omotic";"c0";0,998241919534937;37,3044828766222;48,4181487544828;37,3595010245324;47,6539179953917
"Ta_Ne_Omotic";"c0";0,998168235470618;37,6810655716128;48,555831349691;37,7349010457617;46,2851778238906
"Ta_Ne_Omotic";"c0";0,997077877962165;37,3128010739951;45,8431463137346;37,355030505875;47,9990131174251
"Ta_Ne_Omotic";"c0";0,998201483023323;37,3290426175998;47,8271092437759;37,3810132444621;48,2095365089152
"Ta_Ne_Omotic";"c0";0,998128749531087;37,0974755850378;46,1802402948774;37,1424397667697;44,8290099340748
"Ta_Ne_Omotic";"c0";0,999037218342374;36,8248703572087;46,4145675775971;36,8723441058245;49,8007950160755
"Ta_Ne_Omotic";"c0";0,998579438851391;37,2473610782069;45,4701356882132;37,2880678832069;48,6201032414202
"Ta_Ne_Omotic";"c0";0,999127199078574;36,9571191660744;42,596393964815;36,9850363680483;49,7378844930888
"Ta_Ne_Omotic";"c0";0,998486374241952;37,3483640001053;48,0346698438354;37,4012665042822;46,5330200694468
"Ta_Ne_Omotic";"c0";0,99813652674225;37,5404722419648;49,0943898738916;37,597669854004;47,4853539057959
"Ta_Ne_Omotic";"c0";0,999377812690624;36,4165153070626;43,0811644495855;36,4495086196493;51,6624927957725
"Ta_Ne_Omotic";"c0";0,997900731229411;37,1269051567559;46,6853533398249;37,1742242071671;45,4564869057532
"Ta_Ne_Omotic";"c0";0,998437980052224;37,0828660928163;44,6617889976692;37,1203855131374;48,4485429811873
"Ta_Ne_Omotic";"c0";0,997192363124214;37,4631077417147;49,0285972189997;37,5203626401171;48,6330940283645
"Ta_Ne_Omotic";"c0";0,997183500328776;37,8536418436916;47,5294342177282;37,9015418059393;44,7809301278144
"Ta_Ne_Omotic";"c0";0,998707992676971;37,0495406565058;45,8022524489243;37,0928709129039;50,6961481274959
"Ta_Ne_Omotic";"c0";0,998968303271762;36,8541683118798;47,082404911147;36,9048031465296;48,4796666845132
"Ta_Ne_Omotic";"c0";0,999363184060659;36,874121456211;40,8763126454128;36,8939342838803;51,8891539124662
"Ta_Ne_Omotic";"c0";0,998346055770406;36,7085208876254;44,9738498166347;36,749438357571;49,9344698233312
"Ta_Ne_Omotic";"c0";0,995684044846633;38,0621232462028;49,632691160376;38,1194032853819;43,92246860689
"Ta_Ne_Omotic";"c0";0,998785621130774;36,9478533259628;48,4499333847205;37,0047943163527;49,1757037355759
"Ta_Ne_Omotic";"c0";0,998501731709469;36,9575929874437;46,5231655631492;37,0049473071254;46,8974747732563
"Ta_Ne_Omotic";"c0";0,998789221993774;37,1698386375003;46,4334037997357;37,2156978709767;50,6538973813723
"Ta_Ne_Omotic";"c0";0,998858309885097;37,0578062070599;45,4871898052982;37,0995358288334;48,4792382059679
"Ta_Ne_Omotic";"c0";0,997633811852669;36,9878912316723;47,5348281301168;37,0401037905755;46,626342493132
"Ta_Ne_Omotic";"c0";0,99912800974931;37,037484534997;44,7723485091906;37,0757759408098;51,9926437125348
"Ta_Ne_Omotic";"c0";0,998011525332045;36,9295322330148;47,2069561812238;36,9804105693921;47,0663238010893
"Ta_Ne_Omotic";"c0";0,998562686629792;37,2220906051752;46,5935238458857;37,2684838390401;49,2796376796044
"Ta_Ne_Omotic";"c0";0,999274795303919;36,8860459606728;41,9552804653235;36,9111411809929;52,1696624798489
"Ta_Ne_Omotic";"c0";0,999115000711472;37,2017426097028;45,4592416134644;37,2426213176422;52,0024761895975
"Ta_Ne_Omotic";"c0";0,998801219628785;37,2737634578431;47,0392052777876;37,3221072292289;49,2915291232329
"Ta_Ne_Omotic";"c0";0,99879267731676;36,8287925452105;46,0681996866207;36,8745321845244;49,8720672157991
"Ta_Ne_Omotic";"c0";0,9975829243253;37,4741898970755;45,453698448855;37,5136924146585;46,9645177290516
"Ta_Ne_Omotic";"c0";0,998814219499725;37,1960041064519;46,1118603016988;37,2401420084085;49,2112789589334
"Ta_Ne_Omotic";"c0";0,998979647731368;36,8335570823133;45,7673876208471;36,8777839661674;54,4655026540872
"Ta_Ne_Omotic";"c0";0,997936042642713;37,5689015241254;47,2096607185961;37,6166280547911;48,8084563661422
"Ta_Ne_Omotic";"c0";0,998211488323342;37,2931638105767;48,2414452230582;37,3473632235098;48,579520724572
"Ta_Ne_Omotic";"c0";0,998441698514104;37,2421753665535;46,5728491543639;37,2883668209486;47,4392415400946
"Ta_Ne_Omotic";"c0";0,9995321711131;36,7717233936139;44,4502886344992;36,8097360928262;51,9786385476699
"Ta_Ne_Omotic";"c0";0,998092938871955;37,4255442364895;46,9844912325243;37,4728657562719;48,1628151010336
"Ta_Ne_Omotic";"c0";0,997875109396449;37,3264629234778;44,6307337087091;37,3626226798404;50,099721481129
"Ta_Ne_Omotic";"c0";0,998648475111355;37,4626865671642;46,0220252720253;37,5050595310496;48,9668450430009
"Ta_Ne_Omotic";"c0";0,998091341179137;37,2805022506515;44,5750686756552;37,3166139656268;48,5449104812177
"Ta_Ne_Omotic";"c0";0,999131924735309;36,841927926505;43,7091065594678;36,8759238603316;50,2793030977101
"Ta_Ne_Omotic";"c0";0,998291733344565;37,2352523098792;46,4582995832996;37,2809109597476;48,7227644105087
"Ta_Ne_Omotic";"c0";0,998442769984728;37,3449682802917;46,9722249871946;37,3926279669595;48,5329536141701
"Ta_Ne_Omotic";"c0";0,998772523438821;37,1417252362526;44,19858817377;37,1766602012898;47,3387397852002
"Ta_Ne_Omotic";"c0";0,998832042763796;37,2678933375451;44,277132627149;37,3025925419491;50,0698710120858
"Ta_Ne_Omotic";"c0";0,997659771845325;37,6981231409092;48,2812656436727;37,7505149354773;45,1715158513594
"Ta_Ne_Omotic";"c0";0,998299654403446;37,2624443917976;46,1632009578508;37,3065075431147;47,4672983952929
"Ta_Ne_Omotic";"c0";0,999172823221843;36,8602753428624;44,7021778881535;36,8990966425916;49,5098217693327
"Ta_Ne_Omotic";"c0";0,998893858604168;37,0241648898365;44,9143918601177;37,0632254193924;50,730932185362
"Ta_Ne_Omotic";"c0";0,997998589220928;37,3619995261786;45,6337421750218;37,4029487472125;49,9173579394392
"Ta_Ne_Omotic";"c0";0,997735066916874;37,4256232067177;47,1738636250831;37,4738818226502;46,4356397831864
"Ta_Ne_Omotic";"c0";0,998539575833682;37,3693437574035;45,2858861156628;37,4085345611572;49,278663922733
"Ta_Ne_Omotic";"c0";0,998639527886545;37,2070862618126;48,5808664041567;37,2633921041015;50,9657642327191
"Ta_Ne_Omotic";"c0";0,998148585549817;37,1782094816921;42,63768478514;37,2052365871547;49,1051517289547
"Ta_Ne_Omotic";"c0";0,99902706449952;37,2062175893022;46,2742432185157;37,2511088052884;51,3161710800808
"Ta_Ne_Omotic";"c0";0,998291349561501;37,472031377504;48,3370598877659;37,5258186473568;46,5085338312673
"Ta_Ne_Omotic";"c0";0,998267129003704;37,5733501803154;46,2552795671075;37,6163300287648;48,5302860823904
"Ta_Ne_Omotic";"c0";0,999166585259676;37,1222985601095;45,3286279243872;37,162923953002;50,9581478491861
"Ta_Ne_Omotic";"c0";0,99853145311857;37,4923793729764;41,8214114914258;37,5138102250479;48,1216916172335
"Ta_Ne_Omotic";"c0";0,998513551723622;37,3063518386901;46,6584078667412;37,3526491457597;48,7819387421835
"Ta_Ne_Omotic";"c0";0,998514446385735;37,1340914475243;45,4757012909148;37,1753865457589;50,7960959089965
"Ta_Ne_Omotic";"c0";0,998192422396089;37,546552949538;46,9627330122686;37,5931677023238;49,1865791923372
"Ta_Ne_Omotic";"c0";0,99838053325778;37,6974387322646;44,8640861945501;37,7329171850482;47,5942715264161
"Ta_Ne_Omotic";"c0";0,999037403911185;36,9008660401695;43,3290359595349;36,9326886635327;50,9064633109639
"Ta_Ne_Omotic";"c0";0,998543144048163;37,2549948669352;46,6195715435314;37,3013541574134;49,0059356446761
"Ta_Ne_Omotic";"c0";0,998231700872538;37,1807102055858;46,8591253429963;37,2286231518106;47,2660788431873
"Ta_Ne_Omotic";"c0";0,997286899867254;37,6558740688094;47,5364684860299;37,704787902558;47,3369697374885
"Ta_Ne_Omotic";"c0";0,998483824104262;37,2459659375082;46,0737707458774;37,2896679415101;49,9179985010131
"Ta_Ne_Omotic";"c0";0,998142760308403;37,224012214062;45,2458131774038;37,2637241000191;46,1988367636061
"Ta_Ne_Omotic";"c0";0,998689847926865;36,864960909737;48,0020813189028;36,9200951691883;50,3441368659485
"Ta_Ne_Omotic";"c0";0,999053388932558;37,1872647345284;43,8149738088762;37,2200751754905;48,7511579298178
"Ta_Ne_Omotic";"c0";0,998272894391756;37,4756376845929;47,8631150520115;37,5270608398772;47,806920036004
"Ta_Ne_Omotic";"c0";0,998214757351474;37,223564716102;48,2389690891638;37,2780964209192;47,6885490557378
"Ta_Ne_Omotic";"c0";0,997974575517862;37,4073021137698;48,5100574952976;37,4622662493219;48,0345538521674
"Ta_Ne_Omotic";"c0";0,997947410443117;37,5380504882992;48,5390531680294;37,5925108976048;47,5534746729126
"Ta_Ne_Omotic";"c0";0,998620336903439;37,0902103240412;46,7003898589098;37,1377854702534;47,2770503697757
"Ta_Ne_Omotic";"c0";0,998777926546818;36,9509594882729;45,9259305457297;36,9953900380623;49,2620368646834
"Ta_Ne_Omotic";"c0";0,997942889332368;37,0688620390113;47,4205614290258;37,1201080755955;48,2585398037978
"Ta_Ne_Omotic";"c0";0,998724760299282;37,3370975808787;43,1555706839505;37,3659019031711;48,7879739010639
"Ta_Ne_Omotic";"c0";0,998327610406485;37,1637052831083;45,5941862486233;37,205440337393;48,0086857261945
"Ta_Ne_Omotic";"c0";0,999649346570345;36,9647003079839;41,9856431523098;36,9895564606786;52,3080707539163
"Ta_Ne_Omotic";"c0";0,999250102892897;37,0287978098923;46,4005939585719;37,0751928403313;55,8796628300874
"Ta_Ne_Omotic";"c0";0,998103970770735;37,2202479665166;46,4269415697077;37,2658256576215;47,3066401718085
"Ta_Ne_Omotic";"c0";0,998584934129792;37,3451525441575;45,4532487444781;37,3852916342581;50,1434271131635
"Ta_Ne_Omotic";"c0";0,998808182669376;37,017741977941;46,9790748685078;37,0670555071022;51,7409753815101
"Ta_Ne_Omotic";"c0";0,998255196941983;37,2281186659296;47,6424999236886;37,2796750087898;47,3185705346111
"Ta_Ne_Omotic";"c0";0,998469191737553;37,3256732211956;47,946315422776;37,3782506578371;48,2897196871651
"Ta_Ne_Omotic";"c0";0,9994590778707;36,4210955802996;42,8316105438485;36,4528308028914;50,5201425024091
"Ta_Ne_Omotic";"c0";0,99828541293227;37,3208297138645;46,9523729544756;37,3685106209963;47,9613579639494
"Ta_Ne_Omotic";"c0";0,999357804149612;36,9757034931164;45,9857264583787;37,0203075672019;49,398064919953
"Ta_Ne_Omotic";"c0";0,998135458292278;37,0414593698176;48,1949999989892;37,0966749174867;45,7522810789035
"Ta_Ne_Omotic";"c0";0,998015674139492;37,2789491694964;46,9606245740547;37,3268782556576;47,209422493858
"Ta_Ne_Omotic";"c0";0,999341408742254;37,11871857643;40,7756572492659;37,1368222332262;51,0565917583477
"Ta_Ne_Omotic";"c0";0,99905166542685;37,3708178683303;43,4625596089011;37,4009750056599;48,1545985760842
"Ta_Ne_Omotic";"c0";0,998201055809622;37,2864250177683;47,9749811738507;37,3393386621053;45,4826181205693
"Ta_Ne_Omotic";"c0";0,999243086574323;37,010002895575;42,7999237627721;37,0386658701651;52,2650696834989
"Ta_Ne_Omotic";"c0";0,999089541339416;37,0318776487931;45,4558027547972;37,0735802483277;49,408780577308
"Ta_Ne_Omotic";"c0";0,999156764833082;37,1834478401643;42,2983940706335;37,2087693561567;50,0914995496591
"Ta_Ne_Omotic";"c0";0,999332562031415;36,9081576245755;44,5710235789271;36,9460926045476;54,7545808162095
"Ta_Ne_Omotic";"c0";0,998951994486454;37,2017162862934;45,8947047665214;37,2447508827302;48,8407988712099
"Ta_Ne_Omotic";"c0";0,99866461635929;37,1877385558978;47,5699221031149;37,2391355041513;48,1827518612284
"Ta_Ne_Omotic";"c0";0,997456509434305;37,6989918134197;46,5757742175261;37,7429362807667;46,6435997707138
"Ta_Ne_Omotic";"c0";0,998837645463947;36,9884703466793;45,0224681803629;37,0282426131827;49,0170459149614
"Ta_Ne_Omotic";"c0";0,998912073732032;36,6283924293875;45,6340158436242;36,6729747235173;51,70104566169
"Ta_Ne_Omotic";"c0";0,998688089161519;37,1937666166522;46,2057648414238;37,2383804692501;51,9160015009552
"Ta_Ne_Omotic";"c0";0,99765385910861;37,3070625707442;48,2301734506036;37,3611373770801;47,2956840783381
"Ta_Ne_Omotic";"c0";0,99885477438964;37,2046908315565;44,7856355793883;37,2422202610012;46,6198294916469
"Ta_Ne_Omotic";"c0";0,998389808283668;37,3352286188107;47,1106957967423;37,3836220206817;45,2239861177855
"Ta_Ne_Omotic";"c0";0,995768739823243;38,3319118692253;50,3721433147567;38,3915169753913;44,0792458798444
"Ta_Ne_Omotic";"c0";0,99927324120217;36,9731237989944;44,5402205696323;37,0105846740966;52,1651732072319
"Ta_Ne_Omotic";"c0";0,999457980939956;37,1146647713812;45,3142614030127;37,155256833914;52,6338445069439
"Ta_Ne_Omotic";"c0";0,998598731676805;37,3099844691884;47,1606391629191;37,3587500864841;50,3732244620559
"Ta_Ne_Omotic";"c0";0,997943264817914;37,2542841348811;42,7276339310653;37,2813799259514;49,1553583632365
"Ta_Ne_Omotic";"c0";0,998641330043231;37,4153570770486;46,8217990147815;37,4619236212948;50,6149225804253
"Ta_Ne_Omotic";"c0";0,997818686965383;37,5590302455974;45,5246689965223;37,5984641008;48,2867016359263
"Ta_Ne_Omotic";"c0";0,997772856410123;37,4407591671273;46,8686966375305;37,4874321249016;49,6687542589044
"Ta_Ne_Omotic";"c0";0,998125111913103;37,4695569770197;45,8141291144796;37,5108667400764;50,61655262664
"Ta_Ne_Omotic";"c0";0,998563174536898;37,2587591144805;47,3676523988215;37,3088031406406;49,8362356876288
"Ta_Ne_Omotic";"c0";0,996963502495903;37,4784279659902;44,4537994671902;37,5129595080753;47,7297730174868
"Ta_Ne_Omotic";"c0";0,997149396141621;37,4983811103214;44,9347693703299;37,5351949135888;49,8504383979233
"Ta_Ne_Omotic";"c0";0,999122003489217;36,9653320698097;45,9028206908519;37,0095770629832;49,6050603373791
"Ta_Ne_Omotic";"c0";0,996575357990159;37,841927926505;50,5009304762138;37,904596255959;45,1654376725856
"Ta_Ne_Omotic";"c0";0,99820375316667;37,3790307720656;44,7736651380062;37,4156378728871;46,2418137830818
"Ta_Ne_Omotic";"c0";0,999040478616878;37,2237753033773;47,3734648571512;37,2740212912673;49,2377774160435
"Ta_Ne_Omotic";"c0";0,99805125046651;37,3548132354102;48,8291656046071;37,4116169600102;46,8855534760383
"Ta_Ne_Omotic";"c0";0,997919252245336;37,25789044197;47,7336996692002;37,309750883689;49,0084109689699
"Ta_Ne_Omotic";"c0";0,998559982272448;37,3966674563689;46,2073386437071;37,4402846404647;47,9091398120601
"Ta_Ne_Omotic";"c0";0,999572040161182;36,7679591460686;41,5377057219162;36,7915717528797;53,4222900831375
"Ta_Ne_Omotic";"c0";0,998698912672408;37,1308010213483;44,7396534896535;37,168468607825;50,1503825633577
"Ta_Ne_Omotic";"c0";0,998323900247864;37,1949248466661;45,4551308827625;37,2358169557557;49,3462484832163
"Ta_Ne_Omotic";"c0";0,999052586831201;36,4279396667456;45,9727285475983;36,4751910968489;51,7997866899837
"Ta_Ne_Omotic";"c0";0,998642975898796;37,1309326383953;46,6891014702013;37,1782503058795;48,0199484040582
"Ta_Ne_Omotic";"c0";0,99865326611726;37,1218510621496;46,6690281249482;37,1691143149357;50,3838829230045
"Ta_Ne_Omotic";"c0";0,998461940978043;37,4045644791913;44,6248205940435;37,4403083213441;50,3956966531542
"Ta_Ne_Omotic";"c0";0,998239803310688;37,299823633157;45,6061248013002;37,3409439359696;47,2632240803427
"Ta_Ne_Omotic";"c0";0,997897810576768;37,5120429598042;45,7710798023761;37,552929280807;47,8607151766617
"Ta_Ne_Omotic";"c0";0,996768302457367;37,9859169759667;47,3434923217478;38,0322416063914;48,0281738407501
"Ta_Ne_Omotic";"c0";0,9974892894251;37,7330279817842;48,6432532879027;37,7870389981511;46,782672993041
"Ta_Ne_Omotic";"c0";0,997886227605554;37,4851141119798;46,8946550745497;37,5316959979331;46,4771489802505
"Ta_Ne_Omotic";"c0";0,999003654234057;37,0984232277765;46,8178204345611;37,1465390555328;52,6094143240492
"Ta_Ne_Omotic";"c0";0,996771853646465;37,899023401511;47,8511991639375;37,9482915983547;45,4842742902482
"Ta_Ne_Omotic";"c0";0,998818806881773;37,0834452078233;42,8668962389893;37,1120761535222;52,5757467208471
"Ta_Ne_Omotic";"c0";0,998417448088127;37,303824791387;46,6187071773267;37,3499380705253;49,0368101388831
"Ta_Ne_Omotic";"c0";0,998731566267476;37,2206164942483;44,8400410495816;37,2583364177896;50,6888754342288
"Ta_Ne_Omotic";"c0";0,999025010060146;37,1392245123588;44,5159075287594;37,1757427451133;51,3576302876283
"Ta_Ne_Omotic";"c0";0,997555718168712;37,3591302745532;48,9779985442488;37,4166494244031;47,6340936714885
"Ta_Ne_Omotic";"c0";0,997393062186951;37,6113875069099;48,1995487884805;37,6638041469177;44,0071209167289
"Ta_Ne_Omotic";"c0";0,997226078410404;37,64339677275;48,9310285363665;37,6992761379164;44,4489527054653
"Ta_Ne_Omotic";"c0";0,998284260869126;36,8177893600779;46,0610669244665;36,8635481599016;49,221002378605
"Ta_Ne_Omotic";"c0";0,99659410562006;37,522230119245;47,7540570194378;37,5728827276618;47,7721253861556
"Ta_Ne_Omotic";"c0";0,99898600323969;37,0608070757324;41,8179231863442;37,084357155488;51,5485053367055
"Ta_Ne_Omotic";"c0";0,997788383956513;37,4870357208666;48,3352793235171;37,5407398971173;47,5958398221992
"Ta_Ne_Omotic";"c0";0,999589049167065;36,968964700308;42,2648154227102;36,9951817830922;53,1136592273553
"Ta_Ne_Omotic";"c0";0,998414707107338;37,4069862328569;45,8677070843174;37,4488709895473;50,9349057542458
"Ta_Ne_Omotic";"c0";0,998657592323631;37,3469688594067;45,2945467550731;37,3863133044347;49,9191148204818
"Ta_Ne_Omotic";"c0";0,998438908090979;37,3923767406354;46,6754210113317;37,4383324053419;48,4906767016423
"Ta_Ne_Omotic";"c0";0,998549195227723;37,4592118771223;46,576388561997;37,5043464151663;49,3945061937561
"Ta_Ne_Omotic";"c0";0,998043038982606;37,512095606623;48,0419685881188;37,5642236906898;43,0728249766951
"Ta_Ne_Omotic";"c0";0,997183157643666;37,5655584511306;48,060303499257;37,6175126345372;46,7434765721871
"Ta_Ne_Omotic";"c0";0,999007126645967;36,9541972676301;46,1217871671547;36,9995813760436;50,0598318005115
"Ta_Ne_Omotic";"c0";0,998574787623708;37,1009239516702;47,1896687705511;37,1508682329518;50,8368163907783
"Ta_Ne_Omotic";"c0";0,998514222932221;37,3344652399379;48,1723839881956;37,3881183030481;47,009643456468
"Ta_Ne_Omotic";"c0";0,998181149218113;37,2999815736134;47,6279768384528;37,3511102630433;50,0564421676317
"Ta_Ne_Omotic";"c0";0,998954898985035;36,6812498354787;47,4641029695978;36,7346302965387;48,0430044587028
"Ta_Ne_Omotic";"c0";0,998401047231016;37,4214377846219;47,9956940756714;37,4737855880429;48,5173634439807
"Ta_Ne_Omotic";"c0";0,99568052471703;38,0063702650767;50,380949343193;38,0676305575427;42,7406435933315
"Ta_Ne_Omotic";"c0";0,996924874129658;38,180789175814;49,9818765374321;38,2392104003765;43,4297294397136
"Ta_Ne_Omotic";"c0";0,998780686411082;37,028192371476;47,4814052685406;37,0799409501743;47,0904935519048
"Ta_Ne_Omotic";"c0";0,998211455199208;37,5166495564506;46,4800878784619;37,5610230134902;46,1829751621125
"Ta_Ne_Omotic";"c0";0,999115214601737;37,0370896838559;42,4529650075221;37,0639009478344;53,295403265124
"Ta_Ne_Omotic";"c0";0,99846161602787;37,502355945142;44,1103697329628;37,5350688846857;45,6925855831372
"Ta_Ne_Omotic";"c0";0,997358078942156;37,4385480007371;48,2570783933666;37,4921050818887;46,0188080047444
"Ta_Ne_Omotic";"c0";0,997868416553461;37,7205243623154;48,2843229291018;37,7728203948243;48,7353727847772
"Ta_Ne_Omotic";"c0";0,998689140389721;37,2461238779647;46,9251723423739;37,2940399594717;47,7812386074725
"Ta_Ne_Omotic";"c0";0,998820949027475;37,1855273895075;44,0935401138653;37,2197254723013;47,9156687109305
"Ta_Ne_Omotic";"c0";0,998415467033108;37,7141277738293;47,3987075613092;37,7620712381237;46,9202685517589
"Ta_Ne_Omotic";"c0";0,999471329715876;36,301824212272;43,0988752368727;36,3354729797205;51,5866468742441
"Ta_Ne_Omotic";"c0";0,998814773232112;36,5325225723236;46,783246526629;36,5832687305132;49,9165756713711
"Ta_Ne_Omotic";"c0";0,996684693954792;37,6917528758325;48,9866238042083;37,7476680784482;45,3687699326726
"Ta_Ne_Omotic";"c0";0,999077068416969;37,1306694043012;44,656960323627;37,1679282702385;51,2641274373835
"Ta_Ne_Omotic";"c0";0,998745603199491;37,4065650583063;45,4769198530053;37,4465173097653;49,1616618234416
"Ta_Ne_Omotic";"c0";0,99882987477735;36,8241333017452;46,00370045492;36,8695767034936;50,4668919176761
"Ta_Ne_Omotic";"c0";0,999215204507636;36,7917028613546;39,606194974616;36,8056359906282;53,4353162717553
"Ta_Ne_Omotic";"c0";0,998489745801413;37,5230461449367;45,6348404681738;37,5632035425765;48,0729333692229
"Ta_Ne_Omotic";"c0";0,998231397694808;37,2719471425939;48,0513996133269;37,3253107686866;48,648915194629
"Ta_Ne_Omotic";"c0";0,997919196889945;37,3988259759404;47,3363794661649;37,4480217852979;49,458620160947
"Ta_Ne_Omotic";"c0";0,999002337062591;37,1416989128432;45,2267867460957;37,1817241001365;49,2355228916495
"Ta_Ne_Omotic";"c0";0,998305109547486;37,7447945457896;46,5009213226202;37,7881417080511;46,9297106716951
"Ta_Ne_Omotic";"c0";0,998754441426759;37,1483060886046;46,2235917808673;37,193233245497;48,7816822414078
"Ta_Ne_Omotic";"c0";0,996398185872158;37,5478954434178;47,9630391816894;37,599455560934;44,8419453686702
"Ta_Ne_Omotic";"c0";0,99900843832817;36,8089183711074;42,282213563426;36,8360138918615;51,3763598128551
"Ta_Ne_Omotic";"c0";0,998961236002967;37,2090078706994;44,009609871839;37,2426742172397;51,2140937702006
"Ta_Ne_Omotic";"c0";0,998310028854653;37,2105872752639;47,6767804677227;37,2624001128503;51,0014588851822
"Ta_Ne_Omotic";"c0";0,997829924156029;37,2074547895443;47,3434405543444;37,2576329368948;45,0136267074282
"Ta_Ne_Omotic";"c0";0,999653540891952;36,806312353576;31,1332170465297;36,7782277233431;51,9393727904418
"Ta_Ne_Omotic";"c0";0,998996565925362;37,0164784542894;45,370404742249;37,0578345250219;52,0698288451754
"Ta_Ne_Omotic";"c0";0,997929167766497;37,5884071704967;50,3550353006921;37,6516082998541;44,1614590929647
"Ta_Ne_Omotic";"c0";0,999296994171916;36,8934954855353;43,2004623769707;36,9247180939087;50,8046293950634
"Ta_Ne_Omotic";"c0";0,998067736540957;37,4214641080313;41,9999107455248;37,4441296854446;45,8863474823186
"Ta_Ne_Omotic";"c0";0,998270682300532;37,5641896338414;45,967060243223;37,6057880031947;47,0867769442809
"Ta_Ne_Omotic";"c0";0,999545800328988;37,1001079259786;41,1705080203532;37,1202584214953;52,3947118007475
"Ta_Ne_Omotic";"c0";0,998421354649767;37,4254652662613;46,7444127216129;37,4715986695056;50,4147019170501
"Ta_Ne_Omotic";"c0";0,998402039665866;37,1139013925084;41,1234415674514;37,1337506012952;50,2839077571367
"Ta_Ne_Omotic";"c0";0,998947827323725;37,1290899997368;47,1610616837055;37,178753225895;51,4079276504023
"Ta_Ne_Omotic";"c0";0,998820576982134;37,1686804074864;42,7186419245243;37,1961554645014;52,5502392904389
"Ta_Ne_Omotic";"c0";0,997157324255344;37,1953723446261;42,2139383250494;37,2202167306678;44,120593414773
"Ta_Ne_Omotic";"c0";0,998598985417326;37,3790044486562;46,5873463177094;37,4245902994931;48,9771467927082
"Ta_Ne_Omotic";"c0";0,998228120425108;36,9733080628603;45,2077011144443;37,0140723848979;49,6508834436717
"Ta_Ne_Omotic";"c0";0,998815901443292;37,1691805522651;46,2013944387405;37,2138944823962;49,7300618120899
"Ta_Ne_Omotic";"c0";0,998870205000034;37,0428545105162;47,6933150807869;37,0955795628443;49,015798745614
"Ta_Ne_Omotic";"c0";0,998776582163042;37,2257758824923;46,5301461086656;37,2718371212357;50,1447130133868
"Ta_Ne_Omotic";"c0";0,998826632619031;37,0455658216852;44,852253427726;37,084212790032;46,4592684539055
"Ta_Ne_Omotic";"c0";0,998062305432708;37,7125483692648;48,6351621317316;37,7666207146235;45,5716027227439
"Ta_Ne_Omotic";"c0";0,998097818675995;37,1175076995973;44,1832222371399;37,1524864844366;47,846836599503
"Ta_Ne_Omotic";"c0";0,998199896413521;37,5149911816578;47,9587127156611;37,5666927734103;48,8269654714023
"Ta_Ne_Omotic";"c0";0,998505065321364;37,2449919713601;45,3340713635005;37,285036918846;49,1551102082968
"Ta_Ne_Omotic";"c0";0,999197026139575;37,3030350891047;45,8385218710422;37,3452899741638;49,6459330635654
"Ta_Ne_Omotic";"c0";0,998709524349333;37,0302192740004;46,3796709059419;37,0765036880199;51,1384165331644
"Ta_Ne_Omotic";"c0";0,998550740811549;37,2909526441865;45,7402125843315;37,3327806636921;50,7420838018156
"Ta_Ne_Omotic";"c0";0,997917378681327;37,5001711021611;47,0845533883004;37,5476185392212;46,9973492603254
"Ta_Ne_Omotic";"c0";0,998496600550801;37,2806865145174;46,8786675494142;37,3282012721159;47,5994605653442
"Ta_Ne_Omotic";"c0";0,998719088992356;37,274921687857;44,5063138050943;37,3107206587344;47,0582238838379
"Ta_Ne_Omotic";"c0";0,998882232840573;37,1686277606676;45,6128408152053;37,210430795591;49,5188739848755
"Ta_Ne_Omotic";"c0";0,998339202714523;37,1189291637053;47,091667788416;37,1682991568969;46,0723070873475
"Ta_Ne_Omotic";"c0";0,998579248494517;37,0365105688489;45,1529124470301;37,0766907761666;49,8020828148737
"Ta_Ne_Omotic";"c0";0,998634648657434;36,9295322330148;44,9583474994092;36,9692788432445;48,5834889259008
"Ta_Ne_Omotic";"c0";0,998864574012894;37,2505462107452;45,7826697221859;37,2927844459504;47,4833269844673
"Ta_Ne_Omotic";"c0";0,998383879477063;37,4698728579326;46,4792724446334;37,5144738459855;51,5284882579031
"Ta_Ne_Omotic";"c0";0,998132387852825;37,2951643896918;47,1106593506848;37,3437559489046;47,9455086500375
"Ta_Ne_Omotic";"c0";0,997161096635451;37,9344020637553;48,3422795622978;37,9859262097877;44,6742481759557
"Ta_Ne_Omotic";"c0";0,998734861993764;37,0708889415357;45,3071464321464;37,1116624934694;50,7222783519973
"Ta_Ne_Omotic";"c0";0,998275816911078;37,252599436679;45,2061044109608;37,2919732236804;48,6692383271838
"Ta_Ne_Omotic";"c0";0,998989330891351;37,1552554686883;44,2139022824655;37,1901992647961;47,9924714936098
"Ta_Ne_Omotic";"c0";0,99826172467993;37,543130906315;47,9916268645596;37,594856133831;47,8697357623104
"Ta_Ne_Omotic";"c0";0,998739056853231;37,3557872015583;46,5167049392556;37,4011382794677;48,3551413410763
"Ta_Ne_Omotic";"c0";0,999372557324505;36,9231356445287;41,6019656912959;36,9462981695127;50,5069492901273
"Ta_Ne_Omotic";"c0";0,998034945084411;37,5693490220853;44,7958262121043;37,6051236616399;50,0431236122217
"Ta_Ne_Omotic";"c0";0,997979721645232;37,3670799441944;45,7342003388515;37,4085013322867;49,0093353415611
"Ta_Ne_Omotic";"c0";0,998708345810901;37,1953196978073;44,6397037169395;37,2321730840406;47,2294155389673
"Ta_Ne_Omotic";"c0";0,998787525781484;37,0259812050857;45,5406682643714;37,0681331212208;48,454838828312
"Ta_Ne_Omotic";"c0";0,999337341040561;36,9478796493722;44,3217365972784;36,9843838916886;51,9870057304958
"Ta_Ne_Omotic";"c0";0,998934626402437;37,2554686883045;44,6004014870586;37,2918297417637;49,6134200885195
"Ta_Ne_Omotic";"c0";0,996975692337406;37,6623496275238;49,054679172148;37,7187472985367;47,1018279398486
"Ta_Ne_Omotic";"c0";0,997990045174105;37,4123035615573;46,9342194520916;37,4594417590352;48,5242891894149
"Ta_Ne_Omotic";"c0";0,998445812981984;37,1435941983206;46,4387090826301;37,1896096185399;52,0493369491201
"Ta_Ne_Omotic";"c0";0,998617815662781;37,5955408144463;44,7163689024154;37,6307924386442;47,0098270390712
"Ta_Ne_Omotic";"c0";0,998352293098846;37,41796309458;45,0405282111089;37,4556985654539;47,1455122175495
"Ta_Ne_Omotic";"c0";0,998572427474808;37,2704730316671;47,5120504163468;37,321173909809;49,1181652404434
"Ta_Ne_Omotic";"c0";0,998054829424151;37,0298770696781;45,8748513124982;37,0736640708801;44,1978717253539
"Ta_Ne_Omotic";"c0";0,996922831075955;37,9173181710495;45,5991950436395;37,9553472644782;45,2435156803121
"Ta_Ne_Omotic";"c0";0,996974758561999;37,9251099002343;48,4830323996991;37,9773768433009;46,7859266395833
"Ta_Ne_Omotic";"c0";0,998417073781275;37,2883992734739;45,8211012760114;37,3306403724964;49,9165923321701
"Ta_Ne_Omotic";"c0";0,999107210047719;37,0577009134223;46,1813878772272;37,1028676805699;49,2687633649809
"Ta_Ne_Omotic";"c0";0,999361188335084;37,1950564637132;42,2734563911035;37,2201970574131;51,3106135234771
"Ta_Ne_Omotic";"c0";0,998112304247079;37,2601542551791;44,4393027217161;37,2956945941224;50,228987784736
"Ta_Ne_Omotic";"c0";0,997820345745939;37,3870067651162;45,1273641076273;37,4253253658217;43,6362551418056
"Ta_Ne_Omotic";"c0";0,998968708107028;37,0666245492116;46,947332560125;37,1155389453052;49,0216681255692
"Ta_Ne_Omotic";"c0";0,999186648366299;37,0441706809866;42,2933582263368;37,0701567579438;50,4112352334934
"Ta_Ne_Omotic";"c0";0,998503517587718;36,8149727552713;45,3540283380304;36,8572453076612;45,985781021761
"Ta_Ne_Omotic";"c0";0,997810246767837;37,3384137513491;48,1479265083916;37,3919261907404;47,0609690825176
"Ta_Ne_Omotic";"c0";0,99840186789514;37,4524467609045;48,289969053321;37,506097861362;47,7601912896699
"Ta_Ne_Omotic";"c0";0,998152886181608;37,4279396667456;44,5398958717316;37,4631473707307;51,0332404826002
"Ta_Ne_Omotic";"c0";0,998990688833977;37,0009213193293;47,1877341112412;37,0513510856259;50,9869485212303
"Ta_Ne_Omotic";"c0";0,998282973145051;37,2225907499539;46,8267451844688;37,2701360689367;48,7797276705502
"Ta_Ne_Omotic";"c0";0,998974785405221;37,1783937455579;43,196218366761;37,208184956554;52,6012663040312
"Ta_Ne_Omotic";"c0";0,996295310251967;37,8651714970123;46,8436548852903;37,909619434578;46,4067181719551
"Ta_Ne_Omotic";"c0";0,999015939067821;36,8706730895786;45,2915814006957;36,9123607544851;49,6037906615588
"Ta_Ne_Omotic";"c0";0,997501049253229;37,4653452315144;48,1610859301027;37,5182944428935;45,4047103711505
"Ta_Ne_Omotic";"c0";0,998661550408888;37,1388033378083;44,104102495177;37,1732850168052;50,0972184553449
"Ta_Ne_Omotic";"c0";0,999143224077265;36,8388480876043;42,6068007560117;36,867402308735;48,9721207462966
"Ta_Ne_Omotic";"c0";0,998958368265417;37,1500960804443;46,4395683748521;37,1960835670503;48,8708543096441
"Ta_Ne_Omotic";"c0";0,998084606286225;37,3935612940588;47,6189970570326;37,4441822631824;47,0535136274822
"Ta_Ne_Omotic";"c0";0,998696641321714;37,38905999105;46,5209481876148;37,4342673583598;48,8958910995953
"Ta_Ne_Omotic";"c0";0,998129426329406;37,5238884940377;48,1684298859737;37,5765842435028;46,261332466082
"Ta_Ne_Omotic";"c0";0,998385691285334;37,2104556582169;46,8276292184421;37,258065428317;48,8817321172234
"Ta_Ne_Omotic";"c0";0,999384066907987;36,8772539419306;43,9086671799017;36,9120629183562;53,2731963811377
"Ta_Ne_Omotic";"c0";0,998345820713043;37,3703703703704;46,9431384618142;37,4177603114171;47,8223903959885
"Ta_Ne_Omotic";"c0";0,998264489881842;37,4379162389113;47,5909126346216;37,4881785973059;46,300670484124
"Ta_Ne_Omotic";"c0";0,998857498194067;37,1093474426808;46,0177312094369;37,1534483524172;48,699879347879
"Ta_Ne_Omotic";"c0";0,999133375938134;37,1018452709995;46,8183286216391;37,1499466737254;49,7146431932724
"Ta_Ne_Omotic";"c0";0,998757009615803;36,9449051041091;45,6785375661345;36,9881409083765;50,4215387106065
"Ta_Ne_Omotic";"c0";0,997052383797167;37,2189581194556;46,0613734772662;37,2627324529101;46,1008888776988
"Ta_Ne_Omotic";"c0";0,998413137639443;37,0680986601385;46,1906535854513;37,1132598231351;49,5844101495023
"Ta_Ne_Omotic";"c0";0,999492125055803;37,0902892942694;42,9836088257141;37,119464143435;53,2909493854855
"Ta_Ne_Omotic";"c0";0,999005190912575;36,9693332280397;45,741485016838;37,0127597220436;51,0817216461614
"Ta_Ne_Omotic";"c0";0,998256760250209;37,2267761720498;46,0860395513797;37,2706339115514;48,3155462263919
"Ta_Ne_Omotic";"c0";0,998709881941742;37,2776856458448;46,0082481840848;37,3209062524698;46,5622241605863
"Ta_Ne_Omotic";"c0";0,997234409249914;38,0591750243492;49,6482140737978;38,116546504792;44,6464151135678
"Ta_Ne_Omotic";"c0";0,999409144447978;36,8345310484614;43,4847551456452;36,8674529499326;50,2263962472147
"Ta_Ne_Omotic";"c0";0,998544371087432;37,0558845981732;46,1766387247144;37,1010368463244;50,6644771090521
"Ta_Ne_Omotic";"c0";0,99847504993681;36,8333728184474;46,2772785315261;36,880124826928;52,0060974452405
"Ta_Ne_Omotic";"c0";0,997803798356728;37,2968227644845;47,231277041762;37,3460032312037;48,6857729891005
"Ta_Ne_Omotic";"c0";0,997896838377732;37,3785569506963;44,7913434705587;37,4152539136659;47,9891499955376
"Ta_Ne_Omotic";"c0";0,998013334885055;37,1696017268157;47,2267253932704;37,2193894677387;47,61386447266
"Ta_Ne_Omotic";"c0";0,998459849382243;37,1439890494617;44,4691848858516;37,1802523951864;51,3445547759569
"Ta_Ne_Omotic";"c0";0,99972409855098;36,5486324988813;41,2792905687643;36,5720515982371;52,9243668016009
"Ta_Ne_Omotic";"c0";0,998550787601555;37,1279054463134;46,4973418060709;37,174288794629;48,5297710095883
"Ta_Ne_Omotic";"c0";0,999019714678486;37,2520992919003;47,3196587270106;37,3019386950444;49,5940766370878
"Ta_Ne_Omotic";"c0";0,998235982085705;37,414672668404;42,5976333038757;37,4403308893717;48,0494794935596
"Ta_Ne_Omotic";"c0";0,9994497947214;36,9147121535181;43,2659825875865;36,94615408636;51,2356115195862
"Ta_Ne_Omotic";"c0";0,998890337357904;37,2624180683882;39,4231902824314;37,2731149605369;51,307378972232
"Ta_Ne_Omotic";"c0";0,997757874811451;37,7505330490405;45,2176615479789;37,7874990317085;46,5972106304039
"Ta_Ne_Omotic";"c0";0,998719436709481;37,1589407460054;44,0622903077055;37,1931157438356;50,159041954046
"Ta_Ne_Omotic";"c0";0,99687325571708;37,1032667351075;49,047244437024;37,1623953375923;45,7024605017665
"Ta_Ne_Omotic";"c0";0,998898068605415;37,0408539314012;42,9982654308336;37,070346067537;51,0026960643199
"Ta_Ne_Omotic";"c0";0,997138341988164;37,6952538892837;47,2343268183838;37,7424770225961;47,008745765709
"Ta_Ne_Omotic";"c0";0,998868747349206;37,2921371976098;45,574439980944;37,3331386965372;47,792114646512
"Ta_Ne_Omotic";"c0";0,999809470631696;36,5275737713549;40,4605421886124;36,5470439120344;54,1091113671244
"Ta_Ne_Omotic";"c0";0,998705188222559;37,1665482113243;45,5542614822141;37,2080715443485;49,8347344408895
"Ta_Ne_Omotic";"c0";0,997606265351715;38,0817605096212;48,9516114588034;38,135571652934;46,637807542236
"Ta_Ne_Omotic";"c0";0,998361682364405;37,0753112743163;41,5852396293489;37,0976376523115;49,7905545146478
"Ta_Ne_Omotic";"c0";0,997599238380042;37,9480375898286;47,7758802566224;37,9966902762979;46,1244055207072
"Ta_Ne_Omotic";"c0";0,998866473756042;37,3106425544237;45,4902278704666;37,3511355510377;49,4160066872487
"Ta_Ne_Omotic";"c0";0,998151877116855;37,2453341756824;49,0745238886999;37,3038945207964;44,9538906097071
"Ta_Ne_Omotic";"c0";0,999027259709213;36,9226618231593;45,7801441500629;36,9665107455697;48,9836891680682
"Ta_Ne_Omotic";"c0";0,997938674318775;37,2702887678012;46,9969114969115;37,3184403654701;47,1241950784131
"Ta_Ne_Omotic";"c0";0,998493951396665;37,0368264497618;46,8367090725612;37,0853407201717;50,7459173500061
"Ta_Ne_Omotic";"c0";0,997249449791079;37,4155939877333;47,4575336771234;37,465306560453;47,4125662494418
"Ta_Ne_Omotic";"c0";0,999033339420549;36,8668035483956;46,4819541974014;36,9144033040837;52,285652010196
"Ta_Ne_Omotic";"c0";0,998358739528902;37,3473637105478;42,0817338393542;37,370801186433;51,16790236018
"Ta_Ne_Omotic";"c0";0,998314540172246;37,0210850509358;44,6096663912447;37,0586522852938;49,213522071834
"Ta_Ne_Omotic";"c0";0,999126418223241;36,6394482613388;39,2881834987098;36,6525608120189;51,9122071709536
"Ta_Ne_Omotic";"c0";0,997960705440905;37,480481191924;47,5251797800817;37,5302074225584;49,0093509286424
"Ta_Ne_Omotic";"c0";0,999590163961271;36,9523019821527;42,8211264578402;36,981355568666;52,5585015896048
"Ta_Ne_Omotic";"c0";0,998329813626928;37,4771644423386;46,9597111068936;37,5241077426582;45,7810253158865
"Ta_Ne_Omotic";"c0";0,998975858461746;36,8123667377399;46,5924350487359;36,8607829174973;52,3598878853837
"Ta_Ne_Omotic";"c0";0,999687195843592;36,3286214430493;42,6757815878483;36,3600430279245;54,7417964827096
"Ta_Ne_Omotic";"c0";0,999149047373846;36,9799415620311;45,2813570128504;37,0210376781243;51,4130544850961
"Ta_Ne_Omotic";"c0";0,999505523613926;36,7780410118719;44,2705259981683;36,815132521705;53,727756509655
"Ta_Ne_Omotic";"c0";0,99933966975067;36,6775382347522;43,4866423199757;36,7112466708176;53,0527181754773
"Ta_Ne_Omotic";"c0";0,998231420773212;37,5611624417595;46,8356758722612;37,6070758745837;48,2650880796821
"Ta_Ne_Omotic";"c0";0,998910493758995;36,900576482666;44,5634223984599;36,9385113634373;47,8372225740572
"Ta_Ne_Omotic";"c0";0,998415381119783;37,3932717365553;47,7489853910185;37,4445376457358;47,6286645054424
"Ta_Ne_Omotic";"c0";0,998965469548255;37,1648898365316;43,5109577127121;37,1963060141365;49,1807124870284
"Ta_Ne_Omotic";"c0";0,998290617623433;37,0032114559478;46,6223967612013;37,0508311851817;51,4039295287328
"Ta_Ne_Omotic";"c0";0,997782474613666;36,9947616415278;48,3449006184263;37,0509504483441;47,2679522705154
"Ta_Ne_Omotic";"c0";0,998950701634651;37,2408855194925;45,2367911153644;37,2804692105612;48,1058333054088
"Ta_Ne_Omotic";"c0";0,997732653283337;37,3533917713022;48,0686444521159;37,4064375766528;48,7497949436041
"Ta_Ne_Omotic";"c0";0,998091210913866;37,324857195504;45,1730229646896;37,363709501292;48,437409062569
"Ta_Ne_Omotic";"c0";0,996685798694436;37,9220827081524;49,5618199376556;37,9797051696846;44,8308445218373
"Ta_Ne_Omotic";"c0";0,999278112190471;36,9327173655532;41,2693423448917;36,954185806045;53,1711968783832
"Ta_Ne_Omotic";"c0";0,998706179823317;37,2533101687331;44,5958250566723;37,2896592523367;49,3383482364447
"Ta_Ne_Omotic";"c0";0,998152780750545;37,3429940245861;46,8068058144716;37,3898445780013;48,7578072807271
"Ta_Ne_Omotic";"c0";0,997941414293528;37,5488430861565;48,1419444851969;37,6012841821914;48,1596253947396
"Ta_Ne_Omotic";"c0";0,998674844206186;37,2071915554503;43,3073554126186;37,2373903864263;48,9072812333799
"Ta_Ne_Omotic";"c0";0,998308393161783;36,9714917476112;46,14766528407;37,0169183492768;49,7595590283822
"Ta_Ne_Omotic";"c0";0,999206564163576;36,8259759404038;46,8352256547058;36,8755266815637;50,0441995296062
"Ta_Ne_Omotic";"c0";0,998569571187537;37,3574718997605;45,7222453006767;37,3988816690719;49,9705583516003
"Ta_Ne_Omotic";"c0";0,997284630489017;37,2760535944616;48,5225403975404;37,3317292717045;47,6634812693836
"Ta_Ne_Omotic";"c0";0,998087764944241;37,1121903708968;46,7646281792623;37,1599747164828;51,1560163728278
"Ta_Ne_Omotic";"c0";0,999408813731024;36,7335544499724;40,8539862554562;36,7539526272272;51,5492743832564
"Ta_Ne_Omotic";"c0";0,99951098555345;36,8815446576641;42,4223307556641;36,9089742918126;52,827173096972
"Ta_Ne_Omotic";"c0";0,998791024762996;37,262207481113;41,049606756165;37,2809569824746;49,0408571975848
"Ta_Ne_Omotic";"c0";0,996785754903426;37,6383690015531;48,2238969607391;37,6907726053114;43,6512649313237
"Ta_Ne_Omotic";"c0";0,998797600562671;37,0217957829898;43,5731263818432;37,0542281126871;50,6345059444397
"Ta_Ne_Omotic";"c0";0,998008758244375;37,7011766564005;47,632836299503;37,7503432882971;49,8979168565074
"Ta_Ne_Omotic";"c0";0,998607931656557;37,1715496591118;47,281148887891;37,2215971800464;50,5331477998023
"Ta_Ne_Omotic";"c0";0,997746060237806;37,5466845665851;46,160496288866;37,5893271988736;49,6568108503069
"Ta_Ne_Omotic";"c0";0,997748626293738;37,3106688778331;47,3648942416022;37,360442270723;46,4839565361786
"Ta_Ne_Omotic";"c0";0,998492921320299;37,6343151965042;46,9398680919999;37,6803822900463;49,4967121164687
"Ta_Ne_Omotic";"c0";0,99677990510436;37,4222801337229;48,2272596969247;37,4757701315606;47,7758659491844
"Ta_Ne_Omotic";"c0";0,998443822316554;37,1087683276738;48,3373830214375;37,1643555291281;50,369538195182
"Ta_Ne_Omotic";"c0";0,999184912348075;37,0521203506278;46,0552836377646;37,0966904659107;48,1556011597329
"Ta_Ne_Omotic";"c0";0,998551895833827;37,1521493063782;43,490166990167;37,1835256315454;50,9831722133024
"Ta_Ne_Omotic";"c0";0,997009182714921;37,8905999105004;48,0694314311336;37,9409901655531;46,812427454581
"Ta_Ne_Omotic";"c0";0,999035801673218;37,0234015109637;45,0017321557758;37,0628981973242;51,4348427652888
"Ta_Ne_Omotic";"c0";0,998906799303293;37,4746637184448;44,9899325693274;37,5118680196868;48,9046553284981
"Ta_Ne_Omotic";"c0";0,998288284064774;37,3059833109584;44,7572693526783;37,3428708656204;49,5499653504911
"Ta_Ne_Omotic";"c0";0,998152949832556;37,3632367264208;48,0688708801084;37,4162349153004;46,6089994735392
"Ta_Ne_Omotic";"c0";0,998660034538215;37,293242780805;43,8813786050062;37,3258573145881;48,3280964054793
"Ta_Ne_Omotic";"c0";0,999634192467599;36,6246808286609;39,8032307018186;36,6404162240726;53,5481618632911
"Ta_Ne_Omotic";"c0";0,999108816145721;37,2152201953197;47,578973321726;37,2665259038663;47,9570193176456
"Ta_Ne_Omotic";"c0";0,997900105637313;37,3574982231699;48,0201789758914;37,4102837714507;46,332357845294
"Ta_Ne_Omotic";"c0";0,999580160576645;37,181236673774;40,1375485591172;37,1958718811272;52,0268701892549
"Ta_Ne_Omotic";"c0";0,999398384994972;37,0144252283556;43,7087395551859;37,0475653982904;51,4323189811947
"Ta_Ne_Omotic";"c0";0,997659140034396;38,0668088130775;46,2350844612617;38,1072458212368;44,1473859119214
"Ta_Ne_Omotic";"c0";0,998944651512283;37,3528126562952;47,3757875035154;37,4024313436577;50,7011230960593
"Ta_Ne_Omotic";"c0";0,998970469412365;37,3083524178052;46,5061205670962;37,3538859234947;49,440747471267
"Ta_Ne_Omotic";"c0";0,998995850554131;37,0387480586486;42,7070220403554;37,0668088209342;52,3417704906032
"Ta_Ne_Omotic";"c0";0,99852571897764;37,0744162783964;46,0222730887155;37,1187125992395;48,4716647171681
"Ta_Ne_Omotic";"c0";0,999539322714178;37,0413803995894;38,5849420849421;37,0490217940713;53,7457087419386
"Ta_Ne_Omotic";"c0";0,998719572869418;37,2412277238148;45,5398415973129;37,2823099707133;47,7645892424119
"Ta_Ne_Omotic";"c0";0,998123695383387;37,7077048619337;50,011582489272;37,7686151472176;45,4087907936429
"Ta_Ne_Omotic";"c0";0,99762238112684;37,5113585511595;45,3839054476398;37,5503315555976;46,7640826179338
"Ta_Ne_Omotic";"c0";0,998975659224988;37,260917634052;43,2938141393426;37,2907834583356;49,3573408656108
"Ta_Ne_Omotic";"c0";0,998584041993344;37,1329332175103;47,7237957218702;37,1853632299082;49,9720823367862
"Ta_Ne_Omotic";"c0";0,998396163445438;37,5605306799337;48,1600498693874;37,6130035472082;47,6099350607604
"Ta_Ne_Omotic";"c0";0,998505963219835;37,0184263865856;44,2614876781543;37,0542831256528;47,7532400410527
"Ta_Ne_Omotic";"c0";0,998766992588927;36,8782279080787;46,3964310221956;36,9253477254753;50,5173172416659
"Ta_Ne_Omotic";"c0";0,999302102305011;36,9685698491669;41,360014761384;36,990309675465;52,3316618127973
"Ta_Ne_Omotic";"c0";0,997773062009979;37,5634262549685;45,5626194683212;37,6030262213713;49,8321836463258
"Ta_Ne_Omotic";"c0";0,998630795506195;37,2864250177683;47,7126457621544;37,3380399719484;49,7152627113115
"Ta_Ne_Omotic";"c0";0,998563613306328;36,563715812472;46,4377875337749;36,6125973556468;49,344942283126
"Ta_Ne_Omotic";"c0";0,997285149212383;38,3751612308826;50,5960853427368;38,4356608551987;42,4950281956923
"Ta_Ne_Omotic";"c0";0,999032161425554;36,8817552449393;43,8590280535585;36,9162961994374;50,7788044625479
"Ta_Ne_Omotic";"c0";0,999298920700103;36,9215825633736;46,0447178689472;36,9667465995398;49,5540634681421
"Ta_Ne_Omotic";"c0";0,998136183997139;37,2587591144805;46,3951542284876;37,3039887932627;48,9665726479791
"Ta_Ne_Omotic";"c0";0,999177398898424;37,0503040353787;46,7989536643794;37,0985646771064;51,5789963466666
"Ta_Ne_Omotic";"c0";0,999361247635712;37,2175366553476;45,138228983619;37,2567480035074;51,196794549013
"Ta_Ne_Omotic";"c0";0,998767183954814;37,1671799731501;43,2940619190619;37,1975110718923;49,588510849645
"Ta_Ne_Omotic";"c0";0,998090785385187;37,1492274079339;48,9568689424358;37,2076810788968;49,3259991106283
"Ta_Ne_Omotic";"c0";0,998029846075401;37,4684513938245;45,9883105158248;37,5106289142305;48,5009408397549
"Ta_Ne_Omotic";"c0";0,99873849430086;36,921608886783;45,94348735716;36,9662716514879;52,7587936082781
"Ta_Ne_Omotic";"c0";0,999187966797623;37,0910263497328;45,4050236803264;37,1321847523595;50,7985262725306
"Ta_Ne_Omotic";"c0";0,998938554085436;36,9940245860644;46,4902394088851;37,0410355505338;51,08465444847
"Ta_Ne_Omotic";"c0";0,998961096611922;37,2855300218484;46,5507977988169;37,3313976841106;47,2610836306589
"Ta_Ne_Omotic";"c0";0,998708355534288;37,0735476058859;45,7713827653186;37,1166061957841;48,0709070333311
"Ta_Ne_Omotic";"c0";0,999021609506108;36,7050461975835;45,5993387557233;36,7490773488614;48,0277753306215
"Ta_Ne_Omotic";"c0";0,997579150150698;37,4506830924741;45,5051952726684;37,4905569151484;47,9719258494346
"Ta_Ne_Omotic";"c0";0,998955227862315;37,3173023770039;46,405863696835;37,3622952548248;48,825721189621
"Ta_Ne_Omotic";"c0";0,998060513847852;37,5461054515781;48,6479361680975;37,6010650095807;48,1180309916422
"Ta_Ne_Omotic";"c0";0,996700785963334;37,8836505304167;47,2175352153831;37,9298578803423;45,4691453052046
"Ta_Ne_Omotic";"c0";0,998954789980139;37,2031377504014;43,413568764446;37,2338824583918;47,8570053252093
"Ta_Ne_Omotic";"c0";0,997759091938701;37,1699965779568;46,6936474802328;37,2171433646017;50,1123074717915
"Ta_Ne_Omotic";"c0";0,998769172336865;37,0491984521835;40,8411041429617;37,0679702625339;48,404064643566
"Ta_Ne_Omotic";"c0";0,999314695124278;37,0032114559478;45,5837013513522;37,0456891286973;50,3082460020875
"Ta_Ne_Omotic";"c0";0,998145958456868;37,2574166206007;48,4476542783128;37,312813836728;47,8126814080493
"Ta_Ne_Omotic";"c0";0,998554659002185;37,4324409697544;46,8535817797207;37,4790802806948;49,2880685491239
"Ta_Ne_Omotic";"c0";0,998382583994444;37,2330674668983;47,880360928623;37,2857768404712;48,6024768832221
"Ta_Ne_Omotic";"c0";0,998528024765312;37,0609650161889;43,4563911034499;37,0926255413734;49,1443564397886
"Ta_Ne_Omotic";"c0";0,999040791426453;37,0299560399063;43,5339776418208;37,0621541666484;50,0931954891438
"Ta_Ne_Omotic";"c0";0,996943891483904;37,6793808734107;47,4442985875913;37,7277220502136;44,9248526422201
"Ta_Ne_Omotic";"c0";0,998692152994901;37,3492326726158;47,8629034445336;37,4012805477243;48,8376058205341
"Ta_Ne_Omotic";"c0";0,999200298123886;36,1409618573798;46,9663857890217;36,1945530649622;51,6809935093987
"Ta_Ne_Omotic";"c0";0,995718651950976;38,0355629261102;48,4786003659102;38,0872611312577;46,2146106952749
"Ta_Ne_Omotic";"c0";0,998114629895852;37,3029824422859;47,381186105095;37,3528745396266;47,9681398205656
"Ta_Ne_Omotic";"c0";0,999132100306394;36,6197320276922;44,0081936641804;36,6563085704471;51,716169035486
"Ta_Ne_Omotic";"c0";0,99780569891251;37,4740582800284;47,967684426216;37,5260069243165;49,8753877769118
"Ta_Ne_Omotic";"c0";0,998367439226285;36,9386927794888;47,5357812730312;36,9911536136152;48,9137906333144
"Ta_Ne_Omotic";"c0";0,997190479385766;37,7339229777041;48,8911491308268;37,7891567705413;47,3267520456383
"Ta_Ne_Omotic";"c0";0,998360118526359;37,4710047645371;45,4492139910285;37,5105008498168;49,7113566352376
"Ta_Ne_Omotic";"c0";0,99979600740068;36,1900023691068;42,4139524139524;36,2208140029922;56,5241328371716
"Ta_Ne_Omotic";"c0";0,998191477096038;37,2632867408987;41,7505827505828;37,2855010775803;47,935131716012
"Ta_Ne_Omotic";"c0";0,998218934610959;37,4238068914686;47,0192950026541;37,4713093078606;49,7315655379004
"Ta_Ne_Omotic";"c0";0,999530499089883;36,8684619231883;44,5825077127904;36,9066502686814;51,9046669114814
"Ta_Ne_Omotic";"c0";0,998216981660161;37,2474137250257;46,2867225794055;37,2921627787602;49,9422345506713
"Ta_Ne_Omotic";"c0";0,999154773255707;36,6883045092;44,9530026577523;36,7292188564701;49,6556777651778
"Ta_Ne_Omotic";"c0";0,997881957365691;37,4924320197952;47,3801032185179;37,5413808871156;47,8513670033945
"Ta_Ne_Omotic";"c0";0,998124619599522;37,6531627576404;49,25630292223;37,7106040455839;43,1937377430939
"Ta_Ne_Omotic";"c0";0,999310372538454;36,8475348127089;43,3757191342331;36,8798525568749;52,7156559028174
"Ta_Ne_Omotic";"c0";0,99895296308476;37,0849982889784;40,0551490025174;37,099702005382;52,6066130922845
"Ta_Ne_Omotic";"c0";0,998253952108719;37,4567638000474;46,1798813396713;37,4999475502435;49,190025366633
"Ta_Ne_Omotic";"c0";0,998083902531599;37,519518808076;41,2918195138548;37,5381935640452;47,8759814407858
"Ta_Ne_Omotic";"c0";0,998868197787132;37,1328542472821;45,3253309147272;37,1734110624675;49,5222767538921
"Ta_Ne_Omotic";"c0";0,998970634423056;36,7688014951696;43,790805330386;36,8035638903935;51,5846918855532
"Ta_Ne_Omotic";"c0";0,998692463924977;37,17607728553;44,0808248625586;37,2102592042282;49,3199557536081
"Ta_Ne_Omotic";"c0";0,998198999868382;37,6010424070126;48,2990248030177;37,6540027159037;47,7156939052462
"Ta_Ne_Omotic";"c0";0,998058929691878;37,2821343020348;46,0479502538326;37,3255294305091;47,1606008642538
"Ta_Ne_Omotic";"c0";0,998372695630407;37,1736555318645;43,5272299820363;37,2051088707267;49,8690520484532
"Ta_Ne_Omotic";"c0";0,998351885619812;37,2394903787939;44,4304037931489;37,275088960053;48,6496429514323
"Ta_Ne_Omotic";"c0";0,99784102615156;37,5080418015741;47,5441171206481;37,5577253427577;46,6283767149144
"Ta_Ne_Omotic";"c0";0,997857681551333;36,8000737055463;43,5463129296146;36,8334709294279;50,5933981290237
"Ta_Ne_Omotic";"c0";0,999017643672465;37,024322830293;43,4665760065597;37,0562151727497;51,7422344816818
"Ta_Ne_Omotic";"c0";0,996129180691256;37,7107057306062;51,1866777727031;37,7774184634879;42,9988576422212
"Ta_Ne_Omotic";"c0";0,999189454676094;37,189949722288;44,8020136668479;37,2276332071621;50,1140020933536
"Ta_Ne_Omotic";"c0";0,998819945277183;37,2942430703625;47,7177407636659;37,3458445440917;48,0172347820663
"Ta_Ne_Omotic";"c0";0,997252426288937;37,9571718128932;49,1733591480513;38,0126974927702;44,2326343566258
"Ta_Ne_Omotic";"c0";0,997696551229779;37,5413409144752;47,419396490582;37,5902421797035;46,5401508437685
"Ta_Ne_Omotic";"c0";0,998982402247131;37,1302482297507;45,8620743590161;37,1734750917768;50,9596014920836
"Ta_Ne_Omotic";"c0";0,99663933579471;37,8679881018189;50,9919623523144;37,9329582713759;44,503357821651
"Ta_Ne_Omotic";"c0";0,999365465774023;37,0006844086446;44,2790439653185;37,0367158915984;50,7252391914385
"Ta_Ne_Omotic";"c0";0,998503719308571;37,3365974360999;43,2556347556348;37,3658996010481;48,1164971847034
"Ta_Ne_Omotic";"c0";0,998721360337117;37,1340914475243;45,287587902643;37,1744552913615;46,9835079074268
"Ta_Ne_Omotic";"c0";0,99758847406966;37,4077759351391;46,8299713915553;37,4544204671016;48,9139624510826
"Ta_Ne_Omotic";"c0";0,998915944431565;37,2706309721235;43,1687486965769;37,2998295747198;48,0155192259039
"Ta_Ne_Omotic";"c0";0,999217712173384;37,1695490799968;42,8725923503485;37,1977819674738;50,2439167581195
"Ta_Ne_Omotic";"c0";0,999060801370714;37,0640975019084;46,0088484216391;37,1083784470556;49,6421074141566
"Ta_Ne_Omotic";"c0";0,998491739448627;36,7615099107636;45,1418461900918;36,8029967240276;50,7903018189424
"Ta_Ne_Omotic";"c0";0,998915273266089;37,2782647608518;43,5636473180333;37,3093805160854;49,628200425122
"Ta_Ne_Omotic";"c0";0,998804119299333;36,5286530311406;42,3042593393471;36,5572451415773;52,2099650607547
"Ta_Ne_Omotic";"c0";0,99760001962325;37,1291163231462;49,7496239916278;37,1915940838812;44,5114571815207
"Ta_Ne_Omotic";"c0";0,998845459762618;37,0127142067441;46,281343935994;37,0585985123344;50,5733609599109
"Ta_Ne_Omotic";"c0";0,997579964757407;37,6582694990655;42,6735480473627;37,6830976106908;48,3107716307894
"Ta_Ne_Omotic";"c0";0,998839575360912;37,0403011398036;42,1654276955068;37,0656730534457;49,7956790071251
"Ta_Ne_Omotic";"c0";0,99924721287784;36,8391113216984;44,6726358527184;36,8778911461094;50,8787571841405
"Ta_Ne_Omotic";"c0";0,998472763521899;37,2180631235358;46,684006926525;37,2649242314714;50,8808391268215
"Ta_Ne_Omotic";"c0";0,997923738568054;37,6445813261734;48,0905844514166;37,696294212932;44,0095222072413
"Ta_Ne_Omotic";"c0";0,999139936191392;37,0801021348285;45,8969277418647;37,1237497863485;51,2608992420046
"Ta_Ne_Omotic";"c0";0,99878956102656;36,9372449919714;43,8785791697644;36,9716080324555;51,9527473491764
"Ta_Ne_Omotic";"c0";0,998435838752895;37,2357524546579;45,4637317040658;37,2764850251996;49,8376898765354
"Ta_Ne_Omotic";"c0";0,998432175859527;37,152201953197;45,3176617461437;37,1926250214789;48,3888866735726
"Ta_Ne_Omotic";"c0";0,999502479111186;36,8606701940035;40,9310229224649;36,8808204550355;53,1393183236546
"Ta_Ne_Omotic";"c0";0,998715032943922;37,2531522282766;47,6014699394202;37,3043815238763;50,4108124830641
"Ta_Ne_Omotic";"c0";0,99882033581498;37,1721550975282;46,2036425253646;37,2168654313294;50,8408145192208
"Ta_Ne_Omotic";"c0";0,999123522917839;36,8109189502224;46,4418395578002;36,8585967750124;53,0585466541272
"Ta_Ne_Omotic";"c0";0,999247777761396;36,9287162073232;45,6988325321659;36,9721326247729;52,475191297122
"Ta_Ne_Omotic";"c0";0,997769166544368;37,3729500644924;46,2810105432057;37,4170493737929;44,5987355623279
"Ta_Ne_Omotic";"c0";0,996930768830055;37,0264287030456;46,9114352926195;37,0753643792316;50,5265436464769
"Ta_Ne_Omotic";"c0";0,998534879764812;36,9123430466714;46,3010729325499;36,9588219074926;49,289255327378
"Ta_Ne_Omotic";"c0";0,997988687929895;37,9063413093264;48,0946264151228;37,9567783643056;44,7039128809612
"Ta_Ne_Omotic";"c0";0,998626110430748;37,5214140935534;45,3669515128453;37,5602533877083;48,1742846367761
"Ta_Ne_Omotic";"c0";0,998601898309825;37,286082813446;44,9896584896585;37,3242193266946;48,9617657664165
"Ta_Ne_Omotic";"c0";0,998422717720408;37,324409697544;46,7622554021504;37,3711317059827;48,2531508893276
"Ta_Ne_Omotic";"c0";0,998335234996718;37,2561530969491;49,2770429016829;37,3156624524181;47,1636192889901
"Ta_Ne_Omotic";"c0";0,998397490778752;37,0833925610045;47,3154909845103;37,1340465135961;50,2600376777155
"Ta_Ne_Omotic";"c0";0,999336796571536;36,9234515254416;43,4719424150318;36,9558697971722;51,2864457361546
"Ta_Ne_Omotic";"c0";0,999668585490896;36,7554555265998;42,7446787446787;36,7851051464913;52,961855240617
"Ta_Ne_Omotic";"c0";0,998965868860066;37,0770486193372;44,7228536285824;37,1148991391849;52,3939266538981
"Ta_Ne_Omotic";"c0";0,99819709088711;37,4958277396088;49,0579479595231;37,5530659585193;47,7071981427951
"Ta_Ne_Omotic";"c0";0,998820135643782;37,2097975729816;47,9162260407534;37,2627996941092;49,64713158823
"Ta_Ne_Omotic";"c0";0,998763718770864;37,0628866250757;45,4759495175564;37,1045354512761;50,6276572507929
"Ta_Ne_Omotic";"c0";0,999387220256782;36,8077864645029;43,0627695114216;36,8387517271114;52,1629997803643
"Ta_Ne_Omotic";"c0";0,998537628475735;37,3240674932217;46,4282218022665;37,3691375640586;48,2022539659176
"Ta_Ne_Omotic";"c0";0,998248470722479;37,4611334860091;48,0014865397972;37,5133134516219;47,4313224202162
"Ta_Ne_Omotic";"c0";0,998739921469927;37,2211692858459;46,5135579633428;37,2671712099919;50,6446277745781
"Ta_Ne_Omotic";"c0";0,998419530042597;37,2445444734002;45,3627440090855;37,2847335800125;48,5030610735862
"Ta_Ne_Omotic";"c0";0,998373298742524;37,2092974282029;47,8110225568859;37,2617812159687;48,5063911685111
"Ta_Ne_Omotic";"c0";0,99928716096477;36,9181078733318;43,9218730887285;36,9527799783585;52,9163803645378
"Ta_Ne_Omotic";"c0";0,996917352112885;37,9331385401037;49,1403591445571;37,9886198302248;46,1261577263721
"Ta_Ne_Omotic";"c0";0,999419453782965;36,855537129169;42,429270809736;36,8831298701619;52,0414245341893
"Ta_Ne_Omotic";"c0";0,999321087082033;36,9057621943194;43,9953740129179;36,9408592825303;52,004396247055
"Ta_Ne_Omotic";"c0";0,999414049240734;37,0755481850009;44,2446353918327;37,1110387157278;53,3223685687569
"Ta_Ne_Omotic";"c0";0,999531882916438;36,8783858485351;42,5169583502917;36,9062995737913;52,4147625888531
"Ta_Ne_Omotic";"c0";0,999053921359009;36,9192924267551;44,7689303632538;36,9581520205002;52,1921019449433
"Ta_Ne_Omotic";"c0";0,997852760382787;37,2975334965385;48,379914651776;37,3523967695842;47,4459700931422
"Ta_Ne_Omotic";"c0";0,998326899230181;37,3580773381768;49,0175659308206;37,4157975787345;48,294982622035
"Ta_Ne_Omotic";"c0";0,999582528001799;37,1201663639475;39,7746840729297;37,1333075407246;53,3515963005088
"Ta_Ne_Omotic";"c0";0,998155722709353;37,5849324804549;48,0839602099922;37,6369078652546;48,3626322840687
"Ta_Ne_Omotic";"c0";0,998371348236759;36,9898918107873;47,7731284566062;37,0432741704201;45,375543406869
"Ta_Ne_Omotic";"c0";0,998517086830963;37,0660454342046;45,1594746716698;37,1061119155782;49,465341866321
"Ta_Ne_Omotic";"c0";0,998876090836931;36,6272078759641;47,1381849620697;36,6792424159943;51,5106870354468
"Ta_Ne_Omotic";"c0";0,999445156840148;36,9248203427308;39,9746358962926;36,9399184395306;51,2681553781314
"Ta_Ne_Omotic";"c0";0,996854427805786;37,7131538076812;49,1918110261453;37,7699788434161;45,1066757785296
"Ta_Ne_Omotic";"c0";0,997957500497014;37,4050646239701;47,7598839951451;37,4563261060056;45,2433200493781
"Ta_Ne_Omotic";"c0";0,99965750410462;36,7932032956909;41,5949025949026;36,8169740843008;53,4216770599689
"Ta_Ne_Omotic";"c0";0,998464978651427;37,4043012450973;45,575853513838;37,4447544741504;48,1453394297798
"Ta_Ne_Omotic";"c0";0,998349302472244;37,3656848034958;45,4471072019327;37,4056918450722;48,605511839545
"Ta_Ne_Omotic";"c0";0,995438046509549;38,1793150648872;47,3849506865404;38,2248875184597;43,5273756955421
"Ta_Ne_Omotic";"c0";0,999493577731055;37,0539629892864;44,6617689577996;37,0916253950711;51,6975052439585
"Ta_Ne_Omotic";"c0";0,999030708627009;36,742951907131;45,6183840864521;36,786889690197;52,2580045129682
"Ta_Ne_Omotic";"c0";0,996792288470294;37,8497459790992;47,1941215045591;37,8960052638787;49,3546186544488
"Ta_Ne_Omotic";"c0";0,999524829022996;36,9385611624418;40,1335093033852;36,9543777373969;54,3044876849684
"Ta_Ne_Omotic";"c0";0,998280705878073;37,432283029298;44,8009156720397;37,4687614087175;50,1740211693311
"Ta_Ne_Omotic";"c0";0,998084021422046;37,5297059675169;42,8173993001003;37,5558826671832;46,1855326511566
"Ta_Ne_Omotic";"c0";0,997279411223491;37,8294243070362;47,9654252967293;37,8796025297575;47,5205442381012
"Ta_Ne_Omotic";"c0";0,99955173496582;36,5485798520624;39,8697141602828;36,565021111014;52,3903302024423
"Ta_Ne_Omotic";"c0";0,998399865091616;37,4294401010819;46,8373081644495;37,476013705356;49,3708204919654
"Ta_Ne_Omotic";"c0";0,999128536126921;36,714496301561;46,266385038919;36,7617828794687;50,4404474678297
"Ta_Ne_Omotic";"c0";0,998943937142977;36,9563031403827;46,1207996824171;37,0016719351453;50,5405289683757
"Ta_Ne_Omotic";"c0";0,998699519254773;37,2085340493301;47,9377591533788;37,2616490250927;48,7131273011441
"Ta_Ne_Omotic";"c0";0,998844970869411;36,8431651267472;46,8773815355624;36,8928394654047;48,2764911687011
"Ta_Ne_Omotic";"c0";0,998704037700725;36,8574060912369;43,3965927823487;36,8897783025791;52,7047467943283
"Ta_Ne_Omotic";"c0";0,999036453221505;37,0093448103398;46,6981074374485;37,0573089817612;49,6107267557066
"Ta_Ne_Omotic";"c0";0,998591204433074;37,3066413961936;42,3420280745862;37,3315690530174;50,2752288621324
"Ta_Ne_Omotic";"c0";0,996273862027374;37,7648529837585;49,4747811786505;37,8228229253173;46,185705202458
"Ta_Ne_Omotic";"c0";0,997964794904822;37,6138882308037;47,9584426706721;37,6650988963476;49,3947989732294
"Ta_Ne_Omotic";"c0";0,998675194949683;36,7242886098607;45,4378211944001;36,7674249097842;46,6897172219472
"Ta_Ne_Omotic";"c0";0,997898604351499;37,5044091710758;48,2925438227162;37,5578157782622;45,3448980553597
"Ta_Ne_Omotic";"c0";0,998280627739463;37,1003711600727;45,6178800255315;37,1425370455452;50,9826576962537
"Ta_Ne_Omotic";"c0";0,996550014551634;37,9315064887204;48,9919255706038;37,9862610386307;46,7390569827359
"Ta_Ne_Omotic";"c0";0,998791188867142;37,0244018005212;41,6694678015124;37,0473971767637;48,8236965836583
"Ta_Ne_Omotic";"c0";0,999210000904567;37,1295638211061;44,7228111417243;37,1671541543765;52,8406055221946
"Ta_Ne_Omotic";"c0";0,997294663933341;37,7177077575087;48,7320380059701;37,7722341448774;48,3912971093279
"Ta_Ne_Omotic";"c0";0,99886433463183;37,3418621179815;46,5245731429376;37,3873210834516;48,1894496731915
"Ta_Ne_Omotic";"c0";0,996913766635296;38,3016399484061;50,0679857138821;38,3598891848689;41,9463730631729
"Ta_Ne_Omotic";"c0";0,999471015578547;37,0057648266603;44,442693427868;37,0425813048842;52,003983209362
"Ta_Ne_Omotic";"c0";0,998556581767944;37,0082918739635;47,3137715786662;37,0593091002244;49,5200658782686
"Ta_Ne_Omotic";"c0";0,998625540140439;37,0639922082708;46,2475222706225;37,1094552283815;50,3535410201746
"Ta_Ne_Omotic";"c0";0,999158563432734;36,8666192845297;44,2045296801394;36,9029455736169;52,9291867911407
"Ta_Ne_Omotic";"c0";0,998952324453183;37,2163784253336;46,1129667329547;37,260420941708;49,778842312902
"Ta_Ne_Omotic";"c0";0,997930556009856;37,235436573745;47,929721633803;37,2883785789928;46,3478671612764
"Ta_Ne_Omotic";"c0";0,999249226220639;37,1214035641896;42,213546967367;37,1466121948984;49,0547878035532
"Ta_Ne_Omotic";"c0";0,998916909509892;37,2502040064229;47,142469403998;37,299175617302;48,6402480813466
"Ta_Ne_Omotic";"c0";0,999354148922756;37,054068282924;42,4669932596762;37,0808649412248;51,2745661689336
"Ta_Ne_Omotic";"c0";0,998640307236962;37,4537366079655;46,1372521177767;37,4967243085091;48,6640283452942
"Ta_Ne_Omotic";"c0";0,998092381311101;37,2931111637579;49,2813576642469;37,3524589187109;46,9693158032348
"Ta_Ne_Omotic";"c0";0,997749928625898;37,7739082365948;48,7896624866897;37,8284416734765;46,6694727119428
"Ta_Ne_Omotic";"c0";0,99755898371724;37,5011977151281;49,9417957629626;37,5627848341768;45,9494174467671
"Ta_Ne_Omotic";"c0";0,998760844956433;37,2034536313143;45,3796938751162;37,2439300681648;50,5792450274252
"Ta_Ne_Omotic";"c0";0,999071615975135;36,89728605649;43,9524345774346;36,9322125343165;49,1965333571526
"Ta_Ne_Omotic";"c0";0,996698825165175;38,0672563110374;48,2475969849476;38,1176540371459;43,1557550613539
"Ta_Ne_Omotic";"c0";0,999139317237774;37,2915844060123;43,91279204687;37,3243626616601;51,4508093173945
"Ta_Ne_Omotic";"c0";0,998969724878248;37,2509147384769;42,8679512208924;37,278721849776;50,3722640000942
"Ta_Ne_Omotic";"c0";0,999114064618175;36,7579562504936;40,4712342789063;36,7763388149907;52,8159169660774
"Ta_Ne_Omotic";"c0";0,998566629458684;37,2550738371634;42,9903551376969;37,2834663188492;51,3532312785132
"Ta_Ne_Omotic";"c0";0,999076490387894;37,0058964437074;44,9146504665173;37,0450486913451;51,7239154679503
"Ta_Ne_Omotic";"c0";0,999100183889179;37,2147990207692;47,2694191654049;37,2645743680198;50,9717670840903
"Ta_Ne_Omotic";"c0";0,999052494870968;37,1186132827924;44,8515402884252;37,156895099652;51,582620221989
"Ta_Ne_Omotic";"c0";0,998969169146159;37,1847640106347;47,2042297648184;37,2343653262494;51,5397492992493
"Ta_Ne_Omotic";"c0";0,99893151587882;37,0145305219932;45,1235844765257;37,0546743534513;50,5896606340352
"Ta_Ne_Omotic";"c0";0,998536543933431;37,2787122588118;45,8443850285297;37,3211165794539;50,225971883318
"Ta_Ne_Omotic";"c0";0,998862220883706;37,1578088394009;46,1765059969874;37,2024558550325;49,3279557168534
"Ta_Ne_Omotic";"c0";0,999182438952691;37,3763721077154;41,3033236686487;37,3958124619774;50,4256929008993
"Ta_Ne_Omotic";"c0";0,997076559689336;37,5278106820395;48,4013456283958;37,5816400629621;47,1066994967238
"Ta_Ne_Omotic";"c0";0,997684969937192;37,0657032298823;45,8099768427489;37,1089917131143;46,9604935780299
"Ta_Ne_Omotic";"c0";0,996477303990117;37,6423964831925;49,2482930893323;37,6998514168863;46,4004655705689
"Ta_Ne_Omotic";"c0";0,997150008185714;37,6241280370634;47,7077359970087;37,6740468883502;47,2902215800753
"Ta_Ne_Omotic";"c0";0,998060586455864;36,8038379530917;47,0130016796239;36,8543783675795;48,878923569811
"Ta_Ne_Omotic";"c0";0,998952829534959;37,0884203322014;42,4065754726709;37,1147478328968;50,5563204743052
"Ta_Ne_Omotic";"c0";0,998076437773431;37,0925004606597;47,0281316248326;37,1416867535516;48,9995651494393
"Ta_Ne_Omotic";"c0";0,998725451091191;37,0647819105531;47,3345399255375;37,1156222967658;49,6539361395957
"Ta_Ne_Omotic";"c0";0,998746845744386;37,1677854115665;44,2455190437647;37,2028236968744;49,8334292002356
"Ta_Ne_Omotic";"c0";0,998799176529435;37,3118534312564;45,1765506919016;37,3507875761111;49,7571863795049
"Ta_Ne_Omotic";"c0";0,997385983956109;37,6456869093685;50,6772628530759;37,7101996615651;43,786861081111
"Ta_Ne_Omotic";"c0";0,999142782068998;37,034904840875;43,5667056765648;37,0672404885764;53,7793344044462
"Ta_Ne_Omotic";"c0";0,998588393641341;37,0565426834084;44,280813325273;37,0923063994572;50,0637913962853
"Ta_Ne_Omotic";"c0";0,998335561517422;37,4057490326147;46,850882620877;37,4525071196853;47,7632379388688
"Ta_Ne_Omotic";"c0";0,998790044704845;37,2881886861986;47,6450105134316;37,339460081383;49,5136690009938
"Ta_Ne_Omotic";"c0";0,999334183844339;37,1193766616652;43,2432672241754;37,1496929515786;52,563826980031
"Ta_Ne_Omotic";"c0";0,998530874123417;37,0328779383506;47,8131640178285;37,0862456912193;46,3752885832282
"Ta_Ne_Omotic";"c0";0,998615627201467;37,1750243491537;44,969210969211;37,2136094314312;46,7522678015215
"Ta_Ne_Omotic";"c0";0,998558129955328;37,1101108215536;47,3535042882248;37,1608206902005;50,5138344567365
"Ta_Ne_Omotic";"c0";0,998073878660426;37,2950327726447;46,7878253143995;37,3420267951286;48,7481829365645
"Ta_Ne_Omotic";"c0";0,998785681192289;37,3696069914975;48,4173018125547;37,4242985500176;50,3096436733974
"Ta_Ne_Omotic";"c0";0,997768027470565;37,5454210429335;48,3472650457945;37,5988955181952;46,6970051419497
"Ta_Ne_Omotic";"c0";0,999223868514301;37,0376951222722;46,2602179020216;37,0833511756373;48,8602022409644
"Ta_Ne_Omotic";"c0";0,998478897707596;36,9957356076759;47,7835289643834;37,0491405252834;48,3397517690546
"Ta_Ne_Omotic";"c0";0,998936935185686;36,9228197636158;46,8064300873838;36,9717485275948;50,6826577688603
"Ta_Ne_Omotic";"c0";0,999263932177478;36,904314406802;45,643856597357;36,9475794671513;50,6612574788034
"Ta_Ne_Omotic";"c0";0,999429915259985;37,0364052752112;41,8196333985808;37,0600846223566;52,5933982821371
"Ta_Ne_Omotic";"c0";0,99894192039744;36,93864013267;41,6915938494886;36,9621696065156;47,2263897408051
"Ta_Ne_Omotic";"c0";0,998190655677772;36,8279501961094;44,405062314199;36,8654606521395;50,4684477094336
"Ta_Ne_Omotic";"c0";0,998685568583748;37,1340124772961;46,3880326048141;37,1798244581254;51,3563332185869
"Ta_Ne_Omotic";"c0";0,996996585367379;37,7729869172655;48,5709883578688;37,8264423699418;45,0140404736342
"Ta_Ne_Omotic";"c0";0,999154882298346;36,9884440232699;42,6100549113462;37,0162737801416;50,6437937560419
"Ta_Ne_Omotic";"c0";0,998402840601326;37,0093974571586;47,2157895042312;37,059924150461;48,6564967914118
"Ta_Ne_Omotic";"c0";0,998971834128084;36,6907262628656;46,4215217334601;36,7388985176705;49,7256717585122
"Ta_Ne_Omotic";"c0";0,997137642200154;37,7908078654347;47,4650279234566;37,8387000439398;46,461661103748
"Ta_Ne_Omotic";"c0";0,999009776024959;36,9377188133407;46,279842002941;36,9839669479427;50,9092297946497
"Ta_Ne_Omotic";"c0";0,998190405745059;37,6288925741662;46,5611243530205;37,6731115433684;48,7002352703085
"Ta_Ne_Omotic";"c0";0,99929571875359;36,8908894680039;43,8186858467132;36,9251854896807;52,8146811567362
"Ta_Ne_Omotic";"c0";0,99855831036341;36,9019716233647;46,5417209453111;36,9496931546614;48,4474518362038
"Ta_Ne_Omotic";"c0";0,999067844896858;37,2066387638527;43,2755428457183;37,2366828434659;51,7919935247977
"Ta_Ne_Omotic";"c0";0,998616076549499;37,0870778383216;45,925490450474;37,1308323562036;49,4768562552941
"Ta_Ne_Omotic";"c0";0,998303865174055;37,1612572060333;46,7770331276106;37,2088600571302;47,6099721470183
"Ta_Ne_Omotic";"c0";0,997186085963602;37,3353339124483;47,4402925371465;37,3853584600954;46,0696832501762
"Ta_Ne_Omotic";"c0";0,998832516620116;36,8673036931743;44,2502697765856;36,9038530302209;50,928699389665
"Ta_Ne_Omotic";"c0";0,999325971976013;36,9414304140672;44,3417462978866;36,9780656412148;50,8114110150619
"Ta_Ne_Omotic";"c0";0,9978864725064;37,7194714259391;46,8954181768688;37,7648969049041;47,9560636205882
"Ta_Ne_Omotic";"c0";0,998230323495377;37,3982995077522;46,9387973026297;37,4455296948556;47,9810130472217
"Ta_Ne_Omotic";"c0";0,995822054632081;38,4197794098292;51,0513552511578;38,4823119634991;42,6932525940809
"Ta_Ne_Omotic";"c0";0,996935985923982;37,4506567690647;45,244445704666;37,4892398826073;45,5048931682961
"Ta_Ne_Omotic";"c0";0,997070569888326;37,0324567638;48,0118088337863;37,0868099918693;43,1063231885042
"Ta_Ne_Omotic";"c0";0,99843511162371;37,1947932296191;45,3773026219224;37,2353007018582;50,1183998032733
"Ta_Ne_Omotic";"c0";0,99886758296021;37,1872120877096;45,2534777585027;37,2271440959809;48,8192440019432
"Ta_Ne_Omotic";"c0";0,99871976170328;37,3954829029456;44,4407067323734;37,4303602486358;50,2387084745809
"Ta_Ne_Omotic";"c0";0,998725978692756;37,370475664008;44,4012808245972;37,4052816301495;49,4658487297223
"Ta_Ne_Omotic";"c0";0,998129705539023;37,6211534918003;44,1932067932068;37,653688409134;44,5112622171433
"Ta_Ne_Omotic";"c0";0,998269866341157;37,1990839453526;46,5854519628489;37,2455511137561;46,3397866575179
"Ta_Ne_Omotic";"c0";0,998175960509466;36,900576482666;46,3910610435547;36,9475590795021;49,9488775177747
"Ta_Ne_Omotic";"c0";0,998197317984966;36,9770196635868;46,3990213820934;37,0236632364507;46,9299100883728
"Ta_Ne_Omotic";"c0";0,99899574490699;37,1343020347995;41,2633360316287;37,1547427971601;48,7290387326492
"Ta_Ne_Omotic";"c0";0,997947735054448;37,1168232909526;42,9386354386354;37,1456441431689;47,3710224500772
"Ta_Ne_Omotic";"c0";0,998143044916408;37,2060070020269;48,0703956656032;37,2597911043218;46,0871080562058
"Ta_Ne_Omotic";"c0";0,998631924677327;37,2112716839085;47,8713239151836;37,2640442197069;49,8587242211532
"Ta_Ne_Omotic";"c0";0,998993472904115;36,9709126326042;43,819667384708;37,0048173590997;48,1060128832712
"Ta_Ne_Omotic";"c0";0,998028875331766;37,6660875516597;50,3062089378108;37,728662410007;43,4869051688001
"Ta_Ne_Omotic";"c0";0,996678650110187;37,3367553765564;49,6806813804221;37,39786392113;46,0172195168733
"Ta_Ne_Omotic";"c0";0,996581361184273;38,1316696938587;50,2286334919076;38,191555653255;44,9642339579348
"Ta_Ne_Omotic";"c0";0,99772733164408;37,7005712179842;46,2690711646428;37,7429895345518;44,9972342462374
"Ta_Ne_Omotic";"c0";0,998543357708968;37,5161494116718;45,646380751216;37,5563980816695;47,3399017770844
"Ta_Ne_Omotic";"c0";0,999318040868575;37,1969254257811;45,8488722910024;37,239756845906;51,3452726978383
"Ta_Ne_Omotic";"c0";0,998746777009684;37,3361236147306;45,9423105567536;37,3787285005822;47,0420259853062
"Ta_Ne_Omotic";"c0";0,998183385453294;37,2126141777883;47,1389118179876;37,261754265116;48,6749724805549
"Ta_Ne_Omotic";"c0";0,999183315763894;37,1214825344179;45,7829033119375;37,1643608550986;52,0015568446312
"Ta_Ne_Omotic";"c0";0,997777619758469;37,8563531548606;48,9666791811233;37,911354768852;44,7506363746421
"Ta_Ne_Omotic";"c0";0,999138698863875;37,00844981442;44,9157742809106;37,0475949850462;51,5338151353646
"Ta_Ne_Omotic";"c0";0,997715122104891;37,7817526125984;45,1003223176561;37,8179831556927;45,0201733657405
"Ta_Ne_Omotic";"c0";0,999204368556179;36,7412935323383;45,4386896314581;36,7843499486706;51,0933897758184
"Ta_Ne_Omotic";"c0";0,998414234680506;37,0902366474506;46,4336527002338;37,1364911823653;51,1184738945766
"Ta_Ne_Omotic";"c0";0,997458488004797;37,5889599620943;47,3143217455886;37,6371053174581;46,2664839231612
"Ta_Ne_Omotic";"c0";0,998786239962022;37,1469635947248;48,6572443090557;37,2039451824195;48,8996070981027
"Ta_Ne_Omotic";"c0";0,997810483741909;37,311116375793;48,0331209759334;37,3641956064868;47,0779775187746
"Ta_Ne_Omotic";"c0";0,999328035036084;36,7898338992866;43,1414426813757;36,8212775071188;52,7634369385082
"Ta_Ne_Omotic";"c0";0,99804295670276;37,6913843481008;48,7025100012905;37,7458948711364;46,3266239055226
"Ta_Ne_Omotic";"c0";0,9977152258408;37,9067624838769;48,9421412641303;37,961393071898;45,1006830821099
"Ta_Ne_Omotic";"c0";0,999703624026903;36,7179446681934;42,8208381892592;36,7481570123571;54,9115707704839
"Ta_Ne_Omotic";"c0";0,998954970805808;37,10226644555;43,796983953595;37,1354086114314;50,1564511532094
"Ta_Ne_Omotic";"c0";0,998092156901759;37,5943562610229;48,0974710510818;37,6463518787955;49,0977309134023
"Ta_Ne_Omotic";"c0";0,997730465375123;37,6666929900761;48,0039196107751;37,7178673792875;41,4066704954246
"Ta_Ne_Omotic";"c0";0,998387539830041;37,147042564953;45,0980552786538;37,1864040140307;50,6788963333996
"Ta_Ne_Omotic";"c0";0,998569996410443;37,3871910289821;44,5130871726797;37,4224677425647;49,3275704133865
"Ta_Ne_Omotic";"c0";0,996109323046117;37,8821764194899;50,7294476729961;37,94577677223;45,0035807181444
"Ta_Ne_Omotic";"c0";0,998959305486605;37,3698175787728;46,2291159133264;37,4136754913201;51,630504926632
"Ta_Ne_Omotic";"c0";0,999210562542454;37,1087946510832;40,6008517228029;37,1260820623293;52,0030770247876
"Ta_Ne_Omotic";"c0";0,999225885419086;37,0805496327884;46,8240080307544;37,1287845753526;49,9660382527778
"Ta_Ne_Omotic";"c0";0,999267001662808;36,4169891284319;45,490400413001;36,4619070060783;51,0301682063715
"Ta_Ne_Omotic";"c0";0,997457820770002;37,8595119639896;48,9544097877431;37,9144372007408;45,6024552231868
"Ta_Ne_Omotic";"c0";0,998414886074903;37,6536629024191;48,4363250564332;37,7070424180331;45,500827232735
"Ta_Ne_Omotic";"c0";0,998156072952837;37,4646871462792;48,6311037739159;37,519966436515;45,8615975829341
"Ta_Ne_Omotic";"c0";0,999191162087227;37,2321198241596;43,5622287425882;37,2634569970231;49,1045572147529
"Ta_Ne_Omotic";"c0";0,999012013162408;36,8283713706599;45,5921221484754;36,8717562755006;47,1206785566925
"Ta_Ne_Omotic";"c0";0,997653195196997;37,3948511411198;48,7375866835109;37,4510032972702;47,2640411231776
"Ta_Ne_Omotic";"c0";0,998409735227811;37,2066124404433;46,7200014371211;37,2537084255754;49,3643944193429
"Ta_Ne_Omotic";"c0";0,998154333120623;36,8958909157914;43,2702671000634;36,9274472335353;46,1303804860748
"Ta_Ne_Omotic";"c0";0,999825440017869;36,7620363789518;41,513566873216;36,7855588071412;56,3526600765514
"Ta_Ne_Omotic";"c0";0,998324953961378;37,3613677643528;47,7348207622375;37,4127214920651;49,8897285748416
"Ta_Ne_Omotic";"c0";0,999395358242047;37,1588354523678;45,6554968960013;37,2008981327818;52,2846054939277
"Ta_Ne_Omotic";"c0";0,99915951847742;37,0191897654584;45,1160378659435;37,0592731718965;49,4377654095076
"Ta_Ne_Omotic";"c0";0,998950784322727;37,0325883808471;43,0482051690803;37,062368661977;49,6221175520949
"Ta_Ne_Omotic";"c0";0,999007037831839;36,5162283819;45,0671798765131;36,5585598249427;49,3452751900225
"Ta_Ne_Omotic";"c0";0,998315906092535;37,4214904314407;46,9644939094756;37,4687330229161;47,1825588365731
"Ta_Ne_Omotic";"c0";0,999217176051648;36,8927321066625;41,26187944609;36,9143615489368;51,8986932974025
"Ta_Ne_Omotic";"c0";0,997678309185124;37,7472426228645;48,3354043549223;37,7996592651024;45,1446564826209
"Ta_Ne_Omotic";"c0";0,997789338132369;37,3009292163521;45,0557848608464;37,3393195908298;47,9458878081619
"Ta_Ne_Omotic";"c0";0,998943281249976;37,0353786622443;47,1207453917604;37,0853062203112;50,3429252227752
"Ta_Ne_Omotic";"c0";0,999161919354855;36,7809365869067;43,9459439196281;36,816406920237;52,3415028481097
"Ta_Ne_Omotic";"c0";0,99961359986662;36,8162099555134;44,3479636658171;36,8534958649704;51,8427843419313
"Ta_Ne_Omotic";"c0";0,998656225909359;36,7386611913975;44,308798392179;36,7761371181341;50,7938922859721
"Ta_Ne_Omotic";"c0";0,998264572349722;37,3766090184001;48,6650167702799;37,4324922250925;46,4044844311268
"Ta_Ne_Omotic";"c0";0,999395573712056;36,7549027350022;41,0824331131176;36,7763261527157;50,9369913421948
"Ta_Ne_Omotic";"c0";0,996984526495918;38,0264287030456;48,7082565558331;38,0793090389505;44,3784328690306
"Ta_Ne_Omotic";"c0";0,998423875373942;36,9909710705731;45,3645574621184;37,032424468551;48,1791713004169
"Ta_Ne_Omotic";"c0";0,998231852195733;37,2914791123746;46,2098855992737;37,3356296395375;50,1263987444026
"Ta_Ne_Omotic";"c0";0,998969599507316;37,3375450788386;44,2209160591702;37,3716211728007;50,26874736479
"Ta_Ne_Omotic";"c0";0,999049920415016;37,1781831582827;47,3002082829916;37,2282921935535;50,6044831186698
"Ta_Ne_Omotic";"c0";0,999206598775752;36,9790992129301;45,3834696630891;37,0207050072378;49,5028561358702
"Ta_Ne_Omotic";"c0";0,999050808059324;36,6064650293506;45,5026589136357;36,6505055931342;51,6769204531121
"Ta_Ne_Omotic";"c0";0,998695515798837;37,2331201137171;46,4012980591928;37,2785071332492;50,1325091701314
"Ta_Ne_Omotic";"c0";0,99925393495749;36,9763352549422;38,3263620763621;36,9830185560384;51,06727637554
"Ta_Ne_Omotic";"c0";0,999329261519859;37,1502276974914;45,3871094482455;37,1910043398218;51,0501825816429
"Ta_Ne_Omotic";"c0";0,9994340775499;36,8706467661692;40,5119689273204;36,8886731135016;52,3413623807859
"Ta_Ne_Omotic";"c0";0,997920510319831;37,6940956592698;48,2372994239298;37,7462897373127;46,9021745332543
"Ta_Ne_Omotic";"c0";0,998942876360973;37,1280370633604;47,0360703576488;37,1770867331342;51,3917283651701
"Ta_Ne_Omotic";"c0";0,997502383124443;37,4710310879465;46,8504085932819;37,5174636498541;49,1121378631622
"Ta_Ne_Omotic";"c0";0,999221330075762;37,1032404116981;41,8341953557007;37,1266609807278;49,1761678324017
"Ta_Ne_Omotic";"c0";0,998670186817461;37,3376503724762;47,8622527345407;37,3897523643677;48,6798277057618
"Ta_Ne_Omotic";"c0";0,999011416602744;37,1829476953855;44,1139302859457;37,2172594903883;49,0113713897329
"Ta_Ne_Omotic";"c0";0,998730844457658;37,0267445839585;44,8414221845594;37,0654311067338;53,4562775343004
"Ta_Ne_Omotic";"c0";0,998505227294465;37,2528363473637;46,9229912367167;37,3007084012714;49,0700338297422
"Ta_Ne_Omotic";"c0";0,998936622437589;36,9846008054963;45,2824555187216;37,0256792941757;49,2508617834463
"Ta_Ne_Omotic";"c0";0,998363972075891;37,3948511411198;48,5974531744037;37,4503095670271;47,1424484782282
"Ta_Ne_Omotic";"c0";0,998622742728707;37,4731106372897;43,3593772812788;37,5022505711709;48,0679214358256
"Ta_Ne_Omotic";"c0";0,998950633911431;37,1398562741846;44,4778403162736;37,1761829278583;51,0511826439505
"Ta_Ne_Omotic";"c0";0,999575989499204;36,9222932954276;41,9719623346068;36,9472916570077;54,0112652728302
"Ta_Ne_Omotic";"c0";0,998941511935396;37,169943931138;47,2635817483963;37,2199124351838;50,4371054947556
"Ta_Ne_Omotic";"c0";0,999163256219148;37,2496775382348;45,8093301273126;37,2920520560025;51,114202206959
"Ta_Ne_Omotic";"c0";0,999479770097266;36,8160783384664;42,7495980143039;36,8454521982478;52,7659762214609
"Ta_Ne_Omotic";"c0";0,99867728330617;37,3648161309853;43,0585048479785;37,3930027087922;49,271225715646
"Ta_Ne_Omotic";"c0";0,99836881124945;37,3258574850615;41,2193557193557;37,3451322287956;47,1533482866691
"Ta_Ne_Omotic";"c0";0,99747599149121;38,0147937560873;50,6584980204633;38,0773863514555;42,8071189919426
"Ta_Ne_Omotic";"c0";0,997387095247439;37,6476348416647;47,6615219708015;37,6972085403238;47,1277273621888
"Ta_Ne_Omotic";"c0";0,997240363946374;37,6285503698439;47,9728292384958;37,6797596711739;47,9833156882689
"Ta_Ne_Omotic";"c0";0,998539113366479;37,2453868225013;45,0078947922685;37,2838150797773;50,1420015289688
"Ta_Ne_Omotic";"c0";0,998655208847588;36,9368764642396;46,0097586924716;36,9817917227953;51,9449393428531
"Ta_Ne_Omotic";"c0";0,998251032651717;37,138329516439;48,0234667465425;37,1922163344098;48,466789212998
"Ta_Ne_Omotic";"c0";0,998880571596436;37,2094290452499;41,0241365632893;37,2283137359333;50,7233768509561
"Ta_Ne_Omotic";"c0";0,999187408862035;36,8364789807576;40,2960089210089;36,8536053666004;50,3373569210439
"Ta_Ne_Omotic";"c0";0,998789365500367;36,791729184764;45,6814281974013;36,8357375957177;46,771011203226
"Ta_Ne_Omotic";"c0";0,999261270281486;36,8364000105294;45,4009705364887;36,8787988745193;51,4224235957896
"Ta_Ne_Omotic";"c0";0,999501322297138;36,5282845034089;42,5002713336047;36,5578487946475;51,5668633831404
"Ta_Ne_Omotic";"c0";0,997995056670946;37,364026428703;44,8463583200425;37,4010676756899;51,618609438523
"Ta_Ne_Omotic";"c0";0,997798864600076;37,1152438863882;46,8789941902687;37,1635792839321;49,1831488372318
"Ta_Ne_Omotic";"c0";0,998505862116946;37,0802600752849;46,5376429246869;37,1270788022622;51,3137131365444
"Ta_Ne_Omotic";"c0";0,998459142031076;37,4306773013241;45,7207402658239;37,4717172169899;47,7127193888489
"Ta_Ne_Omotic";"c0";0,998660597710914;37,010002895575;44,4344561668423;37,0467576147397;47,2872664503116
"Ta_Ne_Omotic";"c0";0,998408097405873;37,3417568243439;47,3945143316132;37,3915229506175;50,2744996914258
"Ta_Ne_Omotic";"c0";0,997858393720279;37,0759167127326;46,9428780284043;37,1247630558795;48,1833116932453
"Ta_Ne_Omotic";"c0";0,998377942953435;37,4212008739372;46,9319653687939;37,468283866486;46,9539856086701
"Ta_Ne_Omotic";"c0";0,996851082175336;38,2814762167996;49,3369630660001;38,3362063497164;43,553140754434
"Ta_Ne_Omotic";"c0";0,996795788423134;37,8869146331833;48,7087661254328;37,9404881554221;46,5852452294175
"Ta_Ne_Omotic";"c0";0,999405989075351;37,0501197715128;44,1547591547592;37,0852912536081;52,1832299523021
"Ta_Ne_Omotic";"c0";0,997878948570118;37,5980941851589;46,7806161139494;37,6435522145093;46,9760177442787
"Ta_Ne_Omotic";"c0";0,997833364520684;37,503066677196;47,2281801349827;37,5512108032247;50,1945711799782
"Ta_Ne_Omotic";"c0";0,997498804332967;36,9424833504436;47,8901643977753;36,9966797912719;49,8685648537858
"Ta_Ne_Omotic";"c0";0,998226168976192;37,4124615020137;47,9945702581362;37,4648481790243;47,7439981573641
"Ta_Ne_Omotic";"c0";0,998366370284261;37,1842638658559;47,8825261069843;37,2372255601189;49,733284113836
"Ta_Ne_Omotic";"c0";0,998028076657439;37,3756613756614;48,9850303043809;37,4331334990709;48,647444125223
"Ta_Ne_Omotic";"c0";0,998441577729033;37,2372002421754;48,4773662530968;37,2928446283681;47,29438935257
"Ta_Ne_Omotic";"c0";0,998083069994743;37,5886440811814;44,1878116105758;37,6213132273665;49,6718960143983
"Ta_Ne_Omotic";"c0";0,998556188391278;37,2539419305588;46,7531336108572;37,3009676319465;49,201371720113
"Ta_Ne_Omotic";"c0";0,998435853829183;37,1239042880834;46,0711370285014;37,1681975194716;47,2559494223135
"Ta_Ne_Omotic";"c0";0,998011619329637;37,6246281818421;44,7999702408305;37,6601496771836;46,7142693001603
"Ta_Ne_Omotic";"c0";0,999151637710869;37,0122667087841;45,4855320554935;37,0542135669361;51,7308721614401
"Ta_Ne_Omotic";"c0";0,998424219222841;37,236147305799;45,8039149776955;37,2785619972441;48,3890551656895
"Ta_Ne_Omotic";"c0";0,998325224802755;37,1592829503277;47,8457040668002;37,2121860251617;47,4297854153728
"Ta_Ne_Omotic";"c0";0,998763659049701;36,7803574718998;46,34568769833;36,8277105918326;50,6109307314026
"Ta_Ne_Omotic";"c0";0,998952440516173;36,4566585064098;44,0262013850953;36,4941314909577;49,4602397089298
"Ta_Ne_Omotic";"c0";0,99739469961557;37,3394140409066;47,8889562822891;37,3916394975471;46,4723621864348
"Ta_Ne_Omotic";"c0";0,99494405535639;38,3471267998631;51,1764892759368;38,4106384952892;42,8678229551531
"Ta_Ne_Omotic";"c0";0,998299034830456;37,112585222038;47,7618925441213;37,1653045652166;48,6383527055971
"Ta_Ne_Omotic";"c0";0,998189215757049;37,4868514570007;47,1217195926498;37,5345488240089;48,8030694966994
"Ta_Ne_Omotic";"c0";0,997764141790284;37,5786675090158;46,0601129721797;37,6206548627938;46,5497324768762
"Ta_Ne_Omotic";"c0";0,99912950311176;37,0528574060912;44,8759964070042;37,0915858169868;52,8529362942755
"Ta_Ne_Omotic";"c0";0,999080851225665;37,079101845271;45,5962380191218;37,1212658857356;47,4642077138442
"Ta_Ne_Omotic";"c0";0,999247500845784;37,085682697623;40,7752626576156;37,1039479449497;52,0923586787588
"Ta_Ne_Omotic";"c0";0,999616270306931;36,9424307036247;44,8314447440778;36,9814852285775;53,6920672733498
"Ta_Ne_Omotic";"c0";0,998799330620754;37,0294822185369;45,5287567403279;37,0715578349815;50,2460451044742
"Ta_Ne_Omotic";"c0";0,997888185657375;37,4578957066519;48,4999312557296;37,5125592489741;47,5922723037417
"Ta_Ne_Omotic";"c0";0,999592685335972;36,879859959462;43,766066701026;36,9139500918459;51,8571449451092
"Ta_Ne_Omotic";"c0";0,999167933548254;36,490484087499;42,7399317801795;36,5214219473638;50,2494306105075
"Ta_Ne_Omotic";"c0";0,999063972000043;37,1215351812367;44,5474798106377;37,1582972833624;53,5481645999297
"Ta_Ne_Omotic";"c0";0,997468079596853;37,7755402879781;48,9485546721959;37,8308522403752;44,6143027766138
"Ta_Ne_Omotic";"c0";0,998655270421866;36,8883360972913;47,3497573672131;36,9401253114988;52,3199352416488
"Ta_Ne_Omotic";"c0";0,998841296754251;37,2186422385427;43,9975990110778;37,252201430486;47,1392121455618
"Ta_Ne_Omotic";"c0";0,998813675407063;37,1816841717339;45,3584316861471;37,2221631198251;49,1870606961183
"Ta_Ne_Omotic";"c0";0,99875515718583;37,3905604253863;46,6303847978695;37,4363021302006;48,416146547886
"Ta_Ne_Omotic";"c0";0,998958936216917;37,2158256337361;45,1446589341326;37,255077283738;50,6739940657617
"Ta_Ne_Omotic";"c0";0,999432465020728;37,0839979994209;44,2339092865409;37,1193935998522;52,3364823177216
"Ta_Ne_Omotic";"c0";0,999005410854141;37,0806549264261;47,1184299606472;37,130346882041;51,0243933034985
"Ta_Ne_Omotic";"c0";0,998249986859057;37,4016425807471;46,7666187181066;37,4480038487538;47,9251494706639
"Ta_Ne_Omotic";"c0";0,997942885155255;37,4791650214536;49,3307643461152;37,537836305239;46,6653462718148
"Ta_Ne_Omotic";"c0";0,998344181598515;37,6324988812551;45,804010403606;37,6729519085935;50,4212707315353
"Ta_Ne_Omotic";"c0";0,999242982981521;37,2544157519282;41,63985119387;37,2761258283734;50,1634498248178
"Ta_Ne_Omotic";"c0";0,99918178077305;36,8676195740872;44,7541448728239;36,9066617785364;52,152485142188
"Ta_Ne_Omotic";"c0";0,999173637098558;36,7863855326542;44,464200248514;36,8243945163961;50,1653307700784
"Ta_Ne_Omotic";"c0";0,998130904656183;37,1937929400616;45,994566356141;37,2373611252897;50,198053454022
"Ta_Ne_Omotic";"c0";0,998453239769769;37,1363552607334;43,7895828512003;37,1692920309832;52,8614761259783
"Ta_Ne_Omotic";"c0";0,998569108778498;37,0926320777067;47,7301375095493;37,1452929956861;48,9823104408248
"Ta_Ne_Omotic";"c0";0,999045569034845;36,8951275369186;43,5107466063348;36,9278781263711;49,3485202189189
"Ta_Ne_Omotic";"c0";0,998525188693175;36,7117060201637;43,5901595987176;36,7457577705526;50,6574347687465
"Ta_Ne_Omotic";"c0";0,99843695875286;37,217562978757;47,4106863669226;37,2680239856291;51,3025813540395
"Ta_Ne_Omotic";"c0";0,99917443749867;36,9099739398247;44,036911188227;36,945255807391;49,2865586318325
"Ta_Ne_Omotic";"c0";0,999294747074016;36,4471031087946;42,9029587200319;36,4790627900384;50,7727160202625
"Ta_Ne_Omotic";"c0";0,998940782792415;37,1922661823159;43,1515955448882;37,2217678128237;49,860822452857
"Ta_Ne_Omotic";"c0";0,998998576998992;37,0334044065387;46,6966455619706;37,0812422340409;52,0802823971132
"Ta_Ne_Omotic";"c0";0,998239707302594;37,192397799363;47,8443979946198;37,2451304735969;51,3918341992273
"Ta_Ne_Omotic";"c0";0,998204614769799;37,4313090631499;47,0822298810058;37,4790858988818;47,8282108172744
"Ta_Ne_Omotic";"c0";0,998524068991977;37,2454131459107;45,6469818772545;37,2870050703233;48,60767874905
"Ta_Ne_Omotic";"c0";0,998401061872191;37,1819737292374;44,0505750745747;37,2159767061945;48,5418690715235
"Ta_Ne_Omotic";"c0";0,99934251876704;36,7878859669904;45,3649877124417;36,8303468667204;52,2733381216403
"Ta_Ne_Omotic";"c0";0,996759610271078;37,8443496801706;48,2138999868702;37,8956840876295;43,9327164352424
"Ta_Ne_Omotic";"c0";0,998044092569091;37,5697701966359;38,5206249297516;37,574477398285;46,710470603672
"Ta_Ne_Omotic";"c0";0,998140838288884;37,5238884940377;44,4167524559681;37,5580115829582;49,1367337042422
"Ta_Ne_Omotic";"c0";0,999552223141146;36,7044670825765;38,6731702727575;36,7142131379735;52,2601247695082
"Ta_Ne_Omotic";"c0";0,998427528440091;37,4083813735555;44,7296972296972;37,4446255114572;48,4723547539021
"Ta_Ne_Omotic";"c0";0,997327595346155;37,9534338887573;47,9965661789857;38,0031523654416;48,146162118802
"Ta_Ne_Omotic";"c0";0,998585250377548;37,0517781463055;45,1972934472934;37,0921024794787;47,4520283668632
"Ta_Ne_Omotic";"c0";0,99778118232763;37,3941930558846;46,9289527990716;37,4413948367915;50,5817363342655
"Ta_Ne_Omotic";"c0";0,997346747071057;37,6685356287346;49,177090416429;37,7255086722381;44,217361444874
"Ta_Ne_Omotic";"c0";0,998535085600278;37,0247966516623;46,6767223005406;37,0725784618053;48,5232908291116
"Ta_Ne_Omotic";"c0";0,99906577926531;37,2110347732238;45,9655513110798;37,2543739640053;50,2399202089222
"Ta_Ne_Omotic";"c0";0,999440037030554;36,8704361788939;43,4405163767594;36,9029613283883;53,402616901662
"Ta_Ne_Omotic";"c0";0,998436727958025;37,2299613045882;46,4250503405696;37,2754815473406;50,6006395745926
"Ta_Ne_Omotic";"c0";0,998515840621466;37,0508041801574;44,9120857239137;37,0897214155225;47,5992318387203
"Ta_Ne_Omotic";"c0";0,998989039473504;36,9380873410724;44,1049674472867;36,9735669455586;48,9163936131881
"Ta_Ne_Omotic";"c0";0,998405077992571;37,0597804627655;47,4427276399255;37,1111811913653;47,4486296557356
"Ta_Ne_Omotic";"c0";0,999170819607802;37,2158782805549;42,6660067665505;37,242859114644;50,5846414663977
"Ta_Ne_Omotic";"c0";0,998852023795988;37,1498591697597;47,2164167441592;37,1996936131973;51,5809431473548
"Ta_Ne_Omotic";"c0";0,998256288763065;37,4221485166759;49,4657215354524;37,4817701652837;47,2233752813362
"Ta_Ne_Omotic";"c0";0,997924276835201;37,4174629498013;49,640264717146;37,4779718694416;47,2146354047245
"Ta_Ne_Omotic";"c0";0,997768777848385;37,5002763957988;43,8156430055295;37,5315405869361;49,2272748647596
"Ta_Ne_Omotic";"c0";0,996459394973914;38,1121114006686;45,0165894610339;38,1462919851259;43,5622384561194
"Ta_Ne_Omotic";"c0";0,99797986540212;37,6382900313249;46,4485620012764;37,6819052390969;46,2965634871708
"Ta_Ne_Omotic";"c0";0,99851301882232;37,4537102845561;45,6608849026227;37,4943398618732;47,5915234203595
"Ta_Ne_Omotic";"c0";0,998845943191718;37,2107978625392;43,8900644304201;37,2438635386178;51,118407267482
"Ta_Ne_Omotic";"c0";0,99806841823734;37,5391560714944;45,0815900481343;37,576494853557;48,1559035281631
"Ta_Ne_Omotic";"c0";0,998435379844043;37,1856853299639;46,1767237047097;37,230195420928;50,7038603058498
"Ta_Ne_Omotic";"c0";0,998264281060158;37,4170944220695;43,8940003351768;37,4491583127285;45,6577001655499
"Ta_Ne_Omotic";"c0";0,99720211197259;37,7309747558504;50,6482444223484;37,7949216353875;43,0251508899283
"Ta_Ne_Omotic";"c0";0,997080911400605;37,464160678091;46,3209818677298;37,5080063275447;46,0540828174771
"Ta_Ne_Omotic";"c0";0,998669067345947;37,3708441917397;45,4527637677043;37,410853694591;48,5570742937716
"Ta_Ne_Omotic";"c0";0,998049713505678;37,3276738003106;43,4483243364822;37,3579740504897;48,3023688821696
"Ta_Ne_Omotic";"c0";0,997820368206997;37,4536049909184;47,3378855086635;37,5025370726894;45,9412713429538
"Ta_Ne_Omotic";"c0";0,996855815432751;37,6479507225776;49,879910633086;37,7085049795603;43,5613304335398
"Ta_Ne_Omotic";"c0";0,998696157299621;37,055489747032;45,9618022789837;37,0995804031308;50,4912106659159
"Ta_Ne_Omotic";"c0";0,998365656719758;37,3749769670168;46,9867384867385;37,4225599448372;48,1297137612801
"Ta_Ne_Omotic";"c0";0,998198825169983;37,3971939245571;47,2309106497692;37,4458756905235;46,0554010061779
"Ta_Ne_Omotic";"c0";0,997619759468751;37,4114348890468;47,9733273920447;37,4637214855963;48,8008162684764
"Ta_Ne_Omotic";"c0";0,998563941142409;37,0846824080655;45,4792072774529;37,1262394618743;48,6278912446928
"Ta_Ne_Omotic";"c0";0,998722320444031;36,8411908710416;44,8477332888922;36,8808272196448;49,4890639965201
"Ta_Ne_Omotic";"c0";0,998252905404251;37,1213772407802;48,400325035495;37,1772136160016;52,1006380870209
"Ta_Ne_Omotic";"c0";0,998596377158679;37,3037458211588;46,9274491354836;37,3513879167742;47,9983903663012
"Ta_Ne_Omotic";"c0";0,99947286768316;36,6444233857169;43,9017205753217;36,6803505995268;50,7820101513335
"Ta_Ne_Omotic";"c0";0,999544384926002;36,9891284319145;42,5648957738741;37,0167312405381;51,5863212948779
"Ta_Ne_Omotic";"c0";0,998593661713284;37,3442838716471;43,7081902286581;37,375788358563;46,9378719620271
"Ta_Ne_Omotic";"c0";0,998631778473572;37,2339624628182;47,0432538160911;37,2825233111017;46,7808925962843
"Ta_Ne_Omotic";"c0";0,99871426598229;37,2856616388955;45,2929219878048;37,3253015416128;50,8250015777714
"Ta_Ne_Omotic";"c0";0,99614691834363;38,0345363131433;48,3872950719136;38,0857875941273;44,5927554807858
"Ta_Ne_Omotic";"c0";0,998246163034639;37,4776119402985;47,7401425446272;37,5284165472506;47,5671869036617
"Ta_Ne_Omotic";"c0";0,999424436813309;36,8877833056938;44,6249496166811;36,9260861092135;50,3333665898614
"Ta_Ne_Omotic";"c0";0,998771310017653;37,4878254231488;47,884428003551;37,5392937527548;46,4169554391822
"Ta_Ne_Omotic";"c0";0,998616416222493;37,0551212193003;44,5146240390143;37,0920494510811;49,6786626126012
"Ta_Ne_Omotic";"c0";0,998239583013213;37,4510252967964;48,9698296490074;37,5080490807183;47,7561784375545
"Ta_Ne_Omotic";"c0";0,996828376893681;37,9570401958462;46,2364564271283;37,9980274049119;43,389693372747
"Ta_Ne_Omotic";"c0";0,998792032423473;37,1309852852141;45,901896088888;37,1744056357274;44,775090657458
"Ta_Ne_Omotic";"c0";0,997483909597457;37,8884150675195;49,3128015745672;37,9449714363663;45,1112180167682
"Ta_Ne_Omotic";"c0";0,997824077524203;37,3416515307063;48,4650168802819;37,3967176958032;49,1553453106935
"Ta_Ne_Omotic";"c0";0,997809058935834;37,4011161125589;47,3356194417661;37,4502968221094;46,3168382019616
"Ta_Ne_Omotic";"c0";0,998019072196802;37,1741820000526;45,5858722642614;37,2158240310636;49,3321176928153
"Ta_Ne_Omotic";"c0";0,998392067267348;37,0955802995604;44,5075255173294;37,1322730976682;48,5575879216372
"Ta_Ne_Omotic";"c0";0,998750190325174;37,1469899181342;46,4975906924235;37,1932800209772;49,5969677879941
"Ta_Ne_Omotic";"c0";0,99974627062304;36,5620837610887;38,8396905677607;36,5733590423099;53,4224009322556
"Ta_Ne_Omotic";"c0";0,998679133769493;37,2238016267867;47,8421746681471;37,2763678299618;45,9898001870185
"Ta_Ne_Omotic";"c0";0,998886580723931;36,8959435626102;44,0773789047783;36,93149522272;51,5220456975471
"Ta_Ne_Omotic";"c0";0,99893984790107;37,0813393350707;44,1265030541881;37,1162163831851;46,5919414310207
"Ta_Ne_Omotic";"c0";0,997844602837466;37,4787701703125;45,7761588619432;37,5198463519542;48,2591322041931
"Ta_Ne_Omotic";"c0";0,999105134908387;36,9574613703967;48,438402784766;37,0142977140322;49,2023102408882
"Ta_Ne_Omotic";"c0";0,998277714756284;37,1155860907105;45,361016149445;37,1564050513973;50,3112238748086
"Ta_Ne_Omotic";"c0";0,999554339025499;36,988707257364;44,4392146229972;37,0255909571938;51,2652891452575
"Ta_Ne_Omotic";"c0";0,997769172679842;37,4438916528469;47,4506710748024;37,4934301648368;46,8357341045353
"Ta_Ne_Omotic";"c0";0,998095573364671;36,9713864539735;46,7065572251708;37,0195803686824;49,0531152530894
"Ta_Ne_Omotic";"c0";0,99904402134599;37,1380399589355;43,7452395262654;37,1707488676846;49,5121142616012
"Ta_Ne_Omotic";"c0";0,999229958715486;37,0430914212009;45,8802889293085;37,0868399237163;51,181675641676
"Ta_Ne_Omotic";"c0";0,997148094253155;37,8224486035431;45,861022691905;37,8622435247726;47,0826703636847
"Ta_Ne_Omotic";"c0";0,99807564424085;37,5811945563189;47,4297811434201;37,629949935463;46,4412337652881
"Ta_Ne_Omotic";"c0";0,998151416805821;37,1701281950038;46,172143334838;37,2146926263891;48,1365493698663
"Ta_Ne_Omotic";"c0";0,998407912755606;36,7296849087894;45,0160552032537;36,7707065439105;52,144814871331
"Ta_Ne_Omotic";"c0";0,999076938462187;37,2145884334939;45,9887471736777;37,2580248629008;50,671649316972
"Ta_Ne_Omotic";"c0";0,998485661175356;37,4737950459344;46,846109675567;37,5201926431108;46,4531612647032
"Ta_Ne_Omotic";"c0";0,998452314121577;37,4473400194793;45,7835598345292;37,4886084344053;48,0841469495547
"Ta_Ne_Omotic";"c0";0,998596168518368;37,0458290557793;46,2687614074145;37,091487136728;48,7457103482645
"Ta_Ne_Omotic";"c0";0,998810586081419;36,578746479244;43,9285585174778;36,6151316873541;52,6364503769539
"Ta_Ne_Omotic";"c0";0,998525469153801;37,0121087683277;46,6966026305457;37,0600518072495;47,7021099674854
"Ta_Ne_Omotic";"c0";0,999483253729986;36,6241017136539;41,9416875155001;36,6504263958413;52,6813265013934
"Ta_Ne_Omotic";"c0";0,996705916873925;37,9058148411382;46,5279128579942;37,948498494687;44,2943446332385
"Ta_Ne_Omotic";"c0";0,999543263712854;36,7743294111453;45,2223040241616;36,8161510676454;50,8241853505554
"Ta_Ne_Omotic";"c0";0,997672045312455;37,4556582168522;47,479536670933;37,505281377516;47,3729900311296
"Ta_Ne_Omotic";"c0";0,998957856266156;37,0353260154255;45,2006549161021;37,0757484357259;51,097505371169
"Ta_Ne_Omotic";"c0";0,99932474614672;36,9234252020322;43,3729980788804;36,9553537806304;51,7858056385637
"Ta_Ne_Omotic";"c0";0,999638583726644;36,9674379425623;41,8225185786161;36,991472995216;53,005785508666
"Ta_Ne_Omotic";"c0";0,9980089235982;37,4616862776067;47,3949958668951;37,5108610775536;49,0129970141177
"Ta_Ne_Omotic";"c0";0,997058620079212;37,8188949432731;48,3014162409349;37,8707886130635;46,331127884004
"Ta_Ne_Omotic";"c0";0,999325850180497;36,7298954960646;44,3514676898823;36,7676260514796;49,9906419084532
"Ta_Ne_Omotic";"c0";0,997437167766078;37,9507752244071;47,9392172526851;38,0002229572203;46,4842818692746
"Ta_Ne_Omotic";"c0";0,999460340641829;36,7820684935113;41,3432394433678;36,8046485477185;52,0950925873355
"Ta_Ne_Omotic";"c0";0,99870128077204;37,2238805970149;45,3900254638969;37,264307056752;48,7821946403331
"Ta_Ne_Omotic";"c0";0,999369519910264;36,8982073758193;45,9038707991425;36,942789868014;51,4814440753699
"Ta_Ne_Omotic";"c0";0,997404023237868;37,936771170602;46,8493201675788;37,98089270029;45,6132666138643
"Ta_Ne_Omotic";"c0";0,999322180039743;37,223564716102;43,631477485136;37,2552870565428;49,500401517936
"Ta_Ne_Omotic";"c0";0,998773272494369;36,7969675432362;46,4059863451762;36,8445369432458;49,9059927094775
"Ta_Ne_Omotic";"c0";0,998660801590912;37,0518044697149;47,0832942096652;37,1014653100117;52,5382599010973
"Ta_Ne_Omotic";"c0";0,999025453805818;36,6044381268262;38,5192290476843;36,6139172898007;54,5439794797003
"Ta_Ne_Omotic";"c0";0,998616637360252;36,5741925294164;42,7505124730734;36,6047683707216;48,4088529411381
"Ta_Ne_Omotic";"c0";0,998477033440767;37,1638632235647;46,5914020531428;37,2105342078696;52,224654497236
"Ta_Ne_Omotic";"c0";0,999349048387148;36,7039669377978;44,0630000485522;36,7403977947817;54,2839338875687
"Ta_Ne_Omotic";"c1";0,952797205030795;52,4769611470702;38,3851641264577;38,4549254978468;42,3851954729088
"Ta_Ne_Omotic";"c1";0,980098130689988;50,9374362241679;38,912448340309;38,9719779832984;43,0491928582574
"Ta_Ne_Omotic";"c1";0,982428880994506;54,6862988336555;40,2901892653136;40,3614571344638;37,7955214112304
"Ta_Ne_Omotic";"c1";0,975123365435796;50,438176461081;38,8248440337993;38,8823357784888;40,3637818514581
"Ta_Ne_Omotic";"c1";0,953281976677987;50,3358827536469;38,3739766774593;38,4331940342721;45,224048740149
"Ta_Ne_Omotic";"c1";0,881289202981803;52,150274729876;38,6552423069836;38,722049398186;40,718190816055
"Ta_Ne_Omotic";"c1";0,936704421315816;50,0985391140356;37,591460685988;37,6533769158299;46,8603804023523
"Ta_Ne_Omotic";"c1";0,960270579013924;50,7401777805957;38,0865776935429;38,1492192781322;42,9738770678057
"Ta_Ne_Omotic";"c1";0,951917635858146;50,2345468817001;37,9255573981942;37,9864929896967;44,9972157449528
"Ta_Ne_Omotic";"c1";0,869981929955074;47,9882039604071;37,9982889783885;38,0477440030519;46,8499342240713
"Ta_Ne_Omotic";"c1";0,947455648207704;52,7084075308235;38,9421411461212;39,0102909797089;37,9514906939862
"Ta_Ne_Omotic";"c1";0,889416543618951;47,4826891547322;37,6456079391403;37,6943063609996;45,921566132237
"Ta_Ne_Omotic";"c1";0,933707349617165;47,7358323255685;37,7830424596594;37,8323136966193;45,7217634693381
"Ta_Ne_Omotic";"c1";0,93824022878905;51,570662930645;39,2566795651373;39,3176398788279;40,6071701377491
"Ta_Ne_Omotic";"c1";0,953645755737269;51,4961782342553;38,1045829055779;38,1708779319575;44,4130272123508
"Ta_Ne_Omotic";"c1";0,964920252090905;51,2240042858509;38,444418121035;38,5076833990787;41,1432672406397
"Ta_Ne_Omotic";"c1";0,984040974932839;52,4980976908654;38,6512411487536;38,7197899435165;43,6737918506767
"Ta_Ne_Omotic";"c1";0,950810309154195;52,85209034746;39,4057753560241;39,4723412718233;39,7539239791232
"Ta_Ne_Omotic";"c1";0,923335773137627;51,897643537288;38,6086235489221;38,6744107765872;43,0988034516847
"Ta_Ne_Omotic";"c1";0,940718944017007;53,072595936937;38,9394298349522;39,0093960037739;38,5658839752973
"Ta_Ne_Omotic";"c1";0,936150092054202;50,2170754200994;38,3952986390797;38,4538222865105;45,2080613932863
"Ta_Ne_Omotic";"c1";0,946195069607002;49,4574796308722;37,5595567137856;37,618457322286;45,7495162437985
"Ta_Ne_Omotic";"c1";0,977943241853525;52,0042434039157;38,9334280976072;38,9981351040741;41,3857969522142
"Ta_Ne_Omotic";"c1";0,926245174146139;49,2512009887977;37,8929426939377;37,9491716953974;45,1103546941974
"Ta_Ne_Omotic";"c1";0,943896584771755;53,0066858598114;38,9229777040722;38,9926990315759;41,3016037317192
"Ta_Ne_Omotic";"c1";0,934370835768986;47,93565089428;38,7860959751507;38,831390801483;41,5779175713079
"Ta_Ne_Omotic";"c1";0,969736483711642;54,1693998609941;39,4069335860381;39,4800151022507;39,492848426893
"Ta_Ne_Omotic";"c1";0,902142007299229;49,5766354357392;38,2797651951881;38,3356902953888;43,2682442232543
"Ta_Ne_Omotic";"c1";0,95435830623481;51,6862043007294;38,9807575877228;39,0436558387773;40,4205741048279
"Ta_Ne_Omotic";"c1";0,896699285265634;49,4853155787191;37,7346337097581;37,7928054021787;47,3106740356938
"Ta_Ne_Omotic";"c1";0,961251731315558;51,4196617216846;38,9261365132012;38,9879856478967;39,4782122398161
"Ta_Ne_Omotic";"c1";0,899222078592578;51,5269211543721;38,7035194398378;38,7670016265435;40,5989762472198
"Ta_Ne_Omotic";"c1";0,927011606471115;51,4320735869474;38,9528547737503;39,0146330847067;42,4021831391372
"Ta_Ne_Omotic";"c1";0,939046674530828;49,3870504057955;38,3216720629656;38,3764511636727;44,6059801814529
"Ta_Ne_Omotic";"c1";0,960693367045278;46,718646299882;38,0864197530864;38,1291535478725;43,0695267194995
"Ta_Ne_Omotic";"c1";0,962809751051483;46,804236374756;38,1952933743978;38,2379119041026;44,8053655718907
"Ta_Ne_Omotic";"c1";0,921990849861895;50,4363281307298;37,8903629998157;37,9524717380876;45,0247837402564
"Ta_Ne_Omotic";"c1";0,875340441306595;50,9468865468554;38,3844270709942;38,4466174644391;40,9999539763322
"Ta_Ne_Omotic";"c1";0,877790639439122;45,8258124304636;37,1527020979757;37,1956382877405;49,5644158743188
"Ta_Ne_Omotic";"c1";0,960493056026818;53,1598167197654;39,1433046408171;39,2126933144752;39,5102639784893
"Ta_Ne_Omotic";"c1";0,970387706486455;50,666127788759;38,6935691910816;38,7528392831493;42,3680273241959
"Ta_Ne_Omotic";"c1";0,850626044649692;51,6675709830378;38,7912553633947;38,8549995001256;41,4947522629871
"Ta_Ne_Omotic";"c1";0,949897353682764;52,9608107143916;39,6899892074021;39,7556863435754;39,6154438879884
"Ta_Ne_Omotic";"c1";0,975313167040192;51,7932559255023;39,0478033114849;39,1108996115543;40,5805400992846
"Ta_Ne_Omotic";"c1";0,936789699987597;47,7257206561554;38,9915238621706;39,0347624601607;39,5854481363124
"Ta_Ne_Omotic";"c1";0,934424845523113;50,9917778559235;38,4662665508437;38,528274032552;40,8307281254162
"Ta_Ne_Omotic";"c1";0,975164810328994;51,1438886493884;38,6366053331227;38,6985225772627;39,05117822867
"Ta_Ne_Omotic";"c1";0,973124547513175;52,4111470794097;38,7194977493485;38,7872781915765;41,2682285186991
"Ta_Ne_Omotic";"c1";0,965748082942689;50,168262773243;38,8242649187923;38,8804233240123;42,4188376714502
"Ta_Ne_Omotic";"c1";0,976361297328422;52,1931923751641;39,489194240438;39,5520853203129;37,9427097750205
"Ta_Ne_Omotic";"c1";0,95622483016456;48,8835116680236;37,734370475664;37,789564243943;46,6083728622729
"Ta_Ne_Omotic";"c1";0,932967036611066;52,1579401682109;39,9675958830188;40,0279441220544;38,5422374973984
"Ta_Ne_Omotic";"c1";0,96344142848574;51,1770062703952;38,5961725762721;38,6584539311935;43,0984622344098
"Ta_Ne_Omotic";"c1";0,979911716516048;52,6682193046762;39,529969201611;39,5950100437054;39,5535016028874
"Ta_Ne_Omotic";"c1";0,935529022139268;50,7403831291359;38,6458711732344;38,7057449947982;43,5265408670806
"Ta_Ne_Omotic";"c1";0,973467070204878;51,6688258397678;38,7583247782253;38,8222381498171;41,0255303275321
"Ta_Ne_Omotic";"c1";0,947032028604238;50,5177954052354;38,2168785701124;38,2777741980091;42,6362299734947
"Ta_Ne_Omotic";"c1";0,912073882624729;48,7743665525423;37,6898312669457;37,7447052040031;45,3405531347516
"Ta_Ne_Omotic";"c1";0,967048842724192;50,4988649172838;38,7590881570981;38,8172058638317;41,9119610754085
"Ta_Ne_Omotic";"c1";0,972083275023917;50,516150868935;38,7529284792966;38,8111622535028;41,1690465296605
"Ta_Ne_Omotic";"c1";0,915626731878326;47,1409450651931;37,4150411961357;37,4631892350915;49,7529168038143
"Ta_Ne_Omotic";"c1";0,924069917465792;48,751294765726;38,0166890415647;38,0698306540605;46,9149814596036
"Ta_Ne_Omotic";"c1";0,961387552731253;50,082960349858;39,1110584642923;39,1653748102604;42,9713754609339
"Ta_Ne_Omotic";"c1";0,975483175735679;51,1544398720257;39,1120587538498;39,1716745019596;41,7322295535053
"Ta_Ne_Omotic";"c1";0,945139922176859;48,4790855764487;38,9618837031772;39,008998563936;43,136849691692
"Ta_Ne_Omotic";"c1";0,938046977246959;51,1173323521194;38,9692542578115;39,0293932582783;43,2160873847501
"Ta_Ne_Omotic";"c1";0,915310550177134;52,3415882635652;38,6221537813578;38,6900717738439;44,0887959366485
"Ta_Ne_Omotic";"c1";0,920658812261611;51,4338054788212;38,4987233146437;38,5627583748624;42,7532920105915
"Ta_Ne_Omotic";"c1";0,949833114845514;51,6023628397442;38,7315801942668;38,7952969400365;41,9005227779578
"Ta_Ne_Omotic";"c1";0,914614442655709;49,1091930983462;38,2196425281002;38,2735511942896;42,397185671734
"Ta_Ne_Omotic";"c1";0,893522283771386;48,3747673347315;37,9531706546632;38,0047627174358;45,0775427989072
"Ta_Ne_Omotic";"c1";0,924796046649696;47,7966012003069;38,0925004606597;38,1405405633312;44,0946438806847
"Ta_Ne_Omotic";"c1";0,910741361044234;49,2887205387205;38,1516491615994;38,2067831783178;43,9063417544126
"Ta_Ne_Omotic";"c1";0,979122960118132;54,4769782884236;39,9652004527626;40,0370409370976;37,0846155389899
"Ta_Ne_Omotic";"c1";0,931441978109712;49,4303407368921;38,1381452525731;38,1940472104163;46,2430908991865
"Ta_Ne_Omotic";"c1";0,976068732029704;51,0422753000524;38,931480165311;38,9914345966711;41,9050559431979
"Ta_Ne_Omotic";"c1";0,890013182558396;50,4057802616684;38,1607570612546;38,2213759879893;44,1675599785116
"Ta_Ne_Omotic";"c1";0,937715860807734;49,5885282145468;38,081102424386;38,1380698787927;44,5037314569801
"Ta_Ne_Omotic";"c1";0,897334164014705;52,7073074934394;38,3959830477243;38,4668311885447;40,3021013465655
"Ta_Ne_Omotic";"c1";0,966729459944533;50,2614817876121;38,4560793914028;38,5145219775226;41,4672573426719
"Ta_Ne_Omotic";"c1";0,870973752519117;49,0855004975445;38,2799757824633;38,3334684790727;43,096325589408
"Ta_Ne_Omotic";"c1";0,969731069165821;49,732090602188;38,1968991023717;38,2540040107867;43,1427621331133
"Ta_Ne_Omotic";"c1";0,951108078128447;51,577670384581;38,7696438442707;38,8330499162524;39,8980984406966
"Ta_Ne_Omotic";"c1";0,913355077462767;47,7803103736017;37,3925610045013;37,4439855063285;47,9617105628005
"Ta_Ne_Omotic";"c1";0,984913064235128;48,607581537307;38,7397404511832;38,7885911496294;42,4131902136623
"Ta_Ne_Omotic";"c1";0,95637871594028;48,8215626464136;38,271499644634;38,3237276792963;44,1919011680128
"Ta_Ne_Omotic";"c1";0,974021145262211;53,1902139431379;39,8900997657217;39,9559419151148;38,9969633053221
"Ta_Ne_Omotic";"c1";0,980675715367669;52,543299162769;39,5206243912712;39,5850930782588;36,9952107849328
"Ta_Ne_Omotic";"c1";0,961901378859863;46,3463351084834;38,8320040011582;38,8692036601054;45,2037312812322
"Ta_Ne_Omotic";"c1";0,931851313734625;49,7619749678573;38,1880544368107;38,245351073103;42,3980126920512
"Ta_Ne_Omotic";"c1";0,944413686151387;51,4223827432056;38,6178630656243;38,6812517768994;41,8787520763832
"Ta_Ne_Omotic";"c1";0,946123063425178;52,8383025824879;39,0790228750428;39,1471381211192;40,1753614127719
"Ta_Ne_Omotic";"c1";0,914254196472036;51,8012087497885;38,9176340519624;38,9814141247239;39,5129268330984
"Ta_Ne_Omotic";"c1";0,977490732276425;50,5828847078847;38,9155281792098;38,9732873699458;42,2909285468333
"Ta_Ne_Omotic";"c1";0,94450407469354;50,2727353531951;38,2815551870278;38,3409174650782;42,3276526323699
"Ta_Ne_Omotic";"c1";0,964811275780354;52,4158038423321;39,4467609044723;39,510964087333;39,3553133380084
"Ta_Ne_Omotic";"c1";0,942410396180037;48,490252973818;37,4538419016031;37,5084775999804;46,801932614082
"Ta_Ne_Omotic";"c1";0,940935675865408;47,7366798787851;38,0405906973071;38,0885911387996;44,9220482206931
"Ta_Ne_Omotic";"c1";0,959341550766444;51,0601350360986;38,4310195056464;38,4935398795595;44,746470167844
"Ta_Ne_Omotic";"c1";0,979618945242294;51,156189507406;38,4802969280581;38,5430488715202;42,4691032011509
"Ta_Ne_Omotic";"c1";0,969906283925922;51,4271821635846;38,615651899234;38,6790753163842;45,4843183951481
"Ta_Ne_Omotic";"c1";0,962738929951843;53,3762318203179;39,0700202690252;39,1408430984871;37,5860877609629
"Ta_Ne_Omotic";"c1";0,952508281359688;50,3081210048128;38,4868514570007;38,545372593376;42,158893180028
"Ta_Ne_Omotic";"c1";0,891830327227228;47,3588212551433;37,6901471478586;37,738011871162;48,4261362958836
"Ta_Ne_Omotic";"c1";0,912544068258627;49,6177740845954;37,1200347469004;37,1819047436217;48,5266603320507
"Ta_Ne_Omotic";"c1";0,933544950669911;50,2800575794435;38,102977177604;38,1632597538508;45,0441086158079
"Ta_Ne_Omotic";"c1";0,88490470542432;49,3273908371948;37,7006765116218;37,7582345033325;40,5776750778004
"Ta_Ne_Omotic";"c1";0,975772696824548;51,6882924527818;39,5356813814525;39,5958428223997;42,0693040410058
"Ta_Ne_Omotic";"c1";0,801090422225439;48,8243796558501;37,6249177393456;37,6803606201204;43,1910109082528
"Ta_Ne_Omotic";"c1";0,961241952391637;47,8851281792458;39,0279817842007;39,0718290435821;41,5143791443502
"Ta_Ne_Omotic";"c1";0,939906657902733;50,2115127566303;37,9701492537313;38,0307500631516;44,286100831998
"Ta_Ne_Omotic";"c1";0,860461429386016;50,2210879800277;38,224143831109;38,2835346437274;43,3683866951905
"Ta_Ne_Omotic";"c1";0,929852401050893;51,1656853052202;38,5649793361236;38,6273590686439;40,1877737491026
"Ta_Ne_Omotic";"c1";0,858932140978293;43,5996200702083;37,6405011977151;37,6700017861928;47,9114773543181
"Ta_Ne_Omotic";"c1";0,937919431434002;50,7941778162094;38,4576061491484;38,5186782861141;41,3522229126947
"Ta_Ne_Omotic";"c1";0,989366629678503;49,7463284940185;38,956513727658;39,0099286522439;40,8236984447154
"Ta_Ne_Omotic";"c1";0,975523192009691;50,2425322272698;38,3690015530812;38,4277814079039;44,4348331027122
"Ta_Ne_Omotic";"c1";0,957710782428818;50,4175926020797;38,2718944957751;38,3320217141231;43,2913829560075
"Ta_Ne_Omotic";"c1";0,922909583718995;49,4280966854496;37,9384821922135;37,995361471883;48,3181497212206
"Ta_Ne_Omotic";"c1";0,953300884704207;49,7480914354748;38,1632577851483;38,2206084467836;42,8312198175728
"Ta_Ne_Omotic";"c1";0,932240815821299;48,4831250627321;38,4768222380163;38,5263583906139;41,613655077514
"Ta_Ne_Omotic";"c1";0,929146318362398;49,6429558096225;37,8030745742189;37,8616878476614;43,9685562671116
"Ta_Ne_Omotic";"c1";0,934652336038674;52,983109407545;38,9704388112348;39,0398084676522;39,9292438314445
"Ta_Ne_Omotic";"c1";0,967087246057016;50,697189519339;38,9120798125773;38,9704219398385;41,9996668724003
"Ta_Ne_Omotic";"c1";0,95030977040246;50,3315559540074;38,2678670141357;38,3275882465113;42,6624592340765
"Ta_Ne_Omotic";"c1";0,924367515578791;49,3713736701542;38,191687067309;38,2470320504914;46,3178975798898
"Ta_Ne_Omotic";"c1";0,948944454336978;50,4992721512329;38,8165521598357;38,8743874073179;41,0425061308978
"Ta_Ne_Omotic";"c1";0,941158005508574;50,6059934322526;38,6344731369607;38,6937380889176;42,7649119771697
"Ta_Ne_Omotic";"c1";0,954302809100307;49,708492373815;38,2954802706046;38,3519803305215;45,4460392709348
"Ta_Ne_Omotic";"c1";0,930786442553124;48,3895626427753;37,9032877938351;37,9552000455625;46,5622614076762
"Ta_Ne_Omotic";"c1";0,965316908947767;52,4282235363796;38,7545868540893;38,8222781247937;41,6955332240421
"Ta_Ne_Omotic";"c1";0,963973898470731;54,1053354195117;40,7654320987654;40,8314712241157;36,3409543755173
"Ta_Ne_Omotic";"c1";0,947008719453322;50,8138391819018;38,4030903682645;38,4645297188271;42,3038448053327
"Ta_Ne_Omotic";"c1";0,937915140012917;47,4935604471208;38,4222538103135;38,4671612689116;45,2184754563256
"Ta_Ne_Omotic";"c1";0,958698154546386;51,0416001259025;38,1691805522651;38,2329054016396;41,1994335599371
"Ta_Ne_Omotic";"c1";0,875838023656507;51,4194586993121;38,0027639579878;38,0691832388855;42,8600071756803
"Ta_Ne_Omotic";"c1";0,932322577396555;48,5291850535051;37,5183605780621;37,5728696101187;46,8426413638669
"Ta_Ne_Omotic";"c1";0,965002127431059;51,5556933854763;39,2920319039722;39,3527430994252;38,8166296619467
"Ta_Ne_Omotic";"c1";0,970676610979212;52,8898739164697;39,6593224354418;39,7248202150509;39,0024952763509
"Ta_Ne_Omotic";"c1";0,942889955582832;54,3094004187973;40,3944299665693;40,463315958907;36,3212032504491
"Ta_Ne_Omotic";"c1";0,920135771991679;47,6095135994227;37,8646187054147;37,9128607593455;45,8859576489929
"Ta_Ne_Omotic";"c1";0,921440223466469;50,9784462876668;38,4060649135276;38,4683044252808;40,1828615327027
"Ta_Ne_Omotic";"c1";0,954546565436025;52,1827608650067;38,9525915396562;39,0180874274055;41,6705665990552
"Ta_Ne_Omotic";"c1";0,954739850202854;47,4282547749381;38,3052989023138;38,3504620501981;40,9759782797838
"Ta_Ne_Omotic";"c1";0,908815388834636;49,0119901519001;37,9752559951565;38,0298932929622;47,1373986469481
"Ta_Ne_Omotic";"c1";0,979605733421971;49,6943491463861;38,4399431414357;38,4956580226483;42,8337895176424
"Ta_Ne_Omotic";"c1";0,953641952834575;53,7681380787301;39,2188791492274;39,2909051835319;40,0738798327652
"Ta_Ne_Omotic";"c1";0,970009696584895;48,1597451055655;37,3825581089263;37,4359105198007;47,7367126749767
"Ta_Ne_Omotic";"c1";0,946356239413082;52,3984421863895;39,1691015820369;39,234593367207;40,5135418219187
"Ta_Ne_Omotic";"c1";0,956771310584435;50,9199478707693;38,4889836531628;38,5505230799826;42,5135840254401
"Ta_Ne_Omotic";"c1";0,984369395340678;50,5543855356652;38,8330306141251;38,8910571236377;42,427597222726
"Ta_Ne_Omotic";"c1";0,942942863887187;50,9010256878073;38,0586748795704;38,1222508736706;41,7583449203343
"Ta_Ne_Omotic";"c1";0,888398026153801;49,8283230494676;38,1347232093501;38,1926123174695;43,3887232723648
"Ta_Ne_Omotic";"c1";0,985572934762135;52,8666474387026;39,2545210455658;39,3219078098883;43,0760309935161
"Ta_Ne_Omotic";"c1";0,97708847487337;51,9716533862476;38,6671668114454;38,7330306063702;39,7292561152915
"Ta_Ne_Omotic";"c1";0,949668179507512;49,2316739610055;37,9132117191819;37,969243710478;47,7777731097247
"Ta_Ne_Omotic";"c1";0,971330850548506;52,9958207250566;38,5954618442181;38,6667507495687;42,2910402251553
"Ta_Ne_Omotic";"c1";0,958347165935855;51,9222389733907;39,4754007739082;39,5370187847968;39,3196494646581
"Ta_Ne_Omotic";"c1";0,94095840423194;49,6396571526349;38,2825291531759;38,3387525591138;42,2292321637425
"Ta_Ne_Omotic";"c1";0,990536424743706;52,7530464892414;39,8500355366027;39,9139118284474;40,4601596531854
"Ta_Ne_Omotic";"c1";0,897043925102961;49,9501243655779;37,4367580088973;37,4987053670987;46,7088365229433
"Ta_Ne_Omotic";"c1";0,944016092332498;52,9609079216672;38,709468530364;38,780020210519;39,8733867752247
"Ta_Ne_Omotic";"c1";0,946647952443227;50,5267987144615;38,0316933849272;38,0935503420041;45,6011361465511
"Ta_Ne_Omotic";"c1";0,96014653165302;52,5650127583279;39,1464108031272;39,2128395256777;41,8520574435574
"Ta_Ne_Omotic";"c1";0,951941557307562;50,4873283316612;38,6154413119587;38,674213029878;41,5288411195056
"Ta_Ne_Omotic";"c1";0,991553447051334;52,1535545106344;39,419121324594;39,4821630730397;38,434122160062
"Ta_Ne_Omotic";"c1";0,93409018454962;50,1920492280453;37,627655373924;37,6898553434989;45,4681074596085
"Ta_Ne_Omotic";"c1";0,91270704683126;46,7302412872072;37,6713522335413;37,7161982189555;42,8494121367248
"Ta_Ne_Omotic";"c1";0,966359465362703;53,0313270150481;38,2601279317697;38,3332526797067;42,789696828191
"Ta_Ne_Omotic";"c1";0,899497086616062;51,0191282752286;39,1460159519861;39,2047937357645;42,5936413016496
"Ta_Ne_Omotic";"c1";0,707334533697804;46,3159836142292;36,8763062991919;36,9230373750089;52,731835942371
"Ta_Ne_Omotic";"c1";0,957541186017627;53,2798154903833;39,5061728395062;39,574359189263;40,4919720047549
"Ta_Ne_Omotic";"c1";0,962939050578587;50,5001866924268;39,3065624259654;39,3619764074825;42,4050827037745
"Ta_Ne_Omotic";"c1";0,877727856579602;43,8677491933673;37,5045144647135;37,5360156267365;47,4568441006786
"Ta_Ne_Omotic";"c1";0,915767090216762;50,3196680018967;38,8568532996394;38,9135999070763;41,2630984100602
"Ta_Ne_Omotic";"c1";0,988488939876664;49,05264234676;38,8401905814841;38,8907472733914;42,5950617700657
"Ta_Ne_Omotic";"c1";0,958088974894238;50,5652843358832;39,6520045276264;39,7060306652911;39,2078719389747
"Ta_Ne_Omotic";"c1";0,95317054498138;49,5487657430113;38,7029929716497;38,7566849160624;43,2373255356677
"Ta_Ne_Omotic";"c1";0,970598754093145;53,272663113032;40,429124220169;40,4927060958762;37,5863043848232
"Ta_Ne_Omotic";"c1";0,925968833491874;52,2875532599455;38,5734028271342;38,64129466096;41,1551173318348
"Ta_Ne_Omotic";"c1";0,915225081715044;49,5141626546557;38,6592434652136;38,7129806889237;40,8103804075977
"Ta_Ne_Omotic";"c1";0,970071690538666;52,5456855682629;38,7234989075785;38,7919255742156;41,7531867517299
"Ta_Ne_Omotic";"c1";0,909623677749173;48,4310044213618;37,5791939772039;37,6329158110859;46,1334530240586
"Ta_Ne_Omotic";"c1";0,883981321178205;48,997342985317;38,4408381373555;38,4930980623455;42,2520674123819
"Ta_Ne_Omotic";"c1";0,931988918544326;50,6523511887755;38,418673826634;38,4792365858525;42,461370210025
"Ta_Ne_Omotic";"c1";0,973043528783518;49,4374129577756;39,0753902445445;39,1266873866892;42,8390461537636
"Ta_Ne_Omotic";"c1";0,943788151768351;50,6397329141529;38,6279975782463;38,6874616145627;40,1636956768315
"Ta_Ne_Omotic";"c1";0,944216868591461;52,8922021643073;39,0558582747638;39,1243550266922;40,5935535275938
"Ta_Ne_Omotic";"c1";0,898212761991405;50,2895820918013;38,3304377582985;38,3896414431178;43,7286298813291
"Ta_Ne_Omotic";"c1";0,94439338926721;51,056363493066;38,1312221958988;38,1952080439046;45,0330635518317
"Ta_Ne_Omotic";"c1";0,966108346742107;50,0623357381954;38,546552949538;38,6035617752244;43,4208027585767
"Ta_Ne_Omotic";"c1";0,953460739236003;46,9937780260361;39,8587749085262;39,8940967061376;39,8569285978257
"Ta_Ne_Omotic";"c1";0,921623261151793;47,945736724836;38,0502513885599;38,0992389397295;44,6941633306348
"Ta_Ne_Omotic";"c1";0,943990121127691;50,9064878870729;38,5741135591882;38,635164917247;41,6788831097162
"Ta_Ne_Omotic";"c1";0,953372736812013;54,1366427847673;39,9374292558372;40,007722392119;38,0032123696369
"Ta_Ne_Omotic";"c1";0,938740310193737;53,5838590586743;39,9360867619574;40,0036499911491;36,7073707964074
"Ta_Ne_Omotic";"c1";0,965702430126501;50,0827325821606;37,8573534444181;37,9178751233178;44,8453660240703
"Ta_Ne_Omotic";"c1";0,956320264911117;48,6518438973627;37,7270262444392;37,7811095001467;47,2627812099525
"Ta_Ne_Omotic";"c1";0,910945451423624;48,0718086441341;37,7428729369028;37,7940062819881;43,889556629998
"Ta_Ne_Omotic";"c1";0,968620910225061;49,8862920395237;38,7258680144252;38,7811176383119;43,6398210858336
"Ta_Ne_Omotic";"c1";0,911744447781812;50,7663359911382;38,8146568743584;38,8738236026593;39,2707262997057
"Ta_Ne_Omotic";"c1";0,939287309441661;52,0519667114495;38,4396009371134;38,5069888864913;42,0842544051579
"Ta_Ne_Omotic";"c1";0,944485436928897;52,0583856591755;38,7043881123483;38,770497011095;43,6060173112932
"Ta_Ne_Omotic";"c1";0,903626586029282;50,7076904913432;38,8054173576562;38,8643395018823;40,0657016262781
"Ta_Ne_Omotic";"c1";0,976230373168239;47,6142622809289;37,4300455394983;37,4804624540598;46,6369749301726
"Ta_Ne_Omotic";"c1";0,940459521952006;50,5409290900031;38,5935665587407;38,6527119178063;41,4607004559695
"Ta_Ne_Omotic";"c1";0,945937116280762;49,7567275692556;38,6662718155255;38,7211750618311;43,2382198647194
"Ta_Ne_Omotic";"c1";0,936740386017344;51,6072282812497;38,9436152570481;39,0063064106333;45,8283764988457
"Ta_Ne_Omotic";"c1";0,968988693602422;49,0992567539917;37,3178814920108;37,3762051319216;47,9104744988662
"Ta_Ne_Omotic";"c1";0,949768297731148;48,1554681338451;38,3797151807102;38,4281099973099;43,8905017921714
"Ta_Ne_Omotic";"c1";0,944747552539695;50,3001316296353;38,1699965779568;38,2300467514799;42,4510272696593
"Ta_Ne_Omotic";"c1";0,93964746485987;50,453126909794;39,8887572718419;39,9410561314357;38,6838090760918
"Ta_Ne_Omotic";"c1";0,963833439363341;50,641973077351;38,5410250335623;38,6009307169474;44,1522256286285
"Ta_Ne_Omotic";"c1";0,974279684565933;51,8743675160828;39,4760062123246;39,5373842385808;39,6616080900993
"Ta_Ne_Omotic";"c1";0,938176243855642;50,4592312858567;38,9791781831583;39,0360101292112;40,0617589111473
"Ta_Ne_Omotic";"c1";0,98645429311328;50,8799582829029;38,8198162626023;38,8795199359702;42,9308207889806
"Ta_Ne_Omotic";"c1";0,934885273055774;47,7842007545106;37,8866777224986;37,935675361271;46,9025397463046
"Ta_Ne_Omotic";"c1";0,982354919201905;51,7989244983431;39,2914527889652;39,3533709657443;39,8493315263911
"Ta_Ne_Omotic";"c1";0,952417879226347;50,1922211536944;39,4519466161257;39,5051162920543;43,4130689898969
"Ta_Ne_Omotic";"c1";0,968669405016218;50,1690940940941;39,7073889810208;39,7591796003925;39,2197684809512
"Ta_Ne_Omotic";"c1";0,953170165927507;48,2063238535862;37,4752691568612;37,5283931900133;47,6422719432614
"Ta_Ne_Omotic";"c1";0,892563279534512;50,1043212117798;38,0220063702651;38,0818198100746;42,9772773564219
"Ta_Ne_Omotic";"c1";0,961813387893166;52,2710913340901;39,1453578667509;39,2103367453021;39,8451094492725
"Ta_Ne_Omotic";"c1";0,965890147114975;52,1603459172565;39,2115875648214;39,2756903289424;39,8836907455267
"Ta_Ne_Omotic";"c1";0,947257664329882;50,1826924568277;39,2066124404433;39,2609494702274;41,0250445355024
"Ta_Ne_Omotic";"c1";0,947837406685744;46,9587219531791;37,9661480955013;38,0106657878661;45,6532135868765
"Ta_Ne_Omotic";"c1";0,980287861386217;49,6271690488266;39,441575192819;39,4919989247794;41,1402315616887
"Ta_Ne_Omotic";"c1";0,90342693344831;49,9804328633603;38,9132906894101;38,9680785219544;42,322634787543
"Ta_Ne_Omotic";"c1";0,966740084116382;52,2008478294193;38,8054173576562;38,8717313698926;39,822070066988
"Ta_Ne_Omotic";"c1";0,928207868186757;48,1058500566141;39,2326726157572;39,2765992367515;39,1106894672431
"Ta_Ne_Omotic";"c1";0,82753476151449;46,5452595402436;37,8270815235989;37,870240820711;44,0958057354054
"Ta_Ne_Omotic";"c1";0,938623553792323;49,389498113636;37,9412724736108;37,9979468579673;43,8087702983711
"Ta_Ne_Omotic";"c1";0,866627703971913;47,613276137273;37,9711495432888;38,0188828432591;43,2762620263747
"Ta_Ne_Omotic";"c1";0,976799337090255;53,9798048062179;39,9534338887573;40,0228713685467;40,1547596890934
"Ta_Ne_Omotic";"c1";0,960708112276588;53,2923994570212;39,1158493248046;39,1860302660531;40,140081718682
"Ta_Ne_Omotic";"c1";0,938925638541994;52,4996353157273;39,6809866013846;39,7444452583863;39,2369067506428
"Ta_Ne_Omotic";"c1";0,928016315016873;53,36997722645;39,0620442759746;39,1328756272146;40,3148078609088
"Ta_Ne_Omotic";"c1";0,922659847287459;46,437326786164;38,1316170470399;38,1727344219861;42,5372747363903
"Ta_Ne_Omotic";"c1";0,973170067516825;51,6391942494093;39,1590197162336;39,2208027584771;43,5938077589168
"Ta_Ne_Omotic";"c1";0,97749058953256;48,792282273873;38,2463081418305;38,2985159345634;44,9545041813458
"Ta_Ne_Omotic";"c1";0,944322815984875;49,8188579452891;38,0361683645266;38,094498510966;44,3455609190438
"Ta_Ne_Omotic";"c1";0,946765455437552;49,6958074013701;38,710758377425;38,7651398082367;42,9996506586417
"Ta_Ne_Omotic";"c1";0,950443115820491;50,5342521575628;38,2709994998552;38,331708671428;44,6919396035962
"Ta_Ne_Omotic";"c1";0,970980318602213;50,9127677877678;39,1170338782279;39,1754286005524;39,5955369309848
"Ta_Ne_Omotic";"c1";0,927263379355975;51,840990468874;39,06180736529;39,125070647981;42,0696650419822
"Ta_Ne_Omotic";"c1";0,899842232717835;48,5419465714716;37,64339677275;37,6973499895754;47,3281957596781
"Ta_Ne_Omotic";"c1";0,939944299075938;49,2614346009394;37,7343967990734;37,791461342647;45,8548973472988
"Ta_Ne_Omotic";"c1";0,952754443019104;47,9690446149175;37,518676458975;37,5704109547965;48,8570621415456
"Ta_Ne_Omotic";"c1";0,942356457576211;51,2766943015891;38,8108136565848;38,8725259370056;39,8100440002454
"Ta_Ne_Omotic";"c1";0,971854569706962;52,6616128695909;38,807602200637;38,8761864118695;43,5356147763547
"Ta_Ne_Omotic";"c1";0,920129163517654;48,4815186606068;38,1609676485298;38,2120594852233;45,5275486573771
"Ta_Ne_Omotic";"c1";0,949277497232033;46,3967216516236;38,4523677906762;38,4916962751364;45,7432006122002
"Ta_Ne_Omotic";"c1";0,869615328165935;51,6185206255971;38,2992708415594;38,3652077216784;42,8429956708205
"Ta_Ne_Omotic";"c1";0,932751256110614;52,1763140146752;39,3628681986891;39,4263010987682;40,7514201008534
"Ta_Ne_Omotic";"c1";0,928208822652237;47,8576429216673;39,1975045407881;39,2403765129707;42,8138527536263
"Ta_Ne_Omotic";"c1";0,944498836497546;49,0572843868121;37,7366079654637;37,7926509180446;47,1696811942493
"Ta_Ne_Omotic";"c1";0,95298024505648;49,5202809040768;39,1376714312038;39,1890704880002;41,2791439647785
"Ta_Ne_Omotic";"c1";0,948888149879229;53,1906453134701;39,5842480718103;39,6516064739967;39,4682752316174
"Ta_Ne_Omotic";"c1";0,966706042032247;51,7934687980787;39,5360499091842;39,5967302007134;38,3977109797147
"Ta_Ne_Omotic";"c1";0,951967750053988;49,3233954123441;37,7728289768091;37,8300099987672;45,5891587375312
"Ta_Ne_Omotic";"c1";0,930302097954063;49,5269747554488;38,3188817815684;38,3743673903499;43,554269161726
"Ta_Ne_Omotic";"c1";0,954793988563739;49,0666919780326;37,9654900102661;38,0204464556511;45,4729484634158
"Ta_Ne_Omotic";"c1";0,976733943287348;51,7231729372754;38,7251572823712;38,7895038945242;43,251193761604
"Ta_Ne_Omotic";"c1";0,918339411054726;51,6769080821712;39,5593461265103;39,6193340569839;39,3713554525883
"Ta_Ne_Omotic";"c1";0,967353109922758;51,0264428696737;38,626233909816;38,6876210828846;40,2485276415718
"Ta_Ne_Omotic";"c1";0,957131601057307;50,380905285517;38,3376503724762;38,3972704463032;41,7400105117284
"Ta_Ne_Omotic";"c1";0,973936093562845;48,9984988374849;38,6398957592987;38,6911759725571;42,9094868478121
"Ta_Ne_Omotic";"c1";0,798365800621143;50,8889062887318;37,5481060306931;37,614149596327;45,3397858698953
"Ta_Ne_Omotic";"c1";0,980782409807931;51,4057951025497;39,8889678591171;39,9459818553717;42,1765546945313
"Ta_Ne_Omotic";"c1";0,973647659508242;53,099570054198;39,5912500987128;39,6581229697795;40,1194250610165
"Ta_Ne_Omotic";"c1";0,900747006665302;50,1671536924002;38,5752454657927;38,6326311500829;39,4464326103115
"Ta_Ne_Omotic";"c1";0,956955615370056;52,2171111901266;38,601331964516;38,6687368121676;38,4713959508092
"Ta_Ne_Omotic";"c1";0,964627708145797;50,3239997664354;38,2117191818684;38,2716809669406;43,1480543044098
"Ta_Ne_Omotic";"c1";0,944861207482177;50,8217843206749;38,6270236120982;38,687393714616;41,1091104887282
"Ta_Ne_Omotic";"c1";0,963728673217877;54,2953274909049;39,9468793598147;40,0179112812557;35,2478212105308
"Ta_Ne_Omotic";"c1";0,933322707629317;50,6895435827728;38,4532101397773;38,5137860479109;43,1892373835247
"Ta_Ne_Omotic";"c1";0,978161720289331;52,1971440714492;40,6894364158046;40,746405265585;37,9335717635301
"Ta_Ne_Omotic";"c1";0,941698537339022;50,1206861836248;38,3158019426676;38,3742419636625;42,6548533302362
"Ta_Ne_Omotic";"c1";0,976629393522058;49,1369758242572;37,827344757693;37,8833330302998;45,0849156398312
"Ta_Ne_Omotic";"c1";0,991382110899229;50,9874316897573;38,926320777067;38,9860292469318;41,0929665060557
"Ta_Ne_Omotic";"c1";0,971682086525548;51,3703888642942;38,9575403406249;39,0189900857916;39,5112490856476
"Ta_Ne_Omotic";"c1";0,880369394274977;47,999302699228;38,5094895890916;38,556468861914;42,0763138882028
"Ta_Ne_Omotic";"c1";0,940099152887647;48,6474871605497;38,3106425544237;38,3618150524738;45,9346451544024
"Ta_Ne_Omotic";"c1";0,946195017610675;46,4261498484755;38,0352996920161;38,0768385541768;45,3326422827651
"Ta_Ne_Omotic";"c1";0,905587175804488;50,6710595888928;38,4510252967964;38,5115205160642;42,3080082985796
"Ta_Ne_Omotic";"c1";0,942676138938275;49,1526360528792;38,1284055910922;38,1829809894178;45,1388647255981
"Ta_Ne_Omotic";"c1";0,98201101475603;49,330662524419;38,8553265418937;38,9071846408171;44,0404651460805
"Ta_Ne_Omotic";"c1";0,93278699361059;50,5508364138825;38,6856458448498;38,7443844120233;41,896047284
"Ta_Ne_Omotic";"c1";0,95910972419982;50,8083040990018;38,5463160388533;38,6070189500422;44,6458588602251
"Ta_Ne_Omotic";"c1";0,930607777401844;51,8139041362362;38,7064939851009;38,771382154166;41,3207415038488
"Ta_Ne_Omotic";"c1";0,98309449967408;49,8532490416548;37,7240780225855;37,78412342367;44,6952492613199
"Ta_Ne_Omotic";"c1";0,931099622547853;51,4212077607762;38,5018558003633;38,5658129882861;42,8917281423728
"Ta_Ne_Omotic";"c1";0,960428542804558;48,464460461537;37,7767774882203;37,8296868098704;48,054941651639
"Ta_Ne_Omotic";"c1";0,980866845611796;49,495707856054;38,8060754428914;38,8589944152338;42,1916516350657
"Ta_Ne_Omotic";"c1";0,961993290020037;48,3413141552676;38,3420463818474;38,3915477074584;41,9703381820227
"Ta_Ne_Omotic";"c1";0,951338821827227;52,2992216427852;39,7740661770513;39,8360718971786;36,2479370937462
"Ta_Ne_Omotic";"c1";0,891716191627988;48,9120877819727;38,2104556582169;38,2634340350671;41,2965556847444
"Ta_Ne_Omotic";"c1";0,979587113959305;48,7795233440395;37,7000710732054;37,7549198468234;45,5195257158411
"Ta_Ne_Omotic";"c1";0,982651816589624;55,0372003801574;40,6229698070494;40,694327384144;35,7913663309831
"Ta_Ne_Omotic";"c1";0,956758844777214;52,5945745623234;39,2459132906894;39,3119957722322;43,4577286569164
"Ta_Ne_Omotic";"c1";0,954640942393587;52,0784328546233;39,1816315249151;39,2454770760523;39,8848775101004
"Ta_Ne_Omotic";"c1";0,909030716990014;51,3160792640231;38,2538629603306;38,3185273974776;43,1188651007479
"Ta_Ne_Omotic";"c1";0,891631034553485;51,3056598623292;38,0615441311959;38,1271090605579;42,4646455661264
"Ta_Ne_Omotic";"c1";0,942943504298828;52,1029403068328;38,4787438469031;38,5461903640314;40,3116123411272
"Ta_Ne_Omotic";"c1";0,958965653790599;49,5573995922833;37,6211271683908;37,6802176259349;46,4315128863517
"Ta_Ne_Omotic";"c1";0,964946977323803;51,1273377287576;38,2926373423886;38,3561754631132;45,217099743957
"Ta_Ne_Omotic";"c1";0,956543856240896;50,0928465687416;38,76256284714;38,8186533606132;43,2243909408142
"Ta_Ne_Omotic";"c1";0,973360941773552;50,2103608479814;38,7015188607228;38,7584933260063;44,3357210863011
"Ta_Ne_Omotic";"c1";0,945599035610943;52,9799090212095;39,0331674958541;39,1022107707321;41,9613851416033
"Ta_Ne_Omotic";"c1";0,978360599903436;48,3020630123164;39,1539392982179;39,1992270393768;40,5899562996169
"Ta_Ne_Omotic";"c1";0,95726098901717;50,4604812370129;39,3399931559136;39,3950450771071;39,0249622777576
"Ta_Ne_Omotic";"c1";0,975715094924923;52,7014468565831;39,6454499986838;39,7100836464952;40,3336271657751
"Ta_Ne_Omotic";"c1";0,900131872523644;52,5068255099215;38,9132643660007;38,9805592231488;40,32190326244
"Ta_Ne_Omotic";"c1";0,962708759723149;51,3363968538048;37,9800205322593;38,0461412071185;44,4697831447827
"Ta_Ne_Omotic";"c1";0,945984616488515;48,6390231060237;37,7853589196873;37,8390899305107;47,4123984748477
"Ta_Ne_Omotic";"c1";0,935042457012117;47,3721132931659;38,228013372292;38,2732811936824;45,6993285037378
"Ta_Ne_Omotic";"c1";0,879467394810173;47,3627447318789;37,5532127721182;37,601774811523;46,0015540940037
"Ta_Ne_Omotic";"c1";0,963374194768259;47,9055868955205;38,7029666482403;38,7485241742169;43,704449395196
"Ta_Ne_Omotic";"c1";0,968976797084879;50,7796939197134;39,1598357419253;39,2173597923104;41,0575761089566
"Ta_Ne_Omotic";"c1";0,973974605434786;53,5136074479595;38,4418910737319;38,51650353103;39,559311546319
"Ta_Ne_Omotic";"c1";0,961174239412561;53,4280364963036;40,3840585432625;40,4486326915449;36,709615777506
"Ta_Ne_Omotic";"c1";0,934495548586542;49,6789028155307;37,7801732080339;37,8390778100512;45,3129912639265
"Ta_Ne_Omotic";"c1";0,929289687065479;49,1205090851193;37,5033562346995;37,5608668923749;48,2040803458607
"Ta_Ne_Omotic";"c1";0,958923881956936;50,8677377433697;38,6613493379663;38,7217770033395;41,1356234368693
"Ta_Ne_Omotic";"c1";0,978203120234215;51,5309056920168;38,4320724420227;38,4969181511811;41,4857367762955
"Ta_Ne_Omotic";"c1";0,949833450794252;52,3586800086365;39,2806075442891;39,345350477281;41,2196296722134
"Ta_Ne_Omotic";"c1";0,759768772962611;46,7925260055573;37,2604438126826;37,3076323383899;48,2820158094499
"Ta_Ne_Omotic";"c1";0,954426308348052;49,2961328228566;38,5597409776514;38,6128914323307;42,6807863117401
"Ta_Ne_Omotic";"c1";0,901802747407978;50,4638473147563;38,4384953539182;38,4980267992689;39,0313835641886
"Ta_Ne_Omotic";"c1";0,957646776762121;53,044653169791;39,9247940193214;39,989743817096;38,8159498729644
"Ta_Ne_Omotic";"c1";0,969850309667544;54,1422847639561;39,3639737818842;39,437133737241;40,7387865528528
"Ta_Ne_Omotic";"c1";0,980561998513308;53,1617956730585;39,3496012003475;39,4179784007074;40,0464930431245
"Ta_Ne_Omotic";"c1";0,878594758050331;50,0986738944266;38,3663428887309;38,4244237352938;41,8978500305018
"Ta_Ne_Omotic";"c1";0,954398819196171;51,9730194182105;38,6098870725736;38,6760411930966;41,2699299875526
"Ta_Ne_Omotic";"c1";0,947793465963852;48,4208946043195;38,1032404116981;38,1543179077012;44,6132353911242
"Ta_Ne_Omotic";"c1";0,906998064055707;53,2449295108734;38,4970122930322;38,5700217842096;40,4746374370105
"Ta_Ne_Omotic";"c1";0,945444022462231;51,7062664347147;39,5197557187607;39,5800849797308;42,4596348600439
"Ta_Ne_Omotic";"c1";0,984998084033905;54,7580382908902;40,0844981441996;40,1571394320545;36,8189307240251
"Ta_Ne_Omotic";"c1";0,983316607353002;52,3247024845171;38,6324725578457;38,7002558743144;44,3067417518873
"Ta_Ne_Omotic";"c1";0,931086239898284;49,0752133642626;38,075943036142;38,1303948694496;46,2139948126468
"Ta_Ne_Omotic";"c1";0,972827635359209;52,1396314045455;38,76656400537;38,8327673093263;38,0838875628434
"Ta_Ne_Omotic";"c1";0,971218791464199;49,4208970647534;38,0782594961699;38,1344111673015;46,3685440097614
"Ta_Ne_Omotic";"c1";0,909513865246229;50,2347764456921;37,797020190055;37,8585932408255;45,0154939823858
"Ta_Ne_Omotic";"c1";0,865281225038434;52,068249868467;38,1033457053358;38,1724788942621;41,2376384590194
"Ta_Ne_Omotic";"c1";0,97568789810196;51,9168053536175;39,2246176524784;39,2874502648602;39,6100982358659
"Ta_Ne_Omotic";"c1";0,959447731933164;49,3862056821115;39,6055963568401;39,654015214886;40,8174843245998
"Ta_Ne_Omotic";"c1";0,928391987779166;48,4110588590907;37,9002342783437;37,9522680633969;45,511463659513
"Ta_Ne_Omotic";"c1";0,960193532161451;45,541034617942;37,4828766221801;37,5227684934463;49,0021955296668
"Ta_Ne_Omotic";"c1";0,902393401864689;51,0476301598134;38,228144989339;38,2916077872127;42,3046380513057
"Ta_Ne_Omotic";"c1";0,932553879843004;49,2864487294312;37,9569612256179;38,013047797419;43,1274791809534
"Ta_Ne_Omotic";"c1";0,976374905584548;50,1516149124845;38,8936271025823;38,9493597155026;39,5393357285685
"Ta_Ne_Omotic";"c1";0,954166238580374;52,5957635539715;39,1216667982837;39,1883702475693;38,3708574974542
"Ta_Ne_Omotic";"c1";0,949835683286696;51,736390268367;39,006580852352;39,0695997108471;43,7187885220277
"Ta_Ne_Omotic";"c1";0,958772651247459;50,4980655368508;38,4826660349048;38,542148210657;43,5865198729495
"Ta_Ne_Omotic";"c1";0,942963005371787;50,9307597945322;39,1138750690989;39,1723744984328;39,7537013806921
"Ta_Ne_Omotic";"c1";0,967354860739313;50,0804460776675;37,7907552186159;37,8515952723736;45,4577627490972
"Ta_Ne_Omotic";"c1";0,877687972986622;50,8592153581952;39,0046329200558;39,0633189717298;38,3007835019432
"Ta_Ne_Omotic";"c1";0,937410730224748;50,0097918741084;38,2477822527574;38,3060100231601;43,4370494738266
"Ta_Ne_Omotic";"c1";0,957812405968599;51,8476121227148;38,7876227328964;38,8522761457172;40,0220073320894
"Ta_Ne_Omotic";"c1";0,929727108750822;51,1585281142085;38,2550738371634;38,3189523236834;44,6244378120613
"Ta_Ne_Omotic";"c1";0,979668962530641;51,0370863704197;38,7390297191292;38,7999111877;41,5587449052657
"Ta_Ne_Omotic";"c1";0,949829741769347;47,7079186135973;37,4895627681697;37,5401486881966;46,3681079903866
"Ta_Ne_Omotic";"c1";0,922271794483165;48,0582369896095;37,3939298217905;37,4467234216312;50,1663541072006
"Ta_Ne_Omotic";"c1";0,905967448155637;43,9562719423401;37,1314064597647;37,1651929225497;50,2155732205749
"Ta_Ne_Omotic";"c1";0,90871704992126;50,2991797512278;37,6206533470215;37,6834183292206;45,6207183475478
"Ta_Ne_Omotic";"c1";0,959405982969393;50,9662610842511;38,3924820342731;38,4547284652136;42,1509058791092
"Ta_Ne_Omotic";"c1";0,922680114730065;53,5144922150302;39,1339335070678;39,2051243917607;39,5662571906449
"Ta_Ne_Omotic";"c1";0,967730424599096;51,1629143158641;39,6074126720893;39,6646181257713;39,8760388318859
"Ta_Ne_Omotic";"c1";0,951109164693511;51,6038281457339;39,0121877385559;39,0745225920568;41,2008553014306
"Ta_Ne_Omotic";"c1";0,929377586160824;54,0636228234752;39,6962278554318;39,7673535730954;36,5312096870332
"Ta_Ne_Omotic";"c1";0,940621249420886;49,8995707050361;38,4342572850036;38,4910162623304;42,2987937419066
"Ta_Ne_Omotic";"c1";0,917221940458661;49,4463746484385;38,3385980152149;38,3935870084487;43,7005384403856
"Ta_Ne_Omotic";"c1";0,896888284700883;50,968321742712;38,6904630287715;38,7512445075534;42,2871584887097
"Ta_Ne_Omotic";"c1";0,935907815371664;50,9179932295493;38,2380952380952;38,3008670103302;44,2535459348437
"Ta_Ne_Omotic";"c1";0,974676412338883;49,8189924728004;38,7640632814762;38,8187906537105;43,0988867388012
"Ta_Ne_Omotic";"c1";0,962497773701039;53,6369976394016;39,4200163205138;39,4903974161519;39,8399258780592
"Ta_Ne_Omotic";"c1";0,881951160314406;49,1461096374889;38,4737687225249;38,5266020933911;43,2859433931386
"Ta_Ne_Omotic";"c1";0,948163258652533;46,4212797579671;37,6062807654847;37,6499193743584;48,6249334860452
"Ta_Ne_Omotic";"c1";0,962092945435374;52,4646248460811;38,7690120824449;38,8368121456312;41,2104860388608
"Ta_Ne_Omotic";"c1";0,948012499451883;45,9641356653396;38,3613414409434;38,3989790361137;46,8783493504736
"Ta_Ne_Omotic";"c1";0,967933486535312;50,8867831315823;38,7840164258075;38,8439311124697;43,1449443306959
"Ta_Ne_Omotic";"c1";0,962870120503995;55,8822677905927;40,5044354944853;40,5805633771392;34,6489286654114
"Ta_Ne_Omotic";"c1";0,900974157265568;50,2553473622235;38,3390718365843;38,3980632995825;43,6481461199013
"Ta_Ne_Omotic";"c1";0,925361478326171;51,8373400836033;39,1050830503567;39,1681140257688;43,8482887744237
"Ta_Ne_Omotic";"c1";0,958079017930094;52,3657058801206;39,7926505040933;39,8548933524895;40,9343779728841
"Ta_Ne_Omotic";"c1";0,971834792915692;50,3650112155859;39,2005580562794;39,255827626375;41,8576605344142
"Ta_Ne_Omotic";"c1";0,975317820630414;49,662096236241;38,7623785832741;38,8163375815561;41,1214764346901
"Ta_Ne_Omotic";"c1";0,972836406642286;49,7771072999999;38,481191923978;38,5371122971266;43,9298608127357
"Ta_Ne_Omotic";"c1";0,801014831053255;48,9965278456846;37,2547053094317;37,3128331437696;45,6893190851878
"Ta_Ne_Omotic";"c1";0,975885892055135;49,1045669645536;38,3193556029377;38,3727477383912;43,1199340201764
"Ta_Ne_Omotic";"c1";0,864446782668889;43,7905526223883;37,1623101424096;37,1951232239937;52,0702762330988
"Ta_Ne_Omotic";"c1";0,943050090983302;48,8906539713521;38,9512753691858;39,000480213751;43,8669539064605
"Ta_Ne_Omotic";"c1";0,959437616968096;51,6706516710047;39,1119797836216;39,1741514266284;41,9196720297106
"Ta_Ne_Omotic";"c1";0,946692583447184;47,6710399396612;37,269499065519;37,3209918421236;46,0886520723623
"Ta_Ne_Omotic";"c1";0,940922083410056;48,3824764501374;37,5986733001658;37,6520584642746;47,5901778378758
"Ta_Ne_Omotic";"c1";0,950733795880202;50,1571266301468;39,0016583747927;39,0568834651657;39,8119042539418
"Ta_Ne_Omotic";"c1";0,94312573681727;46,7825319202188;37,7010187159441;37,7459767021039;44,5631226154069
"Ta_Ne_Omotic";"c1";0,920484714445005;50,2999846085585;37,945931717076;38,0070903947566;42,9780348396111
"Ta_Ne_Omotic";"c1";0,942515335807241;49,5061830350152;38,4854563163021;38,540014369365;44,2469386872069
"Ta_Ne_Omotic";"c1";0,927834329010255;51,5273756434002;39,377188133407;39,4373375765258;39,4661242087953
"Ta_Ne_Omotic";"c1";0,958434296552653;50,3388278388278;38,7232619968938;38,7807647980915;40,7603616794325
"Ta_Ne_Omotic";"c1";0,907536691547342;49,5754371766137;38,2742899260312;38,330236199549;44,67217261233
"Ta_Ne_Omotic";"c1";0,976876351462478;50,7281606189726;38,8526152307247;38,9114050593794;42,0662926658514
"Ta_Ne_Omotic";"c1";0,914623328549528;44,1251901577308;38,0982916107294;38,1281277421502;47,985477894455
"Ta_Ne_Omotic";"c1";0,964082835297645;50,0931361211331;38,4727684329674;38,5302950056811;42,275452779649
"Ta_Ne_Omotic";"c1";0,974630102852122;51,0801634242385;39,3225407354761;39,3807467883907;41,1199190260094
"Ta_Ne_Omotic";"c1";0,930850340773272;50,1325595475842;38,1984785069362;38,2575581160483;46,4066554549794
"Ta_Ne_Omotic";"c1";0,965693108735088;53,0900195900196;39,2875306009634;39,3558597543746;39,1763103348783
"Ta_Ne_Omotic";"c1";0,938569725012245;48,8983640414125;37,6183368869936;37,6741786055798;47,1467481873272
"Ta_Ne_Omotic";"c1";0,961809297993838;49,0600123080758;37,9176603753718;37,9728205334545;47,0869720619199
"Ta_Ne_Omotic";"c1";0,979809401707221;47,6036070060656;37,9378241069783;37,9856745173699;48,1804211236389
"Ta_Ne_Omotic";"c1";0,982659578597675;48,3300596919848;37,8310037116007;37,8829792362561;45,7044869550945
"Ta_Ne_Omotic";"c1";0,942018645926168;49,9975536718373;38,8812287767512;38,936260088113;40,8454647632873
"Ta_Ne_Omotic";"c1";0,959460204552865;49,7552948841134;37,7713285424728;37,8306551085205;43,6001924747108
"Ta_Ne_Omotic";"c1";0,949634832976948;48,3764409493522;38,0757061254574;38,1266998622093;42,353718843343
"Ta_Ne_Omotic";"c1";0,935027342840575;50,3154584582594;39,458738055753;39,5124841963594;39,7981564360114
"Ta_Ne_Omotic";"c1";0,945601665736415;49,3835387128225;38,6593487588512;38,7124388081283;39,6729474867319
"Ta_Ne_Omotic";"c1";0,941503495782354;48,5915503631379;37,8925478427966;37,9455132018082;42,9262174784691
"Ta_Ne_Omotic";"c1";0,916867570172436;50,9433493710417;37,6139145542131;37,6799018552865;42,4301311280249
"Ta_Ne_Omotic";"c1";0,922287673525605;50,7660138034554;37,2917686698781;37,3584728537077;45,090174139711
"Ta_Ne_Omotic";"c1";0,952037176074208;47,3606972579692;38,1940298507463;38,2394093923662;44,5625682169997
"Ta_Ne_Omotic";"c1";0,862646290782376;48,5475214896315;37,4986969912343;37,5533941422165;46,12336515254
"Ta_Ne_Omotic";"c1";0,952433007233554;50,7544007664975;38,3360446445024;38,3975216550073;44,401830262425
"Ta_Ne_Omotic";"c1";0,949624908245445;49,2585918968579;38,4614230435126;38,5148743744697;43,125141280479
"Ta_Ne_Omotic";"c1";0,919524114858519;53,010233586085;39,3039037616152;39,3717568795581;38,7857228948294
"Ta_Ne_Omotic";"c1";0,814680237241915;48,2508770418583;37,4478664876675;37,5013467379358;43,5342591072781
"Ta_Ne_Omotic";"c1";0,958520261257356;48,4919795032181;38,5287846481876;38,5781073949947;42,4025987396249
"Ta_Ne_Omotic";"c1";0,972837040180892;53,2183042772078;39,3461791571244;39,4148530438575;40,9249239728493
"Ta_Ne_Omotic";"c1";0,959124417318341;51,8479703910763;39,1723130379847;39,2350638169604;40,7449902859834
"Ta_Ne_Omotic";"c1";0,954675445150474;49,7959461814514;38,0453289110006;38,1035002836266;44,3474876691192
"Ta_Ne_Omotic";"c1";0,96470894169542;50,5576971081357;39,3397825686383;39,3953167990318;40,9318030268412
"Ta_Ne_Omotic";"c1";0,965691351564126;52,0664519567496;39,2290136618495;39,2925653365767;38,0677966964275
"Ta_Ne_Omotic";"c1";0,867398588801579;49,5037577129924;38,006712469399;38,0636285349614;45,6515913645127
"Ta_Ne_Omotic";"c1";0,902729628930955;49,9044717422825;38,1044249651215;38,1628410382757;44,2680728101581
"Ta_Ne_Omotic";"c1";0,982857921728573;50,7593635512078;39,8664613440733;39,9203866025245;39,8237212098005
"Ta_Ne_Omotic";"c1";0,952179238947451;48,9759235820449;37,6032272499934;37,6595277268848;46,7460112042556
"Ta_Ne_Omotic";"c1";0,893155954599947;50,0917477318189;38,3964042222749;38,4543019624211;39,1996941892393
"Ta_Ne_Omotic";"c1";0,978349335837089;49,9783384734365;38,7189976045697;38,7747369158018;43,015006287262
"Ta_Ne_Omotic";"c1";0,903043267901576;50,5490594636253;38,3682118507989;38,428513076605;40,3425333205416
"Ta_Ne_Omotic";"c1";0,952791629173952;50,3090695590696;38,0119245044618;38,0728014601777;44,0240939334663
"Ta_Ne_Omotic";"c1";0,903489707297807;46,8748078355922;38,7915185974887;38,8315348808457;44,7562563121035
"Ta_Ne_Omotic";"c1";0,876673898795193;49,2621339221831;38,1030035010134;38,1582467209202;43,5035111982438
"Ta_Ne_Omotic";"c1";0,973503108450144;53,5055722055722;40,0620969227934;40,128648780629;36,5203933419131
"Ta_Ne_Omotic";"c1";0,835413253765453;47,9198202028903;36,8877569822843;36,9423711566438;47,1301308835716
"Ta_Ne_Omotic";"c1";0,911370658454431;49,5000864848693;37,933349127379;37,9906102034062;45,1101460191726
"Ta_Ne_Omotic";"c1";0,95490053715163;50,2704040214233;38,8692253020611;38,9256667808698;42,8359470959801
"Ta_Ne_Omotic";"c1";0,951944338996374;51,0108031131737;38,9040774961173;38,9640117813503;42,3988389230159
"Ta_Ne_Omotic";"c1";0,918036142023193;49,1548154796122;38,4301771565453;38,4832694254714;44,6000475065667
"Ta_Ne_Omotic";"c1";0,974752500072092;50,7889431556098;38,7646687198926;38,8241948309605;44,2561323842097
"Ta_Ne_Omotic";"c1";0,888380558231373;47,0348821795854;37,66829871805;37,7146679431071;47,5286645394007
"Ta_Ne_Omotic";"c1";0,964631150986786;52,7257352614495;38,9946037010714;39,0625795998851;41,4716160702453
"Ta_Ne_Omotic";"c1";0,937236824526555;50,179630513583;38,1872910579378;38,246659075045;43,8953550677209
"Ta_Ne_Omotic";"c1";0,895929599461227;49,5530703925105;38,4197794098292;38,4748947117236;39,3905822430025
"Ta_Ne_Omotic";"c1";0,970610129008125;50,9944197029399;38,015162283819;38,0794160334186;45,0678594284609
"Ta_Ne_Omotic";"c1";0,974993067646828;49,3374246260823;38,166916739056;38,2222162830512;43,775461942576
"Ta_Ne_Omotic";"c1";0,815387833344334;47,2448487531928;37,1701281950038;37,2200030492523;49,7455010867396
"Ta_Ne_Omotic";"c1";0,934076682448555;49,2805756972424;38,406222853984;38,4600562839012;47,0175874504038
"Ta_Ne_Omotic";"c1";0,939431477595539;50,0715286131953;38,7924925636368;38,8483293757634;40,753037794317
"Ta_Ne_Omotic";"c1";0,874192627987812;50,5630838790013;37,9233988786228;37,9859715766444;44,2144310164792
"Ta_Ne_Omotic";"c1";0,906330563942969;47,6811300670698;37,6637447682224;37,7133357845533;48,018422508098
"Ta_Ne_Omotic";"c1";0,948298202714853;52,1871347511182;38,846376582695;38,9124199399644;41,1269029639078
"Ta_Ne_Omotic";"c1";0,928362811152629;48,1935272908904;37,6840137934665;37,7360410880082;46,8633906601616
"Ta_Ne_Omotic";"c1";0,956907563632135;51,5731113769095;38,9952091394877;39,0574759822473;43,6645281282144
"Ta_Ne_Omotic";"c1";0,976505577849423;53,947537899091;40,1467530074495;40,2150737247349;37,3111520688396
"Ta_Ne_Omotic";"c1";0,975624904454726;52,9469820252108;39,374476822238;39,4416674420547;40,918290788533
"Ta_Ne_Omotic";"c1";0,934675974161971;51,4326030029772;38,5692437284477;38,6329237248563;41,6326183541205
"Ta_Ne_Omotic";"c1";0,926160289076909;48,4849432177018;38,3767669588565;38,4268074353854;43,5040286762265
"Ta_Ne_Omotic";"c1";0,96551152007058;53,4730219425218;39,894443128274;39,9616638154732;35,8487135879491
"Ta_Ne_Omotic";"c1";0,95814245200381;52,0589456446313;39,2090868409276;39,2727000033222;40,0514019919795
"Ta_Ne_Omotic";"c1";0,947823202338265;49,9250680636444;38,6844876148359;38,7401340527013;39,5490152268243
"Ta_Ne_Omotic";"c1";0,97404209513056;51,3237629245082;38,8107083629472;38,8726541776084;41,2841251410573
"Ta_Ne_Omotic";"c1";0,970810219720428;53,5184235517569;39,5650583063518;39,6341343719231;38,6313889148452
"Ta_Ne_Omotic";"c1";0,960745677140084;45,5755021884054;37,9361657321856;37,9739842294937;47,7281845869708
"Ta_Ne_Omotic";"c1";0,935083634662847;53,0981317443566;39,847798046803;39,9133937581771;41,5524413173698
"Ta_Ne_Omotic";"c1";0,930684653066209;46,5368390745339;38,0786806707205;38,1205527420265;43,5795552067588
"Ta_Ne_Omotic";"c1";0,942775530873916;51,4810567595602;38,93419147648;38,9963046709507;38,8291286214984
"Ta_Ne_Omotic";"c1";0,987593312267545;50,2709040089826;38,8519834688989;38,9085127785033;42,0000961997402
"Ta_Ne_Omotic";"c1";0,907769858107939;51,676315545667;38,4671088999447;38,5325010120523;40,5302462958458
"Ta_Ne_Omotic";"c1";0,928376330474505;49,1009559642602;38,5484745584248;38,6007145653844;43,1676609598818
"Ta_Ne_Omotic";"c1";0,92598867644088;49,7983898246237;38,3146173892443;38,3714677478352;42,3055816946157
"Ta_Ne_Omotic";"c1";0,975696969153214;51,7478193858913;38,4994077232883;38,5649939196378;43,1632551510843
"Ta_Ne_Omotic";"c1";0,924152065790509;50,1433500773805;38,2038484824554;38,2629549259947;45,2252639659619
"Ta_Ne_Omotic";"c1";0,966954480943053;52,2472453939839;39,0408276079918;39,106205913863;43,6185765044939
"Ta_Ne_Omotic";"c1";0,892969572090276;46,8897300994714;37,8790439337703;37,9236512910263;46,8812134714752
"Ta_Ne_Omotic";"c1";0,95670067806759;44,6434601007077;38,1419358235279;38,1741215872763;47,0838872519265
"Ta_Ne_Omotic";"c1";0,934109663333399;52,2225550240163;39,0776540577536;39,1427278249133;39,2294225703693
"Ta_Ne_Omotic";"c1";0,943851489144014;47,7879707218752;37,7166021743136;37,7664604344501;46,5002363857903
"Ta_Ne_Omotic";"c1";0,967201965810261;53,42245258767;39,9034457342915;39,9703715107934;37,5227072785486
"Ta_Ne_Omotic";"c1";0,908174759431147;48,1329157375669;39,0109505383137;39,0561087818744;44,3910190681588
"Ta_Ne_Omotic";"c1";0,937249610689538;50,8145138183898;38,4359946300245;38,4972744279867;44,0835286255303
"Ta_Ne_Omotic";"c1";0,988771651818518;49,8217928073;38,5689015241254;38,6246089067154;42,4076890607035
"Ta_Ne_Omotic";"c1";0,941486672206047;48,2721168656128;37,468161836321;37,5216467622086;47,4612541906633
"Ta_Ne_Omotic";"c1";0,88697871008368;49,0065486410259;38,1412250914738;38,1950138219172;45,1527249925996
"Ta_Ne_Omotic";"c1";0,976500494815715;52,6957259457259;38,4853773460739;38,5557256064682;42,0520823540618
"Ta_Ne_Omotic";"c1";0,866253132951458;48,2097647316025;37,9663060359578;38,0170162275204;44,0309050364562
"Ta_Ne_Omotic";"c1";0,907227707992251;49,6020280134399;37,89773355445;37,9556756062272;45,295319396166
"Ta_Ne_Omotic";"c1";0,97953327070005;51,9173260411563;39,237173918766;39,2999469490748;40,7852473738131
"Ta_Ne_Omotic";"c1";0,89291410723441;52,6513852682216;38,9093421779989;38,9773720942871;38,4144891783738
"Ta_Ne_Omotic";"c1";0,906905223095319;49,6082159224197;38,0961067677486;38,1530974071281;41,5676442373314
"Ta_Ne_Omotic";"c1";0,969389869121163;49,1627210181159;38,1472005054095;38,2017327851753;43,4391512464541
"Ta_Ne_Omotic";"c1";0,949202496854817;51,3413903136019;38,8456921740504;38,9075520658303;39,2104388051456
"Ta_Ne_Omotic";"c1";0,991596950233718;48,9691278938156;38,2528100239543;38,305861102518;45,5573824726027
"Ta_Ne_Omotic";"c1";0,937936299187918;52,9658279825206;39,7112848456132;39,7769013957959;37,9865933186238
"Ta_Ne_Omotic";"c1";0,945185088105215;49,1262114001427;38,1679959988418;38,2222445899373;43,0722765938668
"Ta_Ne_Omotic";"c1";0,958494328209211;51,681119053906;38,5148595646108;38,5800390670331;44,0102829415515
"Ta_Ne_Omotic";"c1";0,914270978087615;49,5919714192626;38,7847534812709;38,8382545601718;45,5979089302865
"Ta_Ne_Omotic";"c1";0,965043488906186;51,7230442034364;39,710495143331;39,7699632079849;37,5444637046305
"Ta_Ne_Omotic";"c1";0,929079459386283;49,790672361873;38,1951880807602;38,2525914682905;43,4190786664769
"Ta_Ne_Omotic";"c1";0,948078465973749;50,0814075188949;37,3013503909026;37,3646180004471;44,2597217681723
"Ta_Ne_Omotic";"c1";0,956276512463413;46,5206677619707;37,7233936139409;37,7669444760598;47,1169943540702
"Ta_Ne_Omotic";"c1";0,947519270327049;52,4596124337916;39,130011319066;39,1959994433964;40,1891155225364
"Ta_Ne_Omotic";"c1";0,977460091032192;49,5293068044192;37,3780041590987;37,4381591226894;46,5701438112536
"Ta_Ne_Omotic";"c1";0,967644134177749;53,9130990138574;39,6468451393824;39,717470158563;38,9616642666073
"Ta_Ne_Omotic";"c1";0,912731269060922;51,0157443481896;38,6088604596067;38,6702806768769;42,7193402565508
"Ta_Ne_Omotic";"c1";0,965857011694545;54,1616959719851;39,2045328911001;39,2785782528866;39,7388395237052
"Ta_Ne_Omotic";"c1";0,944761419732678;51,18761403798;39,2052962699729;39,264614674765;41,7489470879426
"Ta_Ne_Omotic";"c1";0,904987980643677;52,0659870483609;38,2211956092553;38,289734180736;42,9891761110148
"Ta_Ne_Omotic";"c1";0,905539386192533;50,4425484812845;38,057227092053;38,1185405642769;44,8202576138037
"Ta_Ne_Omotic";"c1";0,935612349465748;54,5773213785613;38,8636447392666;38,941435217679;36,1733403103241
"Ta_Ne_Omotic";"c1";0,983689506119614;53,1344418896464;38,9694911684961;39,0396146869177;40,4632659169951
"Ta_Ne_Omotic";"c1";0,984505149420873;49,6166864847716;38,8959435626102;38,9490165473734;42,8056543972829
"Ta_Ne_Omotic";"c1";0,948170395392326;52,1638601138244;38,980836557951;39,0460990508018;39,2556659261174
"Ta_Ne_Omotic";"c1";0,907517086608833;48,2224996068457;37,8685935402353;37,9198505009611;45,9093541032015
"Ta_Ne_Omotic";"c1";0,964992475884372;50,2588990592423;37,8188159730448;37,8804005427785;46,8129832634991
"Ta_Ne_Omotic";"c1";0,946352132230236;53,3923290286888;39,1785780094238;39,2489431134795;39,0001491240472
"Ta_Ne_Omotic";"c1";0,91314576814961;50,2126680625802;38,2924267551133;38,3514378506948;41,944028067995
"Ta_Ne_Omotic";"c1";0,966904551713891;49,933072778661;38,4932217220774;38,5498546481001;45,7879641474377
"Ta_Ne_Omotic";"c1";0,938322343386736;44,6508596704675;38,7697754613177;38,7988897395809;43,999620448117
"Ta_Ne_Omotic";"c1";0,957505773555834;51,4450540900121;38,5845902761326;38,6482559385775;40,8290490221779
"Ta_Ne_Omotic";"c1";0,945994082447851;50,3617934190183;38,1697596672721;38,2301162700035;43,3442387264339
"Ta_Ne_Omotic";"c1";0,963518745990513;46,7684818028029;37,9492747900708;37,9929342307279;43,6854650049515
"Ta_Ne_Omotic";"c1";0,90599751953596;51,3774862983334;38,6174155676643;38,6805842346478;44,4139354895664
"Ta_Ne_Omotic";"c1";0,972872383793657;54,152660906184;40,1550185580036;40,224313817153;38,2058368756061
"Ta_Ne_Omotic";"c1";0,929938342890348;50,6993031539666;38,5368396114665;38,5970498270234;43,5305719571243
"Ta_Ne_Omotic";"c1";0,986577193153058;49,9250641946294;39,2877411882387;39,3404012031218;40,275002416067
"Ta_Ne_Omotic";"c1";0,899583538823006;51,0670970475151;37,5099370870515;37,5770517403211;43,9266244000294
"Ta_Ne_Omotic";"c1";0,974183900639462;49,342901022334;38,3231724973018;38,3777256088119;42,950861653918
"Ta_Ne_Omotic";"c1";0,906970235017197;50,2680140077055;38,6314985916976;38,689105103658;41,5264361210087
"Ta_Ne_Omotic";"c1";0,953738785313202;50,6589431459004;38,1974255705599;38,2591162516259;45,6712081034883
"Ta_Ne_Omotic";"c1";0,945561030940679;49,7159505053243;38,5211508594593;38,5765706596864;45,3865809329368
"Ta_Ne_Omotic";"c1";0,883729484388817;51,0705228182659;38,3264892468873;38,3895785219931;41,4669239155186
"Ta_Ne_Omotic";"c1";0,950434276046817;51,2641503480558;38,2302508620917;38,2947751169727;42,7089830658896
"Ta_Ne_Omotic";"c1";0,920897553814525;48,2184441592961;37,4369159493538;37,4902898513832;49,5844206776175
"Ta_Ne_Omotic";"c1";0,982007888785479;51,5241408092958;39,4220695464477;39,4819807903231;41,248026262835
"Ta_Ne_Omotic";"c1";0,940954901864421;44,9060646635017;38,0516991760773;38,0856316784903;45,3038095425808
"Ta_Ne_Omotic";"c1";0,959453889058699;51,1914589482496;38,5044881413041;38,5672949274771;40,593349967194
"Ta_Ne_Omotic";"c1";0,972744012493457;52,1920493992402;38,9728079180815;39,0382497075922;40,3462008217949
"Ta_Ne_Omotic";"c1";0,958521115744163;51,0372421982329;39,0259022348575;39,0853643138841;41,2297220074745
"Ta_Ne_Omotic";"c1";0,97786051701985;49,3939469177528;39,1148753586565;39,1657618515233;41,1081058598944
"Ta_Ne_Omotic";"c1";0,90600949395577;50,6701731197529;38,407512701045;38,4682189407416;42,3793325616222
"Ta_Ne_Omotic";"c1";0,876115977914099;49,4608687968943;37,7299481428835;37,7880220075073;45,8655875390554
"Ta_Ne_Omotic";"c1";0,923453814475698;50,8676393883178;38,5586090710469;38,6195448646967;40,930257871257
"Ta_Ne_Omotic";"c1";0,949219618965859;52,5235638020802;39,6689304798758;39,7325672785005;38,4092976931323
"Ta_Ne_Omotic";"c1";0,91310900597782;52,2593655414983;38,8747268946274;38,9409874819881;38,3130598313827
"Ta_Ne_Omotic";"c1";0,906265782015277;49,3147070881553;38,1670746795125;38,2222609785652;44,1830096047565
"Ta_Ne_Omotic";"c1";0,968639388768586;54,6111757272659;39,8897575613993;39,9626358691512;37,9601151374627
"Ta_Ne_Omotic";"c1";0,892742776392998;47,9643918621058;37,7309747558504;37,7816352365744;49,7827003611897
"Ta_Ne_Omotic";"c1";0,911577336464912;50,6826068137215;40,0489352180894;40,1015771566817;39,4165302295108
"Ta_Ne_Omotic";"c1";0,992145052077791;52,2745269427431;39,6689568032852;39,7313606158567;39,6615195817304
"Ta_Ne_Omotic";"c1";0,908122287803517;50,6255106603055;38,2378320040012;38,2991571458641;42,945693920778
"Ta_Ne_Omotic";"c1";0,976883904491261;50,1721630586149;38,9053673431783;38,9611435595913;43,1682018465659
"Ta_Ne_Omotic";"c1";0,984157204972921;50,9676491954524;38,0770749427466;38,1408896667699;43,5135831700411
"Ta_Ne_Omotic";"c1";0,870439315345268;48,8798882212861;37,238726999921;37,2963565109179;46,3224137200474
"Ta_Ne_Omotic";"c1";0,930304299497513;50,5686810018673;38,6553739240306;38,7143506917427;39,9321850430018
"Ta_Ne_Omotic";"c1";0,918109087295344;47,9110615145602;37,5024349153702;37,5539627698217;46,9425930433786
"Ta_Ne_Omotic";"c1";0,947414607677828;51,6017760474303;40,0226907789097;40,0800129832093;36,5080056222145
"Ta_Ne_Omotic";"c1";0,960613622519449;51,2533521973644;39,5210455658217;39,5791262917204;38,5731585973712
"Ta_Ne_Omotic";"c1";0,944323426938361;48,4840579627925;37,8467451104267;37,8994050750424;46,0998630489899
"Ta_Ne_Omotic";"c1";0,905643782419123;50,6835895595585;38,8624075390245;38,9209282420964;41,8202624633027
"Ta_Ne_Omotic";"c1";0,921639528177302;43,1862630495781;37,4116717997315;37,4402588851268;50,3719592109333
"Ta_Ne_Omotic";"c1";0,936065711270344;51,0195488828962;38,2828450340888;38,3458980234393;41,6241166510424
"Ta_Ne_Omotic";"c1";0,942283569386224;49,2029496189717;37,7622732896365;37,8189103011678;47,3055952624885
"Ta_Ne_Omotic";"c1";0,942102472108146;50,8277212066686;40,2996920161099;40,3518109724988;40,1257120182821
"Ta_Ne_Omotic";"c1";0,986290922839747;54,1771003757812;39,2858459027613;39,3595649843109;39,1799057901076
"Ta_Ne_Omotic";"c1";0,953738812708895;48,5666193313252;38,4577640896049;38,5078079274352;43,7963005018443
"Ta_Ne_Omotic";"c1";0,95821566724171;48,229526395331;38,8906262339098;38,9368584129268;42,9485947623938
"Ta_Ne_Omotic";"c1";0,931990849355582;48,9420875599557;37,4842191160599;37,5409412370693;46,7205939134779
"Ta_Ne_Omotic";"c1";0,933648068978945;49,7998150179031;38,029166337624;38,0874368756452;46,5556830001754
"Ta_Ne_Omotic";"c1";0,916430441690265;49,7608274045686;37,6327621153492;37,6928020425235;45,4211428645427
"Ta_Ne_Omotic";"c1";0,940500182765999;49,6577588537535;38,1414356787491;38,1984471796155;43,4975183370081
"Ta_Ne_Omotic";"c1";0,944163015127086;50,279982164149;38,5153070625707;38,5735480284201;40,3561489701161
"Ta_Ne_Omotic";"c1";0,9639841458498;52,5221713140374;39,1186396062018;39,1849937235673;37,9487829074814
"Ta_Ne_Omotic";"c1";0,821229194835959;47,7940537976637;37,464739793098;37,5158750109424;47,4326009859201
"Ta_Ne_Omotic";"c1";0,980608413772209;51,7334546556543;38,9255047513754;38,9889104439708;39,1929514226578
"Ta_Ne_Omotic";"c1";0,924969340638591;49,1854463985919;38,6193108531417;38,6716184548518;43,0303768046571
"Ta_Ne_Omotic";"c1";0,938343540159767;52,3148709655255;38,4860880781279;38,5545473993526;41,2595211148812
"Ta_Ne_Omotic";"c1";0,946930331440198;53,3184246984346;38,909157914133;38,9804909180157;37,4164483057764
"Ta_Ne_Omotic";"c1";0,944960053508944;49,4776123337019;38,5475269156861;38,6016362494387;42,6050556795334
"Ta_Ne_Omotic";"c1";0,810030170589966;50,9065410172393;38,0597541393561;38,1233520941971;41,7017674702651
"Ta_Ne_Omotic";"c1";0,914382783743363;50,4176657209029;37,9476953855063;38,0094279119192;43,2275739748799
"Ta_Ne_Omotic";"c1";0,924493480104389;48,7070580141603;38,0949222143252;38,147457540067;46,7094085194619
"Ta_Ne_Omotic";"c1";0,986548549086823;49,0629830599895;39,1364868777804;39,1856279479894;44,637898741823
"Ta_Ne_Omotic";"c1";0,977236724712485;49,5841605841606;39,4024586064387;39,452863071675;41,5914448233356
"Ta_Ne_Omotic";"c1";0,984488427890889;52,775953973297;39,4682408065493;39,5341205747015;39,7148165548494
"Ta_Ne_Omotic";"c1";0,976047965241956;47,7372613875831;38,9042880833926;38,9480156740074;43,0843475264946
"Ta_Ne_Omotic";"c1";0,945960076455735;50,458663213858;38,6377109163179;38,6962304821473;40,9854806796812
"Ta_Ne_Omotic";"c1";0,978472061891656;50,2688501693957;39,4156466345521;39,4693753649226;41,3610299294587
"Ta_Ne_Omotic";"c1";0,946779771046063;49,8051937932723;39,1480955013293;39,2008534136657;39,7458387818496
"Ta_Ne_Omotic";"c1";0,973181056143167;52,7804667301634;39,4507883861118;39,5167768927655;41,0174425438581
"Ta_Ne_Omotic";"c1";0,885884653455689;50,6328092633204;37,789017873595;37,8526009992867;43,9445002228463
"Ta_Ne_Omotic";"c1";0,935490378047239;48,6269893656641;38,1205085682698;38,172520849445;45,739609553915
"Ta_Ne_Omotic";"c1";0,953454357132016;50,1856805646938;38,4465503171971;38,5046648233728;43,7160430904638
"Ta_Ne_Omotic";"c1";0,923839459408697;49,3663040493704;38,2759483008239;38,3308510520543;44,1762903948037
"Ta_Ne_Omotic";"c1";0,968447969235523;52,6814050123506;38,9863118271078;39,0541093181239;41,3428838328732
"Ta_Ne_Omotic";"c1";0,965277833587324;50,9995447542528;37,8354786912001;37,9006473350766;44,3790468272027
"Ta_Ne_Omotic";"c1";0,889466634795715;48,827847813147;37,7541920029482;37,8090120812165;47,3326720821992
"Ta_Ne_Omotic";"c1";0,873099652394635;49,2403734266479;37,3156703256206;37,374703509289;50,108080090372
"Ta_Ne_Omotic";"c1";0,955968977742778;49,5074344190434;37,8276079917871;37,8854289146943;46,0799357623005
"Ta_Ne_Omotic";"c1";0,958876598960457;51,2830410433616;39,6203111426992;39,6780474293361;39,0037058491909
"Ta_Ne_Omotic";"c1";0,864499140509378;48,5473503377243;37,4124878254231;37,4676109071672;45,1946066357893
"Ta_Ne_Omotic";"c1";0,956551055714847;47,4397580662436;38,5195451314854;38,5637046014595;44,7881467105187
"Ta_Ne_Omotic";"c1";0,980463747786466;51,3775030722888;39,3240938166311;39,3837641594809;42,6070988732386
"Ta_Ne_Omotic";"c1";0,966206846761996;51,4052984414782;38,8271868172366;38,8894546965645;41,5047776396055
"Ta_Ne_Omotic";"c1";0,944530555605451;50,2824927385041;38,1197188659875;38,1799306178317;43,698061258126
"Ta_Ne_Omotic";"c1";0,880136412412696;47,9290233553799;37,6252072968491;37,6762162872379;44,739246223568
"Ta_Ne_Omotic";"c1";0,958619076357054;50,3102733347803;38,4302034799547;38,4890157069588;43,7894888787207
"Ta_Ne_Omotic";"c1";0,943035001017987;52,524281939137;38,8558793334913;38,9235446929252;42,7514538163152
"Ta_Ne_Omotic";"c1";0,984217372492842;49,9470057057836;38,1458316881202;38,204253341673;43,9797559290315
"Ta_Ne_Omotic";"c1";0,950460795711375;49,9142618818273;38,7210245070942;38,7764365733057;45,1861164251587
"Ta_Ne_Omotic";"c1";0,975301335976698;49,1486315352447;38,2269867593251;38,2810543077207;45,8501520377217
"Ta_Ne_Omotic";"c1";0,928739668770813;51,5178249242581;38,8466398167891;38,909368455935;42,3065848589343
"Ta_Ne_Omotic";"c1";0,877361992901136;46,215239719076;37,3897180762852;37,4334087774872;50,7674364122005
"Ta_Ne_Omotic";"c1";0,96838009941575;46,9696192845928;37,5246518729106;37,5714091373248;48,5508028278228
"Ta_Ne_Omotic";"c1";0,960416405257896;53,3710317499259;38,9478796493722;39,0192813924442;40,2974339152153
"Ta_Ne_Omotic";"c1";0,930219550311373;50,1157045103166;37,9040248492985;37,9644787090065;44,9681960956233
"Ta_Ne_Omotic";"c1";0,96027940888167;48,2803018240811;38,2700781805259;38,3196337431178;44,9774630835131
"Ta_Ne_Omotic";"c1";0,898704281431529;52,6687801875238;38,5854326252336;38,6551521676212;40,6103674001351
"Ta_Ne_Omotic";"c1";0,975944739933824;53,6352058434877;39,2658401116113;39,3369755855314;38,8091253619586
"Ta_Ne_Omotic";"c1";0,967885638398131;52,2260467157147;38,9241622574956;38,9900131706551;43,1131659040958
"Ta_Ne_Omotic";"c1";0,902671706021178;48,5528453743557;37,5750085551081;37,629354281936;41,4086632588104
"Ta_Ne_Omotic";"c1";0,957091948969365;52,6853815550355;39,3663428887309;39,4322787237127;39,3086037317357
"Ta_Ne_Omotic";"c1";0,942713818348288;49,6934496122985;38,2213535497118;38,278146104477;44,7924005859246
"Ta_Ne_Omotic";"c1";0,910412884278229;48,5858984550071;38,3946932006633;38,4451447118235;45,1596243049492
"Ta_Ne_Omotic";"c1";0,954157574320065;53,9413583537999;40,656426860407;40,722193847998;38,2676647290328
"Ta_Ne_Omotic";"c1";0,955977806911956;51,0240004650224;38,5507383716339;38,6124871938784;42,0674997787427
"Ta_Ne_Omotic";"c1";0,942630557849617;52,2302764724343;38,8665929611203;38,9327498101862;44,0059789854298
"Ta_Ne_Omotic";"c1";0,959575455440947;51,0364528433494;39,5019874174103;39,5590887314001;40,4852107068097
"Ta_Ne_Omotic";"c1";0,959433105795024;49,5523183013409;37,7305535812998;37,7890771690228;46,6141998458465
"Ta_Ne_Omotic";"c1";0,966586212378492;52,2398835556517;39,1894495775093;39,254055686312;38,8521833719927
"Ta_Ne_Omotic";"c1";0,924561471458808;48,9554935294836;37,5623733185922;37,6187749037947;42,3980154117376
"Ta_Ne_Omotic";"c1";0,985859299112082;51,2651943842478;38,3670272973756;38,4308796096868;43,8487880503675
"Ta_Ne_Omotic";"c1";0,934071027623211;48,915981446342;38,6882255389718;38,7388579939588;45,222775414314
"Ta_Ne_Omotic";"c1";0,938569644216177;50,4035814561177;38,8235015399195;38,8808286682175;41,7620305181279
"Ta_Ne_Omotic";"c1";0,952869133607366;51,7756383349521;38,2009529074206;38,2681543204282;43,5790977472636
"Ta_Ne_Omotic";"c1";0,952204444587256;50,1585224996078;38,4084603437837;38,4666289683175;43,1589776797202
"Ta_Ne_Omotic";"c1";0,961536363583975;50,8371184514595;38,4126457658796;38,4741530564023;42,5101971354235
"Ta_Ne_Omotic";"c1";0,935587823547924;53,3964216753141;39,1380926057543;39,2086783932274;38,6048061000162
"Ta_Ne_Omotic";"c1";0,92965107317521;50,2812376765737;37,6803548395588;37,7427354476629;45,0845198568264
"Ta_Ne_Omotic";"c1";0,982077718712869;50,3290547938807;38,8480612808971;38,9048978824465;40,9307042403513
"Ta_Ne_Omotic";"c1";0,952020001128038;50,3894867577038;37,5491063202506;37,61267256004;47,4478074904715
"Ta_Ne_Omotic";"c1";0,886505638122651;48,2188143099661;38,073942457027;38,1241645949129;44,3149692273174
"Ta_Ne_Omotic";"c1";0,946475272932168;50,0575626729162;38,603911658638;38,660612901283;42,8745753315324
"Ta_Ne_Omotic";"c1";0,890566969340646;49,1848183732104;38,17607728553;38,2305760037859;45,5552427551698
"Ta_Ne_Omotic";"c1";0,936557649114155;49,8646428687264;38,7249730185054;38,780119898952;42,0533991908065
"Ta_Ne_Omotic";"c1";0,925397781844356;53,4621171496894;39,2843981152439;39,3545848431372;38,3713400252383
"Ta_Ne_Omotic";"c1";0,950309188541524;50,5646428485085;38,7483218826502;38,8068185210951;44,6850863251817
"Ta_Ne_Omotic";"c1";0,96515153500705;49,3853853328325;38,9598568006528;39,0114683280399;41,9453604192409
"Ta_Ne_Omotic";"c1";0,96440399248893;52,4934769614573;39,7232619968938;39,786480882857;38,7667588893634
"Ta_Ne_Omotic";"c1";0,93946250654724;50,2830435104535;38,2181947405828;38,2779217146911;42,797552079242
"Ta_Ne_Omotic";"c1";0,964443881364599;53,4111190160346;39,3485219405617;39,4181387577671;37,5908167361818
"Ta_Ne_Omotic";"c1";0,94431552144718;52,086885523633;38,8555108057596;38,9210126607985;41,5690320847961
"Ta_Ne_Omotic";"c1";0,969281023197303;51,5886561773025;38,6208902577062;38,6850871186943;44,064323796927
"Ta_Ne_Omotic";"c1";0,973530315003411;47,0184923580161;38,3055094895891;38,3486430681457;44,1211820424854
"Ta_Ne_Omotic";"c1";0,938061308932535;51,3592265063021;39,0664929321646;39,1273480488682;42,5863653477754
"Ta_Ne_Omotic";"c1";0,970547978635905;51,7644158254541;39,3711074258338;39,4324604377131;38,9743769392355
"Ta_Ne_Omotic";"c1";0,984454286471029;49,9183608601887;38,3111953460212;38,3686565614379;45,9540292941839
"Ta_Ne_Omotic";"c1";0,946770584234128;48,022261736026;38,272341993735;38,3206089231523;43,5116491718221
"Ta_Ne_Omotic";"c1";0,962776817668937;51,7232572672829;38,4334675827213;38,4992586207637;40,4218339288678
"Ta_Ne_Omotic";"c1";0,91802837867766;52,7906216435546;39,0430124509727;39,1110699222231;41,5420873884528
"Ta_Ne_Omotic";"c1";0,969560667897702;52,923160941874;38,5661375661376;38,6372119392848;43,9582175531026
"Ta_Ne_Omotic";"c1";0,932988742951769;49,5061094523963;38,003869541183;38,0608113229217;44,0780811331225
"Ta_Ne_Omotic";"c1";0,992475903333155;52,0754357469333;39,1111637579299;39,1753433222319;41,3694563316616
"Ta_Ne_Omotic";"c1";0,973707709224693;48,6443416727654;37,7982573902972;37,8519508768441;43,6604632835986
"Ta_Ne_Omotic";"c1";0,953685862515779;50,9481245429257;38,3341756824344;38,396620973823;43,2129870233376
"Ta_Ne_Omotic";"c1";0,935142946532253;52,1749679815784;38,5592145094633;38,6266192296222;43,2821276971155
"Ta_Ne_Omotic";"c1";0,948610333523858;50,7009211433436;38,9277948879939;38,9860776912382;40,6291991040578
"Ta_Ne_Omotic";"c1";0,927928619775469;51,0412921850937;38,6547948090237;38,7161141029646;41,297300179575
"Ta_Ne_Omotic";"c1";0,959568630150494;54,2162938840707;40,3570244018005;40,4256346467623;37,9567379163618
"Ta_Ne_Omotic";"c1";0,991346307687553;53,1563841996998;39,3097212350944;39,3782690715528;41,4835609388246
"Ta_Ne_Omotic";"c1";0,940087963865665;52,0007745065411;39,0150569901814;39,0793427204604;39,7622789494055
"Ta_Ne_Omotic";"c1";0,930020316402077;52,4608699942033;38,9142120087394;38,9812746720337;39,7864210324502
"Ta_Ne_Omotic";"c1";0,898695099836964;51,8039080032191;38,035747189976;38,1039064019228;41,8838997194366
"Ta_Ne_Omotic";"c1";0,963624178892195;50,2628125485925;38,4591329068941;38,5175669645263;43,2738646650998
"Ta_Ne_Omotic";"c1";0,968796626750263;50,7788646208893;39,8767537971518;39,9307246428139;38,9600320730599
"Ta_Ne_Omotic";"c1";0,954113714008243;51,4568868844243;39,3165916449499;39,3766921164324;41,6973354429302
"Ta_Ne_Omotic";"c1";0,9753552010819;53,6202870063897;40,1744715575561;40,2410350003721;38,463033317828
"Ta_Ne_Omotic";"c1";0,938184018197572;53,3901155603283;39,1057148121825;39,1764296673713;38,7263181982043
"Ta_Ne_Omotic";"c1";0,942152921246188;50,5720048569511;39,1186922530206;39,1753918203668;40,3478263701988
"Ta_Ne_Omotic";"c1";0,947942817726305;50,4813163131372;37,7234462607597;37,7866040332962;44,6099890156725
"Ta_Ne_Omotic";"c1";0,899953163254977;51,2055499780004;38,4690831556503;38,5321349716026;40,7368802637491
"Ta_Ne_Omotic";"c1";0,860374405866509;49,7694232029228;37,9794940640712;38,0378600499071;44,9432040249619
"Ta_Ne_Omotic";"c1";0,938877698558321;50,9755648881859;39,4652399378768;39,5222217445615;42,7673940415797
"Ta_Ne_Omotic";"c1";0,922652319306969;47,5201578283521;37,8330569375346;37,8810128825386;42,9175208772171
"Ta_Ne_Omotic";"c1";0,930157728419215;52,5694789993347;38,8072073494959;38,8753374071684;40,9668151371659
"Ta_Ne_Omotic";"c1";0,910833701127338;48,2396765120574;38,0231909236884;38,073767585017;47,60609234161
"Ta_Ne_Omotic";"c1";0,923495776108797;52,1998970363996;38,9566979915239;39,0222583828351;37,8413924957827
"Ta_Ne_Omotic";"c1";0,933960219441443;51,6318185775125;38,4744004843507;38,5395362174852;40,7705666843032
"Ta_Ne_Omotic";"c1";0,968399508611047;53,1550434337319;38,9574350469873;39,0277202370207;42,2565999885343
"Ta_Ne_Omotic";"c1";0,924258987032613;48,1648252973697;37,9272420963963;37,9779232013516;45,4250059272834
"Ta_Ne_Omotic";"c1";0,968175389595762;53,8409722757116;39,7254468398747;39,795325678666;39,0361308224593
"Ta_Ne_Omotic";"c1";0,984886344476345;51,8201809353376;38,5203611571771;38,5862018491482;44,2936560385586
"Ta_Ne_Omotic";"c1";0,935742985590608;53,3329072401578;39,255758245808;39,3254471022157;39,4796892826893
"Ta_Ne_Omotic";"c1";0,910328274178103;46,5551590031724;37,7885440522256;37,8319431361412;43,1562113005737
"Ta_Ne_Omotic";"c1";0,98095263390663;51,3137208105349;38,972386743531;39,033482456734;40,9145648634901
"Ta_Ne_Omotic";"c1";0,992638212202496;50,2423997539237;39,0335360235858;39,0890254479934;42,0412710069292
"Ta_Ne_Omotic";"c1";0,970129430382865;53,12711168809;39,0587275263892;39,1283729925363;41,0754117713671
"Ta_Ne_Omotic";"c1";0,987314761645897;52,7050959508466;39,3740030008687;39,439998510522;38,8010529560175
"Ta_Ne_Omotic";"c1";0,86696903752801;50,2074320845784;38,0436968596173;38,1039133706319;42,3363136201268
"Ta_Ne_Omotic";"c1";0,970964096336465;53,8631400262742;40,6244965647951;40,6900344037133;39,1802095681816
"Ta_Ne_Omotic";"c1";0,875282273296249;49,4247685476049;38,1300639658849;38,1859783450023;44,8218034708431
"Ta_Ne_Omotic";"c1";0,938569642314957;51,8172476456838;38,6479243991682;38,7131190687054;40,7673946098871
"Ta_Ne_Omotic";"c1";0,94456594509604;51,2802298048524;37,972965858538;38,0388434028267;44,2030090754615
"Ta_Ne_Omotic";"c1";0,885796834509149;45,7770236299648;37,8122351206928;37,8516647667783;43,6114910003514
"Ta_Ne_Omotic";"c1";0,937690554086465;50,0762055651781;38,6164152781068;38,6731469131913;42,5051213851418
"Ta_Ne_Omotic";"c1";0,816963324782927;43,4738337779528;37,6661928452973;37,6949435429837;45,131239156574
"Ta_Ne_Omotic";"c1";0,91905186852937;51,8402115513087;38,1309852852141;38,198852741977;41,9945002554958
"Ta_Ne_Omotic";"c1";0,732705245663721;49,879321703589;37,9671483850588;38,0261195401011;41,6696671231361
"Ta_Ne_Omotic";"c1";0,971694246424896;51,860717511937;39,8110768906789;39,8707285769227;38,462058584244
"Ta_Ne_Omotic";"c1";0,977315635606947;49,9956513021029;38,8163152491511;38,871658496938;43,5601523964027
"Ta_Ne_Omotic";"c1";0,984099603042292;51,7945569335142;38,543710021322;38,6093082733625;44,5925854658395
"Ta_Ne_Omotic";"c1";0,992629307720868;53,3499497442544;39,7967043091421;39,8637995835734;39,15869638248
"Ta_Ne_Omotic";"c1";0,953360354354194;51,3332296860814;39,3889810208218;39,4481109647092;39,5061418622298
"Ta_Ne_Omotic";"c1";0,974268554698989;50,0713701718773;38,6387112058754;38,6953085274893;39,996711354563
"Ta_Ne_Omotic";"c1";0,984735808701282;48,3165641376168;37,5402616546895;37,5936096867832;45,6581010390545
"Ta_Ne_Omotic";"c1";0,919187943249391;52,3436932153761;38,6053067993367;38,6733186132774;42,5777604306523
"Ta_Ne_Omotic";"c1";0,939544318026293;47,6621428872455;37,45486851457;37,5053995758209;47,1591644730568
"Ta_Ne_Omotic";"c1";0,985634199010463;49,2566031935159;37,772565742715;37,8294174132635;47,129608275429
"Ta_Ne_Omotic";"c1";0,941046573818999;49,6102542384664;38,5356550580431;38,5904798064611;44,3495270704796
"Ta_Ne_Omotic";"c1";0,8785474153988;50,5919861068244;37,6686145989629;37,7325916856354;44,6368177932199
"Ta_Ne_Omotic";"c1";0,925146265259844;48,9583053662001;37,5268893627103;37,5834805310444;46,5484285765779
"Ta_Ne_Omotic";"c1";0,951746380779444;47,751890574508;38,5801152965332;38,625520124642;43,3614239540514
"Ta_Ne_Omotic";"c1";0,908995068547578;52,5948726463771;39,1460159519861;39,2125944504732;38,5615167037844
"Ta_Ne_Omotic";"c1";0,961131283626475;51,9948259422524;39,3291742346469;39,3918754807241;40,0930740876985
"Ta_Ne_Omotic";"c1";0,965059972429683;49,4506230113864;38,3385453683961;38,3935556537574;43,6272259813384
"Ta_Ne_Omotic";"c1";0,967144783403681;55,2128636736293;39,830056068862;39,9062085817569;36,786186919105
"Ta_Ne_Omotic";"c1";0,851064704785301;48,1229082553365;37,2737108110242;37,3274197092634;47,2288234626894
"Ta_Ne_Omotic";"c1";0,823147696448473;46,8489502951483;37,3336228908368;37,3807284720463;50,4236077661922
"Ta_Ne_Omotic";"c1";0,963755557233949;52,5635883718073;39,3503382558109;39,415750385098;41,9147334213056
"Ta_Ne_Omotic";"c1";0,933202379278859;51,3034208382466;38,736239437732;38,7984532070414;41,7340599157753
"Ta_Ne_Omotic";"c1";0,94148495055551;49,6857224852706;38,4987233146437;38,5541044986567;45,7527982827046
"Ta_Ne_Omotic";"c1";0,975412891611128;50,5809130950439;38,7371607570613;38,795793194378;44,1109227749397
"Ta_Ne_Omotic";"c1";0,945100342400495;48,6763404415317;38,1285108847298;38,1807278627338;45,2994435564926
"Ta_Ne_Omotic";"c1";0,944069099382214;50,8145553886361;38,8964700307984;38,9554704533619;43,4944752356163
"Ta_Ne_Omotic";"c1";0,949638628453201;50,4102350515394;38,3952196688515;38,4546999430232;43,6772915565067
"Ta_Ne_Omotic";"c1";0,964328538139936;50,4947302718242;38,6134144094343;38,6722328047927;38,7320205256258
"Ta_Ne_Omotic";"c1";0,943532617432929;46,7181256616741;38,0450130300877;38,0879492312341;47,5025262341724
"Ta_Ne_Omotic";"c1";0,98698237042606;48,0338510674578;37,2839769406934;37,3371941393407;50,4608753016997
"Ta_Ne_Omotic";"c1";0,950039459738117;51,4522868910137;38,7427939666746;38,8057122484782;41,7522329121518
"Ta_Ne_Omotic";"c1";0,967459372167613;52,0590318074361;38,944773487062;39,009695557955;38,636902778276
"Ta_Ne_Omotic";"c1";0,940713076018303;48,6613066593675;38,1050040801285;38,1572630037881;46,7173788195371
"Ta_Ne_Omotic";"c1";0,869910218630564;42,4392296874566;37,5517913080102;37,5759865475124;51,04183658168
"Ta_Ne_Omotic";"c1";0,933306993204683;50,4516055305758;38,5394719524073;38,598442910715;43,9063606470459
"Ta_Ne_Omotic";"c1";0,978341570896208;47,5831284703196;37,9116849614362;37,9595633946485;44,1361976569603
"Ta_Ne_Omotic";"c1";0,97571704769885;52,4241691846885;38,6198373213299;38,6881755978811;41,3754950574659
"Ta_Ne_Omotic";"c1";0,930190662007322;49,2220071275689;38,4129879702019;38,4664979660304;44,9002090999089
"Ta_Ne_Omotic";"c1";0,915785601428254;51,3413476710637;38,3745294690568;38,4387216383737;43,9679597655439
"Ta_Ne_Omotic";"c1";0,930620025875235;49,3018415040301;38,1319066045434;38,1872033119666;45,8445762351828
"Ta_Ne_Omotic";"c1";0,967890806713129;50,2060785982355;38,7978362157467;38,8543126631847;42,22389214999
"Ta_Ne_Omotic";"c1";0,97461845721365;54,346196525024;40,106135986733;40,1766313359325;36,7339404782305
"Ta_Ne_Omotic";"c1";0,886624806380086;52,1424650148625;38,6809076311564;38,747549004343;41,8050173113001
"Ta_Ne_Omotic";"c1";0,944559256712497;50,7561583396085;38,8286872515728;38,8877341381473;43,4739947816511
"Ta_Ne_Omotic";"c1";0,892218172616026;51,2349853191561;38,8361894232541;38,8975696009566;39,6683403205324
"Ta_Ne_Omotic";"c1";0,949844949435269;47,8344521590918;38,2307510068704;38,2782940818814;45,7060503942029
"Ta_Ne_Omotic";"c1";0,952340173739059;51,7770182453835;38,0509884440233;38,1189390866043;42,8773376569606
"Ta_Ne_Omotic";"c1";0,95409245989424;50,4918610213091;39,1532548895733;39,2093866030967;40,274824163903
"Ta_Ne_Omotic";"c1";0,953671916639474;49,6963086407531;38,8179473005344;38,8718005744958;41,6476045251836
"Ta_Ne_Omotic";"c1";0,960376830330396;50,0466331045253;39,588038642765;39,6398138628727;39,5015708523818
"Ta_Ne_Omotic";"c1";0,951758635196927;55,6241743467286;40,2084287556924;40,2847443279253;35,5852604749811
"Ta_Ne_Omotic";"c1";0,960696042255951;52,5476849914121;38,5314433125378;38,6008306475818;41,2785770894344
"Ta_Ne_Omotic";"c1";0,929782525315691;53,0701443821643;39,6585327331596;39,7249268502339;38,8184439502992
"Ta_Ne_Omotic";"c1";0,986559542776502;50,0197129710674;39,1645213087999;39,2182598813854;40,4204096965776
"Ta_Ne_Omotic";"c1";0,95471618141608;51,3842188443127;39,0747321593093;39,1356702122053;43,3997125005569
"Ta_Ne_Omotic";"c1";0,951351593614798;49,8048169453442;37,5630577272368;37,6236604956433;44,2364938188823
"Ta_Ne_Omotic";"c1";0,98688110678338;52,5777402514318;39,3470215062255;39,412520113875;39,0674147207326
"Ta_Ne_Omotic";"c1";0,981854085163544;51,0943089422248;39,301955829319;39,3603338150265;39,9714417511457
"Ta_Ne_Omotic";"c1";0,937032355314256;51,2333965223524;38,7251309589618;38,7870530657113;41,8135554847915
"Ta_Ne_Omotic";"c1";0,947491582176075;51,3532222846739;38,8769643844271;38,9387280373986;42,4134623198713
"Ta_Ne_Omotic";"c1";0,957412166802547;52,218441627585;38,7465055674011;38,8131983201743;39,7224414106611
"Ta_Ne_Omotic";"c1";0,902767240739758;52,7375221205696;38,9926557687752;39,0606996616058;41,6761710174718
"Ta_Ne_Omotic";"c1";0,890391532745138;53,3758816650466;38,8506409750191;38,9225481071479;38,3058834526356
"Ta_Ne_Omotic";"c1";0,947916672504882;49,4464190464349;39,0142672878991;39,0659116035354;43,2963195166676
"Ta_Ne_Omotic";"c1";0,98238113169502;54,0342182609035;40,5749295848798;40,6415597268403;37,4485570876232
"Ta_Ne_Omotic";"c1";0,959172760173764;47,4766177214498;37,8225275737714;37,8703200992549;44,3592432057997
"Ta_Ne_Omotic";"c1";0,933593848724587;49,3072007718345;38,6898049435363;38,7423663090229;42,0583203189569
"Ta_Ne_Omotic";"c1";0,967639353618357;48,3008098456667;38,2978757008608;38,3473951768252;42,9518607511721
"Ta_Ne_Omotic";"c1";0,9697442522186;51,6371973201114;38,46687198926;38,5320716196108;43,0910784122132
"Ta_Ne_Omotic";"c1";0,929515339032672;51,0666198015364;38,3405722709205;38,4035725062206;40,5552040949467
"Ta_Ne_Omotic";"c1";0,895013911307856;50,660238035238;38,1167443207244;38,1788408242616;44,3326614565864
"Ta_Ne_Omotic";"c1";0,864270522723665;48,4567928841185;38,5040406433441;38,553311694041;41,2876152180466
"Ta_Ne_Omotic";"c1";0,91952380256665;48,5545817892309;38,3103003501013;38,3610146146515;45,8633878562571
"Ta_Ne_Omotic";"c1";0,909245477481902;48,3904080470328;38,1537287109426;38,2044053413193;42,4861541111891
"Ta_Ne_Omotic";"c1";0,972866032329827;51,186421970232;38,5389981310379;38,6016091401428;41,0700252594823
"Ta_Ne_Omotic";"c1";0,922568616839885;50,5031451630976;38,6597436099924;38,7183743107503;40,3204500337463
"Ta_Ne_Omotic";"c1";0,976259581264469;47,7920913482968;37,5548448235015;37,6055242617431;47,6217372507064
"Ta_Ne_Omotic";"c1";0,977682531182529;50,4784777058428;38,9637789886546;39,0207824476506;41,5995094017068
"Ta_Ne_Omotic";"c1";0,977183991728882;48,7540747137956;38,4852983758456;38,5361339022711;44,7545365767223
"Ta_Ne_Omotic";"c1";0,92415779884666;49,8438678338202;38,3304377582985;38,3874349368902;42,1636678935567
"Ta_Ne_Omotic";"c1";0,966736649744629;51,4248400836636;38,4096712206165;38,4741027496415;42,7837140393627
"Ta_Ne_Omotic";"c1";0,945200446492171;52,3635461523324;39,7111532285662;39,7737888370997;37,4625223021564
"Ta_Ne_Omotic";"c1";0,975487243700781;49,3877286481512;38,1172707889126;38,1730651347504;44,3662757632686
"Ta_Ne_Omotic";"c1";0,953292471209416;47,8462525892866;37,5676380004738;37,6185222311115;50,1342210884837
"Ta_Ne_Omotic";"c1";0,97282378563968;53,4419628649585;40,1398036273658;40,2056559008192;39,0298161862852
"Ta_Ne_Omotic";"c1";0,952286860960556;49,0677329679887;38,8753849798626;38,9258421481206;39,8304581289541
"Ta_Ne_Omotic";"c1";0,914282912235064;53,6584773400697;39,6542156940167;39,7235437219675;39,5769884547631
"Ta_Ne_Omotic";"c1";0,948738129561163;51,3472456355811;39,2509673852957;39,3108499508912;41,5889589669986
"Ta_Ne_Omotic";"c1";0,977290948674162;50,4597310218271;38,8921793150649;38,9494444225241;41,4713390795767
"Ta_Ne_Omotic";"c1";0,958260304801267;50,8340168603327;39,1535181236674;39,211342374839;42,9539933427427
"Ta_Ne_Omotic";"c1";0,990872022344957;52,0749286430951;38,6777751454368;38,7440976875045;42,9663427207124
"Ta_Ne_Omotic";"c1";0,93340333139447;50,7132143005856;37,6276816973334;37,692461561706;45,3913361233434
"Ta_Ne_Omotic";"c1";0,956626210230028;51,950157364256;38,7771723393614;38,8423851365143;40,0330767062749
"Ta_Ne_Omotic";"c1";0,975701189924879;53,6052483514864;39,9713338071547;40,0388284336118;35,6298064657263
"Ta_Ne_Omotic";"c1";0,965754008260698;51,5437107496247;38,8157624575535;38,8787721025638;41,6201291299345
"Ta_Ne_Omotic";"c1";0,962557247715609;53,0125191212269;39,4360472768433;39,5032575334987;37,9768434863693
"Ta_Ne_Omotic";"c1";0,966058051403902;51,526539164837;38,1978730685198;38,2638565640462;43,7377960996918
"Ta_Ne_Omotic";"c1";0,918897794837299;47,8634249813112;38,8332675248098;38,8779712745945;40,6794126147202
"Ta_Ne_Omotic";"c1";0,969806681820657;51,9621123693189;39,2001105583195;39,2632887851066;38,735838954579
"Ta_Ne_Omotic";"c1";0,958040824095512;52,2230566642822;38,8454552633657;38,9116810128752;40,5611133810303
"Ta_Ne_Omotic";"c1";0,946897724617844;51,5595276578777;38,4072757903604;38,4723859481203;44,2591866706267
"Ta_Ne_Omotic";"c1";0,973713106125546;48,131442851307;38,5146226539261;38,5622306747052;41,4438318849359
"Ta_Ne_Omotic";"c1";0,983270597668409;50,7657133187023;38,0834978546421;38,1462810995137;45,2430329571893
"Ta_Ne_Omotic";"c1";0,906950891797234;50,2722406461488;37,8627497433468;37,924182866628;43,1265589414783
"Ta_Ne_Omotic";"c1";0,926358039805438;50,8167388179706;38,5212035062781;38,5820724929697;41,0119338045776
"Ta_Ne_Omotic";"c1";0,916477440322484;49,1640119102091;38,0560162152202;38,1110062929182;44,0556657546556
"Ta_Ne_Omotic";"c1";0,981337349083799;51,675407724268;38,3827950196109;38,4486000330003;42,7671280595222
"Ta_Ne_Omotic";"c1";0,975653525107267;50,5305438880318;39,9481955302851;40,0005833934422;39,4034515978491
"Ta_Ne_Omotic";"c1";0,93326452298997;50,4808916677773;38,0478296348943;38,1093794469383;45,2143405798805
"Ta_Ne_Omotic";"c1";0,978159837271394;50,4692119082363;38,5575298112612;38,6164985345135;42,5961963129266
"Ta_Ne_Omotic";"c1";0,93162109260518;47,9016762786861;38,2876358946011;38,3352301539282;44,8831682370872
"Ta_Ne_Omotic";"c1";0,948233547291352;51,1934820711911;38,7916238911264;38,8530192286515;39,4587225388902
"Ta_Ne_Omotic";"c1";0,914515226776372;49,9123336615771;37,3444681355129;37,4066852915825;50,4418234366696
"Ta_Ne_Omotic";"c1";0,917766267586112;50,1666475286351;38,4752428334518;38,5331210745171;43,0967238797916
"Ta_Ne_Omotic";"c1";0,883694875537602;51,9395254951745;38,7662218010477;38,8314361757711;40,8434679814689
"Ta_Ne_Omotic";"c1";0,961137324280051;51,8374485596708;38,4849824949327;38,5510838120849;42,1993538801336
"Ta_Ne_Omotic";"c1";0,947761408113711;49,6485740970294;37,8097080733897;37,8683163210314;45,8912009171218
"Ta_Ne_Omotic";"c1";0,951757548689648;53,7720561417891;39,2633920345363;39,3352171043742;39,550941166445
"Ta_Ne_Omotic";"c1";0,937535427350191;50,735906572195;38,2264602911369;38,2883882430233;42,7425256007181
"Ta_Ne_Omotic";"c1";0,858555479893066;48,8741999204279;37,6037273947722;37,659521813216;45,9852429042517
"Ta_Ne_Omotic";"c1";0,894879650412796;46,6540689799177;37,0978967595883;37,1452045428573;45,7968255002023
"Ta_Ne_Omotic";"c1";0,948660154954647;51,4784621352878;39,1992155623996;39,2600039117704;40,989246205219
"Ta_Ne_Omotic";"c1";0,985266636970811;50,8390337983228;38,297823054042;38,3599082557463;43,882474667618
"Ta_Ne_Omotic";"c1";0,975487694247386;51,9004020267558;38,3088262391745;38,3761112678259;44,7046817173098
"Ta_Ne_Omotic";"c1";0,933109328684499;45,3850680909504;37,8938903366764;37,9309753750639;48,5556292929399
"Ta_Ne_Omotic";"c1";0,941445064664982;51,0989773663615;39,2576008844666;39,3162215601195;38,958518869973
"Ta_Ne_Omotic";"c1";0,944397943261752;48,6943227124106;37,1265103056148;37,1837767036682;46,1182337929515
"Ta_Ne_Omotic";"c1";0,968469396765471;47,2023963568679;38,545973834531;38,5888274113743;42,3989865875547
"Ta_Ne_Omotic";"c1";0,960278300509963;50,8605741784508;38,5994103556293;38,6601091864353;44,8777886802452
"Ta_Ne_Omotic";"c1";0,955227578387915;52,3415477042928;39,1352496775382;39,200627390542;40,8189599328472
"Ta_Ne_Omotic";"c1";0,977999472595052;49,4076816275398;38,6502671826055;38,7035217095606;43,6077723384524
"Ta_Ne_Omotic";"c1";0,967668362818944;50,7998228173991;38,9363499960515;38,9950800595235;40,2080352836513
"Ta_Ne_Omotic";"c1";0,980466521074859;49,9364970857697;38,1517281318276;38,2100685721937;45,1095946180009
"Ta_Ne_Omotic";"c1";0,966737197542497;50,6565256968717;38,5672957961515;38,6271434689274;42,0887054565909
"Ta_Ne_Omotic";"c1";0,933040408505052;50,8513110131327;38,0812866882519;38,1445046304542;43,0805194137207
"Ta_Ne_Omotic";"c1";0,97540647832163;51,5717632205222;39,4696885940667;39,5295998545937;41,3428186735078
"Ta_Ne_Omotic";"c1";0,911836143859436;51,0969968991885;39,1470162415436;39,206174561631;41,6904765092837
"Ta_Ne_Omotic";"c1";0,95354844778294;51,9442686612435;39,5290742056911;39,590535564382;40,8629562894445
"Ta_Ne_Omotic";"c1";0,956851507631002;53,4712455330341;39,7835689278475;39,8513297031207;39,3575112349555
"Ta_Ne_Omotic";"c1";0,908112017970095;49,3377034264653;38,0977914659507;38,1534345944681;47,4154197234236
"Ta_Ne_Omotic";"c1";0,990950343866735;52,9936993038632;39,0152675774566;39,0844677345181;41,6325320618359
"Ta_Ne_Omotic";"c1";0,937093221943977;47,2946240874745;37,7069151596515;37,7543790652348;47,0911950267373
"Ta_Ne_Omotic";"c1";0,887803302014614;51,2453519467773;38,2075074363632;38,2720512210682;42,6944459227167
"Ta_Ne_Omotic";"c1";0,956271126983451;53,9451439775415;40,632235647161;40,6981411339451;34,8483296808399
"Ta_Ne_Omotic";"c1";0,968504244376496;50,3782957468951;39,2320935007502;39,2872727197905;39,9637316195847
"Ta_Ne_Omotic";"c1";0,968073560909807;47,7804556804502;37,9366922003738;37,9854237027504;44,1222095248111
"Ta_Ne_Omotic";"c1";0,957309923610926;51,7989040465821;38,4196741161915;38,4859079277281;44,5201171278188
"Ta_Ne_Omotic";"c1";0,869653834476059;49,7173656645173;37,8501671536497;37,9089156611293;43,6699005837626
"Ta_Ne_Omotic";"c1";0,926696114832352;50,2535825600841;38,2496248914159;38,3090504244291;41,6543971361129
"Ta_Ne_Omotic";"c1";0,966324992036272;50,8925588479852;38,7879912606281;38,8479148625457;43,1348320528029
"Ta_Ne_Omotic";"c1";0,941162935299121;47,7300669603301;37,9677538234752;38,0160821063309;48,1748467810396
"Ta_Ne_Omotic";"c1";0,978082536408559;53,6533474845069;39,6675353391771;39,7367720329659;34,9452362989738
"Ta_Ne_Omotic";"c1";0,953514116439176;51,3657407339462;38,5011977151281;38,5648835716569;44,2549812306101
"Ta_Ne_Omotic";"c1";0,953101645172642;51,0833547343351;38,4412066650873;38,5037915565192;44,3667037646544
"Ta_Ne_Omotic";"c1";0,940937388485379;52,9400571777009;39,2500460659665;39,3178183982028;41,0251386080601
"Ta_Ne_Omotic";"c1";0,937149006786478;50,198814858004;38,4627918608018;38,5208909845503;44,0586591183872
"Ta_Ne_Omotic";"c1";0,939077306054995;50,8507141007141;38,5737450314565;38,6345221060568;43,4422401410899
"Ta_Ne_Omotic";"c1";0,965845313153162;50,7686384873692;38,6330516728527;38,6931288353008;43,2921639185397
"Ta_Ne_Omotic";"c1";0,95728310759368;49,915985441789;38,5731922398589;38,6293446814526;45,301883516346
"Ta_Ne_Omotic";"c1";0,932716255873921;49,8953800359296;38,1404353891916;38,1986281844725;44,8886798351254
"Ta_Ne_Omotic";"c1";0,937096839620933;46,1083630543077;38,2135881439364;38,2526711880472;46,0471665350801
"Ta_Ne_Omotic";"c1";0,976056476173613;49,3390363109372;37,458027323699;37,5168441998734;49,081100459167
"Ta_Ne_Omotic";"c1";0,916235368032411;50,5847599223791;37,9075521861592;37,9703106402989;45,2789314526792
"Ta_Ne_Omotic";"c1";0,969306259331171;52,1364953214454;39,448156045171;39,5109696059446;38,2672839177138
"Ta_Ne_Omotic";"c1";0,948509275426244;49,0632772715596;39,1152175629788;39,1644653833183;41,0624079795763
"Ta_Ne_Omotic";"c1";0,972226541428093;49,7880794232779;38,5893021664166;38,6447416577872;42,2395396265662
"Ta_Ne_Omotic";"c1";0,916358993262683;50,4074434521442;38,4857985206244;38,5448165648398;43,0843660461472
"Ta_Ne_Omotic";"c1";0,990026390281606;48,6678248177499;38,7602727105215;38,809319998181;43,7087142942079
"Ta_Ne_Omotic";"c1";0,902072928861284;48,5024072433295;37,5666113875069;37,6207489907536;49,9422400258508
"Ta_Ne_Omotic";"c1";0,951753920643124;50,8103394953749;38,7948353470742;38,8543180408776;39,237129803251
"Ta_Ne_Omotic";"c1";0,936532740299915;52,285836679709;38,9520650714681;39,0180738418059;42,8071773706679
"Ta_Ne_Omotic";"c1";0,972852368944583;53,0635717579269;38,8547211034773;38,9250619483013;39,4927007136719
"Ta_Ne_Omotic";"c1";0,921977292879862;46,9041703797801;37,4896943852168;37,5363007020215;48,4915935319618
"Ta_Ne_Omotic";"c1";0,928864218489595;49,7196431380424;38,0890784174366;38,1466554705089;46,6277986972257
"Ta_Ne_Omotic";"c1";0,947168499341451;52,2514881695532;38,8575640316934;38,9238705868313;39,8884510794751
"Ta_Ne_Omotic";"c1";0,908665962377048;50,8477095553119;37,9811261154545;38,0448220730775;43,9148367100846
"Ta_Ne_Omotic";"c1";0,837771759995127;50,9697007137483;38,4842717628787;38,546080817091;42,3386603506336
"Ta_Ne_Omotic";"c1";0,953046529369974;53,45205937853;39,5699018136829;39,6386253659841;37,190408997639
"Ta_Ne_Omotic";"c1";0,961499883316159;52,004972179925;38,5558714364685;38,6224511431192;43,5707479940437
"Ta_Ne_Omotic";"c1";0,961546020267189;51,8058916609944;38,7860959751507;38,850550409239;39,0060482181532
"Ta_Ne_Omotic";"c1";0,902340184431409;49,3055898271158;37,5768248703572;37,6348880632124;47,8632717344564
"Ta_Ne_Omotic";"c1";0,96587288405496;51,2334443293643;38,9683592618916;39,0290775047999;42,5397220427829
"Ta_Ne_Omotic";"c1";0,974269497592739;49,4133098105933;40,1876069388507;40,2332787352455;40,690591327628
"Ta_Ne_Omotic";"c1";0,925561976226299;50,1612176277585;38,3980625970676;38,4562960378136;43,3637517930771
"Ta_Ne_Omotic";"c1";0,944442261997296;48,7921097089179;38,9989207402143;39,0474018737227;40,9126460813797
"Ta_Ne_Omotic";"c1";0,913458105512673;46,122112730309;37,3942983495222;37,4375053514073;48,8686232380432
"Ta_Ne_Omotic";"c1";0,949855741421299;52,2192739178033;39,4084603437837;39,471880212962;40,1650760201323
"Ta_Ne_Omotic";"c1";0,948301938918058;49,1843013432161;38,1970570428282;38,251449341345;40,8713532723297
"Ta_Ne_Omotic";"c1";0,968344227493323;53,1346226319802;39,5239411408566;39,5913207521988;39,8855234607401
"Ta_Ne_Omotic";"c1";0,937760273134541;51,2607758943356;38,480612808971;38,543880943057;39,1225591565613
"Ta_Ne_Omotic";"c1";0,981600360096915;52,229736321595;39,1381978993919;39,2030074955414;40,4252389671028
"Ta_Ne_Omotic";"c1";0,936248128745379;48,8103611815096;38,0107399510385;38,0642034224764;45,2071174294393
"Ta_Ne_Omotic";"c1";0,927654333080808;48,2076024782792;38,4584748216589;38,50673782986;44,141937087947
"Ta_Ne_Omotic";"c1";0,970457089549918;50,2787840463399;38,4713732922688;38,5298258207543;42,8136015135524
"Ta_Ne_Omotic";"c1";0,982562901941306;49,1939451764095;38,9252941641001;38,9761290701017;44,5221044873671
"Ta_Ne_Omotic";"c1";0,894634349800489;50,8305111732505;37,6967280002106;37,76174672879;44,8991967381263
"Ta_Ne_Omotic";"c1";0,936404560925348;48,5708433533761;37,5607412672089;37,615246723081;44,317864290009
"Ta_Ne_Omotic";"c1";0,958192113892135;49,3339645237538;38,5134381005028;38,5670050629941;42,8523414336152
"Ta_Ne_Omotic";"c1";0,915252586567576;51,5543608885452;38,636105188344;38,7000569492361;41,8598079552555
"Ta_Ne_Omotic";"c1";0,982504888260134;50,5445291048008;39,3144594487878;39,3700538530255;42,6632836266409
"Ta_Ne_Omotic";"c1";0,959249390122337;52,3933696755483;38,9628576693253;39,0293453525245;43,1517771404855
"Ta_Ne_Omotic";"c1";0,942171197467016;51,1468806346262;39,0237700386954;39,0837854376852;41,2132385320301
"Ta_Ne_Omotic";"c1";0,964471389416196;50,3827237979155;38,4736371054779;38,5325929801929;43,4518521595956
"Ta_Ne_Omotic";"c1";0,804788994282938;46,7254571862415;37,3821369343757;37,4283909950285;47,093013194169
"Ta_Ne_Omotic";"c1";0,9514702189176;48,9179358969688;37,9651741293532;38,0193957222622;44,888499785562
"Ta_Ne_Omotic";"c1";0,958310139208038;52,2751154311776;38,7135486588223;38,7806851279924;41,5463002717162
"Ta_Ne_Omotic";"c1";0,931024847640583;46,3686110584184;37,4985390507779;37,5424502983404;48,8166414413041
"Ta_Ne_Omotic";"c1";0,954710035294423;48,7811865280275;38,064650293506;38,1177024530829;43,949875127326
"Ta_Ne_Omotic";"c1";0,949531194329421;51,1518721528726;38,502935060149;38,565553560608;44,3293840874709
"Ta_Ne_Omotic";"c1";0,958066841519608;48,3508991196618;37,9889704914581;38,0402671678353;43,0505671010719
"Ta_Ne_Omotic";"c1";0,921105225041366;52,435707703009;39,1748927321067;39,2405403309725;40,6826163428764
"Ta_Ne_Omotic";"c1";0,973837622739564;52,0669204897157;39,0418278975493;39,1063085539461;40,6493693143773
"Ta_Ne_Omotic";"c1";0,909969741222408;49,4581102324705;37,5772986917266;37,6361145904431;44,1804776531659
"Ta_Ne_Omotic";"c1";0,946498190506016;52,1854618152184;38,9546710889994;39,0201700529906;40,8073006465791
"Ta_Ne_Omotic";"c1";0,966832683939405;48,5859291774524;38,2578114717418;38,3089407673146;46,6977620137993
"Ta_Ne_Omotic";"c1";0,963490471250342;51,4062461587287;39,3901392508358;39,4496249285976;43,6989308343798
"Ta_Ne_Omotic";"c1";0,967684195999317;53,8286912963956;40,2652346731949;40,3323804980622;37,3869142830117
"Ta_Ne_Omotic";"c1";0,903375896362264;50,0187929033074;38,637526652452;38,693869554684;41,8933178761969
"Ta_Ne_Omotic";"c1";0,856167452173074;50,2343061928037;38,5568980494354;38,6147070006402;44,4306159649591
"Ta_Ne_Omotic";"c1";0,920607040879041;50,6932522003133;38,02845560557;38,0911526184153;45,7599439367035
"Ta_Ne_Omotic";"c1";0,952515811299664;49,715647939181;38,4025112532575;38,4585168804156;42,2904118568484
"Ta_Ne_Omotic";"c1";0,952961212949539;49,2093511823407;39,5792729474321;39,6269466020604;41,7428812158537
"Ta_Ne_Omotic";"c1";0,983343030947793;51,1842458511946;38,7025454736898;38,764336069618;43,3585539397791
"Ta_Ne_Omotic";"c1";0,876287767981886;48,3983144949113;37,6012266708784;37,6546776007004;46,651146348476
"Ta_Ne_Omotic";"c1";0,980904231074817;53,2341357286896;39,3797941509384;39,4483800003332;39,2503235687955
"Ta_Ne_Omotic";"c1";0,917569197119045;49,4175463144931;37,9879702019006;38,0445522618639;45,44488715151
"Ta_Ne_Omotic";"c1";0,96386243783248;51,517398366083;38,3183816367896;38,3837233037663;41,2414460316765
"Ta_Ne_Omotic";"c1";0,913727607215094;50,2389528111003;37,8002579694122;37,8618356666483;43,6215904936783
"Ta_Ne_Omotic";"c1";0,947616009241551;49,2609317195821;38,1271157440312;38,1822336449002;43,826239637753
"Ta_Ne_Omotic";"c1";0,963937169787559;51,5891254908945;39,4961962673405;39,5560622535958;40,0416090732239
"Ta_Ne_Omotic";"c1";0,96505899066773;50,7177349868926;38,5327594830082;38,5930811439186;41,4567129080111
"Ta_Ne_Omotic";"c1";0,951293603132345;50,8230840046768;38,3939034983811;38,4554340949469;42,5236353792304
"Ta_Ne_Omotic";"c1";0,944787558285668;54,3166075332913;40,0408802548106;40,1115521720308;36,5146795001686
"Ta_Ne_Omotic";"c1";0,944454318779187;51,7198451190387;39,3146173892443;39,3760294077086;43,1105411477977
"Ta_Ne_Omotic";"c1";0,945671989125558;51,6888233171778;38,6506357103372;38,7151811935394;41,6078454035097
"Ta_Ne_Omotic";"c1";0,887592864547068;50,0800365402905;38,2204322303825;38,2791431428078;43,0040866872951
"Ta_Ne_Omotic";"c1";0,966372818047591;49,5222952584136;37,6020953433889;37,6611062340573;45,7773111236676
"Ta_Ne_Omotic";"c1";0,956850433891722;51,2605592144921;38,8909421148227;38,9521778430389;40,6569699009697
"Ta_Ne_Omotic";"c1";0,952447073985549;54,9316047175696;39,8155518702782;39,8903838150668;36,7676015012968
"Ta_Ne_Omotic";"c1";0,912629515309899;48,3089972922502;38,3193819263471;38,3688354677625;43,7151148036014
"Ta_Ne_Omotic";"c1";0,888961251540398;47,8521884320204;37,817341862118;37,8670193203848;46,4981895762708
"Ta_Ne_Omotic";"c1";0,826301273473397;48,553850392265;37,7833320171629;37,8366514150594;43,2050671191169
"Ta_Ne_Omotic";"c1";0,961990721010936;50,6038212228688;39,4506304456553;39,5058442613841;40,5231522710656
"Ta_Ne_Omotic";"c1";0,954507325285763;48,6631055139704;37,8083392561004;37,8620757227236;47,1332673826873
"Ta_Ne_Omotic";"c1";0,942666482513732;52,6936711674982;39,653136434231;39,7176935368709;37,5264452702872
"Ta_Ne_Omotic";"c1";0,992533645451356;52,0474307438593;39,2754218326358;39,338649599523;40,6325052690398
"Ta_Ne_Omotic";"c1";0,943825705921682;49,7861382444716;38,1405406828292;38,1981921559067;40,7705890658853
"Ta_Ne_Omotic";"c1";0,958784831775206;51,4231026428513;39,2709468530364;39,3311060401147;40,1970402626963
"Ta_Ne_Omotic";"c1";0,920011911505624;48,8714090434521;38,3359919976835;38,3881475276131;42,2050866880502
"Ta_Ne_Omotic";"c1";0,945199302170963;49,4269266519009;37,5313643423096;37,5902532646343;46,0010306216752
"Ta_Ne_Omotic";"c1";0,984060222475714;52,6282350726795;38,8788070230856;38,9468734985787;42,2239920768037
"Ta_Ne_Omotic";"c1";0,982738092063878;52,2573815239692;39,2460712311459;39,3104836583381;40,3924496616493
"Ta_Ne_Omotic";"c1";0,969049529466968;45,9296251915097;37,3773987206823;37,4197364754884;47,9331247855468
"Ta_Ne_Omotic";"c1";0,967149782604447;50,2498274487923;38,7273421253521;38,7843841319038;42,0552015822445
"Ta_Ne_Omotic";"c1";0,892435136718578;52,5074677914286;38,7615099107636;38,8295592072026;39,5618117491732
"Ta_Ne_Omotic";"c1";0,949019676283747;51,2437879346589;38,6515833530759;38,7139209995194;41,1628649966927
"Ta_Ne_Omotic";"c1";0,973944064012748;51,1241122738707;38,8364263339388;38,8972564623543;41,1719529499925
"Ta_Ne_Omotic";"c1";0,940762231210603;48,7177519227155;37,9067361604675;37,9602560404786;45,2973268930868
"Ta_Ne_Omotic";"c1";0,944007604134136;46,3485494260243;38,0959488272921;38,1368032857017;44,4591738443461
"Ta_Ne_Omotic";"c1";0,918077971181297;47,9382178194388;37,650688357156;37,7016167208307;47,8442247389573
"Ta_Ne_Omotic";"c1";0,96821239452962;51,5321170418986;38,7929400615968;38,8560052941725;42,4195743898056
"Ta_Ne_Omotic";"c1";0,950523333405014;49,8567713619554;37,637526652452;37,6980179628951;42,6435618280773
"Ta_Ne_Omotic";"c1";0,965624124162658;51,8248866943432;38,2271710231909;38,2944864473055;43,4203266428589
"Ta_Ne_Omotic";"c1";0,975039328677978;53,1738677848435;39,0459343494169;39,1158746139487;40,9740744852466
"Ta_Ne_Omotic";"c1";0,965186622059511;49,4955700219718;38,0477769880755;38,1044492308176;45,7104942595602
"Ta_Ne_Omotic";"c1";0,971141309358523;49,9536599133106;38,3324383374135;38,3899691372941;43,8151864053277
"Ta_Ne_Omotic";"c1";0,915415132767175;52,3737752184938;39,294085129906;39,3588360709386;39,297279602061
"Ta_Ne_Omotic";"c1";0,950175733370538;49,4899418749034;38,2062439127116;38,2621038036135;44,10159305484
"Ta_Ne_Omotic";"c1";0,96077380548203;51,9575919973864;38,4009055252836;38,4680178345515;39,9076482048886
"Ta_Ne_Omotic";"c1";0,946628620470513;54,3654687145478;39,6043065097791;39,6773815701988;38,5111035837035
"Ta_Ne_Omotic";"c1";0,904411007119458;48,5645189980228;37,4495511858696;37,5045757789991;47,2011528849303
"Ta_Ne_Omotic";"c1";0,967843741969154;49,1815649892486;38,0023164600279;38,057659274529;45,589687785447
"Ta_Ne_Omotic";"c1";0,981407546078279;53,0519810015268;39,166074389955;39,2348165018935;40,4794649492932
"Ta_Ne_Omotic";"c1";0,977880544741138;51,983952283417;38,9224512358841;38,987112132159;41,7271028224266
"Ta_Ne_Omotic";"c1";0,965031369123345;53,6535061596037;39,5592408328727;39,6290144235991;37,3244547386476
"Ta_Ne_Omotic";"c1";0,910384892699537;48,8246954746955;37,8970491458054;37,9511464048593;45,4487616372033
"Ta_Ne_Omotic";"c1";0,973574546568093;51,1344199546421;38,6985706388691;38,7601342493433;43,0827335129883
"Ta_Ne_Omotic";"c1";0,937253519873847;52,8164330317332;39,2956908578799;39,3626252250772;40,876858054384
"Ta_Ne_Omotic";"c1";0,966580723984985;52,4034699893912;39,0894732685777;39,1553841434333;42,6163603478109
"Ta_Ne_Omotic";"c1";0,964148976091656;48,429802955665;37,9720708626181;38,0238418135738;46,4016479590469
"Ta_Ne_Omotic";"c1";0,961861537467606;48,666462033987;37,9340861828424;37,9872167563629;43,5304133419157
"Ta_Ne_Omotic";"c1";0,858216577092089;48,8033278121431;38,093105899076;38,1461267996358;43,9068518704963
"Ta_Ne_Omotic";"c1";0,966898868419146;47,0483004649671;37,7962041643634;37,8420066212971;47,5833313831447
"Ta_Ne_Omotic";"curveball";0,985696364751895;39,2328832030325;51,6270576131687;39,2942405020925;36,3603187466809
"Ta_Ne_Omotic";"curveball";0,988785140788589;39,4840611756035;51,3439229459344;39,5427733625853;38,4563454820916
"Ta_Ne_Omotic";"curveball";0,988994532491109;39,5334702150623;51,4373137505321;39,5924001335547;37,9238680794835
"Ta_Ne_Omotic";"curveball";0,988994532491109;39,8119718865988;51,4373137505321;39,869523083945;38,1122997476605
"Ta_Ne_Omotic";"curveball";0,989500739602231;39,9857063886915;51,5947211579395;40,0431767588363;38,2429449044838
"Ta_Ne_Omotic";"curveball";0,990259389506124;40,2210113453894;51,9573754789272;40,2791121579317;38,1911536511115
"Ta_Ne_Omotic";"curveball";0,991189706582035;40,1344336518466;51,9707322264794;40,1930291893448;38,3141696728343
"Ta_Ne_Omotic";"curveball";0,990408055453376;39,6857774618969;51,7192954448702;39,7453493330997;38,9023542502406
"Ta_Ne_Omotic";"curveball";0,990413967638818;39,4040116875938;51,6436426848304;39,4646039202534;39,3812772014145
"Ta_Ne_Omotic";"curveball";0,990470803455048;39,4478664876675;51,8458031786576;39,5092424118803;38,6247182860512
"Ta_Ne_Omotic";"curveball";0,990190452396875;39,5903814262023;51,9639917695473;39,6516369229516;37,6962477013988
"Ta_Ne_Omotic";"curveball";0,98990912994941;39,5892758430072;51,9331275720165;39,6503840198835;37,6866116380508
"Ta_Ne_Omotic";"curveball";0,989733749329158;39,7604569743873;52,0411522633745;39,8212524956199;37,5839635712906
"Ta_Ne_Omotic";"curveball";0,990177381189062;39,6734844297033;51,9022633744856;39,734022939331;37,4335410184432
"Ta_Ne_Omotic";"curveball";0,98933104489828;39,6824343889021;51,6507201646091;39,7416833283857;37,5078159832108
"Ta_Ne_Omotic";"curveball";0,989962647090232;39,7135749822317;51,5396090534979;39,7721197053568;37,2342625991479
"Ta_Ne_Omotic";"curveball";0,988945375703981;39,6194424701887;51,2933659713353;39,6772341706895;37,1790367654914
"Ta_Ne_Omotic";"curveball";0,988593111998207;39,9623312011372;51,7816233858379;40,0208425485862;36,864039212259
"Ta_Ne_Omotic";"curveball";0,988376778218751;39,7605622680249;51,7816233858379;39,8200724715785;37,0076547163649
"Ta_Ne_Omotic";"curveball";0,988372547068463;39,7485851167443;51,9662232155527;39,8090684736691;36,9526496133674
"Ta_Ne_Omotic";"curveball";0,988363963441814;39,9953144331254;52,0315879097488;40,0548999453859;36,5598436098049
"Ta_Ne_Omotic";"curveball";0,988905769518725;40,0635183869015;51,9513409961686;40,122368993878;37,9685816808484
"Ta_Ne_Omotic";"curveball";0,988819946661161;40,0140830240333;51,8896126011068;40,0728727744148;36,8165743685086
"Ta_Ne_Omotic";"curveball";0,988819946661161;39,996577956777;51,8896126011068;40,0554543659073;36,7643106851058
"Ta_Ne_Omotic";"curveball";0,988150034819225;40,013161704704;51,9328224776501;40,0721699263522;36,2326584842523
"Ta_Ne_Omotic";"curveball";0,988698348707746;40,050646239701;51,7939335887612;40,1087813255874;36,1862411604425
"Ta_Ne_Omotic";"curveball";0,988126178252741;40,1647582194846;51,6473286504896;40,2216026275589;36,8453546904504
"Ta_Ne_Omotic";"curveball";0,990660117450838;40,1083208297139;51,4919079040727;40,1646752211711;37,455023836612
"Ta_Ne_Omotic";"curveball";0,989530941867932;40,0986338150517;51,6493153114801;40,1558154066182;39,836944452118
"Ta_Ne_Omotic";"curveball";0,989523044728184;40,1060306930954;51,6032247765006;40,1629474954885;39,4813898364614
"Ta_Ne_Omotic";"curveball";0,989683469361443;40,1131116902261;51,6958173690932;40,1704518173492;40,2178520843756
"Ta_Ne_Omotic";"curveball";0,989467898804956;40,1106372897418;51,9209663686675;40,16910426538;39,621506350248
"Ta_Ne_Omotic";"curveball";0,989914628649225;40,1298270552002;51,8350432808287;40,1877736701785;40,4601174552418
"Ta_Ne_Omotic";"curveball";0,990356176833409;40,1237200242175;52,0294877252732;40,1826594682822;40,5429349558281
"Ta_Ne_Omotic";"curveball";0,991294197398664;40,2538103135118;52,0788704413225;40,3123502151346;39,6527980774247
"Ta_Ne_Omotic";"curveball";0,99149766084583;40,2572323567348;52,0788704413225;40,3157553175496;39,963265151941
"Ta_Ne_Omotic";"curveball";0,991669198191502;40,4178841243518;52,0140556265077;40,4752909139664;39,7074072773985
"Ta_Ne_Omotic";"curveball";0,991424499416233;40,3254626339203;51,8685681850433;40,3826067208071;38,8452840182097
"Ta_Ne_Omotic";"curveball";0,991071025468263;40,2674195161757;52,0537533702285;40,325767703572;38,6608184945349
"Ta_Ne_Omotic";"curveball";0,989814200793621;40,2994814288347;52,0599262097346;40,3577014525025;38,5514137440206
"Ta_Ne_Omotic";"curveball";0,989078273223197;40,3950880518045;52,0460727969349;40,4527661941071;38,4905356604322
"Ta_Ne_Omotic";"curveball";0,986749917436146;40,3080102134829;52,0352703277991;40,366065956623;38,5691117991845
"Ta_Ne_Omotic";"curveball";0,987024589700283;40,3690015530812;51,9858876117497;40,4265108900053;38,4218335117975
"Ta_Ne_Omotic";"curveball";0,987312483669343;40,3643949564348;52,1618135376756;40,4227980187181;38,0334834543278
"Ta_Ne_Omotic";"curveball";0,987358372264746;40,365763773724;52,2703703703704;40,424697469747;37,8502079464902
"Ta_Ne_Omotic";"curveball";0,987622139638743;40,2727105214667;52,3444444444444;40,3324715804914;37,3850711458547
"Ta_Ne_Omotic";"curveball";0,987391565013603;39,79946826713;51,9372924648787;39,8595565057327;37,6689897290735
"Ta_Ne_Omotic";"curveball";0,987734132892373;39,5182816078338;51,8663225486022;39,5794105233822;37,8501951815712
"Ta_Ne_Omotic";"curveball";0,989268968797942;39,6946747742768;52,4109727543636;39,7576267444752;37,0172461015396
"Ta_Ne_Omotic";"curveball";0,987888954879277;39,7318960751797;52,355417198808;39,7943887540095;36,569887198037
"Ta_Ne_Omotic";"curveball";0,988318931908723;39,9485903814262;52,4809138640556;40,0106315867858;36,3876772203525
"Ta_Ne_Omotic";"curveball";0,988725041284696;40,0958961804733;52,5364694196112;40,1574831767066;36,6807639779551
"Ta_Ne_Omotic";"curveball";0,988653653826986;40,0233225407355;52,4747410245495;40,0849632262989;36,6739254984791
"Ta_Ne_Omotic";"curveball";0,989420970446641;40,0144778751744;52,5210373208458;40,0763915357965;36,5047798467452
"Ta_Ne_Omotic";"curveball";0,989886426141294;39,948063913238;52,3358521356606;40,0093895975075;36,9490863166208
"Ta_Ne_Omotic";"curveball";0,990115175766503;40,0797072836874;52,4469632467717;40,1409313231086;37,4161542515147
"Ta_Ne_Omotic";"curveball";0,990303245959917;40,1096370001843;52,5580743578828;40,1712629276976;37,3362304663098
"Ta_Ne_Omotic";"curveball";0,991027762737199;40,2867145752718;52,8161629062012;40,3487415472071;37,2660721108633
"Ta_Ne_Omotic";"curveball";0,990909976546214;40,384927215773;52,7698666099049;40,4462387969321;36,6467683373018
"Ta_Ne_Omotic";"curveball";0,991184783487733;40,354023533128;52,9314247197389;40,416287895438;36,8900855324416
"Ta_Ne_Omotic";"curveball";0,991290576784364;40,4077496117297;53,1464382006528;40,4708124265264;36,0372743155536
"Ta_Ne_Omotic";"curveball";0,991700411349457;40,4458922319619;53,0785369660849;40,5084300771803;36,1433252863592
"Ta_Ne_Omotic";"curveball";0,991706789298038;40,487904393377;52,9751419043565;40,5497224008571;36,5506764833058
"Ta_Ne_Omotic";"curveball";0,991861318825625;40,5006449235305;52,9685575422165;40,562367263227;36,5668036552223
"Ta_Ne_Omotic";"curveball";0,991967101127335;40,5139908921003;53,0055945792536;40,575830514314;36,5397964326721
"Ta_Ne_Omotic";"curveball";0,991712658775535;40,4788754639501;52,7648538385128;40,5396971390717;36,7430888260936
"Ta_Ne_Omotic";"curveball";0,992039977891522;40,4746637184448;52,9191748261672;40,5362702090771;36,9776106057056
"Ta_Ne_Omotic";"curveball";0,991201720465178;40,3499697280792;52,4441570881226;40,4098419427329;37,6774968086993
"Ta_Ne_Omotic";"curveball";0,991201720465178;40,3844270709942;52,4441570881226;40,4441287047424;37,8262837830474
"Ta_Ne_Omotic";"curveball";0,991201720465178;40,3389138961278;52,4441570881226;40,3988408426229;37,7628599833584
"Ta_Ne_Omotic";"curveball";0,99166453046815;40,2818710679407;52,5659677877111;40,3426834279396;37,3584797483235
"Ta_Ne_Omotic";"curveball";0,991077270346903;40,2702624443918;52,3329253583085;40,329978597431;37,8176265831284
"Ta_Ne_Omotic";"curveball";0,990988474984945;40,3547605885914;52,2740598836384;40,4137670207451;38,4295215822917
"Ta_Ne_Omotic";"curveball";0,990767382192684;40,358603806365;52,3728253157372;40,4180801504708;38,1332130006836
"Ta_Ne_Omotic";"curveball";0,991934981548969;40,2902419121325;52,0209734638853;40,3483148406065;37,3434609867297
"Ta_Ne_Omotic";"curveball";0,990778637340103;40,0766537681961;52,2314176245211;40,1368258664947;37,0213029815614
"Ta_Ne_Omotic";"curveball";0,990454249477864;40,2243280949749;52,2406768837803;40,283814970167;37,109831205075
"Ta_Ne_Omotic";"curveball";0,990284444179112;40,1414093553397;52,1758620689655;40,200985853922;37,1987967147147
"Ta_Ne_Omotic";"curveball";0,990600627686781;40,1587301587302;52,1259294735348;40,2179737196945;37,6769740579931
"Ta_Ne_Omotic";"curveball";0,990928521510794;40,183237252889;52,1351887327941;40,2424053295222;37,6402416679909
"Ta_Ne_Omotic";"curveball";0,990948945161928;40,2005843796889;52,1552504611892;40,2597658949438;37,3805242365957
"Ta_Ne_Omotic";"curveball";0,990084292651156;40,1687593777146;51,8233397190294;40,2264553199983;38,7990423296777
"Ta_Ne_Omotic";"curveball";0,989724277579207;40,1726289188976;51,8557471264368;40,2304661377468;38,4808652116458
"Ta_Ne_Omotic";"curveball";0,989983446375196;40,1930295611888;52,10224918405;40,2519860939752;37,5737089380216
"Ta_Ne_Omotic";"curveball";0,990134344629231;40,1513859275053;52,2874343692351;40,2114653752367;37,5446001835315
"Ta_Ne_Omotic";"curveball";0,990121004702394;40,0051330648346;52,095544203207;40,0649865853215;38,2330851294315
"Ta_Ne_Omotic";"curveball";0,99018162344078;40,1530179788886;52,2344330920959;40,2128269645976;38,5172598782247
"Ta_Ne_Omotic";"curveball";0,99071277098334;40,1557819368765;52,2344330920959;40,2155772396251;39,3073238154188
"Ta_Ne_Omotic";"curveball";0,989195743982574;40,0690463028771;52,1477898396481;40,1288420629602;39,1640182958626
"Ta_Ne_Omotic";"curveball";0,989669199621626;40,2481507804891;52,0629132964382;40,3066397038354;38,9537047536658
"Ta_Ne_Omotic";"curveball";0,989210072983792;40,244465503172;52,1755676174259;40,3035303651237;38,7246117516433
"Ta_Ne_Omotic";"curveball";0,988461293305685;40,2181157703546;52,0762877820349;40,2768195921946;38,854069956647
"Ta_Ne_Omotic";"curveball";0,988954031502635;40,4112243017716;52,1040655598127;40,4691096545341;38,5344673764952
"Ta_Ne_Omotic";"curveball";0,988788325609826;40,4010897891495;52,0809174116645;40,4589107179738;38,5710867057036
"Ta_Ne_Omotic";"curveball";0,989749827355351;40,3200136881729;52,1421136653895;40,3785389355848;39,1247589736272
"Ta_Ne_Omotic";"curveball";0,989749827355351;40,3248835189134;52,1421136653895;40,3833846582524;39,1275047414613
"Ta_Ne_Omotic";"curveball";0,990838865682862;40,384348100766;52,3283276571591;40,4434767124313;38,907946609469
"Ta_Ne_Omotic";"curveball";0,990888465462598;40,1995840901314;52,154494820491;40,2587668165193;39,2151551167218
"Ta_Ne_Omotic";"curveball";0,990931679045396;40,146331832899;52,1606676599972;40,2058087429341;39,2703812692107
"Ta_Ne_Omotic";"curveball";0,991053425254879;40,3477322382795;52,1328898822194;40,4060746028535;38,9616263205232
"Ta_Ne_Omotic";"curveball";0,991014859973325;40,3761088736213;52,0933837093799;40,4341151846894;38,8939062549212
"Ta_Ne_Omotic";"curveball";0,991014859973325;40,3617362920846;52,0933837093799;40,4198137545464;38,9562620060639
"Ta_Ne_Omotic";"curveball";0,991346383732564;40,440416962805;52,2327515254718;40,4987948566796;38,8144735121876
"Ta_Ne_Omotic";"curveball";0,991308845824545;40,4372844770855;52,3731836242373;40,4963730867248;38,5293237729943
"Ta_Ne_Omotic";"curveball";0,991691590787513;40,0646239700966;52,1170107847311;40,1242892513572;38,9636679552673
"Ta_Ne_Omotic";"curveball";0,991200259335906;40,0031851325384;51,8115616574429;40,0616424420676;39,0471778500333
"Ta_Ne_Omotic";"curveball";0,991040921412001;40,0875779831004;52,0057151979566;40,1465786623818;38,4963951678739
"Ta_Ne_Omotic";"curveball";0,99102576175329;40,0865776935429;52,0128991060025;40,145618888654;38,5157492916181
"Ta_Ne_Omotic";"curveball";0,991016987851392;40,0838663823738;51,9788420604513;40,1427524005821;38,7132131606375
"Ta_Ne_Omotic";"curveball";0,98974690320907;40,0037116007265;51,9306939123031;40,0627560676155;38,8131445467579
"Ta_Ne_Omotic";"curveball";0,989772653885141;39,9832056647977;51,8766815666241;40,0420842583711;38,9987459628213
"Ta_Ne_Omotic";"curveball";0,988568137125435;39,928189739135;52,0587803320562;39,9882421678128;39,0536827578025
"Ta_Ne_Omotic";"curveball";0,987937138303344;39,471189028403;52,1976692209451;39,5341914055938;39,0252714346706
"Ta_Ne_Omotic";"curveball";0,987606806705653;39,4861144015373;51,6884099616858;39,5465218053004;39,6224785175958
"Ta_Ne_Omotic";"curveball";0,987425103415097;39,4874305720077;51,630938697318;39,5475469488657;39,6492810194353
"Ta_Ne_Omotic";"curveball";0,988369187330354;39,4704519729395;52,0408152405279;39,5326814940662;38,9251818058563
"Ta_Ne_Omotic";"curveball";0,988283434741353;39,4207007291584;52,0530757769263;39,4832372392959;39,0454072084588
"Ta_Ne_Omotic";"curveball";0,988411877576878;39,4979072889521;52,0345572584078;39,5599699125632;38,7659352657523
"Ta_Ne_Omotic";"curveball";0,988247564543576;39,4142514938535;51,8740634312473;39,4759337311673;38,872438917728
"Ta_Ne_Omotic";"curveball";0,988405566827024;39,3425728500355;52,2629523201362;39,40653512464;38,8205612990311
"Ta_Ne_Omotic";"curveball";0,989494528338012;39,9088420332201;52,2722115793955;39,9700468329537;38,4273983177893
"Ta_Ne_Omotic";"curveball";0,989494528338012;39,9578562215378;52,2722115793955;40,0188183767747;38,3572113052073
"Ta_Ne_Omotic";"curveball";0,989494528338012;39,774697938877;52,2722115793955;39,8365668182855;38,4305417459707
"Ta_Ne_Omotic";"curveball";0,989562884009795;39,5905920134776;52,3725202213708;39,6538688857939;38,4451991551488
"Ta_Ne_Omotic";"curveball";0,990433960217788;39,6543473110637;52,6850716617;39,718855847453;38,1530091604255
"Ta_Ne_Omotic";"curveball";0,991496485364047;39,7996525309958;52,7827550730807;39,8639253158576;38,2084216802391
"Ta_Ne_Omotic";"curveball";0,991060496452948;39,9866803548396;52,8444834681425;40,0503328454995;38,1448844547148
"Ta_Ne_Omotic";"curveball";0,991223859916344;40,1915028034431;52,9926316162906;40,2548747282592;38,0597953860441
"Ta_Ne_Omotic";"curveball";0,990993271039523;40,2146147569033;52,7701255853555;40,2767707511036;37,6071774619061
"Ta_Ne_Omotic";"curveball";0,990536603077404;40,1825528442444;52,7793848446147;40,2449133987017;37,7424784119343
"Ta_Ne_Omotic";"curveball";0,990559057915382;40,2114296243649;52,8565453384419;40,2740292071079;37,6603552756918
"Ta_Ne_Omotic";"curveball";0,988909955906613;39,9592513622364;52,8046083439762;40,0228422383837;38,5921868445677
"Ta_Ne_Omotic";"curveball";0,989572537579692;39,8638026797231;52,8509046402725;39,9280952636862;37,9681600501371
"Ta_Ne_Omotic";"curveball";0,989427905985888;39,9072889520651;52,7212750106428;39,9707245266125;36,8023703306269
"Ta_Ne_Omotic";"curveball";0,989446270795076;39,9183447840164;52,8879416773095;39,9825507092308;37,1762958265318
"Ta_Ne_Omotic";"curveball";0,989467253553932;39,9037879386138;52,8945260394494;39,9680985232714;37,1876335971249
"Ta_Ne_Omotic";"curveball";0,989209420165996;39,8900734423123;52,9334149283383;39,9546444397678;37,0973751501842
"Ta_Ne_Omotic";"curveball";0,989399938452903;39,9191871331175;52,7910139066269;39,9829090478378;37,2207785367942
"Ta_Ne_Omotic";"curveball";0,990444950964389;39,6507673273842;52,6953348942813;39,7153443945471;38,2912542143903
"Ta_Ne_Omotic";"curveball";0,990067277423166;39,6621916870673;52,5209521782319;39,7258489172216;38,5278857220017
"Ta_Ne_Omotic";"curveball";0,990547206926264;40,2772118244755;52,6629274868738;40,3385272485468;37,9346419575824
"Ta_Ne_Omotic";"curveball";0,989537914070323;39,9730711521756;52,6351497090961;40,0357547093881;39,1178129701853
"Ta_Ne_Omotic";"curveball";0,989147809251263;39,9943931137961;52,5579892152689;40,0565891341004;39,1822818031787
"Ta_Ne_Omotic";"curveball";0,989757553706742;40,1106899365606;52,5873102029232;40,1724553834238;38,9433867386882
"Ta_Ne_Omotic";"curveball";0,989656396962112;40,0447234725842;52,5255818078615;40,1065098999865;38,838362335327
"Ta_Ne_Omotic";"curveball";0,989249980960555;39,957935191766;52,6089151411948;40,0205638053771;38,7918606151866
"Ta_Ne_Omotic";"curveball";0,989249980960555;40,0527521124536;52,6089151411948;40,1149113353682;38,6807652217678
"Ta_Ne_Omotic";"curveball";0,989426254038546;40,1675221774724;52,7673868312757;40,2298977450655;38,0582541070055
"Ta_Ne_Omotic";"curveball";0,989651904571024;40,087551659691;52,973112672059;40,1513415656928;38,2850930196902
"Ta_Ne_Omotic";"curveball";0,989168821337181;40,1331174813762;53,0410139066269;40,1970179587289;37,7348870935593
"Ta_Ne_Omotic";"curveball";0,989268964273745;40,2003737924136;52,8095324251455;40,2627953698034;37,557933490349
"Ta_Ne_Omotic";"curveball";0,989633492766323;40,075811419095;52,6825635021995;40,1382210828727;37,9895665037531
"Ta_Ne_Omotic";"curveball";0,989719343906124;39,8113664481824;52,0158613594437;39,8717847398223;39,3398131652685
"Ta_Ne_Omotic";"curveball";0,989388438016882;39,8823080365369;51,9695650631474;39,9421459426092;39,4063651451271
"Ta_Ne_Omotic";"curveball";0,989032811071954;39,903866908842;51,9335923087839;39,9634200048813;39,1429430679318
"Ta_Ne_Omotic";"curveball";0,989357686935512;40,0000526468188;52,1438945650631;40,0601706761171;38,8927660462604
"Ta_Ne_Omotic";"curveball";0,990146890977902;40,2046908315565;52,3203881084149;40,2646695309469;38,8525789938555
"Ta_Ne_Omotic";"curveball";0,990053423186412;40,135881439364;51,9980452674897;40,1946050226716;38,9356175216419
"Ta_Ne_Omotic";"curveball";0,990238615017363;40,0799441943721;52,065932311622;40,1392807692099;38,6689063210873
"Ta_Ne_Omotic";"curveball";0,991052623600918;39,9964726631393;52,2181247339293;40,0569758912125;38,6982721647516
"Ta_Ne_Omotic";"curveball";0,990370940876157;39,9232672615757;52,2551440329218;39,9843161564834;39,1187945669264
"Ta_Ne_Omotic";"curveball";0,990296060244699;40,0009476427387;52,2919256421172;40,0617940684782;39,4502680776773
"Ta_Ne_Omotic";"curveball";0,990606035344155;40,0394587907026;52,3382219384135;40,1003437567803;39,1996465656694
"Ta_Ne_Omotic";"curveball";0,990049887801356;40,1422517044408;52,6000709521782;40,2039240769543;38,4128534729644
"Ta_Ne_Omotic";"curveball";0,99025843856077;40,130458817026;53,135394494111;40,1948396867145;37,6979009535686
"Ta_Ne_Omotic";"curveball";0,991003783720484;40,0897628260812;53,0767525188023;40,154054854263;37,8371614688345
"Ta_Ne_Omotic";"curveball";0,991765501758753;40,1268788333465;53,0674932595431;40,1909412810009;37,890828987177
"Ta_Ne_Omotic";"curveball";0,992477287822288;40,1526231277475;52,963725698879;40,2160444276046;38,1229485584462
"Ta_Ne_Omotic";"curveball";0,991892483311321;40,1124536049909;52,9081701433234;40,1757987363688;38,061014587077
"Ta_Ne_Omotic";"curveball";0,990034049574949;40,3498381110321;53,0905881935575;40,4129111312427;36,6294126054305
"Ta_Ne_Omotic";"curveball";0,990431844272388;40,505646371318;53,1739215268909;40,5683606047614;36,4244424875379
"Ta_Ne_Omotic";"curveball";0,990406042494086;40,4692674195162;53,0196005392366;40,531397781495;36,5154833749226
"Ta_Ne_Omotic";"curveball";0,989823768260936;40,5143067730132;53,1271640414361;40,5767466604807;36,0441742724912
"Ta_Ne_Omotic";"curveball";0,989482095342461;40,5190976335255;53,1343479494821;40,5815493677629;36,015608310987
"Ta_Ne_Omotic";"curveball";0,989840655952606;40,3399931559136;52,8916914999291;40,4021302764285;36,4680215467094
"Ta_Ne_Omotic";"curveball";0,98947126277413;40,2334886414488;52,5706861075635;40,2945638764296;37,281342816338
"Ta_Ne_Omotic";"curveball";0,989306543327958;40,2021637842533;52,5336490705265;40,2632107411161;37,346693164993
"Ta_Ne_Omotic";"curveball";0,989353600427174;40,2300665982258;52,5336490705265;40,2909754223461;37,5846227995266
"Ta_Ne_Omotic";"curveball";0,989329275074478;40,1847376872253;52,4241485738612;40,2453288302284;37,6760073270408
"Ta_Ne_Omotic";"curveball";0,990005501501554;40,3845586880413;52,7965942954449;40,44600440887;36,8977824435446
"Ta_Ne_Omotic";"curveball";0,989083843272199;40,198267919661;52,2777493969065;40,2580673329146;37,7279347436903
"Ta_Ne_Omotic";"curveball";0,989646072372327;40,2015846692464;52,3888605080176;40,2619177179532;37,5854023437785
"Ta_Ne_Omotic";"curveball";0,989646072372327;40,1080575956198;52,3888605080176;40,1688536496416;37,7040782934897
"Ta_Ne_Omotic";"curveball";0,990347158722804;40,0923161967938;52,0923939264935;40,1517225221884;38,0368461479504
"Ta_Ne_Omotic";"curveball";0,990341206953449;40,0960014741109;52,1109124450121;40,1554812313926;38,4186991072014
"Ta_Ne_Omotic";"curveball";0,990317782097902;40,0322461765248;51,9535050376046;40,0912623095004;38,4855044306247
"Ta_Ne_Omotic";"curveball";0,991294037977274;40,2990602542841;52,3494181921385;40,3587154916002;37,6411322355888
"Ta_Ne_Omotic";"curveball";0,98989229059564;40,486614546316;52,5199269192564;40,5461853996474;36,2929046779803
"Ta_Ne_Omotic";"curveball";0,989809497096311;40,4563163020874;52,4915460479637;40,5158966473641;36,3236267403321
"Ta_Ne_Omotic";"curveball";0,989806654710843;40,4760062123246;52,4322867887044;40,5351957201285;36,3771450120384
"Ta_Ne_Omotic";"curveball";0,989707146600547;40,4732422543368;52,5062544345111;40,5328116215654;36,1996047819109
"Ta_Ne_Omotic";"curveball";0,989214130510119;40,4726631393298;52,6475947211579;40,5329350778537;36,0556373448939
"Ta_Ne_Omotic";"curveball";0,989491053447878;40,4680828660928;52,7132503192848;40,5287025069502;35,712341565963
"Ta_Ne_Omotic";"curveball";0,989241276749258;40,5218879149227;52,5837803320562;40,5816002536214;35,835539910183
"Ta_Ne_Omotic";"curveball";0,989838503947996;40,5972518360578;52,6192741592167;40,6567667980536;35,9637715727469
"Ta_Ne_Omotic";"curveball";0,990012651794064;40,5786675090158;52,6336419753086;40,6383456004331;36,102113836437
"Ta_Ne_Omotic";"curveball";0,990224811752999;40,6341572560478;52,7108024691358;40,6939426283898;36,0586812865623
"Ta_Ne_Omotic";"curveball";0,989661492657819;40,5550290873674;52,9128033205619;40,6162061875317;34,8253977886151
"Ta_Ne_Omotic";"curveball";0,990361732537568;40,5173339650952;53,0511423300695;40,5793825213574;34,9457275575224
"Ta_Ne_Omotic";"curveball";0,990024543592674;40,53668167101;52,9239640981978;40,5980048513426;35,3349505500133
"Ta_Ne_Omotic";"curveball";0,990267624059451;40,5787728026534;53,0842592592593;40,6406811514485;35,1945400261054
"Ta_Ne_Omotic";"curveball";0,991598334411589;40,7077575087525;53,1861111111111;40,769531536487;36,011775528794
"Ta_Ne_Omotic";"curveball";0,991833774601061;40,6882255389718;53,2324074074074;40,7503254492116;36,1021111236552
"Ta_Ne_Omotic";"curveball";0,991003872621769;40,6034641606781;53,037962962963;40,6650210854419;36,5848763580231
"Ta_Ne_Omotic";"curveball";0,990480193462681;40,5854063018242;52,916049382716;40,6464490893534;36,2644610856883
"Ta_Ne_Omotic";"curveball";0,990480193462681;40,5098581168233;52,916049382716;40,5712749052683;36,1725610558291
"Ta_Ne_Omotic";"curveball";0,990419370149506;40,5169654373634;52,916049382716;40,5783470410533;35,9601788945864
"Ta_Ne_Omotic";"curveball";0,989836913649607;40,4314143567875;52,678891726976;40,4920454328775;36,5298228988072
"Ta_Ne_Omotic";"curveball";0,98896896625302;40,3929032088236;52,2060344827586;40,4513840567144;36,792858964932
"Ta_Ne_Omotic";"curveball";0,989147490144704;40,4138039958936;52,4087803320562;40,4731850668647;36,1159464910321
"Ta_Ne_Omotic";"curveball";0,989459596036959;40,360736002527;52,423715765574;40,4204537241263;35,9216028050557
"Ta_Ne_Omotic";"curveball";0,989459596036959;40,4352575745611;52,423715765574;40,4946063774869;36,0055114219777
"Ta_Ne_Omotic";"curveball";0,989497864632713;40,4149885493169;52,423715765574;40,4744376939518;36,0191486360117
"Ta_Ne_Omotic";"curveball";0,989464494030077;40,3844007475848;52,5533453952036;40,4446430478206;36,070481505101
"Ta_Ne_Omotic";"curveball";0,989383540328442;40,4217010187159;52,636678728537;40,4821712053982;36,1441801152141
"Ta_Ne_Omotic";"curveball";0,989283359842624;40,4423912185106;52,5792074641692;40,5024744672515;36,2689472332451
"Ta_Ne_Omotic";"curveball";0,989428438512504;40,3143278317408;53,00694267064;40,377162558666;36,289272035409
"Ta_Ne_Omotic";"curveball";0,989022070255374;40,2542578114717;52,6674187597559;40,3157091032949;37,2018884833078
"Ta_Ne_Omotic";"curveball";0,989128002412859;40,3231724973019;52,5207960834398;40,3835567724808;37,5024459893871
"Ta_Ne_Omotic";"curveball";0,988774689238776;40,311116375793;52,594543777494;40,3719254223361;36,3265782293302
"Ta_Ne_Omotic";"curveball";0,989145292928998;40,2827134170418;52,7766425429261;40,3445645513283;36,0989251945971
"Ta_Ne_Omotic";"curveball";0,990276641230802;40,3499697280792;52,7710018447566;40,4114599860825;36,4650672163411
"Ta_Ne_Omotic";"curveball";0,991048163704574;40,2346205480534;52,0856605647793;40,2932890629877;39,4876569204973
"Ta_Ne_Omotic";"curveball";0,991587694789341;40,1325383663692;52,2574535263233;40,1925626988442;39,3343398270838
"Ta_Ne_Omotic";"curveball";0,992181245015199;40,1575982521256;52,287200227047;40,2176457866549;39,2871789634964
"Ta_Ne_Omotic";"curveball";0,992441149741822;40,1365132011898;52,1386263658294;40,195929602995;38,9709089147675
"Ta_Ne_Omotic";"curveball";0,992343074604531;40,1462528626708;52,4534234425997;40,2071794497001;38,1887833913966
"Ta_Ne_Omotic";"curveball";0,992692377065441;40,4095396035695;52,8819568610756;40,4712842434581;36,8206475209021
"Ta_Ne_Omotic";"curveball";0,991802416999613;40,5164389691753;52,7909074783596;40,5772036647653;36,5758885613539
"Ta_Ne_Omotic";"curveball";0,991797724397083;40,5072257758825;52,8079360011352;40,568120380958;36,5669590992131
"Ta_Ne_Omotic";"curveball";0,9919794563364;40,5109110531996;52,8012487583369;40,5717543091656;36,7022835118045
"Ta_Ne_Omotic";"curveball";0,992066473565309;40,570875779831;52,9277919682134;40,6320486322487;36,7815223113803
"Ta_Ne_Omotic";"curveball";0,990509775710077;40,3715812472031;52,5828331204768;40,43203298915;38,0765051473158
"Ta_Ne_Omotic";"curveball";0,991751155524575;40,2370686251283;52,4917837377607;40,2977355316265;38,6479541625267
"Ta_Ne_Omotic";"curveball";0,991178953044603;40,2812919529337;52,4454874414645;40,3415107424809;38,3641434151515
"Ta_Ne_Omotic";"curveball";0,991378940441724;40,4756640080023;53,1862636582943;40,5385877686473;36,3257214432481
"Ta_Ne_Omotic";"curveball";0,990968470694146;40,5092790018163;53,0905669079041;40,5715626053118;36,474899057181
"Ta_Ne_Omotic";"curveball";0,99173776723958;40,4752165100424;53,1962430821626;40,5381918891123;36,5487022832057
"Ta_Ne_Omotic";"curveball";0,991311996655923;40,2464397588776;53,1962430821626;40,3105476961216;37,5770772721676
"Ta_Ne_Omotic";"curveball";0,989413837967917;40,2282239595672;53,0357492550021;40,2916275501387;37,3443107539988
"Ta_Ne_Omotic";"curveball";0,989336029615753;40,2638921793151;52,9299063431247;40,32659521973;37,5542829833455
"Ta_Ne_Omotic";"curveball";0,989121815868505;40,2369896549001;52,7737228607918;40,2990526905728;37,7503376311717
"Ta_Ne_Omotic";"curveball";0,988739697849604;40,2045592145095;52,8277352064708;40,2670501847667;36,8512788459498
"Ta_Ne_Omotic";"curveball";0,99053258030966;40,0929216352102;52,7402334326664;40,155532089653;38,2645666547316
"Ta_Ne_Omotic";"curveball";0,990287039497404;39,9767301060833;52,2991663119058;40,0377322655181;38,6305183300902
"Ta_Ne_Omotic";"curveball";0,990478143699605;39,9704651346442;52,2806477933873;40,0314066329548;38,9640438961498
"Ta_Ne_Omotic";"curveball";0,989611381955177;39,9955250204006;52,3471441748262;40,056671649878;38,7493958095095
"Ta_Ne_Omotic";"curveball";0,989593556652418;40,0056595330227;52,3255924506882;40,0666492999419;38,7304278290692
"Ta_Ne_Omotic";"curveball";0,990176611592748;40,3043512595751;52,6985348375195;40,3657086040204;38,3254014796457
"Ta_Ne_Omotic";"curveball";0,990519220887585;40,1821843165127;52,642979281964;40,243871420302;38,3497942371861
"Ta_Ne_Omotic";"curveball";0,990597756949776;40,3568664613441;52,642979281964;40,4176888020402;37,9229871511903
"Ta_Ne_Omotic";"curveball";0,989272586084966;40,2593908763063;52,3147367674188;40,3190708064603;38,3324993283838
"Ta_Ne_Omotic";"curveball";0,990775692066888;40,3405196241017;52,4227259826877;40,400332526867;38,1841926465062
"Ta_Ne_Omotic";"curveball";0,990500994807912;40,3582616020427;52,2565914573577;40,4171642250888;38,3591335957722
"Ta_Ne_Omotic";"curveball";0,990775311226952;40,3044565532128;52,3707889882219;40,364190872198;38,4775255370559
"Ta_Ne_Omotic";"curveball";0,990853334169365;40,3151438574324;52,3085781183482;40,3745172943676;38,5820668032991
"Ta_Ne_Omotic";"curveball";0,991015216170474;40,2265129379557;52,1419114516816;40,2855000593108;38,9545898004134
"Ta_Ne_Omotic";"curveball";0,989840642717372;40,2200637026508;51,909951042997;40,2779344320584;38,8776671348483
"Ta_Ne_Omotic";"curveball";0,990317077629507;40,2962436494775;52,20417198808;40,3551937897676;38,5690231270991
"Ta_Ne_Omotic";"curveball";0,989631996625301;40,0760483297797;52,2504682843763;40,1363177354955;37,5924509882255
"Ta_Ne_Omotic";"curveball";0,989631996625301;39,9467214193582;52,2504682843763;40,0076310573039;37,2432497504256
"Ta_Ne_Omotic";"curveball";0,989453843644869;39,7596935955145;52,150159642401;39,8210325363407;37,2266751103237
"Ta_Ne_Omotic";"curveball";0,989453843644869;39,8617494537893;52,150159642401;39,9225831675943;37,2962355881444
"Ta_Ne_Omotic";"curveball";0,990598664285909;40,2135881439364;53,2152156946218;40,2779526367616;36,5109822605397
"Ta_Ne_Omotic";"curveball";0,990294236927516;40,2166153360183;53,2204306797219;40,280990659502;36,4125843566684
"Ta_Ne_Omotic";"curveball";0,990772029544802;40,2677880439074;53,2204306797219;40,3319100371541;36,4421322797303
"Ta_Ne_Omotic";"curveball";0,991263687489236;40,2526520834978;53,1972647935292;40,3167343246366;36,5432968555076
"Ta_Ne_Omotic";"curveball";0,991112437220072;40,2966911474374;52,9511458776784;40,3593369629337;37,0003623761988
"Ta_Ne_Omotic";"curveball";0,991085623364015;40,2323040880255;53,1610224208883;40,2963076441288;36,876932202434
"Ta_Ne_Omotic";"curveball";0,99125668892169;40,2180894469452;53,2525223499361;40,2826163425045;36,5884904215963
"Ta_Ne_Omotic";"curveball";0,990356506637301;40,3135381294585;53,0380161770966;40,3765305950409;36,371859931966
"Ta_Ne_Omotic";"curveball";0,990429748727652;40,3172234067756;53,0009791400596;40,3800142767424;36,204895589283
"Ta_Ne_Omotic";"curveball";0,990764198532774;40,3385980152149;53,082662835249;40,4016874450171;36,0203669790825
"Ta_Ne_Omotic";"curveball";0,990738520693081;40,3568664613441;53,1412870725131;40,4201556722905;36,1035337258164
"Ta_Ne_Omotic";"curveball";0,991468059425374;40,3997999420885;53,2616574428835;40,4634725039736;36,0261202010366
"Ta_Ne_Omotic";"curveball";0,991665350853325;40,4010897891495;53,2616574428835;40,4647559656531;36,1454886968104
"Ta_Ne_Omotic";"curveball";0,9916465008322;40,4086446076496;53,2287356321839;40,4721104048007;35,7041444135562
"Ta_Ne_Omotic";"curveball";0,99184340295275;40,4696096238385;52,8051511281396;40,5306766609885;36,3469057484815
"Ta_Ne_Omotic";"curveball";0,99156348363623;40,3814262023217;52,4903363133248;40,4413713018811;35,8506201098242
"Ta_Ne_Omotic";"curveball";0,991573321159368;40,1520176893311;52,5366326096211;40,213327664184;36,8989665877797
"Ta_Ne_Omotic";"curveball";0,99051469884501;40,1916344204901;52,4060238399319;40,2521016948438;36,9790270565495
"Ta_Ne_Omotic";"curveball";0,991140841248736;40,1547026770907;52,4995955725841;40,2158160082565;37,1810012238256
"Ta_Ne_Omotic";"curveball";0,99001724127087;40,025165179394;52,4152511707109;40,086502238757;37,6136424884037
"Ta_Ne_Omotic";"curveball";0,991250407022009;40,0718365842744;52,6338016177097;40,1340245299845;37,2543528098351
"Ta_Ne_Omotic";"curveball";0,989717531708681;40,0240595961989;52,4358982545764;40,0855043420325;37,3883363262437
"Ta_Ne_Omotic";"curveball";0,989814376400052;40,0450656769065;52,4780615864907;40,1066151616074;37,3289210507346
"Ta_Ne_Omotic";"curveball";0,989772090586672;40,0702308563005;52,4471973889598;40,1315029678483;37,1334430676539
"Ta_Ne_Omotic";"curveball";0,989720579356775;40,0089499591987;52,6138640556265;40,0713505240325;37,2394016044582
"Ta_Ne_Omotic";"curveball";0,989720579356775;40,0310616231014;52,6138640556265;40,0933527242525;37,3615395625974
"Ta_Ne_Omotic";"curveball";0,989720579356775;40,0351154281503;52,6138640556265;40,0973864609595;37,0448301962551
"Ta_Ne_Omotic";"curveball";0,989834491251357;39,8470083445208;52,1055803888179;39,9076943447401;37,7817136507167
"Ta_Ne_Omotic";"curveball";0,988735491059782;39,8315038563795;52,5194267063999;39,894315355637;37,0588139497082
"Ta_Ne_Omotic";"curveball";0,988766886535562;39,8130774697939;52,6583155952888;39,8766677575439;36,9445599907669
"Ta_Ne_Omotic";"curveball";0,988587720252747;40,1104003790571;52,6768341138073;40,1726104470509;37,0992087883616
"Ta_Ne_Omotic";"curveball";0,989012791759959;40,0917897286056;52,7678834965233;40,1545426680508;37,1132944158797
"Ta_Ne_Omotic";"curveball";0,988507334404177;40,122588117613;52,6814637434369;40,184760769226;36,9393678134827
"Ta_Ne_Omotic";"curveball";0,989258732037126;40,1113480217958;52,8861253015468;40,1745894934777;37,0957722944204
"Ta_Ne_Omotic";"curveball";0,989137576573976;40,1297744083814;52,8737796225344;40,1928635431049;37,1156712444524
"Ta_Ne_Omotic";"curveball";0,989197295614348;40,2451235884072;52,7904462892011;40,3072291463319;37,7845263803664
"Ta_Ne_Omotic";"curveball";0,989197295614348;40,1555713496012;52,7904462892011;40,2181202354408;37,7202860187902
"Ta_Ne_Omotic";"curveball";0,989405890883465;40,1370659927874;52,811998013339;40,1998131810079;37,7026370152236
"Ta_Ne_Omotic";"curveball";0,989196472500685;40,243754771118;52,8455371079892;40,3061398321916;37,6389772052502
"Ta_Ne_Omotic";"curveball";0,989939765784467;40,3154070915265;53,2002199517525;40,3791932938048;37,3091140544166
"Ta_Ne_Omotic";"curveball";0,989854844566713;40,3281739450894;53,0335532850859;40,3910718626141;37,343320806644
"Ta_Ne_Omotic";"curveball";0,990433081587778;40,3081155071205;52,3954697034199;40,3679538942309;38,0267935787353
"Ta_Ne_Omotic";"curveball";0,989962724418242;40,2833978256864;52,4869483468142;40,3438114421276;37,7776815431357
"Ta_Ne_Omotic";"curveball";0,990110683565973;40,2683671589144;52,6628742727402;40,3297261050225;37,7969558937364
"Ta_Ne_Omotic";"curveball";0,990033904025711;40,2934270446708;52,8588619270612;40,355632167851;37,3384363925661
"Ta_Ne_Omotic";"curveball";0,990286442821527;40,2768432967438;53,0054668653328;40,3398562847071;37,3007093123319
"Ta_Ne_Omotic";"curveball";0,990126057566752;40,3058780173208;52,7462076060735;40,3674638073641;37,2021083291537
"Ta_Ne_Omotic";"curveball";0,990554726854469;40,2782384374424;52,7675713069391;40,3400668179845;37,7404966911747
"Ta_Ne_Omotic";"curveball";0,990275221134849;40,3847429519071;52,7732120051086;40,446072006626;37,128492187202
"Ta_Ne_Omotic";"curveball";0,990232689495718;40,4142251704441;52,4936781609195;40,4740244426742;37,5654411046143
"Ta_Ne_Omotic";"curveball";0,989610746066524;40,4661875806154;52,4144955300128;40,5253376199689;36,7943879828296
"Ta_Ne_Omotic";"curveball";0,989930061316027;40,5087788570376;53,0276997303817;40,5707537128462;36,3859945271928
"Ta_Ne_Omotic";"curveball";0,989442195936067;40,5519492484667;53,1058890307932;40,6140974652109;36,5639420745309
"Ta_Ne_Omotic";"curveball";0,989469218973856;40,5152807391613;53,0688519937562;40,5774271315108;36,5967311507447
"Ta_Ne_Omotic";"curveball";0,989242247290689;40,5252309879176;53,0416240953597;40,5871933300336;36,8858987404952
"Ta_Ne_Omotic";"curveball";0,98894082481802;40,4965384716629;53,0894636015326;40,5588796851771;36,9681756011958
"Ta_Ne_Omotic";"curveball";0,988895223199647;40,4010108189213;52,9856960408685;40,4633112408121;37,1006438561802
"Ta_Ne_Omotic";"curveball";0,98891355687877;40,3776882781858;52,9856960408685;40,4401041581991;37,1285252472191
"Ta_Ne_Omotic";"curveball";0,990150579861484;40,1355918818605;52,9239676458067;40,1989006727712;38,3017251146928
"Ta_Ne_Omotic";"curveball";0,990243255329487;40,2278027850167;52,9958067262665;40,2910107253199;38,3388813301161
"Ta_Ne_Omotic";"curveball";0,991369691423406;40,1934244123299;52,5301511281396;40,2544973168636;39,9373909679975
"Ta_Ne_Omotic";"curveball";0,991282872463966;40,2586538208429;52,9542677735206;40,321503394866;39,7065440570257
"Ta_Ne_Omotic";"curveball";0,990877976195709;40,3927715917766;52,7690825883355;40,4540404580962;39,3856966068525
"Ta_Ne_Omotic";"curveball";0,990390748743646;40,3522861881071;52,9605434936853;40,4147033034812;39,4253215499779
"Ta_Ne_Omotic";"curveball";0,989233677686013;40,5084629761247;52,9235064566482;40,5699235874144;37,9384951844677
"Ta_Ne_Omotic";"curveball";0,989116763264833;40,5368396114665;52,9080743578828;40,5980833478349;37,8831008044688
"Ta_Ne_Omotic";"curveball";0,989116763264833;40,5552659980521;52,9080743578828;40,6164185146849;37,8534563734319
"Ta_Ne_Omotic";"curveball";0,988165975985672;40,5553712916897;52,929576415496;40,6166297328967;37,0664227721319
"Ta_Ne_Omotic";"curveball";0,987662749040939;40,5814314670036;52,929576415496;40,6425608974417;36,8192919493357
"Ta_Ne_Omotic";"curveball";0,987564331643346;40,5453947195241;52,8462430821626;40,606290008448;36,9174745015689
"Ta_Ne_Omotic";"curveball";0,987481784316774;40,5129642791334;52,7413048105577;40,5735006183979;36,0957303255459
"Ta_Ne_Omotic";"curveball";0,987531739442361;40,5278106820395;52,6980949340145;40,58805961398;36,7220206429601
"Ta_Ne_Omotic";"curveball";0,98844429874207;40,474479454579;52,520785440613;40,5341146327276;37,4912390648654
"Ta_Ne_Omotic";"curveball";0,988511292118757;40,4975124378109;52,5820881226054;40,5573370699139;36,8658521092907
"Ta_Ne_Omotic";"curveball";0,98847549887326;40,4788491405407;52,559472115794;40,5386542047746;36,7402189676769
"Ta_Ne_Omotic";"curveball";0,988085197407158;40,386348679881;52,7138108414928;40,447375720285;36,5091657414244
"Ta_Ne_Omotic";"curveball";0,989538082665214;40,3614730579905;52,9097984958138;40,42359348095;36,6472104504593
"Ta_Ne_Omotic";"curveball";0,988932230684353;40,3508910474085;52,524155669079;40,4111547336543;36,7434130735682
"Ta_Ne_Omotic";"curveball";0,989221580229919;40,3533654478928;52,649155669079;40,4142356965125;37,0299865266225
"Ta_Ne_Omotic";"curveball";0,990237755301082;40,497644054858;52,9417269760182;40,5592484257548;36,6390900648952
"Ta_Ne_Omotic";"curveball";0,990209041555399;40,4403379925768;52,8223676741876;40,5016351692184;36,8359336480362
"Ta_Ne_Omotic";"curveball";0,990914435763505;40,3459422464398;52,6937668511423;40,4070700910175;37,5569613023076
"Ta_Ne_Omotic";"curveball";0,990269056114076;40,3029297954671;52,7477791968213;40,3645379608203;37,5356725937232
"Ta_Ne_Omotic";"curveball";0,989990049628242;40,3806891468583;52,701482900525;40,4416831753418;37,5153219078695
"Ta_Ne_Omotic";"curveball";0,98970331046733;40,4772434125668;52,8039697743721;40,5382668103975;36,9234302874185
"Ta_Ne_Omotic";"curveball";0,990186729429681;40,4388112348311;52,8039697743721;40,5000248909675;37,0757874816443
"Ta_Ne_Omotic";"curveball";0,990901380345027;40,5005659533023;52,8749751667376;40,5618254048539;36,7657947882014
"Ta_Ne_Omotic";"curveball";0,99143124629485;40,4054857985206;53,0509010926636;40,4680868643332;36,2434164000341
"Ta_Ne_Omotic";"curveball";0,991595598075417;40,4737687225249;52,8807010075209;40,5351891793814;36,1653291369429
"Ta_Ne_Omotic";"curveball";0,991847195213515;40,2874779541446;52,7031963956293;40,3489419068252;37,0970516873973
"Ta_Ne_Omotic";"curveball";0,991910977136283;40,2257495590829;52,5920852845182;40,2869690428722;37,5637252352548
"Ta_Ne_Omotic";"curveball";0,99171591978575;40,3473637105478;52,6627820349085;40,4083311279951;36,8954202998269
"Ta_Ne_Omotic";"curveball";0,990509385997826;40,442996656927;52,7738931460196;40,5040406989522;36,7590091869295
"Ta_Ne_Omotic";"curveball";0,989616589379889;40,4049330069231;52,4220412941677;40,4644236420084;36,507056720139
"Ta_Ne_Omotic";"curveball";0,989635603469059;40,4386006475559;52,4364091102597;40,4979957389554;36,4170067720422
"Ta_Ne_Omotic";"curveball";0,989794825941678;40,3954039327174;52,7080140485313;40,4563574481422;36,2977064708738
"Ta_Ne_Omotic";"curveball";0,990668991301038;40,4503935349706;52,8469029374202;40,5117623933986;35,7421907685336
"Ta_Ne_Omotic";"curveball";0,990304560439574;40,3041933191187;52,5830637150561;40,3649798062273;35,9798366864277
"Ta_Ne_Omotic";"curveball";0,989465584327629;40,07781199821;52,2543600113524;40,1380919388691;36,452964259465
"Ta_Ne_Omotic";"curveball";0,991426293948972;40,216273131696;52,6447921101178;40,2778004533714;36,6304437966982
"Ta_Ne_Omotic";"curveball";0,99049671026515;40,1241411987681;52,7003476656733;40,186399646624;36,192073105239
"Ta_Ne_Omotic";"curveball";0,988975142978835;40,1764721366711;52,4159003831418;40,2370633656141;36,1597995838939
"Ta_Ne_Omotic";"curveball";0,988866185323181;40,2047434783753;52,5640485312899;40,2659281568551;35,9069913210015
"Ta_Ne_Omotic";"curveball";0,988769364300252;40,2409644897207;52,351085568327;40,3009155841693;36,0879569189382
"Ta_Ne_Omotic";"curveball";0,990159831705398;40,0917897286056;52,6676670923797;40,1540465472382;36,3969884028066
"Ta_Ne_Omotic";"curveball";0,990158707434626;40,0927110479349;52,639286221087;40,1548228062179;36,5785392648694
"Ta_Ne_Omotic";"curveball";0,990215198090533;40,1254310458291;52,7183092095927;40,1877720268378;36,0476765938519
"Ta_Ne_Omotic";"curveball";0,989831279316456;40,129300587012;52,6021427557826;40,1910473304218;36,1032560814809
"Ta_Ne_Omotic";"curveball";0,989766067608428;40,0008949959199;52,760632183908;40,064062011702;36,3969614320639
"Ta_Ne_Omotic";"curveball";0,990032898269709;40,1241675221775;52,871228891727;40,1872717863832;36,3770454734157
"Ta_Ne_Omotic";"curveball";0,990130694306273;40,1794730053437;52,8209415354051;40,2420545327202;36,459721631301
"Ta_Ne_Omotic";"curveball";0,990085121494555;40,2509673852957;52,7530403008372;40,3128588353727;36,4198233229324
"Ta_Ne_Omotic";"curveball";0,989573373973784;40,2780541735766;52,5585958563928;40,3388489343826;36,3136712246429
"Ta_Ne_Omotic";"curveball";0,989671082141378;40,2603648424544;52,6974847452817;40,3219347429634;36,4990056072175
"Ta_Ne_Omotic";"curveball";0,989707123897832;40,2867935455;52,6691038739889;40,3480921114826;36,6980382275257
"Ta_Ne_Omotic";"curveball";0,989185389575705;40,2852141409355;52,4916347381865;40,3456419656744;36,6108254030362
"Ta_Ne_Omotic";"curveball";0,989334359189575;40,2827134170418;52,3743507875692;40,342573007985;36,590434210956
"Ta_Ne_Omotic";"curveball";0,989064215074764;40,3097212350944;52,4067581949766;40,3696075566779;36,787171937757
"Ta_Ne_Omotic";"curveball";0,990205682387425;40,2758693305957;52,3397828863346;40,335591674931;37,2742420523022
"Ta_Ne_Omotic";"curveball";0,98983882742515;40,1971360130564;52,3171668795232;40,2571361658607;37,059678834217
"Ta_Ne_Omotic";"curveball";0,989763864665529;39,9543552080866;51,8829395487441;40,0134076058126;36,8883108270267
"Ta_Ne_Omotic";"curveball";0,989492940941701;40,0763378872832;52,1854086845466;40,1362837823191;36,5834639695182
"Ta_Ne_Omotic";"curveball";0,989111362514022;40,1704177525073;52,0496062154108;40,229225616185;37,1421200683028
"Ta_Ne_Omotic";"curveball";0,989828300521481;40,2387533233304;52,154012345679;40,2977397541341;37,3145627000501
"Ta_Ne_Omotic";"curveball";0,990067527737017;40,3504172260391;52,2929012345679;40,4095384340021;37,748639825903
"Ta_Ne_Omotic";"curveball";0,990749052298039;40,3349390613072;52,1354938271605;40,393357649257;37,1505463153639
"Ta_Ne_Omotic";"curveball";0,990732956214691;40,2715786148622;52,0957606073506;40,3301141692805;39,0037906084398
"Ta_Ne_Omotic";"curveball";0,989279700477469;40,2054015636105;52,2696998722861;40,2651258126634;39,1409872284465
"Ta_Ne_Omotic";"curveball";0,98926835631594;39,9994998552213;51,9919220945083;40,0588682821484;39,5862350358223
"Ta_Ne_Omotic";"curveball";0,989386570165512;39,9584353365448;52,1122924648787;40,018602946091;39,4538462590382
"Ta_Ne_Omotic";"curveball";0,98934970745687;39,9638316354734;52,047992053356;40,0236542117996;39,4622079075783
"Ta_Ne_Omotic";"curveball";0,989457164485423;40,0442759746242;52,212601106854;40,1045152079521;38,1434246692307
"Ta_Ne_Omotic";"curveball";0,989295906524576;40,0920792861091;52,2866751809281;40,1524485727172;38,0885193679351
"Ta_Ne_Omotic";"curveball";0,990295024959396;40,0895785622154;52,2990208599404;40,1500213458675;37,5529672291857
"Ta_Ne_Omotic";"curveball";0,990458009003016;40,1708389270578;52,5446147296722;40,2320952429124;37,3103119841243
"Ta_Ne_Omotic";"curveball";0,989108340177624;40,4164626602438;52,7220838654747;40,4773815771013;36,6689544143736
"Ta_Ne_Omotic";"curveball";0,989108340177624;40,4069862328569;52,7220838654747;40,4679520627213;36,6584099192374
"Ta_Ne_Omotic";"curveball";0,98885519733765;40,343309905499;52,6060628636299;40,4040166033115;36,6933900544415
"Ta_Ne_Omotic";"curveball";0,989012786622192;40,2496248914159;52,6153221228892;40,310841214344;36,911245458523
"Ta_Ne_Omotic";"curveball";0,989387516552881;40,2046645081471;52,4110685398042;40,2650922508781;36,7441882114631
"Ta_Ne_Omotic";"curveball";0,989302563079244;40,1297744083814;52,2937845891869;40,1899922805636;36,8106433601231
"Ta_Ne_Omotic";"curveball";0,989424778769296;40,1640474874306;52,2474882928906;40,223866501319;37,1425366741835
"Ta_Ne_Omotic";"curveball";0,990300144159425;40,1630471978731;52,2937845891869;40,2231003532756;37,3374903958242
"Ta_Ne_Omotic";"curveball";0,991714612847768;40,1323804259128;52,5700191570881;40,193952894879;37,3025030108653
"Ta_Ne_Omotic";"curveball";0,991383713188837;40,1187448998394;52,4085142613878;40,1795853422233;36,4242021353641
"Ta_Ne_Omotic";"curveball";0,990329494317895;39,8454815867751;52,076724137931;39,9060322924739;38,513257235633
"Ta_Ne_Omotic";"curveball";0,990418352735731;39,8719102898207;52,1199340144742;39,9325440706359;38,6879127979464
"Ta_Ne_Omotic";"curveball";0,99040811304268;39,826765642686;52,3492550021286;39,8887581642674;38,4444465801984
"Ta_Ne_Omotic";"curveball";0,990196595372521;39,8980231119535;52,5754682843763;39,9607827415199;38,1628265334766
"Ta_Ne_Omotic";"curveball";0,990103977495079;39,9209508015478;52,3779374201788;39,9826190521351;38,119220249567
"Ta_Ne_Omotic";"curveball";0,990289402195955;39,9890757850957;52,5909003831418;40,051461055383;37,3286451766903
"Ta_Ne_Omotic";"curveball";0,990912896116236;39,9923925346811;52,6480168866184;40,0550441403838;37,338179397314
"Ta_Ne_Omotic";"curveball";0,991108928745965;39,9291637052831;52,4813502199518;39,9913032424844;37,2194276187051
"Ta_Ne_Omotic";"curveball";0,991601023317613;40,0574113559188;52,7174790691074;40,1200849584594;36,9954161132543
"Ta_Ne_Omotic";"curveball";0,991805297185603;39,9447471636526;52,7236519086136;40,0080090683307;36,7825697802277
"Ta_Ne_Omotic";"curveball";0,991487452034048;39,9900760746532;52,7293280828721;40,0531416786543;36,8138979022059
"Ta_Ne_Omotic";"curveball";0,991953729570323;40,0526994656348;52,8856712076061;40,1162290287139;36,7857174015641
"Ta_Ne_Omotic";"curveball";0,991910894286055;40,0556476874885;52,9519440896836;40,1194907389845;36,7309183237092
"Ta_Ne_Omotic";"curveball";0,992094467918038;40,0462765537392;52,91336384277;40,1099750056651;36,7998180871963
"Ta_Ne_Omotic";"curveball";0,991388967059417;39,9755192292506;53,0337342131403;40,0401638578837;36,7742001751052
"Ta_Ne_Omotic";"curveball";0,991259872457506;40,0325883808471;53,1108947069675;40,0973324715705;36,7310991633512
"Ta_Ne_Omotic";"curveball";0,991259996583327;40,0430914212009;53,0711614871577;40,107586817567;36,8587871764068
"Ta_Ne_Omotic";"curveball";0,990569834440722;40,148200794967;53,0773343266638;40,21220640651;36,5320504440902
"Ta_Ne_Omotic";"curveball";0,991019808338441;40,2126931480165;53,1514084007379;40,2767461938221;36,2810821349379
"Ta_Ne_Omotic";"curveball";0,991347573121161;40,2126931480165;53,3170639988648;40,2775662710405;36,2521554805822
"Ta_Ne_Omotic";"curveball";0,991386162199442;39,9897338703309;53,2429899247907;40,0553440488183;37,5115138769044
"Ta_Ne_Omotic";"curveball";0,991546615317969;39,9257679854695;53,5150205761317;39,993041513146;37,2943687264078
"Ta_Ne_Omotic";"curveball";0,991360359136265;39,9655689804944;53,5150205761317;40,0326454735421;37,2013817066395
"Ta_Ne_Omotic";"curveball";0,991067201591401;39,8955487114691;53,3023307790549;39,9619189197245;37,7995627414478
"Ta_Ne_Omotic";"curveball";0,991107628442647;39,8493774513675;53,0523307790549;39,9147386064551;38,0675203184527
"Ta_Ne_Omotic";"curveball";0,990963868718037;40,4093553397036;52,876404853129;40,4710734066017;36,7497462879564
"Ta_Ne_Omotic";"curveball";0,989696071478049;40,558872305141;52,8512168298567;40,6197254958574;35,7928102017844
"Ta_Ne_Omotic";"curveball";0,98967877073853;40,491063202506;52,7678834965233;40,5518395405952;36,2728525898507
"Ta_Ne_Omotic";"curveball";0,989384898310181;40,3835583984838;52,1306406981694;40,4417122712545;37,0947998703863
"Ta_Ne_Omotic";"curveball";0,989387768943949;40,4453920871831;52,2047147722435;40,5036065559211;37,1275740748288
"Ta_Ne_Omotic";"curveball";0,989740071572422;40,3372291979257;52,1451149425287;40,3956840778495;37,718826642941
"Ta_Ne_Omotic";"curveball";0,989772028768495;40,3614467345811;52,1389421030226;40,4197511670981;37,7740536540742
"Ta_Ne_Omotic";"curveball";0,990275535977207;40,4437337123904;52,1574606215411;40,5017224594654;37,7193795194797
"Ta_Ne_Omotic";"curveball";0,990373346528959;40,5115428150254;52,1949233716475;40,5693813326324;37,8840276342992
"Ta_Ne_Omotic";"curveball";0,989529016459009;40,4477875174393;52,3338122605364;40,5066292240883;38,3622787537598
"Ta_Ne_Omotic";"curveball";0,990184194755065;40,4704519729395;52,3687739463602;40,5293545569664;38,4959836602411
"Ta_Ne_Omotic";"curveball";0,990349429165646;40,5195714548948;52,4027245636441;40,5783989455322;38,5896396209297
"Ta_Ne_Omotic";"curveball";0,99080351847525;40,5420516465293;52,3348765432099;40,6004319678;38,886595101918
"Ta_Ne_Omotic";"curveball";0,991389821524771;40,5107267893338;52,2917198808003;40,5690485373113;39,1112046947861
"Ta_Ne_Omotic";"curveball";0,991915614813977;40,543841638369;52,5658968355329;40,6033567631074;38,0125024475169
"Ta_Ne_Omotic";"curveball";0,992001282866511;40,5152017689331;52,4758762594012;40,5744130287869;38,4540042111799
"Ta_Ne_Omotic";"curveball";0,990578059920331;40,5354707941773;52,5520611607776;40,594958865299;37,9836684511403
"Ta_Ne_Omotic";"curveball";0,990590669279044;40,4657400826555;52,581861075635;40,5257208796505;37,7618431172891
"Ta_Ne_Omotic";"curveball";0,990002325927872;40,4606070178209;52,5216758904498;40,5203152795666;37,9383721482801
"Ta_Ne_Omotic";"curveball";0,990506390438038;40,4126984126984;52,4753795941535;40,472414656171;38,173866210182
"Ta_Ne_Omotic";"curveball";0,991572175115105;40,4537629313749;52,912640130552;40,5154405412718;37,747421971817
"Ta_Ne_Omotic";"curveball";0,991347276321299;40,3754507883861;52,8128458918689;40,4370220512746;38,0036827919397
"Ta_Ne_Omotic";"curveball";0,991261383618859;40,3588670404591;52,791294167731;40,420413709406;37,8560853385504
"Ta_Ne_Omotic";"curveball";0,990921611932194;40,3146437126537;52,753210586065;40,3762207763834;37,9065389795054
"Ta_Ne_Omotic";"curveball";0,991069966867303;40,3672642080602;53,0269086135944;40,4299357150183;37,5007708164381
"Ta_Ne_Omotic";"curveball";0,992130840656623;40,3516017794625;52,9559209592734;40,4139993991645;37,6075435375357
"Ta_Ne_Omotic";"curveball";0,992071500854599;40,3235936718524;52,8633283666809;40,3856715663812;37,8297033325885
"Ta_Ne_Omotic";"curveball";0,991727472669395;40,3205664797705;52,5694657300979;40,3812045948711;39,1570874722176
"Ta_Ne_Omotic";"curveball";0,991709355311786;40,3256205743768;52,4521817794806;40,3856530555902;39,2360239898347
"Ta_Ne_Omotic";"curveball";0,991747865551804;40,3519966306036;52,4719348659004;40,4119963248377;39,246965533378
"Ta_Ne_Omotic";"curveball";0,99151790046909;40,3853483903235;52,4796509152831;40,4452211751005;39,1578304111462
"Ta_Ne_Omotic";"curveball";0,991625048899368;40,2205112006107;52,3839719029374;40,2807263526024;39,1806373054475
"Ta_Ne_Omotic";"curveball";0,990835239388622;40,0696517412935;51,8844863062296;40,128141021318;40,7694961996332
"Ta_Ne_Omotic";"curveball";0,990123760445582;40,0820237437153;51,6077550730807;40,1390818196032;40,9692132001541
"Ta_Ne_Omotic";"curveball";0,990216284769963;40,0854457869383;51,6364907052646;40,1426291776231;40,8967438781162
"Ta_Ne_Omotic";"curveball";0,990216284769963;40,0225328384532;51,6364907052646;40,080027679378;40,6287974796095
"Ta_Ne_Omotic";"curveball";0,990405717763407;39,8739371923451;51,719824038598;39,9325801965345;40,612742060543
"Ta_Ne_Omotic";"curveball";0,989533575491318;40,3980362736582;52,4549595572584;40,4577240126859;37,2099891265662
"Ta_Ne_Omotic";"curveball";0,989264343400406;40,3739240306405;52,444380587484;40,4336787660704;37,3123122743778
"Ta_Ne_Omotic";"curveball";0,989476163931783;40,3555502908737;52,2720377465588;40,4145428030305;37,5755180470925
"Ta_Ne_Omotic";"curveball";0,989963105426932;40,4428123930612;52,2288278700156;40,5011590043332;37,0919028056417
"Ta_Ne_Omotic";"curveball";0,990776820947645;40,4390218221064;52,4140130552008;40,4983039569237;36,9799733037366
"Ta_Ne_Omotic";"curveball";0,990758215043469;40,4123035615573;52,3677167589045;40,4714887754055;37,8417800577697
"Ta_Ne_Omotic";"curveball";0,99067258468524;40,4183842691305;52,3769760181638;40,4775852183832;38,2884264765663
"Ta_Ne_Omotic";"curveball";0,990701474859792;40,3153017978889;52,7429828295729;40,376824971313;37,7563043925864
"Ta_Ne_Omotic";"curveball";0,989104629274739;40,3029561188765;52,8093585923088;40,3648690024084;37,4526650567662
"Ta_Ne_Omotic";"curveball";0,989198421514599;40,279633578141;52,7939264935434;40,3415855232668;37,0126130301623
"Ta_Ne_Omotic";"curveball";0,990036847823773;40,3216457395562;52,8865190861359;40,3838480828561;37,6461971927274
"Ta_Ne_Omotic";"curveball";0,990265578623548;40,3866645607939;52,9631474386264;40,4489243770208;37,7570211048052
"Ta_Ne_Omotic";"curveball";0,990629946296475;40,32770012372;52,9502518802327;40,3901880037028;37,5307117699818
"Ta_Ne_Omotic";"curveball";0,990542111659707;40,2696570059754;52,9039555839364;40,3322030385396;37,6871925816486
"Ta_Ne_Omotic";"curveball";0,990373924087884;40,1707336334202;52,9662338583795;40,2340776939398;38,0353920210951
"Ta_Ne_Omotic";"curveball";0,990822029942689;40,1615204401274;52,7810486731943;40,2239933521723;37,9706439283437
"Ta_Ne_Omotic";"curveball";0,990903276610551;40,134459975256;52,6884560806017;40,196608470827;38,0092206803001
"Ta_Ne_Omotic";"curveball";0,991291069668892;40,04490773645;52,6236412657869;40,107178694516;38,5723386529025
"Ta_Ne_Omotic";"curveball";0,991482133389972;40,1936086761957;52,4940116361572;40,2545017601559;37,8358159386801
"Ta_Ne_Omotic";"curveball";0,991012812842579;40,2130353523388;52,8171775223499;40,2754320957547;37,5115461719093
"Ta_Ne_Omotic";"curveball";0,991124510503126;40,2091658111559;52,9906414076912;40,2724404428219;37,1071250055923
"Ta_Ne_Omotic";"curveball";0,991097460046122;40,1874226749849;52,9762735915993;40,2507338181364;37,2058348983654
"Ta_Ne_Omotic";"curveball";0,990927645923764;40,4436284187528;53,1151624804882;40,5063587853951;36,9280534081418
"Ta_Ne_Omotic";"curveball";0,990374617582496;40,3984048013899;53,0503476656733;40,4610381819061;37,0480256643643
"Ta_Ne_Omotic";"curveball";0,98998133627801;40,3601042407013;52,9809032212289;40,4225834435752;37,1665825541149
"Ta_Ne_Omotic";"curveball";0,989742267049427;40,3396772750007;52,9963353199943;40,4023339979957;37,0521627055421
"Ta_Ne_Omotic";"curveball";0,988096862048868;40,346021216668;52,7926316162906;40,4076380998344;36,8108528287414
"Ta_Ne_Omotic";"curveball";0,98840808458226;40,3812156150465;52,8667056903647;40,443024971855;36,3996376850743
"Ta_Ne_Omotic";"curveball";0,98840808458226;40,3130379846798;52,8667056903647;40,3751848545099;36,1974144644097
"Ta_Ne_Omotic";"curveball";0,988417572468477;40,3474953275948;53,0086987370512;40,4101745523941;35,8482842408403
"Ta_Ne_Omotic";"curveball";0,988402213479397;40,3793729763879;52,9469703419895;40,4415888049305;35,9602099653821
"Ta_Ne_Omotic";"curveball";0,988290242505621;40,3251993998263;52,7844011636157;40,3868786164787;36,4278385153903
"Ta_Ne_Omotic";"curveball";0,987869444229424;40,174655821422;52,776685114233;40,2370421050498;36,6157484418867
"Ta_Ne_Omotic";"curveball";0,989486310948727;40,2478085761668;52,9457002979991;40,3106694262749;36,830297751726
"Ta_Ne_Omotic";"curveball";0,98894292245582;40,2772907947037;52,8979814105293;40,3397694611187;36,8461084317324
"Ta_Ne_Omotic";"curveball";0,988377651414771;40,1474637395035;52,8794628920108;40,2104934382783;36,965207046946
"Ta_Ne_Omotic";"curveball";0,988448514398514;40,159361920556;52,9153824322407;40,2225105369504;36,8882145773382
"Ta_Ne_Omotic";"curveball";0,991736777638089;40,2270130827345;53,1761849013765;40,2911178937179;35,5285644761221
"Ta_Ne_Omotic";"curveball";0,991913020520353;40,1835794572113;53,2626046544629;40,2483271067026;35,3970507684787
"Ta_Ne_Omotic";"curveball";0,991373918595469;40,2211692858459;53,1453207038456;40,2851502334598;35,5958028852342
"Ta_Ne_Omotic";"curveball";0,991371134838698;40,2213009028929;53,0189371363701;40,2846555377121;35,6554852427427
"Ta_Ne_Omotic";"curveball";0,991536809165373;40,0466977282898;53,0173939264935;40,1109090956076;35,8844252304129
"Ta_Ne_Omotic";"curveball";0,99067726458392;40,0583063518387;53,0445863488009;40,1225948666751;35,7266191782705
"Ta_Ne_Omotic";"curveball";0,990661388392865;40,1075048040222;52,9458209167021;40,171060824382;35,6426861127047
"Ta_Ne_Omotic";"curveball";0,989743971116268;40,134328358209;53,1241485738612;40,1986343988805;35,4275133737883
"Ta_Ne_Omotic";"curveball";0,990463873550368;40,1990839453526;53,2584078331205;40,2637340636089;35,4125960763022
"Ta_Ne_Omotic";"curveball";0,990346486876402;40,2522572323567;53,5041507024266;40,3178606653769;35,3357380745147
"Ta_Ne_Omotic";"curveball";0,990354189782617;40,1788938903367;53,2078544061303;40,2433936948703;35,5632030162907
"Ta_Ne_Omotic";"curveball";0,98988458232421;40,0681776303667;52,6934333759046;40,1306788964337;35,9855875331903
"Ta_Ne_Omotic";"curveball";0,989919209727389;39,9926294453658;52,6378778203491;40,0552296848459;35,7467668677314
"Ta_Ne_Omotic";"curveball";0,989876812694638;39,9778883360973;52,5627572016461;40,0401896671149;35,8516669386453
"Ta_Ne_Omotic";"curveball";0,9904769249692;39,9785200979231;52,5533595856393;40,0407717785553;36,0940767598625
"Ta_Ne_Omotic";"curveball";0,990661661007659;39,8849140540683;52,5533595856393;39,9476291309572;36,2323515566068
"Ta_Ne_Omotic";"curveball";0,990749786891044;39,8797546658243;52,5379274868738;39,9424188877107;36,6294915801577
"Ta_Ne_Omotic";"curveball";0,990575156112258;39,970965279423;52,4453348942813;40,032719584447;36,6872059674551
"Ta_Ne_Omotic";"curveball";0,990152539245829;40,3300955539762;52,8015432098765;40,3918353938569;35,9924722200859
"Ta_Ne_Omotic";"curveball";0,990254462138304;40,3717391876596;52,8324074074074;40,433425663995;36,0330404203759
"Ta_Ne_Omotic";"curveball";0,990254462138304;40,4556845402617;52,8324074074074;40,5169554455446;35,9838575668806
"Ta_Ne_Omotic";"curveball";0,990395235024615;40,4590802600753;52,8970625798212;40,520654429975;35,8011119075974
"Ta_Ne_Omotic";"curveball";0,991600702107153;40,4184369159494;53,0807045551298;40,4811214092126;35,4912442146786
"Ta_Ne_Omotic";"curveball";0,990791874944335;40,4007475848272;52,8322477650064;40,4622896649271;35,9631053589449
"Ta_Ne_Omotic";"curveball";0,99072187287969;40,4723472584169;52,7466510571875;40,5331111386088;35,8040226542979
"Ta_Ne_Omotic";"curveball";0,990113695722682;40,455447629577;52,3823151695757;40,5144915282898;36,2884717472211
"Ta_Ne_Omotic";"curveball";0,990231605855969;40,5114638447972;52,3880622960125;40,5702588866349;36,3903056216593
"Ta_Ne_Omotic";"curveball";0,990982192373204;40,5229145278897;52,4835355470413;40,582125523034;36,4464959817997
"Ta_Ne_Omotic";"curveball";0,991123576895028;40,528100239543;52,4094614729672;40,5869188595105;36,4562248682342
"Ta_Ne_Omotic";"curveball";0,990563848073207;40,4700571217984;52,4737441464453;40,5294813149897;36,3267089546803
"Ta_Ne_Omotic";"curveball";0,990916578559439;40,5183342546527;52,4938058748404;40,5776187676239;36,1572051594134
"Ta_Ne_Omotic";"curveball";0,990411392687128;40,423701597831;52,589484887186;40,4839282477783;35,8523284069354
"Ta_Ne_Omotic";"curveball";0,991094985883194;40,4631867119429;52,2507769263516;40,521541118945;37,2742645215893
"Ta_Ne_Omotic";"curveball";0,99076398059972;40,5396562162731;52,3129842486164;40,5979400184134;37,1155148726254
"Ta_Ne_Omotic";"curveball";0,990723826022798;40,5510805759562;52,5722435078757;40,61059128354;37,1197816267923
"Ta_Ne_Omotic";"curveball";0,991379367805687;40,6551896601648;52,8114410387399;40,715369122435;37,038316975125
"Ta_Ne_Omotic";"curveball";0,990642513856134;40,6327094685304;52,8207002979991;40,6930460567951;37,1269380070928
"Ta_Ne_Omotic";"curveball";0,990227553858624;40,6273658164205;52,783184333759;40,6875431358133;37,1148966028717
"Ta_Ne_Omotic";"curveball";0,990227553858624;40,587196293664;52,783184333759;40,6475724720803;37,1528768441211
"Ta_Ne_Omotic";"curveball";0,990438595186085;40,6087814893785;52,902969348659;40,6696438055136;36,9324990069381
"Ta_Ne_Omotic";"curveball";0,990928009554816;40,5927768564584;52,7208705832269;40,6528169244127;36,9962729240826
"Ta_Ne_Omotic";"curveball";0,991185173830008;40,6194687935981;52,8134631758195;40,679835102421;36,978077172463
"Ta_Ne_Omotic";"curveball";0,990708499901671;40,4921424622917;52,4708705832269;40,5514430965538;37,1309885243919
"Ta_Ne_Omotic";"curveball";0,989321634273059;40,4092237226566;52,5634631758195;40,4693932248999;36,4896134591515
"Ta_Ne_Omotic";"curveball";0,989823943570373;40,4018531680223;52,6750709521782;40,4626116719043;36,4429032338744
"Ta_Ne_Omotic";"curveball";0,990266184399607;40,3706862512833;52,8479104583511;40,4324546879519;36,6433620539923
"Ta_Ne_Omotic";"curveball";0,990266184399607;40,3678433230672;52,8479104583511;40,4296258336379;36,5129687648094
"Ta_Ne_Omotic";"curveball";0,989992521347139;40,3819000236911;53,016173549028;40,4444459322323;35,8845512112989
"Ta_Ne_Omotic";"curveball";0,989631058975788;40,5447892811077;53,0809883638428;40,6068496726064;35,5362849793783
"Ta_Ne_Omotic";"curveball";0,989631058975788;40,6253915607149;53,0809883638428;40,6870529310275;35,6241505348892
"Ta_Ne_Omotic";"curveball";0,989841967970481;40,6113875069099;53,07327231446;40,6730800059572;35,5498320145197
"Ta_Ne_Omotic";"curveball";0,990942455088813;40,6226539261365;53,015127004399;40,6840028027616;36,0444708475673
"Ta_Ne_Omotic";"curveball";0,990909708037967;40,6215483429414;52,7441216120335;40,6815610818973;36,2869571329875
"Ta_Ne_Omotic";"curveball";0,991262295164436;40,439127115744;52,5718142471974;40,4991899233255;36,8331382452453
"Ta_Ne_Omotic";"curveball";0,99152113283053;40,5918555371292;52,801965375337;40,6523016254371;36,3235199557383
"Ta_Ne_Omotic";"curveball";0,990806735508444;40,5831688120245;52,6233468142472;40,6427736536197;36,5152582418258
"Ta_Ne_Omotic";"curveball";0,989708710391276;40,3950354049856;52,6377678444728;40,4556429913197;36,4046719307724
"Ta_Ne_Omotic";"curveball";0,990350003724113;40,4187527968623;52,6006101887328;40,4790590215745;36,7071507756432
"Ta_Ne_Omotic";"curveball";0,98984853106855;40,4082497565085;52,4612423726408;40,4679180367863;36,4673448782817
"Ta_Ne_Omotic";"curveball";0,989400130382716;40,397378188423;52,5152547183198;40,4573676761947;36,4474802759758
"Ta_Ne_Omotic";"curveball";0,990363054840839;40,5337334491563;52,6232794096779;40,5935826865847;36,2876161736317
"Ta_Ne_Omotic";"curveball";0,990955847547151;40,5251783410987;52,8431353767561;40,5861583264238;35,9947419444915
"Ta_Ne_Omotic";"curveball";0,990502574182164;40,4816920687567;52,911036611324;40,5432234773833;35,8878116193538
"Ta_Ne_Omotic";"curveball";0,991883986007265;40,5146489773355;52,8307896977437;40,5756199710009;36,3851633463308
"Ta_Ne_Omotic";"curveball";0,991363313465449;40,4464713469689;52,9403575989783;40,5083222690085;36,1430573701736
"Ta_Ne_Omotic";"curveball";0,990388914666366;40,1368554055121;52,5750957854406;40,1984308529375;36,6961219072109
"Ta_Ne_Omotic";"curveball";0,990313646921568;40,2100871304851;52,620505179509;40,2715248435991;36,7733860980772
"Ta_Ne_Omotic";"curveball";0,991036454929573;40,1401458316881;52,8519866609905;40,2030757367837;37,2473147480127
"Ta_Ne_Omotic";"curveball";0,991219949207024;40,2731053726079;52,7316162906201;40,3347811692317;37,0738055751361
"Ta_Ne_Omotic";"curveball";0,99111266623058;40,2537839901024;52,634993614304;40,3150771070539;37,2952614531377
"Ta_Ne_Omotic";"curveball";0,99106787149318;40,2259601463582;52,6744997871435;40,2875865802234;37,396379610436
"Ta_Ne_Omotic";"curveball";0,991713713796074;40,3630524625549;53,0052611040159;40,4256376538493;36,60465666304
"Ta_Ne_Omotic";"curveball";0,991325135675171;40,2758693305957;52,8385944373492;40,338061039045;36,7751950230221
"Ta_Ne_Omotic";"curveball";0,992623160233105;40,314985916976;52,569181921385;40,3756502536315;37,3168114358132
"Ta_Ne_Omotic";"curveball";0,992654029391283;40,2258022059017;52,7806548886051;40,2879549419547;36,837380127068
"Ta_Ne_Omotic";"curveball";0,99187911292245;40,2510726789334;52,337239250745;40,3109051867146;37,7200473864445
"Ta_Ne_Omotic";"curveball";0,99200377010713;40,3293584985127;52,3940009933305;40,3890844514574;37,6521832492802
"Ta_Ne_Omotic";"curveball";0,991796875989845;40,2711311169023;52,2936923513552;40,3306487467758;37,6995751960982
"Ta_Ne_Omotic";"curveball";0,991911703256349;40,1826844612914;52,4356676599972;40,2433427939583;37,7200958636423
"Ta_Ne_Omotic";"curveball";0,992064860694229;40,2361209823896;52,5282602525898;40,2969731569946;38,0300134246705
"Ta_Ne_Omotic";"curveball";0,992228895008253;40,278212114033;52,8050092237832;40,340225961111;38,1128550834186
"Ta_Ne_Omotic";"curveball";0,992156511040059;40,2719471425939;52,9716758904498;40,3348170868902;37,7131542444191
"Ta_Ne_Omotic";"curveball";0,992446567692364;40,3113796098871;52,8852561373634;40,3736265233894;37,5007862501636
"Ta_Ne_Omotic";"curveball";0,991497518565147;40,2776593224354;52,602848729956;40,3386751115816;37,6076978750707
"Ta_Ne_Omotic";"curveball";0,99160265127633;40,2774750585696;52,8486448133958;40,3397085722073;37,5873837650665
"Ta_Ne_Omotic";"curveball";0,99160265127633;40,4196214693727;52,8486448133958;40,4811512879075;37,77083604379
"Ta_Ne_Omotic";"curveball";0,991397004149407;40,4629234778488;52,8486448133958;40,524238930005;37,8255592726984
"Ta_Ne_Omotic";"curveball";0,991602923056707;40,5056726947274;53,0065843621399;40,5675583960512;37,467803422541
"Ta_Ne_Omotic";"curveball";0,991508925803645;40,483903235147;53,130097914006;40,5465081592998;37,0132041257957
"Ta_Ne_Omotic";"curveball";0,991039179851318;40,5277580352207;53,130097914006;40,5901458564028;36,3571401080667
"Ta_Ne_Omotic";"curveball";0,990506462289734;40,5675590302456;53,0189868028949;40,6291997617934;36,0936468904498
"Ta_Ne_Omotic";"curveball";0,991553072479495;40,5659796256811;52,8862707535121;40,6269711659179;36,5921515315555
"Ta_Ne_Omotic";"curveball";0,991456038607001;40,6599541972676;53,0467645806726;40,7212750407498;35,9335182337572
"Ta_Ne_Omotic";"curveball";0,991897844042368;40,5598725946985;53,1856534695615;40,6223764604156;35,4644443458655
"Ta_Ne_Omotic";"curveball";0,991582973126995;40,498223169865;53,0308003405705;40,5602656311061;35,6906105353555
"Ta_Ne_Omotic";"curveball";0,991372444888025;40,5133064834557;52,9567262664964;40,5749075714906;35,7493058369968
"Ta_Ne_Omotic";"curveball";0,991388074340128;40,5402090078707;53,1880481055768;40,6028220727108;35,4887682322207
"Ta_Ne_Omotic";"curveball";0,991450116215374;40,4614230435126;52,7050234142188;40,5220349265359;35,6292464170016
"Ta_Ne_Omotic";"curveball";0,991244857297402;40,4527626418174;52,6078189300411;40,5129361877987;35,7158907180522
"Ta_Ne_Omotic";"curveball";0,991360849711305;40,3572876358946;53,0602525897545;40,4201736010127;35,4427609498299
"Ta_Ne_Omotic";"curveball";0,991705184932155;40,4250967385296;53,166734071236;40,4881741510677;35,3750912294319
"Ta_Ne_Omotic";"curveball";0,991490277481922;40,4208849930243;53,2963637008656;40,4846249866275;34,9787285205954
"Ta_Ne_Omotic";"curveball";0,991055352697028;40,3250677827792;53,2871044416064;40,3892362810902;35,121955971905
"Ta_Ne_Omotic";"curveball";0,99075744205682;40,2565216246808;53,2809316021002;40,3209989017968;34,7694813959645
"Ta_Ne_Omotic";"curveball";0,988750377820098;40,302403327279;53,2454377749397;40,3664777552377;35,5720872172132
"Ta_Ne_Omotic";"curveball";0,990559827569158;40,3386243386243;53,1991414786434;40,4022902650601;36,5854137325206
"Ta_Ne_Omotic";"curveball";0,990532795502686;40,4412593119061;53,1651908613594;40,5042490720519;35,7502267628711
"Ta_Ne_Omotic";"curveball";0,99007084984628;40,3001131906605;53,1441180644246;40,3636973732038;36,9088038955962
"Ta_Ne_Omotic";"curveball";0,990732817831532;40,2449130011319;53,2088974031503;40,309091141736;37,4275847391349
"Ta_Ne_Omotic";"curveball";0,990860212638568;40,207691700229;53,0796615581098;40,2714143232878;37,7763650319112
"Ta_Ne_Omotic";"curveball";0,990845826903542;40,2606280765485;52,7401553852703;40,3224079147105;37,9021971574693
"Ta_Ne_Omotic";"curveball";0,990443322103381;40,2035062781331;52,7041471548176;40,2653906389088;37,7874206423407
"Ta_Ne_Omotic";"curveball";0,990332277719728;40,2609966042802;52,8461224634596;40,3232992075434;36,7710130257409
"Ta_Ne_Omotic";"curveball";0,99058218027456;40,2602595488168;52,3831595004967;40,3202739050132;36,7239855963268
"Ta_Ne_Omotic";"curveball";0,99058218027456;40,1847113638158;52,3831595004967;40,2450997209281;36,7779809060166
"Ta_Ne_Omotic";"curveball";0,989211945156881;40,1578088394009;52,8230097914006;40,2205078540147;35,2507876451891
"Ta_Ne_Omotic";"curveball";0,989964021161512;40,1518071020559;53,083705832269;40,2158264027005;35,15598561461
"Ta_Ne_Omotic";"curveball";0,990153212692875;40,1973202769223;53,3861749680715;40,2626116367794;35,1085908600496
"Ta_Ne_Omotic";"curveball";0,990186488415731;40,1610202953487;53,380498793813;40,2264632582123;35,0987882301344
"Ta_Ne_Omotic";"curveball";0,990363422462559;40,1617573508121;53,4164218816518;40,2273745019548;35,0332029189016
"Ta_Ne_Omotic";"curveball";0,990229937263051;40,3009555397615;53,307865048957;40,3653461808961;35,2336889379408
"Ta_Ne_Omotic";"curveball";0,990109205270176;40,1651793940351;53,0387789130126;40,2289100847231;35,6816798121582
"Ta_Ne_Omotic";"curveball";0,989701953763243;40,0841032930585;52,5338832127146;40,1457358669182;36,4528552072179
"Ta_Ne_Omotic";"curveball";0,989853963864578;40,0266129669115;52,512278274443;40,0884231912062;36,7609950516869
"Ta_Ne_Omotic";"curveball";0,98984081258405;40,0662296980705;52,7406733361714;40,1289744685561;36,6012488004496
"Ta_Ne_Omotic";"curveball";0,989832782892821;40,1156124141199;52,8255498793813;40,1785328966212;36,447988871982
"Ta_Ne_Omotic";"curveball";0,989253725093036;40,1846850404064;52,9644387682702;40,2479511479701;36,7151054833946
"Ta_Ne_Omotic";"curveball";0,989584460379402;40,178525362605;53,1182630906769;40,2425834701697;36,4836364479275
"Ta_Ne_Omotic";"curveball";0,991198365866605;40,1023190923688;52,9582481907195;40,165962305727;37,4764831272723
"Ta_Ne_Omotic";"curveball";0,991276851562378;40,1090315617679;53,1966581524053;40,1738217924146;37,1562744295441
"Ta_Ne_Omotic";"curveball";0,991124248421395;40,1962146937271;53,0356853980417;40,2597764298871;36,7834954960092
"Ta_Ne_Omotic";"curveball";0,991478076509288;40,1672852667878;52,751202639421;40,2295818874444;36,9865215384617
"Ta_Ne_Omotic";"curveball";0,991042142727085;40,1802890310353;52,8252767134951;40,2428879799584;37,0722634154434
"Ta_Ne_Omotic";"curveball";0,991042142727085;40,2632077706705;52,8252767134951;40,3253962307834;37,041951168256
"Ta_Ne_Omotic";"curveball";0,989931438061523;40,3329648056016;52,4538952745849;40,3929694118837;36,9272636447816
"Ta_Ne_Omotic";"curveball";0,989570127560327;40,3346231803943;52,4446360153257;40,3945737389831;37,1442249396319
"Ta_Ne_Omotic";"curveball";0,9893731945136;40,2567585353655;52,690006385696;40,3183092672978;36,9548546840417
"Ta_Ne_Omotic";"curveball";0,989312430356676;40,1639685172023;53,1308322690507;40,2281609120135;36,4354423864045
"Ta_Ne_Omotic";"curveball";0,989110479531402;40,0545684277028;53,0840038314176;40,1190705831667;36,6279618461799
"Ta_Ne_Omotic";"curveball";0,988202314415121;40,0711521756298;52,9636334610473;40,1349763404091;36,5795080934341
"Ta_Ne_Omotic";"curveball";0,988196569983215;40,1187712232488;52,8015964240102;40,1815574866189;36,8548490088155
"Ta_Ne_Omotic";"curveball";0,988112312683035;40,2067440574903;52,6501560947921;40,2683451071799;36,5693645971095
"Ta_Ne_Omotic";"curveball";0,98880909965157;40,1673115901972;52,7982865048957;40,2298411689828;37,2588275523436
"Ta_Ne_Omotic";"curveball";0,989284882854568;40,1960304298613;52,7334716900809;40,2580969707535;36,9405710159378
"Ta_Ne_Omotic";"curveball";0,989861717959221;40,2142988759904;52,6866432524479;40,2760431550818;37,2852954971769
"Ta_Ne_Omotic";"curveball";0,989973211036217;40,2156150464608;52,7483716475096;40,277658395971;37,1914090766327
"Ta_Ne_Omotic";"curveball";0,990047816707809;40,288215009608;52,8409642401022;40,3503573325313;37,2206105275958
"Ta_Ne_Omotic";"curveball";0,989962810230999;40,2852404643449;52,8322725982688;40,3473544848099;37,172278502534
"Ta_Ne_Omotic";"curveball";0,990109478962362;40,3661586248651;52,8328721441748;40,427875028426;37,3708624241241
"Ta_Ne_Omotic";"curveball";0,990213660756863;40,3089315328121;52,7896622676316;40,3707173285291;37,3753761728311
"Ta_Ne_Omotic";"curveball";0,990193722567155;40,3668956803285;52,7696005392365;40,428295209333;37,8472648121449
"Ta_Ne_Omotic";"curveball";0,990128193193661;40,3555766142831;52,7089186888037;40,4167317730678;37,0922114462758
"Ta_Ne_Omotic";"curveball";0,990587340390554;40,4037484534997;52,7644742443593;40,4649401653356;37,0553680558192
"Ta_Ne_Omotic";"curveball";0,990594002512571;40,3837426623496;52,8219455087271;40,4453179239654;36,9185011813964
"Ta_Ne_Omotic";"curveball";0,990525303036581;40,4342309615941;53,3095998297148;40,4979704114363;36,5534826681566
"Ta_Ne_Omotic";"curveball";0,990412985289751;40,4772697359762;53,5210905349794;40,5418431062683;36,0753190127521
"Ta_Ne_Omotic";"curveball";0,989176548266426;40,4466819342441;53,2263374485597;40,5099475556021;36,7141150250603
"Ta_Ne_Omotic";"curveball";0,989726508573344;40,2329358498513;53,3281893004115;40,2977638372303;36,7762048132093
"Ta_Ne_Omotic";"curveball";0,990032546047886;40,2619705704283;53,272633744856;40,3263797940641;36,9015919778086
"Ta_Ne_Omotic";"curveball";0,990558708374423;40,2495459211877;53,3189300411523;40,3142458425737;38,2415701668704
"Ta_Ne_Omotic";"curveball";0,990455755628814;40,1382768696202;53,34670781893;40,2036651416464;38,1398324304037
"Ta_Ne_Omotic";"curveball";0,990142947839138;40,1872910579378;53,5312544345111;40,2533502825743;37,1367716002393
"Ta_Ne_Omotic";"curveball";0,990729376347849;40,2012951117429;53,3939087554988;40,2666050802763;37,650206771245
"Ta_Ne_Omotic";"curveball";0,991392557873635;39,8309247413725;53,3219632467717;39,8977120607062;39,3851416800413
"Ta_Ne_Omotic";"curveball";0,991578770597372;39,8155781936876;53,3883886760323;39,8827703247884;39,4437219610492
"Ta_Ne_Omotic";"curveball";0,991167641365869;40,2335412882677;53,3143146019583;40,2982975918008;38,1244392132348
"Ta_Ne_Omotic";"curveball";0,991516826867325;40,2657874647924;53,2772775649212;40,3302007821198;38,1240260498074
"Ta_Ne_Omotic";"curveball";0,99151407396954;40,1811840269552;53,2943060876969;40,2461004728004;38,1205146843881
"Ta_Ne_Omotic";"curveball";0,991842088995449;40,198978651715;53,2819604086845;40,2637458881356;38,1646998147184
"Ta_Ne_Omotic";"curveball";0,992021161563826;40,1131116902261;53,6394706967504;40,1800738635257;37,0272559709085
"Ta_Ne_Omotic";"curveball";0,991791755974117;40,2127194714259;53,803050943664;40,2799983401004;36,6671953371347
"Ta_Ne_Omotic";"curveball";0,991352832760533;40,2351996630604;53,7501028806584;40,3021051245336;36,6625099840915
"Ta_Ne_Omotic";"curveball";0,991380771164635;40,3920082129037;53,8334362139918;40,4585499356814;35,5359167589495
"Ta_Ne_Omotic";"curveball";0,990838468226;40,4088551949248;53,7192386831276;40,4747481824902;35,6710228110138
"Ta_Ne_Omotic";"curveball";0,990862886484992;40,2750006580852;53,4469987228608;40,340208569297;35,8509362989381
"Ta_Ne_Omotic";"curveball";0,990368653046835;40,2784227013083;53,2994359301831;40,3428831628374;35,8713819777056
"Ta_Ne_Omotic";"curveball";0,990863550969647;40,2290399852589;53,4691890166028;40,2945852774933;34,4007907874092
"Ta_Ne_Omotic";"curveball";0,991488668546523;40,2878991286951;53,4383248190719;40,3530002459742;35,424924883382
"Ta_Ne_Omotic";"curveball";0,98980788360718;40,1644423385717;53,3951149425287;40,2299407177992;34,1123459429203
"Ta_Ne_Omotic";"curveball";0,989341676085031;40,3012714206744;53,441411238825;40,366321617794;34,1508284739404
"Ta_Ne_Omotic";"curveball";0,989775780716093;40,454289399563;53,4568433375905;40,5186584784642;34,3552608988548
"Ta_Ne_Omotic";"curveball";0,988983863435079;40,2171944510253;52,5279835390946;40,2781389514613;36,1822809803538
"Ta_Ne_Omotic";"curveball";0,989063644590271;40,2417015451841;52,5782708954165;40,3027736706803;36,1619978952886
"Ta_Ne_Omotic";"curveball";0,989063644590271;40,252467819632;52,5782708954165;40,3134866467398;36,204906169488
"Ta_Ne_Omotic";"curveball";0,989738095556603;40,3391771302219;52,4148502909039;40,3989576904233;36,8949169355226
"Ta_Ne_Omotic";"curveball";0,989439744992781;40,3229619100266;52,4796651057187;40,3831436090152;37,0667277989931
"Ta_Ne_Omotic";"curveball";0,989066648193712;40,3184342836084;52,5947672768554;40,3792082093176;36,8666240759626
"Ta_Ne_Omotic";"curveball";0,989325779505098;40,2725525810103;52,7614339435221;40,3343787263693;36,9475500129064
"Ta_Ne_Omotic";"curveball";0,989727325795032;40,2495722445971;53,0745317156237;40,3130621429685;35,6118848302701
"Ta_Ne_Omotic";"curveball";0,989671483772463;40,2428334517887;53,0161983822903;40,3060679316426;35,548035553447
"Ta_Ne_Omotic";"curveball";0,989918814081487;40,148332412014;52,9236057896977;40,2115763396263;35,6311576556319
"Ta_Ne_Omotic";"curveball";0,989086383363595;40,1813156440022;52,5100255427842;40,2423488613229;36,5440761125388
"Ta_Ne_Omotic";"curveball";0,990857212661894;40,0799705177815;52,484269902086;40,141377940476;38,0030189656048
"Ta_Ne_Omotic";"curveball";0,989789705010421;39,9704914580536;52,5953810131971;40,0329909112969;38,7890354962524
"Ta_Ne_Omotic";"curveball";0,989621162464723;39,9832056647977;52,5490847169008;40,0454129868378;37,932362959642
"Ta_Ne_Omotic";"curveball";0,989809784231409;39,9714127773829;52,4595785440613;40,0332353801883;38,0043162693299
"Ta_Ne_Omotic";"curveball";0,989814383193029;40,0505672694727;52,4719242230736;40,1120591355797;37,939534426091
"Ta_Ne_Omotic";"curveball";0,989832269971073;40,0431967148385;52,454895700298;40,104640769222;38,0246616841779
"Ta_Ne_Omotic";"curveball";0,990222958150939;40,2344362841875;52,8687420178799;40,2969823521761;37,5140757234763
"Ta_Ne_Omotic";"curveball";0,990222958150939;40,2539682539683;52,8687420178799;40,3164176290371;37,4222784128343
"Ta_Ne_Omotic";"curveball";0,989505355836898;40,3156703256206;52,8330424294026;40,3776375142532;37,4152927156686
"Ta_Ne_Omotic";"curveball";0,990060163784273;40,3372291979257;52,7589683553285;40,3987229561307;37,5632421806886
"Ta_Ne_Omotic";"curveball";0,990426929802882;40,3972202479665;52,9132893429828;40,4591809860607;37,633232112228
"Ta_Ne_Omotic";"curveball";0,990521863298322;40,4469188449288;52,784791400596;40,507997421937;37,5892986575578
"Ta_Ne_Omotic";"curveball";0,990472052774455;40,579588828345;52,8742975734355;40,6404537231227;36,3605298888217
"Ta_Ne_Omotic";"curveball";0,990179022445251;40,567585353655;52,6644210302256;40,6274706787865;36,3290539286687
"Ta_Ne_Omotic";"curveball";0,990553201436476;40,356024112243;52,5996062154108;40,416635904833;36,8844063921096
"Ta_Ne_Omotic";"curveball";0,991152120474376;40,5132275132275;52,5841741166454;40,5729846746306;36,123116859884
"Ta_Ne_Omotic";"curveball";0,990926655701625;40,4752691568612;52,7230630055343;40,5359017996764;36,4881940818976
"Ta_Ne_Omotic";"curveball";0,990303548875862;40,3291479112375;52,2841741166454;40,388331209284;37,0165639335075
"Ta_Ne_Omotic";"curveball";0,989742905626992;40,2832662086393;52,0341741166454;40,3414390200651;37,5499788826396
"Ta_Ne_Omotic";"curveball";0,989745473939354;40,28279238727;51,9266638285795;40,3404353151973;37,6859441881556
"Ta_Ne_Omotic";"curveball";0,990621623724806;40,3856116244176;52,3512700439903;40,4448475571878;37,4015921309551
"Ta_Ne_Omotic";"curveball";0,989708844670605;40,3754771117955;52,2999325954307;40,4345090696353;37,2094855067174
"Ta_Ne_Omotic";"curveball";0,989793092254928;40,4057753560241;52,5468461756776;40,4658796670125;36,7710962125588
"Ta_Ne_Omotic";"curveball";0,990442124790237;40,4603174603175;52,5935185185185;40,5203828120907;36,9097217436682
"Ta_Ne_Omotic";"curveball";0,990534772502958;40,4022743425728;52,6675925925926;40,4629937398502;36,8617953630426
"Ta_Ne_Omotic";"curveball";0,990739569870428;40,4717944668193;52,7890095075919;40,5327707789024;37,6451635019534
"Ta_Ne_Omotic";"curveball";0,990688351317802;40,5321277211824;52,6964169149993;40,5923469746172;37,0582067208098
"Ta_Ne_Omotic";"curveball";0,990377062011404;40,5429203190397;52,4367851568043;40,6018008380386;37,1700303870185
"Ta_Ne_Omotic";"curveball";0,990095746320835;40,2870567795941;52,3935752802611;40,3469900394984;37,6546621379038
"Ta_Ne_Omotic";"curveball";0,989984460127144;40,2375161230883;52,3409003831418;40,2974338669499;38,710565841934
"Ta_Ne_Omotic";"curveball";0,990431741154;40,2535470794177;52,6457641549596;40,3148946887026;38,6569837125434
"Ta_Ne_Omotic";"curveball";0,990787676132323;40,3276211534918;53,0318752660707;40,3905135005838;37,0053588071391
"Ta_Ne_Omotic";"curveball";0,990678116744329;40,3515754560531;52,9855789697744;40,4141200279032;36,7102032160326
"Ta_Ne_Omotic";"curveball";0,990789637445884;40,3571296954382;53,0719987228608;40,4200745916135;36,5562187432176
"Ta_Ne_Omotic";"curveball";0,991439888952822;40,3657111269052;52,9480097914006;40,4279997341551;37,1789153232409
"Ta_Ne_Omotic";"curveball";0,991246182871821;40,3680012635237;53,0390946502058;40,4307294486062;36,9352525029416
"Ta_Ne_Omotic";"curveball";0,99030532062891;40,3226197057043;52,6570703845608;40,3836813427283;36,8328961372665
"Ta_Ne_Omotic";"curveball";0,990775400115421;40,2504935639264;52,7466794380587;40,312355870234;36,8793218023104
"Ta_Ne_Omotic";"curveball";0,990678234642118;40,2513622364369;52,8082872144175;40,3135252313774;36,8209428499687
"Ta_Ne_Omotic";"curveball";0,990804895183448;40,240016846982;52,9379168440471;40,3028777380566;36,870968613381
"Ta_Ne_Omotic";"curveball";0,991209143110965;40,2264076443181;52,8847275436356;40,2890725943147;37,8784601425466
"Ta_Ne_Omotic";"curveball";0,991225217317461;40,280212693148;52,5390485312899;40,3408999992774;37,9311876761473
"Ta_Ne_Omotic";"curveball";0,991292888816036;40,2725525810103;52,5983077905492;40,3335711711565;37,0704652697746
"Ta_Ne_Omotic";"curveball";0,992448832191515;40,3341230356156;52,5626259401164;40,3946601787072;37,065938806767
"Ta_Ne_Omotic";"curveball";0,9920079608677;40,1197451893969;52,0224492691926;40,1786694670197;37,7803885998796
"Ta_Ne_Omotic";"curveball";0,99215367548519;40,2011898181052;52,0872640840074;40,2600317699166;38,0144593920469
"Ta_Ne_Omotic";"curveball";0,98991913753455;40,2819763615783;52,1932666382858;40,3409431451264;37,0150534581028
"Ta_Ne_Omotic";"curveball";0,990193708163988;40,2743162494406;52,1295480346247;40,3330055157039;36,9921809258809
"Ta_Ne_Omotic";"curveball";0,99027518651362;40,3224354418384;52,2587377607493;40,3815260473776;36,9645341720857
"Ta_Ne_Omotic";"curveball";0,990564637749034;40,2689989207402;52,3986554562225;40,3290467253713;36,9009253719946
"Ta_Ne_Omotic";"curveball";0,990877905759708;40,4094606333412;52,8137966510572;40,4708682373893;37,304071742959
"Ta_Ne_Omotic";"curveball";0,990236333638096;40,4390481455158;52,6841670214276;40,4996675458916;37,0841645811678
"Ta_Ne_Omotic";"curveball";0,990219762815089;40,3662639185027;52,841574428835;40,4280228814252;38,3671298767003
"Ta_Ne_Omotic";"curveball";0,990261814131234;40,3536550053963;52,9575209308926;40,4160503812651;37,1395599890724
"Ta_Ne_Omotic";"curveball";0,990165057628707;40,3615783516281;52,7291258691642;40,4228038343882;38,0251849824615
"Ta_Ne_Omotic";"curveball";0,990094735811442;40,2990602542841;52,6427061160778;40,3601674120158;38,1577849771612
"Ta_Ne_Omotic";"curveball";0,990094735811442;40,2817394508937;52,6427061160778;40,3429323551768;38,1354828280737
"Ta_Ne_Omotic";"curveball";0,990168685568943;40,3459422464398;52,7121505605222;40,4071610994798;37,8578049139578
"Ta_Ne_Omotic";"curveball";0,990471665037341;40,3090894732686;52,6936143039591;40,3703990021334;37,1583890975559
"Ta_Ne_Omotic";"curveball";0,990175178838585;40,2877148648293;52,9343550446999;40,3503219944326;37,2905828320182
"Ta_Ne_Omotic";"curveball";0,991142152394954;40,1657321856327;52,9188874698453;40,2288666177327;37,9820615957097
"Ta_Ne_Omotic";"curveball";0,990977943713467;39,8137882018479;53,2367887044132;39,8802386993854;37,2137557200346
"Ta_Ne_Omotic";"curveball";0,991888793900276;39,8356366316565;53,2553072229317;39,9020706444846;37,2208510219685
"Ta_Ne_Omotic";"curveball";0,991921469821359;39,7676432651557;53,1843195686108;39,8340624547768;37,2445422207745
"Ta_Ne_Omotic";"curveball";0,991727855730469;39,6599541972676;52,975883354619;39,7258746386407;37,4670863041085
"Ta_Ne_Omotic";"curveball";0,991744673115238;39,7152333570244;52,9609833971903;39,7808063770252;37,508806632526
"Ta_Ne_Omotic";"curveball";0,992613994732808;39,8055226512938;52,6261068539804;39,868990889921;37,9521287151145
"Ta_Ne_Omotic";"curveball";0,992152537607608;40,0081865803259;53,1153043848446;40,0730733021304;38,038442731137
"Ta_Ne_Omotic";"curveball";0,99224064160265;40,4025112532575;53,022711792252;40,4649874935496;36,7196813797067
"Ta_Ne_Omotic";"curveball";0,991282377368403;40,402669193714;53,2758336880942;40,4663977308149;36,115243521257
"Ta_Ne_Omotic";"curveball";0,991282377368403;40,4597120219011;53,2758336880942;40,5231581687634;36,2531284974499
"Ta_Ne_Omotic";"curveball";0,991282377368403;40,4339940509095;53,2758336880942;40,4975675144599;36,104649906032
"Ta_Ne_Omotic";"curveball";0,991703568123396;40,5127273684488;53,5626578685966;40,5773309847861;34,7619159877978
"Ta_Ne_Omotic";"curveball";0,991838630540552;40,3465476848561;53,0873492266213;40,4096209598154;34,9270584747966
"Ta_Ne_Omotic";"curveball";0,991655801631703;40,2868461923188;52,7463317723854;40,3485268140023;35,771795809431
"Ta_Ne_Omotic";"curveball";0,991625755138533;40,3359656742741;52,7463317723854;40,3974031302054;35,8018121489328
"Ta_Ne_Omotic";"curveball";0,991732541003294;40,3853483903235;52,6537391797928;40,4460829981922;35,960914698279
"Ta_Ne_Omotic";"curveball";0,991052508732102;40,3354655294954;52,60589967362;40,3962102529811;35,8800556706634
"Ta_Ne_Omotic";"curveball";0,990301841878821;40,3327015715075;52,60589967362;40,3934599779536;35,8496834034014
"Ta_Ne_Omotic";"curveball";0,990406691512954;40,5389981310379;52,4947885625089;40,5981852123818;37,1812990395495
"Ta_Ne_Omotic";"curveball";0,990436954464772;40,4785595830372;52,4207144884348;40,5376791617768;37,168782604334
"Ta_Ne_Omotic";"curveball";0,990390592339279;40,4868514570007;52,5194799205336;40,546418924642;37,1483062122974
"Ta_Ne_Omotic";"curveball";0,990390592339279;40,4770854721103;52,5194799205336;40,5367012862114;37,0492189379141
"Ta_Ne_Omotic";"curveball";0,990422263769308;40,4805864855616;52,5379984390521;40,5402766437472;36,8638448374526
"Ta_Ne_Omotic";"curveball";0,990904654250715;40,4087235778778;52,5379984390521;40,4687694930321;37,4677716236819
"Ta_Ne_Omotic";"curveball";0,991156042829816;40,4214377846219;52,5935539946076;40,4816957856614;37,4177014597437
"Ta_Ne_Omotic";"curveball";0,991442332008438;40,5725341546237;52,7315169575706;40,6327271387967;36,7498960725497
"Ta_Ne_Omotic";"curveball";0,992025698205475;40,4544210166101;52,7778132538669;40,5154279088737;37,2805845618838
"Ta_Ne_Omotic";"curveball";0,990741096281266;40,4049330069231;52,5262700439904;40,4649396259184;37,6574223361352
"Ta_Ne_Omotic";"curveball";0,991024190341525;40,4841664692411;52,5571342415212;40,5439336364306;37,5604069653783
"Ta_Ne_Omotic";"curveball";0,991253945570059;40,5048829924452;52,5725663402866;40,5646239991177;37,594701662924
"Ta_Ne_Omotic";"curveball";0,991307660551699;40,4220168996288;52,3070987654321;40,4808539385685;38,3882628251322
"Ta_Ne_Omotic";"curveball";0,991221794327347;40,379636210482;52,3193593018306;40,4387437505382;38,1005203828725
"Ta_Ne_Omotic";"curveball";0,991430327917152;40,4139092895312;52,5076309067688;40,4737791985274;38,2039887313008
"Ta_Ne_Omotic";"curveball";0,99136124200196;40,3602621811577;52,4472364126579;40,4200986872542;40,1383454722083
"Ta_Ne_Omotic";"curveball";0,991166916609985;40,4102766590329;52,4935327089542;40,4700947582899;39,8584690745951
"Ta_Ne_Omotic";"curveball";0,990652551478541;40,3234883782147;52,5676067830282;40,3841028257633;40,0099506037777
"Ta_Ne_Omotic";"curveball";0,990652551478541;40,2992708415594;52,5676067830282;40,3600051779033;40,0149685143833
"Ta_Ne_Omotic";"curveball";0,990719346935575;40,2837137065993;52,8362459202497;40,3458549551817;37,4936937538452
"Ta_Ne_Omotic";"curveball";0,99030925975585;40,3136434230962;52,668738470271;40,3748072599634;37,7635640464735
"Ta_Ne_Omotic";"curveball";0,990154612001457;40,355892495196;52,5623102029232;40,4163203056303;37,7346487679699
"Ta_Ne_Omotic";"curveball";0,990154612001457;40,3358077338177;52,5623102029232;40,3963349737638;37,7776807278842
"Ta_Ne_Omotic";"curveball";0,990243785057686;40,316407381084;52,4708351071378;40,3765778153714;37,9963131093803
"Ta_Ne_Omotic";"curveball";0,990667678748279;40,4190160309563;52,7393891017454;40,4800079768513;37,4082390768697
"Ta_Ne_Omotic";"curveball";0,99001917729831;40,326147042565;52,6910174542358;40,3873592723257;37,1575398539119
"Ta_Ne_Omotic";"curveball";0,99001917729831;40,3687119955777;52,6910174542358;40,4297135077492;37,2588743034125
"Ta_Ne_Omotic";"curveball";0,989570461776631;40,1289847060991;52,2743507875692;40,1891102807599;37,632227788027
"Ta_Ne_Omotic";"curveball";0,990833611964731;40,1716812761589;52,2245423584504;40,2313489052791;37,8474333353956
"Ta_Ne_Omotic";"curveball";0,991423229755538;40,2871094264129;52,5095040442742;40,3476163304617;37,6984056368463
"Ta_Ne_Omotic";"curveball";0,992191766055641;40,0938429545395;52,4585781183482;40,1550545147563;38,0953179689608
"Ta_Ne_Omotic";"curveball";0,99245167829823;40,1431993471794;52,5870902511707;40,2048027674962;37,4515123929206
"Ta_Ne_Omotic";"curveball";0,991858131174275;39,983416252073;52,0309493401447;40,0430575049842;38,0481598717512
"Ta_Ne_Omotic";"curveball";0,991540095093399;39,8470609913396;51,8437420178799;39,906450501372;38,3692819612497
"Ta_Ne_Omotic";"curveball";0,991403134521791;39,8710152939009;51,8530012771392;39,9303320561941;38,4378806857702
"Ta_Ne_Omotic";"curveball";0,990190569429672;39,7764879307168;51,3772811125301;39,8339175999337;38,6893526113179
"Ta_Ne_Omotic";"curveball";0,989739736080539;39,8735160177946;51,3988860508018;39,9305723050867;39,5001463015624
"Ta_Ne_Omotic";"curveball";0,98965972160455;39,8891784463924;51,2569107421598;39,9454543488467;38,5334885577785
"Ta_Ne_Omotic";"curveball";0,989820058492067;39,9077890968438;51,3649354335178;39,964507643065;38,0983211535433
"Ta_Ne_Omotic";"curveball";0,989687223907957;40,3081155071205;51,7088051653186;40,3645545648343;37,7285399627253
"Ta_Ne_Omotic";"curveball";0,989878573864053;40,2583642633394;51,7273236838371;40,3151412901735;37,4692731533179
"Ta_Ne_Omotic";"curveball";0,989963352633576;40,2801073995104;51,7470767702569;40,3368745746131;38,5225941585787
"Ta_Ne_Omotic";"curveball";0,989964615876954;40,2386743531022;51,5891372215127;40,2948647633419;38,9824358883514
"Ta_Ne_Omotic";"curveball";0,989886612147569;40,1553081155071;51,473396480772;40,2113382559292;39,119384294595
"Ta_Ne_Omotic";"curveball";0,990021627999014;40,2096396325252;51,8115474670072;40,2670748198246;37,7342670428461
"Ta_Ne_Omotic";"curveball";0,990045261369753;40,3053778725421;51,8905598126863;40,3627302583844;37,9936915380813
"Ta_Ne_Omotic";"curveball";0,990443438405267;40,1947142593909;51,9725734355045;40,253020492936;37,7318871137501
"Ta_Ne_Omotic";"curveball";0,990443438405267;40,1716812761589;51,9725734355045;40,2301015343735;37,5213665315211
"Ta_Ne_Omotic";"curveball";0,989942170771504;39,9424570270341;52,0188697318008;40,0022412483449;38,5503582914482
"Ta_Ne_Omotic";"curveball";0,990489491270021;39,9369291110585;52,0528203490847;39,9969087706527;38,6941588889595
"Ta_Ne_Omotic";"curveball";0,990439721545105;39,9725710073969;52,2889314601958;40,0335430888464;38,6796793276816
"Ta_Ne_Omotic";"curveball";0,990627741135739;40,001868962068;52,2518944231588;40,0625126524694;38,9204508715852
"Ta_Ne_Omotic";"curveball";0,989945399029771;39,8642238542736;52,2426351638995;39,9255031181826;39,4408460976071
"Ta_Ne_Omotic";"curveball";0,989237737066213;39,9650425123062;52,1490315027671;40,0253592894867;39,3432556950582
"Ta_Ne_Omotic";"curveball";0,989523465757629;39,8873621311432;52,3002660706684;39,9488121506458;39,4506460042524
"Ta_Ne_Omotic";"curveball";0,989894417548721;39,8833083260944;52,4391549595573;39,9454659826957;39,5767832168326
"Ta_Ne_Omotic";"curveball";0,989868846398008;39,8631972413067;52,3231339577125;39,9248800963384;39,5609970783115
"Ta_Ne_Omotic";"curveball";0,989872187145457;40,0386164416015;52,5793422733078;40,1006992427486;39,3551183929386
"Ta_Ne_Omotic";"curveball";0,989414818895288;40,3795045934349;52,6642188165177;40,4403200103809;37,6464432103386
"Ta_Ne_Omotic";"curveball";0,988878344767134;40,4689515386033;52,6642188165177;40,52932414889;37,6958195943879
"Ta_Ne_Omotic";"curveball";0,988922411562441;40,4637921503593;52,6642188165177;40,524190302172;37,7181907017072
"Ta_Ne_Omotic";"curveball";0,990346481371234;40,3442049014188;52,6333546189868;40,4050422762583;38,224750637957
"Ta_Ne_Omotic";"curveball";0,989964657791232;40,395509226355;52,6769902085994;40,4563086371582;37,8381397647935
"Ta_Ne_Omotic";"curveball";0,989964657791232;40,3969833372818;52,6769902085994;40,4577754505062;37,7618694806728
"Ta_Ne_Omotic";"curveball";0,989770585627971;40,1799205033036;52,5720519369945;40,2412676886189;37,8166997055943
"Ta_Ne_Omotic";"curveball";0,98950721514343;40,178077864645;52,5303675322832;40,2392278134947;37,8748651507301
"Ta_Ne_Omotic";"curveball";0,98978855251644;40,1904498670668;52,4562934582092;40,2511718650427;37,9636978844181
"Ta_Ne_Omotic";"curveball";0,989923937666925;40,1550712048224;52,4959379877962;40,2161646047382;37,8356838262309
"Ta_Ne_Omotic";"curveball";0,989966073178982;40,2598383742662;52,5016141620548;40,3204412247008;37,8544702366633
"Ta_Ne_Omotic";"curveball";0,990508862289399;40,2364368633025;52,8056265077338;40,2986605744136;38,0953537956377
"Ta_Ne_Omotic";"curveball";0,990583148354957;40,3171444365474;53,1277103732085;40,3805630797982;38,1285707759393
"Ta_Ne_Omotic";"curveball";0,990638122544763;40,26634025639;53,1220341989499;40,3299823056106;38,2196753230882
"Ta_Ne_Omotic";"curveball";0,990514383589331;40,2722630235068;53,0391975308642;40,3354656695828;38,3586561302199
"Ta_Ne_Omotic";"curveball";0,99080357701813;40,6008581431467;53,0592592592593;40,6625333961968;36,7696334613286
"Ta_Ne_Omotic";"curveball";0,990870376805952;40,6025165179394;52,837037037037;40,6630834512023;36,7608689284233
"Ta_Ne_Omotic";"curveball";0,991383136042201;40,3578141040828;53,2074074074074;40,421425952119;36,4044269468318
"Ta_Ne_Omotic";"curveball";0,991244395451554;40,3143278317408;53,1574570739322;40,3779076794744;36,5374936020327
"Ta_Ne_Omotic";"curveball";0,991112662116902;40,3277527705388;53,2716900808855;40,3918316681148;36,1093222249894
"Ta_Ne_Omotic";"curveball";0,99125898516408;40,3347547974414;53,2523485170995;40,398703281202;36,3826902743434
"Ta_Ne_Omotic";"curveball";0,992012660100798;40,3830319302956;53,2801262948772;40,4468789321005;36,2987691261933
"Ta_Ne_Omotic";"curveball";0,99103430248865;40,5038037326595;53,1875337022847;40,5665944750833;35,7521870457898
"Ta_Ne_Omotic";"curveball";0,991302433313306;40,4799810471452;53,3876188448985;40,5438802441638;35,1610325239212
"Ta_Ne_Omotic";"curveball";0,990873745178062;40,4888257127063;53,2116929189726;40,5518102038264;35,1174838057571
"Ta_Ne_Omotic";"curveball";0,989817866019306;40,3576298402169;52,9941535405137;40,4201868882382;35,2270171321294
"Ta_Ne_Omotic";"curveball";0,989665019967764;40,3602621811577;52,979253583085;40,4227324356227;35,1192484702515
"Ta_Ne_Omotic";"curveball";0,988870246114724;40,1662323304114;52,1674719738896;40,2256444078544;36,830620749229
"Ta_Ne_Omotic";"curveball";0,989120062765538;40,2970596751691;52,3557435788279;40,3567561301377;36,4176496633065
"Ta_Ne_Omotic";"curveball";0,989248527069599;40,240464344942;52,2585213566056;40,2999596766829;36,5223257909875
"Ta_Ne_Omotic";"curveball";0,990773596660248;40,2095080154782;52,5315666240954;40,2705083056198;36,4194376270642
"Ta_Ne_Omotic";"curveball";0,989163140177504;40,2190897365027;52,3679863771818;40,2792327891793;36,3764902874667
"Ta_Ne_Omotic";"curveball";0,990244647561261;40,2449393245413;52,5994678586633;40,3061003568885;36,1041027863062
"Ta_Ne_Omotic";"curveball";0,990405668262816;40,3738187370028;52,7208847736625;40,4349428262932;35,8017218049495
"Ta_Ne_Omotic";"curveball";0,990318446527908;40,2795809313222;52,6766283524904;40,3409524532092;35,6742405733558
"Ta_Ne_Omotic";"curveball";0,990011012068728;40,277369764932;52,8618135376756;40,3396689915297;35,7430325990686
"Ta_Ne_Omotic";"curveball";0,98979548581833;40,3578141040828;53,2028629203917;40,4214034546586;35,9018496002365
"Ta_Ne_Omotic";"curveball";0,990237320501313;40,3897970465135;53,1323541932737;40,4528790125865;35,5609625171567
"Ta_Ne_Omotic";"curveball";0,99059474899843;40,4208586696149;53,0212430821626;40,4832368102711;35,4175560770193
"Ta_Ne_Omotic";"curveball";0,990188102553398;40,454026165469;52,9842060451256;40,5160567589326;35,5860043618751
"Ta_Ne_Omotic";"curveball";0,989602977185928;40,367053620785;52,8314282673478;40,4287584457679;35,694078593925
"Ta_Ne_Omotic";"curveball";0,989774446206244;40,3579457211298;52,8314282673478;40,4196956347249;35,6841002398252
"Ta_Ne_Omotic";"curveball";0,988985844226474;40,2516254705309;52,8113665389527;40,3138024065132;36,3199809570425
"Ta_Ne_Omotic";"curveball";0,988300760146679;40,1930295611888;52,7887505321413;40,2553846155004;36,3516772288185
"Ta_Ne_Omotic";"curveball";0,988385047934294;40,2188265024086;52,7115723002696;40,2806717786356;36,5149504596701
"Ta_Ne_Omotic";"curveball";0,98934909390215;40,3515754560531;53,0309990066695;40,414344879571;36,5364891413938
"Ta_Ne_Omotic";"curveball";0,990307350657039;40,3778198952328;53,2161841918547;40,441376154127;35,7705829284323
"Ta_Ne_Omotic";"curveball";0,990655955702474;40,3835320750744;53,2470483893856;40,4472128489076;35,7768683425292
"Ta_Ne_Omotic";"curveball";0,990494192050675;40,3715549237937;53,2272953029658;40,4351972028985;35,8515956715176
"Ta_Ne_Omotic";"curveball";0,990549278240002;40,3865066203375;53,1682276145878;40,4497824668437;35,8316877327222
"Ta_Ne_Omotic";"curveball";0,990573032836801;40,3555502908737;53,0826309067688;40,4185556404573;36,5544452623325
"Ta_Ne_Omotic";"curveball";0,990157543274764;40,4196741161915;53,148715765574;40,4826891738617;36,1773887081076
"Ta_Ne_Omotic";"curveball";0,990530964942655;40,4989075785096;53,1024194692777;40,5613012017312;35,8025332611817
"Ta_Ne_Omotic";"curveball";0,9904778554307;40,447576930164;53,0513339009508;40,509971766653;35,2991852335886
"Ta_Ne_Omotic";"curveball";0,990527422541067;40,5093053252257;52,8883922236413;40,5705879336337;36,2022303450567
"Ta_Ne_Omotic";"curveball";0,990306178064547;40,3890073442312;52,4891797928196;40,4489091880361;37,5405599790597
"Ta_Ne_Omotic";"curveball";0,989236625664338;40,3049830214009;52,4469987228608;40,365092010022;37,6057658777788
"Ta_Ne_Omotic";"curveball";0,989486574893135;40,2410434599489;52,3827692635164;40,3011510134319;38,2309369395347
"Ta_Ne_Omotic";"curveball";0,989625888206342;40,2180631235358;52,1845004966652;40,2773029125117;38,4467455584941
"Ta_Ne_Omotic";"curveball";0,988987470666034;40,2468872568375;52,322271888747;40,3066663886786;38,4629211304654
"Ta_Ne_Omotic";"curveball";0,989349650700979;40,4614230435126;52,6880303675323;40,5219508025424;38,19118359904
"Ta_Ne_Omotic";"curveball";0,989940010156255;40,4965384716629;52,5022775649212;40,5559728236097;37,8610973685005
"Ta_Ne_Omotic";"curveball";0,990904929402083;40,5125957514017;52,6473392933163;40,572668739233;36,6909858890422
"Ta_Ne_Omotic";"curveball";0,990318326934104;40,5204401274053;52,1967220093657;40,5782435030586;36,5343288614093
"Ta_Ne_Omotic";"curveball";0,990449161216013;40,5009081576246;52,4096849723286;40,5598624982914;37,3428284956571
"Ta_Ne_Omotic";"curveball";0,990731556213321;40,5338913896128;52,5609195402299;40,5934311329327;37,4343432575177
"Ta_Ne_Omotic";"curveball";0,990564885066214;40,4257285003554;52,5819923371647;40,4859080243;37,3467768435322
"Ta_Ne_Omotic";"curveball";0,991212498076276;40,334149359025;52,4950581807861;40,3943518779446;37,9691739979275
"Ta_Ne_Omotic";"curveball";0,991034155929861;40,2877938350575;52,2357989215269;40,3469423750895;38,0882169125263
"Ta_Ne_Omotic";"curveball";0,991077321967556;40,2682618652768;52,2028771108273;40,3273441189676;37,9849765416555
"Ta_Ne_Omotic";"curveball";0,990184282024968;40,2853194345732;52,2213956293458;40,3444089206859;38,1345919832654
"Ta_Ne_Omotic";"curveball";0,990600062664124;40,1250098712785;52,3232474811977;40,1853971861791;39,0597580505046
"Ta_Ne_Omotic";"curveball";0,990108162085137;40,1802890310353;52,3232474811977;40,2404026867292;38,6498493841933
"Ta_Ne_Omotic";"curveball";0,990581317130872;40,1292216167838;52,8177451397758;40,1920360896699;38,1707816451294
"Ta_Ne_Omotic";"curveball";0,991000415521456;40,2095343388876;52,7498439052079;40,2716150793149;37,5125012718674
"Ta_Ne_Omotic";"curveball";0,990800968207602;40,3422043223038;52,8912870725131;40,4043284943346;37,3815266404382
"Ta_Ne_Omotic";"curveball";0,99055961733378;40,2640764431809;52,9674187597559;40,3269642764313;37,4036548908316
"Ta_Ne_Omotic";"curveball";0,990775730674995;40,3420990286662;53,0702994181921;40,4051099216836;37,104534563021
"Ta_Ne_Omotic";"curveball";0,990628258336294;40,3542077969939;53,0825599545906;40,4172194413384;37,2368723800906
"Ta_Ne_Omotic";"curveball";0,989839695725564;40,3444681355129;52,8938626365829;40,4065938508647;37,2940008423454
"Ta_Ne_Omotic";"curveball";0,98991937300203;40,3647371607571;53,0173549027955;40,4273738822523;37,0381283732269
"Ta_Ne_Omotic";"curveball";0,990034906640666;40,3202505988576;52,9834042855116;40,3829394784945;37,0134452118863
"Ta_Ne_Omotic";"curveball";0,98992653281521;40,2626813024823;52,9409465020576;40,3254449915891;36,6522459390693
"Ta_Ne_Omotic";"curveball";0,989820285246934;40,2608386638237;52,7948382290336;40,3228881666218;36,8612212302473
"Ta_Ne_Omotic";"curveball";0,990057710731805;40,3550764695043;52,773233290762;40,4165524933719;36,9246003843825
"Ta_Ne_Omotic";"curveball";0,989799877390556;40,4000368527732;52,8334184759472;40,4615882469473;36,2491996369383
"Ta_Ne_Omotic";"curveball";0,989987545856054;40,4313617099687;52,8797147722435;40,492987220178;36,6581410387036
"Ta_Ne_Omotic";"curveball";0,989392830253571;40,2950064492353;52,8148999574287;40,356986120068;37,347213955009
"Ta_Ne_Omotic";"curveball";0,990017845349623;40,4368896259444;53,1565311480062;40,4998581483308;37,015517931273
"Ta_Ne_Omotic";"curveball";0,991093273024023;40,4655558187897;53,1580743578828;40,5283900689832;37,1605145461902
"Ta_Ne_Omotic";"curveball";0,990482643339105;40,3287530600963;52,9620867035618;40,3912943157571;37,4040114036855
"Ta_Ne_Omotic";"curveball";0,990460516381978;40,1942404380215;52,8231978146729;40,2567600289951;37,7951939070739
"Ta_Ne_Omotic";"curveball";0,990255763648679;40,3702124299139;52,8694941109692;40,4320900619984;36,3991206977757
"Ta_Ne_Omotic";"curveball";0,989492569074713;40,2888730948432;52,5106712076061;40,3493770458965;36,7392563060257
"Ta_Ne_Omotic";"curveball";0,989428005562892;40,3802679723078;52,6742514545196;40,4411292766752;36,0692165295292
"Ta_Ne_Omotic";"curveball";0,989537332774887;40,3721603622101;52,5770824464311;40,4325807685676;36,2791372069506
"Ta_Ne_Omotic";"curveball";0,989371827292942;40,3715022769749;52,5786256563077;40,431933580833;35,9699494824352
"Ta_Ne_Omotic";"curveball";0,989607094925063;40,2176682723946;52,6432808287214;40,2791812058418;35,8599401948844
"Ta_Ne_Omotic";"curveball";0,98926569745585;40,2159046039643;52,6998474528168;40,2777063012359;35,8269721502976
"Ta_Ne_Omotic";"curveball";0,990419850721772;40,2822395956724;52,6257733787427;40,3433461985589;36,3269352759393
"Ta_Ne_Omotic";"curveball";0,990471007438491;40,2797388717787;52,6455264651625;40,3409556420429;36,1603238227686
"Ta_Ne_Omotic";"curveball";0,990471007438491;40,3633946668773;52,6455264651625;40,424197299542;36,3271304818872
"Ta_Ne_Omotic";"curveball";0,990536497200998;40,3567611677064;52,5992301688662;40,4173674498904;37,0119283809972
"Ta_Ne_Omotic";"curveball";0,99080481505433;40,2878464818763;52,2735774088265;40,3471817834949;37,5993831038555
"Ta_Ne_Omotic";"curveball";0,990342145428748;40,5211245360499;52,3399354335178;40,5796335008889;37,3930881103332
"Ta_Ne_Omotic";"curveball";0,991444163544129;40,4651872910579;52,4819107421598;40,5246760210139;37,225739474707
"Ta_Ne_Omotic";"curveball";0,99193189898511;40,4471294322041;52,4099794238683;40,5063514618658;37,4840018206229
"Ta_Ne_Omotic";"curveball";0,991938385684396;40,4377582984548;52,4326841209025;40,497139119358;37,4946857344767
"Ta_Ne_Omotic";"curveball";0,991754920611327;40,5061991629156;52,7459557258408;40,5667920171875;37,2930775483468
"Ta_Ne_Omotic";"curveball";0,991535111373785;40,5200189528548;52,9866964665815;40,5817351781703;37,3108192734586
"Ta_Ne_Omotic";"curveball";0,991358977703197;40,5397088630919;53,3797537959415;40,6032734419674;36,5068784528665
"Ta_Ne_Omotic";"curveball";0,990731640316572;40,5016978599068;53,1381722718887;40,5642546639265;37,6978958267877
"Ta_Ne_Omotic";"curveball";0,990539575687714;40,5477638263708;53,1175961402015;40,6099907190135;37,7056046989076
"Ta_Ne_Omotic";"curveball";0,991054150311083;40,4781120850773;53,0527813253867;40,5403629229006;37,2496676882208
"Ta_Ne_Omotic";"curveball";0,990469294916402;40,503645792203;52,9725876259401;40,5653732270235;36,8920598699206
"Ta_Ne_Omotic";"curveball";0,990414817047287;40,4812708942062;52,9803036753228;40,5431472941127;36,8760476217489
"Ta_Ne_Omotic";"curveball";0,988915433148788;40,232856879623;52,9710444160636;40,2959172139619;38,3369558692921
"Ta_Ne_Omotic";"curveball";0,989837581748528;40,2870304561847;52,878451823471;40,3493642253297;37,5907054008777
"Ta_Ne_Omotic";"curveball";0,990958097217253;39,9503803732659;52,6639101745424;40,0133186396089;38,8293286018222
"Ta_Ne_Omotic";"curveball";0,990310681896772;39,8792545210456;52,3380516531858;39,940931734571;39,2743225891369
"Ta_Ne_Omotic";"curveball";0,990082280830896;39,9671483850588;52,4013764722577;40,0287039696489;39,9738335009339
"Ta_Ne_Omotic";"curveball";0,988572417192869;40,1714706888836;52,5371789413935;40,2326870663713;38,5518343060564
"Ta_Ne_Omotic";"curveball";0,988697682113105;40,2413330174524;52,5659145735774;40,3023457974332;38,4744515643476
"Ta_Ne_Omotic";"curveball";0,989353471176694;40,2786859354024;52,8253795941535;40,3407982802477;37,3018521360235
"Ta_Ne_Omotic";"curveball";0,988876838493789;40,3133012187739;52,5930466865333;40,3740920379212;38,4277865716896
"Ta_Ne_Omotic";"curveball";0,989062142888617;40,3394666877254;52,6362565630765;40,4003418851281;37,2916108662777
"Ta_Ne_Omotic";"curveball";0,988893290949266;40,5632683145121;52,6362565630765;40,6230355830693;36,5898973793657
"Ta_Ne_Omotic";"curveball";0,989019084745199;40,5204138039959;52,6671207606074;40,5805460166524;36,3981530856682
"Ta_Ne_Omotic";"curveball";0,989822648771902;40,5282581799995;52,6300837235703;40,5881682074429;37,7263048279069
"Ta_Ne_Omotic";"curveball";0,990352450005022;40,288083392561;52,5652689087555;40,3488615386808;37,3780481793265
"Ta_Ne_Omotic";"curveball";0,990770708694231;40,3075363921135;52,5822442173975;40,3683022724367;36,2736186649048
"Ta_Ne_Omotic";"curveball";0,98940977760547;40,2600752849509;52,4711331062864;40,3205260662446;36,0098696405311
"Ta_Ne_Omotic";"curveball";0,98908857267608;40,1355918818605;52,5822442173975;40,1972089726305;35,5080639854698
"Ta_Ne_Omotic";"curveball";0,989704409319835;40,319118692253;52,7674294025827;40,3807439927992;35,7981106133316
"Ta_Ne_Omotic";"curveball";0,99015805474067;40,4370475664008;52,8569355754222;40,4985321605049;35,5378480252003
"Ta_Ne_Omotic";"curveball";0,990841618936715;40,4446287083103;52,5822442173975;40,5047159138008;36,275480522071
"Ta_Ne_Omotic";"curveball";0,990658242125679;40,3503382558109;52,4219384135093;40,4100986526312;37,3039242163401
"Ta_Ne_Omotic";"curveball";0,990639799534703;40,2803179867856;52,3568149567192;40,3401026252507;37,509122452471
"Ta_Ne_Omotic";"curveball";0,990273837059537;39,779857327121;52,1772349936143;39,8412304838858;37,2776082412577
"Ta_Ne_Omotic";"curveball";0,990273837059537;39,7411619152913;52,1772349936143;39,8027266335008;37,3080146390048
"Ta_Ne_Omotic";"curveball";0,991488997469972;39,6858827555345;52,4550127713921;39,7490962704645;37,4399826419821
"Ta_Ne_Omotic";"curveball";0,991462215102484;39,6332885835373;52,443660422875;39,6967062659103;37,5071558791095
"Ta_Ne_Omotic";"curveball";0,990907903460642;39,6548474558425;52,193660422875;39,7169207873624;37,0109409838374
"Ta_Ne_Omotic";"curveball";0,99124970438342;40,1367501118745;52,8084433092096;40,1994812663167;36,2411452762822
"Ta_Ne_Omotic";"curveball";0,990545521139448;39,9914448919424;52,6556655314318;40,054139053524;36,2490438935903
"Ta_Ne_Omotic";"curveball";0,990496237441275;40,0520940272184;52,8198311338158;40,115300646558;35,6021553106991
"Ta_Ne_Omotic";"curveball";0,990667274239465;40,1375134907473;52,8213743436923;40,2003048811084;35,4729622621246
"Ta_Ne_Omotic";"curveball";0,990667274239465;40,1297744083814;52,8213743436923;40,1926041110314;35,4432671652778
"Ta_Ne_Omotic";"curveball";0,990392314951697;40,1763931664429;52,7946076344544;40,2388595747004;35,4788950349354
"Ta_Ne_Omotic";"curveball";0,990558439348234;40,1658638026797;52,958187881368;40,2291921397029;34,9361170620864
"Ta_Ne_Omotic";"curveball";0,990558439348234;40,0858932848983;52,958187881368;40,1496175155739;34,8775901701074
"Ta_Ne_Omotic";"curveball";0,990775584808132;40,0881044512885;52,9118915850717;40,1515885460102;34,9127902775093
"Ta_Ne_Omotic";"curveball";0,991267982634544;40,2891363289373;53,1896693628494;40,3530003538577;35,0838483778628
"Ta_Ne_Omotic";"curveball";0,991196976217487;40,2927163126168;53,3001951184901;40,3571097720518;35,1082512674471
"Ta_Ne_Omotic";"curveball";0,991259785647583;40,2438074179368;53,1335284518235;40,3076179181045;35,2785288897385
"Ta_Ne_Omotic";"curveball";0,990678488046602;40,0346679301903;53,0594543777494;40,0991470710198;35,4579719101157
"Ta_Ne_Omotic";"curveball";0,990235167597912;40,1235620837611;53,0835603803037;40,1877204911697;35,1091141022545
"Ta_Ne_Omotic";"curveball";0,988544902066955;40,4336781699966;53,2502270469703;40,4971264317638;34,589284211461
"Ta_Ne_Omotic";"curveball";0,989166782434071;40,4323619995262;53,3613381580815;40,4963668319943;34,4693570481768
"Ta_Ne_Omotic";"curveball";0,989920614854684;40,46331832899;53,3962998439052;40,5273429899549;34,5093546057367
"Ta_Ne_Omotic";"curveball";0,990158735209219;40,4757429782305;53,2959734638853;40,5392094657833;34,8717408328493
"Ta_Ne_Omotic";"curveball";0,989791590434106;40,4644239121851;53,2975166737619;40,5279540743711;34,8277583597713
"Ta_Ne_Omotic";"curveball";0,98939165785332;40,4717944668193;53,2789981552434;40,5351964652769;34,7678110160761
"Ta_Ne_Omotic";"curveball";0,989138050518858;40,4424965121483;53,1864055626508;40,5055851708141;34,867973706841
"Ta_Ne_Omotic";"swap";0,986131180163832;38,9979467740662;51,7514403292181;39,0610828807749;36,0283207793756
"Ta_Ne_Omotic";"swap";0,986131180163832;38,9979467740662;51,7514403292181;39,0610828807749;35,9902790615953
"Ta_Ne_Omotic";"swap";0,986262676259181;39,1582563373608;51,7606995884774;39,2206446702871;35,9969528283556
"Ta_Ne_Omotic";"swap";0,985983880234889;39,1003974834821;51,5894032921811;39,1622242449113;36,4366475957925
"Ta_Ne_Omotic";"swap";0,986111486025754;39,1428044960383;51,678891726976;39,2048643338152;37,0435774237144
"Ta_Ne_Omotic";"swap";0,985551762386969;39,1323014556845;51,6696324677168;39,1943674507936;36,9914613720822
"Ta_Ne_Omotic";"swap";0,985508725580792;39,2797125483693;51,7313608627785;39,3413543717079;36,9777222720884
"Ta_Ne_Omotic";"swap";0,985387899942931;39,3405196241017;51,7313608627785;39,401860422313;36,6868621592804
"Ta_Ne_Omotic";"swap";0,985387899942931;39,3405196241017;51,7313608627785;39,401860422313;36,7055771996946
"Ta_Ne_Omotic";"swap";0,985381767678173;39,2997446629287;51,7774513977579;39,3615154883487;35,845052159377
"Ta_Ne_Omotic";"swap";0,98552349148275;39,3424938798073;51,8232155527175;39,4042796306633;35,8463808509039
"Ta_Ne_Omotic";"swap";0,985691670332948;39,4696359472479;51,8175393784589;39,5307641820559;36,0289682384106
"Ta_Ne_Omotic";"swap";0,985778483318899;39,3867172076127;51,7570455512984;39,4479564568389;36,2533550626207
"Ta_Ne_Omotic";"swap";0,986056917660502;39,3166969385875;51,8465517241379;39,3787259226744;36,1363649305228
"Ta_Ne_Omotic";"swap";0,9860493394889;39,3388086024902;51,8132183908046;39,4005631063927;36,1739458446457
"Ta_Ne_Omotic";"swap";0,986045682846933;39,4240174787438;51,774638143891;39,485159165205;36,2103214095749
"Ta_Ne_Omotic";"swap";0,986179196072502;39,4240174787438;51,7838974031503;39,4852050031221;35,9806307523835
"Ta_Ne_Omotic";"swap";0,986541095339311;39,4184895627682;51,8163048105577;39,479864885777;35,9655799180348
"Ta_Ne_Omotic";"swap";0,986570652879785;39,5192029271631;51,8522243507876;39,5802574886662;35,8566813404266
"Ta_Ne_Omotic";"swap";0,986456999501366;39,5192029271631;51,8522243507876;39,5802574886662;35,9292864208199
"Ta_Ne_Omotic";"swap";0,986396464253077;39,5092790018163;52,049155669079;39,571357599179;35,564856860033
"Ta_Ne_Omotic";"swap";0,986823158959357;39,4884571849746;52,1617922520221;39,5511964674847;35,5158276249924
"Ta_Ne_Omotic";"swap";0,986885698815686;39,4925109900234;52,1617922520221;39,5552302041917;35,4568615371452
"Ta_Ne_Omotic";"swap";0,986885698815686;39,4896154149885;52,1617922520221;39,5523489636867;35,4877577914871
"Ta_Ne_Omotic";"swap";0,9876856648984;39,4721103477322;52,2337058322691;39,5352865630022;35,5692203364084
"Ta_Ne_Omotic";"swap";0,988350877900212;39,4757956250494;52,3463424152121;39,5395112032185;35,677224710114
"Ta_Ne_Omotic";"swap";0,988205768454049;39,5089631209034;52,3370831559529;39,5724686656314;35,617207418313
"Ta_Ne_Omotic";"swap";0,988205768454049;39,5089631209034;52,3370831559529;39,5724686656314;35,6138799308697
"Ta_Ne_Omotic";"swap";0,988008877027362;39,464739793098;52,3370831559529;39,5284642651913;35,2324637051597
"Ta_Ne_Omotic";"swap";0,988400848895899;39,4953275948301;52,4877855825174;39,559646693779;35,2089718293352
"Ta_Ne_Omotic";"swap";0,988392505822564;39,4676880149517;52,411157230027;39,5317645952243;35,2855036957628
"Ta_Ne_Omotic";"swap";0,988417350529968;39,414804285451;52,5006634028665;39,4795857662303;35,3307997159338
"Ta_Ne_Omotic";"swap";0,988643970443027;39,4223591039511;52,4728856250887;39,4869656708875;35,2506371027108
"Ta_Ne_Omotic";"swap";0,988582479366339;39,556871726026;52,4728856250887;39,6208123888926;35,1514249653868
"Ta_Ne_Omotic";"swap";0,989026527640471;39,5399194503672;52,4625798212005;39,6038930165595;35,3621601738865
"Ta_Ne_Omotic";"swap";0,989190736251158;39,6062544420753;52,456903646942;39,669871517347;35,5720925351713
"Ta_Ne_Omotic";"swap";0,989094537588886;39,6075442891363;52,344302540088;39,6705975478044;35,6098493559748
"Ta_Ne_Omotic";"swap";0,989119113775534;39,6490036589539;52,3864481339577;39,7120603147708;35,5197984924847
"Ta_Ne_Omotic";"swap";0,989263305229179;39,5992524151728;52,395707393217;39,6626012021928;35,2507901712345
"Ta_Ne_Omotic";"swap";0,989126389806275;39,6582168522467;52,3802752944515;39,7211973395844;35,3930575504785
"Ta_Ne_Omotic";"swap";0,989056708217065;39,7080997130748;52,2449872286079;39,7701635126567;35,6482235382005
"Ta_Ne_Omotic";"swap";0,98862939649542;39,7044144357577;52,2357279693487;39,7664506413696;35,5784596423252
"Ta_Ne_Omotic";"swap";0,988261828534809;39,7141540972387;52,2357279693487;39,7761420867046;35,5489481215953
"Ta_Ne_Omotic";"swap";0,988302101307982;39,7491642317513;52,2280119199659;39,8109407054553;35,5151585405975
"Ta_Ne_Omotic";"swap";0,988163257033141;39,7596672721051;52,171427557826;39,8211116299552;35,6574063677218
"Ta_Ne_Omotic";"swap";0,988099582378645;39,8002053225934;52,1251312615297;39,8612198074396;35,5470214219628
"Ta_Ne_Omotic";"swap";0,988627508479981;39,8204743478375;52,1919682134242;39,8817193669741;35,5105148868955
"Ta_Ne_Omotic";"swap";0,988915750498505;39,8204743478375;52,2084113807294;39,8818007687924;35,5409217109227
"Ta_Ne_Omotic";"swap";0,989161784975339;39,8167890705204;52,251003973322;39,8783445898412;35,5045667720344
"Ta_Ne_Omotic";"swap";0,989147865630647;39,8167890705204;52,243820065276;39,87830902594;35,4970697999492
"Ta_Ne_Omotic";"swap";0,988944194471748;39,8219484587644;52,2890520788988;39,8836667935175;35,4570995181723
"Ta_Ne_Omotic";"swap";0,988388720669146;39,8170523046145;52,3281644671491;39,8789885034389;35,2799320703335
"Ta_Ne_Omotic";"swap";0,988471547974951;39,8262654979073;52,4042961543919;39,8885329764047;35,2881857012131
"Ta_Ne_Omotic";"swap";0,988471547974951;39,8262654979073;52,4042961543919;39,8885329764047;35,2958872299284
"Ta_Ne_Omotic";"swap";0,988438918588248;39,9744399694648;52,3950368951327;40,0359280730573;35,3690769688028
"Ta_Ne_Omotic";"swap";0,988472807546322;40,0720998183685;52,4902015041862;40,1335755692884;35,1528666097661
"Ta_Ne_Omotic";"swap";0,988166602973206;40,0728368738319;52,4809422449269;40,1342631380452;35,1373768615125
"Ta_Ne_Omotic";"swap";0,988313365828687;40,0779962620759;52,5858273023982;40,139916217721;35,1429103766319
"Ta_Ne_Omotic";"swap";0,988313365828687;40,0779962620759;52,5858273023982;40,139916217721;35,1769298860799
"Ta_Ne_Omotic";"swap";0,98813875707565;40,0577272368317;52,5302717468426;40,1194725066833;35,2486653759637
"Ta_Ne_Omotic";"swap";0,988538954311919;40,0582010582011;52,3750070952178;40,119175345513;35,4721539404081
"Ta_Ne_Omotic";"swap";0,98869291257773;40,0545157808839;52,3750070952178;40,115508312143;35,6132794777508
"Ta_Ne_Omotic";"swap";0,988728829783171;40,1448050751533;52,381179934724;40,2053811883195;35,5718815322395
"Ta_Ne_Omotic";"swap";0,988723755407305;40,0839979994209;52,4367354902796;40,1451501652172;35,6217898016462
"Ta_Ne_Omotic";"swap";0,98863552649603;40,0784700834452;52,4830317865759;40,1398788047478;35,5680842036899
"Ta_Ne_Omotic";"swap";0,988785766950502;40,0784700834452;52,4830317865759;40,1398788047478;35,6027101472532
"Ta_Ne_Omotic";"swap";0,988712564327316;40,0784700834452;52,4758478785299;40,1398432408466;35,5276190008035
"Ta_Ne_Omotic";"swap";0,988712564327316;40,0784700834452;52,4758478785299;40,1398432408466;35,5180095549329
"Ta_Ne_Omotic";"swap";0,988516713433529;40,0895259153966;52,4526997303817;40,1507297461638;35,7479305394965
"Ta_Ne_Omotic";"swap";0,988631761884058;40,166916739056;52,4526997303817;40,2277374469339;35,9401774793087
"Ta_Ne_Omotic";"swap";0,988627318416187;40,2056121508858;52,5082552859373;40,2665163248217;36,0841535324281
"Ta_Ne_Omotic";"swap";0,988585141202306;40,2189054726368;52,461958989641;40,2795146484636;36,1217021477088
"Ta_Ne_Omotic";"swap";0,988593168476033;40,2336465819053;52,41926351639;40,2939714182146;36,0100700649809
"Ta_Ne_Omotic";"swap";0,98859695476837;40,2612861617837;52,4593869731801;40,3216727994639;36,0908778908835
"Ta_Ne_Omotic";"swap";0,988489045889986;40,2502303298323;52,3899425287356;40,3103279149754;36,1884100540789
"Ta_Ne_Omotic";"swap";0,988489045889986;40,2511516491616;52,3899425287356;40,3112446733179;36,2077912201128
"Ta_Ne_Omotic";"swap";0,988489045889986;40,2511516491616;52,3899425287356;40,3112446733179;36,2034587880926
"Ta_Ne_Omotic";"swap";0,988726332989108;40,2548369264787;52,3287462750106;40,3146087549368;36,3113734679045
"Ta_Ne_Omotic";"swap";0,988836856501291;40,262207481113;52,3487902653611;40,3220420493518;36,3365086340954
"Ta_Ne_Omotic";"swap";0,988836856501291;40,262207481113;52,3487902653611;40,3220420493518;36,3086445441802
"Ta_Ne_Omotic";"swap";0,988731213693546;40,2751059517229;52,325642117213;40,334762071354;37,3000463028819
"Ta_Ne_Omotic";"swap";0,988871489548319;40,297954671089;52,325642117213;40,357497678248;37,3484068465166
"Ta_Ne_Omotic";"swap";0,988503646673545;40,2458079970518;52,325642117213;40,3056091560625;37,3655405777371
"Ta_Ne_Omotic";"swap";0,988272674940216;40,1960567532707;52,2592840925216;40,2557757004947;36,5855905239667
"Ta_Ne_Omotic";"swap";0,988043511907196;40,1757877280265;52,2592840925216;40,2356070169597;36,5439217627755
"Ta_Ne_Omotic";"swap";0,987888070950718;40,1794730053437;52,2592840925216;40,2392740503297;36,3943781364946
"Ta_Ne_Omotic";"swap";0,988021627926938;40,2347521651004;52,2685433517809;40,2943253887969;36,3949391157069
"Ta_Ne_Omotic";"swap";0,987771408274597;40,2163257785148;52,2352100184476;40,2758252054452;36,3864119067937
"Ta_Ne_Omotic";"swap";0,987718048278041;40,144462870831;52,2213211295587;40,2042492978544;36,4352099874661
"Ta_Ne_Omotic";"swap";0,987797808613891;40,144462870831;52,1750248332624;40,2040201082688;36,4671236565386
"Ta_Ne_Omotic";"swap";0,987797808613891;40,1168232909526;52,1750248332624;40,1765173579938;36,5202346750238
"Ta_Ne_Omotic";"swap";0,98830058988845;40,0891837110743;52,3005392365546;40,1496359661509;37,1057575673826
"Ta_Ne_Omotic";"swap";0,988404680890197;40,1805785885388;52,3807861501348;40,2409756556754;37,0305159794565
"Ta_Ne_Omotic";"swap";0,988536703430798;40,1407775935139;52,3230523627075;40,2010858844505;37,3042495902748
"Ta_Ne_Omotic";"swap";0,988581658659982;40,2163257785148;52,3600893997446;40,2764434202041;37,5418048029611
"Ta_Ne_Omotic";"swap";0,988502115261783;40,1875806154413;52,3292252022137;40,247687766861;37,5654425134755
"Ta_Ne_Omotic";"swap";0,98858711749961;40,1973466003317;52,3651447424436;40,2575832247976;37,5120425839534
"Ta_Ne_Omotic";"swap";0,98870040791982;40,2130090289294;52,3157620263942;40,2729236477288;37,5420937954344
"Ta_Ne_Omotic";"swap";0,988922287979099;40,2130090289294;52,3250212856535;40,2729694856459;37,6483171599808
"Ta_Ne_Omotic";"swap";0,989162384081055;40,2944536576377;52,4648680289485;40,3547032337333;37,4625001990002
"Ta_Ne_Omotic";"swap";0,989201680963883;40,2594435231251;52,4648680289485;40,3198664167183;37,4483148643907
"Ta_Ne_Omotic";"swap";0,989946859064618;40,3077206559794;52,4350148999574;40,3677567660981;37,62923175312
"Ta_Ne_Omotic";"swap";0,98993271546807;40,3172497301851;52,3131545338442;40,3766353975299;37,6268622522984
"Ta_Ne_Omotic";"swap";0,98995172838792;40,3172497301851;52,2982545764155;40,3765616353644;37,6303269477043
"Ta_Ne_Omotic";"swap";0,989838324107789;40,3172497301851;52,2982545764155;40,3765616353644;37,6396735857718
"Ta_Ne_Omotic";"swap";0,99002837497073;40,3172497301851;52,2982545764155;40,3765616353644;37,6198007752698
"Ta_Ne_Omotic";"swap";0,990112823527258;40,3325436310511;52,2210940825883;40,3913978412072;37,6929339026658
"Ta_Ne_Omotic";"swap";0,990112823527258;40,3325436310511;52,2210940825883;40,3913978412072;37,7253238526706
"Ta_Ne_Omotic";"swap";0,990149703228463;40,3235147016242;52,2548389385554;40,3825806631931;37,5318389621336
"Ta_Ne_Omotic";"swap";0,9901252041184;40,3235147016242;52,310394494111;40,3828556906959;37,4937759186318
"Ta_Ne_Omotic";"swap";0,990078606361923;40,2645502645503;52,2954945366823;40,3241093946103;37,5452179218529
"Ta_Ne_Omotic";"swap";0,99030025315843;40,2488878359525;52,3443628494395;40,3087664251282;37,396554344885
"Ta_Ne_Omotic";"swap";0,99047081979707;40,3095106478191;52,3906591457358;40,3693183136504;37,6459050158821
"Ta_Ne_Omotic";"swap";0,990281947819227;40,3095106478191;52,4369554420321;40,369547503236;37,6667564065754
"Ta_Ne_Omotic";"swap";0,990298942921844;40,3205664797705;52,3937987796225;40,3803349565024;37,6936767148228
"Ta_Ne_Omotic";"swap";0,990362181401912;40,2044802442812;52,3937987796225;40,2648234053473;37,7873537684219
"Ta_Ne_Omotic";"swap";0,990000082707377;40,2044802442812;52,3783666808571;40,2647470088187;37,7383387181898
"Ta_Ne_Omotic";"swap";0,990051713329616;40,2109294795862;52,4457712501774;40,271498003203;37,6813883573713
"Ta_Ne_Omotic";"swap";0,990280132758823;40,2109294795862;52,3994749538811;40,2712688136174;37,6214780606998
"Ta_Ne_Omotic";"swap";0,990077291581739;40,2293558661718;52,4457712501774;40,289833170053;37,58709843609
"Ta_Ne_Omotic";"swap";0,990011324760751;40,1464371265366;52,4335107137789;40,2072642235032;37,6495852453115
"Ta_Ne_Omotic";"swap";0,990046782317349;40,1534391534392;52,3841279977295;40,2139871180148;37,6579996801512
"Ta_Ne_Omotic";"swap";0,990103438149467;40,2289873384401;52,4674613310629;40,289573843354;37,625978799385
"Ta_Ne_Omotic";"swap";0,990071189503219;40,1073731869752;52,4458563927913;40,168454787004;37,5826800753767
"Ta_Ne_Omotic";"swap";0,990067191657962;40,2359893653426;52,5646835532851;40,2970225048869;37,6264065367147
"Ta_Ne_Omotic";"swap";0,989851033736247;40,1825528442444;52,4674613310629;40,243369222892;37,7170813092116
"Ta_Ne_Omotic";"swap";0,989239146835815;40,1619152912685;52,4211650347666;40,2226046464344;37,6838403324497
"Ta_Ne_Omotic";"swap";0,989239146835815;40,1619152912685;52,4211650347666;40,2226046464344;37,6820272794357
"Ta_Ne_Omotic";"swap";0,989239146835815;40,1619152912685;52,4211650347666;40,2226046464344;37,6380861293954
"Ta_Ne_Omotic";"swap";0,98922417101165;40,1434889046829;52,365609479211;40,2039944520816;37,5585992261472
"Ta_Ne_Omotic";"swap";0,989295621940526;40,1939772039275;52,4362033489428;40,2545822838533;37,414045592009
"Ta_Ne_Omotic";"swap";0,989151376835938;40,1845797467688;52,3621292748687;40,2448646454228;37,5577462958352
"Ta_Ne_Omotic";"swap";0,98949253509588;40,2603121956356;52,4707712501774;40,3207600127373;37,4032195376663
"Ta_Ne_Omotic";"swap";0,98949253509588;40,1884492879518;52,4707712501774;40,2492528620222;37,3901061899489
"Ta_Ne_Omotic";"swap";0,989654556471563;40,1902919266103;52,4501951184901;40,2509845166691;36,4378228087608
"Ta_Ne_Omotic";"swap";0,989654556471563;40,1902919266103;52,4501951184901;40,2509845166691;36,4412281818193
"Ta_Ne_Omotic";"swap";0,989689904811979;40,2031903972203;52,5057506740457;40,2640941609669;36,3855307928295
"Ta_Ne_Omotic";"swap";0,989432959542536;40,2218010476717;52,5211827728111;40,282689076014;36,3793717023149
"Ta_Ne_Omotic";"swap";0,989372747321563;40,2678670141357;52,5026642542926;40,3284353173048;37,6201742950089
"Ta_Ne_Omotic";"swap";0,989147034218207;40,2791071099529;52,4537959415354;40,3393778467429;36,7849618569743
"Ta_Ne_Omotic";"swap";0,989186214522126;40,2754218326358;52,509351497091;40,3359858408756;37,119202662744
"Ta_Ne_Omotic";"swap";0,989186214522126;40,2754218326358;52,509351497091;40,3359858408756;37,1275881762301
"Ta_Ne_Omotic";"swap";0,989276510814092;40,2551528073916;52,5186107563502;40,3158629952577;37,6857664641598
"Ta_Ne_Omotic";"swap";0,989106769898565;40,2308299770986;52,509351497091;40,2916147370986;37,6694703205038
"Ta_Ne_Omotic";"swap";0,989050948287755;40,2050330358788;52,4837342131403;40,2658186852712;37,6888745331614
"Ta_Ne_Omotic";"swap";0,989075612943504;40,2050330358788;52,4281786575848;40,2655436577684;37,7061974994003
"Ta_Ne_Omotic";"swap";0,989068132265931;40,1055305483166;52,4220058180786;40,1665031981669;37,7858864397281
"Ta_Ne_Omotic";"swap";0,989027491440399;40,0585432625234;52,4076380019867;40,1196773948969;37,7992559970451
"Ta_Ne_Omotic";"swap";0,988892027382977;40,0585432625234;52,3937491130978;40,1196086380213;37,8333376355576
"Ta_Ne_Omotic";"swap";0,98897620970979;40,1134538945484;52,4770824464311;40,1746599764884;37,716886234371
"Ta_Ne_Omotic";"swap";0,988963849184852;40,1134538945484;52,4770824464311;40,1746599764884;37,703005640496
"Ta_Ne_Omotic";"swap";0,988963849184852;40,1134538945484;52,4770824464311;40,1746599764884;37,6795407342643
"Ta_Ne_Omotic";"swap";0,98895240218623;40,1106899365606;52,4543777493969;40,1717973019707;36,7868793061327
"Ta_Ne_Omotic";"swap";0,988862984629221;40,062781331438;52,386476514829;40,123789723435;36,9663140147471
"Ta_Ne_Omotic";"swap";0,989027928605213;40,0517254994867;52,3808003405705;40,1127605234525;37,183377888412
"Ta_Ne_Omotic";"swap";0,989027928605213;40,0517254994867;52,3808003405705;40,1127605234525;37,1690663806177
"Ta_Ne_Omotic";"swap";0,989117052779596;40,0996341046092;52,4487015751384;40,1607681019881;37,0407132124743
"Ta_Ne_Omotic";"swap";0,989236377327327;40,1641264576588;52,4487015751384;40,2249411859631;37,0424855134269
"Ta_Ne_Omotic";"swap";0,988762376596339;40,1659690963174;52,4610472541507;40,226835819871;36,6467090007027
"Ta_Ne_Omotic";"swap";0,988461851857116;40,1761036089394;52,3659855257556;40,2364495590227;36,7100125488116
"Ta_Ne_Omotic";"swap";0,988579404198254;40,1761036089394;52,4215410813112;40,2367245865254;36,7691712553466
"Ta_Ne_Omotic";"swap";0,988579404198254;40,1761036089394;52,4215410813112;40,2367245865254;36,7030072664037
"Ta_Ne_Omotic";"swap";0,988833214582158;40,10626760378;52,3474670072371;40,1668676008269;37,0317047333926
"Ta_Ne_Omotic";"swap";0,98887717329954;40,1490168206586;52,3937633035334;40,2096343775045;37,1339557951354
"Ta_Ne_Omotic";"swap";0,98887717329954;40,1490168206586;52,3937633035334;40,2096343775045;37,1013940816607
"Ta_Ne_Omotic";"swap";0,98887717329954;40,1490168206586;52,3937633035334;40,2096343775045;37,132145536576
"Ta_Ne_Omotic";"swap";0,9886780509611;40,2146147569033;52,4848126862495;40,275358311009;36,9585121836237
"Ta_Ne_Omotic";"swap";0,988692547158274;40,2127721182448;52,5181460195828;40,2736898108256;36,9289779664282
"Ta_Ne_Omotic";"swap";0,988552128778197;40,2127721182448;52,5052859372783;40,2736261470518;36,9191142797304
"Ta_Ne_Omotic";"swap";0,98869445622003;40,2293558661718;52,6029870867036;40,2906114662734;36,9639282620943
"Ta_Ne_Omotic";"swap";0,988741945473764;40,1842112190371;52,4903859798496;40,2451328762688;36,9698121503808
"Ta_Ne_Omotic";"swap";0,988741945473764;40,1842112190371;52,4903859798496;40,2451328762688;37,0400264839126
"Ta_Ne_Omotic";"swap";0,988776493139784;40,2186422385427;52,6523165886193;40,2801950818599;36,8804696989719
"Ta_Ne_Omotic";"swap";0,988740208722308;40,2357787780673;52,7197211579395;40,2975804730172;36,6359656637786
"Ta_Ne_Omotic";"swap";0,988860816672022;40,2917949932875;52,776766709238;40,3536017839605;36,478581308345
"Ta_Ne_Omotic";"swap";0,988860816672022;40,3070888941536;52,776766709238;40,3688199724461;36,5470653147916
"Ta_Ne_Omotic";"swap";0,988860816672022;40,3070888941536;52,776766709238;40,3688199724461;36,497216993371
"Ta_Ne_Omotic";"swap";0,988521846454715;40,3734238858617;52,8027955158223;40,4349554285843;36,3692822236126
"Ta_Ne_Omotic";"swap";0,988456196019079;40,3734238858617;52,7379807010075;40,4346345631644;36,3560757955224
"Ta_Ne_Omotic";"swap";0,988421404246539;40,3603411513859;52,7116432524478;40,4214862112922;36,3803730950481
"Ta_Ne_Omotic";"swap";0,988409934074361;40,3629208455079;52,7245033347524;40,424116798425;36,2543326177686
"Ta_Ne_Omotic";"swap";0,988121975853212;40,3186975177025;52,6874662977153;40,3799290463164;36,3581108957713
"Ta_Ne_Omotic";"swap";0,98866867802291;40,3485482639711;52,6812934582092;40,409601458002;36,3656137920507
"Ta_Ne_Omotic";"swap";0,988804556183753;40,3456000421175;52,746108273024;40,4069886967259;36,2871685549987
"Ta_Ne_Omotic";"swap";0,988526155498585;40,3677117060202;52,7666844047112;40,429092758984;36,1411294291686
"Ta_Ne_Omotic";"swap";0,988638560038802;40,3732396219958;52,8222399602668;40,4348683365417;36,0773319951787
"Ta_Ne_Omotic";"swap";0,988442443986732;40,4242807128379;52,9283276571591;40,4861819353346;35,9800956106397
"Ta_Ne_Omotic";"swap";0,988248434553409;40,4187527968623;52,9283276571591;40,4806813852796;35,5177091719311
"Ta_Ne_Omotic";"swap";0,98852506672314;40,5071994524731;52,9514758053072;40,5688047809525;35,4726553667424
"Ta_Ne_Omotic";"swap";0,988606149484036;40,4961436205217;52,9576486448134;40,5578342394539;35,4877074401586
"Ta_Ne_Omotic";"swap";0,988391506647047;40,4814025112533;53,1257733787427;40,5439984066369;35,2986576853649
"Ta_Ne_Omotic";"swap";0,988930392214512;40,472742109558;53,3181602100184;40,5363332882732;34,9353097561449
"Ta_Ne_Omotic";"swap";0,989300692519123;40,5003816894364;53,3135305803888;40,5638131195896;35,1234354752384
"Ta_Ne_Omotic";"swap";0,989081013395744;40,439574613704;53,2903824322407;40,5031924741918;35,4474442726965
"Ta_Ne_Omotic";"swap";0,988947572046277;40,4008792018742;53,2579572867887;40,4645281032847;35,5035899754306
"Ta_Ne_Omotic";"swap";0,988903666363833;40,41796309458;53,1684511139492;40,4810843223987;35,4683393422427
"Ta_Ne_Omotic";"swap";0,989319298449448;40,41796309458;53,1838832127146;40,4811607189272;35,5799542792157
"Ta_Ne_Omotic";"swap";0,989137554647578;40,4124351786043;53,2301795090109;40,4758893584578;35,5340407976719
"Ta_Ne_Omotic";"swap";0,98935163186183;40,3682118507989;53,2517844472825;40,4319919131577;35,2796304287603
"Ta_Ne_Omotic";"swap";0,989571580168223;40,3424149095791;53,2656733361714;40,4063914364434;35,2865323795781
"Ta_Ne_Omotic";"swap";0,989357675798104;40,3811103214088;53,250241237406;40,4448188902999;35,3266357015169
"Ta_Ne_Omotic";"swap";0,98936797949006;40,3903235147016;53,2373811551015;40,4539228099511;35,3565856046193
"Ta_Ne_Omotic";"swap";0,989606414967164;40,390349838111;53,1715197956577;40,4536229567127;35,566430245627
"Ta_Ne_Omotic";"swap";0,989690138546466;40,4406538734897;53,2205619412516;40,5039207451123;35,5460480472221
"Ta_Ne_Omotic";"swap";0,989931150140391;40,4494985390508;53,0637540797502;40,5119453486582;35,8903649682714
"Ta_Ne_Omotic";"swap";0,989924983653658;40,3997472952697;53,0488541223216;40,4623666359977;36,0822209082165
"Ta_Ne_Omotic";"swap";0,98963376509497;40,4071178499039;53,0771108273024;40,4698405874158;35,9163642505847
"Ta_Ne_Omotic";"swap";0,989545390362512;40,4550264550265;53,1234071235987;40,5177412108115;35,8432171075558
"Ta_Ne_Omotic";"swap";0,989682888666056;40,4550264550265;53,0771108273024;40,5175120212258;35,8428438621994
"Ta_Ne_Omotic";"swap";0,989612234725081;40,4806391323804;53,135752802611;40,5432882099558;35,5219886332279
"Ta_Ne_Omotic";"swap";0,989969605977528;40,498354786912;52,9608379452249;40,5600502480918;35,8161569079611
"Ta_Ne_Omotic";"swap";0,989508414931827;40,471452262497;53,0230984816234;40,533589124968;35,5305671603072
"Ta_Ne_Omotic";"swap";0,989716681329706;40,3719497749348;53,044703419895;40,4346861791178;35,3290315841995
"Ta_Ne_Omotic";"swap";0,989674888570762;40,3995893548132;52,9891478643394;40,4619139018901;35,3382379595227
"Ta_Ne_Omotic";"swap";0,989712523672825;40,4169101582037;53,0570490989073;40,4794851034547;35,3410539674603
"Ta_Ne_Omotic";"swap";0,989499220894906;40,4174629498013;53,0109763019725;40,4798070753071;35,3231505621054
"Ta_Ne_Omotic";"swap";0,989538672952822;40,4174629498013;53,0109763019725;40,4798070753071;35,248920117287
"Ta_Ne_Omotic";"swap";0,989883684914727;40,4174629498013;53,0876046544629;40,4801864235867;35,2912948206816
"Ta_Ne_Omotic";"swap";0,990155660440517;40,456158361631;53,0876046544629;40,5186902739718;35,5577615683175
"Ta_Ne_Omotic";"swap";0,990155660440517;40,456158361631;53,0876046544629;40,5186902739718;35,5703859569383
"Ta_Ne_Omotic";"swap";0,990155660440517;40,456158361631;53,0876046544629;40,5186902739718;35,529293402852
"Ta_Ne_Omotic";"swap";0,990263744372091;40,4390218221064;53,2231162196679;40,5023094181339;35,3019344283618
"Ta_Ne_Omotic";"swap";0,990263744372091;40,451446471347;53,2231162196679;40,5146725592099;35,2717834831508
"Ta_Ne_Omotic";"swap";0,990263744372091;40,451446471347;53,2231162196679;40,5146725592099;35,2972848535269
"Ta_Ne_Omotic";"swap";0,990219952194291;40,451709705441;53,2385483184334;40,5150108866935;35,1900082261266
"Ta_Ne_Omotic";"swap";0,990290353789101;40,3909026297086;53,1922520221371;40,4542756465028;35,0561835938913
"Ta_Ne_Omotic";"swap";0,990714030644464;40,4324409697544;53,1737335036186;40,4955166753676;34,9552937209507
"Ta_Ne_Omotic";"swap";0,990705150219852;40,45086735634;53,2508939974457;40,5142338248603;34,968790883003
"Ta_Ne_Omotic";"swap";0,990424171976272;40,4481033983522;53,2508939974457;40,5114835498328;34,9245232685298
"Ta_Ne_Omotic";"swap";0,990424171976272;40,4481033983522;53,2508939974457;40,5114835498328;34,9111432888286
"Ta_Ne_Omotic";"swap";0,990381341611685;40,4436810655716;53,2048034624663;40,5068549388236;34,95680966474
"Ta_Ne_Omotic";"swap";0,990463398686609;40,4436810655716;53,1492479069107;40,5065799113208;34,980805010433
"Ta_Ne_Omotic";"swap";0,990446860206244;40,4533944036432;53,0597417340712;40,5158020636948;34,9339985025767
"Ta_Ne_Omotic";"swap";0,990133794691812;40,4533944036432;53,050482474812;40,5157562257777;34,8170308949411
"Ta_Ne_Omotic";"swap";0,990133794691812;40,4312827397405;53,050482474812;40,4937540255576;34,8736613966082
"Ta_Ne_Omotic";"swap";0,990064241196365;40,3373081681539;53,050482474812;40,4002446746225;34,7510566116989
"Ta_Ne_Omotic";"swap";0,990135277734166;40,3981152438864;53,0355825173833;40,4606769630621;35,0222461201088
"Ta_Ne_Omotic";"swap";0,990135277734166;40,3981152438864;53,0355825173833;40,4606769630621;35,0342305480724
"Ta_Ne_Omotic";"swap";0,990362980505997;40,408802548106;53,0831133815808;40,471546661143;35,0084463503432
"Ta_Ne_Omotic";"swap";0,990153764572266;40,3959040774961;53,1294096778771;40,4589412339336;34,9679051156941
"Ta_Ne_Omotic";"swap";0,990562488764478;40,4261233514965;53,1324960976302;40,4890261868734;35,0575797608314
"Ta_Ne_Omotic";"swap";0,990516705932968;40,4924583432046;53,1530722293174;40,5551346495715;34,9148851369281
"Ta_Ne_Omotic";"swap";0,990139416447195;40,4924583432046;53,1319994323826;40,5550303287946;34,8244058483144
"Ta_Ne_Omotic";"swap";0,990214395200054;40,4924583432046;53,1114233006953;40,5549284667565;35,1497421448651
"Ta_Ne_Omotic";"swap";0,990683487409127;40,480481191924;53,2183837093799;40,5435401152777;35,0976685722933
"Ta_Ne_Omotic";"swap";0,990683487409127;40,480481191924;53,2183837093799;40,5435401152777;35,1060080378644
"Ta_Ne_Omotic";"swap";0,990497588566808;40,4638974439969;53,2172520221371;40,5270328627006;34,9969362406592
"Ta_Ne_Omotic";"swap";0,990473828085512;40,4528416120456;53,1616964665815;40,5157567350879;34,7931476483201
"Ta_Ne_Omotic";"swap";0,990414927782952;40,4749532759483;53,2079927628778;40,5379881248935;34,7439362894862
"Ta_Ne_Omotic";"swap";0,990679515168343;40,4749532759483;53,2697211579396;40,5382937110077;34,7240084545035
"Ta_Ne_Omotic";"swap";0,990316774648624;40,5707704861934;53,2388569604087;40,6334837855707;35,0244791263983
"Ta_Ne_Omotic";"swap";0,990708875480173;40,5956461080839;53,1925606641124;40,6580070712326;35,0625382823834
"Ta_Ne_Omotic";"swap";0,990730157929344;40,5127273684488;53,1709557258408;40,5753918652675;35,2386360077159
"Ta_Ne_Omotic";"swap";0,990730157929344;40,5127273684488;53,1709557258408;40,5753918652675;35,2269226708282
"Ta_Ne_Omotic";"swap";0,990887749552891;40,5088841506752;53,0660706683695;40,5710484403668;35,1982067751308
"Ta_Ne_Omotic";"swap";0,990853484275729;40,5088841506752;53,0043422733078;40,5707428542526;35,1600370838302
"Ta_Ne_Omotic";"swap";0,990897232966225;40,4314933270157;52,9894423158791;40,493661391317;35,3713199464569
"Ta_Ne_Omotic";"swap";0,990820062739182;40,4038537471373;52,9683695189442;40,4660543202651;35,397418471353
"Ta_Ne_Omotic";"swap";0,990904068902243;40,3817420832346;52,9412090251171;40,4439176621548;35,7312643807637
"Ta_Ne_Omotic";"swap";0,99084445094075;40,3835847218932;52,9875053214134;40,4459803684255;36,0101043714445
"Ta_Ne_Omotic";"swap";0,990763099664681;40,4360999236621;53,0029374201788;40,4983119904765;35,6834020599042
"Ta_Ne_Omotic";"swap";0,990372676574563;40,386348679881;52,9603448275862;40,4485961855627;35,7595266303918
"Ta_Ne_Omotic";"swap";0,990295769690574;40,3251730764169;52,9007449978714;40,3874283829587;36,1434313465008
"Ta_Ne_Omotic";"swap";0,99021650778206;40,3616573218563;52,8096956151554;40,4232812738033;36,0191454570117
"Ta_Ne_Omotic";"swap";0,990264925999174;40,3616573218563;52,8096956151554;40,4232812738033;36,0048040396655
"Ta_Ne_Omotic";"swap";0,990364543448983;40,3773197504541;52,8714240102171;40,43917175174;36,0362079536383
"Ta_Ne_Omotic";"swap";0,990336966963878;40,3349390613072;52,797349936143;40,396634164648;36,041970966156
"Ta_Ne_Omotic";"swap";0,990470974957238;40,3128273974045;52,8066091954023;40,3746778023451;36,0402533836201
"Ta_Ne_Omotic";"swap";0,990376925818222;40,2299086577694;52,7911770966369;40,2920931549915;36,1214121040067
"Ta_Ne_Omotic";"swap";0,990376925818222;40,2299086577694;52,7911770966369;40,2920931549915;36,1287537810142
"Ta_Ne_Omotic";"swap";0,990308999829047;40,2299086577694;52,8559919114517;40,2924140204113;36,060596646331
"Ta_Ne_Omotic";"swap";0,990871651479477;40,1528863618416;52,7417766425429;40,215207600855;36,557677669303
"Ta_Ne_Omotic";"swap";0,990937898239333;39,9925767985469;52,6463033915141;40,0552190094032;36,7594057965519
"Ta_Ne_Omotic";"swap";0,991167916055558;39,9911026876201;52,6463033915141;40,0537521960552;36,8373163407233
"Ta_Ne_Omotic";"swap";0,991233388672357;40,0076864355471;52,6585639279126;40,070314541945;36,8164750179443
"Ta_Ne_Omotic";"swap";0,990899990032433;39,9435626102293;52,5304775081595;40,00587407012;37,0170256078683
"Ta_Ne_Omotic";"swap";0,990917365715776;39,947800679144;52,4857776358734;40,0098698719991;37,0790215231871
"Ta_Ne_Omotic";"swap";0,99100865801962;39,9124220168996;52,5089257840216;39,9747809464398;37,1045236490073
"Ta_Ne_Omotic";"swap";0,99124572555515;39,7935718234226;52,4636937703988;39,8562951993977;37,5577598426149
"Ta_Ne_Omotic";"swap";0,991067590276749;39,7797520334834;52,4636937703988;39,8425438242602;37,6015321688363
"Ta_Ne_Omotic";"swap";0,99060943468295;39,798178420069;52,3203987512417;39,8601696098272;37,6631947428338
"Ta_Ne_Omotic";"swap";0,990979014439293;39,7688804653979;52,4099049240812;39,8314597944013;37,6337051371755
"Ta_Ne_Omotic";"swap";0,990953510635117;39,7633525494222;52,4654604796367;39,826234271849;37,8190123014661
"Ta_Ne_Omotic";"swap";0,991263354820964;39,8794387849114;52,5352135660565;39,9420911353131;37,4178633360432
"Ta_Ne_Omotic";"swap";0,991292071523918;39,8794387849114;52,5352135660565;39,9420911353131;37,4196121885845
"Ta_Ne_Omotic";"swap";0,991251002728204;39,8840190581484;52,5475592450688;39,946709851153;37,4214272635722
"Ta_Ne_Omotic";"swap";0,991649256294049;39,7171023190924;52,4529977295303;39,7801513062728;38,0941999840327
"Ta_Ne_Omotic";"swap";0,991656490631944;39,8497723025086;52,4668866184192;39,9122332644686;37,5807022721388
"Ta_Ne_Omotic";"swap";0,991821448663743;39,8184474453131;52,4884915566908;39,8811704359635;37,2586847982431
"Ta_Ne_Omotic";"swap";0,991877913787228;39,8084971965569;52,4792322974315;39,8712236079474;37,2006413436992
"Ta_Ne_Omotic";"swap";0,991803425898522;39,8600910789966;52,4699730381723;39,9225162372103;37,5664932117076
"Ta_Ne_Omotic";"swap";0,991803425898522;39,8084971965569;52,4699730381723;39,8711777700302;37,7088994377274
"Ta_Ne_Omotic";"swap";0,991114175873097;39,8360314827977;52,4915779764439;39,8986827030632;37,6708826713914
"Ta_Ne_Omotic";"swap";0,990881883636706;39,86883045092;52,4020718036044;39,9308762001907;37,3039070706412
"Ta_Ne_Omotic";"swap";0,990919473195646;39,9967885440522;52,5429296154392;40,0588981533165;37,2216594611597
"Ta_Ne_Omotic";"swap";0,990835785145449;39,9995525020401;52,6170036895133;40,062015131681;37,5017375148609
"Ta_Ne_Omotic";"swap";0,991061736850696;40,1340651241149;52,7506775933021;40,1965236016851;37,3456402272412
"Ta_Ne_Omotic";"swap";0,990993983362844;40,0032377793572;52,6596282105861;40,0658931775316;37,2256054438357
"Ta_Ne_Omotic";"swap";0,991351611835858;39,9921819474058;52,673517099475;40,0549608342973;37,2920219841107
"Ta_Ne_Omotic";"swap";0,991206541827963;40,1414356787491;52,6874059883638;40,2035444426581;37,4697419999525
"Ta_Ne_Omotic";"swap";0,991393799493003;40,1414356787491;52,7084787852987;40,203648763435;37,4807746160629
"Ta_Ne_Omotic";"swap";0,991406573874584;40,1298270552002;52,7763800198666;40,1924337530451;37,4288123778467
"Ta_Ne_Omotic";"swap";0,991377393686768;40,1362499670957;52,7536753228324;40,1987124688568;37,5472213517937
"Ta_Ne_Omotic";"swap";0,991797642942876;40,1312748427176;52,809230878388;40,1940370013101;37,5612829669357
"Ta_Ne_Omotic";"swap";0,991457270880383;40,1388296612177;52,8347630197247;40,2016808164579;37,4743177353624
"Ta_Ne_Omotic";"swap";0,991378197093495;40,116717997315;52,8255037604654;40,1796327783207;37,9929589965694
"Ta_Ne_Omotic";"swap";0,991378197093495;40,116717997315;52,8255037604654;40,1796327783207;38,0050861008047
"Ta_Ne_Omotic";"swap";0,991373748248415;40,0061596778015;52,8255037604654;40,0696217772206;38,29510405667
"Ta_Ne_Omotic";"swap";0,991425363782729;40,00800231646;52,7921704271321;40,071290277404;38,3470142301105
"Ta_Ne_Omotic";"swap";0,991425363782729;39,9803627365816;52,7921704271321;40,0437875271289;38,2512336226412
"Ta_Ne_Omotic";"swap";0,991465977902416;40,0817078628024;52,8281431814957;40,1448090277464;38,2545754100976
"Ta_Ne_Omotic";"swap";0,991465977902416;40,0817078628024;52,8281431814957;40,1448090277464;38,2727064457626
"Ta_Ne_Omotic";"swap";0,991482495701944;40,0384058543263;52,874439477792;40,1019505752345;38,4878022926485
"Ta_Ne_Omotic";"swap";0,991309471088984;40,0752586274974;52,7972789839648;40,1382389262918;38,439037361188
"Ta_Ne_Omotic";"swap";0,991282421025936;40,0752586274974;52,7972789839648;40,1382389262918;38,4750625473489
"Ta_Ne_Omotic";"swap";0,991775056482639;39,8982863460475;52,579977295303;39,9610669943112;39,3183940429931
"Ta_Ne_Omotic";"swap";0,991775056482639;39,9084208586696;52,579977295303;39,9711513360787;39,3188554597478
"Ta_Ne_Omotic";"swap";0,991743849225162;39,9415883545237;52,5686249467859;40,0040984366636;39,2864784289314
"Ta_Ne_Omotic";"swap";0,991721074583629;39,9363499960515;52,424918404995;39,9981745921354;39,464115112899
"Ta_Ne_Omotic";"swap";0,991614913361669;39,9363499960515;52,4172023556123;39,9981363938711;39,4148457350761
"Ta_Ne_Omotic";"swap";0,991614913361669;39,9258469556977;52,4172023556123;39,9876853487666;39,4285164623179
"Ta_Ne_Omotic";"swap";0,991650400897534;39,9381136644818;52,5096104725415;40,000348797195;39,2093070768625
"Ta_Ne_Omotic";"swap";0,991650235059382;39,9067888072863;52,4762771392082;39,9690139970483;39,2889097212614
"Ta_Ne_Omotic";"swap";0,991697443933557;39,9067888072863;52,4207215836526;39,9687389695456;39,2543958638269
"Ta_Ne_Omotic";"swap";0,991762367145886;39,9067888072863;52,4901660280971;39,969082753924;39,2380999780014
"Ta_Ne_Omotic";"swap";0,991762529143803;39,9731237989944;52,4778203490847;40,0350282373612;39,3434209282288
"Ta_Ne_Omotic";"swap";0,992026372897665;40,0265603200927;52,5344047112246;40,0884803418309;39,0143158005598
"Ta_Ne_Omotic";"swap";0,992026372897665;40,0265603200927;52,5344047112246;40,0884803418309;38,9852941684919
"Ta_Ne_Omotic";"swap";0,991911075113052;40,0265603200927;52,5807010075209;40,0887095314166;39,0405279562898
"Ta_Ne_Omotic";"swap";0,992100649223621;39,9897075469215;52,5899602667802;40,0520850356337;38,9780275115387
"Ta_Ne_Omotic";"swap";0,992280356259446;40,0486719839954;52,6566269334469;40,111087602557;38,9471267486827
"Ta_Ne_Omotic";"swap";0,992481354428854;40,0099765721656;52,6010713778913;40,0723087246692;39,0221430620296
"Ta_Ne_Omotic";"swap";0,992528111004433;40,0143989049462;52,6010713778913;40,0767091647132;39,001765298235
"Ta_Ne_Omotic";"swap";0,992961460418595;40,0164258074706;52,6494430254009;40,0789654966683;38,9986293919765
"Ta_Ne_Omotic";"swap";0,992961460418595;40,0164258074706;52,6494430254009;40,0789654966683;39,0677284218115
"Ta_Ne_Omotic";"swap";0,99302145476777;40,0164258074706;52,6437668511423;40,0789373967957;39,0831830543891
"Ta_Ne_Omotic";"swap";0,992966522789712;39,9681486746163;52,5789520363275;40,0305783942288;39,0236114931584
"Ta_Ne_Omotic";"swap";0,99275397449043;40,0234278343731;52,5696927770683;40,0855380568617;38,9719175009347
"Ta_Ne_Omotic";"swap";0,992714560375722;40,0298770696781;52,6530261104016;40,0923679065133;38,8980561914855
"Ta_Ne_Omotic";"swap";0,992780690904932;40,0796283134592;52,6740989073365;40,1419771777853;38,8939198974503
"Ta_Ne_Omotic";"swap";0,993053929213177;40,0984232277765;52,692617425855;40,1607707238066;38,9460153674108
"Ta_Ne_Omotic";"swap";0,993124283605981;40,2237226565585;52,7018766851142;40,2854956963038;38,4504008309467
"Ta_Ne_Omotic";"swap";0,993127671583948;40,2237226565585;52,7157655740031;40,2855644531795;38,3855299084282
"Ta_Ne_Omotic";"swap";0,993123073267808;40,2288820448024;52,6391372215127;40,2903189516178;38,4253032285457
"Ta_Ne_Omotic";"swap";0,992981589743362;40,2288820448024;52,5502483326238;40,2898789076134;38,4553939145513
"Ta_Ne_Omotic";"swap";0,992981589743362;40,2288820448024;52,5502483326238;40,2898789076134;38,5274411102067
"Ta_Ne_Omotic";"swap";0,993013700551338;40,2454657927295;52,5502483326238;40,3063805577785;38,566578012769
"Ta_Ne_Omotic";"swap";0,993013700551338;40,2935586617179;52,5502483326238;40,354235343257;38,4596760931964
"Ta_Ne_Omotic";"swap";0,993013700551338;40,2771591776567;52,5502483326238;40,3379170447605;38,4719571415164
"Ta_Ne_Omotic";"swap";0,992990282786473;40,2160888678302;52,4975734355045;40,276888296383;39,583807995747
"Ta_Ne_Omotic";"swap";0,993053445546084;40,2105609518545;52,5037462750106;40,2714183049394;39,4625956608744
"Ta_Ne_Omotic";"swap";0,993054934870014;40,2105609518545;52,5037462750106;40,2714183049394;39,4591753406097
"Ta_Ne_Omotic";"swap";0,993054934870014;40,2105609518545;52,5037462750106;40,2714183049394;39,4612608104135
"Ta_Ne_Omotic";"swap";0,993128560307967;40,289241622575;52,591812118632;40,3501454369119;39,3063216030616
"Ta_Ne_Omotic";"swap";0,992836908062152;40,2964279133433;52,4164005959983;40,356427778109;38,5386118366021
"Ta_Ne_Omotic";"swap";0,993081224687569;40,3308852562584;52,5250425713069;40,3912523716794;38,5978066592791
"Ta_Ne_Omotic";"swap";0,993186378737604;40,3305167285267;52,559472115794;40,391056111632;38,4998058122351
"Ta_Ne_Omotic";"swap";0,992612470720355;40,3327278949169;52,5440400170285;40,3931799351254;38,530104884693
"Ta_Ne_Omotic";"swap";0,992690944003703;40,3327278949169;52,5373527742302;40,3931468299631;38,4885855013339
"Ta_Ne_Omotic";"swap";0,992784670473343;40,2919266103346;52,5373527742302;40,352547531938;38,4772962119477
"Ta_Ne_Omotic";"swap";0,992784670473343;40,2919266103346;52,5373527742302;40,352547531938;38,4873126258449
"Ta_Ne_Omotic";"swap";0,992720479997385;40,2255916186264;52,5373527742302;40,2865409312779;38,3517465506959
"Ta_Ne_Omotic";"swap";0,992746673343973;40,2220642817658;52,5089719029374;40,2828905571181;38,5668994632327
"Ta_Ne_Omotic";"swap";0,992739344326664;40,2267498486404;52,5027990634312;40,2875223695057;38,4662165488003
"Ta_Ne_Omotic";"swap";0,992586186283052;40,2383584721893;52,4728430537817;40,2989252275437;38,688774288239
"Ta_Ne_Omotic";"swap";0,992523236994877;40,2385427360552;52,4265467574855;40,2988793896266;38,7824387568328
"Ta_Ne_Omotic";"swap";0,992766584159453;40,2256442654453;52,4507059741734;40,2861643729142;38,6940353383533
"Ta_Ne_Omotic";"swap";0,992782798782484;40,2238016267867;52,4321697176103;40,2842390925829;38,8087669472217
"Ta_Ne_Omotic";"swap";0,992605211289095;40,2240648608808;52,5350503760465;40,2850103337281;38,7158507866091
"Ta_Ne_Omotic";"swap";0,992608183961071;40,2682881886862;52,5489392649354;40,3290834910439;38,5672917951086
"Ta_Ne_Omotic";"swap";0,992348454885334;40,2682881886862;52,53350716617;40,3290070945153;38,4137932455746
"Ta_Ne_Omotic";"swap";0,992331599810646;40,2692095080155;52,5710231304101;40,3301095754531;38,1879376612248
"Ta_Ne_Omotic";"swap";0,992298603444962;40,2894785332596;52,5710231304101;40,3502782589881;38,2502181897405
"Ta_Ne_Omotic";"swap";0,992503697281789;40,2805548974703;52,3500177380446;40,3403047135128;38,5358440364066
"Ta_Ne_Omotic";"swap";0,992230202383186;40,286082813446;52,3556939123031;40,3458333634403;38,4434746325119
"Ta_Ne_Omotic";"swap";0,992174642041282;40,2713417041775;52,4030190151838;40,3313995126479;39,0501724318509
"Ta_Ne_Omotic";"swap";0,992330217017965;40,2962962962963;52,5562083155953;40,3569889300552;38,0261702055209
"Ta_Ne_Omotic";"swap";0,992088039080162;40,3234620548053;52,5562083155953;40,3840202046112;37,900872008123
"Ta_Ne_Omotic";"swap";0,992073975567647;40,3250414593698;52,6227898396481;40,3859214018464;37,8272437349675
"Ta_Ne_Omotic";"swap";0,992137984903686;40,322277501382;52,5301795090109;40,3827126598356;37,9069972347322
"Ta_Ne_Omotic";"swap";0,992201882321483;40,3278054173577;52,5301795090109;40,3882132098906;38,0605139981062
"Ta_Ne_Omotic";"swap";0,992166639849495;40,2152201953197;52,567216546048;40,2763686921055;38,4600511579887
"Ta_Ne_Omotic";"swap";0,991951578341765;40,2152201953197;52,5533276571591;40,2762999352298;38,6431873762865
"Ta_Ne_Omotic";"swap";0,991951578341765;40,2152201953197;52,5533276571591;40,2762999352298;38,4290338363157
"Ta_Ne_Omotic";"swap";0,991783682311264;40,228855721393;52,5903646941961;40,2900513103673;38,4531537895929
"Ta_Ne_Omotic";"swap";0,991750262903986;40,2253547079418;52,6609585639279;40,2869171032684;38,3084282144961
"Ta_Ne_Omotic";"swap";0,991684836946011;40,2253547079418;52,7165141194835;40,2871921307712;38,5568917340845
"Ta_Ne_Omotic";"swap";0,991579787487159;40,2419384558688;52,7436746133106;40,3038282388264;38,3776459057774
"Ta_Ne_Omotic";"swap";0,991883786908295;40,2445181499908;52,7297857244217;40,3063264053097;38,3782155908583
"Ta_Ne_Omotic";"swap";0,991647663885963;40,2274605806944;52,7483042429403;40,28944495526;38,3384611481768
"Ta_Ne_Omotic";"swap";0,991655778355542;40,2300665982258;52,7823612884916;40,2922066709499;38,2620746829271
"Ta_Ne_Omotic";"swap";0,991910138618121;40,2300665982258;52,8055094366397;40,2923212657427;38,2141934394364
"Ta_Ne_Omotic";"swap";0,991587860155416;40,3673431782885;52,8055094366397;40,4289182587753;38,0352263175598
"Ta_Ne_Omotic";"swap";0,991597778977909;40,3452315143857;52,8116822761459;40,4069466171667;38,0462399196095
"Ta_Ne_Omotic";"swap";0,991607521551135;40,3452315143857;52,7412267631616;40,4065978274985;38,0076389676251
"Ta_Ne_Omotic";"swap";0,991574898945999;40,4539471952407;52,7412267631616;40,5147753119136;37,7199962801209
"Ta_Ne_Omotic";"swap";0,991418824321508;40,4539471952407;52,7875230594579;40,5150045014992;37,5164105963213
"Ta_Ne_Omotic";"swap";0,991493927732943;40,398668035484;52,8492514545197;40,4603045870633;37,4436718724734
"Ta_Ne_Omotic";"swap";0,991433923438833;40,4392060859723;52,8338193557542;40,5005655576048;37,5147550365573
"Ta_Ne_Omotic";"swap";0,99148001943321;40,461317749875;52,8338193557542;40,5225677578249;37,7101046339193
"Ta_Ne_Omotic";"swap";0,99148001943321;40,3949827581668;52,8338193557542;40,4565611571648;37,6731825928934
"Ta_Ne_Omotic";"swap";0,991477299750337;40,415251783411;52,8276465162481;40,4766992820884;37,7589831646205
"Ta_Ne_Omotic";"swap";0,991522935834486;40,4228855721393;52,9017205903221;40,4846619831204;37,7298768354754
"Ta_Ne_Omotic";"swap";0,991704519998616;40,4781647318961;52,9248687384703;40,5397820784633;37,3436592680937
"Ta_Ne_Omotic";"swap";0,991704519998616;40,4781647318961;52,9248687384703;40,5397820784633;37,3695093682732
"Ta_Ne_Omotic";"swap";0,99184369694909;40,4620548053384;52,8353625656308;40,5233088041517;37,8399893666267
"Ta_Ne_Omotic";"swap";0,991875051227553;40,4741372502567;52,8044983680999;40,5351786419291;37,8501568124521
"Ta_Ne_Omotic";"swap";0,991875051227553;40,4726894627392;52,8044983680999;40,5337380216766;37,8529062905292
"Ta_Ne_Omotic";"swap";0,99193414817083;40,498486403959;52,7839222364127;40,5593053932286;37,9004237386346
"Ta_Ne_Omotic";"swap";0,991947784348646;40,4800600173734;52,7777493969065;40,5409396677672;37,6523525101464
"Ta_Ne_Omotic";"swap";0,991940113114526;40,498486403959;52,7839222364127;40,5593053932286;37,9026709082623
"Ta_Ne_Omotic";"swap";0,991714045607768;40,4741635736661;52,7839222364127;40,5351029729866;37,6510160570353
"Ta_Ne_Omotic";"swap";0,991736491290005;40,457579825739;52,7839222364127;40,5186013228216;37,9686686292062
"Ta_Ne_Omotic";"swap";0,991917507512471;40,4262549685435;52,7165531431815;40,487098028814;38,0368682516072
"Ta_Ne_Omotic";"swap";0,991912466475631;40,3046408170786;52,6954803462466;40,365981606827;38,4791678815469
"Ta_Ne_Omotic";"swap";0,991672025082642;40,3046408170786;52,6939371363701;40,3659739671741;38,5428906236352
"Ta_Ne_Omotic";"swap";0,991341938324189;40,2935849851273;52,6579289059174;40,3547946084975;38,644298060068
"Ta_Ne_Omotic";"swap";0,99127661187324;40,3145910658348;52,6363771817795;40,3755900070029;38,6952450884258
"Ta_Ne_Omotic";"swap";0,991330548798246;40,2279870488826;52,6004044274159;40,2892366398654;38,8897328935651
"Ta_Ne_Omotic";"swap";0,991475325105474;40,2217220774435;52,6775649212431;40,2833846657791;38,9413553964691
"Ta_Ne_Omotic";"swap";0,991603572215312;40,2508357682487;52,6868241805023;40,3124000673193;38,5637034660542
"Ta_Ne_Omotic";"swap";0,991290262263261;40,280212693148;52,6991698595147;40,3416926791201;38,4162312963851
"Ta_Ne_Omotic";"swap";0,991244468008833;40,2903472057701;52,7053426990209;40,3518075794991;38,3907717257799
"Ta_Ne_Omotic";"swap";0,991564261927479;40,2019005501593;52,7053426990209;40,263798778619;38,8398987983462
"Ta_Ne_Omotic";"swap";0,991266075294592;40,2019005501593;52,6899106002554;40,2637223820904;38,6862072011573
"Ta_Ne_Omotic";"swap";0,991649578924019;40,1503066677196;52,6528735632184;40,2122005632419;38,77690924417
"Ta_Ne_Omotic";"swap";0,991451137800878;40,131880281134;52,6117212998439;40,1936616723157;38,8217955849018
"Ta_Ne_Omotic";"swap";0,991605389682621;40,0876569533286;52,6271533986093;40,1497336684042;38,8196152809849
"Ta_Ne_Omotic";"swap";0,991605389682621;40,0876569533286;52,6271533986093;40,1497336684042;38,7959245306693
"Ta_Ne_Omotic";"swap";0,991669567828243;40,0434336255232;52,6271533986093;40,1057292679642;39,084644390493
"Ta_Ne_Omotic";"swap";0,991658387049791;40,0747584827187;52,5896374343692;40,136713329014;39,133934698685
"Ta_Ne_Omotic";"swap";0,991652175791055;40,072389375872;52,5587732368384;40,1342031573619;39,0712279229292
"Ta_Ne_Omotic";"swap";0,991652175791055;40,072389375872;52,5587732368384;40,1342031573619;39,0947819661046
"Ta_Ne_Omotic";"swap";0,991652175791055;40,072389375872;52,5587732368384;40,1342031573619;39,1035927426476
"Ta_Ne_Omotic";"swap";0,991699429246613;40,1110847877017;52,5659571448843;40,1727425716482;39,0971395650279
"Ta_Ne_Omotic";"swap";0,991656072169847;40,0336939640422;52,536157230027;40,0955873465471;39,12230849649
"Ta_Ne_Omotic";"swap";0,99194809369989;40,0779172918476;52,5268979707677;40,13954590907;39,1584332453609
"Ta_Ne_Omotic";"swap";0,991916445728094;40,1258258969702;52,5417979281964;40,1872911050456;39,0704549795015
"Ta_Ne_Omotic";"swap";0,991996549355608;40,1110847877017;52,6508514261388;40,1731628403672;39,0334515713465
"Ta_Ne_Omotic";"swap";0,991909386547848;40,1663639474585;52,6385057471264;40,2281072236945;39,0160212362244
"Ta_Ne_Omotic";"swap";0,991919346481804;40,2490984232278;52,7033205619412;40,3107529882709;38,8830054564286
"Ta_Ne_Omotic";"swap";0,991888482539896;40,2475190186633;52,7727650063857;40,3095251869194;38,8425187546821
"Ta_Ne_Omotic";"swap";0,991704833073441;40,2364631867119;52,7172094508301;40,2982490593066;38,9475864799954
"Ta_Ne_Omotic";"swap";0,991870582262462;40,2327779093948;52,6709131545338;40,294352836351;38,946737640728
"Ta_Ne_Omotic";"swap";0,991907307189997;40,2401484640291;52,7068859088974;40,3018649860334;38,8844511122153
"Ta_Ne_Omotic";"swap";0,991504838841528;40,2326199689384;52,5407513835675;40,2935513125752;39,0360788160116
"Ta_Ne_Omotic";"swap";0,991832330845798;40,2326199689384;52,5500106428267;40,2935971504923;39,0979352331204
"Ta_Ne_Omotic";"swap";0,991812594163019;40,2160362210114;52,5368419185469;40,2770303086229;39,0709285410674
"Ta_Ne_Omotic";"swap";0,991561118765728;40,2463344652399;52,6278913012629;40,3076293010618;38,9201483267694
"Ta_Ne_Omotic";"swap";0,99169424861174;40,3734765326805;52,5815950049667;40,4339127627413;38,5411329571653
"Ta_Ne_Omotic";"swap";0,991667170215043;40,388217641949;52,5677061160778;40,4485121393457;38,5047586131235
"Ta_Ne_Omotic";"swap";0,991684061173257;40,3495222301192;52,5934262806868;40,4101356165082;38,5401403355521
"Ta_Ne_Omotic";"swap";0,991877147254017;40,2997709863382;52,5471299843905;40,3604014764275;38,5088891473763
"Ta_Ne_Omotic";"swap";0,991818045223387;40,2970070283503;52,5378707251313;40,3576053634829;38,4675604561192
"Ta_Ne_Omotic";"swap";0,991664129663091;40,2970070283503;52,5841670214276;40,3578345530685;38,294098399537
"Ta_Ne_Omotic";"swap";0,991605696084495;40,4352049277422;52,5841670214276;40,4953483044437;37,8369400511376
"Ta_Ne_Omotic";"swap";0,991621261237494;40,5006186001211;52,5378707251313;40,5602089571756;37,5354481891802
"Ta_Ne_Omotic";"swap";0,991973111304651;40,3734765326805;52,5378707251313;40,4336963059105;37,9522662080415
"Ta_Ne_Omotic";"swap";0,991875709831662;40,4357577193398;52,5676706399886;40,4958166941945;37,8205921025139
"Ta_Ne_Omotic";"swap";0,991971941863046;40,4549211613888;52,5162657868597;40,5146307882476;37,9420718971184
"Ta_Ne_Omotic";"swap";0,992012046862361;40,454736897523;52,5070065276004;40,514401598662;38,0150009002265
"Ta_Ne_Omotic";"swap";0,991736662718918;40,5321277211824;52,5070065276004;40,591409299432;37,6554081879311
"Ta_Ne_Omotic";"swap";0,991736662718918;40,5321277211824;52,5070065276004;40,591409299432;37,6937512784173
"Ta_Ne_Omotic";"swap";0,991806564773861;40,531838163679;52,5378707251313;40,5912739684386;37,6022202342237
"Ta_Ne_Omotic";"swap";0,991771760191209;40,5285214140936;52,5795373917979;40,5881799090327;37,6572550653446
"Ta_Ne_Omotic";"swap";0,991834531798157;40,5285214140936;52,5239818362424;40,5879048815299;37,6470200085054
"Ta_Ne_Omotic";"swap";0,991994695551234;40,4990391955566;52,5239818362424;40,5585686145699;37,9004378665523
"Ta_Ne_Omotic";"swap";0,99188311324616;40,4940640711785;52,4776855399461;40,5533889299348;37,9288952708741
"Ta_Ne_Omotic";"swap";0,991891326404726;40,5161757350812;52,5198311338158;40,5755997717086;37,8797031131606
"Ta_Ne_Omotic";"swap";0,991888589764729;40,5272315670326;52,5136582943096;40,5865703132072;37,9503127980769
"Ta_Ne_Omotic";"swap";0,991915301171095;40,5355234409961;52,5368064424578;40,5949357330825;37,9588511574723
"Ta_Ne_Omotic";"swap";0,991585051946347;40,5355234409961;52,5275471831985;40,5948898951654;37,9662830564964
"Ta_Ne_Omotic";"swap";0,991563783380827;40,5392876885414;52,5152015041862;40,5985743905991;37,9240965895926
"Ta_Ne_Omotic";"swap";0,991456876011055;40,5392876885414;52,5152015041862;40,5985743905991;37,8330503761924
"Ta_Ne_Omotic";"swap";0,991513689608326;40,5392876885414;52,5213743436924;40,5986049492105;37,8715065172043
"Ta_Ne_Omotic";"swap";0,991643794660539;40,6277343441523;52,5306336029516;40,6866595880077;37,6180389504381
"Ta_Ne_Omotic";"swap";0,991825843631649;40,6282871357498;52,5306336029516;40,6872096430132;37,6086705026356
"Ta_Ne_Omotic";"swap";0,991774510591284;40,666429755982;52,5522385412232;40,7252703935327;37,4000260731641
"Ta_Ne_Omotic";"swap";0,991862464884684;40,6572165626892;52,5399780048247;40,7160421143829;37,4382379887582
"Ta_Ne_Omotic";"swap";0,991862464884684;40,6572165626892;52,5399780048247;40,7160421143829;37,4360262920739
"Ta_Ne_Omotic";"swap";0,991648403049261;40,649846008055;52,5338051653186;40,7086774890315;37,3578880332978
"Ta_Ne_Omotic";"swap";0,991648403049261;40,649846008055;52,5338051653186;40,7086774890315;37,3522346177116
"Ta_Ne_Omotic";"swap";0,991474659951637;40,6094922214325;52,411274301121;40,6679168851934;37,529273004722
"Ta_Ne_Omotic";"swap";0,991473418718996;40,5818526415541;52,4668298566766;40,6406891624211;37,6460559695874
"Ta_Ne_Omotic";"swap";0,991108556899237;40,5682171154808;52,3909039307507;40,6267452680316;38,6425018272679
"Ta_Ne_Omotic";"swap";0,991107796804237;40,588486140725;52,3703277990634;40,6468120895286;37,6678706571676
"Ta_Ne_Omotic";"swap";0,991231259243687;40,5608465608466;52,3703277990634;40,6193093392536;37,8321133775275
"Ta_Ne_Omotic";"swap";0,991230095874234;40,5848008634078;52,425883354619;40,6434200836613;38,0151356606436
"Ta_Ne_Omotic";"swap";0,991230095874234;40,5848008634078;52,425883354619;40,6434200836613;37,9482220020503
"Ta_Ne_Omotic";"swap";0,991230095874234;40,5663744768222;52,425883354619;40,6250849168113;37,9960984115988
"Ta_Ne_Omotic";"swap";0,991353569253432;40,5995419726763;52,4130232723145;40,6580245533676;38,0972917129359
"Ta_Ne_Omotic";"swap";0,991353569253432;40,5972518360578;52,4130232723145;40,6557457540591;38,0689972585808
"Ta_Ne_Omotic";"swap";0,991228918979215;40,5889599620943;52,3420356179935;40,6471435049453;38,1122492492487
"Ta_Ne_Omotic";"swap";0,991252547309161;40,5889599620943;52,3482084574996;40,6471740635567;38,0697596459457
"Ta_Ne_Omotic";"swap";0,991147305725613;40,6221274579484;52,3482084574996;40,6801773638867;37,8541205764249
"Ta_Ne_Omotic";"swap";0,991147305725613;40,6221274579484;52,3482084574996;40,6801773638867;37,8352331120628
"Ta_Ne_Omotic";"swap";0,990908719305623;40,6442391218511;52,3543812970058;40,7022101227182;38,4409601096767
"Ta_Ne_Omotic";"swap";0,990668585273382;40,5852746847772;52,309149283383;40,6433136679386;38,5654549883423
"Ta_Ne_Omotic";"swap";0,990668585273382;40,5742188528258;52,309149283383;40,6323125678286;38,5394353915023
"Ta_Ne_Omotic";"swap";0,991333280986294;40,5963305167285;52,3245813821484;40,6543911645771;38,5662523209538
"Ta_Ne_Omotic";"swap";0,991486441378037;40,6040695990945;52,3708776784447;40,6623211242398;38,6079246645298
"Ta_Ne_Omotic";"swap";0,991114597415285;40,6057279738872;52,3153221228892;40,6636962617535;37,6618151821918
"Ta_Ne_Omotic";"swap";0,99132488750502;40,5172813182763;52,3153221228892;40,5756874608734;38,7655422246409
"Ta_Ne_Omotic";"swap";0,991307231131337;40,5114901682066;52,3350752093089;40,57002276742;37,7304325149927
"Ta_Ne_Omotic";"swap";0,991277988149291;40,5080681249835;52,3489640981978;40,5666864218807;38,9109004887174
"Ta_Ne_Omotic";"swap";0,991465319858791;40,4822711837637;52,3026678019015;40,540787998705;38,9312579394204
"Ta_Ne_Omotic";"swap";0,991503611019839;40,4785859064466;52,2949517525188;40,5370827670707;38,9172976861927
"Ta_Ne_Omotic";"swap";0,991591211332844;40,4583432046119;52,2307222931744;40,5166223090107;38,9750203735937
"Ta_Ne_Omotic";"swap";0,991762167937056;40,4375213877701;52,305619412516;40,4962743482887;37,8670044803572
"Ta_Ne_Omotic";"swap";0,991886712611947;40,4430493037458;52,3148786717752;40,5018207362608;37,8030855692253
"Ta_Ne_Omotic";"swap";0,991932075356811;40,4209376398431;52,305619412516;40,4797726981237;38,1383376043235
"Ta_Ne_Omotic";"swap";0,9920138414799;40,4522624970386;52,3884206045126;40,5113523886598;38,0812689249188
"Ta_Ne_Omotic";"swap";0,991932075356811;40,4730843138803;52,3284234425997;40,5317741115473;38,1294122136603
"Ta_Ne_Omotic";"swap";0,992002746410125;40,4447076785385;52,2307222931744;40,5030542855417;38,1335015973774
"Ta_Ne_Omotic";"swap";0,992390250970932;40,4577904130143;52,3680679721868;40,5167521831092;39,1944003085626
"Ta_Ne_Omotic";"swap";0,992390250970932;40,4577904130143;52,3680679721868;40,5167521831092;39,2790774847154
"Ta_Ne_Omotic";"swap";0,992390250970932;40,4577904130143;52,3680679721868;40,5167521831092;38,0664657899277
"Ta_Ne_Omotic";"swap";0,992265796911697;40,4356787491116;52,3588087129275;40,4947041449721;39,2408054024197
"Ta_Ne_Omotic";"swap";0,992241740667648;40,4450498828608;52,2909216687952;40,5036928124942;39,4453952857141
"Ta_Ne_Omotic";"swap";0,991947916072402;40,3510753112743;52,2605896126011;40,410033302865;39,5364865704014
"Ta_Ne_Omotic";"swap";0,991900806074637;40,3510753112743;52,14947850149;40,4094832478595;39,5235182117639
"Ta_Ne_Omotic";"swap";0,991963385441223;40,3492326726158;52,14947850149;40,4076497311745;39,5732751272377
"Ta_Ne_Omotic";"swap";0,992068006109756;40,3021927400037;52,0296225344118;40,3602493231443;39,8980082972719
"Ta_Ne_Omotic";"swap";0,992114092884173;40,3685277317118;52,0851780899674;40,4265309513071;39,8725828414645
"Ta_Ne_Omotic";"swap";0,991985162490876;40,398931269578;52,0481410529303;40,4566006249412;39,5290853634137
"Ta_Ne_Omotic";"swap";0,991973377976444;40,420674405749;52,0111040158933;40,4780527701557;39,1550449629965
"Ta_Ne_Omotic";"swap";0,991493379749982;40,4214114612125;51,9540229885057;40,4785035974862;39,1607180230856
"Ta_Ne_Omotic";"swap";0,991611098678646;40,493063781621;52,1010536398467;40,5505290779488;39,023951586621
"Ta_Ne_Omotic";"swap";0,991679950608539;40,5065150438285;52,161958989641;40,564215261382;38,8527147641698
"Ta_Ne_Omotic";"swap";0,991679950608539;40,5065150438285;52,161958989641;40,564215261382;38,8558544456622
"Ta_Ne_Omotic";"swap";0,991665852134561;40,5102003211456;52,1422059032212;40,5677845071955;38,7330805071983
"Ta_Ne_Omotic";"swap";0,991665852134561;40,5190449867067;52,1422059032212;40,5765853872835;38,7491281448383
"Ta_Ne_Omotic";"swap";0,991587250595848;40,5079891547553;52,1293458209167;40,5655206233997;38,7973804981445
"Ta_Ne_Omotic";"swap";0,991587250595848;40,5079891547553;52,1293458209167;40,5655206233997;38,7870003871531
"Ta_Ne_Omotic";"swap";0,991588131628088;40,4656084656085;52,1538668937136;40,5234711310941;38,7545442571758
"Ta_Ne_Omotic";"swap";0,991624780081001;40,4208323462055;52,0658010500922;40,4784807061257;38,9532536373967
"Ta_Ne_Omotic";"swap";0,991408361140992;40,4116191529127;52,0961508443309;40,4694633692068;39,0262686918197
"Ta_Ne_Omotic";"swap";0,991445046483756;40,422674984864;52,0961508443309;40,4804644693168;39,179128512676
"Ta_Ne_Omotic";"swap";0,991396466890665;40,3526810392482;51,9606392791259;40,4101461790496;39,3090350423732
"Ta_Ne_Omotic";"swap";0,991200510178846;40,3729500644924;51,8711331062864;40,4298717627191;39,306494041406
"Ta_Ne_Omotic";"swap";0,991031542094747;40,3652109821264;51,9014651624805;40,4223211513361;39,2805007644089
"Ta_Ne_Omotic";"swap";0,990782295390953;40,3817947300534;51,9107244217398;40,4388686394182;39,0062444841446
"Ta_Ne_Omotic";"swap";0,990758759074733;40,3891652846877;51,7996133106286;40,4456526511527;38,9554015113004
"Ta_Ne_Omotic";"swap";0,990703681260704;40,3504698728579;51,8150454093941;40,4072251972962;38,587472287146
"Ta_Ne_Omotic";"swap";0,990656173597304;40,3173023770039;51,7594898538385;40,3739468694635;38,7412215023261
"Ta_Ne_Omotic";"swap";0,990526078118382;40,3173023770039;51,7456009649496;40,3738781125878;38,625025543873
"Ta_Ne_Omotic";"swap";0,990397957500607;40,2343836373687;51,7610330637151;40,2914462582912;38,3068799373308
"Ta_Ne_Omotic";"swap";0,990397957500607;40,2343836373687;51,7610330637151;40,2914462582912;38,313598086183
"Ta_Ne_Omotic";"swap";0,990397957500607;40,2343836373687;51,7610330637151;40,2914462582912;38,3123665191704
"Ta_Ne_Omotic";"swap";0,990397957500607;40,2343836373687;51,7610330637151;40,2914462582912;38,2905079299897
"Ta_Ne_Omotic";"swap";0,990321518671015;40,1569928137092;51,7610330637151;40,2144385575211;38,0995267833396
"Ta_Ne_Omotic";"swap";0,99028523808329;40,1514648977336;51,7471441748262;40,2088692505905;38,1672537008439
"Ta_Ne_Omotic";"swap";0,990114210785567;40,1514648977336;51,7265680431389;40,2087673885524;38,1116121136696
"Ta_Ne_Omotic";"swap";0,990179738710071;40,212271973466;51,7476408400738;40,2693777599344;38,125334784063
"Ta_Ne_Omotic";"swap";0,990289003985069;40,2325409987102;51,7625407975025;40,2896202056349;38,0986732974318
"Ta_Ne_Omotic";"swap";0,99031370832662;40,2841348811498;51,818096353058;40,3412337003177;37,992899302264
"Ta_Ne_Omotic";"swap";0,990275119270851;40,2841348811498;51,818096353058;40,3412337003177;38,0144740494074
"Ta_Ne_Omotic";"swap";0,990275119270851;40,2841348811498;51,818096353058;40,3412337003177;37,9770643046504
"Ta_Ne_Omotic";"swap";0,990501669006026;40,2865303114059;51,8384667234284;40,3437181154258;37,9150265677742
"Ta_Ne_Omotic";"swap";0,990421525351329;40,2769485903814;51,8847630197247;40,3344130182495;37,9390365655807
"Ta_Ne_Omotic";"swap";0,990997075617397;40,2751059517229;51,936717752235;40,3328367032106;37,9236727353299
"Ta_Ne_Omotic";"swap";0,991007017368411;40,275632419911;51,9510855683269;40,333431692923;37,9673667186436
"Ta_Ne_Omotic";"swap";0,990760286795101;40,2809497486114;51,9140662693345;40,3385394343576;37,6504343558282
"Ta_Ne_Omotic";"swap";0,99088460427803;40,3786095975151;51,898634170569;40,4356394221342;38,0552020022712
"Ta_Ne_Omotic";"swap";0,99086163696302;40,3951933454421;51,898634170569;40,4521410722992;37,8695388881731
"Ta_Ne_Omotic";"swap";0,990938979950584;40,3951933454421;51,898634170569;40,4521410722992;37,8679468191571
"Ta_Ne_Omotic";"swap";0,990483629411048;40,3528126562952;51,7803214133674;40,4093844818253;38,0284461439861
"Ta_Ne_Omotic";"swap";0,990393063173304;40,3226197057043;51,6213707960834;40,3785541170428;37,850163881996
"Ta_Ne_Omotic";"swap";0,990407389790698;40,3355181763142;51,7227082446431;40,3918904043752;38,2223991214293
"Ta_Ne_Omotic";"swap";0,990407389790698;40,3355181763142;51,7227082446431;40,3918904043752;38,2836600380595
"Ta_Ne_Omotic";"swap";0,990496232579258;40,2691831846061;51,7227082446431;40,3258838037152;38,3595214425031
"Ta_Ne_Omotic";"swap";0,990557050051925;40,3097212350944;51,7381403434085;40,3662975673137;38,3570327865957
"Ta_Ne_Omotic";"swap";0,99035824456987;40,2323304114349;51,7113913722151;40,2891574458942;38,3898702720893
"Ta_Ne_Omotic";"swap";0,99036245684984;40,2426491879228;51,7437987796225;40,2995855720401;37,7742240033035
"Ta_Ne_Omotic";"swap";0,990163765142017;40,1237989944458;51,5987370512275;40,1806056184892;38,22129530743
"Ta_Ne_Omotic";"swap";0,990367141581467;40,1422253810314;51,5987370512275;40,1989407853392;38,2414038360926
"Ta_Ne_Omotic";"swap";0,990546526060992;40,1698649609097;51,6290691074216;40,2265936943083;37,959020243321
"Ta_Ne_Omotic";"swap";0,990345479689639;40,1698649609097;51,5673407123599;40,2262881081941;37,9172777987899
"Ta_Ne_Omotic";"swap";0,990147267541436;40,147753297007;51,499439477792;40,2039497632485;37,9297116842871
"Ta_Ne_Omotic";"swap";0,99007745865269;40,147753297007;51,4917234284093;40,2039115649843;37,8734857665797
"Ta_Ne_Omotic";"swap";0,99027894253648;40,1378556950696;51,3711295586775;40,1934659617211;38,0301953650974
"Ta_Ne_Omotic";"swap";0,990231147434087;40,0495933033246;51,3423939264935;40,1054982569047;37,9740733879187
"Ta_Ne_Omotic";"swap";0,990219381862428;40,0072126141778;51,3516531857528;40,0633732110668;37,7332325461573
"Ta_Ne_Omotic";"swap";0,990134366625744;40,0099765721656;51,4035369660849;40,066380336492;37,7446445640676
"Ta_Ne_Omotic";"swap";0,99014141964396;40,0202953486536;51,4251419043565;40,0767549850679;37,7992643499508
"Ta_Ne_Omotic";"swap";0,990134476878881;40,001868962068;51,4035901802185;40,0583131265143;37,7385535985207
"Ta_Ne_Omotic";"swap";0,989828128362101;39,9930242965069;51,342376188449;40,049209206863;37,7902231607535
"Ta_Ne_Omotic";"swap";0,989828128362101;39,9930242965069;51,342376188449;40,049209206863;37,762471063743
"Ta_Ne_Omotic";"swap";0,989784546975302;39,9954986969912;51,3737725273166;40,0518267852602;37,7207728339841
"Ta_Ne_Omotic";"swap";0,989851678667792;40,0065545289426;51,4355009223783;40,0631334714843;38,0176514625993
"Ta_Ne_Omotic";"swap";0,989851678667792;40,0090289294269;51,4355009223783;40,0655956224614;37,6509311313176
"Ta_Ne_Omotic";"swap";0,989813823596598;40,0090289294269;51,4355009223783;40,0655956224614;37,7208144982754
"Ta_Ne_Omotic";"swap";0,989686287294362;40,0090289294269;51,3799453668228;40,0653205949586;37,9512108190944
"Ta_Ne_Omotic";"swap";0,989680025811074;39,9869172655242;51,4010181637576;40,0434227155155;37,2174674730678
"Ta_Ne_Omotic";"swap";0,989585653540732;39,9764142251704;51,3678054491273;40,0328072510316;37,7676768781505
"Ta_Ne_Omotic";"swap";0,989778816146095;40,0226644555003;51,5014793529161;40,0794902718241;37,7566765368791
"Ta_Ne_Omotic";"swap";0,989885192213608;40,0742583379399;51,5991805023414;40,1313124080607;37,5619182685195
"Ta_Ne_Omotic";"swap";0,989497718349448;40,0724156992814;51,5899212430822;40,1294330534586;37,6059192224815
"Ta_Ne_Omotic";"swap";0,989984277599983;40,1774461028192;51,7214027245636;40,2345944029269;37,3631880223618
"Ta_Ne_Omotic";"swap";0,99012458897919;40,1354339414041;51,5997800482475;40,1921881300518;37,4939001699544
"Ta_Ne_Omotic";"swap";0,990256278396593;40,1345126220748;51,619824038598;40,1913705993843;37,5162001351906
"Ta_Ne_Omotic";"swap";0,990479432679201;40,1206928321356;51,6743685256137;40,1778892464598;37,4663730974436
"Ta_Ne_Omotic";"swap";0,990568161946449;40,0985811682329;51,6743685256137;40,1558870462397;37,543158339179
"Ta_Ne_Omotic";"swap";0,990434328624112;40,0987917555082;51,7209734638853;40,1563273085199;37,3638421384733
"Ta_Ne_Omotic";"swap";0,990247639801441;40,1104003790571;51,7271463033915;40,1679090222469;37,3840462144068
"Ta_Ne_Omotic";"swap";0,990216529994913;40,1085577403985;51,7271463033915;40,1660755055619;37,3509005834425
"Ta_Ne_Omotic";"swap";0,99037060330778;40,1061623101424;51,7919611182063;40,1640127992912;37,3724849048625
"Ta_Ne_Omotic";"swap";0,99022854358951;40,1061623101424;51,7302327231446;40,1637072131771;37,421174249277
"Ta_Ne_Omotic";"swap";0,99019897621504;40,0969491168496;51,7209734638853;40,1544937918349;37,4458714467037
"Ta_Ne_Omotic";"swap";0,99011373232279;40,0941851588618;51,6978253157372;40,1516289220146;37,4483625166464
"Ta_Ne_Omotic";"swap";0,990043301774432;40,0960277975203;51,6222080317866;40,1530880957098;37,4698455108169
"Ta_Ne_Omotic";"swap";0,98951736496421;40,0673089578562;51,7774726834114;40,1252800654085;36,5925190241175
"Ta_Ne_Omotic";"swap";0,989289755311403;40,0654663191977;51,8330282389669;40,1237215762262;36,5199228313872
"Ta_Ne_Omotic";"swap";0,989351946804994;40,2036642185896;51,8597772101604;40,2613677482508;36,8929099636379
"Ta_Ne_Omotic";"swap";0,989341962852321;40,2177735660323;51,9492833829999;40,2758503473044;36,9055055206668
"Ta_Ne_Omotic";"swap";0,989480253129048;40,2177735660323;51,9585426422591;40,2758961852215;36,8378877676016
"Ta_Ne_Omotic";"swap";0,989472456356288;40,2965595303904;51,8767525188023;40,3538872184518;37,1743476523859
"Ta_Ne_Omotic";"swap";0,989406261236936;40,2978493774514;51,7471228891727;40,3545289492916;36,7723432951593
"Ta_Ne_Omotic";"swap";0,989328830812614;40,3991945036721;51,793419185469;40,4556015565523;36,9208039802773
"Ta_Ne_Omotic";"swap";0,989468028704207;40,4165153070626;51,781020292323;40,4727752327322;36,9013336733917
"Ta_Ne_Omotic";"swap";0,989570779234175;40,4728737266051;51,894703419895;40,529417437958;37,0708528735303
"Ta_Ne_Omotic";"swap";0,989710543870719;40,4701097686172;51,8818433375905;40,5266034991567;37,108603404225
"Ta_Ne_Omotic";"swap";0,989710543870719;40,4701097686172;51,8818433375905;40,5266034991567;37,13156304537
"Ta_Ne_Omotic";"swap";0,989516962619699;40,4811656005686;51,8515112813963;40,5374544405727;37,4286196711323
"Ta_Ne_Omotic";"swap";0,989516962619699;40,4811656005686;51,8515112813963;40,5374544405727;37,3734384422211
"Ta_Ne_Omotic";"swap";0,990181360906865;40,4996972807918;51,7254647367674;40,5552703870095;37,2658100227611
"Ta_Ne_Omotic";"swap";0,990330870547835;40,4670825765353;51,8304030083724;40,5233366380791;37,2305676195574
"Ta_Ne_Omotic";"swap";0,990500966381979;40,4339150806812;51,8304030083724;40,490333337749;37,5342331232753
"Ta_Ne_Omotic";"swap";0,991078329438059;40,4376003579984;51,8612672059032;40,4941531641761;37,5796918772307
"Ta_Ne_Omotic";"swap";0,991254572089258;40,4493932454131;51,935032638002;40,5062528463666;37,5008771865033
"Ta_Ne_Omotic";"swap";0,991484501761831;40,4641343546816;51,9211437491131;40,5208522229709;37,7346172343778
"Ta_Ne_Omotic";"swap";0,991428224366003;40,4641343546816;51,9010997587626;40,5207529952959;37,7583717275503
"Ta_Ne_Omotic";"swap";0,991323320319919;40,4364947748032;51,9010997587626;40,4932502450209;37,5736938371776
"Ta_Ne_Omotic";"swap";0,991406645088074;40,4088551949248;51,8933837093799;40,4657092964816;37,9790193788954
"Ta_Ne_Omotic";"swap";0,991279381220323;40,4254389428519;51,9396800056762;40,4824401362322;38,263098792858
"Ta_Ne_Omotic";"swap";0,991038482772393;40,3941140856564;51,8656059316021;40,4509036492502;38,4320936894038
"Ta_Ne_Omotic";"swap";0,991220791763581;40,3941140856564;51,8193096353058;40,4506744596645;38,4209249074533
"Ta_Ne_Omotic";"swap";0,991090877079095;40,3941140856564;51,8115935859231;40,4506362614003;38,429532517871
"Ta_Ne_Omotic";"swap";0,99115455902156;40,3222511779726;51,8023343266638;40,3790832727681;38,8240039416886
"Ta_Ne_Omotic";"swap";0,991142381522295;40,3185659006555;51,8717787711083;40,3757600237765;38,7606301061521
"Ta_Ne_Omotic";"swap";0,991142381522295;40,3296217326068;51,8717787711083;40,3867611238865;38,7794156746528
"Ta_Ne_Omotic";"swap";0,99114183169808;40,3351496485825;51,8717787711083;40,3922616739415;38,5090947741971
"Ta_Ne_Omotic";"swap";0,990597801066345;40,3922714469978;51,9000354760891;40,4492405758547;38,0617841122583
"Ta_Ne_Omotic";"swap";0,990597801066345;40,3922714469978;51,9000354760891;40,4492405758547;38,0161613201968
"Ta_Ne_Omotic";"swap";0,990751274460198;40,3931927663271;51,825961402015;40,4497906308602;38,050939208937
"Ta_Ne_Omotic";"swap";0,990751274460198;40,3839795730343;51,825961402015;40,4406230474352;38,1784370992215
"Ta_Ne_Omotic";"swap";0,990751274460198;40,3922714469978;51,825961402015;40,4488738725177;38,1327925043196
"Ta_Ne_Omotic";"swap";0,990991841482789;40,3939298217905;51,8922662125727;40,4508522791706;38,0585777526494
"Ta_Ne_Omotic";"swap";0,990932830820038;40,2741583089842;51,8655172413793;40,331541273996;38,0914109039604
"Ta_Ne_Omotic";"swap";0,991028318939801;40,3073258048382;51,9349616858238;40,3648883587045;38,0860465245657
"Ta_Ne_Omotic";"swap";0,990855172580168;40,2981126115454;51,9704555129842;40,3558964872951;38,0630648582775
"Ta_Ne_Omotic";"swap";0,990853936888192;40,3091684434968;51,9704555129842;40,3668975874052;38,2956675828609
"Ta_Ne_Omotic";"swap";0,990937749321809;40,3036405275211;51,9627394636015;40,3613588390859;38,4494834763502
"Ta_Ne_Omotic";"swap";0,990945595674288;40,3095369712285;51,9824925500213;40,3673238800344;38,3781394367812
"Ta_Ne_Omotic";"swap";0,991184529994321;40,2689989207402;52,024638143891;40,3271951545182;38,2968886147417
"Ta_Ne_Omotic";"swap";0,991272157013237;40,2026639290321;52,0051936994466;40,2610922942322;38,3108718570731
"Ta_Ne_Omotic";"swap";0,991272157013237;40,2026639290321;52,0051936994466;40,2610922942322;38,277078724693
"Ta_Ne_Omotic";"swap";0,991350876288484;40,2026639290321;51,9588974031503;40,2608631046465;38,0405519647228
"Ta_Ne_Omotic";"swap";0,991562305431002;40,2047698017847;51,9064282673478;40,2626988040895;38,0834813952451
"Ta_Ne_Omotic";"swap";0,991363043980414;40,2541525178341;51,787601106854;40,3112487979778;38,1091563737501
"Ta_Ne_Omotic";"swap";0,991411591309967;40,2574692674195;51,8709344401873;40,3149616692649;38,1819779465107
"Ta_Ne_Omotic";"swap";0,991124599200912;40,2758956540051;51,9165283099191;40,3335225483413;37,7062846572636
"Ta_Ne_Omotic";"swap";0,990825889373599;40,226144410224;51,886196253725;40,2838674391522;37,7883765967135
"Ta_Ne_Omotic";"swap";0,991030223630173;40,226144410224;51,8923690932312;40,2838979977637;37,8289968961248
"Ta_Ne_Omotic";"swap";0,991135749286984;40,2217220774435;51,8831098339719;40,2794517198025;37,790853696302
"Ta_Ne_Omotic";"swap";0,990884908129412;40,1572297243939;51,9201468710089;40,215461987496;38,0761844981841
"Ta_Ne_Omotic";"swap";0,990921133427523;40,2550738371634;51,9849616858238;40,3131425888894;38,0756560120855
"Ta_Ne_Omotic";"swap";0,99110934796111;40,2503093000605;51,9849616858237;40,3084016386039;37,9793812402823
"Ta_Ne_Omotic";"swap";0,990753449710267;40,1618626444497;51,9423690932312;40,2201819833051;38,0881177301884
"Ta_Ne_Omotic";"swap";0,990687767647945;40,2210113453894;52,007183908046;40,2793587343135;37,9488946964332
"Ta_Ne_Omotic";"swap";0,990648341950028;40,2294874832188;52,243621399177;40,2889633936939;37,5389017257089
"Ta_Ne_Omotic";"swap";0,990482894503022;40,2343836373687;52,3239711934156;40,2942330807155;37,2973162644948
"Ta_Ne_Omotic";"swap";0,990604854114167;40,2564953012714;52,3239711934156;40,3162352809355;37,7148587850306
"Ta_Ne_Omotic";"swap";0,990526848146066;40,2739213982995;52,4437420178799;40,3341680350301;37,3758927233874
"Ta_Ne_Omotic";"swap";0,990526848146066;40,2739213982995;52,4437420178799;40,3341680350301;37,3893624685781
"Ta_Ne_Omotic";"swap";0,990523052529733;40,4135934086183;52,5456116077764;40,4736529046537;37,3026715306595
"Ta_Ne_Omotic";"swap";0,990556244770044;40,4064071178499;52,6135128423443;40,4668383343078;37,2147593683253
"Ta_Ne_Omotic";"swap";0,990696602760333;40,4065913817158;52,6598091386406;40,4672508755619;37,2587867716657
"Ta_Ne_Omotic";"swap";0,990611752301168;40,4064071178499;52,6505498793813;40,4670216859763;37,3375992926499
"Ta_Ne_Omotic";"swap";0,990641901098388;40,4303614204112;52,7061054349369;40,4911324303841;37,1544200650134
"Ta_Ne_Omotic";"swap";0,99084069678149;40,4082497565085;52,7061054349369;40,469130230164;37,5194015048734
"Ta_Ne_Omotic";"swap";0,990944099499403;40,3363868488247;52,7004292606783;40,3975949795764;37,6680177903047
"Ta_Ne_Omotic";"swap";0,990731064687632;40,2691305377872;52,5816021001845;40,3300833673041;37,7571731650391
"Ta_Ne_Omotic";"swap";0,990911336191976;40,2672878991287;52,5142330069533;40,3279163402565;37,8045214415958
"Ta_Ne_Omotic";"swap";0,990937973875496;40,2601279317697;52,5296651057187;40,3208682148091;37,8203516247756
"Ta_Ne_Omotic";"swap";0,99077049474777;40,2656558477454;52,5296651057187;40,3263687648641;37,3538264734147
"Ta_Ne_Omotic";"swap";0,990903051757205;40,2700781805259;52,5883070810274;40,3310595117165;37,3088354108438
"Ta_Ne_Omotic";"swap";0,990752008358496;40,2811340124773;52,5883070810274;40,3420606118266;37,3027516583548
"Ta_Ne_Omotic";"swap";0,990399581902484;40,1705756929638;52,5255498793813;40,2317389315104;37,5390199128111
"Ta_Ne_Omotic";"swap";0,99030864244;40,1853168022322;52,5132042003689;40,2463459477676;37,5961336228714
"Ta_Ne_Omotic";"swap";0,990687590142893;40,2335939350865;52,6335745707393;40,2949799778372;37,3798587156712
"Ta_Ne_Omotic";"swap";0,991006259719985;40,2041117165495;52,6335745707393;40,2656437108772;37,472190220962
"Ta_Ne_Omotic";"swap";0,991164793248485;40,2125878543789;52,5738860508018;40,2737823999057;37,499911550296
"Ta_Ne_Omotic";"swap";0,99122448223515;40,2125088841507;52,4386689371364;40,2730344289674;37,6584510243051
"Ta_Ne_Omotic";"swap";0,991066950054409;40,2272499934192;52,4294096778771;40,2876567245303;37,6743350164045
"Ta_Ne_Omotic";"swap";0,991245220895108;40,2265129379557;52,4294096778771;40,2869233178563;37,6067916948258
"Ta_Ne_Omotic";"swap";0,991285670056429;40,22098502198;52,4083368809422;40,2813184470244;37,6629019943434
"Ta_Ne_Omotic";"swap";0,991246314256911;40,2486246018584;52,399077621683;40,3087753593823;37,8372169471353
"Ta_Ne_Omotic";"swap";0,991246314256911;40,2486246018584;52,399077621683;40,3087753593823;37,8332662853837
"Ta_Ne_Omotic";"swap";0,991246314256911;40,2486246018584;52,399077621683;40,3087753593823;37,86014026744
"Ta_Ne_Omotic";"swap";0,990806628964881;40,2486246018584;52,4186249467859;40,3088721283185;37,9714093144767
"Ta_Ne_Omotic";"swap";0,990642361746266;40,3960356945432;52,4546331772385;40,4557317216852;37,3369415075537
"Ta_Ne_Omotic";"swap";0,990561522100852;40,3683961146648;52,5009294735348;40,4284581609958;37,6362884991708
"Ta_Ne_Omotic";"swap";0,990370876373521;40,3820316407381;52,5808677451398;40,4424219184827;37,541359012371
"Ta_Ne_Omotic";"swap";0,990373296651929;40,4815341283003;52,601443876827;40,5415336815108;37,5179534852611
"Ta_Ne_Omotic";"swap";0,990575827415246;40,4742688673037;52,4808500070952;40,5337073877977;37,6619352229918
"Ta_Ne_Omotic";"swap";0,990739316738863;40,326857774619;52,4448417766425;40,386847794431;38,260573839644
"Ta_Ne_Omotic";"swap";0,99073707060575;40,3158019426676;52,4386689371364;40,3758161357095;38,4229357978195
"Ta_Ne_Omotic";"swap";0,990864212754565;40,3158019426676;52,4479281963956;40,3758619736267;38,3666632887341
"Ta_Ne_Omotic";"swap";0,990796141335044;40,3158019426676;52,4479281963956;40,3758619736267;38,3567772751965
"Ta_Ne_Omotic";"swap";0,990724344932215;40,3158019426676;52,3923726408401;40,3755869461239;38,4332409443549
"Ta_Ne_Omotic";"swap";0,990710916497732;40,303824791387;52,460273875408;40,364005232397;38,4279050407121
"Ta_Ne_Omotic";"swap";0,990349768929995;40,303824791387;52,4510146161487;40,3639593944799;38,401087259413
"Ta_Ne_Omotic";"swap";0,990269951257965;40,2430177156545;52,497310912445;40,3036825334604;38,6702390221508
"Ta_Ne_Omotic";"swap";0,990439151062675;40,149043144068;52,497310912445;40,2101731825253;38,9987046790707
"Ta_Ne_Omotic";"swap";0,990175490161662;40,1232462028482;52,4139775791117;40,1840914076812;39,1940938055615
"Ta_Ne_Omotic";"swap";0,990224845859185;40,0921056095185;52,4371257272598;40,1532195704975;39,1279551500855
"Ta_Ne_Omotic";"swap";0,989823284955673;40,1508857827266;52,3908294309635;40,2114795631634;38,7497487105449
"Ta_Ne_Omotic";"swap";0,990023687516613;40,0734949590671;52,3908294309635;40,1344718623933;39,2390836040348
"Ta_Ne_Omotic";"swap";0,990023687516613;40,0734949590671;52,3908294309635;40,1344718623933;39,2396598732446
"Ta_Ne_Omotic";"swap";0,989836908883412;40,0974492616284;52,4371257272598;40,158536768884;39,2791829044938
"Ta_Ne_Omotic";"swap";0,98988689820095;40,1103477322383;52,4976195544203;40,1716708600709;39,1659218467715
"Ta_Ne_Omotic";"swap";0,990041024357472;40,0953170654663;52,5809528877537;40,1571271437945;39,1936382725738
"Ta_Ne_Omotic";"swap";0,989847095580664;40,2243017715655;52,5871257272598;40,285503870356;38,6955274272355
"Ta_Ne_Omotic";"swap";0,989847095580664;40,2243017715655;52,5871257272598;40,285503870356;38,7103004742903
"Ta_Ne_Omotic";"swap";0,989727841435115;40,2161941614678;52,5485454803462;40,2772454056207;38,7042955872698
"Ta_Ne_Omotic";"swap";0,989727841435115;40,2161941614678;52,5485454803462;40,2772454056207;38,72109310595
"Ta_Ne_Omotic";"swap";0,989621602754727;40,2123246202848;52,5485454803462;40,2733950205822;38,7343412590598
"Ta_Ne_Omotic";"swap";0,989798728011599;40,2252230908947;52,5696182772811;40,2863339581541;38,6579857044075
"Ta_Ne_Omotic";"swap";0,989643388550134;40,2318565900655;52,45850716617;40,2923845632146;38,8249297319551
"Ta_Ne_Omotic";"swap";0,98964668782494;40,309247413725;52,45850716617;40,3693922639847;38,6218612065778
"Ta_Ne_Omotic";"swap";0,989282385589592;40,3147753297007;52,3485454803462;40,3743484492583;38,4897558954892
"Ta_Ne_Omotic";"swap";0,98909079348781;40,2429124220169;52,3331133815808;40,3027649020147;38,5823384538378
"Ta_Ne_Omotic";"swap";0,989165304864936;40,3147753297007;52,3948417766425;40,374577638844;38,4546555485187
"Ta_Ne_Omotic";"swap";0,989194132103692;40,2458606438706;52,3269405420746;40,3056679700993;38,461922103965
"Ta_Ne_Omotic";"swap";0,989550884349823;40,241175076996;52,209230878388;40,300422877993;38,4491089347722
"Ta_Ne_Omotic";"swap";0,989619811239483;40,234725841691;52,2919469277707;40,2944150549884;38,4364194296758
"Ta_Ne_Omotic";"swap";0,989809343716954;40,2900050014478;52,3197247055485;40,3495580692899;38,2035344793265
"Ta_Ne_Omotic";"swap";0,989833506295637;40,3342283292532;52,3258975450546;40,3935930283413;38,4645299547573
"Ta_Ne_Omotic";"swap";0,990042145319103;40,3010608333991;52,3721938413509;40,3608189175969;38,4254187883161
"Ta_Ne_Omotic";"swap";0,990042145319103;40,2704730316671;52,3721938413509;40,3303825406259;38,6203198228687
"Ta_Ne_Omotic";"swap";0,99014390930864;40,267630103451;52,3352100184476;40,3273705980797;38,5202515820345
"Ta_Ne_Omotic";"swap";0,990091487310688;40,2683671589144;52,3686462324393;40,3282695305655;38,3180745102399
"Ta_Ne_Omotic";"swap";0,990187088541763;40,3402300665982;52,4097984958138;40,3999804053567;38,222077841899
"Ta_Ne_Omotic";"swap";0,990236268215871;40,3042986127563;52,4097984958138;40,3642268299992;38,1090954133161
"Ta_Ne_Omotic";"swap";0,989856053518913;40,3110900523836;52,5158861927061;40,3715098352565;38,1702981690587
"Ta_Ne_Omotic";"swap";0,989854368983576;40,3212245650057;52,5714417482617;40,3818692045267;38,1191253699357
"Ta_Ne_Omotic";"swap";0,989964397780177;40,299112901103;52,5642578402157;40,3598314404055;38,1941154372718
"Ta_Ne_Omotic";"swap";0,989628759792783;40,3062991918713;52,610554136512;40,3672113450626;38,1885070118819
"Ta_Ne_Omotic";"swap";0,989557485367801;40,3149332701571;52,6475379594154;40,3759857686188;38,2085287139808
"Ta_Ne_Omotic";"swap";0,989518827311817;40,3038774382058;52,6164325244785;40,3648306812071;38,2934065345962
"Ta_Ne_Omotic";"swap";0,989506266244118;40,288215009608;52,4747658578118;40,3485444692526;38,3504104425207
"Ta_Ne_Omotic";"swap";0,989918776717371;40,288215009608;52,4495423584504;40,3484196004439;38,4773995446733
"Ta_Ne_Omotic";"swap";0,989962827680274;40,2108241859486;52,4289662267632;40,2713100376358;38,5771534651931
"Ta_Ne_Omotic";"swap";0,989920142463124;40,1500171102161;52,4752625230595;40,2110331766163;38,9303098087957
"Ta_Ne_Omotic";"swap";0,989962901031302;40,1610729421675;52,4901624804882;40,2221080388918;38,8580944255885
"Ta_Ne_Omotic";"swap";0,990216398408083;40,2218800178999;52,5133106286363;40,2827286842897;38,8407958888312
"Ta_Ne_Omotic";"swap";0,990434611668133;40,4024586064387;52,5760678302824;40,462723998636;38,3355992426478
"Ta_Ne_Omotic";"swap";0,99042685358047;40,4017215509753;52,7699127288208;40,4629502201725;38,1219878217213
"Ta_Ne_Omotic";"swap";0,990457881721621;40,4042485982784;52,7544806300553;40,465388360812;38,0971714892921
"Ta_Ne_Omotic";"swap";0,990441347741044;40,3884019058148;52,8347452816801;40,4500174670815;37,8694837467314
"Ta_Ne_Omotic";"swap";0,990584101860408;40,4188054436811;52,9437987796225;40,4808103611857;37,8478860065536
"Ta_Ne_Omotic";"swap";0,990635631036993;40,4090394587907;52,9900950759188;40,4713219123408;37,9393180333067
"Ta_Ne_Omotic";"swap";0,990656968895212;40,3261207191555;52,9900950759188;40,3888136615158;38,1814119576857
"Ta_Ne_Omotic";"swap";0,990172196787414;40,3275948300824;53,0939158507166;40,3907944390954;38,069980900193
"Ta_Ne_Omotic";"swap";0,990172196787414;40,3275948300824;53,0939158507166;40,3907944390954;38,0800837172996
"Ta_Ne_Omotic";"swap";0,990172196787414;40,3404933006923;53,0939158507166;40,4036290558904;37,6363277840653
"Ta_Ne_Omotic";"swap";0,990313559649765;40,2694464187001;53,0198417766425;40,3325671877989;38,1018457615221
"Ta_Ne_Omotic";"swap";0,990132058054373;40,2473347547974;52,9550269618277;40,310244122159;38,3009561831109
"Ta_Ne_Omotic";"swap";0,990266973148411;40,2344362841875;52,964286221087;40,2974553432811;38,279430988077
"Ta_Ne_Omotic";"swap";0,990188179080562;40,2344362841875;52,964286221087;40,2974553432811;38,2517524495749
"Ta_Ne_Omotic";"swap";0,990270337314517;40,3026139145542;53,0321874556549;40,3656316053517;38,3439860120267
"Ta_Ne_Omotic";"swap";0,990270337314517;40,3026139145542;53,0321874556549;40,3656316053517;38,3957087878137
"Ta_Ne_Omotic";"swap";0,990328684669982;40,3413093263839;53,0527635873421;40,4042373177748;38,1372893779993
"Ta_Ne_Omotic";"swap";0,990362813766657;40,3505225196768;53,0527635873421;40,4134049011998;38,1348852814558
"Ta_Ne_Omotic";"swap";0,990271621970192;40,3173550238227;53,0373314885767;40,3803252043413;38,1680938007493
"Ta_Ne_Omotic";"swap";0,990271621970192;40,3173550238227;53,0373314885767;40,3803252043413;38,088717306424
"Ta_Ne_Omotic";"swap";0,990323355258866;40,328410855774;53,0512203774656;40,391395061327;38,1332871227283
"Ta_Ne_Omotic";"swap";0,989919198755034;40,3213035352339;53,1196537533702;40,3846617046306;38,0054828882359
"Ta_Ne_Omotic";"swap";0,990033910298657;40,327568506673;53,2168759755925;40,3913769594894;37,8609187894558
"Ta_Ne_Omotic";"swap";0,989901017046014;40,3054568427703;53,2029870867036;40,3693060023937;37,997438064579
"Ta_Ne_Omotic";"swap";0,990323731526707;40,3115112269341;53,2122463459628;40,3753762522758;37,9527034507114
"Ta_Ne_Omotic";"swap";0,990323731526707;40,3262523362026;53,2122463459628;40,3900443857559;37,9511984014325
"Ta_Ne_Omotic";"swap";0,990323731526707;40,3262523362026;53,2122463459628;40,3900443857559;37,9934135310332
"Ta_Ne_Omotic";"swap";0,99040460215078;40,3188817815684;53,2801475805307;40,3830464637414;37,9364613701349
"Ta_Ne_Omotic";"swap";0,990470459322207;40,2967701176656;53,2801475805307;40,3610442635214;38,0019420531269
"Ta_Ne_Omotic";"swap";0,990470459322207;40,2967701176656;53,2801475805307;40,3610442635214;38,0195627657782
"Ta_Ne_Omotic";"swap";0,990421265854307;40,2792650504093;53,2311763871151;40,3433834233633;37,888685133344
"Ta_Ne_Omotic";"swap";0,990012946432383;40,3360446445024;53,1848800908188;40,3996527407713;37,4870351590298
"Ta_Ne_Omotic";"swap";0,990093121601681;40,3657900971334;53,1617319426706;40,4291363438935;37,4843489311359
"Ta_Ne_Omotic";"swap";0,990071903004391;40,4376530048172;53,1709912019299;40,5006893325257;37,1092650664786
"Ta_Ne_Omotic";"swap";0,990071903004391;40,3879017610361;53,1709912019299;40,4511843820306;37,0774529729051
"Ta_Ne_Omotic";"swap";0,989809563068333;40,3565769038406;53,0487689797077;40,4194095378795;37,1709114119657
"Ta_Ne_Omotic";"swap";0,98995423604088;40,3370449340599;52,9438839222364;40,3994550280607;37,3968488648162
"Ta_Ne_Omotic";"swap";0,98995423604088;40,3370449340599;52,9438839222364;40,3994550280607;37,4323731924236
"Ta_Ne_Omotic";"swap";0,989947010136944;40,3315170180842;52,9438839222364;40,3939544780057;37,782746950898
"Ta_Ne_Omotic";"swap";0,989860609819092;40,2651820263761;52,9346246629772;40,3279020394285;38,1994415969014
"Ta_Ne_Omotic";"swap";0,989936367966635;40,123298849667;52,8741308358167;40,1864217802915;38,6893864666848
"Ta_Ne_Omotic";"swap";0,989903389760863;40,1417252362526;52,8833900950759;40,2048027850587;38,6141374961253
"Ta_Ne_Omotic";"swap";0,989834889697327;40,1400668614599;52,7938839222364;40,2027095201766;38,6710763315238
"Ta_Ne_Omotic";"swap";0,989834889697327;40,081102424386;52,7938839222364;40,1440369862566;38,4601855656499
"Ta_Ne_Omotic";"swap";0,990104546474277;40,0516202058491;52,815488860508;40,1148076744365;38,4526960617874
"Ta_Ne_Omotic";"swap";0,990357191490868;40,0490405117271;52,7723321980985;40,1120271042339;38,6228208537743
"Ta_Ne_Omotic";"swap";0,990225899371584;40,1835531338019;52,7954803462466;40,2459884170318;38,0774071662269
"Ta_Ne_Omotic";"swap";0,990488094031039;40,1614414698992;52,8186284943948;40,2241008116046;38,0320674720408
"Ta_Ne_Omotic";"swap";0,990423877883806;40,1500171102161;52,7505392365546;40,2123959326237;38,2568893862926
"Ta_Ne_Omotic";"swap";0,990423877883806;40,1500171102161;52,7505392365546;40,2123959326237;38,4810915873567
"Ta_Ne_Omotic";"swap";0,990617423582453;40,1597041248783;52,6184227330779;40,2213809496713;38,5193693922387
"Ta_Ne_Omotic";"swap";0,990698420023405;40,1581247203138;52,6338548318433;40,2198857604699;38,7105961891594
"Ta_Ne_Omotic";"swap";0,991062552514789;40,2653662902419;52,75156449553;40,3271791526443;38,3012844649528
"Ta_Ne_Omotic";"swap";0,991115659862027;40,2377267103635;52,7309883638428;40,2995745403312;38,4044892634851
"Ta_Ne_Omotic";"swap";0,990899223204589;40,3482850298771;52,7375727259827;40,4096181372835;38,0917822619152
"Ta_Ne_Omotic";"swap";0,990621791296551;40,3558398483772;52,7190542074642;40,4170438798578;38,1280278758504
"Ta_Ne_Omotic";"swap";0,990480528790033;40,3529179499329;52,7869554420321;40,4144725909829;38,1570549681353
"Ta_Ne_Omotic";"swap";0,990662779935246;40,3584458659085;52,8080282389669;40,4200774618148;38,1510992958417
"Ta_Ne_Omotic";"swap";0,9913196659409;40,3627892284609;52,6333191428977;40,4235344260571;38,5399948295946
"Ta_Ne_Omotic";"swap";0,991301667887223;40,357445576351;52,7678019015184;40,4188829839014;38,4388262183173
"Ta_Ne_Omotic";"swap";0,991256258440146;40,3961409881808;52,7678019015184;40,4573868342864;38,2354575334359
"Ta_Ne_Omotic";"swap";0,991129118586451;40,3961409881808;52,7029870867036;40,4570659688665;38,1776369031124
"Ta_Ne_Omotic";"swap";0,991259297122569;40,3915343915344;52,7029870867036;40,452482177154;38,2134834001725
"Ta_Ne_Omotic";"swap";0,991259297122569;40,3915343915344;52,7029870867036;40,452482177154;38,1467981724593
"Ta_Ne_Omotic";"swap";0,991224859394825;40,3767932822659;52,7029870867036;40,437814043674;38,2723302707085
"Ta_Ne_Omotic";"swap";0,991224859394825;40,3767932822659;52,7029870867036;40,437814043674;38,1730474763706
"Ta_Ne_Omotic";"swap";0,991236958661874;40,3915343915344;52,6841421881652;40,4523888855771;38,2198461809856
"Ta_Ne_Omotic";"swap";0,991236958661874;40,4247018873885;52,6841421881652;40,4853921859072;38,1165343709743
"Ta_Ne_Omotic";"swap";0,991231300206252;40,4293874542631;52,7056939123031;40,4901612486098;38,0978777902931
"Ta_Ne_Omotic";"swap";0,991231300206252;40,4175945668483;52,7056939123031;40,4784267418258;38,0975367350564
"Ta_Ne_Omotic";"swap";0,990970885831565;40,3862697096528;52,6539272030651;40,4470006873429;38,1494156528317
"Ta_Ne_Omotic";"swap";0,99093090523622;40,3503382558109;52,6076309067688;40,4110179223998;38,2234625198316
"Ta_Ne_Omotic";"swap";0,99083543483881;40,3392824238595;52,6076309067688;40,4000168222898;37,9633220937799
"Ta_Ne_Omotic";"swap";0,990797896882175;40,3613940877622;52,6287037037037;40,4221233432867;37,9625064302536
"Ta_Ne_Omotic";"swap";0,990598725027594;40,3816631130064;52,6070987654321;40,4421850716818;38,1283912426581
"Ta_Ne_Omotic";"swap";0,990598725027594;40,3816631130064;52,6070987654321;40,4421850716818;38,1000787364752
"Ta_Ne_Omotic";"swap";0,990496797280496;40,370607281055;52,5376543209877;40,4308401871933;38,2015615636238
"Ta_Ne_Omotic";"swap";0,990638420891145;40,3824001684698;52,6154320987654;40,4429597324812;38,1403550148978
"Ta_Ne_Omotic";"swap";0,991006632878535;40,3787148911527;52,6708847736626;40,4395672173037;38,1742703862852
"Ta_Ne_Omotic";"swap";0,991142921808984;40,3842428071284;52,7264403292181;40,4453427948615;38,2677021221299
"Ta_Ne_Omotic";"swap";0,991127259939622;40,3906920424333;52,7264403292181;40,451760103259;38,2964430606934
"Ta_Ne_Omotic";"swap";0,9907649343405;40,390218221064;52,7264403292181;40,45128862754;38,2318759787129
"Ta_Ne_Omotic";"swap";0,990412137994485;40,406801968991;52,7320810273875;40,4678182019534;38,0698811167755
"Ta_Ne_Omotic";"swap";0,990412137994485;40,406801968991;52,7320810273875;40,4678182019534;38,0681771150371
"Ta_Ne_Omotic";"swap";0,990410079661452;40,3937982047435;52,747513126153;40,4549552093049;38,0507115378225
"Ta_Ne_Omotic";"swap";0,990518407145313;40,3716865408408;52,7691180644246;40,4330599642248;37,87549549981
"Ta_Ne_Omotic";"swap";0,991004686235402;40,4066966753534;52,7783773236838;40,467942619157;37,8131618547689
"Ta_Ne_Omotic";"swap";0,990820012042213;40,3514175155966;52,713562508869;40,4126162531871;37,8989859739402
"Ta_Ne_Omotic";"swap";0,990916188533799;40,3208297138645;52,7320810273875;40,3822715520503;37,8905119461377
"Ta_Ne_Omotic";"swap";0,990779779975655;40,3300429071573;52,7259081878814;40,3914085768639;37,8706076423266
"Ta_Ne_Omotic";"swap";0,990993539682161;40,3337281844745;52,6796118915851;40,3948464206483;37,9046538098351
"Ta_Ne_Omotic";"swap";0,99112577569007;40,3226723525231;52,6888711508443;40,3838911584554;37,8864332592553
"Ta_Ne_Omotic";"swap";0,991175034053385;40,3401774197794;52,7104760891159;40,4014165221029;37,8655606400883
"Ta_Ne_Omotic";"swap";0,991141849815217;40,2572586801443;52,7047999148574;40,3188801714052;37,885157028514
"Ta_Ne_Omotic";"swap";0,990776862572315;40,2514675300745;52,8097381864623;40,3136371867893;37,7437663660665
"Ta_Ne_Omotic";"swap";0,990990499491676;40,2284082234331;52,8560344827586;40,2909212247169;38,0643266656431
"Ta_Ne_Omotic";"swap";0,990974990694891;40,1970833662376;52,8004789272031;40,2594764135691;37,9730753739571
"Ta_Ne_Omotic";"swap";0,991484777817019;40,2132196162047;52,7464665815241;40,2752653932607;37,990418836737
"Ta_Ne_Omotic";"swap";0,99147366375125;40,2193003237779;52,8020221370796;40,281591025824;37,9926448867683
"Ta_Ne_Omotic";"swap";0,99147366375125;40,2193003237779;52,8020221370796;40,281591025824;38,0361625225776
"Ta_Ne_Omotic";"swap";0,991407337719781;40,2263023506805;52,8020221370796;40,288558389227;38,0573738307741
"Ta_Ne_Omotic";"swap";0,991247874366318;40,2272236700097;52,6797999148574;40,2888700870634;38,0301116985421
"Ta_Ne_Omotic";"swap";0,991359327097337;40,2272236700097;52,6797999148574;40,2888700870634;38,0493601307625
"Ta_Ne_Omotic";"swap";0,99108973871422;40,3930611492801;52,6854760891159;40,4539146885862;37,5126952681779
"Ta_Ne_Omotic";"swap";0,991147192554195;40,3743715286004;52,8058464594863;40,4359134837038;37,5083037559231
"Ta_Ne_Omotic";"swap";0,991629771320329;40,2886098607492;52,8428834965233;40,3507597302332;37,965238308618
"Ta_Ne_Omotic";"swap";0,991497149354062;40,268340835505;52,857783453952;40,3306648088637;38,3026653129278
"Ta_Ne_Omotic";"swap";0,991643094266282;40,3420463818474;52,8114871576557;40,4037762866781;37,8898577574525
"Ta_Ne_Omotic";"swap";0,991381318810964;40,3490484087499;52,7163225486022;40,4102725381551;37,8856152981127
"Ta_Ne_Omotic";"swap";0,991381318810964;40,4096712206165;52,7163225486022;40,4705952370917;37,9796809510395
"Ta_Ne_Omotic";"swap";0,991381318810964;40,4096712206165;52,7163225486022;40,4705952370917;37,9198418663362
"Ta_Ne_Omotic";"swap";0,991221831277647;40,3654478928111;52,6635447708245;40,426329560524;37,9891199941561
"Ta_Ne_Omotic";"swap";0,991263898190669;40,4763747400563;52,751525471832;40,5371428129859;37,4628629933615
"Ta_Ne_Omotic";"swap";0,991382557226785;40,3934560004212;52,751525471832;40,4546345621608;37,8794915241593
"Ta_Ne_Omotic";"swap";0,991277845792916;40,4155676643239;52,7360933730666;40,4765603658523;37,9228898337655
"Ta_Ne_Omotic";"swap";0,99166600557784;40,435836689568;52,7360933730666;40,4967290493873;38,2972682610842
"Ta_Ne_Omotic";"swap";0,99157925834285;40,4227539550923;52,8028771108273;40,484041693487;38,1614390249343
"Ta_Ne_Omotic";"swap";0,991201819934611;40,4348100766011;52,9572158365262;40,4968021843235;37,8429484040608
"Ta_Ne_Omotic";"swap";0,990951993523559;40,3703177235516;52,8389030793245;40,4320433936296;38,4518695448123
"Ta_Ne_Omotic";"swap";0,991058635883893;40,3773197504541;52,9037178941393;40,4393316224525;38,4471121170694
"Ta_Ne_Omotic";"swap";0,991082894829677;40,406801968991;52,9500141904356;40,4688970789982;38,4174029336906
"Ta_Ne_Omotic";"swap";0,99136203941183;40,406801968991;53,0256314743863;40,469271421988;38,437250494167
"Ta_Ne_Omotic";"swap";0,991431103394538;40,406801968991;53,0256314743863;40,469271421988;38,4112084825418
"Ta_Ne_Omotic";"swap";0,991658129578732;40,406801968991;52,97933517809;40,4690422324024;38,3938041282637
"Ta_Ne_Omotic";"swap";0,991658129578732;40,406801968991;52,97933517809;40,4690422324024;38,3736270808582
"Ta_Ne_Omotic";"swap";0,991715960730888;40,4274395219669;52,9484709805591;40,4894248262173;38,4196834541526
"Ta_Ne_Omotic";"swap";0,991652988439092;40,4267024665035;52,9223215552717;40,4885619669429;38,4736090741519
"Ta_Ne_Omotic";"swap";0,991750944336073;40,4245965937508;52,9100610188733;40,4864058235782;38,2676167965378
"Ta_Ne_Omotic";"swap";0,99166706372065;40,3945615836163;52,9933943522066;40,4569320428668;38,553000566696
"Ta_Ne_Omotic";"swap";0,991780858888963;40,419252941641;52,9470980559103;40,4812719768602;38,1906095247187
"Ta_Ne_Omotic";"swap";0,991658290274255;40,4855879333491;52,9470980559103;40,5472785775202;37,9585052585435
"Ta_Ne_Omotic";"swap";0,99154956833655;40,4855879333491;52,9470980559103;40,5472785775202;38,0469611761317
"Ta_Ne_Omotic";"swap";0,991307155996033;40,4732422543368;52,9748758336881;40,5351315294821;38,0681342969725
"Ta_Ne_Omotic";"swap";0,991137228061072;40,4487351601779;52,9656165744288;40,5106999196544;38,1620810718265
"Ta_Ne_Omotic";"swap";0,991212537603332;40,5124904577641;52,9285795373918;40,573956245287;37,7983814945925
"Ta_Ne_Omotic";"swap";0,990860819509586;40,5115691384348;52,8642791258692;40,5727211680756;38,1517894966944
"Ta_Ne_Omotic";"swap";0,991107200386444;40,5170970544105;52,7773449694906;40,5777913510198;38,1379137051251
"Ta_Ne_Omotic";"swap";0,991175468839132;40,4820869198979;52,7773449694906;40,5429545340048;38,476980029991
"Ta_Ne_Omotic";"swap";0,991124383814333;40,5668482981916;52,8321980984816;40,6275678516584;37,9034409566117
"Ta_Ne_Omotic";"swap";0,991190443802012;40,5685066729843;52,8784943947779;40,6294472062605;37,9019050325919
"Ta_Ne_Omotic";"swap";0,991263960740216;40,5076995972518;52,8784943947779;40,5689411556554;38,2168894147825
"Ta_Ne_Omotic";"swap";0,991133395422691;40,4468925215194;52,864605505889;40,5083663481747;38,2666241398022
"Ta_Ne_Omotic";"swap";0,991070292939837;40,4398904946169;52,8707783453952;40,5014295433831;38,3113247639226
"Ta_Ne_Omotic";"swap";0,991070292939837;40,4564742425439;52,8707783453952;40,5179311935481;38,2110102625495
"Ta_Ne_Omotic";"swap";0,991030460995629;40,4419173971413;52,7431885908897;40,5028147792885;38,4071195348706
"Ta_Ne_Omotic";"swap";0,990898687793244;40,4419173971413;52,7431885908897;40,5028147792885;38,4069103419944
"Ta_Ne_Omotic";"swap";0,990706365538242;40,4401537287109;52,917897686959;40,5019247384052;38,0357245386037
"Ta_Ne_Omotic";"swap";0,990645435038747;40,4071704967227;52,969302540088;40,4693592692146;37,7383096448884
"Ta_Ne_Omotic";"swap";0,9909240232842;40,405248887836;53,144302540088;40,4683135098768;37,6726601019563
"Ta_Ne_Omotic";"swap";0,990746744709137;40,4382321198242;53,0708138214843;40,5007696530007;37,8430454402844
"Ta_Ne_Omotic";"swap";0,990746744709137;40,4382321198242;53,0708138214843;40,5007696530007;37,7971833749192
"Ta_Ne_Omotic";"swap";0,990674872903802;40,3827686962015;52,8164750957854;40,4443216981797;38,1697292136046
"Ta_Ne_Omotic";"swap";0,99078170771923;40,3500486983074;52,8072158365262;40,411717842556;38,2469857292125
"Ta_Ne_Omotic";"swap";0,990674946922219;40,3371502276975;52,8722541507024;40,3992051976134;38,1108372536917
"Ta_Ne_Omotic";"swap";0,990798761837934;40,3307009923925;52,8815134099617;40,392833727133;38,0406069140383
"Ta_Ne_Omotic";"swap";0,990868736094587;40,3307009923925;52,8876862494679;40,3928642857444;38,1065879956003
"Ta_Ne_Omotic";"swap";0,990868736094587;40,3307009923925;52,8876862494679;40,3928642857444;38,0938479973264
"Ta_Ne_Omotic";"swap";0,990747920158712;40,3287267366869;52,7981800766284;40,3904567037163;38,2890256120283
"Ta_Ne_Omotic";"swap";0,990870997578457;40,315828266077;52,785834397616;40,3775609696985;38,3508405269273
"Ta_Ne_Omotic";"swap";0,990993641453396;40,3342546526626;52,8743117638711;40,3963341433122;38,3302622918181
"Ta_Ne_Omotic";"swap";0,990883263245065;40,3314906946748;52,9236944799205;40,393828337176;38,3643498874902
"Ta_Ne_Omotic";"swap";0,991316097922308;40,4400221116639;53,0893323400028;40,5026424593289;38,0849162346766
"Ta_Ne_Omotic";"swap";0,991536648243327;40,4566058595909;53,1983858379452;40,5196839782957;37,8576163220324
"Ta_Ne_Omotic";"swap";0,991372124415478;40,3515754560531;53,1829537391798;40,415097130722;38,3103528393239
"Ta_Ne_Omotic";"swap";0,991314130414498;40,3405196241017;53,0414750957854;40,4033956412883;38,6079662790718
"Ta_Ne_Omotic";"swap";0,991216914720718;40,356734844297;53,0198701575138;40,4194236329763;38,6540192994042
"Ta_Ne_Omotic";"swap";0,991588298319104;40,4238068914686;53,1777919682134;40,4869454314525;38,3609535271931
"Ta_Ne_Omotic";"swap";0,991606376832154;40,4127510595172;53,2111253015468;40,4761093478441;38,3363247500579
"Ta_Ne_Omotic";"swap";0,991606376832154;40,4127510595172;53,2111253015468;40,4761093478441;38,3580011012049
"Ta_Ne_Omotic";"swap";0,991606376832154;40,4127510595172;53,2111253015468;40,4761093478441;38,3585793649194
"Ta_Ne_Omotic";"swap";0,991773777736673;40,406670351944;53,2121541081311;40,4700638358855;38,3364693075711
"Ta_Ne_Omotic";"swap";0,991650197510536;40,3830845771144;53,1565985525756;40,4463197948147;38,3528479556619
"Ta_Ne_Omotic";"swap";0,991427899095447;40,355444997236;53,1761458776785;40,4189138134759;38,4193153551716
"Ta_Ne_Omotic";"swap";0,991127656620506;40,4494195688226;53,1761458776785;40,512423164411;37,8689263126316
"Ta_Ne_Omotic";"swap";0,991258152616729;40,4973281739451;53,2733680999007;40,5605758963508;37,8497946615645
"Ta_Ne_Omotic";"swap";0,991316569435732;40,5682697622996;53,2918866184192;40,6312579645576;37,4908697575787
"Ta_Ne_Omotic";"swap";0,991357192559186;40,4872199847324;53,0809635305804;40,5495652498109;37,7137277920312
"Ta_Ne_Omotic";"swap";0,991294239805766;40,5369712285135;53,0809635305804;40,5990702003059;37,6343456990971
"Ta_Ne_Omotic";"swap";0,991294239805766;40,5369712285135;53,0809635305804;40,5990702003059;37,6147805489856
"Ta_Ne_Omotic";"swap";0,991368130515141;40,5369712285135;53,0752873563218;40,5990421004334;37,5838371199413
"Ta_Ne_Omotic";"swap";0,991319158561474;40,5369712285135;53,1308429118774;40,5993171279361;37,5624151841234
"Ta_Ne_Omotic";"swap";0,991359196618021;40,5378925478428;53,0567688378033;40,5998671829416;37,6014432320489
"Ta_Ne_Omotic";"swap";0,991172241775929;40,5157808839401;53,0839293316305;40,5779994406118;37,6335778121178
"Ta_Ne_Omotic";"swap";0,991481680246791;40,5237042301719;53,2042997020009;40,58647945528;37,6133053331682
"Ta_Ne_Omotic";"swap";0,991017634517918;40,5303114059333;53,1672626649638;40,592870570582;37,2433748227247
"Ta_Ne_Omotic";"swap";0,991017634517918;40,4781647318961;53,1672626649638;40,5409820483964;37,2597949274402
"Ta_Ne_Omotic";"swap";0,991050310992133;40,4468398747006;53,1533737760749;40,5097435078757;37,3758696811433
"Ta_Ne_Omotic";"swap";0,991153196897896;40,4477611940299;53,1847701149425;40,5108156936383;37,2965568410564
"Ta_Ne_Omotic";"swap";0,991075967408667;40,4542104293348;53,0643997445722;40,5166371091132;37,3868835016107
"Ta_Ne_Omotic";"swap";0,99102121223005;40,4864566058596;53,1477330779055;40,5491361923549;37,0706323178918
"Ta_Ne_Omotic";"swap";0,991209626162246;40,4960383268841;53,1384738186462;40,5586246411998;37,3632991760292
"Ta_Ne_Omotic";"swap";0,991104830174207;40,494485245729;53,1199553001277;40,556987572731;37,3519222171939
"Ta_Ne_Omotic";"swap";0,991104830174207;40,4668456658506;53,1199553001277;40,529484822456;37,3665337969575
"Ta_Ne_Omotic";"swap";0,991166605635746;40,4952223011924;53,1689974457216;40,557963762304;37,4912031640854
"Ta_Ne_Omotic";"swap";0,991102729541891;40,4823238305825;53,1689974457216;40,545129145509;37,2644227498364
"Ta_Ne_Omotic";"swap";0,991160240397448;40,4731106372897;53,1540620122038;40,5358876242943;37,2790164274032
"Ta_Ne_Omotic";"swap";0,99118722313119;40,480481191924;53,16023485171;40,5432522496457;37,3580694601902
"Ta_Ne_Omotic";"swap";0,991416434734144;40,5025928558267;53,16023485171;40,5652544498657;37,3241285458084
"Ta_Ne_Omotic";"swap";0,991450159226277;40,5523440996078;53,1730949340145;40,6148230641345;37,4185456298481
"Ta_Ne_Omotic";"swap";0,991450159226277;40,5523440996078;53,1730949340145;40,6148230641345;37,274409424234
"Ta_Ne_Omotic";"swap";0,991380874816699;40,4823238305825;53,1051936994466;40,5448132853789;37,4417422605938
"Ta_Ne_Omotic";"swap";0,991672507368265;40,4815604517097;53,2412196679438;40,544727081493;37,1624674818089
"Ta_Ne_Omotic";"swap";0,991644190099816;40,5150964752955;53,2082978572442;40,5779341058992;37,1939288352845
"Ta_Ne_Omotic";"swap";0,991631770197489;40,4690305088315;53,1620015609479;40,5318669991885;36,8991773564647
"Ta_Ne_Omotic";"swap";0,991638615973474;40,4742951907131;53,0925571165035;40,5367618339101;36,8844163353082
"Ta_Ne_Omotic";"swap";0,991619419588045;40,4908789386401;53,0925571165035;40,5532634840751;36,8587233258446
"Ta_Ne_Omotic";"swap";0,990975504040932;40,487904393377;53,1141620547751;40,5504106194236;36,8084807973413
"Ta_Ne_Omotic";"swap";0,990835861170194;40,4989602253284;53,0777423016887;40,5612314237262;36,8305989588044
"Ta_Ne_Omotic";"swap";0,990835861170194;40,4989602253284;53,0777423016887;40,5612314237262;37,196603646178
"Ta_Ne_Omotic";"swap";0,990835861170194;40,4989602253284;53,0777423016887;40,5612314237262;37,1694407196133
"Ta_Ne_Omotic";"swap";0,990622642460298;40,5069625417884;52,9348091386406;40,5684865348421;37,3583434381528
"Ta_Ne_Omotic";"swap";0,991065059930996;40,4847982310669;52,7969313182915;40,545749384964;37,5988687550561
"Ta_Ne_Omotic";"swap";0,991065059930996;40,4847982310669;52,7969313182915;40,545749384964;37,1495439285321
"Ta_Ne_Omotic";"swap";0,991065059930996;40,4847982310669;52,7969313182915;40,545749384964;37,1336374982012
"Ta_Ne_Omotic";"swap";0,99119961483163;40,5105951722867;52,7542358450404;40,5712072548251;37,5366403853574
"Ta_Ne_Omotic";"swap";0,991035404404525;40,5041459369818;52,7830424294026;40,5649325532809;37,0994035357684
"Ta_Ne_Omotic";"swap";0,990973034401441;40,5463423622628;52,7182276145878;40,6065992199475;37,6501097025893
"Ta_Ne_Omotic";"swap";0,990792182791803;40,5467108899945;52,771228891727;40,6072283058446;37,4862454001941
"Ta_Ne_Omotic";"swap";0,990848018193881;40,5669799152386;52,771228891727;40,6273969893797;37,4463709648554
"Ta_Ne_Omotic";"swap";0,990724548549198;40,5835636631656;52,7959202497517;40,6440208739903;37,5226063430877
"Ta_Ne_Omotic";"swap";0,990605898873107;40,5835636631656;52,7820313608628;40,6439521171147;37,5409351263844
"Ta_Ne_Omotic";"swap";0,990615453704186;40,6554265708495;52,8153646941961;40,7156242843314;37,3973512749231
"Ta_Ne_Omotic";"swap";0,991019544702434;40,6517412935323;52,8595856392791;40,7121761665311;37,3920427842688
"Ta_Ne_Omotic";"swap";0,990974909610183;40,652109821264;52,866170001419;40,7125754657203;37,3399670083152
"Ta_Ne_Omotic";"swap";0,990943836421712;40,6536892258285;52,8999148573861;40,7143141051927;37,2349323585731
"Ta_Ne_Omotic";"swap";0,990627805329127;40,6361841585722;52,7867816091954;40,6963356311001;37,3942183038181
"Ta_Ne_Omotic";"swap";0,990627805329127;40,6377635631367;52,7867816091954;40,6979072168301;37,4365083502062
"Ta_Ne_Omotic";"swap";0,990834921513331;40,6378688567743;52,6880693912303;40,6975233148657;37,3681910753202
"Ta_Ne_Omotic";"swap";0,990725657513145;40,6126247071521;52,6788101319711;40,672358298364;37,3609619175521
"Ta_Ne_Omotic";"swap";0,990632043689644;40,5693226986759;52,6973286504896;40,6293623321008;37,0130180591021
"Ta_Ne_Omotic";"swap";0,990359776708927;40,5582668667246;52,6788101319711;40,6182695561565;37,3160522018598
"Ta_Ne_Omotic";"swap";0,99036999641797;40,5601095053831;52,6716262239251;40,6200675089403;37,3990085493073
"Ta_Ne_Omotic";"swap";0,990635860133622;40,5585301008187;52,6716262239251;40,6184959232103;37,418686634811
"Ta_Ne_Omotic";"swap";0,990766139553449;40,5345757982574;52,685515112814;40,5947289631809;37,3483886295564
"Ta_Ne_Omotic";"swap";0,990857222609349;40,4848245544763;52,7009472115794;40,5453004092144;37,3455861745528
"Ta_Ne_Omotic";"swap";0,990811659708208;40,4921951091105;52,6877784872996;40,5525692842501;37,2445731776291
"Ta_Ne_Omotic";"swap";0,990397566681847;40,4901682065861;52,7602561373634;40,5509112161444;36,7133942620885
"Ta_Ne_Omotic";"swap";0,99060938726061;40,4560793914028;52,7139598410671;40,5167619678863;36,5153756749661
"Ta_Ne_Omotic";"swap";0,990231184684228;40,4156466345521;52,6676635447708;40,4763001836126;36,8135040586339
"Ta_Ne_Omotic";"swap";0,990291193543077;40,3186711942931;52,456740456932;40,3787606460883;36,7969600787012
"Ta_Ne_Omotic";"swap";0,990196925402242;40,3317539287689;52,5144742443593;40,3920644253807;36,7161499672891
"Ta_Ne_Omotic";"swap";0,99017077136615;40,3356234699518;52,4959557258408;40,3958231345849;36,6596607939516
"Ta_Ne_Omotic";"swap";0,990531061900082;40,3394140409066;52,3898680289485;40,3990697537187;36,8792624896672
