"matrix_id";"baseline";"ceof_cor";"stat_nodf_columns";"stat_nodf_rows";"stat_nodf_general";"stat_temp"
"americanhistory";"r2";0,991426753961913;73,1387468049754;56,1977194192712;56,2434635913511;6,85074744713777
"americanhistory";"r2";0,991955629728049;74,0000471569784;54,879190235228;54,9308203842992;7,25265197636573
"americanhistory";"r2";0,99253095370799;75,5523795515814;55,3420712096352;55,39664309607;7,08926460534738
"americanhistory";"r2";0,990531343422045;74,0576656140938;55,7499313301123;55,7993658849603;7,08211901655852
"americanhistory";"r2";0,993554652159097;72,7874950331828;54,2645095750998;54,3145253512943;7,8173937101194
"americanhistory";"r2";0,991321790604938;73,3831367924078;55,3142905488771;55,3630800580981;6,78876779890389
"americanhistory";"r2";0,990675043684081;72,4932715256683;54,9145315030671;54,9619976271831;7,48940171800798
"americanhistory";"r2";0,991649608617247;72,6529984157763;55,7513894927835;55,7970272271072;7,54142252120077
"americanhistory";"r2";0,990872953575984;74,3284187473421;56,2661917844868;56,3149634203223;6,86679930893007
"americanhistory";"r2";0,991730581066444;70,5215607227249;54,7349560080665;54,7775830073732;7,9701503692361
"americanhistory";"r2";0,99257936260959;74,0982885897035;55,4681503383832;55,5184554486128;7,49094568017276
"americanhistory";"r2";0,991246891696491;72,1395526675654;55,5463404440352;55,5911454454102;7,58998415970879
"americanhistory";"r2";0,992385097814056;71,3561075237922;56,175829505295;56,2168193009012;7,691262061154
"americanhistory";"r2";0,989942557680452;71,7159258262115;55,0600705847476;55,1050447348364;7,4945785120231
"americanhistory";"r2";0,992465175623116;71,5694042674153;53,634740459023;53,683167648754;8,2640208563718
"americanhistory";"r2";0,990906599562023;73,7545532442052;56,3698350147256;56,416777241082;6,93734936151708
"americanhistory";"r2";0,991645463553229;76,806472482306;56,2823394298214;56,3377587059237;6,53221181429558
"americanhistory";"r2";0,991227721662913;75,8878336978745;55,976258426943;56,0300236741643;6,58475979308821
"americanhistory";"r2";0,992201459483317;72,2049514685294;56,3491172336999;56,3919311665975;6,60740233855128
"americanhistory";"r2";0,992313536155954;73,0338845476349;54,460002148561;54,5101553567054;7,92567398026088
"americanhistory";"r2";0,991531240987484;72,4697455885714;54,5411106475158;54,5895215580958;7,78934072637603
"americanhistory";"r2";0,992158115354671;74,899724106153;54,8821120059613;54,9361635738912;7,25360228623168
"americanhistory";"r2";0,994110847195668;72,6366120894293;53,1229569246897;53,175647707807;8,55026920557757
"americanhistory";"r2";0,99083042275967;71,9505341777832;55,4930373426544;55,5374758852581;7,16855333870069
"americanhistory";"r2";0,991004907847166;75,5647572027199;56,2334555101632;56,2856539023279;6,62770061772661
"americanhistory";"r2";0,992355504581729;73,1722523443431;55,2183236885797;55,2668028972629;7,47469859899695
"americanhistory";"r2";0,98921150984993;69,1614809541824;55,4855251859584;55,5224530097424;7,45091153282714
"americanhistory";"r2";0,99144198804403;73,8965818462403;55,2789152562882;55,3291866905305;6,90242424836189
"americanhistory";"r2";0,991364362089663;68,9781826310874;54,5804310794254;54,6193078966071;7,59028919026023
"americanhistory";"r2";0,990052476676562;71,4155548693704;54,9508126124897;54,9952707191855;7,34042544118323
"americanhistory";"r2";0,992432386341137;72,1212953413359;54,7863024537814;54,8331104117404;7,63397366398957
"americanhistory";"r2";0,99331196405197;73,1708992833396;53,9509952985624;54,0028928945713;7,53971416711213
"americanhistory";"r2";0,993344828471187;72,3098563452724;54,842662644937;54,8898275716081;8,01120209974974
"americanhistory";"r2";0,992944867800596;70,5638156490587;53,6141102479;53,6598778523623;8,42423189642784
"americanhistory";"r2";0,992429067141385;70,8675140504542;54,0438622429804;54,0892894774551;7,79678591012059
"americanhistory";"r2";0,993995273575718;74,8288589843601;54,0473640444631;54,1034782492846;7,27157178875042
"americanhistory";"r2";0,990979556777748;72,8211962653081;55,2770439952307;55,3244167254771;7,45178878072489
"americanhistory";"r2";0,992373428852317;72,5532541367533;55,2342549994751;55,2810197711002;7,91149163384002
"americanhistory";"r2";0,989390982629785;71,1234237697454;55,2388765408027;55,2817680045439;7,7352758158915
"americanhistory";"r2";0,9927396710856;72,6814618566007;55,0114191639681;55,0591318236072;7,61535637174375
"americanhistory";"r2";0,989264750495554;72,1201645539299;55,8575574095416;55,9014697108882;7,52078610193876
"americanhistory";"r2";0,992389788932702;71,4147272705011;54,9149830340362;54,9595356530978;8,37816868644598
"americanhistory";"r2";0,989559300398285;74,5051510794738;55,4956517958375;55,5469812569489;6,99672836352617
"americanhistory";"r2";0,990595505390214;71,3067226266897;55,694000344538;55,7361578263984;7,51172759571187
"americanhistory";"r2";0,993687450468691;73,28476150631;54,0366483234125;54,0886220899147;7,78716082659179
"americanhistory";"r2";0,991434665570252;71,3720862426392;55,0572328705306;55,1012862471719;7,94210952228525
"americanhistory";"r2";0,992497715569435;73,6925378721527;54,2794183760765;54,3318376927223;7,65222082747093
"americanhistory";"r2";0,991010609370678;73,2485865871092;55,8007772148717;55,8478897999688;7,31783868948909
"americanhistory";"r2";0,993429431947833;74,3929086037627;55,7463132291012;55,7966627768649;7,45711254558571
"americanhistory";"r2";0,992300231022912;73,596627302809;54,8754284646216;54,9259794567013;7,41827694549278
"americanhistory";"r2";0,989361578087629;74,2745657455114;56,1116122874458;56,1606559050228;7,0126963934721
"americanhistory";"r2";0,993263946754859;74,2453552965746;53,3988566793935;53,4551464071826;8,00987215980267
"americanhistory";"r2";0,99326550632419;72,0828982869529;54,5336631127998;54,5810495679067;7,69074584443802
"americanhistory";"r2";0,99162948676452;73,1014752288318;54,9083340398031;54,9574591703088;7,96245860420246
"americanhistory";"r2";0,991362392850851;74,6038966670266;55,1635168793055;55,2160098042068;7,25796413175619
"americanhistory";"r2";0,989714642290203;71,7711475895775;56,5886955000825;56,6296911661165;7,46920250605325
"americanhistory";"r2";0,992625663908254;70,9471552206135;54,1704854242566;54,2157857978774;8,02474460970347
"americanhistory";"r2";0,991790174664886;76,0688241137952;55,8086172399238;55,8633238624038;6,4710413912232
"americanhistory";"r2";0,991120984547689;75,2224712687109;55,1974467246766;55,2515183076916;7,20132001487993
"americanhistory";"r2";0,990605970728615;72,6391835570553;55,5070448491196;55,5533050601038;7,51838983615678
"americanhistory";"r2";0,990803280602966;71,6356046391802;55,1361198145061;55,1806717331039;7,70133855888317
"americanhistory";"r2";0,993442875050036;72,1826761001926;54,6432735471182;54,6906334521759;7,93565891257869
"americanhistory";"r2";0,992889399468612;73,0284804769273;54,8832942282699;54,9322898708175;7,83114696985115
"americanhistory";"r2";0,991892867987944;73,3596573732354;55,1499869500953;55,1991567128487;7,11559355171823
"americanhistory";"r2";0,992349855517785;73,5838796987025;54,6963097384696;54,7473099659505;7,33680821322661
"americanhistory";"r2";0,992217230696362;71,4479439974771;54,2025692820541;54,2491352529721;8,21675810050096
"americanhistory";"r2";0,992248810106635;71,9752577280972;53,7207810153969;53,7700717641197;7,78117989487251
"americanhistory";"r2";0,989958258130711;71,1305280146813;54,7323032224788;54,7765817186775;7,91663384194684
"americanhistory";"r2";0,991535240368114;77,9730861551628;55,74094433826;55,8009755806294;6,47801235884712
"americanhistory";"r2";0,99299504800774;74,7258125017474;54,7425968076544;54,7965554983884;7,010760270263
"americanhistory";"r2";0,991592644979816;72,4622934642663;54,8480486375976;54,8956106318064;7,74357541492075
"americanhistory";"r2";0,991588351499098;71,5487635581567;53,6632022945553;53,7114968975661;8,26758478285557
"americanhistory";"r2";0,991137475418594;73,9141743395164;55,2034313311098;55,2539540903518;7,01896486187796
"americanhistory";"r2";0,992028915038327;72,2991639397527;54,6566243150911;54,7042627109299;7,88593489173051
"americanhistory";"r2";0,99050031108545;74,3431614641409;56,4043526689539;56,4527910509807;6,60547159875459
"americanhistory";"r2";0,990206824006438;75,2500653050175;56,7288942845917;56,7789051614405;6,5282564856129
"americanhistory";"r2";0,993078461129274;72,8925827726027;53,6759928240937;53,7278814715399;8,04659655456674
"americanhistory";"r2";0,994145564460574;70,3497726969567;53,2155342329783;53,2618001137251;8,63691565654538
"americanhistory";"r2";0,991818148138097;69,7764786620233;54,6901428223467;54,7308789552266;7,7205277272737
"americanhistory";"r2";0,993263079379414;72,639722815495;54,3098673571714;54,3593616436274;8,259811050477
"americanhistory";"r2";0,993264479550787;71,417721620569;53,8568770447783;53,9042948475983;7,52189886102906
"americanhistory";"r2";0,991393633210537;70,9032848633084;55,2701171429415;55,3123298315862;8,19812554239476
"americanhistory";"r2";0,989488697771636;72,4018549155821;55,5804970781377;55,6259181184332;7,55207025005434
"americanhistory";"r2";0,990934114006199;73,8880232159557;56,6896543171007;56,7360933628853;6,86675301421268
"americanhistory";"r2";0,991471781542198;72,8321424888879;55,509585506878;55,5563598853975;7,19282254612512
"americanhistory";"r2";0,9937580636594;70,2755199360644;53,1275660654093;53,1738689805052;8,6283992386827
"americanhistory";"r2";0,990686651589875;76,2119547423377;56,6421221066537;56,6949645802109;6,31620464087475
"americanhistory";"r2";0,991280195372309;73,6773513117753;55,932756535758;55,9806705009764;7,17617832445731
"americanhistory";"r2";0,991771184848506;78,7065606103186;55,2708245715131;55,3341057597061;6,45395737660776
"americanhistory";"r2";0,992849024737012;72,6904845628375;54,6922520348296;54,7408508728546;7,74701319692976
"americanhistory";"r2";0,991798533732274;68,2095021799189;53,2928615983462;53,3331395199907;9,06874204247394
"americanhistory";"r2";0,991717082367636;72,7921287178305;55,4841549724353;55,5308899732908;7,72493995393718
"americanhistory";"r2";0,992716427727898;75,0560783766858;54,7864019806466;54,8411341727359;7,30548641665963
"americanhistory";"r2";0,990428912553833;71,2703759955111;55,0109240627149;55,0548278443572;8,06168953570919
"americanhistory";"r2";0,992104186180421;72,0153325960028;54,5257659433416;54,5729912814717;8,16708223030166
"americanhistory";"r2";0,990582955012604;73,2411148497198;55,3274161739003;55,3757867535681;7,07545416947883
"americanhistory";"r2";0,991593230433227;73,4613849477298;55,1648960945395;55,2143002844686;7,40330955162765
"americanhistory";"r2";0,990728108697364;75,8293736352936;56,1857958303383;56,2388374306448;6,62255109768151
"americanhistory";"r2";0,991868298447056;75,1848676216653;54,7582074343891;54,8133635142035;7,14373055132781
"americanhistory";"r2";0,991490219796003;74,8933072568809;55,9171958406119;55,9684351477844;6,90094954163078
"americanhistory";"r2";0,993276045643076;74,920065294376;54,8049627785839;54,8592775901911;7,15111775991331
"americanhistory";"r2";0,992701799967081;72,6611743634621;54,2875981548914;54,3372104961428;8,09474906588223
"americanhistory";"r2";0,992725088797133;72,303999904055;54,0259664052887;54,0753207620591;7,68624906664185
"americanhistory";"r2";0,989921697042669;73,2381549740358;56,6663356641697;56,7110829003867;6,79451490828568
"americanhistory";"r2";0,991090959841375;73,4478988681536;54,5284792865438;54,5795655143911;7,51286503236978
"americanhistory";"r2";0,990676643163883;73,4090324053076;55,7895673013256;55,8371433913302;7,43236817499194
"americanhistory";"r2";0,991748857992759;72,5652013782641;55,5093572584096;55,5554114587024;7,66902236271703
"americanhistory";"r2";0,991548063790325;74,684789346292;55,4115922169221;55,4636337151113;6,86628577984535
"americanhistory";"r2";0,990982203024467;70,5168844566002;53,8954181990076;53,940299491942;8,14101642322617
"americanhistory";"r2";0,992125763429663;74,0514414113908;55,1045870360096;55,1557473433031;7,2696943514287
"americanhistory";"r2";0,991602338571623;74,7394336092635;55,0403573030633;55,0935487604554;6,91386476151794
"americanhistory";"r2";0,991473378247097;75,2758356631672;55,9117294622439;55,9640164331614;6,71688521278375
"americanhistory";"r2";0,990360975926921;71,3590651409944;55,8537312960226;55,895598807562;7,45498338679915
"americanhistory";"r2";0,991739417940107;76,6420077431408;55,5836327504155;55,6404945869179;6,86335474960557
"americanhistory";"r2";0,992489894194519;71,553232937193;54,9813063731606;55,0260538989854;8,02961067547755
"americanhistory";"r2";0,990454983601489;75,1646926735676;56,0364803806824;56,0881303907311;6,59455387010029
"americanhistory";"r2";0,990665230488449;68,6179221064894;54,8499047431514;54,8870811517085;8,32565922463755
"americanhistory";"r2";0,991299916009337;72,4883008280346;55,7537922268718;55,7989787568086;7,29899190550513
"americanhistory";"r2";0,99151895898516;71,7435167386331;54,7227224397101;54,7686819984559;7,43417670865137
"americanhistory";"r2";0,993003164475092;71,1785054736379;55,1361778390478;55,1794953415328;8,03996070979789
"americanhistory";"r2";0,991328286383868;72,2335504427001;55,2214983014859;55,2674342546523;7,18040826689828
"americanhistory";"r2";0,992756534449486;76,4179320024779;55,6003122623375;55,6565240113658;6,64428215140873
"americanhistory";"r2";0,992693171577614;72,396404271161;54,7673008725457;54,8149029878791;7,36923131961551
"americanhistory";"r2";0,993023199640047;72,2389044621525;54,7081414784672;54,7554780549545;8,33578130778036
"americanhistory";"r2";0,992884446632288;68,9614398405353;53,2204935101972;53,2629972227078;9,3763038184096
"americanhistory";"r2";0,990682780414571;73,4355915207065;55,5864669798684;55,634663196419;7,42932130917182
"americanhistory";"r2";0,990443157877158;71,7970938165411;55,7879140705783;55,831142067115;7,63663090442071
"americanhistory";"r2";0,990852091861925;72,9380896799509;55,8110143067983;55,857260845763;7,1079099494859
"americanhistory";"r2";0,992688197777952;76,0919346230548;55,2330533927192;55,2893765560475;6,72550639194034
"americanhistory";"r2";0,990732481559531;72,7071647932778;56,2594871270511;56,3038991559292;6,72990437816474
"americanhistory";"r2";0,991334314883006;71,6008632459292;56,0372162526568;56,0792412213935;7,14573063615309
"americanhistory";"r2";0,993560350874971;73,3031827124157;53,3861085394697;53,4398886348295;8,23247336890931
"americanhistory";"r2";0,990854647959362;73,6694775970646;54,7438572618429;54,7949602329687;7,31378626227706
"americanhistory";"r2";0,992513218796094;72,8946526638941;53,9571063153487;54,0082414891027;7,9806265115148
"americanhistory";"r2";0,993870533694701;74,3680966578699;53,9796335690588;54,0346865090456;7,77035383769483
"americanhistory";"r2";0,992047366702326;75,0379401750792;55,6139293464272;55,6663780718556;6,92372735063558
"americanhistory";"r2";0,990595440117588;72,4345511975841;55,3454545577621;55,3915985465288;7,230231684567
"americanhistory";"r2";0,99110725230561;71,9252245899241;54,4978335343463;54,5448909858927;8,05480125639332
"americanhistory";"r2";0,993722271716576;72,6475091890344;53,7764648832569;53,827420488156;8,36382137662284
"americanhistory";"r2";0,99187350333515;74,2026760177442;54,5173351112471;54,5704894803049;7,65783403152946
"americanhistory";"r2";0,991662053436399;75,0722932825048;55,3882322691791;55,4413831822687;6,90925162648624
"americanhistory";"r2";0,992329447460607;72,5578499332492;53,4279497223336;53,4796042900995;7,89337250141689
"americanhistory";"r2";0,990796227281159;73,9991179566908;55,5570679503147;55,606865184555;7,14123141365903
"americanhistory";"r2";0,992357792591633;72,1309135883493;54,9166612520446;54,9631431862963;7,64130192061692
"americanhistory";"r2";0,991547436243279;69,909917110372;53,9053155157046;53,9485311503145;8,59687865307468
"americanhistory";"r2";0,991183304605352;73,2667068942942;56,1952967998454;56,2413930313919;6,81858260623016
"americanhistory";"r2";0,990339409791725;72,7243765746969;55,7568300323773;55,8026458114995;6,94172505288619
"americanhistory";"r2";0,991948984789708;73,6762578156655;55,0166733151958;55,0670579362046;7,29077859201475
"americanhistory";"r2";0,991797289128181;72,2596297574926;55,2560091006753;55,3019222871426;8,21650961502977
"americanhistory";"r2";0,990509063614725;72,8047159157648;55,7354880778722;55,7815784168883;7,35410445669419
"americanhistory";"r2";0,992370898533354;68,1615594313179;53,4375027557901;53,4772606622585;8,36068695710557
"americanhistory";"r2";0,99214636017954;71,874295069392;54,3773476952095;54,4245929627683;7,83492550792325
"americanhistory";"r2";0,991408758898259;73,3499040493595;55,1498412769396;55,1989850971089;7,63050598439977
"americanhistory";"r2";0,991473915607523;74,6828178332879;54,996062087808;55,0492202772149;7,41096299280322
"americanhistory";"r2";0,988201957425599;74,7096429867193;57,6043750092253;57,6505626638475;6,48281200385144
"americanhistory";"r2";0,990707618937116;69,3031809759427;54,3732054985633;54,4135194271012;8,25235736122043
"americanhistory";"r2";0,993700183438134;70,6626896123334;52,4403258554647;52,4895298927653;8,82776275803298
"americanhistory";"r2";0,990594035875507;71,2003272228326;55,5184620524607;55,5608062339884;7,75559763626839
"americanhistory";"r2";0,990349169132756;72,4242720826003;55,4904794113427;55,5362040482424;7,14306543364758
"americanhistory";"r2";0,991927700489641;72,9736065830072;54,0448184565149;54,0959299813126;7,33422809431213
"americanhistory";"r2";0,992233447253223;72,8977342426227;54,3982170312719;54,4481694384928;7,50022946360814
"americanhistory";"r2";0,990924017461423;72,9822650207587;54,8630163861849;54,9119419919719;7,44832569077589
"americanhistory";"r2";0,9901842723955;72,122732300572;55,8418805794454;55,8858421448087;7,81816660182342
"americanhistory";"r2";0,991416313876287;71,0076462411226;55,6344252617557;55,6759360420579;7,82772730970084
"americanhistory";"r2";0,992306939053276;74,1794725177669;55,6810750898706;55,7310244734516;7,06446210298174
"americanhistory";"r2";0,990022106030899;71,037504564407;55,1187930523817;55,16177676654;8,35886337039483
"americanhistory";"r2";0,990944666697822;73,718437604902;55,8268543197374;55,8751651834144;6,76831195021366
"americanhistory";"r2";0,991493263077429;72,902448522728;54,9033900898216;54,9519911579555;7,52021841755725
"americanhistory";"r2";0,992819627028569;73,4053584466815;53,760836109989;53,8138802607207;7,94734085584274
"americanhistory";"r2";0,992648232143499;75,4940064458343;54,9977355902938;55,0530796328755;7,07897605490906
"americanhistory";"r2";0,990911516657783;72,9326526675323;54,8838022882658;54,9325378046425;7,10120539298186
"americanhistory";"r2";0,993575016144505;73,7353140093591;54,6099878249642;54,6616300419411;7,5049771406496
"americanhistory";"r2";0,992317356714238;70,6295489055984;53,6401343013473;53,6860091286231;8,37044197299943
"americanhistory";"r2";0,989844308490089;72,971430976938;56,166881203626;56,2122568587769;7,19195473744405
"americanhistory";"r2";0,992601747300592;70,7806699911662;54,9689938502115;55,0116885473981;7,49685386073234
"americanhistory";"r2";0,994170627273852;74,162894063143;54,178924671305;54,232885397174;7,59064503327079
"americanhistory";"r2";0,992360134794809;71,3432834480223;54,4842979307666;54,5298205733452;7,91957527321327
"americanhistory";"r2";0,990443810099226;71,1136558716308;54,8689140380948;54,9127780995185;7,65767800225415
"americanhistory";"r2";0,992254454483382;72,6001624069537;54,4811141515713;54,5300392162942;7,62524672042282
"americanhistory";"r2";0,993051501335071;71,3698294141961;53,6874839087263;53,7352297884278;8,05135524761756
"americanhistory";"r2";0,991278868476651;74,6136415869644;55,6675424630093;55,7187007309725;6,91266507015095
"americanhistory";"r2";0,991715937536833;69,3485824805753;53,9442028637124;53,9857977785859;8,43045465709715
"americanhistory";"r2";0,992190100513963;72,851297886327;55,1650337319866;55,2127901928261;7,30806328739511
"americanhistory";"r2";0,992424293103326;73,1884836069843;54,5365374778618;54,5869014737359;7,62510628802427
"americanhistory";"r2";0,993704487251334;71,5296380427234;53,865784996171;53,9134809425241;8,42989594221611
"americanhistory";"r2";0,991699884324708;72,4476831074875;55,1434723375235;55,1901971775906;7,14673069514773
"americanhistory";"r2";0,991486134651479;71,5876547948428;54,6906416588091;54,7362669835862;7,38220846540494
"americanhistory";"r2";0,990839475248586;75,1460782735912;55,9495426585625;56,0013771552857;6,73599121814037
"americanhistory";"r2";0,993166857584869;70,4987244674642;53,6852067477889;53,7306066181939;8,17081620938544
"americanhistory";"r2";0,993468161761636;70,7872055679188;53,1547393539735;53,2023505495828;8,71028663129225
"americanhistory";"r2";0,990905837678162;73,0302098640633;55,4271822212953;55,4747139268575;7,21375274242524
"americanhistory";"r2";0,991685181517889;74,2245659847988;55,3581904545005;55,4091334527693;7,21881247355266
"americanhistory";"r2";0,992752463336398;71,8357474398314;54,9137324116051;54,9594252465062;8,16612423974939
"americanhistory";"r2";0,989997055150037;72,2754849069437;55,6297624184605;55,6747092080838;7,15705859819148
"americanhistory";"r2";0,992835924213259;69,1883706027046;53,4317642939133;53,4743102915068;8,42375147332618
"americanhistory";"r2";0,992288057811231;72,572777346231;54,5319565301;54,5806703650455;7,79463785279531
"americanhistory";"r2";0,991888317748165;74,2541312314364;55,6575722882677;55,7077867276298;6,89619786964692
"americanhistory";"r2";0,990384571617737;73,0287513852321;55,966217705407;56,0122899688535;6,98898686548362
"americanhistory";"r2";0,990490970515165;70,4048628624003;54,3565876891475;54,3999212511798;7,97224290907664
"americanhistory";"r2";0,991293628215239;73,5985871601899;55,5531881699979;55,6019143669318;7,47272483880526
"americanhistory";"r2";0,992602693682824;74,3590664097261;54,7566689003217;54,8095993055701;7,12773305982119
"americanhistory";"r2";0,993883125679563;74,307946001568;53,6465668681187;53,7023567361692;7,90891174607207
"americanhistory";"r2";0,993110847379155;72,3386056835875;55,0614838390424;55,1081355335772;7,23674828953658
"americanhistory";"r2";0,991557584180332;75,5711989354098;55,0946888964217;55,149979580835;6,72597634965378
"americanhistory";"r2";0,991135554629352;70,9383989839324;54,2423041218199;54,2873869269559;8,15125314062353
"americanhistory";"r2";0,991767405957897;73,003867512011;55,5949010462819;55,64190874774;6,99327988596795
"americanhistory";"r2";0,990846378110158;70,1944003468547;55,9658657657033;56,0042856631219;7,11651055359646
"americanhistory";"r2";0,989969881792475;76,024884367373;56,7581484495695;56,8101725011914;6,55402676904917
"americanhistory";"r2";0,991091102233972;68,8743986685352;54,7057357605049;54,7439939923966;7,43741675773234
"americanhistory";"r2";0,993480914355699;72,3163907955359;53,8303062983963;53,8802224345945;8,12621585197254
"americanhistory";"r2";0,993012045945017;75,2454453969514;54,6465822912408;54,7022033534765;7,21459675290127
"americanhistory";"r2";0,991934205950957;70,3962900866648;54,1561872584152;54,200038793594;8,61779592583016
"americanhistory";"r2";0,991980044374305;73,0529506674064;55,0613732997503;55,1099541675075;7,70140365882046
"americanhistory";"r2";0,992265151561645;73,4177466368514;55,4040321608203;55,4526728032104;7,36003650271818
"americanhistory";"r2";0,992901719786029;72,6553413912968;53,4083027656556;53,4602736306376;8,19221058210867
"americanhistory";"r2";0,991376281419247;73,3903396946478;54,8779332157146;54,9279204265434;7,15916537482299
"americanhistory";"r2";0,99047449661462;72,8985331851887;55,1730692973827;55,2209316053656;7,41639363269433
"americanhistory";"r2";0,990556830894197;69,8293423112904;55,1480281763797;55,1876706694149;6,9306654237716
"americanhistory";"r2";0,992310997347269;72,556872462419;55,4301851720046;55,4764306630681;7,95852333765412
"americanhistory";"r2";0,99146764124003;76,4091020827473;55,5441728420765;55,6005123362458;6,87776789508909
"americanhistory";"r2";0,991812206219581;73,4982786902995;55,3419902157042;55,3910158364888;7,12102574099357
"americanhistory";"r2";0,990450593999257;76,5065426904826;56,324093422028;56,3785900833762;6,27998102437274
"americanhistory";"r2";0,990980609724414;71,4600251117897;56,0234235636494;56,0651054842007;8,21892271147647
"americanhistory";"r2";0,988912209105584;73,4510291275454;55,7630432164353;55,8108043263635;7,26306989434884
"americanhistory";"r2";0,994440335919698;71,3665702307235;52,5862947008611;52,6370052118583;8,793596163073
"americanhistory";"r2";0,990442095743785;69,9392401557571;54,7577775132506;54,7987705075792;8,9626384948583
"americanhistory";"r2";0,990338440508575;73,0943881585507;54,5071369885712;54,5573262950786;7,88848361572007
"americanhistory";"r2";0,991658339609847;71,0419371764264;54,1364742557981;54,1821223966886;8,35398454348129
"americanhistory";"r2";0,992086853833653;71,5681715850707;53,5225256823462;53,5712525459934;8,32600998798987
"americanhistory";"r2";0,991346424929835;72,3726080689689;54,7578261353693;54,8053895798744;7,51246345506048
"americanhistory";"r2";0,990203234438332;70,2801802357193;54,6527503307885;54,6949475261807;8,2502460304674
"americanhistory";"r2";0,99048161883607;71,7139191973078;55,0689672518016;55,1139119608043;7,25202249424155
"americanhistory";"r2";0,990548107640225;71,4284012015714;54,953202359213;54,9976887007871;7,48381964135132
"americanhistory";"r2";0,989945496530914;70,4414837967023;54,810547388485;54,8527540521394;8,59611452240342
"americanhistory";"r2";0,990889538317561;71,725186512985;54,929781510388;54,9751324728236;8,22892934769476
"americanhistory";"r2";0,990196706134202;75,1423523170745;56,1359568563483;56,1872779365153;6,46023451337041
"americanhistory";"r2";0,992697743642771;74,0532678141062;54,2599440905312;54,313390034855;7,66674181413496
"americanhistory";"r2";0,993963716465539;71,8081034096835;52,9788113264558;53,0296541919791;8,467216501061
"americanhistory";"r2";0,990676572302686;72,2348140716659;54,2458262021966;54,2944000777892;7,98939976367093
"americanhistory";"r2";0,992996632753476;72,2915082188831;54,6079153062599;54,6556645542109;7,79922258153662
"americanhistory";"r2";0,992039155678459;74,5558477918369;55,5777961140768;55,6290406603444;7,11603174662672
"americanhistory";"r2";0,993088130792583;73,997719585407;54,1529746351051;54,2065594270554;7,74304395605114
"americanhistory";"r2";0,990511089682014;71,3751080474465;55,0533796302343;55,0974515708763;7,89123708207915
"americanhistory";"r2";0,991022668322508;73,6603655358968;56,2245144427785;56,2715947381233;6,93821163253179
"americanhistory";"r2";0,991323614822725;71,4081259263377;54,6915969707414;54,7367349520287;7,81606013400483
"americanhistory";"r2";0,992299385930941;70,2149762482906;53,9337959771935;53,9777584297077;8,37157358425385
"americanhistory";"r2";0,992163313174695;73,1830872564461;54,7138711962337;54,7637417842685;7,66212999711479
"americanhistory";"r2";0,992019073928675;74,0609375975119;54,3705224878351;54,4236905582593;7,45870217458472
"americanhistory";"r2";0,991092106725815;73,0627393639087;56,0006245341203;56,0466956665877;7,15879612953967
"americanhistory";"r2";0,992135817638227;75,880042493861;55,8380398399351;55,8921572672524;6,86269211225639
"americanhistory";"r2";0,992361556201877;72,1588770799118;54,4178241528748;54,4657285543905;7,88490498568767
"americanhistory";"r2";0,991048167164667;70,787288757889;54,9208510761849;54,963693640516;7,81532722574053
"americanhistory";"r2";0,992106495290599;71,2002774228266;54,2617328836096;54,3074703515059;7,65754013875803
"americanhistory";"r2";0,994581540145907;70,5541384830409;52,5222347553515;52,5709245123696;8,685124372657
"americanhistory";"r2";0,994073109549683;74,9074372086895;54,0802761956162;54,1365137079953;7,62559387763381
"americanhistory";"r2";0,991594105146032;73,7706219446979;55,2323894270982;55,2824463734117;7,00991079118941
"americanhistory";"r2";0,99076566794937;71,5658507150879;55,9404274459972;55,98261922307;7,69803264988176
"americanhistory";"r2";0,992559089392994;71,3417105897253;54,5310954212865;54,5764874542209;8,81187968126877
"americanhistory";"r2";0,992071379528147;76,5977576493678;55,4151117212926;55,4723091142476;6,4575056080351
"americanhistory";"r2";0,992610698048614;71,4884759402622;53,8640113085073;53,9116008982397;8,33326209276408
"americanhistory";"r2";0,990191068190997;74,4032765513755;55,1280602850959;55,1801072353598;7,17706211459896
"americanhistory";"r2";0,990078220285134;71,2726634038892;55,7948935807294;55,836686663881;7,90566925682726
"americanhistory";"r2";0,993191124809165;71,9421238989924;53,7534455407899;53,8025586207572;8,48456667463596
"americanhistory";"r2";0,990576690036859;73,8289381071466;54,7272153309904;54,7787938140305;7,43388724008247
"americanhistory";"r2";0,99040634989991;72,479545926705;56,0179564840352;56,0624060775002;7,55136553701947
"americanhistory";"r2";0,992980599612638;74,3038003144638;54,7496387000912;54,8024388587475;7,15461055729227
"americanhistory";"r2";0,992504208409373;73,3225607076786;53,7687819731217;53,8215810979257;8,05100196662558
"americanhistory";"r2";0,98940793738722;74,2515117525919;56,5490711352087;56,5968712757432;6,69023258557039
"americanhistory";"r2";0,992986530741959;72,3285888303276;54,8422951704842;54,8895116708773;7,62248702522277
"americanhistory";"r2";0,990829776878516;75,5509706637354;55,8252397004621;55,8785031307749;6,88649625597586
"americanhistory";"r2";0,992372927986911;71,9734392373976;54,9812148963151;55,0270973104439;7,9116812752339
"americanhistory";"r2";0,991384342187257;73,2872603511067;55,2103637361238;55,2591749829626;7,50004074756955
"americanhistory";"r2";0,991041937807949;72,6527500499939;55,2036554794349;55,2507715348252;7,85791611886909
"americanhistory";"r2";0,991334791597027;71,0600298534955;54,3889364963473;54,4339517924051;8,28667350042481
"americanhistory";"r2";0,992586954519689;71,0621966036956;54,6545679894485;54,6988718778529;7,56153760476901
"americanhistory";"r2";0,992792711304446;71,1726996408419;54,2643625352297;54,3100184369961;7,84412856506813
"americanhistory";"r2";0,989349340876976;74,5145327514772;57,21603964255;57,2627490437854;6,60112702978889
"americanhistory";"r2";0,993134942035936;70,1324688579815;54,128162757195;54,1713775939122;9,04136697716931
"americanhistory";"r2";0,991107292358876;75,3249918041391;56,0267498317703;56,0788589560592;6,70698961432896
"americanhistory";"r2";0,991187999186416;75,8736143532613;55,3671593642198;55,4225309060047;6,73296745196419
"americanhistory";"r2";0,992286334964728;73,9579041203876;54,1737690594734;54,2271901925649;7,81201101166191
"americanhistory";"r2";0,991398885013137;73,3379181223618;55,4749514529433;55,5231850460176;7,29771914303559
"americanhistory";"r2";0,990962480494418;79,187295450069;54,4886154532631;54,555306843472;7,15961471342091
"americanhistory";"r2";0,992335640398558;74,3856357121136;54,5035838172297;54,5572693454137;7,85597150223456
"americanhistory";"r2";0,992662617782124;73,9844616739716;54,6964907887782;54,7485721790715;7,49003501433341
"americanhistory";"r2";0,990193325152334;75,9491716158057;56,0140735695775;56,0679023330105;6,59388595729586
"americanhistory";"r2";0,991486741612166;74,5439688094984;56,2688061231807;56,3181527281815;6,82904075040117
"americanhistory";"r2";0,993102293097334;70,130343248758;53,9059934847821;53,9498024835276;8,72194478917835
"americanhistory";"r2";0,992855142356972;70,6364014727043;54,3132225767408;54,3572984339664;7,94117101959369
"americanhistory";"r2";0,991550109280303;74,4119633030182;55,8455918317062;55,895724758839;7,30998033801394
"americanhistory";"r2";0,99192073562323;72,8006158779405;54,7690160848666;54,8177050212003;7,60056945026268
"americanhistory";"r2";0,989331366413032;73,4931564300502;56,7653713064481;56,8105396816469;7,06025247119483
"americanhistory";"r2";0,992071489956078;72,3205577220254;54,7293551550146;54,7768549305003;7,90845960602465
"americanhistory";"r2";0,992117455094759;75,0578286650135;55,4648208717212;55,5177259228526;6,97358266917829
"americanhistory";"r2";0,991545401592951;73,3862330587179;54,7266622839068;54,7770468678536;7,44759259754732
"americanhistory";"r2";0,990721428428292;71,5072579845281;56,1491755252875;56,1906454285489;7,10259766352502
"americanhistory";"r2";0,991542565568352;70,9089093883321;53,7503066198819;53,7966382891379;8,27372963353985
"americanhistory";"r2";0,992132526796878;73,2489579422277;55,2525240790113;55,3011180602806;7,15931937178506
"americanhistory";"r2";0,991888656892591;72,7020400893839;55,3499047517381;55,3967589977509;7,53396204358943
"americanhistory";"r2";0,989919952923791;75,475512614069;55,8364401614962;55,8894695964476;6,66330919855213
"americanhistory";"r2";0,99150211465835;75,9377006971847;56,1180761741603;56,1715931359182;6,582817937019
"americanhistory";"r2";0,991242353163257;73,2486319669804;56,9266626164979;56,9707352077081;6,55912906121229
"americanhistory";"r2";0,991833270586667;71,2279496813485;54,8882503355699;54,9323708013238;7,71549716362714
"americanhistory";"r2";0,991556750772522;76,0644923553239;56,7447063335514;56,7968736310951;6,44412479159846
"americanhistory";"r2";0,993691261694844;73,3179317200111;53,7061084914415;53,7590643480223;8,14091514326347
"americanhistory";"r2";0,989003340870503;74,0579611369121;55,8764523798948;55,9255461005008;7,13299533917025
"americanhistory";"r2";0,989463318140251;71,2504923950565;55,2310824330628;55,2743380532348;8,03261060739822
"americanhistory";"r2";0,99040560582622;70,4848851503895;54,8552200172839;54,8974232482405;8,10395978210077
"americanhistory";"r2";0,993781459875705;70,7503763449471;53,0545556000031;53,1023378655542;8,87917585878693
"americanhistory";"r2";0,992842171503957;72,3503946596385;54,5502763641156;54,5983402539739;7,97431610398119
"americanhistory";"r2";0,990010085629916;71,1612731752543;55,0303437369269;55,0739004820543;7,4503363694675
"americanhistory";"r2";0,991053432995726;78,0533373704915;56,9181290804637;56,9751983822807;6,07090113952782
"americanhistory";"r2";0,993608522014422;71,5563590321171;54,1563930240731;54,2033764224901;7,8517068567082
"americanhistory";"r2";0,990952808160532;73,1376127217497;55,3450268405401;55,3930703913689;7,35645815784833
"americanhistory";"r2";0,991212594542405;73,7634439726911;55,585812388048;55,634895639511;7,28363231647504
"americanhistory";"r2";0,992891308978456;75,4930628299257;55,2151326536335;55,269887132585;7,09947656532791
"americanhistory";"r2";0,992095613987639;76,3057040251045;56,1106460417979;56,1651767492054;6,39854340415894
"americanhistory";"r2";0,991097386381903;73,8052531877952;55,0261923382137;55,0768995693304;7,41957228053565
"americanhistory";"r2";0,990805324605841;72,2609280381004;55,4644468284524;55,509800696863;7,68499819036748
"americanhistory";"r2";0,992110174865395;72,8103751867627;54,4154162953962;54,4650863741802;7,88432047034243
"americanhistory";"r2";0,991648372174819;73,6564813681429;55,6339689866417;55,6826333851413;7,16926275180495
"americanhistory";"r2";0,990626682943479;72,8086220611123;56,1622951038515;56,2072435256618;7,04541061711424
"americanhistory";"r2";0,991004396848717;75,0417002575121;56,2743835274198;56,3250590470582;6,25977085063148
"americanhistory";"r2";0,993400663191528;71,450630172621;53,7740100422857;53,821740462326;8,15254912066393
"americanhistory";"r2";0,991720193015566;74,5833125788089;55,4732022230282;55,5248033542157;7,14841024340252
"americanhistory";"r2";0,991129303431561;72,3753874672217;55,9524233419956;55,9967686393558;7,03518819316104
"americanhistory";"r2";0,994169541375984;70,2629719796229;52,1833347167918;52,2321533639295;8,9049412813979
"americanhistory";"r2";0,993374095673839;73,0326229972527;54,1981493132185;54,2490061701034;8,18328376668101
"americanhistory";"r2";0,995340730456892;73,5834008347883;52,967061038346;53,0227292911523;8,62147693870892
"americanhistory";"r2";0,991094955144446;72,7526250391217;56,1810149129326;56,2257615843118;7,09468299742676
"americanhistory";"r2";0,991864886511926;76,8263808453881;55,097935587415;55,1566067480406;6,9086357083425
"americanhistory";"r2";0,991656024650392;70,7985903969626;54,6779693965816;54,7214983068588;7,93312842130642
"americanhistory";"r2";0,990581105671613;70,9510390141331;55,1898751910356;55,2324334948319;8,02084469706943
"americanhistory";"r2";0,991529295034082;70,9776154510754;55,5082050537299;55,549975564755;7,56479001407896
"americanhistory";"r2";0,991863300160298;71,991018951401;54,7516624750322;54,7982121954976;7,52436165939238
"americanhistory";"r2";0,991154650007782;73,2504223614779;55,0451690108997;55,0943268466712;7,43080067813678
"americanhistory";"r2";0,990737140834354;75,6419568532024;56,2184905236271;56,2709377787987;6,46591406528621
"americanhistory";"r2";0,990664073320302;71,5792523344469;55,1788216768491;55,2231061293268;7,66093719267336
"americanhistory";"r2";0,991297667124945;75,9412507222035;55,4002385836918;55,455703436712;6,98056973896237
"americanhistory";"r2";0,992531385264538;71,0450690642056;54,3601790068488;54,4052315567645;8,6981201868583
"americanhistory";"r2";0,99244183222712;73,0531514406015;55,2893922888895;55,3373580017663;7,7590960693478
"americanhistory";"r2";0,992106674683767;69,631780144285;54,1703447456909;54,2120937226197;8,37604180386223
"americanhistory";"r2";0,992001133301257;71,4955373063469;53,6505497173092;53,6987347632602;7,77210044224722
"americanhistory";"r2";0,989021366091199;72,5341301764025;56,6942834218691;56,737054185363;6,2684382043433
"americanhistory";"r2";0,992978985127874;72,9296760870876;54,3245912581412;54,374828719105;7,59012953863394
"americanhistory";"r2";0,993178097559485;70,9386525850965;53,8910179580869;53,9370499911023;8,45533532928502
"americanhistory";"r2";0,991547553307029;71,1029132064404;54,4871459418532;54,5320118463633;8,12452939383614
"americanhistory";"r2";0,989518986040574;75,187567506703;55,7847010107782;55,837092642267;6,45165904285846
"americanhistory";"r2";0,991747191599595;71,3175382757859;53,7739398103365;53,8213110451992;8,29933204898827
"americanhistory";"r2";0,993803413254735;74,5112602962072;54,4751644929567;54,5292659705924;7,60789652569761
"americanhistory";"r2";0,993003744421237;74,1717183938497;54,2086275479561;54,2625318975631;7,63903964531839
"americanhistory";"r2";0,993702912745525;72,9033549100618;54,2361510302641;54,2865562251255;7,9586294246118
"americanhistory";"r2";0,990724736018519;70,903603935469;55,7091112832971;55,7501394612655;7,41069023302819
"americanhistory";"r2";0,992537952595952;76,5792293542483;56,71262223962;56,7662660637993;6,5385689297701
"americanhistory";"r2";0,992797398420672;76,9884435065936;55,0754691489201;55,1346385751289;6,7854607703039
"americanhistory";"r2";0,989921573581937;73,4234686389098;55,013604812282;55,0633151373809;7,18631736185543
"americanhistory";"r2";0,99271725553535;73,3338847672411;55,4915950939777;55,5397728550149;7,46729646023048
"americanhistory";"r2";0,991395930408019;74,0463568578799;56,1821775075043;56,2304143750605;6,94625844805395
"americanhistory";"r2";0,994213350023511;75,7198866057932;53,9304434838975;53,989279350991;7,48953830826567
"americanhistory";"r2";0,993101753858965;74,7572619721853;55,0032001654575;55,0565400947304;7,3845013921884
"americanhistory";"r2";0,991393500687376;73,4966307751334;54,971849553539;55,0218701786552;7,36683168948798
"americanhistory";"r2";0,992417755979402;72,6527929394615;54,3515987449228;54,4010156402174;7,88623646831585
"americanhistory";"r2";0,991752623026146;72,8150225282192;55,1702963554128;55,2179406553702;8,00740074647541
"americanhistory";"r2";0,989906105901712;74,1163115351763;56,8172742983217;56,8639851688116;6,6352275534886
"americanhistory";"r2";0,991778372501708;74,1497346603407;55,5776942258725;55,6278424603429;7,08117895925342
"americanhistory";"r2";0,992116869244841;70,4662643977369;55,1671857777296;55,2084963587897;7,81432316020909
"americanhistory";"r2";0,992219864187985;73,3817768129623;55,7677514546858;55,8153128562858;7,24379838300562
"americanhistory";"r2";0,993100008975781;73,7195598245617;54,5419234490558;54,5937069140414;7,59195061839185
"americanhistory";"r2";0,992861829790685;69,3963805473791;53,9719700719933;54,0136190742027;8,4047577252174
"americanhistory";"r2";0,992583540362685;71,6923233695854;55,0926505455785;55,1374729918708;8,04803120316796
"americanhistory";"r2";0,992059920567945;71,2758609606595;54,4667631060452;54,5121510419279;8,37373097681741
"americanhistory";"r2";0,992567509614145;74,9160099098897;54,9677755423481;55,0216397764836;7,31105475424854
"americanhistory";"r2";0,993623294290926;71,8955884979533;53,5736441228822;53,6231170478264;8,58613155797794
"americanhistory";"r2";0,990413966990967;71,7937108139408;55,1181247147055;55,163152142068;6,90384970004926
"americanhistory";"r2";0,992545220049701;71,2510211199401;54,7655679859594;54,8100820161777;7,75080724007605
"americanhistory";"r2";0,992614527717508;70,6707693992948;54,9091272422285;54,9516868376225;8,46038982565512
"americanhistory";"r2";0,993564427591776;72,442188156572;53,9573920803131;54,0073047375164;7,47033137647693
"americanhistory";"r2";0,991692193005756;75,3338173148807;54,5234595447328;54,5796516849855;7,11166997432528
"americanhistory";"r2";0,991605306193607;69,6094389040413;53,9130874697905;53,9554707671365;9,03042380304142
"americanhistory";"r2";0,993673700796803;73,7094776583885;53,070206627103;53,1259367988431;8,02258592720198
"americanhistory";"r2";0,991505679712339;72,5367618877715;55,3732108752609;55,4195559057683;6,95497815161001
"americanhistory";"r2";0,991073107937131;72,5587841741676;55,9139336363364;55,958878071518;7,15167466800942
"americanhistory";"r2";0,992160794297541;69,522959531944;53,5471659910818;53,5903038381679;8,06775985953346
"americanhistory";"r2";0,992474864440627;69,87203600941;52,9252646923027;52,9710243741495;8,70846398345756
"americanhistory";"r2";0,99220493634364;72,2204351961797;54,7542787886642;54,8014409144367;8,08674848484137
"americanhistory";"r2";0,991113173501637;76,9334004216295;56,8522464888598;56,9064696324832;6,11863701541813
"americanhistory";"r2";0,991164007151151;73,020608777973;55,3843678661889;55,4319892542395;7,42263213928488
"americanhistory";"r2";0,993336863629102;73,387297021566;53,717626223428;53,7707382800501;8,31413476700737
"americanhistory";"r2";0,991605653584287;72,2452946442135;54,3101013730317;54,3585299924184;7,8027324296957
"americanhistory";"r2";0,991458305438384;75,2693592257986;56,2026938233715;56,2541776444704;6,39165606139689
"americanhistory";"r2";0,992057042205858;74,6234389413826;55,2490561377001;55,3013708575063;7,26045116858245
"americanhistory";"r2";0,993650670361728;74,3015518480616;54,5688799595352;54,6221621317384;7,54018192246757
"americanhistory";"r2";0,990621168471547;71,8403464391714;55,2190721901405;55,2639529646133;7,29851958582887
"americanhistory";"r2";0,990904734378581;72,4098290926603;54,9742644521015;55,021343973967;7,20746766366668
"americanhistory";"r2";0,991243165508312;67,1477058417063;53,7714918315599;53,807610292473;8,63448242889483
"americanhistory";"r2";0,990331070128008;73,9222012212457;56,1249187838884;56,1729750163608;7,42387555306939
"americanhistory";"r2";0,992999904490183;71,4286811764614;53,0561406381396;53,1057501828735;8,72861369127496
"americanhistory";"r2";0,994326675869087;72,6173282431009;53,8385232504131;53,8892297906649;8,3259888995917
"americanhistory";"r2";0,991882958708138;73,2987880607335;55,269130511066;55,3178142029529;7,59990357625682
"americanhistory";"r2";0,990859663855757;72,8019661522281;55,7908381668728;55,836771624633;6,96486321249811
"americanhistory";"r2";0,991696366101035;69,2306553869796;54,4779800606752;54,5178152432412;7,58435420589437
"americanhistory";"r2";0,991350307779053;74,3452682393583;55,7978294264749;55,8479112316324;7,21938087633771
"americanhistory";"r2";0,991938584810627;73,3132264261126;54,2852112847085;54,33659074235;7,48146205588206
"americanhistory";"r2";0,992588777742762;74,2656300312808;54,8290646232938;54,8815472486046;7,28503771629944
"americanhistory";"r2";0,992382201178891;74,0621951508399;54,6601169932183;54,7125064960355;7,20746060736061
"americanhistory";"r2";0,992360652840963;71,6613171575012;54,113697515879;54,161079608724;7,82632059275598
"americanhistory";"r2";0,990752291889665;72,0019843757855;55,6725077866874;55,7166006489477;7,67466792212216
"americanhistory";"r2";0,993549575211986;74,4001211972282;55,0091038996044;55,061463535881;7,13007324133693
"americanhistory";"r2";0,992678778335025;70,8713197294428;53,579063295935;53,6257558568957;8,11814234090501
"americanhistory";"r2";0,991533679033671;73,9344168696124;55,1123408292512;55,1631642100113;7,10811932110246
"americanhistory";"r2";0,991676120529851;71,7896017380908;54,5884288777071;54,6348754947503;7,94162566127227
"americanhistory";"r2";0,991592544784981;72,6975467517068;55,9253037631625;55,9705921835142;7,07266731843909
"americanhistory";"r2";0,994291533832153;70,0958592717798;52,9116466422106;52,9580474632285;8,94961974121652
"americanhistory";"r2";0,992674680181184;74,1892467460824;53,7080330972959;53,7633364823991;7,9929761335802
"americanhistory";"r2";0,992095533388582;74,5306617228094;54,158430709448;54,2134398195751;7,43791275919767
"americanhistory";"r2";0,992608406083535;69,0235310764295;53,6822031459225;53,7236278085955;8,84837109115967
"americanhistory";"r2";0,992688736193833;72,8690849720229;54,5208787942988;54,570422631378;7,61798574892368
"americanhistory";"r2";0,990694835227666;71,7739497554629;55,411894296593;55,4560751283366;7,75926212151388
"americanhistory";"r2";0,993236638264556;72,3541635718149;54,9269675812957;54,9740245061274;8,06310960374543
"americanhistory";"r2";0,993385240291928;73,907629524362;54,8648629104265;54,9162822000027;7,85183905446575
"americanhistory";"r2";0,991021701793464;73,5383188220473;56,0190246536653;56,0663302620509;7,28247099456899
"americanhistory";"r2";0,992433246766466;75,9713937171579;54,5297303526204;54,5876271446092;7,15191445448076
"americanhistory";"r2";0,991435647021675;73,3329273479822;54,9153710306723;54,9651021270391;7,43542273518393
"americanhistory";"r2";0,991309695050121;71,1557550872027;54,8919458169478;54,9358613642752;8,09223365718512
"americanhistory";"r2";0,992759386346996;73,9453059846384;55,1034794463278;55,154356157394;7,40099775999409
"americanhistory";"r2";0,99101834892157;75,4720867059626;56,6345519111049;56,6854170336029;6,45075127979562
"americanhistory";"r2";0,99195563118396;72,5129758906067;54,7376051300009;54,7856021965509;7,55559338607116
"americanhistory";"r2";0,989277317771895;72,4406633608595;56,2903163195188;56,3339254960692;7,53359980424456
"americanhistory";"r2";0,993019120816492;73,6149220931639;55,1499892470342;55,1998482695318;7,75267511142078
"americanhistory";"r2";0,993049986934138;71,6511839626281;54,348474922274;54,3951957073698;7,79847080415743
"americanhistory";"r2";0,991579043535978;70,6797303800403;53,4318402646321;53,4784130276347;8,60516792281261
"americanhistory";"r2";0,992837567843478;68,1983917834211;54,1835587992856;54,2214016595266;7,71279882225156
"americanhistory";"r2";0,992825058923441;73,7401553750479;53,8467673005849;53,9004834387276;7,64698625309
"americanhistory";"r2";0,991107176451403;74,1129205196974;55,5988139425905;55,6488057440254;7,08237043582084
"americanhistory";"r2";0,99195338082164;70,4067406558356;54,7213925907745;54,7637461768166;8,09846903704651
"americanhistory";"r2";0,991482784139799;75,9902335290725;56,7210127786828;56,7730435398511;6,60397487835826
"americanhistory";"r2";0,99292720729225;73,3426625931763;55,0874911842267;55,1367838087687;7,35261190837633
"americanhistory";"r2";0,992142694271114;74,6411110566578;55,6744166145033;55,7256304939567;7,05745740673433
"americanhistory";"r2";0,992182340355736;76,2229379405265;56,3302503919043;56,3839646384867;6,51223241383405
"americanhistory";"r2";0,990313109020552;73,6478671690374;56,0132320956565;56,0608491476213;7,18634650099749
"americanhistory";"r2";0,991704364149525;72,7263347705316;54,8768895968556;54,9250866791792;7,61410857147102
"americanhistory";"r2";0,991944009912816;73,0693017708048;55,0364444926215;55,0851368244172;7,02669940751314
"americanhistory";"r2";0,992809836095587;74,2228283433117;55,2935301993475;55,3446431012946;7,22015137875329
"americanhistory";"r2";0,992059238610453;74,1722131077606;55,8875061373708;55,9368785138531;6,81551334142885
"americanhistory";"r2";0,991069786859448;76,893936444255;56,4734835400883;56,5286228589933;6,41246542604868
"americanhistory";"r2";0,991436950770263;71,1503233705884;55,1455398902602;55,1887560159979;7,69813589785185
"americanhistory";"r2";0,991851999513105;73,3180426671382;54,7699384024517;54,8200220044625;7,50970032719016
"americanhistory";"r2";0,990929200528191;73,0752077826342;55,8784468956976;55,9248815995275;7,34704041209886
"americanhistory";"r2";0,99153510164584;73,7724663270927;55,9967253121117;56,0447233784228;6,85572872719716
"americanhistory";"r2";0,990378285521434;73,7011363853006;56,3509536828946;56,3978026564005;6,7570255459539
"americanhistory";"r2";0,991560437654845;72,3860072373091;55,5344432448556;55,5799458478285;7,45814547370532
"americanhistory";"r2";0,992042429348529;71,14469806165;54,6800236542636;54,7244815777522;8,17943246224757
"americanhistory";"r2";0,991299634277126;73,3541077427131;55,8797370240474;55,9269213301077;7,40456264440055
"americanhistory";"r2";0,992915760750481;70,2998221610199;52,8173062150396;52,8645125148475;8,78945560483779
"americanhistory";"r2";0,991629342939801;76,8223438118534;55,4181746428594;55,4759701929994;6,70467827200158
"americanhistory";"r2";0,993698451252561;73,0812399306297;54,3908347410707;54,4413025841223;7,92385458809995
"americanhistory";"r2";0,991642716123966;71,7372791347973;54,1355483962044;54,1830765998651;7,83707394312989
"americanhistory";"r2";0,992171843748742;74,4981603003909;54,8241438502133;54,8772676409675;7,18772275474542
"americanhistory";"r2";0,994246172657431;75,3204087456015;54,6939490433727;54,7496446219546;7,48546970933827
"americanhistory";"r2";0,991551933267469;71,8931122934856;55,2677966550095;55,3126883420444;7,03577401317802
"americanhistory";"r2";0,991748131488911;72,5209711858036;55,3128114633104;55,3592769462827;7,44674845758644
"americanhistory";"r2";0,99002414486657;73,8361831512812;56,0961906537059;56,1440921918494;7,06775260320178
"americanhistory";"r2";0,991147551902261;73,254423323726;54,1972382513498;54,248696473656;7,04461535454729
"americanhistory";"r2";0,99132683460487;74,751592325669;55,6722071381312;55,7237253052014;7,13546680833623
"americanhistory";"r2";0,991994591745481;71,4165525799676;54,2830907807314;54,3293545643275;7,85271973770099
"americanhistory";"r2";0,990403539201398;74,8718971685152;55,3899815849611;55,4425866648426;6,81525636229087
"americanhistory";"r2";0,990480415091249;72,3829521355249;55,5794779528051;55,6248507036456;7,71254531745879
"americanhistory";"r2";0,991552324897194;71,3278155320305;54,8455038510736;54,8900093987386;7,87859924716077
"americanhistory";"r2";0,991561992852698;77,7894901667899;55,7515021143473;55,811009102608;6,58830911261474
"americanhistory";"r2";0,990326575406393;77,3048021377127;56,5281304437721;56,5842316248621;6,37182893817635
"americanhistory";"r2";0,990177098451526;72,5767505795701;56,7726916079202;56,8153657372218;7,30585383935392
"americanhistory";"r2";0,991718970390509;79,1603478633002;56,5334363512595;56,5945335509911;5,96892508843291
"americanhistory";"r2";0,992395019525521;71,1191974325992;54,1115200750073;54,1574442153804;7,70780141576719
"americanhistory";"r2";0,991975663439967;75,1216055619886;54,8907854477592;54,9454127200936;7,43150444577848
"americanhistory";"r2";0,990690983475592;73,6096298398691;55,1561169720835;55,205945158349;7,26691386008737
"americanhistory";"r2";0,992066626835574;69,9989068035501;53,9371517906754;53,9805217509787;8,67036144061676
"americanhistory";"r2";0,992181281350182;73,2466783469995;54,2859531745197;54,3371509357477;7,85509314254124
"americanhistory";"r2";0,990916020707852;72,1470140973068;55,1816705251377;55,2274803557985;7,65647639194453
"americanhistory";"r2";0,992803166866612;71,1882769959425;52,8767255710862;52,9261704329802;8,33889531388864
"americanhistory";"r2";0,992157324349295;70,6138968784626;53,2127861351579;53,2597726245898;8,37715072857191
"americanhistory";"r2";0,991934589001825;73,0170196795479;54,5499682451411;54,5998329882521;8,05438508251104
"americanhistory";"r2";0,992516998460444;73,9866418942448;55,5051663537778;55,5550700448684;7,0462837756048
"americanhistory";"r2";0,993123137130417;74,8249395531884;55,4508102668929;55,5031243021513;7,23334975048005
"americanhistory";"r2";0,992149626162108;73,0522456195129;54,8600070741712;54,909129767358;7,3283120322771
"americanhistory";"r2";0,992002323747929;74,0442901902309;55,3970883498229;55,4474395351658;6,994970173112
"americanhistory";"r2";0,993030240752351;73,5792048971467;55,0811103379371;55,1310589037119;7,42206526018691
"americanhistory";"r2";0,991727809846542;73,4555727454941;55,0554843561728;55,1051682856302;7,40677633935724
"americanhistory";"r2";0,992372792640731;71,1684047654828;53,8688875739236;53,9155997403874;8,53754931116338
"americanhistory";"r2";0,991157204557462;69,1705875094731;54,5949370931966;54,6342942729967;8,46291330933599
"americanhistory";"r2";0,991148282668306;74,6175654060912;55,3130845414438;55,3652105119933;6,99741384043404
"americanhistory";"r2";0,99489784557104;72,7854784292966;53,7189919790291;53,7704753169214;8,36036364035687
"americanhistory";"r2";0,992696351824755;74,3919284687891;53,4469085991094;53,5034643540422;7,9414864152972
"americanhistory";"r2";0,991030919437073;74,0575632905081;56,6064417362089;56,6535632648619;7,17228758578255
"americanhistory";"r2";0,993575277072068;72,6209490412002;53,2477803505497;53,3000917920073;8,4863447180931
"americanhistory";"r2";0,99294344584051;75,2029865978625;54,5262658746066;54,5820971680269;7,61056813043819
"americanhistory";"r2";0,990164815458236;73,2754645739863;55,4652352867329;55,513326478297;6,75414388303019
"americanhistory";"r2";0,993302571673149;76,1718191743405;54,7520297205066;54,8098674485488;7,17253624725944
"americanhistory";"r2";0,9923858990728;71,017813555472;54,6269031416397;54,6711618875496;8,24179837638716
"americanhistory";"r2";0,99261339891036;72,2792825895038;53,7025273775873;53,7526883429026;8,3315863398018
"americanhistory";"r2";0,992624165135119;71,1352371132729;54,6054665260591;54,6501002222906;7,78313247860739
"americanhistory";"r2";0,990977703774986;74,0697853289578;54,9495025487135;55,0011311474875;7,46266724017273
"americanhistory";"r2";0,991894179274142;69,9597392221052;53,6097053916347;53,6538537625702;8,65924909053137
"americanhistory";"r2";0,992163079542142;69,7987819332937;54,2202851785508;54,2623502446221;7,77880604711334
"americanhistory";"r2";0,991433844822466;74,0338399972025;55,3296030100393;55,3801082017189;7,06711874828814
"americanhistory";"r2";0,993016543880401;68,6096360902301;52,8572715071903;52,8998060512735;9,19178538230707
"americanhistory";"r2";0,99249365856204;73,7823752430172;55,1264489216063;55,1768236647979;7,44427171902276
"americanhistory";"r2";0,993629217099117;72,7074956942885;54,1035468203411;54,1537812139986;8,12115535810121
"americanhistory";"r2";0,992538124392016;74,9988695969502;54,453120154559;54,5085977992499;7,35879634436358
"americanhistory";"r2";0,991884013978147;72,9661723735513;54,8183596570693;54,867362391607;7,9579697776881
"americanhistory";"r2";0,991583659739339;72,8166877426212;55,733492596067;55,7796206496182;7,15183163075851
"americanhistory";"r2";0,992987778862147;72,3607223346452;54,4539217075382;54,5022736610908;8,17323935753447
"americanhistory";"r2";0,993195533776993;71,608771028353;53,8031215752265;53,8512004003198;8,13139113918417
"americanhistory";"r2";0,993740440901864;73,9810443796283;53,2847651390237;53,340649244364;8,07998974000755
"americanhistory";"r2";0,992207281616703;72,7156099219804;55,1881992413438;55,2355267659405;7,68478603231985
"americanhistory";"r2";0,991381473716259;75,8191603389387;55,3731410154014;55,4283493687669;6,71206276143737
"americanhistory";"r2";0,991943042556968;70,4944219197039;54,969628914473;55,0115489696484;7,29183564499271
"americanhistory";"r2";0,990328153409272;71,4558137723415;54,7680161221586;54,8130765231582;7,35032238559611
"americanhistory";"r2";0,992359383557047;72,0227527969393;54,8490931938368;54,8954655195665;7,52638864274436
"americanhistory";"r2";0,99014654959947;73,3783403118485;55,9773723349959;56,0243584389297;7,12103217936705
"americanhistory";"r2";0,992446378081258;73,3395804996603;54,6138270117152;54,6643903022628;7,44597267421432
"americanhistory";"r2";0,992015221767703;76,6990503875392;55,8803446896199;55,936559370952;6,6077183755142
"americanhistory";"r2";0,991893449432761;73,3205949280474;54,0356405825966;54,0877138276275;7,66587531986145
"americanhistory";"r2";0,992678250102839;73,1109223935234;55,3552842399829;55,4032280245358;8,01141374574239
"americanhistory";"r2";0,992622740051412;72,6893609884989;54,8617771053371;54,9099151577912;7,41416933155013
"americanhistory";"r2";0,993232124438995;74,7714530434822;55,929826514649;55,9807026856495;6,96241009621434
"americanhistory";"r2";0,9925679621789;74,3776068600677;55,0687149462968;55,1208528275637;7,14873979819222
"americanhistory";"r2";0,992134876532026;74,2941025789512;54,4231267401763;54,4767823607871;7,423492391283
"americanhistory";"r2";0,992916085483896;70,6855841309547;53,4804144195341;53,5268718288768;7,97946114040565
"americanhistory";"r2";0,991951689782318;70,863875435842;53,6813632462275;53,7277594757165;8,55020400585501
"americanhistory";"r2";0,991546323376084;73,0950494505032;54,8583114037202;54,9075542544869;7,83838501313776
"americanhistory";"r2";0,990806645515547;72,3551508522175;53,9646046975667;54,0142628610764;7,5090206672766
"americanhistory";"r2";0,993028214873735;72,488576689104;53,4810479954365;53,5323721355598;8,47588925951307
"americanhistory";"r2";0,993060609485206;67,4790575316675;55,8900917249722;55,9213842572384;6,4793238754788
"americanhistory";"r2";0,992635204089973;72,1482834339876;54,3182090165149;54,3663537939112;8,06535348521403
"americanhistory";"r2";0,992109899615092;71,9033800416176;55,3417047942073;55,386424639421;7,99970247028214
"americanhistory";"r2";0,992691506805345;71,2899732903013;54,3894842697736;54,4351189801361;7,53920736492896
"americanhistory";"r2";0,994506273991024;74,4790907719124;53,5279240827705;53,5844964353488;7,74441374223261
"americanhistory";"r2";0,990845609830688;72,3279463688702;56,3371459600283;56,3803243286681;7,35227360398368
"americanhistory";"r2";0,988738022375892;74,5896905255245;55,5615706089521;55,6129503495075;6,92249537026911
"americanhistory";"r2";0,992667873053295;70,9132603149303;54,2936653509486;54,3385415910149;7,73407390909892
"americanhistory";"r2";0,993506920496787;70,776830480764;53,4703398736044;53,5170708696891;8,9100891116195
"americanhistory";"r2";0,991179413142125;71,9174893386519;54,9554909905339;55,0012917884188;7,59379633959104
"americanhistory";"r2";0,991220636993066;75,5153460318149;54,7848001626914;54,8407767948021;7,05587294936974
"americanhistory";"r2";0,99276606558358;73,3604635450235;53,8723965095126;53,9250181995483;7,76014602388739
"americanhistory";"r2";0,992265630139876;73,8498352824546;54,8829889572134;54,9342032467817;7,28444027029299
"americanhistory";"r2";0,993859538124203;72,5416995259153;53,8253165742142;53,8758545624344;8,4753331986218
"americanhistory";"r2";0,99444598232236;71,5218267948547;52,8365098911243;52,8869639947835;8,8619263106522
"americanhistory";"r2";0,991276563274347;71,6237505641648;54,1434760197814;54,1906762673554;7,82171385730185
"americanhistory";"r2";0,992774385562538;72,0896964575886;54,5456253704494;54,5929978814855;7,86092064739261
"americanhistory";"r2";0,991721181021528;75,3980104702979;56,3240582666977;56,3755617636215;6,48493289479706
"americanhistory";"r2";0,991856947836861;73,4377219357975;54,5804108076871;54,6313293302518;7,66833534863277
"americanhistory";"r2";0,991600270030448;71,56484914549;55,6067721991757;55,6498622079028;7,77160264095037
"americanhistory";"r2";0,990459626487201;76,1953019072121;55,2095512422735;55,2662169785235;6,7369565732248
"americanhistory";"r2";0,991879245036066;69,1104609425143;52,967458923984;53,0110482674996;9,31558126550308
"americanhistory";"r2";0,991487337306071;70,5783508652589;55,1919124756984;55,2334589456594;7,87826235322906
"americanhistory";"r2";0,990962977949554;75,9135500659181;54,8877478569209;54,9445217403737;6,77380203831152
"americanhistory";"r2";0,993281659309336;74,346299282922;54,2447467983169;54,2990250221219;7,67973386835451
"americanhistory";"r2";0,991761432177241;68,7713002185417;53,6996471807333;53,7403436671029;9,1008526583882
"americanhistory";"r2";0,992627090949877;73,5520565466854;54,5857431907946;54,6369560412387;7,55248584814108
"americanhistory";"r2";0,992566690359809;71,0370154818621;54,5721758665597;54,6166342361428;7,64898313016322
"americanhistory";"r2";0,991888616176038;76,5740145393214;55,55581859442;55,612571939434;6,59016551343517
"americanhistory";"r2";0,992714528640829;72,6786693864622;54,3768779604627;54,4262964684021;7,95951807790078
"americanhistory";"r2";0,992603230167012;75,4459910058355;55,5799075948763;55,6335500049506;6,93809836334941
"americanhistory";"r2";0,991611119813846;74,2818597350933;56,4511288859552;56,4992754358487;6,94047347379084
"americanhistory";"r2";0,99152633826076;74,5526701497096;55,1736102801702;55,2259376289924;7,18607328770245
"americanhistory";"r2";0,991786813130638;70,0177634965659;54,0618385594018;54,1049227572726;8,29929097014797
"americanhistory";"r2";0,991073584386122;71,4494550943368;54,864087689956;54,9088715087458;7,54734238251004
"americanhistory";"r2";0,991720543738305;76,779976216499;55,4332846871719;55,4909250361556;6,92007211125411
"americanhistory";"r2";0,991478935518398;71,5411642756198;54,9800557721963;55,0247740870875;7,69884519217695
"americanhistory";"r2";0,992955656776233;74,2820829720294;53,8564751019304;53,9116283402773;7,48031485739806
"americanhistory";"r2";0,989444881936662;75,7543727611661;55,5872192524161;55,641674612145;7,00421324457736
"americanhistory";"r2";0,992331385274482;71,47772765985;54,5077508723366;54,5535732136083;7,5473117444701
"americanhistory";"r2";0,991594536343802;73,1794492101212;55,902380641686;55,9490321923645;7,11417308008258
"americanhistory";"r2";0,991391439614125;74,5726062457235;55,7112171255051;55,7621466594665;6,91964771162971
"americanhistory";"r2";0,99242126896844;69,1704154819558;54,0218497826605;54,0627539486438;7,73917907533861
"americanhistory";"r2";0,99393663020516;72,9584929799783;54,5647590006297;54,6144257719055;7,96120730926657
"americanhistory";"r2";0,9920742921767;70,2786697955198;54,3400244195092;54,3830619590988;7,66254468777368
"americanhistory";"r2";0,990728411122723;73,3755863405784;55,2582434712859;55,3071639311243;7,09808441871949
"americanhistory";"r2";0,994442822010783;68,9474389148935;51,778935832854;51,8252942349425;9,23118659062923
"americanhistory";"r2";0,99163390156357;73,2131438828176;55,1071722801436;55,1560620352812;6,9878041665238
"americanhistory";"r2";0,991245955915897;74,9352976572568;55,8146948044063;55,8663242674405;7,09956956073268
"americanhistory";"r2";0,993663626943939;70,3189027071779;53,2350176347237;53,2811475512131;8,95491980759359
"americanhistory";"r2";0,991724712135276;71,2921487922542;54,2240872922779;54,2701744819476;8,00305887639302
"americanhistory";"r2";0,992777960343609;74,4734571527013;54,7710102357352;54,8242107944525;7,51787616398815
"americanhistory";"r2";0,992542260332499;73,2692399712508;55,0437378247388;55,092950336321;7,72405531743901
"americanhistory";"r2";0,99203604159158;72,649437168806;54,9208895874789;54,9687602220528;7,38388498696148
"americanhistory";"r2";0,992361310275391;75,114962531651;56,0572494814778;56,10870912943;6,91488504808949
"americanhistory";"r2";0,993591687010482;74,2329911850647;54,4010383735378;54,4545886241475;7,48698177496123
"americanhistory";"r2";0,993081492552002;74,3865738754397;54,391536659851;54,4455272710642;7,46767268804012
"americanhistory";"r2";0,9904649919038;71,8134079832561;54,9395275368046;54,9850903986797;7,80925715067598
"americanhistory";"r2";0,992869827983297;70,8486321704612;54,4604161843274;54,504667654742;7,71193582285894
"americanhistory";"r2";0,992773184176886;75,1444572443863;54,4273657803479;54,4833060828662;7,2267225802192
"americanhistory";"r2";0,990239716540038;73,3214037884126;55,6927446058722;55,7403455217331;7,37614177752712
"americanhistory";"r2";0,991749547327845;70,2906036034901;54,7656346830556;54,8075552132373;7,97837912312573
"americanhistory";"r2";0,992449897102942;74,8177515755074;54,7672700248704;54,8214103469096;7,30388033251189
"americanhistory";"r2";0,993963150014481;73,0123994331168;54,3460437161605;54,3964466208121;7,70988512387298
"americanhistory";"r2";0,991864595725569;73,0558135225716;54,964529552601;55,0133796481842;7,50821371189679
"americanhistory";"r2";0,991023013167279;71,577238214635;54,690605981122;54,73620327538;7,86449657968716
"americanhistory";"r2";0,989948575181103;72,5499977310752;55,8160545707927;55,8612395739257;7,33474981853693
"americanhistory";"r2";0,993186568043497;73,8260324533906;54,364129734672;54,4166807758042;7,55105220580609
"americanhistory";"r2";0,990638285832529;72,3462047661138;56,6540715200497;56,6964434274415;6,9604784439006
"americanhistory";"r2";0,991799844122355;72,4852889118056;55,7617926870267;55,8069494813383;7,39281860802407
"americanhistory";"r2";0,992412759770349;75,8404621245674;55,3743924535678;55,4296549468933;6,78471438751965
"americanhistory";"r2";0,993816384123938;71,2159681445727;53,7017037210431;53,7489957481086;8,12335940996717
"americanhistory";"r2";0,993080145771041;68,3758733482444;53,2538153250616;53,2946479150023;8,64644059357275
"americanhistory";"r2";0,993490318213741;68,5619135830904;53,1472832898144;53,1889058835704;9,40819580455955
"americanhistory";"r2";0,992718836613012;73,661990925199;55,3258769600535;55,3753881457332;7,34074902670785
"americanhistory";"r2";0,99255992482498;71,7616503501203;55,0674411898981;55,1125189032608;7,95141177147241
"americanhistory";"r2";0,989453492046642;72,8497214926959;56,0734357525956;56,1187350891875;6,92449795990429
"americanhistory";"r2";0,992216155497819;71,9117728333356;54,9953736286606;55,0410512997116;7,83418614947967
"americanhistory";"r2";0,991527094810689;77,0259178831491;54,9731857566235;55,0327325568417;6,85284557708262
"americanhistory";"r2";0,990990442904842;73,8484858534995;55,2943969539081;55,3444967156335;7,05684184650082
"americanhistory";"r2";0,991471099687204;74,4461619778624;54,4004787504826;54,4546061160866;7,70610332749366
"americanhistory";"r2";0,991489936910226;76,9593203961185;55,5260900793507;55,583964100419;6,6006288727189
"americanhistory";"r2";0,992485807585359;72,9061434650142;55,265217485957;55,3128515246291;7,30804119538975
"americanhistory";"r2";0,990650016811599;71,1295739932445;55,7427345552974;55,7842821081695;7,48281651862897
"americanhistory";"r2";0,991414041611095;71,1073736595535;54,4912414698521;54,5361083597333;8,37202097071411
"americanhistory";"r2";0,993004497401051;72,9526531896325;54,655964506858;54,7053692363671;7,72533217277042
"americanhistory";"r2";0,993110106812253;72,4386717295944;55,250139477145;55,2965519620112;8,20191865935451
"americanhistory";"r2";0,98823855598922;72,1370238904509;56,8412479437853;56,8825496069648;6,44101624383832
"americanhistory";"r2";0,990430848827993;69,6572297443627;53,9298507376948;53,97231781571;8,14893584002036
"americanhistory";"r2";0,993404970643371;78,2699078683865;54,5610901022056;54,625108665839;7,21595013352316
"americanhistory";"r2";0,991999323925871;72,0651003102285;54,187404011029;54,2356773770583;8,00797742002049
"americanhistory";"r2";0,989750111995887;74,554936114072;55,8517105478891;55,9022130085291;7,09270926540824
"americanhistory";"r2";0,989858014091571;70,5806648500254;55,2358063992627;55,2772405950486;7,6011030948934
"americanhistory";"r2";0,992724905856845;71,9737743451075;54,2309675403201;54,2788766776575;7,98019182713322
"americanhistory";"r2";0,99240947383476;72,8119731447341;54,2790201755932;54,3290628660669;7,67644733351719
"americanhistory";"r2";0,991385940038143;75,3326469026027;56,6348762517634;56,6853639830378;6,41271891714349
"americanhistory";"r2";0,991592340682106;70,0390259618786;53,805956649037;53,8497891923135;8,2267278602146
"americanhistory";"r2";0,991723005761184;72,349532396098;54,9021710878677;54,9492824631021;7,8859824901287
"americanhistory";"r2";0,99146224978358;72,8611129101953;55,0468524954098;55,0949545718268;7,72068335971741
"americanhistory";"r2";0,993164871471162;69,4774877755329;52,9154957179634;52,9602164186281;8,44898750197465
"americanhistory";"r2";0,990980090780078;74,4454776589048;56,4544603203998;56,5030396759659;6,76967248018453
"americanhistory";"r2";0,992000407783919;71,3678880212034;53,657349042976;53,7051710507092;8,08717553644363
"americanhistory";"r2";0,992985555184525;73,4532689794474;54,0441898465802;54,0965982534349;8,16655769283756
"americanhistory";"r2";0,990600658679951;69,3670186312419;54,783767828171;54,8231455305401;7,88489895931499
"americanhistory";"r2";0,991541411218943;73,0222032066017;54,8277747024556;54,8769033089704;7,2978854809793
"americanhistory";"r2";0,992725527914286;72,5458092143739;54,6491066414483;54,697431328229;7,66089417522625
"americanhistory";"r2";0,992200962963549;72,6593414306259;55,2706537536738;55,3176066983346;7,37394062268953
"americanhistory";"r2";0,992253786174688;72,2000468607132;52,7816952679643;52,8341287123206;8,38373470767703
"americanhistory";"r2";0,992307618369753;71,2388114592872;54,1100235942427;54,156274757279;7,93362208453924
"americanhistory";"r2";0,992602034250158;70,6087467062817;53,788144309727;53,8335633101806;8,44841641029028
"americanhistory";"r2";0,991093491727525;73,0192213083477;55,770388362057;55,816963670892;7,18317379540979
"americanhistory";"r2";0,991912317161426;78,0423787020794;56,3731403456398;56,4316516357551;6,30652931227775
"americanhistory";"r2";0,99174159621078;72,8150616349676;54,1905943375735;54,24088413509;7,76245771616391
"americanhistory";"r2";0,990557235842835;69,0095550121142;54,535279191812;54,5743626398687;8,1501300560783
"americanhistory";"r2";0,992662334327794;73,2290872968339;54,1040167339773;54,1556582607247;8,07655451394321
"americanhistory";"r2";0,990381336502709;75,1863551412224;56,206289327083;56,2575393119229;6,63974314482779
"americanhistory";"r2";0,991072813616164;74,7085086711485;55,1861928401342;55,2389070087876;7,09447419342904
"americanhistory";"r2";0,992562125377246;71,2524575034462;53,7541665864169;53,8014154818108;8,21018454962954
"americanhistory";"r2";0,989885612373807;70,4988783554443;54,6622426492079;54,7050047422274;7,41018899858542
"americanhistory";"r2";0,991005173313968;73,1347617930777;55,6959156767697;55,7430040592779;7,16093490532725
"americanhistory";"r2";0,994062491812376;71,9824924129547;53,6865346504087;53,7359374062866;8,15292153636779
"americanhistory";"r2";0,993890965230235;72,7674904653652;54,3982863115299;54,4478868473565;7,76360229258711
"americanhistory";"r2";0,99119904070582;69,021147179315;53,4244076779081;53,4665220030546;8,69948959417769
"americanhistory";"r2";0,99360709442072;71,075658567714;53,8215678625286;53,8681573683674;8,03689693034245
"americanhistory";"r2";0,993727285837433;72,4126607230618;54,2811881925752;54,3301468053331;7,85953438750476
"americanhistory";"r2";0,991880215786995;72,4954971423576;54,9313355148042;54,9787622743293;7,38548002340795
"americanhistory";"r2";0,991257507445466;76,3603125338169;55,6951877474814;55,750987729546;6,7067910907908
"americanhistory";"r2";0,99321990186392;71,9838777481436;53,7660210954479;53,8152129626631;8,28403368173126
"americanhistory";"r2";0,992646291209738;71,6933910018009;54,0382136479452;54,0858861681878;7,7725335538525
"americanhistory";"r2";0,992746571440225;68,8727595514731;52,8744435443592;52,9176422066219;9,24012820659348
"americanhistory";"r2";0,992492019047771;72,5676530623372;54,666618768692;54,7149551519875;7,95103342696536
"americanhistory";"r2";0,992677556053201;69,7971115796938;53,1574430514633;53,2023734941796;8,93798831027365
"americanhistory";"r2";0,991856192516765;73,163576899458;55,3058253199431;55,3540448312286;7,3913558030108
"americanhistory";"r2";0,991374966650053;73,7017038544245;54,7132217492703;54,7644944597842;7,30224852976186
"americanhistory";"r2";0,993711447993299;72,0974750412718;54,2595696823282;54,3077356048374;8,2582955439627
"americanhistory";"r2";0,992209872290628;69,2822592932645;53,5506351703072;53,5931137109879;8,50150799876706
"americanhistory";"r2";0,989360992278121;71,4675331464522;56,2862494710565;56,327241982138;7,1529003104078
"americanhistory";"r2";0,991616900772004;75,7040870450319;55,6021242680947;55,6564035997714;6,82024629677756
"americanhistory";"r2";0,992136041796134;73,4311093636495;55,4701314017087;55,5186296449326;7,32371277638718
"americanhistory";"r2";0,991874671531375;75,1296340340976;55,6258586383519;55,6785227441111;6,75300183281029
"americanhistory";"r2";0,991170848851781;74,6569125681352;55,0510419474603;55,1039817308057;7,1911172677046
"americanhistory";"r2";0,989911523555033;73,4661233874034;55,7965427113335;55,8442541234352;6,94734664326846
"americanhistory";"r2";0,993811848512926;76,2919490781025;54,6822697957919;54,7406202644604;6,97931668039993
"americanhistory";"r2";0,991910981615022;73,0998099994448;54,8511721454013;54,9004471280345;7,3948282466472
"americanhistory";"r2";0,993238436971748;77,6498609074075;54,86082666635;54,9223616299696;6,90863050028981
"americanhistory";"r2";0,991756133540446;72,2245735905544;54,6494187961659;54,6968752394465;7,73055701268219
"americanhistory";"r2";0,99448468955552;70,3384833831242;52,5871404538149;52,6350726404007;9,01730273359944
"americanhistory";"r2";0,992550232197556;73,2824303911371;53,8681217844984;53,9205443119812;7,82225454819161
"americanhistory";"r2";0,99117957483895;73,7424463749228;55,7201742571511;55,7688380068905;7,05483623836471
"americanhistory";"r2";0,993007522162314;74,621640123415;54,2799346864482;54,334861371396;7,41432777545915
"americanhistory";"r2";0,992490917671926;72,0735640163089;55,165117888681;55,2107740848287;7,34474721807757
"americanhistory";"r2";0,993865856271045;71,6407792835629;53,4438337420468;53,4929691450674;8,46977176857928
"americanhistory";"r2";0,989735320815231;71,3365714959391;55,0338078643177;55,0778285962345;7,7435578447897
"americanhistory";"r2";0,993883211991459;76,8889714514854;54,3333195831842;54,394224367584;7,23622537134201
"americanhistory";"r2";0,990920589937503;68,8474227727357;54,7612691395085;54,7993045798081;7,53632421442124
"americanhistory";"r2";0,994264226583724;71,9546723908675;53,0259353472396;53,0770467341033;8,65577596895416
"americanhistory";"r2";0,991529658086105;70,6237579890926;54,3718469987132;54,4157304182984;8,05353918899643
"americanhistory";"r2";0,990666770977455;71,3116021055415;55,2764774527364;55,3197755057258;7,61020629242422
"americanhistory";"r2";0,994600022631518;70,3399163768521;53,6698883117232;53,7149007312788;9,04586759712554
"americanhistory";"r2";0,991504525457235;71,3993435538532;55,1869083401922;55,2306851672619;7,60937883070342
"americanhistory";"r2";0,990450926126832;76,6798367170734;55,991850814122;56,0477125257871;6,69723957326812
"americanhistory";"r2";0,992367936079034;73,5149428966741;55,8958699074349;55,943444938651;6,72531012633584
"americanhistory";"r2";0,993097157976343;72,4588651591604;54,0963574873221;54,1459399413041;8,01009618227803
"americanhistory";"r2";0,991596537387061;75,7157138703229;54,9605811789613;55,0166242004239;6,96618391585952
"americanhistory";"r2";0,991707618442041;73,219933808542;55,940898890926;55,9875557511417;6,79351084141562
"americanhistory";"r2";0,991123647049921;70,0603513989098;54,1542889779139;54,1972385369893;8,36987142598875
"americanhistory";"r2";0,99095924778505;72,2963414829948;56,0836316928218;56,1274092613032;7,06714443566867
"americanhistory";"r2";0,993263980072583;71,5982771824564;53,2480580440277;53,2976073165046;8,05168721597781
"americanhistory";"r2";0,992311817009484;74,10096990298;55,1697789931719;55,2208970059665;7,03510821558884
"americanhistory";"r2";0,992318083064645;75,3351378975972;55,456100174519;55,5097775638345;7,07776098694896
"americanhistory";"r2";0,990448393360748;69,8598534268681;55,2612719387687;55,3006910370624;7,64506007034928
"americanhistory";"r2";0,991720255010586;72,8936618656248;54,3355420755436;54,385652721482;8,05973295749464
"americanhistory";"r2";0,993188053846108;72,7750095755824;53,6594773894611;53,7110931606781;8,10586163348111
"americanhistory";"r2";0,991424398968131;72,9918999919677;54,4418236657349;54,4919125927074;7,38463759631787
"americanhistory";"r2";0,991652295801049;68,4337139888534;53,7384898278764;53,7781698807721;8,53226228124265
"americanhistory";"r2";0,989323951496859;70,3898587509526;55,0114293606596;55,0529542047162;7,30689365978048
"americanhistory";"r2";0,991394979202618;70,6538673203509;54,5817715973204;54,6251694796153;8,02330461224595
"americanhistory";"r2";0,990869747607182;73,0235393118952;55,9195007150836;55,9656850501313;7,28712815267271
"americanhistory";"r2";0,991745152236577;70,8793931312374;54,7674247212036;54,8109302677513;8,1271927355289
"americanhistory";"r2";0,991688961320382;72,0526294860187;53,4860223995368;53,5361559628778;8,05143530760386
"americanhistory";"r2";0,992516331238204;72,2437660127529;54,8187914386568;54,8658423652186;7,69356702788673
"americanhistory";"r2";0,991088258750997;73,4990697176994;54,6565177399864;54,7073964098846;7,31216801512814
"americanhistory";"r2";0,99032819103322;72,9113271355094;56,4795469365362;56,5239160390639;6,58760126337613
"americanhistory";"r2";0,991068973742177;75,7937732651849;55,245453721705;55,3009383061844;6,86244017718693
"americanhistory";"r2";0,992307067518672;72,6611243765812;54,5993695842849;54,6481399451652;7,76343253836816
"americanhistory";"r2";0,991267131275285;74,4805735651347;55,1835306592791;55,2356365458479;7,12915753407406
"americanhistory";"r2";0,990700611103569;72,613758225121;54,2980722250855;54,3475282511618;7,56372716111619
"americanhistory";"r2";0,990812814119417;73,4028964070974;55,6315004856816;55,6794868193685;7,26373656687512
"americanhistory";"r2";0,990991835242543;74,4442192560815;55,523645571027;55,5747349151851;6,94516377700021
"americanhistory";"r2";0,991995914688943;71,456388395345;53,8296004512064;53,8771963143483;8,40836333833956
"americanhistory";"r2";0,990709982468357;68,2582295208879;54,5512474254642;54,588259026555;8,3454045033163
"americanhistory";"r2";0,992744139112365;69,7267942800443;53,0257039431635;53,0708002370835;8,48100124161943
"americanhistory";"r2";0,992920707294185;69,9117518930342;54,3086166918069;54,3507482866258;8,31086463564249
"americanhistory";"r2";0,991444124205451;77,10251805742;55,8676902233025;55,9250285178708;6,50520802007614
"americanhistory";"r2";0,989909272150634;70,3301393807881;54,9343635171747;54,9759352001886;8,04900517091061
"americanhistory";"r2";0,993110368240195;71,3391052032437;55,0487717059621;55,0927588740229;7,8312226255754
"americanhistory";"r2";0,993249239819894;71,4652637344867;54,1966085823903;54,2432374151571;8,52411919348006
"americanhistory";"r2";0,989316449568055;71,9214536316065;55,3613386991201;55,4060543311705;7,41756114573854
"americanhistory";"r2";0,99115363328349;74,7166354210752;55,6575293118961;55,7089927213871;7,28499409171186
"americanhistory";"r2";0,993610878994336;71,0036733270323;53,4012503330597;53,4487804059489;8,28611984303773
"americanhistory";"r2";0,990015554557919;74,2952763721425;56,0617822078331;56,1110162994664;6,61674202058234
"americanhistory";"r2";0,991979765397762;69,6034463877462;52,7592797413715;52,8047623700263;8,95897343626154
"americanhistory";"r2";0,99194661918467;69,0726606264968;54,5328883288193;54,5721486305026;8,14286795159785
"americanhistory";"r2";0,992972542372812;74,6283642567097;54,6059872371081;54,6600516712762;7,62597705455688
"americanhistory";"r2";0,991918616700547;75,7886220435011;53,9810511310086;54,0399359467729;7,60332044050267
"americanhistory";"r2";0,993376525842175;70,3832936871938;54,1777259554006;54,2214842388918;8,07168639581046
"americanhistory";"r2";0,993231856108745;71,2656037058977;53,8486460177494;53,8956752971111;8,41317186311403
"americanhistory";"r2";0,992711775057946;72,6740783446787;53,5910732097009;53,6426011513553;8,12866204690394
"americanhistory";"r2";0,992648379070474;72,2580865486472;54,1644907499321;54,2133470879166;8,01318234316513
"americanhistory";"r2";0,991328201321977;72,9081406498871;56,7199612171377;56,7636725487336;6,82597743373991
"americanhistory";"r2";0,992897560491552;74,2726615410567;54,5660136588039;54,6192255609702;7,31315631524595
"americanhistory";"r2";0,99303397367411;74,2346215201928;54,4978272732199;54,5511205766178;7,41651919011924
"americanhistory";"r2";0,991823224048776;73,2150243972935;55,2234876151872;55,2720683733552;7,3001200702397
"americanhistory";"r2";0,990947000619432;74,0023846215715;55,6592696402784;55,708799730106;7,39227415462435
"americanhistory";"r2";0,990336354566386;73,8300288101501;56,281464059951;56,3288487047787;6,51374467414881
"americanhistory";"r2";0,992449478925769;73,2170421682891;55,2595446406849;55,3080334860379;7,37549371300708
"americanhistory";"r2";0,993144740530854;73,8510456963338;54,3813172421898;54,4338894143774;7,81930860418555
"americanhistory";"r2";0,991132856565926;70,0899199031539;55,3848206350721;55,4245273527377;7,22736228456929
"americanhistory";"r2";0,992548435921294;72,1809874509361;53,7695683133526;53,8192828381031;7,95408110520466
"americanhistory";"r2";0,993013006541917;73,4249011027816;53,8357639254986;53,8886585251904;7,61482129054587
"americanhistory";"r2";0,990390348993253;71,1599999993529;55,3558017238686;55,3984762293185;7,81786338121469
"americanhistory";"r2";0,99143471225871;73,1952841113785;55,8879203949599;55,9346537486148;6,76650020636897
"americanhistory";"r2";0,989459670397438;71,1825017158;56,038927522257;56,0798182101735;7,16969721251208
"americanhistory";"r2";0,993430792624898;71,6301448707034;54,3496004652886;54,3962614014241;7,91145878748949
"americanhistory";"r2";0,989718213818099;71,6833149576087;54,7305446330742;54,7763205134444;7,41798929681933
"americanhistory";"r2";0,990736698441121;72,9685331952785;54,9064162245875;54,9551875634221;7,68326894760525
"americanhistory";"r2";0,993168309886239;73,7348548595855;55,1639803815483;55,2141254677025;7,58142894338422
"americanhistory";"r2";0,990887664429105;71,0928150118273;55,5438606873588;55,5858459829425;7,619471145456
"americanhistory";"r2";0,993044830994201;71,8460851723925;54,0316290180915;54,0797316230444;8,02478213826988
"americanhistory";"r2";0,989965614140996;71,9194898098638;55,8497166975546;55,8931083083346;6,82965647533036
"americanhistory";"r2";0,990753249360808;75,6606662263982;55,9713570669322;56,024522151069;6,61044583644527
"americanhistory";"r2";0,993790208501065;72,9091453777446;54,4352760588159;54,4851592115827;7,83106179850174
"americanhistory";"r2";0,99132893611541;72,8775869092662;54,8926992057649;54,9412620100869;7,84553487312862
"americanhistory";"r2";0,989163806691373;69,1399607845782;55,5741424355565;55,6107728662166;8,05686666638563
"americanhistory";"r2";0,992140369680988;70,2067323528621;54,4073836494739;54,4500450601064;7,76317391529362
"americanhistory";"r2";0,992426054486924;75,5700919656404;55,1423661789563;55,1975251361028;6,77367612698232
"americanhistory";"r2";0,990936508628607;75,6039862494332;56,6362208841129;56,6874376552737;6,66763869765996
"americanhistory";"r2";0,990076824862936;72,336365163851;55,286500836319;55,3325388899731;7,24061336838098
"americanhistory";"r2";0,993771840513818;73,6876620364279;54,252011357875;54,304491513233;7,68030657463551
"americanhistory";"r2";0,992530988146902;74,3820809854483;55,9438885322694;55,9936753503424;6,8267349915764
"americanhistory";"r2";0,991124009341321;75,8693788985402;54,2129689056664;54,2714455566269;7,18683961577684
"americanhistory";"r2";0,992190884202619;73,8795515939645;55,2722026704776;55,3224462449508;7,46437831141324
"americanhistory";"r2";0,990459751828447;74,6104517606514;57,0281948882939;57,0756705086096;6,45526438086755
"americanhistory";"r2";0,991245176288953;75,8585057173512;56,5066775850407;56,5589314027101;6,51526719620505
"americanhistory";"r2";0,991951184406927;73,9965037027391;54,9852058098364;55,0365401275537;7,22232552622471
"americanhistory";"r2";0,990872390342121;75,6172878838104;55,4123126757922;55,4668701616957;6,96811094706249
"americanhistory";"r2";0,991945180525513;75,1492926101459;54,9284227672485;54,9830231718544;7,12180250543372
"americanhistory";"r2";0,988759659543481;70,756862631852;55,5315681356139;55,5726794847397;7,63380353955998
"americanhistory";"r2";0,990715759201291;74,344080552173;55,7383305290786;55,7885697862;6,79439765169628
"americanhistory";"r2";0,989645776190845;69,9684863206628;55,2425365019161;55,2822995202509;7,7417076136605
"americanhistory";"r2";0,991729931734269;74,6859188298591;55,5167028762991;55,5684636044564;7,18027188133022
"americanhistory";"r2";0,992210053582822;73,2028757694658;54,2876420257096;54,3387169509551;7,64959978339449
"americanhistory";"r2";0,989723518436326;69,6467731131155;55,7414894784354;55,7790365334589;6,66877710825201
"americanhistory";"r2";0,993571754525158;74,1016810808726;54,1516608504309;54,2055299067544;7,3972475014443
"americanhistory";"r2";0,991563237147158;75,7852100576213;55,53325131959;55,5879356704487;6,92105931930044
"americanhistory";"r2";0,989608128329856;72,9245948700651;56,3056034427969;56,350478053193;6,94879049018228
"americanhistory";"r2";0,991798139439405;71,9235687509172;54,9906530756689;55,0363753445035;7,37314266057061
"americanhistory";"r2";0,991805843971157;72,2470779959109;54,0703120315559;54,1193929456705;7,91403652836021
"americanhistory";"r2";0,992048884398179;73,031165877521;54,1185020967646;54,1695700825945;7,74064194531786
"americanhistory";"r2";0,990961774785869;72,8908613844171;55,1264216374064;55,1743891880271;7,49644054758562
"americanhistory";"r2";0,991287778270218;72,431376111767;54,2735610315095;54,3225907744357;7,5891884571801
"americanhistory";"r2";0,991281794683957;72,488238459272;54,4734601356401;54,5221036506321;7,47886476772553
"americanhistory";"r2";0,991780227670061;74,7799550435145;55,3656602144264;55,418082704707;7,07537881775838
"americanhistory";"r2";0,991436732208237;74,7845484242095;55,4835629775678;55,5356795097875;7,2432937481275
"americanhistory";"r2";0,991617125305012;74,9887889377975;55,540486018942;55,5930003378866;6,86678039080105
"americanhistory";"r2";0,99124256310741;69,6671190377882;53,8487859592911;53,8914986315444;8,10980168136424
"americanhistory";"r2";0,994588359990148;74,0440524623914;54,6251566523091;54,6775915661614;8,04316101031769
"americanhistory";"r2";0,992288527237189;74,3634335131996;53,9581255623261;54,0132239868192;7,56689310957129
"americanhistory";"r2";0,991388583494289;75,3407669467589;55,255633876737;55,3098677648292;6,98082021042975
"americanhistory";"r2";0,989973803722504;70,7496482594951;55,7742424681776;55,8146790676759;7,38414482750299
"americanhistory";"r2";0,993363384263825;72,2852868828737;54,289001241117;54,3375948221586;7,96797779389291
"americanhistory";"r2";0,991625698249588;72,2979591332634;55,5530977807995;55,5983122652414;7,66189644836457
"americanhistory";"r2";0,991550669268431;75,4445742377008;55,8861445391576;55,9389562224973;6,83271566916352
"americanhistory";"r2";0,993005088421749;75,1931782741626;54,1388989789624;54,19574975626;7,47996968681539
"americanhistory";"r2";0,992237514603334;74,2915590172566;54,9450994598747;54,997338781315;7,41467192458104
"americanhistory";"r2";0,993531962364411;74,3680762018227;55,2695554662368;55,3211253031251;7,32186288964493
"americanhistory";"r2";0,989720198408327;70,214683417622;53,9454751389075;53,9894052646408;8,45166855836471
"americanhistory";"r2";0,993738291771612;73,2107713201843;54,4522388026295;54,502890603132;8,43619893077132
"americanhistory";"r2";0,989871990221146;70,5777105808905;54,8962966557923;54,9386396188673;8,18555575151948
"americanhistory";"r2";0,993478020981347;72,0188746027986;54,9997290256051;55,0456841324715;8,48665069757912
"americanhistory";"r2";0,990145038327241;71,2092069448336;53,8906084804205;53,9373721701485;8,3378067079433
"americanhistory";"r2";0,99294197916519;70,4075684806479;54,2045814148777;54,248332730053;8,60215051665595
"americanhistory";"r2";0,992358534303789;70,3338610084235;53,8562266389682;53,9007195569539;8,07457210805901
"americanhistory";"r2";0,992907773726936;75,9306359840051;55,1740539042311;55,230100839333;7,06174856007385
"americanhistory";"r2";0,991195532428679;74,1429306958026;54,7788714699057;54,8311583139812;7,49713927484765
"americanhistory";"r2";0,991943882109116;74,1085587224644;53,9293824412181;53,9838702648444;7,69627227788877
"americanhistory";"r2";0,991733961197282;71,5570175508465;55,089782942533;55,1342477790776;7,31726691756905
"americanhistory";"r2";0,992859931064593;73,5620979617048;54,2977273693991;54,3497450341677;7,78384680307345
"americanhistory";"r2";0,991577467822606;70,6681613398087;54,130579072561;54,1752338618955;8,17057079372139
"americanhistory";"r2";0,991614123455645;73,4640929826136;55,9969443513576;56,0441091563332;7,02516137117786
"americanhistory";"r2";0,990804793924604;77,0940771750731;56,3057352556076;56,3618679486474;6,40835050896995
"americanhistory";"r2";0,990806021408616;71,6923485513827;54,6371630884666;54,6832155102535;7,80514971236366
"americanhistory";"r2";0,993374559999332;73,3615259821935;54,5059340938122;54,5568479740848;7,41824317744746
"americanhistory";"r2";0,992977404716542;76,562602690719;54,4931961148021;54,5527879393783;6,88359509466078
"americanhistory";"r2";0,99377818968432;73,2191760029183;53,4204393473752;53,4738999077011;8,24648515837564
"americanhistory";"r2";0,992082001637773;72,4738012040575;54,60014080479;54,6484032730799;7,81319323533303
"americanhistory";"r2";0,99225145083963;74,4789772957293;54,3974485155734;54,4516726713599;7,34092900040144
"americanhistory";"r2";0,992516707922011;74,7182928062405;54,482506075103;54,5371467582992;7,3717051612405
"americanhistory";"r2";0,991897028649336;73,9457470275107;55,5598708455133;55,6095163991601;7,2498108647805
"americanhistory";"r2";0,989885006059814;67,8481764722932;54,6095033855148;54,645250458346;7,92993172136747
"americanhistory";"r2";0,993321625492379;72,1574457973228;54,0260275138824;54,0749859801623;7,88328064682324
"americanhistory";"r2";0,990000321259272;71,9904603184572;55,6431947384991;55,687335634603;7,76077532514813
"americanhistory";"r2";0,991221389093228;74,1404407901577;55,3538405315693;55,4045681206027;7,03451856473946
"americanhistory";"r2";0,990331233393487;71,1203809557887;54,7153474625046;54,7596443435619;8,09097933168781
"americanhistory";"r2";0,990600745530253;73,2439738652024;55,972296350381;56,0189333441334;7,07186129573589
"americanhistory";"r2";0,990662780444567;69,6525821378908;54,5013491317738;54,5422605000205;8,62710247007832
"americanhistory";"r2";0,992925324222413;74,6496677118906;54,2789230315338;54,3339281282637;7,4846750498984
"americanhistory";"r2";0,992988569391681;72,986490889532;54,8009487954951;54,8500534069201;7,37858930342251
"americanhistory";"r2";0,990894476554628;72,1432425240979;54,7874736565075;54,8343377137799;7,53249411929434
"americanhistory";"r2";0,991688807943923;76,5633058175696;55,9354799540071;55,9911792214986;6,47803019498983
"americanhistory";"r2";0,993065769940072;73,7856764519011;55,0131977531993;55,0638872111884;7,43779635564267
"americanhistory";"r2";0,989741931642812;72,6989064896435;55,5111161626594;55,5575266441781;7,38594897323915
"americanhistory";"r2";0,990319464083056;73,6837886785632;55,6464895292543;55,695193854993;6,7703382730009
"americanhistory";"r2";0,991485383284763;72,0386558766004;54,8316446867928;54,8781070684965;7,78943570033715
"americanhistory";"r2";0,99054889680855;72,1372351203557;55,6803104238704;55,724747421585;7,28098921506879
"americanhistory";"r2";0,991126286785491;76,8250389438747;55,7019082473558;55,7589449372476;6,8063188108942
"americanhistory";"r2";0,991062076165828;75,422630164976;56,5078864117698;56,5589600139424;6,34495237605917
"americanhistory";"r2";0,993062033605199;72,3169288229326;54,4262988128541;54,4746071024971;7,97912195530175
"americanhistory";"r2";0,992940424680574;70,252958825323;54,152141440182;54,1956168767257;8,5088770380929
"americanhistory";"r2";0,991642942001656;71,6924237462394;55,1979432785111;55,2424816843412;7,63704937498131
"americanhistory";"r2";0,992238863533442;70,6478300675569;54,8033728388799;54,8461560515789;8,11051154357907
"americanhistory";"r2";0,991329143964768;73,789591902071;54,4406371930159;54,4928832518662;7,68993730422402
"americanhistory";"r2";0,99236731245392;72,2751895819232;53,8307846198308;53,8805882129239;8,14875729405245
"americanhistory";"r2";0,991140635873614;71,2814604119526;55,3009548863189;55,344105456709;7,88119212633951
"americanhistory";"r2";0,994259392517354;75,548764662671;54,7518657863285;54,8080215848683;6,96410929806203
"americanhistory";"r2";0,991425989555945;74,1513222197565;55,3530534686255;55,4038125649293;7,07312937583281
"americanhistory";"r2";0,991958752316497;68,7097229614473;53,4094897607314;53,4508034593909;8,89259541328237
"americanhistory";"r2";0,992019952814434;70,7504610321009;54,3818802784533;54,4260787298017;7,97480493503404
"americanhistory";"r2";0,991927598208182;71,2520097865758;54,2463572959821;54,2922759688081;8,03014622072035
"americanhistory";"r2";0,991030061292509;73,6234767844507;56,0813940378031;56,128761179921;7,30066713597254
"americanhistory";"r2";0,990735508563275;72,5098564361243;55,6060909957792;55,6517345531324;7,06891475253028
"americanhistory";"r2";0,98941410022761;74,1149500745352;55,6685821749255;55,7183910683437;6,90998582788454
"americanhistory";"r2";0,990723156696711;72,8958844683684;55,6785824674739;55,7250726364318;6,98188441667037
"americanhistory";"r2";0,993430769396196;69,467804795844;53,2003016494778;53,2442271710117;9,03880132818174
"americanhistory";"r2";0,991770730679594;71,3159585847247;54,2625546153047;54,3086022267018;7,71991638859075
"americanhistory";"r2";0,992333091194075;71,3370113078477;54,2023810260834;54,2486479648167;8,31173921827119
"americanhistory";"r2";0,991432664817221;74,4522264246569;56,1214707780036;56,1709674951486;6,51070093845447
"americanhistory";"r2";0,991632979343454;70,4030905794998;54,9080802101611;54,9499198462456;7,92743630113415
"americanhistory";"r2";0,990828696360483;73,7076412457499;54,6883374998947;54,7396934350208;7,30165051218389
"americanhistory";"r2";0,990294860413952;72,0735595966348;54,9150845573063;54,961415881668;7,61601353624486
"americanhistory";"r2";0,990276024216841;73,657581773843;55,4256910714325;55,4749208333971;7,23082304930439
"americanhistory";"r2";0,989126185548835;72,6552044276987;56,436717075303;56,4805102443613;6,83370340194447
"americanhistory";"r2";0,990909248145735;71,7964926957976;55,5495630851475;55,5934330540082;7,46260813508769
"americanhistory";"r2";0,99083233342354;72,8411512210986;55,3077800006708;55,3551236199206;7,38879555001303
"americanhistory";"r2";0,991544223002589;73,6831032551619;55,5312354587128;55,5802491427798;7,3609152408539
"americanhistory";"r2";0,992492022397306;76,1785514495865;54,0616975659909;54,1214175078152;7,39130580429447
"americanhistory";"r2";0,991816973752911;73,4919889505975;55,0926570285277;55,1423389153717;7,11390980572806
"americanhistory";"r2";0,992574843079008;69,6518428684732;52,9872049853484;53,0322028503314;8,4356583580872
"americanhistory";"r2";0,990750249404201;74,6318811927438;56,3142866877299;56,3637478671524;6,81406627931548
"americanhistory";"r2";0,992517473098197;71,2320118892223;54,4583594293504;54,5036516555574;8,26695506153051
"americanhistory";"r2";0,989425670473991;77,6431631674809;55,4610957877377;55,5209918190825;6,45421903829102
"americanhistory";"r2";0,990854121351306;72,5324605152799;55,4453402034047;55,4914788556895;6,86051581714641
"americanhistory";"r2";0,989512950537263;74,4540338461899;54,5241965329766;54,5780110913752;7,44366531530369
"americanhistory";"r2";0,991674714767783;72,6112378710933;55,3487203684465;55,3953326283287;7,71708031814125
"americanhistory";"r2";0,992907314420778;74,4921564557295;53,5054435334856;53,5621118680234;7,71578328023117
"americanhistory";"r2";0,990517737302197;75,3698115272627;55,9804081584077;56,0327634367529;6,70663819971534
"americanhistory";"r2";0,992619074579439;74,4201546380449;54,6040566491947;54,657564088603;7,50742875323526
"americanhistory";"r2";0,994394163117179;70,1974806824423;52,2778451317556;52,3262317421763;9,42921913589957
"americanhistory";"r2";0,990746194804986;72,7849264856763;54,4088806669065;54,4584996766008;7,83907010447663
"americanhistory";"r2";0,992945282420512;75,6132136394794;53,9155462105489;53,9741342648625;7,45399965150762
"americanhistory";"r2";0,993121333632762;73,2158170193537;54,0581744981451;54,1099039757136;8,01545310272437
"americanhistory";"r2";0,991800139125144;74,3744522806239;54,3396409881286;54,3937389973276;7,54556159751071
"americanhistory";"r2";0,990541636907464;72,729604362672;55,776439722831;55,8222166679316;7,22670974298689
"americanhistory";"r2";0,992389187850459;68,7573366635454;54,1430364529305;54,182497994928;7,76039818721925
"americanhistory";"r2";0,990643370546082;72,2385240668396;56,2806404964292;56,3237299830026;6,76123146471865
"americanhistory";"r2";0,990227133282306;72,2028926141569;55,2735949016989;55,3193074013082;7,49589603435892
"americanhistory";"r2";0,994335438964932;74,013425919392;52,1980247361233;52,2569306951894;8,39237642771332
"americanhistory";"r2";0,988459514110338;69,0159087615639;54,3850554709609;54,4245617095947;8,11593642820884
"americanhistory";"r2";0,990449110957555;74,6966435321333;56,3076176936701;56,3572717520212;6,85655054066561
"americanhistory";"r2";0,992867093483969;72,8290462201254;54,8016413190081;54,8503189282921;7,59162365215359
"americanhistory";"r2";0,991727751787685;76,0242735597131;55,4586722738653;55,5142035225156;6,58956491472989
"americanhistory";"r2";0,99149377347328;72,4083446238879;55,6496692226173;55,6949210077619;7,40409638661165
"americanhistory";"r2";0,990812891219075;72,9386522684618;55,2024195187729;55,2503109048429;6,95711267108489
"americanhistory";"r2";0,992793820911951;72,9563020222961;54,0076755513438;54,0588406436508;7,7310015800776
"americanhistory";"r2";0,991748958550987;73,3408894369411;54,4561572445072;54,5071498094459;7,51097867720205
"americanhistory";"r2";0,989888867285969;72,0119454775565;55,1074918480349;55,1531372636369;7,70165423229343
"americanhistory";"r2";0,991524135729746;74,8984074261187;53,9905766942202;54,0470320310214;7,43334338339808
"americanhistory";"r2";0,99074475483972;75,2253772166562;55,9594103511872;56,0114323262136;7,00212171004861
"americanhistory";"r2";0,991329458761117;70,9130819758169;55,0616709715882;55,104472960876;7,52186406192039
"americanhistory";"r2";0,991191998981264;65,6439978461984;55,9734441186054;55,9995565534508;6,66254007509309
"americanhistory";"r2";0,992640858144937;71,8461916191856;54,5894653910822;54,6360620133614;7,85298589273608
"americanhistory";"r2";0,992640142053902;74,9006358354121;56,2173035643292;56,2677523090821;6,90143341738884
"americanhistory";"r2";0,992032059447145;71,2245273740439;54,7632336519936;54,8076824469536;7,96510144846143
"americanhistory";"r2";0,992303047981323;74,3070298485925;54,6670996732883;54,7201314242631;7,35719689151963
"americanhistory";"r2";0,991527524417558;74,4234066174265;55,061597018741;55,1138777883717;7,29661704023335
"americanhistory";"r2";0,992976457017216;70,1381432073333;54,3860816015995;54,4286153275832;8,16845096424272
"americanhistory";"r2";0,990372114941888;74,012572324141;55,0227907505311;55,0740669698705;7,21547206881854
"americanhistory";"r2";0,991384303666839;70,0970313186867;55,1014606731324;55,1419517217818;7,82123045058911
"americanhistory";"r2";0,990964495965441;72,9844396695665;55,8102355228525;55,8566093189592;7,20126468134213
"americanhistory";"r2";0,991524345775078;76,0066609413672;56,9308794171485;56,9823878536049;6,43825206709165
"americanhistory";"r2";0,992223642213092;74,051717093657;54,8322890819216;54,8841853927078;7,15699038904105
"americanhistory";"r2";0,992593408029352;74,6169220217812;55,4644925954975;55,516207996664;7,01224497187136
"americanhistory";"r2";0,990462591536864;69,8141617591134;54,4221236504829;54,4636852408086;8,00748959243331
"americanhistory";"r2";0,99270256023542;75,7766752682556;54,1718689256788;54,2302062364325;7,32755117287334
"americanhistory";"r2";0,991060415125488;71,5906357710653;54,8382380249789;54,8834728591954;7,5038589811097
"americanhistory";"r2";0,991889277407174;70,5778877647175;54,716368634331;54,759197917587;8,61041339185269
"americanhistory";"r2";0,991197682783024;71,8550485664719;54,7170308611478;54,7633069466043;7,63462388104888
"americanhistory";"r2";0,991135163867459;75,3515672121721;56,062599066583;56,1146831496794;6,85080658874383
"americanhistory";"r2";0,991956320858813;73,6585564453617;55,0853151386918;55,1354666157581;6,93694063953132
"americanhistory";"r2";0,99236702644879;74,2119751789435;54,4779870158922;54,5312727423007;7,55704405090056
"americanhistory";"r2";0,991576784275126;76,273319402836;56,7408816940804;56,793623193834;6,88177371304762
"americanhistory";"r2";0,992055795348212;71,4088442661135;54,5118589941441;54,5574842436827;7,85484572015415
"americanhistory";"r2";0,991274111531354;73,8316558193876;55,1036770260101;55,1542463253288;7,33088962112018
"americanhistory";"r2";0,992404116695603;73,0191730470295;54,2393180081739;54,290027383761;7,91640005386945
"americanhistory";"r2";0,991885013781383;74,799113876603;55,3777561453356;55,4301977068689;7,02940667669172
"americanhistory";"r2";0,990319840341515;75,2300137686863;55,6695069110943;55,7223242031801;6,71920492902892
"americanhistory";"r2";0,992650801160594;71,3557935411294;54,9797613561441;55,0239799278518;7,91736373903149
"americanhistory";"r2";0,992602799806722;74,0728646034742;55,1471955968359;55,1982986993843;7,55206098039744
"americanhistory";"r2";0,991615160284068;73,3481195335244;55,247205835316;55,296081933097;7,55289074306272
"americanhistory";"r2";0,992308343722599;71,8935275771909;54,7307763877734;54,7771192585981;7,66190584778271
"americanhistory";"r2";0,989615295938557;74,6426035489026;55,5517420716229;55,6032912269774;7,02659587157352
"americanhistory";"r2";0,99146920201908;72,8753925313709;55,7725721856997;55,818753231225;7,14828559637836
"americanhistory";"r2";0,991685447417886;73,2755721628022;55,074711702893;55,1238576769786;7,5712533632954
"americanhistory";"r2";0,991959431717191;73,6427539027084;54,9879712098324;55,0383428649976;7,34788150046258
"americanhistory";"r2";0,990676298677725;71,9997080797205;55,5602418476635;55,6046317040223;7,64970430403681
"americanhistory";"r2";0,99098832483292;74,4405059736442;56,184822887074;56,2341168932482;7,07384829411354
"americanhistory";"r2";0,992413571599789;71,8078729242485;54,5424709147924;54,5890909634216;8,04241297918082
"americanhistory";"r2";0,992161287643503;72,7395629002109;54,8050161162252;54,8534429899669;7,72846285131355
"americanhistory";"r2";0,992146788646246;72,2467277167972;54,2483434182978;54,2969426661336;8,13385440704868
"americanhistory";"r2";0,992242684637215;71,3811665964666;55,0701034566201;55,1141465988739;7,97555640188365
"americanhistory";"r2";0,989659989572816;70,8277264561396;55,417788878762;55,4593988012438;8,27628175001694
"americanhistory";"r2";0,991287329893535;70,3623214428497;54,9762950606147;55,0178404180733;7,89450941751338
"americanhistory";"r2";0,989650489239915;72,1924581722328;55,5779300950261;55,6227926534818;7,48469577042
"americanhistory";"r2";0,991554171820511;73,805140625137;53,9236516572712;53,9773356654393;7,68671557659854
"americanhistory";"r2";0,99249234920742;73,8059104430307;54,7873543731051;54,8387082893563;7,41985462309792
"americanhistory";"r2";0,990300550494604;73,8651760493736;55,887922069364;55,9364642611014;6,97848922730647
"americanhistory";"r2";0,991576996000355;76,8071024106824;54,9339236140118;54,9929855842235;6,81850660929721
"americanhistory";"r2";0,993191537277744;71,0984725637174;53,9939923855372;54,0401779129432;8,41768727920283
"americanhistory";"r2";0,990989081650155;71,996740372625;54,9092383396553;54,9553780226636;7,25542593101289
"americanhistory";"r2";0,99112331412368;71,6292292023235;55,3666685419992;55,4105807178295;7,65433527603995
"americanhistory";"r2";0,99065153143483;72,1146991137582;54,8829535442825;54,9294827137727;7,68807085611223
"americanhistory";"r2";0,990994713697204;78,0004793277728;56,2977818147231;56,3563834512728;6,47524471190815
"americanhistory";"r2";0,990103667626987;72,3758348212847;56,0579583340085;56,1020198736671;6,59827379367907
"americanhistory";"r2";0,991704537662208;76,192620848185;55,7145706778259;55,7698655209028;6,82520474366283
"americanhistory";"r2";0,994449555923401;72,5078735383876;53,4972000414485;53,5485326731715;8,27350870730747
"americanhistory";"r2";0,992432802410689;74,5338792069693;55,9127709415866;55,9630516690429;6,98123158887391
"americanhistory";"r2";0,992815438599073;70,4859691618942;53,7041626764687;53,7494769201803;8,65760825735532
"americanhistory";"r2";0,992902891023844;73,5345229420107;55,8723340828624;55,9200255355758;7,01594465965387
"americanhistory";"r2";0,99290350620476;75,4592536097937;55,3518177369419;55,4061118470754;6,8507071408446
"americanhistory";"r2";0,992443003508858;70,0992488314289;53,7036475252999;53,7479189375599;8,24238952937277
"americanhistory";"r2";0,993363780710511;71,7391869074138;53,667421606812;53,7162189980727;8,65252532603679
"americanhistory";"r2";0,992239195943497;71,8592380603913;53,5418268817356;53,5912875661402;8,55534057647891
"americanhistory";"r2";0,991137811408858;73,75598737022;55,6196930460101;55,6686646785781;6,63666210434635
"americanhistory";"r2";0,989843037575105;62,1288017293751;54,5090149544006;54,5295899071181;7,31331017805989
"americanhistory";"r2";0,991749769463209;74,2044514084074;54,9192564853584;54,9713303799971;7,42422306219413
"americanhistory";"r2";0,991054875379168;72,9279539878704;56,4201036021644;56,4646781094549;7,35501750747137
"americanhistory";"r2";0,9930998892438;72,2255376081753;54,3267989885534;54,3751291730687;7,93974626698523
"americanhistory";"r2";0,992694782246487;69,0810313408558;53,5224479728232;53,564459268756;8,74669917923717
"americanhistory";"r2";0,991935845301969;71,4153008503242;54,7353513892541;54,7803905985688;8,31244298632265
"americanhistory";"r2";0,990048638444483;74,479742597636;56,051167666585;56,100928515419;6,8182089859015
"americanhistory";"r2";0,992151943690932;71,2987778227519;53,6461306858537;53,6937963740031;7,86878998036777
"americanhistory";"r2";0,990360549670652;71,9829598468192;55,2723991625129;55,3175210282705;8,10491741582619
"americanhistory";"r2";0,991241304184719;70,9750732026799;55,2704645388563;55,3128701323784;7,48322659707715
"americanhistory";"r2";0,99457470340873;72,2915581281961;53,9499744415811;53,999500396606;8,39771831737892
"americanhistory";"r2";0,989908239635166;74,570327064308;54,7708165343734;54,8242791843154;7,03083406602501
"americanhistory";"r2";0,990897285800013;74,2541309225458;56,5092111373151;56,5571259801236;7,30829553694565
"americanhistory";"r2";0,991193559462139;72,943270162892;54,9336104360472;54,9822401298012;7,13551413582287
"americanhistory";"r2";0,991785642059494;69,9472010283663;54,4244980127242;54,4664124245085;8,12149183842654
"americanhistory";"r2";0,990860034952712;70,9106545951834;55,408109392019;55,4499693736662;8,01724528882431
"americanhistory";"r2";0,993225236802443;71,2948853682749;53,4722134960009;53,5203382850404;8,54501956875624
"americanhistory";"r2";0,989447129899984;72,9818239243995;55,8934762895465;55,9396182558496;6,97800336975819
"americanhistory";"r2";0,99266710414153;69,787471190014;53,7456193116826;53,7889355295303;8,2462345480931
"americanhistory";"r2";0,993833306695482;73,4078480793895;53,6463033426753;53,6996634773601;8,00518577137917
"americanhistory";"r2";0,991639334907413;75,0741646548812;55,6967953256729;55,7491181096971;6,95783067573179
"americanhistory";"r2";0,990400516207132;72,7465280546313;56,1653498680651;56,2101223751265;7,3149726452172
"americanhistory";"r2";0,992444086146658;69,9047943447061;53,1333807126721;53,1786668935949;8,40893418577952
"americanhistory";"r2";0,990846782145555;73,8437952374979;55,5837693288378;55,6330750615027;7,07515389443398
"americanhistory";"r2";0,991668314488838;73,0639842617879;55,7131469692389;55,7599977102695;7,51835413215151
