"matrix_id";"baseline";"ceof_cor";"stat_nodf_columns";"stat_nodf_rows";"stat_nodf_general";"stat_temp"
"Nilotic";"swap";0,995125732420818;32,4992452998156;64,5682993208262;33,0474094682131;22,5075487206319
"Nilotic";"swap";0,995125732420818;32,4992452998156;64,5682993208262;33,0474094682131;22,5090603862152
"Nilotic";"swap";0,995123148523315;32,4974050348175;64,5676209868145;33,0455890643849;22,4825190951571
"Nilotic";"swap";0,995142065924297;32,5178761572623;64,5762326886886;33,065857470859;22,4556805498579
"Nilotic";"swap";0,995160232420864;32,5170327024714;64,5777024123805;33,0650535557927;22,3368756550663
"Nilotic";"swap";0,99516228311897;32,5331350212053;64,5780698433035;33,0808869142483;22,3596052324444
"Nilotic";"swap";0,995157087113494;32,5538872952471;64,5734804933354;33,101206017725;22,4367107809233
"Nilotic";"swap";0,995146863254049;32,5696914359105;64,5513120247449;33,1163610833094;22,3899786710619
"Nilotic";"swap";0,995142320496891;32,5778868223953;64,5489581055796;33,1243761479377;22,4943824007431
"Nilotic";"swap";0,995151083916096;32,616609065065;64,5529111113247;33,1625040715534;22,5108735543612
"Nilotic";"swap";0,995191986902435;32,6167883116557;64,5574870146108;33,1627584712703;22,5232702675305
"Nilotic";"swap";0,995227657816093;32,6314430482004;64,5510891841389;33,177053351148;22,6016647266602
"Nilotic";"swap";0,99530319202282;32,6502290867233;64,5622009109237;33,1957082107871;22,574080818166
"Nilotic";"swap";0,995203238426465;32,6415431711554;64,5211024066274;33,1864682589283;22,7650429774838
"Nilotic";"swap";0,995311171816366;32,643862259536;64,5547808808847;33,1893233809464;22,7601801668287
"Nilotic";"swap";0,995424532221084;32,8468555381872;64,591436585766;33,3894734108463;22,7132213029209
"Nilotic";"swap";0,995424532221084;32,8574370619266;64,591436585766;33,3998740620175;22,7519593325456
"Nilotic";"swap";0,995433397232551;32,9011433556329;64,5944042970671;33,4428840011905;22,7738486438741
"Nilotic";"swap";0,995377028763305;32,9016650110501;64,6197780624305;33,4438304597894;22,6677181850456
"Nilotic";"swap";0,995390054249941;32,9308377003733;64,6106105346983;33,4723477904237;22,8417697046568
"Nilotic";"swap";0,995396667750865;32,9783778794924;64,6106105346983;33,5190753536567;22,9236011398429
"Nilotic";"swap";0,995452752409009;32,976513397655;64,5884562225227;33,5168640527966;23,0742645283789
"Nilotic";"swap";0,995466612352797;32,9768420164047;64,5887665487968;33,5171923588685;23,0728833839431
"Nilotic";"swap";0,995514639579851;33,013410427444;64,6289615021302;33,5538227592805;23,0182667581495
"Nilotic";"swap";0,99558730627713;33,1273935004582;64,6787632123618;33,666708764594;22,9831434900439
"Nilotic";"swap";0,995581340358953;33,1230794665389;64,678373072942;33,6624618027612;23,0369034310959
"Nilotic";"swap";0,995587455012546;33,1232952861267;64,6778625816545;33,6626652073399;23,0599413411882
"Nilotic";"swap";0,99560467628298;33,1202281777964;64,681649946553;33,6597152641937;23,0503074003241
"Nilotic";"swap";0,995605772668421;33,1213899612548;64,6826789603862;33,6608747781885;23,0330820706706
"Nilotic";"swap";0,995605772668421;33,1213899612548;64,6826789603862;33,6608747781885;23,0334516486102
"Nilotic";"swap";0,995602612950489;33,2336178779497;64,7513790616424;33,772358663309;23,0220698959497
"Nilotic";"swap";0,995571653773361;33,2341422181606;64,7501079492602;33,7728523134104;23,0018349396668
"Nilotic";"swap";0,995654339074205;33,2525448681422;64,7627665371876;33,7911567787372;23,0244374686163
"Nilotic";"swap";0,995641768800465;33,224404149212;64,761361588552;33,7634730608548;23,0925931634987
"Nilotic";"swap";0,99565301296687;33,2776367353393;64,7670421611418;33,8158928288074;23,0909900230347
"Nilotic";"swap";0,995695298347182;33,2788357105127;64,7526340550099;33,8168250283304;23,0623848411014
"Nilotic";"swap";0,995732225948833;33,3302467095452;64,7571079672308;33,8674337202807;22,9571933291636
"Nilotic";"swap";0,995739232010745;33,3302467095452;64,7571079672308;33,8674337202807;22,9604062512053
"Nilotic";"swap";0,995819320473221;33,3670848713833;64,7746871840502;33,9039426842706;22,958142225408
"Nilotic";"swap";0,995898854270614;33,3522108870747;64,7654027920793;33,8891642442281;22,9573515158518
"Nilotic";"swap";0,995869037868196;33,3469145397729;64,7720549020219;33,8840721348226;22,9649133220252
"Nilotic";"swap";0,995895587729368;33,3474074678974;64,7675543919792;33,8844797088896;22,9648499905419
"Nilotic";"swap";0,996011932837345;33,4723613770112;64,8118881555272;34,008055558176;22,9326074169565
"Nilotic";"swap";0,99601390585215;33,4718483666298;64,8116584114851;34,0075473897353;22,9311636622942
"Nilotic";"swap";0,995991891220001;33,4821688210292;64,8052990301257;34,0175827316305;22,9817067347049
"Nilotic";"swap";0,995869374073802;33,6171235818182;64,849056897445;34,1509786416584;22,9270132985103
"Nilotic";"swap";0,995878039024753;33,6181135106927;64,8588272873323;34,1521186570963;22,8821222485109
"Nilotic";"swap";0,995852020606407;33,6235585457237;64,8786683953392;34,1578097677168;22,930322668586
"Nilotic";"swap";0,995911662545053;33,6174754475354;64,8606420498283;34,1515225206866;22,9486094656199
"Nilotic";"swap";0,995941548034281;33,6932531055499;64,8900814513918;34,2265081075725;22,9764650465421
"Nilotic";"swap";0,995935779881119;33,6934076140146;64,8857542031736;34,2265860082763;22,9821997396016
"Nilotic";"swap";0,995950753550936;33,702050287131;64,8881837464194;34,2351224788471;22,9767888456978
"Nilotic";"swap";0,995973191949859;33,7026271956026;64,8975805302029;34,2358501476004;22,8652580200494
"Nilotic";"swap";0,99589619265126;33,6957389814776;64,8849514571002;34,2288638035715;23,002216088219
"Nilotic";"swap";0,995871173994934;33,6328632607071;64,8891506676486;34,167134610975;22,9438139468726
"Nilotic";"swap";0,995859688242629;33,6788698856611;64,8891506676486;34,2123548334585;22,8959012472832
"Nilotic";"swap";0,995943961198284;33,6769803278505;64,9094842456804;34,2108451411335;22,8894169291543
"Nilotic";"swap";0,995991433552873;33,834078788749;64,9721248042889;34,366329010051;22,7811163290665
"Nilotic";"swap";0,995982366916157;33,9271956499579;64,9770365936384;34,457938160436;22,7399978211508
"Nilotic";"swap";0,995995952891811;33,9293001887758;65,0019281035212;34,4604322025125;22,8249031199024
"Nilotic";"swap";0,996006762457083;33,937395163976;64,993145508619;34,4682386852872;22,7371817213687
"Nilotic";"swap";0,99601476306763;33,934574519708;64,9973579859041;34,4655382598826;22,7514768049158
"Nilotic";"swap";0,99603668103608;33,9335433539041;64,9908889252408;34,4644141428145;22,7592268932701
"Nilotic";"swap";0,99602181529534;33,9264999587028;64,9795847579795;34,4572979171964;22,8794481136226
"Nilotic";"swap";0,99599209401273;33,8891579147818;64,9703918916437;34,420437034039;22,8827954354507
"Nilotic";"swap";0,9959349042996;33,8888013942765;64,9834121135366;34,4203091654568;22,886664991401
"Nilotic";"swap";0,995935369692502;33,8812992081679;64,9255451396334;34,4119460817364;22,9027485738436
"Nilotic";"swap";0,995981032739769;34,0168161035533;64,9565132720126;34,5456758995955;23,0024154694876
"Nilotic";"swap";0,995988614455803;34,0467204097733;64,963336920602;34,5751856825007;22,9336956541373
"Nilotic";"swap";0,995984576066328;34,0724585605115;64,9652217790146;34,6005161030906;22,9234064037899
"Nilotic";"swap";0,996027188986218;33,9762280366494;64,9633830648456;34,5058990414725;22,7885876162324
"Nilotic";"swap";0,99600624518914;33,9531475267782;64,9629479492789;34,4832056148539;22,7744059502349
"Nilotic";"swap";0,995986166536839;34,0361672211827;65,0423603666445;34,5661636491914;22,6224489502382
"Nilotic";"swap";0,9959434061866;33,9695890624993;65,0160113658685;34,500273137324;22,8179244416943
"Nilotic";"swap";0,995930679552452;33,9198359800037;65,0118121553201;34,4512987182812;22,7958912246349
"Nilotic";"swap";0,996036760074076;33,9228146053862;64,9737832507437;34,4535763919442;22,9691539362426
"Nilotic";"swap";0,996057954007245;34,0087447571058;64,9954007576526;34,5384072319275;22,8949543307717
"Nilotic";"swap";0,996064354156313;34,0081696742939;64,9954007576526;34,5378419791464;22,8880865352382
"Nilotic";"swap";0,996085705567856;34,0087830959599;64,996681559372;34,5384668085026;22,8888240235633
"Nilotic";"swap";0,996127674431124;34,0051066641228;64,9933506266675;34,5347962823665;22,9542404549743
"Nilotic";"swap";0,996140929482678;34,0042160106586;64,9916020689721;34,5338909645359;22,9541867059807
"Nilotic";"swap";0,996148282929107;34,0617242918511;64,996326180839;34,5904969930376;22,8913272507386
"Nilotic";"swap";0,996084623917432;34,0620310026842;64,9867617279502;34,5906349736596;22,9179376271308
"Nilotic";"swap";0,99605356603763;34,0392504206931;64,9752718712134;34,5680473867913;22,9532900997221
"Nilotic";"swap";0,996023812891536;34,1057130795512;64,9860625553307;34,6335584309958;22,9047420759711
"Nilotic";"swap";0,996002682478562;34,1129187924986;64,9812009083763;34,6405578736147;22,9487941841703
"Nilotic";"swap";0,995991775589373;34,0855683033566;64,9465514490696;34,613082621394;23,0066238330013
"Nilotic";"swap";0,996057915503338;34,0886351627332;64,9046141413419;34,6153802135569;22,8918409455719
"Nilotic";"swap";0,996068165727066;34,0886604789248;64,883676086595;34,6150471977319;22,9351629972479
"Nilotic";"swap";0,996074393015916;34,142442588628;64,8838860471224;34,6679135856123;22,9590681189129
"Nilotic";"swap";0,996087112317984;34,0823392033696;64,8783220931457;34,6087424561658;22,9748934789792
"Nilotic";"swap";0,996087112317984;34,0823392033696;64,8783220931457;34,6087424561658;22,9724525699205
"Nilotic";"swap";0,996106450680139;34,0961011874296;64,890959328394;34,6224852146198;22,9663163562465
"Nilotic";"swap";0,996106450680139;34,0961011874296;64,890959328394;34,6224852146198;22,970710498509
"Nilotic";"swap";0,99612636534464;34,0920701307669;64,8904230778578;34,6185138955313;22,9803464895959
"Nilotic";"swap";0,9961656473762;34,1117763017889;64,9033397841324;34,6381040125751;22,8918245518361
"Nilotic";"swap";0,996194367538639;34,0849350057398;64,9077064836511;34,6117961624121;22,8446869675982
"Nilotic";"swap";0,996178747670228;34,0870053038628;64,9064212393103;34,6138091034286;22,8628669402425
"Nilotic";"swap";0,996175606839331;34,1514145787983;64,9106204498587;34,6771891930364;22,9330769915078
"Nilotic";"swap";0,996176741999109;34,1498776541845;64,9093976635482;34,6756576380653;22,9313368807752
"Nilotic";"swap";0,996178194240275;34,1663567997725;64,948901334659;34,6925303474883;22,8951894387577
"Nilotic";"swap";0,996165095951674;34,1640989055381;64,9379280597969;34,6901234791254;22,9053390957918
"Nilotic";"swap";0,996181790215582;34,1911460542958;64,9481384598512;34,7168828332277;22,8978705971191
"Nilotic";"swap";0,996219880538215;34,2839594729857;65,0116240689619;34,8091949445095;22,6306943455315
"Nilotic";"swap";0,99621296370163;34,2864827859258;65,0361296490231;34,8120940057074;22,7350204193614
"Nilotic";"swap";0,996173299945578;34,2415332179499;65,0227865797356;34,7676846953287;22,7487045529783
"Nilotic";"swap";0,99607861389824;34,2415652860598;65,0156882988278;34,7675948826423;22,7132808304507
"Nilotic";"swap";0,996091062580771;34,2541860717069;65,0304557819133;34,7802523623128;22,6264634625504
"Nilotic";"swap";0,996083847706895;34,2656877279454;65,0351798937802;34,7916381683309;22,5662748596851
"Nilotic";"swap";0,996082321398039;34,2801088483861;65,0310356728938;34,8057419468605;22,6641068353738
"Nilotic";"swap";0,996133821285853;34,2655820739909;65,027931256524;34,7914104176192;22,8572700377038
"Nilotic";"swap";0,996118487265746;34,2725621080607;65,0224797814013;34,7981779568679;22,8797493875775
"Nilotic";"swap";0,996318330450572;34,2714749641203;65,0272866928843;34,7971915614556;22,9240244203734
"Nilotic";"swap";0,996316932666468;34,2724796753287;65,0215476301277;34,7980809996894;22,9375856175784
"Nilotic";"swap";0,996387139911589;34,3290897319387;65,0276437107852;34,8538276085781;22,8584913878079
"Nilotic";"swap";0,996407709798556;34,342447171283;65,0401929340965;34,8671712328885;22,8454505392991
"Nilotic";"swap";0,996479183540942;34,3433248303457;65,0459611514279;34,8681324874574;22,8661985337728
"Nilotic";"swap";0,996555370269313;34,3427563418237;65,0383198752218;34,8674431020491;22,8830972508911
"Nilotic";"swap";0,996530893796519;34,3357677164141;65,0351138290224;34,8605191331892;22,8762310813482
"Nilotic";"swap";0,996528986468857;34,3449690414049;65,0351138290224;34,8695631776859;22,8343676782455
"Nilotic";"swap";0,996636593774329;34,3418677495628;65,0245483290722;34,8663342983127;22,8365264735073
"Nilotic";"swap";0,996638099039215;34,3247576666632;65,0261484314788;34,8495440331777;22,8200781282646
"Nilotic";"swap";0,996603485282818;34,3150707161868;65,002047256884;34,8396106968499;22,9648753941797
"Nilotic";"swap";0,996594724802434;34,2985083312034;65,0016273358291;34,8233242389427;22,9614772837239
"Nilotic";"swap";0,996601215650396;34,3015498802975;64,9983571510287;34,8262579000288;22,9579287788787
"Nilotic";"swap";0,996605330534188;34,3026233682131;65,0047621766395;34,8274225212196;22,9615139650127
"Nilotic";"swap";0,996631776941847;34,3758007250443;65,0424500070401;34,8999932469126;22,8825480969684
"Nilotic";"swap";0,996626804673568;34,3757193578701;65,0274421499855;34,8996567376032;22,8033175317713
"Nilotic";"swap";0,996604342503149;34,2697653703371;64,9966654241435;34,7949877733551;23,4727494518502
"Nilotic";"swap";0,996562363851982;34,2689489174366;64,9898332472696;34,7940684922162;23,4654577702155
"Nilotic";"swap";0,996552191157158;34,2694856613944;64,9880013044408;34,7945647476326;23,4780561132047
"Nilotic";"swap";0,99652718995373;34,2694856613944;64,9867865328179;34,7945439832447;23,473574733794
"Nilotic";"swap";0,996570981048359;34,2701755118151;64,9941869735188;34,7953485394231;23,4748338956063
"Nilotic";"swap";0,996554210589657;34,2701755118151;64,9984211774885;34,7954209157051;23,4707455799076
"Nilotic";"swap";0,996546115212204;34,2740093972279;64,9984211774885;34,7991892675788;23,449655227954
"Nilotic";"swap";0,996546115212204;34,2740093972279;64,9984211774885;34,7991892675788;23,4487878322089
"Nilotic";"swap";0,996429001178763;34,2744266141699;64,9916983167556;34,7994844374302;23,4358710954518
"Nilotic";"swap";0,996424335830647;34,2912190322781;64,9916983167556;34,8159898186366;23,4271284217152
"Nilotic";"swap";0,996419268755237;34,3063782769556;64,9874991062072;34,8308181645136;22,9439004280524
"Nilotic";"swap";0,996418488965584;34,3081820287594;64,9785014912154;34,8324372859181;23,3883145487757
"Nilotic";"swap";0,996418488965584;34,3081820287594;64,9785014912154;34,8324372859181;22,8777637883203
"Nilotic";"swap";0,99641563305316;34,3139107087436;64,9711528727557;34,8379424324479;22,8976594507748
"Nilotic";"swap";0,996443694417369;34,3139107087436;64,972715736832;34,837969146865;23,0025776170446
"Nilotic";"swap";0,996455480930707;34,3054761608354;64,9707433210665;34,8296450577589;23,5888458338658
"Nilotic";"swap";0,996512418110536;34,3250399303992;64,9753736739644;34,8489535667864;23,112531059712
"Nilotic";"swap";0,996560985359096;34,2776052774346;64,9215464463692;34,8014096439832;23,7604088878007
"Nilotic";"swap";0,996593093329872;34,2758791161689;64,9378001181831;34,7999908163933;23,8821274918665
"Nilotic";"swap";0,996592270821108;34,2717872171995;64,9404669555274;34,7960144461534;23,8133221480931
"Nilotic";"swap";0,996606544988893;34,3039918546672;64,9459784193722;34,8277628106887;23,5365732329646
"Nilotic";"swap";0,996728614289642;34,3039918546672;64,9461940367309;34,8277664962889;23,5493596133091
"Nilotic";"swap";0,996734371604301;34,3083624840379;64,9410641357676;34,8319747307754;23,5390770838604
"Nilotic";"swap";0,996741388265797;34,3572445230515;64,9560599672957;34,8802775445729;23,4832094561241
"Nilotic";"swap";0,996771734510983;34,4072383888348;64,9696179091566;34,9296486022147;23,3026718924787
"Nilotic";"swap";0,996752414937471;34,4086185875835;64,9684632980729;34,9309854728401;23,305300374708
"Nilotic";"swap";0,996791257985399;34,4083479603779;64,9694531119878;34,9307363906622;23,3049422862161
"Nilotic";"swap";0,996806640306354;34,4160814549534;64,972312148957;34,9383865649441;23,157390629175
"Nilotic";"swap";0,9968382715154;34,416751804009;64,9683045964997;34,9389769534872;23,1784458687477
"Nilotic";"swap";0,996870861713535;34,4192200959509;64,9900120487627;34,9417741050928;23,1504423121467
"Nilotic";"swap";0,99686773259899;34,4629263896572;64,9942112593111;34,984805094583;23,1604497487293
"Nilotic";"swap";0,996863661011669;34,4845303339585;64,9917617198245;35,0059978868145;23,2132843994651
"Nilotic";"swap";0,996806076157439;34,4487048770575;64,9861830418953;34,9706894454896;23,2011238439527
"Nilotic";"swap";0,996803211625751;34,3978675564833;64,9831404856613;34,920669092489;23,2036951921392
"Nilotic";"swap";0,996818507685201;34,4526921178868;64,9881795383194;34,9746426580389;23,2577788189658
"Nilotic";"swap";0,996775116191055;34,4573407307978;65,0357405957659;34,9800247838392;23,2243656202223
"Nilotic";"swap";0,996756072197567;34,4576474416308;65,0465796695988;34,9805115269239;23,2163028366937
"Nilotic";"swap";0,996771611867498;34,4634863482564;65,0673254048913;34,9866052396107;23,2272467874542
"Nilotic";"swap";0,996731614727121;34,3989675337376;65,0597607281885;34,923059956072;23,4028182440824
"Nilotic";"swap";0,996812042142163;34,4302629926647;65,0873178855782;34,9542915152984;23,3989477983178
"Nilotic";"swap";0,996810907744699;34,4181958114798;65,0761904327895;34,9422403971204;23,4028998976333
"Nilotic";"swap";0,996825988700192;34,4146529394557;65,0723161611526;34,9386918604018;23,4222614973127
"Nilotic";"swap";0,996813315066379;34,4307552581896;65,0723161611526;34,954518938271;23,3844279679775
"Nilotic";"swap";0,996802629446086;34,4676190261681;65,0778801151293;34,9908476908886;23,4448298519257
"Nilotic";"swap";0,996840232904948;34,4078882115396;65,0051205475232;34,9308941726051;23,5104476825504
"Nilotic";"swap";0,996875349157033;34,4397861381744;65,0150956458889;34,962417366985;23,3509746739656
"Nilotic";"swap";0,996841917325466;34,4486807523322;65,0092287326743;34,9710596587521;23,3858617180769
"Nilotic";"swap";0,996845241107405;34,4544537692388;65,0124867408584;34,9767896860007;23,290551208101
"Nilotic";"swap";0,99683405528331;34,4454441385187;65,0101696764665;34,9678944529504;23,2907114425038
"Nilotic";"swap";0,996842287453409;34,466793403289;64,9993921985838;34,9886945674665;23,2858966117489
"Nilotic";"swap";0,996825542344981;34,5094751797169;65,0181905590789;35,0309680988359;23,2160949990414
"Nilotic";"swap";0,996829510268364;34,5093005889952;65,0244562232393;35,030903592963;23,2195591220528
"Nilotic";"swap";0,99685238094004;34,5120685700021;65,0414079753107;35,0339140206309;23,2625540221338
"Nilotic";"swap";0,99687889437195;34,5252461818639;65,0522108445528;35,0470510404375;23,2642731355204
"Nilotic";"swap";0,99687889437195;34,5252461818639;65,0522108445528;35,0470510404375;23,2568579310926
"Nilotic";"swap";0,996870391535364;34,5229980478873;65,0576098295436;35,044933620532;23,2667363038382
"Nilotic";"swap";0,996886032034679;34,4577698571753;65,0162124918497;34,9801127764078;23,37214993269
"Nilotic";"swap";0,996907612745602;34,4577698571753;65,0105837628168;34,9800165631685;23,3805883011152
"Nilotic";"swap";0,996929860578976;34,5300169701613;65,0442141274052;35,0516035906478;23,2273479096937
"Nilotic";"swap";0,996918182097178;34,5337539296399;65,05688878512;35,055493324384;23,209395253236
"Nilotic";"swap";0,996951437353927;34,5791907827921;65,0680132121617;35,1003436668611;23,1892474056249
"Nilotic";"swap";0,996949082894808;34,5845246500573;65,0728768425489;35,1056694962526;23,1609705821107
"Nilotic";"swap";0,996948197133477;34,587569850471;65,0737693873011;35,1086779007975;23,1449064974191
"Nilotic";"swap";0,996937167857452;34,589678487448;65,0572349957667;35,1104678679375;23,1514862460559
"Nilotic";"swap";0,997051351342411;34,6202728930424;65,0724133922282;35,1407987639248;23,1442888815575
"Nilotic";"swap";0,997082655140893;34,6286362402216;65,0771799961067;35,1491006310927;23,1374673340183
"Nilotic";"swap";0,997071395302269;34,6062465153797;65,0721566892609;35,1270077546728;23,1326764323216
"Nilotic";"swap";0,997081492726799;34,6065290121996;65,0765550003094;35,1273606041099;23,1864847678325
"Nilotic";"swap";0,997081492726799;34,6065290121996;65,0765550003094;35,1273606041099;23,1691584013173
"Nilotic";"swap";0,997083667486762;34,5988352525708;65,075610177936;35,1197822057131;23,1635787813103
"Nilotic";"swap";0,997117211241492;34,6333402212863;65,0841440574377;35,1538432442611;23,0658328500838
"Nilotic";"swap";0,997090109757022;34,6225341414013;65,0783710020192;35,1431231950919;23,0961936369026
"Nilotic";"swap";0,997089365714745;34,6227072384014;65,0957054447569;35,1435896351637;23,027818539381
"Nilotic";"swap";0,997089365714745;34,6227072384014;65,0957054447569;35,1435896351637;23,0357307275385
"Nilotic";"swap";0,997069284055244;34,6241586378791;65,1039726405241;35,1451575387112;23,0636444283093
"Nilotic";"swap";0,997062575079924;34,6243503321498;65,0888636275702;35,1450876942583;23,0989183256235
"Nilotic";"swap";0,997053787440272;34,5877750653113;65,0844120606187;35,1090615256634;23,0759492217378
"Nilotic";"swap";0,997102178766986;34,5891111673559;65,0797102317965;35,1102944198819;23,08098010699
"Nilotic";"swap";0,997157765353055;34,6068773725328;65,0908413579836;35,127947210034;23,0389993430306
"Nilotic";"swap";0,997160866641561;34,602566989933;65,090116494258;35,1236981155835;23,0293787637103
"Nilotic";"swap";0,997164680079408;34,5937740888043;65,1048137311775;35,1153067371184;23,000244128156
"Nilotic";"swap";0,99717098218317;34,5956143538025;65,1136933118163;35,1172673268571;22,9909824359457
"Nilotic";"swap";0,997091620190031;34,5926890487659;65,0767316098719;35,1137602293799;23,0191851980023
"Nilotic";"swap";0,99710418786771;34,5926890487659;65,0863827405881;35,1139251985131;23,0238857280636
"Nilotic";"swap";0,997145258135954;34,5931491150154;65,09288338017;35,1144885177571;23,0249144797687
"Nilotic";"swap";0,997115949983574;34,5745931096173;65,082611533688;35,0960741155095;23,0665676033272
"Nilotic";"swap";0,997115949983574;34,5745931096173;65,082611533688;35,0960741155095;23,044780329286
"Nilotic";"swap";0,997195691196315;34,5711156167646;65,0458614230124;35,0920278856785;23,1515487014331
"Nilotic";"swap";0,997196236078829;34,5247329059082;65,0463304837652;35,0464460235907;23,1287149181413
"Nilotic";"swap";0,997200266603605;34,5450524985962;65,0489411771653;35,0664629137404;23,134443351344
"Nilotic";"swap";0,997185741549064;34,53125051111;65,0442354977158;35,0528164116679;23,1386700703528
"Nilotic";"swap";0,99721381616818;34,523547937848;65,0268294030638;35,0449479737462;23,2064551010541
"Nilotic";"swap";0,997289320809836;34,581086974385;65,0748424886727;35,1023241808787;22,8899634365489
"Nilotic";"swap";0,997314097180331;34,6070040397758;65,0830013394242;35,1279377007719;22,8711982327506
"Nilotic";"swap";0,997330077541033;34,6067874588805;65,0889727974352;35,1278268935361;22,9828088174584
"Nilotic";"swap";0,99730327215149;34,6067670619583;65,0908024534599;35,1278381200205;22,8666251452708
"Nilotic";"swap";0,997314215052435;34,5625392163728;65,0820195397917;35,0842161433083;22,8741896007877
"Nilotic";"swap";0,997327580681169;34,5625392163728;65,0832193142342;35,0842366513457;22,8714651660154
"Nilotic";"swap";0,997313001095478;34,5571717767948;65,081999756277;35,0789401125208;22,7555339191418
"Nilotic";"swap";0,997313517137982;34,548277162637;65,0749453215792;35,0700769529997;22,8792229316333
"Nilotic";"swap";0,997274753266115;34,5488398554974;65,0770630107717;35,070666225792;22,8876243644136
"Nilotic";"swap";0,997274753266115;34,5499160819026;65,0770630107717;35,0717240559965;23,0168515931078
"Nilotic";"swap";0,997254784757044;34,5318639585873;65,0657752135228;35,0537875569579;22,8232612038936
"Nilotic";"swap";0,997228080862874;34,5298907013003;65,0662651214201;35,0518564031546;22,8560959039492
"Nilotic";"swap";0,997261725059428;34,5236482640739;65,0590555552566;35,0455974345571;22,8982100486769
"Nilotic";"swap";0,997305939194137;34,5883912458236;65,0662894180411;35,1093573988985;22,8702922291568
"Nilotic";"swap";0,997305939194137;34,5900109991395;65,0662894180411;35,1109494653756;22,8951945088124
"Nilotic";"swap";0,997242559954507;34,6045030860001;65,0602489290223;35,1250905839047;22,8813758508245
"Nilotic";"swap";0,997184259789112;34,6045030860001;65,0567705953101;35,1250311278975;22,8827656245494
"Nilotic";"swap";0,997212685923037;34,6206396454288;65,0631634470977;35,1410011357531;22,8733498310355
"Nilotic";"swap";0,997206488529492;34,6196187000901;65,034297819459;35,139504234463;23,1654301520206
"Nilotic";"swap";0,997206488529492;34,6196187000901;65,034297819459;35,139504234463;23,1502984488847
"Nilotic";"swap";0,997206488529492;34,6170116580094;65,034297819459;35,1369417551889;23,3348524455304
"Nilotic";"swap";0,997171191111833;34,5877463326914;65,0274810089142;35,1080601478136;23,3804111383883
"Nilotic";"swap";0,997157827964429;34,6014897841649;65,0258921184364;35,1215415198235;23,3853825126314
"Nilotic";"swap";0,997181144728995;34,6052469918695;65,02989518165;35,1253029299963;23,3619574403762
"Nilotic";"swap";0,99721680266424;34,5978591789402;65,0358684617227;35,1181435014911;23,3019253275946
"Nilotic";"swap";0,997167142679042;34,5971607491955;65,000597628872;35,1168541172211;23,3082433652802
"Nilotic";"swap";0,99716486383165;34,6013908027676;65,0037942499193;35,1210665060788;23,3031878828259
"Nilotic";"swap";0,997139400975707;34,6013908027676;64,9969496660404;35,1209495099358;23,2997429273048
"Nilotic";"swap";0,997133165362201;34,590997015575;64,9878062237172;35,1105770951932;23,3521995891765
"Nilotic";"swap";0,997102075185984;34,5912360110293;64,9960634809602;35,1109531487535;23,3076202558638
"Nilotic";"swap";0,997099953537744;34,5909073922796;64,9937104750494;35,11058992666;23,3109474606727
"Nilotic";"swap";0,997077822407444;34,5501915291953;64,9862743730366;35,0704429226552;23,3732090898149
"Nilotic";"swap";0,99706145155059;34,5504180596969;64,9862743730366;35,0706655810157;23,3762197959959
"Nilotic";"swap";0,997059267540773;34,5136127597337;64,986452881987;35,0344924543259;23,3539515863631
"Nilotic";"swap";0,99705610982654;34,5107190890769;64,9778362067037;35,031500958954;23,3368722596468
"Nilotic";"swap";0,997065756609141;34,5113299587759;64,9750038415243;35,0320529725988;23,3502758868662
"Nilotic";"swap";0,99713828357881;34,5775069383109;65,0302160008461;35,0980425277854;23,2113797300932
"Nilotic";"swap";0,99712565017744;34,5785717274949;65,0196812301554;35,098909042861;23,2274814655956
"Nilotic";"swap";0,997089539294963;34,5705371855879;64,9754355104693;35,0902555344531;23,285481964953
"Nilotic";"swap";0,997079957535813;34,5710900470946;64,9982642619577;35,0911891631847;23,280551984741
"Nilotic";"swap";0,997058232279795;34,5716379880552;65,0083991020734;35,0919009753528;23,2670567658723
"Nilotic";"swap";0,997059051125256;34,5716379880552;65,0070152297218;35,0918773204848;23,2682962937223
"Nilotic";"swap";0,997032143571551;34,5684068512208;64,9714770791762;35,088093951979;23,2994471984545
"Nilotic";"swap";0,997013148465736;34,6181268680461;64,9811101010273;35,137128752014;23,236088347872
"Nilotic";"swap";0,997072302411181;34,6227275305415;64,9916519653106;35,1418309689218;23,2412986354257
"Nilotic";"swap";0,996992955555571;34,623289005636;64,9951893875351;35,1424433126071;23,2193542927663
"Nilotic";"swap";0,997001671248517;34,6156212348104;64,9957142888537;35,1349155811262;23,2425636258184
"Nilotic";"swap";0,997001068622616;34,6320996394467;64,9966993164345;35,1511291536866;23,2312141818341
"Nilotic";"swap";0,997010170406394;34,5906936769881;64,9940511656382;35,1103856879635;23,2442624274761
"Nilotic";"swap";0,996998440102335;34,594121150721;64,9953884142354;35,1137774329679;23,3024996578143
"Nilotic";"swap";0,99702211040153;34,5933817585342;64,9962632497663;35,1130656331695;23,2325321995261
"Nilotic";"swap";0,997021155931603;34,6348643987011;64,9998925674546;35,1539012372553;23,1830770392124
"Nilotic";"swap";0,997011081414275;34,6389984909881;65,0348508927182;35,1585622156808;23,0663767647754
"Nilotic";"swap";0,997006906179584;34,6136948472634;65,0336698647515;35,1336709057155;23,071831527735
"Nilotic";"swap";0,997006906179584;34,6136948472634;65,0336698647515;35,1336709057155;23,0037764395764
"Nilotic";"swap";0,997048619612192;34,6789350782425;65,0785324194709;35,1985628161002;22,8942460261245
"Nilotic";"swap";0,99702960600394;34,6654311028577;65,074413557974;35,185219262758;22,9089893973064
"Nilotic";"swap";0,997091858203287;34,7060702882337;65,0870721459014;35,2253801689518;22,7665036938291
"Nilotic";"swap";0,997079933512775;34,6969747571585;65,0461132855367;35,2157399902112;22,8167407161376
"Nilotic";"swap";0,997083548773408;34,6661478435477;65,045273443427;35,1854256529333;22,9199972462697
"Nilotic";"swap";0,997084321791717;34,6665893127243;65,0747750092016;35,1863638534346;22,8762293877965
"Nilotic";"swap";0,997107330106826;34,6668193458491;65,0808585894339;35,186693942669;22,8332030499292
"Nilotic";"swap";0,997103752622918;34,6346147083813;65,0808585894339;35,1550397869305;22,9161421417651
"Nilotic";"swap";0,997164605285455;34,6365873337092;65,1147116821978;35,1575573528703;22,900491591954
"Nilotic";"swap";0,997164605285455;34,6365873337092;65,1147116821978;35,1575573528703;22,9000850643789
"Nilotic";"swap";0,997172334903662;34,6322477405538;65,1142217743005;35,1532835633247;22,903592881757
"Nilotic";"swap";0,997198650368407;34,6313528864201;65,126194234337;35,152608653333;22,8698653822639
"Nilotic";"swap";0,99720433575747;34,6539947182724;65,1267191356556;35,174872435093;22,8602906884822
"Nilotic";"swap";0,997144115583264;34,6283320515419;65,0875692138578;35,1489792274195;22,9409574392998
"Nilotic";"swap";0,997172315153519;34,6283870653119;65,1126045103238;35,1494612352592;22,8877843311704
"Nilotic";"swap";0,99714125071645;34,6311474628091;65,1103374365337;35,1521356969625;22,8891590491933
"Nilotic";"swap";0,997150583278121;34,5968725272184;65,1110123096575;35,1184581669833;22,8755943795539
"Nilotic";"swap";0,997125501824946;34,5960279572056;65,1149467827425;35,1176952863207;22,8768791193691
"Nilotic";"swap";0,997125501824946;34,5964880234551;65,1149467827425;35,1181474885456;22,8725596125205
"Nilotic";"swap";0,997144876715643;34,5905569382864;65,1077598441979;35,1121949367686;22,8642798480864
"Nilotic";"swap";0,997237531962714;34,6246247764005;65,141071304394;35,1462498459303;22,7750888417893
"Nilotic";"swap";0,997274551584286;34,6493916761674;65,15496244286;35,1708308436545;22,6080342560598
"Nilotic";"swap";0,99714422291817;34,6491360838066;65,1372350153643;35,1702766009509;22,5731067700802
"Nilotic";"swap";0,997132193895372;34,6406466512051;65,1343055661008;35,1618822065017;22,5733170532724
"Nilotic";"swap";0,997132193895372;34,6406466512051;65,1343055661008;35,1618822065017;22,574341055742
"Nilotic";"swap";0,997115061653786;34,6358323865224;65,1331057916584;35,157129725183;22,5722643988657
"Nilotic";"swap";0,997105206127231;34,6426425897371;65,1461917038671;35,1640472006234;22,5498795725877
"Nilotic";"swap";0,997037478115523;34,6403604978138;65,1270631641897;35,1614771482565;22,5459001589441
"Nilotic";"swap";0,997026709500651;34,6459579705165;65,1251035326004;35,1669454455309;22,5602904996939
"Nilotic";"swap";0,997022669301017;34,7114764950689;65,2025808298976;35,2326683843049;22,3778269114823
"Nilotic";"swap";0,997013382678096;34,7106001784031;65,2058877082045;35,2318635720119;22,3954839685454
"Nilotic";"swap";0,997014326921322;34,7202871288795;65,2094850895548;35,2414464319968;22,3921278139276
"Nilotic";"swap";0,997010394189125;34,7095522497236;65,2050759184789;35,2308196797132;22,4888869532998
"Nilotic";"swap";0,997095448208689;34,7072512865168;65,2404762601589;35,2291631541136;22,4215635570925
"Nilotic";"swap";0,997095757557816;34,7068480965893;65,2320091464286;35,2286221255682;22,4204845512179
"Nilotic";"swap";0,997088749571009;34,7087896249051;65,2473766689028;35,2307931476794;22,4184405884656
"Nilotic";"swap";0,997101388907541;34,7091613956118;65,2606770933874;35,231385911021;22,4253912281573
"Nilotic";"swap";0,997110462636382;34,7059318035665;65,2559529815205;35,2281307727835;22,4239586007577
"Nilotic";"swap";0,997058265780146;34,6405653850302;65,2222475721074;35,1633055436046;22,747688253891
"Nilotic";"swap";0,9970555432642;34,6419455837788;65,2358142523408;35,164894048856;22,7473624434175
"Nilotic";"swap";0,997090950600957;34,6485398666889;65,2500303297182;35,1716186129593;22,5770476686576
"Nilotic";"swap";0,997076007176072;34,6463928908577;65,2471295592736;35,1694587523328;22,7571657721234
"Nilotic";"swap";0,997059885607796;34,6048335729826;65,249372406849;35,1286481555638;22,8469465126075
"Nilotic";"swap";0,997059885607796;34,6048335729826;65,249372406849;35,1286481555638;22,8576817334699
"Nilotic";"swap";0,997123193367415;34,5896631998401;65,2137612771739;35,1131283835803;23,0678244675325
"Nilotic";"swap";0,997168147642351;34,5545557634168;65,2173872201273;35,0786830262656;23,0925443591722
"Nilotic";"swap";0,997171715938865;34,5544676657602;65,2066268292499;35,0784125044958;23,1173706778239
"Nilotic";"swap";0,997152174322281;34,5547524686766;65,2041938407059;35,0786508515393;23,1133631119617
"Nilotic";"swap";0,997158032660769;34,5898708590581;65,2014381087834;35,1131218503033;23,0989742255965
"Nilotic";"swap";0,99718034212386;34,5895011629647;65,2030580775087;35,1127861640364;23,1043473849501
"Nilotic";"swap";0,997175634646052;34,5956279110173;65,2190148701613;35,1190809394408;23,062462138129
"Nilotic";"swap";0,997183530588078;34,6075129557971;65,2190148701613;35,130762830249;23,0712373692568
"Nilotic";"swap";0,997185058362209;34,6075648680344;65,2358159454301;35,1311010400184;23,0885591266522
"Nilotic";"swap";0,997185058362209;34,6066029113308;65,2358159454301;35,1301555262756;23,0726223032604
"Nilotic";"swap";0,997184363180611;34,6100643621607;65,2353071949214;35,1335491134849;23,0873049330127
"Nilotic";"swap";0,997249810771632;34,6573341239762;65,2486413783783;35,1802388061759;22,8846651254686
"Nilotic";"swap";0,997253651851454;34,6573341239762;65,2497585669955;35,1802579025537;22,8886170396631
"Nilotic";"swap";0,997234348412074;34,6573341239762;65,2494104745421;35,1802519525244;22,9029449857303
"Nilotic";"swap";0,99723749362301;34,6585121750315;65,2475436884011;35,1813779574343;22,8780035435267
"Nilotic";"swap";0,997256762583301;34,6629143066075;65,2468140383413;35,185692370214;22,8748892720877
"Nilotic";"swap";0,997258747578574;34,6623072747505;65,2469265171953;35,1850976371292;22,8764082199184
"Nilotic";"swap";0,997270162879226;34,627802306035;65,2469265171953;35,1511824702666;23,0699627316115
"Nilotic";"swap";0,99734042264882;34,6818600903559;65,2618074695762;35,2045705954362;22,877350125289
"Nilotic";"swap";0,997320656095525;34,677876500846;65,221033434162;35,1999581378539;22,8959882354568
"Nilotic";"swap";0,997314711560228;34,6757039657787;65,2198686531409;35,1978028285726;22,8901433639337
"Nilotic";"swap";0,997395493067553;34,6640544311029;65,2043331123007;35,1860868694448;22,8877324510354
"Nilotic";"swap";0,997374446406374;34,6435114440527;65,1847545917823;35,1655603682565;22,9558284536809
"Nilotic";"swap";0,997279154077994;34,6131635025206;65,1546817839317;35,1352171296515;22,973058129065
"Nilotic";"swap";0,997368223595476;34,6089550710794;65,1276327583605;35,1306182783595;22,9990996460328
"Nilotic";"swap";0,997353750513818;34,5295936430337;65,1177573882094;35,0524445924629;23,1797836202017
"Nilotic";"swap";0,997355331176505;34,504289999309;65,1177573882094;35,027573470097;23,0275639834766
"Nilotic";"swap";0,997362177894774;34,4832036295385;65,1213282454437;35,0069085723264;22,9853447336576
"Nilotic";"swap";0,997361363868426;34,4482487593388;65,1264157505312;34,9726381562218;22,9899588281426
"Nilotic";"swap";0,997382038028473;34,4292582469272;65,129070251485;34,9540176273072;22,9410607805577
"Nilotic";"swap";0,997372193058862;34,494684414327;65,1327520593052;35,018388383297;22,9557367256376
"Nilotic";"swap";0,997380993747163;34,495001512871;65,1327520593052;35,0187000615981;22,9455368059345
"Nilotic";"swap";0,997380993747163;34,495001512871;65,1327520593052;35,0187000615981;22,9368160631076
"Nilotic";"swap";0,997371239346327;34,4955053949538;65,1283428882293;35,0191199636641;22,9427404781709
"Nilotic";"swap";0,997365388719928;34,5108409366052;65,1299149186638;35,0342202422585;22,941327940893
"Nilotic";"swap";0,997365388719928;34,521948250344;65,1299149186638;35,0451376959724;22,9013292595123
"Nilotic";"swap";0,997362430843763;34,5190891728737;65,0967216672201;35,0417601090618;22,9370971395049
"Nilotic";"swap";0,997385536349758;34,51878080235;65,1082112639326;35,0416534040719;22,9324346461423
"Nilotic";"swap";0,997311921777808;34,5197009348491;65,1048216984682;35,0424998698517;22,9229509351994
"Nilotic";"swap";0,997310302316636;34,5197009348491;65,1048216984682;35,0424998698517;22,9256992704877
"Nilotic";"swap";0,997317803747372;34,5152536277702;65,1006224879198;35,0380568035474;22,940434764402
"Nilotic";"swap";0,997285842671058;34,5155898300295;65,1062973017002;35,0384842599965;22,9298940140501
"Nilotic";"swap";0,997284007307034;34,536709061675;65,1067872095975;35,0592508695757;22,7974824958582
"Nilotic";"swap";0,997294109178361;34,534025341886;65,106965718548;35,0566160745612;22,8092261657766
"Nilotic";"swap";0,997279381807626;34,5357604290581;65,1162756284193;35,0584806400267;22,7996524453277
"Nilotic";"swap";0,997274949773882;34,538643913988;65,1180267885629;35,0613447698526;22,7939336609031
"Nilotic";"swap";0,997290901243785;34,5428045924908;65,1356012525079;35,0657347334643;22,8360834671402
"Nilotic";"swap";0,997312807218587;34,550592856858;65,1459882420615;35,0735674184754;22,8370109915724
"Nilotic";"swap";0,997315464473359;34,5490136611999;65,1427986289428;35,0719606955585;22,832230145098
"Nilotic";"swap";0,997309470092647;34,5483491210617;65,1409926070603;35,0712766437942;22,9184059602394
"Nilotic";"swap";0,997303811208733;34,5498918035254;65,1507035733898;35,0729589487279;22,7387860744593
"Nilotic";"swap";0,997266905426716;34,4998979377421;65,1385690125819;35,0236122212859;22,5123354954507
"Nilotic";"swap";0,997221600147461;34,4946071758723;65,1315318740255;35,0182916081732;22,4931478651248
"Nilotic";"swap";0,997224882754921;34,4942148250015;65,1195508603271;35,0177011694599;22,5158979145406
"Nilotic";"swap";0,997229401149391;34,4939278703964;65,124267878933;35,0174997489904;22,5388527934465
"Nilotic";"swap";0,997229401149391;34,4939278703964;65,124267878933;35,0174997489904;22,5481593498825
"Nilotic";"swap";0,997324752705467;34,4531033076465;65,0236948483828;34,9756538910958;22,5804697694297
"Nilotic";"swap";0,997334136901497;34,4462023139033;65,0249667246547;34,9688925982148;22,5706863649813
"Nilotic";"swap";0,997401013761763;34,467595394507;65,0326687382146;34,9900516540675;22,5710639489015
"Nilotic";"swap";0,99740109846476;34,4670842097853;65,0391129113254;34,989659358975;22,5728875715848
"Nilotic";"swap";0,99740109846476;34,4670842097853;65,0391129113254;34,989659358975;22,5658798865058
"Nilotic";"swap";0,997385086490479;34,4528550179245;65,0296540974772;34,97551170835;22,6639580980428
"Nilotic";"swap";0,997388121172999;34,4527257243189;65,0102942170448;34,9750537016297;22,7011311536884
"Nilotic";"swap";0,997370210345264;34,4526467913839;65,0075730684282;34,9749296046571;22,6998274752753
"Nilotic";"swap";0,997359551350219;34,4527465260254;65,0047159337201;34,974978796809;22,7079065138449
"Nilotic";"swap";0,997383911129988;34,4700575463959;65,0307758884154;34,9924393648495;22,5780432551821
"Nilotic";"swap";0,997383911129988;34,4700575463959;65,0307758884154;34,9924393648495;22,5815155516561
"Nilotic";"swap";0,997391367051705;34,4848563440894;65,0319858737042;35,0070058856556;22,5778080433209
"Nilotic";"swap";0,997391367051705;34,4859053749474;65,0319858737042;35,0080369851731;22,5771862290113
"Nilotic";"swap";0,997393248671633;34,504308024929;65,0303324345507;35,0260968115274;22,608973200778
"Nilotic";"swap";0,997396336148221;34,5053045542656;65,0233612451343;35,0269571467025;22,6141500557982
"Nilotic";"swap";0,997420317860177;34,4493925316279;65,0028848772169;34,9716508343607;22,8263811115528
"Nilotic";"swap";0,997418029851532;34,4414947276774;64,9865604133509;34,9636089914554;22,818739365058
"Nilotic";"swap";0,997426148275121;34,4403946797964;64,9634931218038;34,9621334521162;22,8566136923953
"Nilotic";"swap";0,99742702592683;34,4630912814404;64,9637180795117;34,984445940465;22,8632430338741
"Nilotic";"swap";0,997423698587226;34,4608427344848;64,9303274367634;34,9816650740643;22,9930626169309
"Nilotic";"swap";0,997423698587226;34,4450471265839;64,9303274367634;34,9661394643449;22,7584551698208
"Nilotic";"swap";0,997390025851299;34,4767040661356;64,9240986077833;34,9971488132072;22,9169005762592
"Nilotic";"swap";0,997391650566742;34,4760086384784;64,8898895218501;34,9958805284085;22,9240708067352
"Nilotic";"swap";0,997388589935879;34,4766161494352;64,8929066673927;34,9965292278374;22,9250440162049
"Nilotic";"swap";0,997369964703409;34,4561441141605;64,8764933194113;34,9761265686954;22,9189487491233
"Nilotic";"swap";0,997369131050403;34,4642459451598;64,8927054312186;34,9843670307043;22,8657822542981
"Nilotic";"swap";0,997222839441356;34,4670513571059;64,9067408100604;34,9873643992157;22,8481461005539
"Nilotic";"swap";0,997218905613877;34,4323163552656;64,9109400206088;34,9532949093716;22,9188716564238
"Nilotic";"swap";0,997250859381336;34,4476602783548;64,9240463166098;34,9686005841547;22,8897894044156
"Nilotic";"swap";0,997231060099146;34,4411426731529;64,9210291710672;34,9621428131643;22,9033254725986
"Nilotic";"swap";0,997239336742531;34,457552334679;64,9321609449059;34,9784622584678;22,8922213497994
"Nilotic";"swap";0,99723955151253;34,4505651053621;64,9275418133026;34,9715155076231;22,8601427832176
"Nilotic";"swap";0,997256334836583;34,456566048863;64,9467052902189;34,9777414415207;22,8419119882786
"Nilotic";"swap";0,997272332638804;34,4834948106096;64,9553561638546;35,0043577748642;22,7037576923456
"Nilotic";"swap";0,997239295462567;34,5095494035588;65,0028619505703;35,0307790383047;22,6818644472359
"Nilotic";"swap";0,997294676435372;34,5097538774475;65,0192919491273;35,0312608590472;22,6824852041313
"Nilotic";"swap";0,99727812151713;34,5096607688018;64,9954089391331;35,0307611038106;22,6689691483175
"Nilotic";"swap";0,997252784316884;34,5101181956926;65,0067479764225;35,0314045327241;22,6568707860088
"Nilotic";"swap";0,997233214238862;34,5378456835668;65,0124730895878;35,0587559286367;22,5695512916369
"Nilotic";"swap";0,997266453049973;34,5651215057796;65,0055075374095;35,0854464546788;22,5770112991477
"Nilotic";"swap";0,997267073226946;34,5904251495043;65,0057577031443;35,1103218531887;22,5836806332378
"Nilotic";"swap";0,997125111565773;34,5907825853228;65,0148426689939;35,1108284708083;22,52485164283
"Nilotic";"swap";0,997131059380693;34,6027474016181;65,0299601457341;35,1228471762982;22,4234655470142
"Nilotic";"swap";0,997244281453603;34,624627933367;65,0495166818713;35,1446879834228;22,6147856577414
"Nilotic";"swap";0,997237932821216;34,6227876683689;65,0477077911735;35,1428482547133;22,5585289309975
"Nilotic";"swap";0,99722187381026;34,6202573039964;65,0451132078896;35,1403167926313;22,6490770321469
"Nilotic";"swap";0,99722114752393;34,592653329024;65,0451132078896;35,1131846591412;22,539735765946
"Nilotic";"swap";0,997227654421118;34,5895188372531;65,0550083932234;35,1102728868216;22,5266929818303
"Nilotic";"swap";0,997225638175248;34,6079214872347;65,0550083932234;35,128360975815;22,540797794695
"Nilotic";"swap";0,997225638175248;34,6104628055655;65,0550083932234;35,1308588547712;22,4585900655711
"Nilotic";"swap";0,997241350258155;34,6137873319164;65,0581980063421;35,1341810750172;22,4538537139912
"Nilotic";"swap";0,997241350258155;34,6137873319164;65,0581980063421;35,1341810750172;22,5463391652158
"Nilotic";"swap";0,997241350258155;34,6137873319164;65,0581980063421;35,1341810750172;22,4560445328504
"Nilotic";"swap";0,997240825170069;34,6119452412585;65,0449557795292;35,1321441190493;22,5468276802786
"Nilotic";"swap";0,997210678000624;34,60880145522;65,039121876303;35,128954350181;22,5216678211808
"Nilotic";"swap";0,99715962237196;34,626801561418;65,104149110366;35,1477583025549;22,3735186185084
"Nilotic";"swap";0,997124894705485;34,6117143094886;65,0831625153053;35,1325702117134;22,4039224467992
"Nilotic";"swap";0,997114575249878;34,5752923980667;65,0782634363321;35,0966871277612;22,5320010439666
"Nilotic";"swap";0,997194197477373;34,606716100014;65,0946506388021;35,1278538071525;22,3986587329563
"Nilotic";"swap";0,997198569437846;34,6143838708396;65,0990598098779;35,1354658779373;22,4683594866636
"Nilotic";"swap";0,997207039918087;34,6642243812065;65,1013470825734;35,1844935492049;22,4051390612041
"Nilotic";"swap";0,997199857256001;34,6749044905708;65,113025022944;35,1951907147382;22,3813200232955
"Nilotic";"swap";0,997185951092209;34,6726041593231;65,113025022944;35,192929703614;22,428453342205
"Nilotic";"swap";0,997231776845769;34,6968854336044;65,1377524995477;35,2172186049405;22,489305341276
"Nilotic";"swap";0,997243722277699;34,698265632353;65,1422040664993;35,2186513033355;22,4837479916065
"Nilotic";"swap";0,997243722277699;34,6997487000051;65,1422040664993;35,2201090205502;22,5005952253603
"Nilotic";"swap";0,997219414477847;34,6983996523734;65,1295804161688;35,2185672533825;22,5271256822571
"Nilotic";"swap";0,997146199927739;34,6505141426964;65,110489065856;35,1711739293001;22,9141996338396
"Nilotic";"swap";0,997146475257774;34,6658496843477;65,110489065856;35,1862473367946;22,5831690392417
"Nilotic";"swap";0,997148679140851;34,6708337353844;65,1106586493589;35,1911490929625;22,5823823330898
"Nilotic";"swap";0,997202242442552;34,670548932468;65,108773487028;35,190836934712;22,5866875662439
"Nilotic";"swap";0,99723859162623;34,7387920928164;65,1173872522555;35,2580608352542;22,6410538968756
"Nilotic";"swap";0,997227576784009;34,7435607160061;65,1150251963221;35,262707572005;22,6551103043926
"Nilotic";"swap";0,99729315005236;34,7432053890037;65,1189393479572;35,2624252242432;22,6412272368073
"Nilotic";"swap";0,997300323504062;34,753380892804;65,1355203966397;35,2727102195857;22,5081187060909
"Nilotic";"swap";0,997264119971223;34,7302858553826;65,1157412910096;35,2496718621958;22,5590975002013
"Nilotic";"swap";0,99734261562492;34,7675512215953;65,1242798173456;35,2864461935223;22,381929855386
"Nilotic";"swap";0,997339882762688;34,767388845272;65,1263559205788;35,2863220800764;22,3850853168856
"Nilotic";"swap";0,997339882762688;34,7680649611102;65,1263559205788;35,2869866389016;22,393840117242
"Nilotic";"swap";0,997337943484536;34,7733246867647;65,1305551311273;35,2922282369125;22,3879833958346
"Nilotic";"swap";0,997395218218878;34,7899911343522;65,1352569599494;35,3086901703509;22,2361373415933
"Nilotic";"swap";0,997366412615564;34,8054033537118;65,1320673468307;35,3237844240473;22,2890560273942
"Nilotic";"swap";0,997360493935188;34,8178465423866;65,1818591838646;35,3368660222852;22,1361970436116
"Nilotic";"swap";0,997388636615141;34,8432268638195;65,1912218691754;35,3619725503541;22,0144903205329
"Nilotic";"swap";0,997388636615141;34,8432268638195;65,1912218691754;35,3619725503541;22,0149203023592
"Nilotic";"swap";0,997426337478195;34,8587157608874;65,2007363962338;35,377359326057;21,9984740997445
"Nilotic";"swap";0,997433119985651;34,8584458095739;65,1946125475174;35,3769893126463;22,0022175842186
"Nilotic";"swap";0,997435271586339;34,8492444845831;65,1946125475174;35,3679452681496;21,9715752057801
"Nilotic";"swap";0,997461586473945;34,8560468927013;65,2014362646585;35,3747480405081;21,9816121251374
"Nilotic";"swap";0,997439200824175;34,8046310039648;65,1801757656941;35,3238476052099;22,2027615986952
"Nilotic";"swap";0,997442761523947;34,8046310039648;65,1802890084377;35,3238495408958;22,1976707987486
"Nilotic";"swap";0,997442761523947;34,8046310039648;65,1802890084377;35,3238495408958;22,1929136110809
"Nilotic";"swap";0,997499055791941;34,8044370007716;65,1868529484408;35,3237710528752;22,1824384261938
"Nilotic";"swap";0,997529514443235;34,8015472623049;65,1998051492699;35,3211521045439;21,9762011746703
"Nilotic";"swap";0,997518428087371;34,8021010640624;65,2084791778812;35,3218447073211;21,9258054678666
"Nilotic";"swap";0,997524549246326;34,7827052551929;65,2086891384086;35,3027840246537;21,9787852514203
"Nilotic";"swap";0,997528031199032;34,8173453227277;65,2058821661194;35,336784000796;21,9912421423246
"Nilotic";"swap";0,997524489616951;34,8133541497082;65,203407631332;35,332818752044;22,0008663036653
"Nilotic";"swap";0,997505259182758;34,8103728473848;65,2002067969186;35,329833697205;21,9940903880641
"Nilotic";"swap";0,997453433395188;34,83103748976;65,1916281969295;35,3499984777002;22,0155055383295
"Nilotic";"swap";0,997438106815373;34,8315876859473;65,1981381741173;35,3506505458789;22,0019625098808
"Nilotic";"swap";0,997383430183915;34,8324694795922;65,1764413771715;35,3511463981635;22,0387773080369
"Nilotic";"swap";0,997391340795587;34,8321134759468;65,1829113564675;35,3509070727107;22,0475253361288
"Nilotic";"swap";0,997399928333754;34,8231202761641;65,169736613016;35,3418423967813;22,0619750873752
"Nilotic";"swap";0,997393798786805;34,8346219324026;65,1687515854353;35,3531306150853;22,2105853013476
"Nilotic";"swap";0,997479799330125;34,834631024621;65,1727268753148;35,3532075024885;22,2128626743537
"Nilotic";"swap";0,997469881433044;34,8335246748304;65,1669987161634;35,3520221509823;22,199860588829
"Nilotic";"swap";0,997479908790032;34,8328398122169;65,1516453525958;35,3510865561014;22,2007668872152
"Nilotic";"swap";0,997488695271796;34,8385906403361;65,1568943657813;35,3568288065755;22,0894059207795
"Nilotic";"swap";0,997488640667057;34,8394176256775;65,1448935977321;35,357436523997;22,0946466343513
"Nilotic";"swap";0,997530115807591;34,8394176256775;65,1505371982339;35,357532991438;22,1143539438466
"Nilotic";"swap";0,997528052966651;34,8382345981787;65,1507253563168;35,356373401949;22,1160213154486
"Nilotic";"swap";0,997544737798013;34,832544893237;65,149570573416;35,3507612135367;22,110146747396
"Nilotic";"swap";0,997554116757676;34,8326468372948;65,1262365981344;35,3504625617045;22,1313083843511
"Nilotic";"swap";0,997558931493456;34,9073309251367;65,1311408888936;35,4239538864418;22,0631078225101
"Nilotic";"swap";0,997580364696057;34,9060777757078;65,1086354154886;35,4223374658514;22,1389974750183
"Nilotic";"swap";0,99752321316468;34,905976732464;65,1166998708156;35,4223759974679;22,1381061510116
"Nilotic";"swap";0,997486717926598;34,8892609920641;65,1105017692386;35,4058400376357;22,1356327829358
"Nilotic";"swap";0,997486717926598;34,8409540358624;65,1105017692386;35,3583588040281;22,0534822305104
"Nilotic";"swap";0,997482827078068;34,8379636052404;65,1103232602882;35,3554164382696;22,0450331224741
"Nilotic";"swap";0,997477895253277;34,8379636052404;65,1011374872135;35,3552594236082;22,0433452278284
"Nilotic";"swap";0,997476391048685;34,8415180930951;65,1257896741834;35,3591745395838;21,9908044469915
"Nilotic";"swap";0,997512659798542;34,8301285527806;65,0914274761339;35,3473923220231;22,0268168876959
"Nilotic";"swap";0,997531885479544;34,8315744866429;65,0996317386038;35,3489537776459;22,0173308299118
"Nilotic";"swap";0,997530279066515;34,8306744364007;65,1048531254041;35,3481583626213;22,0147225940195
"Nilotic";"swap";0,997537656421585;34,8276073280704;65,0966492797961;35,3450034507869;22,0452452139714
"Nilotic";"swap";0,997501189103625;34,8348734537576;65,0919999411058;35,3520659025329;22,0620497197674
"Nilotic";"swap";0,997501793642215;34,8605385781069;65,1005088677434;35,377437771807;22,0623036696851
"Nilotic";"swap";0,997489614007527;34,8614716092888;65,1067726901448;35,3784619235044;22,0545126990278
"Nilotic";"swap";0,997489614007527;34,8614716092888;65,1067726901448;35,3784619235044;22,0612573124964
"Nilotic";"swap";0,997467735924765;34,8640859540084;65,1189855257106;35,381240337571;22,0553888754857
"Nilotic";"swap";0,997441963328189;34,855881439225;65,1136436453687;35,3730847544969;22,2214463977929
"Nilotic";"swap";0,997487439480889;34,8553188103449;65,1036040600601;35,3723601336873;22,2570779194896
"Nilotic";"swap";0,997501785659463;34,8538535077663;65,1042743732305;35,3709313357099;22,2257914397782
"Nilotic";"swap";0,997545102548248;34,8540510382992;65,0946818700777;35,3709615228073;22,2783912638683
"Nilotic";"swap";0,997546875673771;34,8542971850677;65,0934902022193;35,3711830926594;22,2776090619218
"Nilotic";"swap";0,997495883020123;34,8711275895384;65,1680670266615;35,3890005707825;22,2459701486903
"Nilotic";"swap";0,997532346260741;34,8876888127384;65,1683206684635;35,405283044513;22,2231802405771
"Nilotic";"swap";0,997506944101186;34,8922894752338;65,1553293608293;35,4095830031688;22,1740328660402
"Nilotic";"swap";0,99752727566369;34,8917715004247;65,1576447505716;35,4091134597517;22,164737026713
"Nilotic";"swap";0,997591701950872;34,8878647793087;65,0842264048937;35,4040185594693;22,2907009700763
"Nilotic";"swap";0,997587196929909;34,8562187937153;65,0842264048937;35,3729135064324;22,2429760002637
"Nilotic";"swap";0,997609194623915;34,8640618278742;65,0898305640777;35,3807182709548;22,255898546302
"Nilotic";"swap";0,997575887240677;34,8612171180917;65,0909371525192;35,3779411016773;22,249963072456
"Nilotic";"swap";0,997520411237648;34,8257262931272;65,0579052354293;35,3424923074253;22,2259881879031
"Nilotic";"swap";0,997520411237648;34,8257262931272;65,0579052354293;35,3424923074253;22,2123212943372
"Nilotic";"swap";0,997517617923524;34,8372279493656;65,0570007900804;35,3537819031411;22,2457211957639
"Nilotic";"swap";0,997436277320993;34,8179799115418;65,0261209509033;35,3343350400974;22,2693808443949
"Nilotic";"swap";0,997468756084405;34,7708127625416;65,0072725409631;35,2876519502166;22,3709131520104
"Nilotic";"swap";0,99742879248142;34,7700751960146;64,9970004541121;35,2867514078063;22,3675012435736
"Nilotic";"swap";0,997422500902233;34,77467585851;64,996685513321;35,2912680466948;22,3492599707299
"Nilotic";"swap";0,997427251306928;34,7861775147485;64,9970004541121;35,3025784856755;22,3398686239304
"Nilotic";"swap";0,997430548491935;34,8229828147117;64,9996389208464;35,3387997636182;22,3362865016714
"Nilotic";"swap";0,997411403344332;34,8237920288076;64,9974154170156;35,3395571387263;22,3163280888113
"Nilotic";"swap";0,997418247670277;34,8193447217287;65,0001287530623;35,3352322302683;22,3009492190188
"Nilotic";"swap";0,997407228425736;34,8189284713125;64,9932993790899;35,3347063587657;22,3046637309096
"Nilotic";"swap";0,997381933805016;34,7017813640338;64,9654657568922;35,2190859086888;22,3243068380215
"Nilotic";"swap";0,997380785236903;34,7028845663212;64,9718957980445;35,2202801639332;22,3872791492894
"Nilotic";"swap";0,997382305471734;34,6985467988256;64,9718957980445;35,2160165429562;22,3910356256991
"Nilotic";"swap";0,997351683520356;34,6992368981999;64,9716858375171;35,2166912573869;22,3189763559801
"Nilotic";"swap";0,997346118946226;34,6929408617005;64,9625143371175;35,2103460698812;22,31810545641
"Nilotic";"swap";0,997346118946226;34,6928948003185;64,9625143371175;35,2103007958376;22,2710381456722
"Nilotic";"swap";0,99740640407453;34,7851380833512;64,9826973848098;35,3013123356779;22,3334490883043
"Nilotic";"swap";0,997425817634355;34,762058093166;64,9811761066928;35,2786008538205;22,3486831472128
"Nilotic";"swap";0,997425817634355;34,6953484869827;64,9811761066928;35,2130315312194;22,2944651816218
"Nilotic";"swap";0,997419357401991;34,6712716865901;64,9811761066928;35,189366281453;22,2752112282791
"Nilotic";"swap";0,997421013065741;34,6799362676231;64,9711322309081;35,1977110742669;22,2589395204501
"Nilotic";"swap";0,997413901278527;34,6559023440283;64,959939237259;35,1738966438222;22,2539256267516
"Nilotic";"swap";0,997420077629587;34,6478511846614;64,9641384478074;35,1660548830185;22,1933168389592
"Nilotic";"swap";0,997457648216939;34,708558021684;64,9731096458376;35,2258773901352;22,3980637600683
"Nilotic";"swap";0,99741993131356;34,6821480281687;64,9547573843802;35,1996051294009;22,4614609033237
"Nilotic";"swap";0,997415183966188;34,6794011571503;64,9482001556007;35,1967931270072;22,4589171298276
"Nilotic";"swap";0,997427149074635;34,6278771076506;64,9438609713674;35,1460756199272;22,2325460972022
"Nilotic";"swap";0,997432362587037;34,6103617282931;64,9468004187512;35,1289098799162;22,2160627253096
"Nilotic";"swap";0,997449372240592;34,6228424214046;64,969529842783;35,141565757087;22,1609787742225
"Nilotic";"swap";0,99745115464404;34,6234558430706;64,9704223875352;35,1421839498721;22,1484045619304
"Nilotic";"swap";0,997439520555633;34,6241276858477;64,9636591497778;35,1427287030027;22,1339482617677
"Nilotic";"swap";0,997433990682917;34,6629266062256;64,9897326133513;35,1813101040412;22,1367282094574
"Nilotic";"swap";0,99741989070017;34,6620064737265;64,9870404067202;35,1803596810464;22,1371138137318
"Nilotic";"swap";0,99740881912704;34,6169120060213;64,9157951230617;35,1348182110607;22,8506588528598
"Nilotic";"swap";0,997428060014252;34,6794390257851;64,9220589454631;35,1963835102582;22,8331239396267
"Nilotic";"swap";0,997449498221568;34,6809502073202;64,9208841663215;35,1978487800119;22,8311330418054
"Nilotic";"swap";0,997475007702583;34,6832674397248;64,9230825052134;35,2001639801405;22,7169508124774
"Nilotic";"swap";0,997495185232762;34,6827347428588;64,9329640296636;35,1998092961016;22,8568024831346
"Nilotic";"swap";0,997502543974705;34,6828734929975;64,9346887054246;35,1999751548542;22,8657806400236
"Nilotic";"swap";0,997488298422108;34,6380937113756;64,9191651610849;35,1556954572375;22,7419461344716
"Nilotic";"swap";0,997496270694764;34,6200744499353;64,9196650671026;35,1379927484471;22,7159041065566
"Nilotic";"swap";0,997490302855959;34,5737611141483;64,9158542246212;35,092405918153;22,7046998428076
"Nilotic";"swap";0,997490302855959;34,5737611141483;64,9158542246212;35,092405918153;22,7085597521935
"Nilotic";"swap";0,997490302855959;34,5737611141483;64,9158542246212;35,092405918153;22,6987852261204
"Nilotic";"swap";0,997481196798486;34,5296257904077;64,9139345855134;35,0489921974146;22,6888376206971
"Nilotic";"swap";0,997468800021637;34,4937150637075;64,9150112448035;35,0137137051317;22,6741105198884
"Nilotic";"swap";0,997559242447903;34,5445067427887;64,9832848710323;35,0648042074028;22,2066459748188
"Nilotic";"swap";0,997589307105355;34,5439806062067;64,981348291574;35,0642539617765;22,2101489683184
"Nilotic";"swap";0,997604097604105;34,5437154051105;64,9905340646487;35,0641503084887;22,2222187083322
"Nilotic";"swap";0,997576924998083;34,534897468661;64,9893342902063;35,055462591142;22,2988700581302
"Nilotic";"swap";0,997604794974662;34,5606291042734;65,0061545104284;35,0810419017558;22,2907164620727
"Nilotic";"swap";0,997604357779795;34,5603059625029;64,9921674083573;35,0804851985766;22,305101794
"Nilotic";"swap";0,997604357779795;34,6189914622769;64,9921674083573;35,1381675727779;22,3890282711363
"Nilotic";"swap";0,997610940159491;34,6184548842882;64,9850687429064;35,1375188274264;22,3838186352748
"Nilotic";"swap";0,99761170908065;34,650659521756;64,9850687429064;35,1691729831648;22,3794341706717
"Nilotic";"swap";0,99758468062063;34,604652896802;64,9779187357564;35,1238305438638;22,3727781921206
"Nilotic";"swap";0,997511392085385;34,5789877724526;64,9576312997943;35,0982573416547;22,8888868385012
"Nilotic";"swap";0,997509489433541;34,6251806146981;64,9569277086652;35,1436485717172;22,9046605756178
"Nilotic";"swap";0,997509489433541;34,6251806146981;64,9569277086652;35,1436485717172;22,8960306857129
"Nilotic";"swap";0,997507605466776;34,6225272945931;64,8990583819213;35,1400514309326;23,02056364409
"Nilotic";"swap";0,99745157429051;34,6222119621039;64,9198904477824;35,1400975760854;22,9582080467517
"Nilotic";"swap";0,997433677412715;34,6082324196348;64,8957503899135;35,1259443574464;23,062140362774
"Nilotic";"swap";0,997430308542011;34,6111899883818;64,8903630581373;35,1287592847718;23,059107633086
"Nilotic";"swap";0,997448195563085;34,6138353693167;64,8958584118658;35,1314533809873;23,0743324210127
"Nilotic";"swap";0,997464529264603;34,6737480443609;64,9197483761682;35,1907503110437;23,0906973939617
"Nilotic";"swap";0,997385897507884;34,6743078902788;64,9242212952441;35,1913770440763;23,1071218311703
"Nilotic";"swap";0,997388187234916;34,6727743361137;64,9257747510986;35,1898962569269;23,0943702870994
"Nilotic";"swap";0,997346617682201;34,6626474016446;64,9278583826552;35,1799780406435;23,1408111741155
"Nilotic";"swap";0,997347078140225;34,6381105350025;64,9278583826552;35,1558605886523;22,6479462820322
"Nilotic";"swap";0,997333841310757;34,6186002334858;64,9178132953252;35,1365120783522;22,7154870733536
"Nilotic";"swap";0,997389434001015;34,6174535027457;64,9149594701422;35,1353361678301;22,7256881558911
"Nilotic";"swap";0,997367241530569;34,6147697829568;64,9105602971867;35,1326231253814;22,7467023550142
"Nilotic";"swap";0,997420689813306;34,6316616582152;64,9519460055532;35,1499336797081;22,6750178597428
"Nilotic";"swap";0,997420901671488;34,6313926136248;64,9526727919943;35,1496816571006;22,6694349548164
"Nilotic";"swap";0,997399240302695;34,6333714627927;64,9531626998916;35,1516350554319;22,6755709259084
"Nilotic";"swap";0,99741151500719;34,6333605088344;64,9520285105006;35,1516049017361;22,672922197949
"Nilotic";"swap";0,997408758259045;34,6342887759065;64,9618958086743;35,1526859658489;22,6925139908134
"Nilotic";"swap";0,997410585270043;34,6249762516418;64,9595212550904;35,1434920340106;22,7045481551977
"Nilotic";"swap";0,997409990642925;34,6000669504167;64,9595212550904;35,1190085135517;22,6048117054767
"Nilotic";"swap";0,997423890433144;34,5911001524823;64,967857187935;35,1103374754181;22,4798661951329
"Nilotic";"swap";0,997434474736686;34,5918350038993;64,9673572819173;35,1110512208248;22,4778971696059
"Nilotic";"swap";0,997436186480045;34,5923160479629;64,9529563602584;35,1112778838156;22,465876619201
"Nilotic";"swap";0,997439891907876;34,5814278133904;64,948156301579;35,1004937159198;22,4562381000521
"Nilotic";"swap";0,99745519142497;34,5874086746344;64,948156301579;35,1063723448427;22,4999946492025
"Nilotic";"swap";0,997473538274493;34,5424408500613;64,95768573345;35,0623360551767;22,3763737475895
"Nilotic";"swap";0,9974622695342;34,5411263750627;64,9549312512927;35,0609969657841;22,377631377027
"Nilotic";"swap";0,997467020168822;34,5338381521102;64,9581306498058;35,0538880103054;22,3742336871194
"Nilotic";"swap";0,997481533290331;34,4786302021654;64,9635296347966;34,9997160294936;22,2900856429027
"Nilotic";"swap";0,997416132823807;34,480108986539;64,959323522927;35,0010976405479;22,3063375009138
"Nilotic";"swap";0,997415634075313;34,5169142865021;64,9612131676738;35,0373061186936;22,2161786542369
"Nilotic";"swap";0,99741034433756;34,5124468971663;64,9507392746967;35,0327360587249;22,2377728373191
"Nilotic";"swap";0,997405931987783;34,5323823570807;64,97548608977;35,0527537603075;22,2169461647827
"Nilotic";"swap";0,997400375398775;34,5314701705434;64,985661099945;35,0520310899299;22,2198026436441
"Nilotic";"swap";0,997404028394262;34,4618249035297;64,9849962249415;34,9835649215949;22,211305997581
"Nilotic";"swap";0,997404987539485;34,459504490025;64,9847460592067;34,9812798953407;22,216121676005
"Nilotic";"swap";0,997393266535023;34,458934220316;64,9788250978794;34,9806181649538;22,2055598702584
"Nilotic";"swap";0,997376134354066;34,4543868166178;64,9741299699251;34,9760682361688;22,2223518799646
"Nilotic";"swap";0,997315179849267;34,455873184501;64,9742472351133;34,9775312016454;22,229865429521
"Nilotic";"swap";0,99735257679327;34,4497389678404;64,9820213917432;34,9716347242045;22,1079229118804
"Nilotic";"swap";0,997316684965825;34,3919157603462;64,9216727672778;34,9137683491415;22,0880886991032
"Nilotic";"swap";0,997316684965825;34,3919157603462;64,9216727672778;34,9137683491415;22,0854832070607
"Nilotic";"swap";0,997316684965825;34,3919157603462;64,9216727672778;34,9137683491415;22,0896199940789
"Nilotic";"swap";0,997318397922439;34,3639139064564;64,9223763584069;34,8862571644304;22,0608184075732
"Nilotic";"swap";0,997318414657656;34,3637071015423;64,9037636729422;34,8857357433072;22,2314138824361
"Nilotic";"swap";0,997313636377253;34,3633454549486;64,9044630862022;34,8853922336686;22,2228967602045
"Nilotic";"swap";0,997282846801686;34,3256055831776;64,8593274858648;34,8475259449039;22,2214385168082
"Nilotic";"swap";0,997293644946256;34,3844612012437;64,8626133584758;34,9054316957465;22,1407974568197
"Nilotic";"swap";0,997266903437021;34,3859812999501;64,9157472059472;34,9078340408593;22,4744954261917
"Nilotic";"swap";0,997221395467082;34,3012524323265;64,9078211960371;34,8244179832301;22,5051963966345
"Nilotic";"swap";0,997295835997667;34,3057557028976;64,9469891482648;34,8295137856664;22,4911833633921
"Nilotic";"swap";0,997303710609955;34,2792252158408;64,9469891482648;34,8034367907009;22,5363915508253
"Nilotic";"swap";0,997216668145662;34,2485308698332;64,886245060043;34,7722287971146;22,2645450225917
"Nilotic";"swap";0,997215521574365;34,2481931696893;64,8866949754589;34,7719045598756;22,2690467820198
"Nilotic";"swap";0,997245342767659;34,2297959966868;64,8709728834913;34,7535531126863;22,2770854398258
"Nilotic";"swap";0,997282634345345;34,3148082835255;64,9420768883668;34,8383276618663;22,2871403227402
"Nilotic";"swap";0,997325721443316;34,3937571124743;64,9700290197897;34,9164047918161;22,2548717196574
"Nilotic";"swap";0,997268202987379;34,3878751432596;64,9480669517145;34,9102479615465;22,4319025006601
"Nilotic";"swap";0,997277813871107;34,3942708588271;64,9386287261009;34,9163730236924;22,5556787020404
"Nilotic";"swap";0,997298332923872;34,3951820289967;64,9423030353308;34,9173314248723;22,5579917530962
"Nilotic";"swap";0,997300244737365;34,3679669195447;64,9480510235349;34,8906797616949;22,5232719450895
"Nilotic";"swap";0,997302550926206;34,4112898247097;64,9482259906411;34,9332651286223;22,532702428475
"Nilotic";"swap";0,997302550926206;34,4112898247097;64,9482259906411;34,9332651286223;22,5315220159324
"Nilotic";"swap";0,997302550926206;34,4101462061288;64,9482259906411;34,9321410581929;22,5657680641672
"Nilotic";"swap";0,997307142555931;34,3365356062024;64,9464749684819;34,8597587715701;22,5356907586098
"Nilotic";"swap";0,997282884774778;34,2661125544519;64,9036370151335;34,7898072386401;22,6974972885268
"Nilotic";"swap";0,99727944425286;34,2640459076484;64,9032995785715;34,7877701496494;22,6458526489997
"Nilotic";"swap";0,997285908122497;34,3231260818602;64,8991003680231;34,845768673891;22,6981177374008
"Nilotic";"swap";0,997285908122497;34,3233978242878;64,8991003680231;34,846035771359;22,6775752394073
"Nilotic";"swap";0,997292769908742;34,3036587913909;64,8902574756157;34,8264829888512;22,710535256359
"Nilotic";"swap";0,997313889233117;34,302417342781;64,8864921409885;34,8251983988415;22,6386406817217
"Nilotic";"swap";0,997318050029675;34,2978933579939;64,8853375299048;34,8207320075816;22,6366914712671
"Nilotic";"swap";0,997383296146974;34,3098769883985;64,902912975721;34,832811220252;22,6248683349832
"Nilotic";"swap";0,997383296146974;34,3098769883985;64,902912975721;34,832811220252;22,6212846083201
"Nilotic";"swap";0,997389051446735;34,3579758193921;64,9092117518277;34,8801955527041;22,8314084883066
"Nilotic";"swap";0,997389902131693;34,3558282116018;64,9138308834309;34,878163610442;22,5322521865694
"Nilotic";"swap";0,997460157322611;34,3555686870508;64,9110355128851;34,8778607400563;22,5631327049295
"Nilotic";"swap";0,997522193043475;34,3437101973215;64,9293496811575;34,8665179989354;22,42721587483
"Nilotic";"swap";0,997536472579486;34,3509945796059;64,9297696022123;34,8736850453084;22,4578491228402
"Nilotic";"swap";0,997528984571131;34,3885666566516;64,9298868674005;34,9106168981124;22,4723583094845
"Nilotic";"swap";0,997527946308753;34,4253719566148;64,9297696022123;34,9467910716567;22,4795121001646
"Nilotic";"swap";0,997473567095556;34,4363697307705;64,9194238445703;34,9574240156134;22,4991798818061
"Nilotic";"swap";0,997469106254679;34,4356029536879;64,9194238445703;34,9566703452387;22,5035589993767
"Nilotic";"swap";0,997358448893437;34,4359283213965;64,9433462347956;34,9573990626131;22,4633146204127
"Nilotic";"swap";0,997390670873511;34,4796198438559;64,9442861694239;35,0003598217462;22,3551383396657
"Nilotic";"swap";0,997435063950299;34,482778982033;64,9534731874192;35,0036219959444;22,3707144632567
"Nilotic";"swap";0,997415912315742;34,4828662543503;64,9571809670772;35,0037711544774;22,3243489653099
"Nilotic";"swap";0,997425639409227;34,4818753506891;64,9630055495473;35,0028967495843;22,3727428521226
"Nilotic";"swap";0,997346095799726;34,480637272528;64,9645537352091;35,0017062977108;22,387836377071
"Nilotic";"swap";0,997332742923899;34,4905140916153;64,9583428581042;35,0113081258801;22,4046108513292
"Nilotic";"swap";0,997330462796249;34,489823992241;64,9578429520866;35,0106212775273;22,3949290758201
"Nilotic";"swap";0,997339734521986;34,4599196860209;64,9578429520866;34,981228132913;22,4652518652677
"Nilotic";"swap";0,997352558173619;34,4598564577161;64,9515716344099;34,9810587882212;22,483618885372
"Nilotic";"swap";0,997397133998192;34,4637560668788;64,9648736497601;34,985119115008;22,4695529921941
"Nilotic";"swap";0,99737771818532;34,4583338575092;64,9593663951032;34,9796954519386;22,4760052571242
"Nilotic";"swap";0,997382239122314;34,5021449242573;64,9624960194997;35,0228111408623;22,4786238259252
"Nilotic";"swap";0,997353034091058;34,5079176602932;64,9592419500907;35,0284295795093;22,4642908435266
"Nilotic";"swap";0,997323326726209;34,5198647775035;64,9509785036186;35,0400312326211;22,6187971886482
"Nilotic";"swap";0,997281074257148;34,5132175504615;64,9366551236181;35,0332527952229;22,6264084800156
"Nilotic";"swap";0,997253235066807;34,5132134988637;64,8999659172221;35,0326216753194;22,685922692504
"Nilotic";"swap";0,997250047875988;34,4800389469124;64,9055298711987;35,0001092901059;22,5800934423276
"Nilotic";"swap";0,997303095534781;34,4800377938642;64,896043252262;34,9999459996738;22,6510563347105
"Nilotic";"swap";0,997281989260304;34,47457513911;64,8843860549322;34,9943774600914;22,6538348753788
"Nilotic";"swap";0,99727865724743;34,4771303770636;64,897442534005;34,9971121983227;22,6280431424084
"Nilotic";"swap";0,997295573759727;34,4768044968035;64,8911443154514;34,9966842314263;22,6359634221803
"Nilotic";"swap";0,997287121341064;34,4638459641081;64,8906194141328;34,9839382298271;22,6434304889539
"Nilotic";"swap";0,997285378974129;34,4655951120893;64,9039937062307;34,9858860892344;22,6458595406483
"Nilotic";"swap";0,997255650588985;34,4685369967597;64,8917413738263;34,9885682554434;22,6543607385785
"Nilotic";"swap";0,997212472586065;34,4661599878037;64,8881678967039;34,986170794965;22,6469588420827
"Nilotic";"swap";0,997281040770492;34,4779354930003;64,9012308462748;34,9979683067625;22,6700402089255
"Nilotic";"swap";0,997321818281398;34,4207467022589;64,9005559731509;34,9417455222099;22,74261091708
"Nilotic";"swap";0,997321818281398;34,4207467022589;64,9005559731509;34,9417455222099;22,7263317114055
"Nilotic";"swap";0,997376309411779;34,4123961346978;64,9096347471106;34,9336928786379;22,6975984128119
"Nilotic";"swap";0,997368560191691;34,4376997784225;64,9076851136417;34,958530675443;22,7084784615503
"Nilotic";"swap";0,997361143467152;34,4446774498738;64,9118843241901;34,965460853984;22,6942823437149
"Nilotic";"swap";0,997385429224395;34,4975850685709;64,9156940918248;35,0175292311281;22,6364611884487
"Nilotic";"swap";0,997400026734438;34,4740812444598;64,8600555908058;34,9934761211406;22,769061454431
"Nilotic";"swap";0,99740329577113;34,4756147986249;64,8613609375059;34,9950057744998;22,7997609174195
"Nilotic";"swap";0,997418910817322;34,4756974492759;64,864257989014;34,9951365323916;22,7946916158647
"Nilotic";"swap";0,997423080702107;34,475566001776;64,8640884055111;34,9950044330237;22,7929073625039
"Nilotic";"swap";0,997414253803071;34,4755829159764;64,8645883115288;34,9950296031211;22,7845352392783
"Nilotic";"swap";0,997411079641238;34,4687257380666;64,8644710463406;34,9882876321847;22,798499035983
"Nilotic";"swap";0,99742874817654;34,4701602406167;64,8760785908429;34,9898960250242;22,7594913113993
"Nilotic";"swap";0,997320661855664;34,3460433476703;64,81821288861;34,8669115798524;22,6850291688836
"Nilotic";"swap";0,997321237145696;34,3585530489452;64,8117450812784;34,8790968939403;22,9151503222233
"Nilotic";"swap";0,997327733902986;34,357740870588;64,8041309106525;34,8781684474689;22,9537831574335
"Nilotic";"swap";0,997327733902986;34,357194015284;64,8041309106525;34,8776309396961;22,9660294096178
"Nilotic";"swap";0,997347112736944;34,3824794024115;64,8309547258742;34,9029426235506;22,7232166188015
"Nilotic";"swap";0,997338098479378;34,3788822015868;64,7574230294947;34,8981500153224;22,9028270579562
"Nilotic";"swap";0,997331654097654;34,3811005851113;64,7563306672912;34,900311807462;22,9768970363313
"Nilotic";"swap";0,997339121480688;34,3811005851113;64,7575454389141;34,9003325718499;22,9823256401511
"Nilotic";"swap";0,997309646251516;34,360397603882;64,7533220949718;34,8799112810834;22,9823141587882
"Nilotic";"swap";0,997306919940298;34,3601815727735;64,7495064661562;34,8796337211727;22,9960505092292
"Nilotic";"swap";0,997303579479689;34,3593655871397;64,7698112139359;34,8791787573907;22,6616166569558
"Nilotic";"swap";0,997297581697154;34,3521780687013;64,7514892282287;34,8718009147853;22,6844818455166
"Nilotic";"swap";0,997297581697154;34,3521780687013;64,7514892282287;34,8718009147853;22,6825495728847
"Nilotic";"swap";0,997353211402744;34,351893265785;64,7515096393711;34,8715213289674;22,6826565119751
"Nilotic";"swap";0,997346795691715;34,384174580961;64,7810796807484;34,9037562996786;22,6510797216326
"Nilotic";"swap";0,99735580381204;34,3866374639212;64,854611377128;34,9074339792143;22,5825882846836
"Nilotic";"swap";0,997320453410823;34,3905594173592;64,86202498337;34,911415616326;22,5674467440054
"Nilotic";"swap";0,997278206250792;34,3927075868909;64,8859338726329;34,9139357471519;22,5328496475449
"Nilotic";"swap";0,997264663759512;34,4066629297937;64,883504329387;34,9276110191961;22,5557244308278
"Nilotic";"swap";0,9972634435627;34,4001343706335;64,8832793716791;34,9211902090343;22,5725622610122
"Nilotic";"swap";0,99725417069697;34,3955337081381;64,8832793716791;34,916668186786;22,4985471139369
"Nilotic";"swap";0,997260321411815;34,3938933528793;64,8941811682951;34,9152422175907;22,4985468282406
"Nilotic";"swap";0,997240948673065;34,3910315775717;64,8903166720698;34,9123633025297;22,5530781672474
"Nilotic";"swap";0,997266026412408;34,3922866484118;64,8950269199311;34,913677433554;22,5257782936103
"Nilotic";"swap";0,997251148597994;34,3781051466494;64,8771846721837;34,8994333577669;22,5589997508874
"Nilotic";"swap";0,997195873057953;34,3773702807857;64,8636930929971;34,8984804382884;22,5743404256595
"Nilotic";"swap";0,997198133465883;34,384999134494;64,8683424316874;34,9060583624192;22,5365218763622
"Nilotic";"swap";0,997203468252105;34,3803984719986;64,8685925974222;34,9015406163148;22,5549546801613
"Nilotic";"swap";0,997205572255311;34,4121101813418;64,8798648165489;34,9329029484626;22,5294472920951
"Nilotic";"swap";0,997203864191218;34,4121101813418;64,8798648165489;34,9329029484626;22,5256856419114
"Nilotic";"swap";0,997158571602321;34,3810557094979;64,8697763285692;34,9022068532986;22,5484238475105
"Nilotic";"swap";0,997158571602321;34,3810557094979;64,8697763285692;34,9022068532986;22,5296641574371
"Nilotic";"swap";0,997165089958306;34,4224616719565;64,8707561443638;34,9429218017643;22,5202884863172
"Nilotic";"swap";0,997165089958306;34,4224616719565;64,8707561443638;34,9429218017643;22,5165396270368
"Nilotic";"swap";0,997170841332595;34,4769028448187;64,8665569338154;34,9963606202388;22,5687842207176
"Nilotic";"swap";0,997171224359908;34,4764646864858;64,8833580090842;34,996217136334;22,5849195804439
"Nilotic";"swap";0,99715341073592;34,4685487663735;64,8769467144077;34,9883269351516;22,5736518426597
"Nilotic";"swap";0,997148527170052;34,4696222542891;64,8759616868269;34,9893652363593;22,5535531496907
"Nilotic";"swap";0,997157629236379;34,462401206734;64,7874619938833;34,9807548730785;22,6344175747374
"Nilotic";"swap";0,997151116442051;34,4028609662727;64,7916612044317;34,922304146612;22,5892151318612
"Nilotic";"swap";0,99714501965673;34,4764715661991;64,793299747737;34,9946845106063;22,5283551016344
"Nilotic";"swap";0,997064552447634;34,4750913674505;64,7876393522271;34,9932311494097;22,5707315104017
"Nilotic";"swap";0,99714815626228;34,4755514337;64,7876393522271;34,9936833516345;22,6478149574474
"Nilotic";"swap";0,997185933117613;34,4863264773698;64,7977431562318;35,0044469216408;22,622307983329
"Nilotic";"swap";0,997233019947843;34,5660712939567;64,8077951126179;35,0830004611564;22,5890464453203
"Nilotic";"swap";0,997262439568418;34,5653689677592;64,7647109973258;35,0815736926926;22,6925501766368
"Nilotic";"swap";0,997289186539032;34,5657872098043;64,7745385932729;35,0821527711207;22,6919340416375
"Nilotic";"swap";0,997273265232599;34,5657872098043;64,7739262084013;35,0821423034766;22,6970451488969
"Nilotic";"swap";0,997302751103327;34,5659126824178;64,7797495499526;35,0823651711547;22,7028930305899
"Nilotic";"swap";0,997334505376044;34,6042515365461;64,7929634323548;35,1202745580083;22,6824973378027
"Nilotic";"swap";0,997254492477889;34,6046713962924;64,8228510580939;35,1211981174718;22,6340877941154
"Nilotic";"swap";0,997253767664352;34,6052464791044;64,823278477739;35,1217706762412;22,6354412453139
"Nilotic";"swap";0,99727510960694;34,64464786719;64,8302946391038;35,1606184957413;22,6286461484385
"Nilotic";"swap";0,997269828484259;34,6318299102931;64,8224684181257;35,1478858638049;22,6440573273058
"Nilotic";"swap";0,997306862111369;34,6318299102931;64,8253782456302;35,1479356021967;22,6451986886771
"Nilotic";"swap";0,997305322773386;34,6456318977793;64,8257449126635;35,1615079364709;22,6444980732125
"Nilotic";"swap";0,99735551227824;34,656848226534;64,8714276925199;35,1733134086875;22,3760309565121
"Nilotic";"swap";0,997349622422693;34,6472635130019;64,8690203718168;35,163851380083;22,3858134645216
"Nilotic";"swap";0,997349381691304;34,6497171996661;64,8710272817518;35,1662974298836;22,3816014537754
"Nilotic";"swap";0,997301970485232;34,5899775300998;64,8570053530185;35,107339224821;22,4919419690131
"Nilotic";"swap";0,997295221576823;34,5905033200993;64,8540982072542;35,1078063348115;22,4869474506603
"Nilotic";"swap";0,997291242635874;34,5598322367966;64,8527138521284;35,0776358567024;22,4838410407952
"Nilotic";"swap";0,997269606257789;34,5490133772936;64,8461195149407;35,0668892079904;22,5206998394244
"Nilotic";"swap";0,997269697486946;34,5911979120021;64,8991670323515;35,1092594263139;22,6029186073282
"Nilotic";"swap";0,997290219929769;34,5853758831537;64,8973779251685;35,10350633318;22,4733460320817
"Nilotic";"swap";0,997286504049135;34,5832285900287;64,8821357702353;35,1011352063857;22,4732866981197
"Nilotic";"swap";0,99727864701451;34,5464232900655;64,8783162755344;35,0648937408437;22,5338219115102
"Nilotic";"swap";0,997215420214616;34,5166540826648;64,8666693050305;35,0354343012618;22,5623272623557
"Nilotic";"swap";0,997213730760097;34,5170046093311;64,8597058964094;35,0356598090469;22,5571867267638
"Nilotic";"swap";0,997213730760097;34,5170046093311;64,8597058964094;35,0356598090469;22,5603050589267
"Nilotic";"swap";0,997178280706267;34,5040699589083;64,8454363453101;35,022702340841;22,5758760077106
"Nilotic";"swap";0,997198184803771;34,5121296510378;64,8524465405513;35,030744093664;22,5694932394189
"Nilotic";"swap";0,997179474442422;34,5145121369729;64,8465111179492;35,0329843995581;22,5664940819057
"Nilotic";"swap";0,997179474442422;34,5145121369729;64,8465111179492;35,0329843995581;22,5692087106773
"Nilotic";"swap";0,997160447581039;34,4997900169877;64,8354139373992;35,0183242415475;22,6516492881933
"Nilotic";"swap";0,997181954070893;34,506978271266;64,8472822393307;35,0255924930227;22,606562484439
"Nilotic";"swap";0,997181954070893;34,506978271266;64,8472822393307;35,0255924930227;22,6038144682675
"Nilotic";"swap";0,997189382758575;34,5059048815189;64,8434301409445;35,0244716061306;22,6311238632615
"Nilotic";"swap";0,997192280710013;34,5051244119884;64,8331271792527;35,0235283663172;22,6334082397776
"Nilotic";"swap";0,997184804967518;34,4729197745206;64,8315643151764;34,9918474961616;22,6508250249137
"Nilotic";"swap";0,997139731690972;34,4726733104584;64,8422296116472;34,9917875494857;22,6519233053457
"Nilotic";"swap";0,997154310891249;34,4695605606351;64,8446791511338;34,9887698772313;22,637023919817
"Nilotic";"swap";0,997168844306834;34,4734722025551;64,8586090527706;34,9928527637101;22,644776136272
"Nilotic";"swap";0,997163083556467;34,4642708775643;64,8633278980691;34,9838893795879;22,521767853651
"Nilotic";"swap";0,997167835824015;34,4113632588672;64,8586090527706;34,9318054633574;22,5557533900157
"Nilotic";"swap";0,997108493641482;34,4113831751551;64,8564657991991;34,9317884040548;22,6460176566966
"Nilotic";"swap";0,997048110407995;34,3829217183773;64,8233768295246;34,9032478480696;22,5371980183783
"Nilotic";"swap";0,997039999310449;34,3855293609091;64,8220543958191;34,9057883128489;22,5243300762445
"Nilotic";"swap";0,997126646669094;34,385363002929;64,8421439943439;34,9059681948777;22,5229419338285
"Nilotic";"swap";0,997126364059697;34,4458213842605;64,8525147574064;34,9655704163239;22,450763845064
"Nilotic";"swap";0,997125067489911;34,4615403144532;64,8579188594026;34,9811130326403;22,4337026762152
"Nilotic";"swap";0,997102678663862;34,4330621120726;64,8141560230722;34,9523735662807;22,5329227545013
"Nilotic";"swap";0,997061489523116;34,4308451292129;64,8058584001146;34,9500526455555;22,5484052249013
"Nilotic";"swap";0,997056552057652;34,4256310450515;64,8130084072646;34,9450499038249;22,5486057274709
"Nilotic";"swap";0,997051794511093;34,4279952743894;64,8130084072646;34,9473737208137;22,541978509166
"Nilotic";"swap";0,997130544798427;34,4279952743894;64,8080570099768;34,9472890853712;22,5550974489677
"Nilotic";"swap";0,997129351676972;34,4245009616845;64,8122562205252;34,9439262799373;22,5760974024357
"Nilotic";"swap";0,997142406431173;34,4228314788548;64,8244904437706;34,9424944565494;22,5844937704653
"Nilotic";"swap";0,997114881369121;34,4174640392768;64,8219990095415;34,9371761772328;22,5849390604823
"Nilotic";"swap";0,997113207564809;34,4125621429275;64,8203343225027;34,9323296152925;22,6273203765552
"Nilotic";"swap";0,997104051802978;34,4137596721661;64,8444516675805;34,933918918538;22,6121625923569
"Nilotic";"swap";0,997088368037545;34,4103091752946;64,8439517615628;34,9305188568361;22,619947354103
"Nilotic";"swap";0,997088368037545;34,4103091752946;64,8439517615628;34,9305188568361;22,6128078486353
"Nilotic";"swap";0,997075221725959;34,4102246287001;64,8421146069479;34,9304043524849;22,6850731612948
"Nilotic";"swap";0,997083194593701;34,4117965217193;64,8492007747483;34,932070502349;22,671548358114
"Nilotic";"swap";0,997096530835657;34,4781227393613;64,8513603687447;34,99729990423;22,5974600616736
"Nilotic";"swap";0,997101954408986;34,4919247268475;64,8513603687447;35,0108659709751;22,6065045605142
"Nilotic";"swap";0,997175453150058;34,4930772160383;64,8502899725978;35,0119804638442;22,5766294169753
"Nilotic";"swap";0,997171412624848;34,5097929564382;64,8397919859427;35,0282310333647;22,7293293038225
"Nilotic";"swap";0,997151034619027;34,5078022727422;64,8371039587663;35,0262284298064;22,7469567865995
"Nilotic";"swap";0,997149460868153;34,5170612209158;64,8421307265;35,0354150362867;22,7587729345709
"Nilotic";"swap";0,997158063726907;34,5708999260703;64,8445404862311;35,0883746539233;22,6819129372628
"Nilotic";"swap";0,997216776546258;34,5708653889779;64,8308659449759;35,0881069649102;22,7135387432636
"Nilotic";"swap";0,997213589541076;34,5665495293989;64,8195368248505;35,0836712259568;22,7032741336666
"Nilotic";"swap";0,997199669149736;34,5670985550675;64,8052263573236;35,083966254681;22,6985593268328
"Nilotic";"swap";0,997192190432953;34,6302357281835;64,8207981061636;35,1462903803892;22,6340097847419
"Nilotic";"swap";0,997207452346082;34,6412773181725;64,8449506203621;35,1575560786061;22,4161893128947
"Nilotic";"swap";0,997207452346082;34,6384413364103;64,8449506203621;35,1547685729724;22,5064374624969
"Nilotic";"swap";0,997167916018501;34,5932336399761;64,8349428254988;35,110162557048;22,5357493054504
"Nilotic";"swap";0,997159863390611;34,5738341797872;64,8298857117201;35,0910082540872;22,5521343081847
"Nilotic";"swap";0,997182028461401;34,5744862211781;64,8532873955516;35,0920491606695;22,5189718587506
"Nilotic";"swap";0,997172813657163;34,5739396763102;64,8419617263312;35,0913183655979;22,5281587673665
"Nilotic";"swap";0,997172546939483;34,5748852020763;64,8475478216789;35,0923432137526;22,5234631074274
"Nilotic";"swap";0,997186121524198;34,5544122539718;64,850825672179;35,0722762438462;22,5557723916065
"Nilotic";"swap";0,997186121524198;34,5544122539718;64,850825672179;35,0722762438462;22,5574127214507
"Nilotic";"swap";0,99717757628939;34,5647004784553;64,8381812881896;35,0821724756553;22,5799866132684
"Nilotic";"swap";0,997181267242783;34,5603383818473;64,839126110563;35,0779010915088;22,5837505992203
"Nilotic";"swap";0,99717187164704;34,5603133588189;64,8247072271441;35,0776300307112;22,5874590010123
"Nilotic";"swap";0,997175339942183;34,5668194623645;64,8673079138672;35,0847531077777;22,6116156988493
"Nilotic";"swap";0,99717506671875;34,5652968621577;64,8535245755932;35,0830209317823;22,6169128274298
"Nilotic";"swap";0,997180445018111;34,5652966018404;64,8432699600754;35,0828453912685;22,6178799135559
"Nilotic";"swap";0,99714133352075;34,5538442384144;64,8215915356192;35,0712182312851;22,6346483618972
"Nilotic";"swap";0,997138581058538;34,5776410134528;64,868751959464;35,0954143668757;22,5739070137223
"Nilotic";"swap";0,997150214904569;34,5747309118585;64,8528970640821;35,0922829967613;22,5736952332379
"Nilotic";"swap";0,997151806461224;34,5754210112328;64,8528970640821;35,0929613000986;22,5667703799462
"Nilotic";"swap";0,997158947089743;34,5758810774824;64,8486978535337;35,0933417241925;22,519284620382
"Nilotic";"swap";0,997158947089743;34,5758810774824;64,8486978535337;35,0933417241925;22,5137015867538
"Nilotic";"swap";0,997174763770852;34,5873827337209;64,8540868404042;35,1047388950814;22,5268146888324
"Nilotic";"swap";0,997125624314548;34,5872348552835;64,8503793795121;35,1045301718322;22,5300842272452
"Nilotic";"swap";0,99712378966109;34,5866565360748;64,8539295566734;35,1040224220198;22,6551621294013
"Nilotic";"swap";0,997108516383162;34,5892646569545;64,8563041102573;35,1066265504766;22,6630393519366
"Nilotic";"swap";0,997132103330325;34,6089525713792;64,8602308720261;35,1260450556717;22,5997959737835
"Nilotic";"swap";0,997192658279229;34,6344479093746;64,8720110014366;35,1513059562589;22,5668738186374
"Nilotic";"swap";0,9971973427919;34,6344479093746;64,872220961964;35,1513095451654;22,5789779332867
"Nilotic";"swap";0,997191577406336;34,6375150177048;64,872220961964;35,1543242266643;22,5812939559006
"Nilotic";"swap";0,997156842348988;34,623015421584;64,8563128675596;35,1398005547385;22,5770207078508
"Nilotic";"swap";0,997182154428237;34,6312893114369;64,8720242983342;35,1482015762939;22,5726699673394
"Nilotic";"swap";0,997153658967648;34,6325649496742;64,8782114972098;35,1495611690361;22,5291438601173
"Nilotic";"swap";0,997141624054457;34,6331491607848;64,8736396439523;35,1500572462798;22,5380055326451
"Nilotic";"swap";0,997074402953344;34,6331491607848;64,8643369541885;35,1498982331329;22,5364404641296
"Nilotic";"swap";0,997092036422938;34,5783337951376;64,8369635122603;35,0955519389864;22,5222637150268
"Nilotic";"swap";0,997104518551002;34,5851585407394;64,8689103844464;35,1028061032302;22,5631912714442
"Nilotic";"swap";0,997105681827389;34,6447115608188;64,8647111738979;35,1612693908696;22,6065875857149
"Nilotic";"swap";0,997121799189128;34,6004117722155;64,8584473514966;35,1176197603212;22,6259067572207
"Nilotic";"swap";0,997121767738132;34,6004117722155;64,8573643971972;35,117601249119;22,6419484488738
"Nilotic";"swap";0,997120024123442;34,6040924171135;64,8661939606436;35,1213699057385;22,4972159122119
"Nilotic";"swap";0,997161353091973;34,6424312712418;64,8835066339546;35,1593493542257;22,4652331219284
"Nilotic";"swap";0,997160278158911;34,6196689458479;64,8816693323908;35,1369447053719;22,4506920147344
"Nilotic";"swap";0,997130891417138;34,6127679521048;64,865040226666;35,1298774266361;22,4673919039672
"Nilotic";"swap";0,997130234058286;34,6124612412718;64,8656360605952;35,129586143221;22,5692985365177
"Nilotic";"swap";0,997130954180848;34,6298031829558;64,8663143946068;35,1466432497915;22,5693095109885
"Nilotic";"swap";0,997122090723732;34,6776391189497;64,8742300934475;35,1937968194272;22,5361614109698
"Nilotic";"swap";0,99713159274485;34,6583930141772;64,8652377300415;35,1747259843589;22,5895194639574
"Nilotic";"swap";0,997146999644814;34,666270670159;64,8683668632876;35,1825224726824;22,5375260941068
"Nilotic";"swap";0,997094925651864;34,6661830384924;64,8579719754213;35,1822586565696;22,6989896539608
"Nilotic";"swap";0,997104611785978;34,6822853572263;64,8596105187265;35,1981137424595;22,6925710799515
"Nilotic";"swap";0,997105249822035;34,7193894991363;64,8657440419529;35,2346884960244;22,6865891883878
"Nilotic";"swap";0,997064547758643;34,7204420749496;64,8718771550246;35,2358279147013;22,5706309552767
"Nilotic";"swap";0,997068940445988;34,7475805066933;64,8724020563431;35,2625114348731;22,5771890691805
"Nilotic";"swap";0,997063187641649;34,7501053940866;64,8727694872661;35,2649994443363;22,5863125442111
"Nilotic";"swap";0,997056971843418;34,7485645372826;64,8732693932838;35,2634934707894;22,585812923735
"Nilotic";"swap";0,997042576156339;34,7633921159647;64,9285545953383;35,2790126015034;22,4667052773219
"Nilotic";"swap";0,997042576156339;34,7633921159647;64,9285545953383;35,2790126015034;22,4706053642919
"Nilotic";"swap";0,997073546515474;34,764049353464;64,934853411161;35,2797662718781;22,4709687358239
"Nilotic";"swap";0,99707111777995;34,7772379192842;64,9350283782671;35,2927323930788;22,4699524916632
"Nilotic";"swap";0,997076882771603;34,7473336130641;64,9350283782671;35,2633392484646;22,5110319506462
"Nilotic";"swap";0,997046967821605;34,6611277867267;64,9168736775335;35,1782966366283;22,5961721178103
"Nilotic";"swap";0,997035997923322;34,6611277867267;64,9158938617388;35,1782798883978;22,5819401493969
"Nilotic";"swap";0,997035997923322;34,6620656925601;64,9158938617388;35,1792017623778;22,579467339211
"Nilotic";"swap";0,997002066663531;34,6620656925601;64,9123507778386;35,1791411995799;22,5395494530341
"Nilotic";"swap";0,997046512630225;34,6621161384208;64,9104611330918;35,1791584829982;22,5342468776313
"Nilotic";"swap";0,997001665999538;34,6322752834511;64,9123820824667;35,1498605403032;22,5910383833151
"Nilotic";"swap";0,99696432868788;34,5926290167446;64,8568160714796;35,1099421535217;22,641582216741
"Nilotic";"swap";0,996996584662826;34,6248336542124;64,8607353346581;35,1416633021824;22,590605912047
"Nilotic";"swap";0,996996301294203;34,6283608287922;64,8552573412415;35,1450365492275;22,5837663147315
"Nilotic";"swap";0,997034009474746;34,6389642604483;64,8781140841268;35,1558494297234;22,5974700023201
"Nilotic";"swap";0,997043199671002;34,6416589341956;64,8751552982733;35,1584474675057;22,6256349559531
"Nilotic";"swap";0,997043199671002;34,6419161140866;64,8751552982733;35,1587002513581;22,6259068477727
"Nilotic";"swap";0,997105234552799;34,6403825599215;64,8858899752828;35,1573764010631;22,6380460675046
"Nilotic";"swap";0,997109748167586;34,63575197609;64,8668923532018;35,1525002379399;22,924247218694
"Nilotic";"swap";0,997121094333643;34,6558415356532;64,8706485856995;35,1723106079566;22,9248906366456
"Nilotic";"swap";0,997119067928158;34,6577584783596;64,872302024853;35,1742230465325;22,926583891921
"Nilotic";"swap";0,997122447255007;34,6573701497979;64,8583963729865;35,173603663064;23,0634695088491
"Nilotic";"swap";0,997121570789616;34,6573701497979;64,8587630400198;35,1736099305931;23,0669685461455
"Nilotic";"swap";0,997168120456013;34,6843429834658;64,8766308364431;35,2004271296368;23,0444978773559
"Nilotic";"swap";0,997246443500522;34,6869453656459;64,9176744737696;35,2036865975745;23,0322193694626
"Nilotic";"swap";0,997246443500522;34,6869453656459;64,9176744737696;35,2036865975745;23,0443806116465
"Nilotic";"swap";0,997248364574973;34,6871293921457;64,9159704463007;35,203838351107;23,0792902561672
"Nilotic";"swap";0,99727120233006;34,7099793492062;64,9210579513882;35,2263846902401;23,0510510291175
"Nilotic";"swap";0,997245898767132;34,6975575604686;64,9186584025034;35,2141342140948;23,0734502601439
"Nilotic";"swap";0,997254204322755;34,6972588161507;64,923396327563;35,213921562796;22,9525625707381
"Nilotic";"swap";0,997260467901959;34,7037050238835;64,9386619751798;35,2205185233675;22,9274848945551
"Nilotic";"swap";0,997207409718153;34,7063319995249;64,9654115652088;35,2235578327449;22,90445621141
"Nilotic";"swap";0,99718163618903;34,639966046936;64,9015341323398;35,1572344170311;22,9765190470456
"Nilotic";"swap";0,997189937466854;34,6433573247683;64,9062359611619;35,1606480964314;22,980608316305
"Nilotic";"swap";0,997172633556362;34,6431382456018;64,9034524559055;35,1603851829038;22,9661819731766
"Nilotic";"swap";0,99714587641021;34,6084141977199;64,8977310315332;35,126156883945;23,0491555586019
"Nilotic";"swap";0,99712841950649;34,6091809748025;64,8967412176183;35,1268936351888;23,0203227066224
"Nilotic";"swap";0,99712841950649;34,6091809748025;64,8967412176183;35,1268936351888;23,018332839679
"Nilotic";"swap";0,997137542476979;34,6191490768758;64,9021402026091;35,1367836362286;23,1464811322794
"Nilotic";"swap";0,99714331169236;34,6191121341144;64,9090143048779;35,1368648256469;23,1449011428777
"Nilotic";"swap";0,997072045623016;34,6449035480243;64,9739036833441;35,1633245506087;23,0682247115972
"Nilotic";"swap";0,997100414027914;34,6567885928041;64,9793377933103;35,175099327985;23,049600428597
"Nilotic";"swap";0,997101155330458;34,6535819874743;64,9777312127564;35,1719200722693;22,9339758774429
"Nilotic";"swap";0,997053346492967;34,5989701984127;64,9744331584862;35,1181854014021;23,0193930461769
"Nilotic";"swap";0,997039848063221;34,5839304136361;64,9595149104852;35,1031476940833;23,1354225511433
"Nilotic";"swap";0,997075161105585;34,584126672056;64,9795029860675;35,1036822588651;23,2059919265778
"Nilotic";"swap";0,996987703893402;34,5839878096441;64,9744071475264;35,1034586656502;23,1575782418229
"Nilotic";"swap";0,997002089338502;34,5824980713122;64,9490827719498;35,1015615160459;23,1582468880975
"Nilotic";"swap";0,996997416047318;34,575828977006;64,9358851921507;35,0947808287435;23,3111785022534
"Nilotic";"swap";0,997007526076864;34,5569189595912;64,9302906669984;35,0760984162883;23,3055140412713
"Nilotic";"swap";0,997022647935976;34,5615196220866;64,926172210499;35,0805500407544;23,3210819762844
"Nilotic";"swap";0,997040104258014;34,5916795206675;64,9410725013495;35,1104491031355;23,2914382650424
"Nilotic";"swap";0,997025934593594;34,5911683359458;64,9352967398114;35,1098479297172;23,2794044615878
"Nilotic";"swap";0,997012839384028;34,5889111885723;64,9284526306903;35,1075123762869;23,2852883991244
"Nilotic";"swap";0,99701598649334;34,5893174700205;64,9235535517171;35,1078279719144;23,069731468502
"Nilotic";"swap";0,997006670141256;34,5959884306388;64,9240434596145;35,1143932782898;23,0662523836316
"Nilotic";"swap";0,996999732806783;34,5574612526886;64,8828986578303;35,0758213566564;23,111567294986
"Nilotic";"swap";0,997042472996839;34,609013260466;64,9247528084807;35,1272075965947;23,0707718714903
"Nilotic";"swap";0,997045899980109;34,5883869569449;64,9158562955413;35,1067817932473;23,1230482174078
"Nilotic";"swap";0,997044582223458;34,5883869569449;64,9158562955413;35,1067817932473;23,126571428583
"Nilotic";"swap";0,997060547619983;34,5842800205022;64,9114046324539;35,1026689643079;23,121056536125
"Nilotic";"swap";0,997128865384341;34,5644531873412;64,8997244954605;35,082981384613;23,2055788867743
"Nilotic";"swap";0,997083806840598;34,5654234367866;64,8950619461218;35,0838553512538;23,183643108178
"Nilotic";"swap";0,997070031365393;34,5517261438636;64,8720861166943;35,0699994580415;23,2401571658432
"Nilotic";"swap";0,997135637324199;34,543755396166;64,864747496355;35,0620395154511;23,2275421483112
"Nilotic";"swap";0,997137824625426;34,5368544024229;64,86375768244;35,0552395629478;23,2185315841629
"Nilotic";"swap";0,997119303181232;34,5367165114181;64,8555180441011;35,0549631867982;23,2429504960134
"Nilotic";"swap";0,997150839077399;34,5411325014111;64,8647172293402;35,059460937115;23,1740667977403
"Nilotic";"swap";0,99711587562848;34,5382492545454;64,8697248203018;35,0567125702665;23,1665577768224
"Nilotic";"swap";0,997140268860279;34,5324984264261;64,878726877915;35,0512139168242;23,3533479832423
"Nilotic";"swap";0,997140268860279;34,5336985574739;64,878726877915;35,052393533739;23,3529722344241
"Nilotic";"swap";0,997140268860279;34,5336985574739;64,878726877915;35,052393533739;23,3525140514115
"Nilotic";"swap";0,997135032927407;34,5659031949417;64,878726877915;35,0840476894775;23,265988725614
"Nilotic";"swap";0,997086330729281;34,548017206661;64,8546966688736;35,0660566765315;23,4993692824406
"Nilotic";"swap";0,997072910114571;34,5271040109659;64,8325557882557;35,0451224957184;23,7562646723268
"Nilotic";"swap";0,997070464815923;34,5283011969027;64,8286880943296;35,0462331064273;23,7303655086904
"Nilotic";"swap";0,997044587843314;34,5289059371099;64,8535713065641;35,0472528444833;23,7056608691579
"Nilotic";"swap";0,997026280435243;34,5294536350261;64,8578061078028;35,0478635669565;23,7108787293982
"Nilotic";"swap";0,997006265973324;34,453542703852;64,8535827638604;34,9731780092098;23,7921239464854
"Nilotic";"swap";0,997008919228085;34,4205712893016;64,8535827638604;34,9407701830966;23,8352095304857
"Nilotic";"swap";0,997009604956947;34,4159706268062;64,8537612728109;34,9362512121454;23,8061564566934
"Nilotic";"swap";0,997039041544494;34,4318429124153;64,8524505477826;34,9518297843593;23,8079050718679
"Nilotic";"swap";0,99702754276278;34,3665795519335;64,7514017412937;34,8859547345137;23,8641014680997
"Nilotic";"swap";0,996998388705942;34,3698456193471;64,805708507333;34,8900932530478;23,8356327180964
"Nilotic";"swap";0,99698626066106;34,3664675956605;64,8132653473271;34,8869021416553;23,7568101108542
"Nilotic";"swap";0,996985151512756;34,3607543422617;64,8016622655485;34,8810882119824;23,7355962622453
"Nilotic";"swap";0,99700992694496;34,3649168464243;64,8093884244453;34,8853116305652;23,7524308084109
"Nilotic";"swap";0,996968299554825;34,302398954959;64,7627811028081;34,8230657023537;23,9509856927793
"Nilotic";"swap";0,996964400381442;34,3022610769978;64,7825156991556;34,8232675094467;23,7742787225109
"Nilotic";"swap";0,996928551743521;34,2818757605598;64,7705741941585;34,8030265251388;23,8187747957795
"Nilotic";"swap";0,996930783131036;34,2818757605598;64,7707491612647;34,8030295158943;23,8266862904496
"Nilotic";"swap";0,996930783131036;34,2814648722211;64,7707491612647;34,8026256509702;23,8435568572677
"Nilotic";"swap";0,996932103608734;34,3136695096889;64,7707491612647;34,8342798067087;23,822871004862
"Nilotic";"swap";0,996946340253499;34,3154294456593;64,7596927631469;34,8358206699521;23,8390746619429
"Nilotic";"swap";0,996946250639063;34,3051546327529;64,7582330375753;34,8256965354853;23,9836006442507
"Nilotic";"swap";0,996886881149208;34,3460651629067;64,7637545199949;34,8660021520077;23,9051262981696
"Nilotic";"swap";0,996886881149208;34,3460651629067;64,7637545199949;34,8660021520077;23,9125862848979
"Nilotic";"swap";0,996905780420679;34,3422410550244;64,7349397792505;34,8617508731377;23,9330064496479
"Nilotic";"swap";0,996925623116711;34,3518257685565;64,7356396476753;34,8711837158436;23,9299860261586
"Nilotic";"swap";0,99692594719007;34,3629440362537;64,7356396476753;34,8821119362771;23,969119594068
"Nilotic";"swap";0,996915302672026;34,3645965391714;64,7191272098626;34,8834539414288;23,9943414649807
"Nilotic";"swap";0,99691514832348;34,364110632815;64,7169846982759;34,8829397183149;24,0248784498288
"Nilotic";"swap";0,996900094549993;34,3613995281302;64,7200800877873;34,8803278654528;24,0359354108534
"Nilotic";"swap";0,996906913145069;34,2886833865652;64,716678500565;34,8087965344847;24,1173758411144
"Nilotic";"swap";0,996924466421273;34,2995586391274;64,7613344442511;34,8202492086462;24,0536880824923
"Nilotic";"swap";0,996916913481006;34,3036387890365;64,7640528460923;34,8243060818631;24,0528827229258
"Nilotic";"swap";0,9969761327653;34,3023426360039;64,7595811767815;34,8229556489556;24,0553448477281
"Nilotic";"swap";0,996977094668768;34,2962084193434;64,7610315620038;34,8169510777465;24,0326540193153
"Nilotic";"swap";0,996975359423723;34,2841700191471;64,7608216014764;34,8051148639567;23,9717440646164
"Nilotic";"swap";0,997002814927421;34,3370776378442;64,7657206804495;34,8572018609655;23,9680073761185
"Nilotic";"swap";0,997002423520038;34,3402228405289;64,7674718405931;34,8603232349408;23,9549156343171
"Nilotic";"swap";0,996999244368536;34,3404982749283;64,7642997241851;34,8605397395126;23,9536436109913
"Nilotic";"swap";0,997002533769893;34,3419989672184;64,7588730520917;34,8619220206724;23,9524581659637
"Nilotic";"swap";0,996997289892503;34,3433773771997;64,7632002055417;34,8633508342456;23,9496334622243
"Nilotic";"swap";0,997030421830918;34,3175940420782;64,7478021841625;34,837745017827;23,9889875817285
"Nilotic";"swap";0,997027522677546;34,3284676713729;64,7469623420528;34,8484184258957;24,1019533575081
"Nilotic";"swap";0,997041385048166;34,2840375035875;64,7456250934555;34,8047248558969;24,1064897572988
"Nilotic";"swap";0,997054350809106;34,2882657314999;64,7471473072793;34,8089068292499;24,1140095301861
"Nilotic";"swap";0,997111518888901;34,3144895077237;64,7605425722335;34,8349113245992;24,091377677094
"Nilotic";"swap";0,997109256471435;34,2825250932054;64,7591641079806;34,8034697231948;24,0889017460597
"Nilotic";"swap";0,997102814177712;34,2694460669684;64,7547954906112;34,7905395861028;24,0947259390524
"Nilotic";"swap";0,99710508920712;34,2705066603643;64,7614375111421;34,7916955841951;24,0855956201663
"Nilotic";"swap";0,997133683424817;34,2729131607465;64,7728643066586;34,7942562706839;24,087372717446
"Nilotic";"swap";0,997139691413233;34,2728569291505;64,7682451750553;34,7941220443242;24,115324134791
"Nilotic";"swap";0,997134940728676;34,2853373075966;64,7875774745588;34,8067195443296;24,0863349195611
"Nilotic";"swap";0,997129596955593;34,3170652864805;64,845021569396;34,8388870950606;23,9605014310834
