"matrix_id";"baseline";"ceof_cor";"stat_nodf_columns";"stat_nodf_rows";"stat_nodf_general";"stat_temp"
"Pano_Tacanan";"r0";0,997237533234656;30,5425595096957;26,5615170231626;30,1545765554996;78,6258810944748
"Pano_Tacanan";"r0";0,997272103789131;30,9671341742938;26,9029512736607;30,5710485526219;76,1417958337127
"Pano_Tacanan";"r0";0,997103960276564;30,6422951287975;26,5361925344763;30,2421241132492;76,5295321060353
"Pano_Tacanan";"r0";0,997514075953497;30,2594850159404;26,9766030067244;29,9395431252117;76,1214369683779
"Pano_Tacanan";"r0";0,996005890869615;29,3742872498741;26,2018592743147;29,0651099471713;80,6738374895091
"Pano_Tacanan";"r0";0,997091262506909;30,124866765125;26,4738605957141;29,7690483672587;78,6968310174355
"Pano_Tacanan";"r0";0,995106034433854;29,3513550438433;25,986287394605;29,0234035356548;78,897246591951
"Pano_Tacanan";"r0";0,997201071219583;30,88393153534;26,7776346405339;30,4837415837275;75,7170105805554
"Pano_Tacanan";"r0";0,995248208278193;28,5967968303649;25,4638743801514;28,2914696424204;82,9957676898445
"Pano_Tacanan";"r0";0,996729861179596;29,9604021435007;26,4310786034993;29,6164426459582;76,9132593795529
"Pano_Tacanan";"r0";0,99684748052432;30,5105619688953;26,4389355389007;30,1137509185145;78,8516786157304
"Pano_Tacanan";"r0";0,994529320407204;29,4833351963634;25,6496411949849;29,10971247589;78,841865144398
"Pano_Tacanan";"r0";0,996917315357667;29,2777032565765;25,9132391853017;28,9498105716641;79,6269829846842
"Pano_Tacanan";"r0";0,998065341094409;31,1558760531765;26,8501561947488;30,7362508127365;73,8842796179267
"Pano_Tacanan";"r0";0,99612153646308;29,7937315249522;25,9355856560115;29,4177257834876;78,8438687204448
"Pano_Tacanan";"r0";0,997826322650608;31,1864311570884;27,4044887906693;30,8178520281578;72,5553486696343
"Pano_Tacanan";"r0";0,996972227484013;30,3957174585109;26,3844749521548;30,004791282044;82,8331396522629
"Pano_Tacanan";"r0";0,996258827457849;29,8725320497621;26,0793943791904;29,5028618530538;79,2084745617731
"Pano_Tacanan";"r0";0,997993981996224;31,6242027186863;27,6111650806955;31,2331015929499;72,3710054082226
"Pano_Tacanan";"r0";0,997201908236767;30,7824895500952;26,6496433365402;30,3797121648758;73,6125773555326
"Pano_Tacanan";"r0";0,997082521142839;31,2349320389226;26,8044563036355;30,8031483867548;76,6662352175856
"Pano_Tacanan";"r0";0,996659595993865;29,2856027861896;26,3303545018051;28,9975913008471;78,8430250106913
"Pano_Tacanan";"r0";0,996880606895779;30,3255560297814;26,7599573584053;29,9780612440117;75,0769370135136
"Pano_Tacanan";"r0";0,997355146332276;30,2424267829197;26,5724134116583;29,8847559882629;77,4775861429991
"Pano_Tacanan";"r0";0,996829356290095;30,1241554263855;26,3285476991825;29,7542445038191;77,7742425889538
"Pano_Tacanan";"r0";0,996720930290349;30,3309051841916;26,0386057082903;29,9125878623876;77,8063872288064
"Pano_Tacanan";"r0";0,996898853925074;29,5402394727512;25,9721342270342;29,192500402194;79,0564958361781
"Pano_Tacanan";"r0";0,995995423944226;29,6549484900424;26,0150330476666;29,3002109681159;77,6123668681529
"Pano_Tacanan";"r0";0,996192795036161;29,7971470800109;25,8841970046079;29,4158002506284;81,619603639264
"Pano_Tacanan";"r0";0,997808961239401;29,3180618503388;26,2750612209621;29,0214982296792;79,6696828375009
"Pano_Tacanan";"r0";0,997411691026429;30,926730416167;26,820861155007;30,526582140715;75,5991707662089
"Pano_Tacanan";"r0";0,998042722100894;32,0759292003423;27,6434064338253;31,6439460493682;73,4593545767178
"Pano_Tacanan";"r0";0,997223919109757;30,5795667121958;26,8434070655243;30,2154494584948;79,0216619641214
"Pano_Tacanan";"r0";0,997788342795271;31,2304635896185;27,2253401591278;30,8401337637656;73,456810658469
"Pano_Tacanan";"r0";0,997048207839422;30,2644881635492;26,604998490383;29,9078429835372;75,0761808414973
"Pano_Tacanan";"r0";0,99681980470193;28,8822130312741;26,2068355786643;28,621477093096;76,8826377962579
"Pano_Tacanan";"r0";0,997372949549836;29,8534543399567;26,4392318272529;29,5207123154135;79,013319842349
"Pano_Tacanan";"r0";0,997404222945983;30,012032068957;26,7587836306123;29,6949781957284;76,2983724240721
"Pano_Tacanan";"r0";0,997145611619108;30,7493177358201;26,7999886485609;30,3644254942652;73,2800753079943
"Pano_Tacanan";"r0";0,99700451737452;30,7953246979069;26,7696746951299;30,4029944010261;75,7238868677721
"Pano_Tacanan";"r0";0,996930982470301;30,9387949470109;26,8618213297847;30,5414627724507;77,0446614882362
"Pano_Tacanan";"r0";0,996653101976901;30,125350870656;26,4803318013198;29,7701159613563;77,7374293553488
"Pano_Tacanan";"r0";0,996551394065577;30,5550912094339;26,7015745551463;30,1795366202449;76,4752686952731
"Pano_Tacanan";"r0";0,996623339459625;28,9743864421094;25,9531225406511;28,6799412313741;79,0115362139556
"Pano_Tacanan";"r0";0,996702719756115;29,659594556895;26,3139466594347;29,3335356516341;77,827100630763
"Pano_Tacanan";"r0";0,997514646229292;30,9154604958596;27,0293241481432;30,5367268687516;74,3130478446417
"Pano_Tacanan";"r0";0,997329804541633;31,4605082797571;27,1474784156358;31,040170623508;75,8970475831369
"Pano_Tacanan";"r0";0,99731064047343;29,2726589616261;25,986314851975;28,9523796628042;78,0328572824791
"Pano_Tacanan";"r0";0,996896493359453;30,1679211068882;26,2969324817648;29,7906637408805;79,6305652948106
"Pano_Tacanan";"r0";0,996857889353621;30,7870342142643;26,8942912550514;30,4076567224766;75,7271646357058
"Pano_Tacanan";"r0";0,997394961763842;28,9016266510398;26,2826777398711;28,6463901046123;77,9741227511814
"Pano_Tacanan";"r0";0,996575875144429;30,0049398523577;26,1422283272099;29,628489152873;80,0852883159309
"Pano_Tacanan";"r0";0,997852647042712;30,9059929159694;26,9821802027553;30,5235874396816;76,3493446268139
"Pano_Tacanan";"r0";0,996857254437455;30,1000912884716;26,7188123398948;29,7705598655171;77,8871618305473
"Pano_Tacanan";"r0";0,996339077582737;30,0414989939638;26,2475407408747;29,6717488252305;76,4887491769863
"Pano_Tacanan";"r0";0,996959794683842;29,6110190887186;26,0376596553345;29,262767957499;79,5680953517985
"Pano_Tacanan";"r0";0,997234777171957;30,5071365341318;26,5820092540071;30,1246029432722;74,6161191244128
"Pano_Tacanan";"r0";0,995443754078526;29,1768822813424;25,7144115755199;28,8394381023851;77,7354269251953
"Pano_Tacanan";"r0";0,996873411227837;30,5022559600024;26,5391582893573;30,1160218649819;76,9035016408464
"Pano_Tacanan";"r0";0,994842307176384;29,2181526307113;25,8014098635679;28,8851649881507;76,9969309422182
"Pano_Tacanan";"r0";0,997448076178118;30,28176635571;26,6444927167741;29,9272862976781;78,0438780558198
"Pano_Tacanan";"r0";0,997056169336831;31,3700391722692;27,1216620272684;30,9560024166124;73,4713985330113
"Pano_Tacanan";"r0";0,997183471924498;29,8046909402543;26,5727086830708;29,4897096185797;75,754426932042
"Pano_Tacanan";"r0";0,99658437163515;31,5582679579158;26,8047661113028;31,0950029474408;74,0416605907149
"Pano_Tacanan";"r0";0,997263457751828;30,3970469844883;26,1916967573121;29,9872035301449;79,3631140394274
"Pano_Tacanan";"r0";0,997586606975999;31,2569369640966;27,1514175612027;30,856822785001;76,7769244234675
"Pano_Tacanan";"r0";0,997441148996985;30,3189817919865;26,8514972390209;29,9810489753839;76,4644801051898
"Pano_Tacanan";"r0";0,996841949614801;30,2213844232624;26,5470793517754;29,8632953696852;73,7831591927584
"Pano_Tacanan";"r0";0,997204736932825;31,1642229922746;26,7913849803712;30,7380565758603;79,6343168847141
"Pano_Tacanan";"r0";0,996626412822012;29,523374816802;26,0282751569688;29,1827506974115;82,8484695007305
"Pano_Tacanan";"r0";0,99632023624147;29,7501831979531;26,5516997870744;29,4384665943506;75,8488318863622
"Pano_Tacanan";"r0";0,997433732668534;30,7110691647077;26,8857628403942;30,3382638873381;77,6617975329293
"Pano_Tacanan";"r0";0,997014110533609;30,0236195512017;26,4067919914353;29,6711321195296;76,8380698158944
"Pano_Tacanan";"r0";0,99743500984006;28,9196274730312;27,1339637665128;28,7456009253621;71,8725547731766
"Pano_Tacanan";"r0";0,995790868164076;29,5755707081998;26,1543470771408;29,2421463712746;78,6416840426656
"Pano_Tacanan";"r0";0,995967053856806;29,4364969276941;26,0482893663672;29,1062902585817;75,865538477801
"Pano_Tacanan";"r0";0,996261413558413;29,9356139643698;25,9977221629047;29,5518363735491;78,5102451862627
"Pano_Tacanan";"r0";0,996783450538808;30,4471427329409;26,8766827658978;30,0991741768307;74,179179652958
"Pano_Tacanan";"r0";0,997028760822798;30,0781456415259;26,7752146831343;29,7562498277844;77,7784622371785
"Pano_Tacanan";"r0";0,996456334819336;31,0440222705481;26,7338281713717;30,6239609812216;73,9511295226701
"Pano_Tacanan";"r0";0,996144450578763;28,9642470422987;25,8411030512065;28,659872839777;81,923908356159
"Pano_Tacanan";"r0";0,996881056611519;29,8753378859013;26,3150360410583;29,5283593162767;79,0625213714046
"Pano_Tacanan";"r0";0,997798028526512;30,4750684240121;26,8568171493254;30,1224422404621;77,290393666221
"Pano_Tacanan";"r0";0,997763240834129;31,9187543894117;26,9768174015264;31,4371249372025;77,2130354083829
"Pano_Tacanan";"r0";0,997449873294004;30,2325555465227;26,4594881879232;29,8648413547948;75,6367429683357
"Pano_Tacanan";"r0";0,996767669782813;30,4264009985841;26,3069879210064;30,0249327749219;77,2449949872868
"Pano_Tacanan";"r0";0,997060306186274;29,8833432694935;26,3142485708648;29,5355077692034;75,1537064340894
"Pano_Tacanan";"r0";0,99730786254768;31,2898561402083;26,8690369351995;30,8590135905676;75,5510597867083
"Pano_Tacanan";"r0";0,996931993305678;30,7374352738203;26,6649433727336;30,3405398766805;73,0280920533878
"Pano_Tacanan";"r0";0,997616355742673;31,5117910041619;27,2213501665795;31,0936548208382;75,132992819586
"Pano_Tacanan";"r0";0,995973115966486;29,4874409193658;25,9212224604972;29,1398857305778;75,405882099552
"Pano_Tacanan";"r0";0,995713245665836;28,4750407608389;25,9629373241203;28,2302171208197;76,9569681024582
"Pano_Tacanan";"r0";0,996966994331556;29,3903389472638;26,4161115253046;29,1004778002085;77,9516094208216
"Pano_Tacanan";"r0";0,99815274860615;31,2262364873867;27,3441057269781;30,847893235313;74,6481283176894
"Pano_Tacanan";"r0";0,997472543821494;30,9164712656497;27,1496375579303;30,5493645907448;75,3207892021206
"Pano_Tacanan";"r0";0,996648550814048;30,7315469698099;26,7248407580215;30,3410628898475;75,6057323103321
"Pano_Tacanan";"r0";0,997141332506903;29,4947137934227;26,2028244098436;29,173894065362;80,0975738162818
"Pano_Tacanan";"r0";0,99730033114127;30,8606761218264;26,8017100282547;30,4650989177918;76,1518778860446
"Pano_Tacanan";"r0";0,996741214556612;29,4106050444079;26,6513194923303;29,1416916219596;77,7858643792154
"Pano_Tacanan";"r0";0,998372673951695;31,8050516906151;27,5862217649105;31,3938945368388;73,8621149220715
"Pano_Tacanan";"r0";0,997251969780787;30,4612791790022;26,5709638539456;30,0821382786789;77,2195151640277
"Pano_Tacanan";"r0";0,99492102678075;29,4086276920784;25,4569716930427;29,0235086752232;80,2887556274243
"Pano_Tacanan";"r0";0,996649845034996;30,0228940985983;26,2781300456656;29,6579382798803;76,5124851443157
"Pano_Tacanan";"r0";0,99748029604919;30,9543328997554;26,9273022520212;30,5618680484932;73,3289721169165
"Pano_Tacanan";"r0";0,995806698750323;30,3451136109587;26,4747266095391;29,9679148777695;76,6496730230982
"Pano_Tacanan";"r0";0,996573402243356;29,7145174639306;26,469317687107;29,3982479941554;81,1408463478292
"Pano_Tacanan";"r0";0,997116024492485;30,1074996556217;26,5651800995299;29,762273597189;76,1812794081915
"Pano_Tacanan";"r0";0,997817573840678;31,7242851045668;27,4641067568388;31,309098231695;73,7530110243669
"Pano_Tacanan";"r0";0,997640873689267;30,2943799158588;26,621687845571;29,9364480615511;77,8160271940282
"Pano_Tacanan";"r0";0,997615273257314;29,915861611871;27,0811868130543;29,6396009323253;75,9268635383924
"Pano_Tacanan";"r0";0,997048716398066;30,1561247394581;26,3212269302459;29,7823846987298;76,0713190836225
"Pano_Tacanan";"r0";0,996966944768305;30,6270690924447;26,5365274665344;30,2284146119534;74,1226941864356
"Pano_Tacanan";"r0";0,996967273438686;30,8194706962313;26,5201138216261;30,400465577096;77,4844612196305
"Pano_Tacanan";"r0";0,997009127004147;30,5440217059935;26,5137701522141;30,151242952871;74,7024345738748
"Pano_Tacanan";"r0";0,997524792698783;31,1268777084505;26,4955415093461;30,6755186720971;81,3537091474041
"Pano_Tacanan";"r0";0,996331040759325;29,143349152152;26,6339446001917;28,8987885390372;73,699192962373
"Pano_Tacanan";"r0";0,996827746661725;30,7175883584334;26,6974308850739;30,3257933504365;73,4149189707799
"Pano_Tacanan";"r0";0,996836514518925;28,1417206945376;25,8922601992943;27,9224936123741;78,8232021581727
"Pano_Tacanan";"r0";0,996786254542827;30,2883597015052;26,8173025841417;29,9500787112537;77,2984827573299
"Pano_Tacanan";"r0";0,997647460890936;31,6107277785682;27,4410910202125;31,2043648741521;73,3818446962314
"Pano_Tacanan";"r0";0,996123589088706;29,9820415196002;26,4350790047238;29,6363629694216;75,8100027997407
"Pano_Tacanan";"r0";0,996591879670201;30,55269749812;26,4952784809018;30,1572710684759;78,1550239940303
"Pano_Tacanan";"r0";0,995525485903464;28,7762771917701;25,8332948092674;28,4894611121195;81,5845303050514
"Pano_Tacanan";"r0";0,995527921544502;29,3615551332687;25,7964241674818;29,0141059289759;79,1185636415464
"Pano_Tacanan";"r0";0,998115425475878;31,4371286642413;27,3865141434289;31,0423653846706;75,5662370400821
"Pano_Tacanan";"r0";0,996318267085121;28,4656239908587;26,6508067154769;28,2887562055461;75,2205219582011
"Pano_Tacanan";"r0";0,995461828817323;29,786159436981;25,7613754029534;29,3939135353597;79,4689750664148
"Pano_Tacanan";"r0";0,996703148963453;29,9724257441394;26,6736983256484;29,650939597422;78,0167572132795
"Pano_Tacanan";"r0";0,997391336506755;30,4094857498613;26,7075222761224;30,0487011740308;76,6372513841067
"Pano_Tacanan";"r0";0,997267781831348;31,0980699008868;27,054782035381;30,704020659757;76,3976232282556
"Pano_Tacanan";"r0";0,99640777237596;29,9694477188609;25,9045706124355;29,5732944415397;75,8093264950347
"Pano_Tacanan";"r0";0,997157949131495;30,8294508265166;26,8087850567206;30,4376062811551;75,9316139389008
"Pano_Tacanan";"r0";0,997422317376076;30,1290557599243;26,600108865182;29,785132969335;75,9696760266769
"Pano_Tacanan";"r0";0,997573344756432;28,7867482673821;25,8287871346274;28,4984723942746;80,738689976698
"Pano_Tacanan";"r0";0,995762073256537;28,3289396875078;25,6967637248206;28,0724140640255;80,5007965777459
"Pano_Tacanan";"r0";0,997940706377054;31,3078442597222;27,2021264781935;30,9077107471156;73,37321375364
"Pano_Tacanan";"r0";0,997261174678656;30,6218638994461;26,9381123202882;30,2628542116468;77,6324513812619
"Pano_Tacanan";"r0";0,998137732683629;31,8851718616977;27,4651958393626;31,4544114866396;73,4098330902711
"Pano_Tacanan";"r0";0,997476333355689;30,5823747196987;26,7688430777924;30,2107169749366;77,7984197494613
"Pano_Tacanan";"r0";0,995819459272332;28,9374518717242;26,0312269139749;28,6542180834689;78,6783821896513
"Pano_Tacanan";"r0";0,997215659053901;30,313787890079;26,325305516182;29,9250798621144;78,588261610846
"Pano_Tacanan";"r0";0,996836326969173;30,6738890130909;26,9329321494529;30,3093042340075;75,1007008588429
"Pano_Tacanan";"r0";0,995528258931889;28,7203340695125;25,8254410443247;28,4382046645154;80,3910514290478
"Pano_Tacanan";"r0";0,996644641867421;30,2485931300485;26,7747708787158;29,9100426564017;76,6354752815107
"Pano_Tacanan";"r0";0,997492700049976;30,9890685301483;27,135826680275;30,6135407227454;75,8751544548559
"Pano_Tacanan";"r0";0,998303789414659;30,8314858285516;27,6602847005046;30,5224280914961;74,2737401634009
"Pano_Tacanan";"r0";0,996598118866072;29,7113065598981;26,0328036489612;29,3528083948492;77,5543370590446
"Pano_Tacanan";"r0";0,996121389125208;29,273957437103;25,943761252437;28,9494044191059;79,1282304060158
"Pano_Tacanan";"r0";0,995295792165774;29,56723223742;26,209180761091;29,2399645087947;79,8579967334365
"Pano_Tacanan";"r0";0,996312173823641;31,2695787519731;26,6237757422714;30,8168098145869;74,9971204686534
"Pano_Tacanan";"r0";0,998005824334296;31,6381030289481;27,0346137895387;31,189457891209;74,1972724494476
"Pano_Tacanan";"r0";0,996831810352293;30,1037552475346;26,2675333552609;29,729886164813;77,7794055208827
"Pano_Tacanan";"r0";0,996624068019671;29,5634977090376;26,3732811985473;29,2525867779305;75,9810067787852
"Pano_Tacanan";"r0";0,996907629476485;28,7780541272325;25,641287993044;28,4723523429684;83,4077759155249
"Pano_Tacanan";"r0";0,995654863662593;29,1144806549736;25,8691826088105;28,7982016081018;79,8387382954656
"Pano_Tacanan";"r0";0,997682558225527;31,6704054292082;26,9009178729605;31,2055824894044;77,5269463067172
"Pano_Tacanan";"r0";0,99759750869933;31,610610633498;27,5110088500547;31,2110731715522;72,2317233532644
"Pano_Tacanan";"r0";0,997357778231294;30,9295588344884;26,7306956982114;30,5203475966309;77,7926742405215
"Pano_Tacanan";"r0";0,996466474634247;28,8048041334426;25,8969047420445;28,5214071588572;81,4012811416975
"Pano_Tacanan";"r0";0,996199668019135;29,697148943041;26,2577678634539;29,3619550242676;79,0347886228635
"Pano_Tacanan";"r0";0,997940666223236;30,4589475686894;27,0644409878068;30,1281270120779;79,0806419652945
"Pano_Tacanan";"r0";0,997092394714834;30,3449555356832;26,9031010030662;30,0095205600468;74,7419567273697
"Pano_Tacanan";"r0";0,997936960215741;31,827398822704;27,5013447531107;31,4057918582945;77,1214614662219
"Pano_Tacanan";"r0";0,996212033658829;29,7783826979836;26,0846725949701;29,4184024760798;82,7850121178713
"Pano_Tacanan";"r0";0,997325268153909;29,9671344565711;26,5327418788517;29,6324267053527;77,7443903124909
"Pano_Tacanan";"r0";0,996564214249018;30,7714158124956;26,6251446626534;30,3673300648415;73,4444799641537
"Pano_Tacanan";"r0";0,996863674871641;30,9577625686781;26,5614403339505;30,5293074356326;78,0599492097642
"Pano_Tacanan";"r0";0,996950658443588;30,208935995321;25,9359183747304;29,7924978373821;80,3795906918643
"Pano_Tacanan";"r0";0,996856816206643;30,9108353826664;26,7958120775005;30,509794975807;75,5571797209686
"Pano_Tacanan";"r0";0,997359877089708;30,8494810049974;26,5310882751933;30,4286206965843;75,5800350513966
"Pano_Tacanan";"r0";0,998057964690313;31,1717428589494;27,6143305744838;30,8250458990227;73,9745108279969
"Pano_Tacanan";"r0";0,998039990510884;30,5993734573547;27,072273995217;30,2556307131633;76,4014075503519
"Pano_Tacanan";"r0";0,997075567984506;30,4948348903748;26,4718868953522;30,1027679247582;79,1587769362591
"Pano_Tacanan";"r0";0,997337072719764;30,730928782572;26,8895144503293;30,356553656972;74,761562629149
"Pano_Tacanan";"r0";0,997854666588496;31,0934080916475;27,1280404520878;30,706952770843;74,1140187592046
"Pano_Tacanan";"r0";0,997004574678446;30,4604605748972;26,4250765659829;30,0671816248759;78,8259052970735
"Pano_Tacanan";"r0";0,99673430658331;30,9929194436237;27,1079057652533;30,6142952292062;75,1024374327824
"Pano_Tacanan";"r0";0,995878142234652;28,9169571299853;25,6697955625923;28,6004964687563;81,2384354927069
"Pano_Tacanan";"r0";0,996913074435727;30,3684635873603;26,6677152510652;30,0077974359417;77,0635655968
"Pano_Tacanan";"r0";0,997430802594003;30,1742241413603;26,5767753050113;29,823625314089;77,2902325978024
"Pano_Tacanan";"r0";0,997170885894394;29,2855957292577;26,0827752249004;28,9734564428161;79,6942109384977
"Pano_Tacanan";"r0";0,996776107714099;28,9154017821858;26,1198392048556;28,6429528869375;79,4044390096848
"Pano_Tacanan";"r0";0,997225017717835;30,0600671932832;25,8859966288332;29,6532721806461;81,1865557421532
"Pano_Tacanan";"r0";0,996534018261959;29,344950172415;26,0159269974214;29,0205114731571;78,8398617235107
"Pano_Tacanan";"r0";0,995207109098129;28,6647042750329;25,738747180146;28,3795474395143;80,0247395954118
"Pano_Tacanan";"r0";0,997944215676028;31,5652444408313;27,4220931522444;31,1614627474521;74,2878116364273
"Pano_Tacanan";"r0";0,997985952719822;30,9269477696708;27,0912241268425;30,5531272451578;73,8985126225947
"Pano_Tacanan";"r0";0,998270220658889;31,4867995853911;27,1963700016879;31,0686644988438;74,1542846729304
"Pano_Tacanan";"r0";0,996895387481202;30,4442239858907;26,5532791541398;30,0650217353387;76,927487280625
"Pano_Tacanan";"r0";0,995901566088975;29,4449102019525;25,9645493528938;29,1057224920866;79,5464445147115
"Pano_Tacanan";"r0";0,997726163884292;31,1429449310905;27,6576034494401;30,8032718205906;72,5285202929574
"Pano_Tacanan";"r0";0,996696638187926;30,5266941153091;26,2013077341154;30,1051522222267;75,9171733793814
"Pano_Tacanan";"r0";0,997225922027955;31,1616697942989;26,8269479574325;30,7392180898585;74,9554633206351
"Pano_Tacanan";"r0";0,997099786564122;31,1042531846522;26,6766478693153;30,6727492768016;76,4351406436856
"Pano_Tacanan";"r0";0,995764025553559;29,1668600266018;25,8447255098086;28,8430926796262;78,980972158169
"Pano_Tacanan";"r0";0,997707155659576;30,0112078193064;26,7014059824477;29,6886423860532;78,0618105753422
"Pano_Tacanan";"r0";0,997613042734419;31,1819500053068;27,0275039458454;30,7770675503593;77,282337194937
"Pano_Tacanan";"r0";0,995914084194787;28,8923354944482;25,8990520399833;28,6006171916825;78,1704536936221
"Pano_Tacanan";"r0";0,996925543368784;31,0127007838275;26,8072265668276;30,6028452457301;76,8249425107362
"Pano_Tacanan";"r0";0,996915044202222;30,2071985786775;26,502800783345;29,8461767596408;76,9412291803364
"Pano_Tacanan";"r0";0,997051126240358;30,2865354303148;27,0699319234291;29,9730528851522;75,9641418678542
"Pano_Tacanan";"r0";0,996756566545751;30,5671035189815;26,5682807484618;30,1773877404986;76,9390486939572
"Pano_Tacanan";"r0";0,995300099342197;29,6709691369316;26,2755996007663;29,340064478746;78,2019070872494
"Pano_Tacanan";"r0";0,997672968525669;30,6137032633511;26,714515710138;30,2336976967244;77,2916498225444
"Pano_Tacanan";"r0";0,99767682310182;30,5730849744934;26,8028759196305;30,2056493462653;75,619681471355
"Pano_Tacanan";"r0";0,99538704633566;29,2414221580888;25,9147543655304;28,9172130088141;79,59007467431
"Pano_Tacanan";"r0";0,996826075876558;29,4402850887593;26,1711628917628;29,1216841966791;75,712860700221
"Pano_Tacanan";"r0";0,997919724308617;32,171228832027;27,3478566788934;31,7011544272724;71,4762728222411
"Pano_Tacanan";"r0";0,996525846563037;29,0986674818834;25,7406468233749;28,7714027566898;80,9669793430557
"Pano_Tacanan";"r0";0,997178354198225;29,790364174167;26,3335738335738;29,4534735901261;78,9652915756991
"Pano_Tacanan";"r0";0,998243054718176;31,0693354854153;26,8246271815568;30,6556562863104;71,4847031944746
"Pano_Tacanan";"r0";0,996660778158205;30,8247676293451;26,6367700174038;30,4166153197067;76,2242771918787
"Pano_Tacanan";"r0";0,996690328293169;29,0496839059046;25,8238113686577;28,7352980230373;79,6949532450357
"Pano_Tacanan";"r0";0,997145898807299;29,9808150248291;26,409513979905;29,6327644992645;76,3618464832934
"Pano_Tacanan";"r0";0,997642255193789;30,5991815088059;26,686471984701;30,2178581229821;74,3809860809306
"Pano_Tacanan";"r0";0,996985747284476;30,4188684294318;26,6428128521453;30,0508630130013;78,4733918778716
"Pano_Tacanan";"r0";0,996441664671109;29,9301843609355;26,1634431833915;29,563086703802;78,3332969949739
"Pano_Tacanan";"r0";0,99577618937584;29,3727446045521;25,9225359875793;29,0364954596776;80,2939967427639
"Pano_Tacanan";"r0";0,996726595231272;29,998570265589;26,5026910735049;29,6578701748351;76,4762353510048
"Pano_Tacanan";"r0";0,996317278215912;30,2650781230593;26,2497902711563;29,8737576968146;73,7978377708691
"Pano_Tacanan";"r0";0,997062486776628;29,6133591673498;26,452056512747;29,3052661120283;79,7098877168385
"Pano_Tacanan";"r0";0,996897436963744;29,447742854433;26,1116624718505;29,1226163764695;83,2531676385292
"Pano_Tacanan";"r0";0,996971690030993;29,6694815356787;26,2858891155827;29,3397246472795;79,8846191088146
"Pano_Tacanan";"r0";0,996578306763071;30,3962537853383;26,5654826689798;30,0229159223034;75,7471530117925
"Pano_Tacanan";"r0";0,996497645092752;29,035928534168;25,7440442392188;28,7151093020331;79,2225114391328
"Pano_Tacanan";"r0";0,996903844957918;31,1985025277279;26,9117276421276;30,7807236193855;73,8624566703815
"Pano_Tacanan";"r0";0,995861271131453;28,2079979879276;24,999007646381;27,8952574037938;86,171801315541
"Pano_Tacanan";"r0";0,99502646808914;29,4557171875247;26,116960308583;29,130329864577;77,0890625750074
"Pano_Tacanan";"r0";0,995798231423049;29,5369622335585;25,8211929285703;29,174832174174;83,0376929458617
"Pano_Tacanan";"r0";0,99774939007095;30,6248136969968;26,7797471232453;30,2500826326058;76,0527300051753
"Pano_Tacanan";"r0";0,997854620985304;31,5961213408397;27,203285250992;31,1680059592019;74,8584320634559
"Pano_Tacanan";"r0";0,997449814060953;31,2624198745091;27,058800502239;30,8527451051777;75,9769165952564
"Pano_Tacanan";"r0";0,996131413750013;29,0080917604392;25,6981173911081;28,6855095125806;81,1060744717881
"Pano_Tacanan";"r0";0,997530363275414;30,5307349145377;26,9928809799221;30,1859440649777;73,3397228153581
"Pano_Tacanan";"r0";0,996130504129254;29,1977962048385;26,4197171744928;28,9270512145929;72,5170555420058
"Pano_Tacanan";"r0";0,997486002691504;30,866554546132;26,9383073334173;30,4837168940454;76,5993197284813
"Pano_Tacanan";"r0";0,996680154878415;28,856576608924;25,8822308415632;28,5667039282067;76,2047605588443
"Pano_Tacanan";"r0";0,996481990584545;30,4270177744356;26,5459959521496;30,0487825968399;77,2617879932607
"Pano_Tacanan";"r0";0,996444946942729;29,8785516127065;26,2722106793592;29,5270861827617;80,1795738740874
"Pano_Tacanan";"r0";0,997845256163863;30,9584823757359;26,832803675282;30,5564035193357;77,9401802309329
"Pano_Tacanan";"r0";0,997232737194397;30,5482121121792;26,3729043326845;30,1412965234997;79,583892514459
"Pano_Tacanan";"r0";0,997545560466902;31,1183628143722;26,912537484993;30,7084730576954;75,5522082220421
"Pano_Tacanan";"r0";0,994913761572798;28,6173677869687;25,5532081597896;28,3187420605911;80,3109756476664
"Pano_Tacanan";"r0";0,997523794397476;30,9617948995883;26,9340383404904;30,5692593027271;76,1639265503656
"Pano_Tacanan";"r0";0,996910287876701;29,8045032258647;25,9768214214289;29,4314664398392;77,7617086334691
"Pano_Tacanan";"r0";0,997644498265572;31,5987055893159;26,8751284035833;31,1383569652827;74,8285646891883
"Pano_Tacanan";"r0";0,996763325419912;30,1764261212618;26,5277052161442;29,8208304398308;77,5934460559112
"Pano_Tacanan";"r0";0,99608268748842;29,8924269522861;26,211209196733;29,5336642049229;79,6211355453282
"Pano_Tacanan";"r0";0,99611481646233;30,5688641692163;26,6345405268149;30,1854343227111;76,6701384871216
"Pano_Tacanan";"r0";0,997111149540251;30,262570089448;26,6510891255942;29,9106037243267;74,380801869455
"Pano_Tacanan";"r0";0,997747100340073;31,2810702599435;27,0077099936069;30,8645987085632;76,2278482139313
"Pano_Tacanan";"r0";0,99587543999107;29,7881170299011;26,4343040967257;29,461262379634;78,4939334493021
"Pano_Tacanan";"r0";0,99656206104159;30,8684994365746;26,8622855328158;30,4780633357845;77,2331809770258
"Pano_Tacanan";"r0";0,996999288927941;30,6149241125767;26,5794517704775;30,2216365538128;77,3334816252396
"Pano_Tacanan";"r0";0,997567799724906;30,8957688329754;27,1579725147778;30,5314920731511;73,0221476614213
"Pano_Tacanan";"r0";0,996360503901858;30,0835357261414;25,9377206310347;29,6794944244996;75,8609152070482
"Pano_Tacanan";"r0";0,996705040495764;30,2879327028388;26,4480551544028;29,9137073485421;77,9153911112762
"Pano_Tacanan";"r0";0,99727714905771;30,8582725308077;26,956682355772;30,4780328103593;78,0999416827566
"Pano_Tacanan";"r0";0,995856925701783;29,6959534987704;25,9310386796458;29,3290338341947;82,528938114935
"Pano_Tacanan";"r0";0,99726718971128;31,2006929994019;27,1823653073031;30,8090763175448;76,3925831783216
"Pano_Tacanan";"r0";0,997417774431909;29,6066621389391;26,2029004410359;29,2749396005842;78,056714602974
"Pano_Tacanan";"r0";0,994732079805416;29,1649560663645;25,7151410801545;28,8287452838102;79,4242557954694
"Pano_Tacanan";"r0";0,995270770105174;28,8875537173659;25,492889462395;28,556717794212;81,9223039017933
"Pano_Tacanan";"r0";0,997454584910887;30,5211770059188;26,702325834253;30,149000832409;72,860640546143
"Pano_Tacanan";"r0";0,997851494957299;30,6389275608759;27,0652126655261;30,2906417871766;75,5593779950613
"Pano_Tacanan";"r0";0,996173404419959;29,5961219053942;26,1499889524464;29,2602699650645;78,3489427940719
"Pano_Tacanan";"r0";0,997360443201265;30,5429434067932;26,5140641674071;30,150298396175;76,6858177600549
"Pano_Tacanan";"r0";0,997233477285768;29,9380853019351;26,3926290732081;29,5925535508303;76,2553212586517
"Pano_Tacanan";"r0";0,99643674876237;29,9199673348734;26,3267078759318;29,5697767943834;78,0014109983264
"Pano_Tacanan";"r0";0,996196549964436;30,4308940928659;26,7377177859966;30,0709658934676;79,2148752668975
"Pano_Tacanan";"r0";0,99676157419022;31,1803113857104;26,8823819946843;30,7614453857376;75,4994633805132
"Pano_Tacanan";"r0";0,997445083205963;30,7332942661581;26,6278383562733;30,3331862749405;78,3673125652179
"Pano_Tacanan";"r0";0,996620400556843;30,5121596582864;26,3529650178989;30,1068144179097;76,2057430912573
"Pano_Tacanan";"r0";0,996743234476296;28,9796833752233;26,0306089735997;28,6922735818447;79,5857592692277
"Pano_Tacanan";"r0";0,997601094469198;30,0728685763897;26,7528304660182;29,7493055402094;74,5875815686531
"Pano_Tacanan";"r0";0,99733835202232;29,0990810180951;25,9908439421672;28,796159608153;81,1008916780737
"Pano_Tacanan";"r0";0,997419469148847;31,7470691150269;27,597591090154;31,3426708329418;71,0628828520791
"Pano_Tacanan";"r0";0,997781941310684;30,7469564863931;26,7889465385983;30,361218228769;77,1989861660701
"Pano_Tacanan";"r0";0,996846159743725;29,8500726581712;26,0046573322615;29,4753076052224;78,6548168174658
"Pano_Tacanan";"r0";0,997789408732316;30,9782770698264;27,1638263183881;30,6065297508303;76,3853485691678
"Pano_Tacanan";"r0";0,997460018151253;30,0782853687783;26,4870855965026;29,7282955604633;79,1756299774827
"Pano_Tacanan";"r0";0,998180647824797;30,5568003983497;26,8112777552137;30,1917706492305;78,793125103935
"Pano_Tacanan";"r0";0,995361421138777;28,7216988801496;25,7826097006278;28,4352622228233;80,0957371452607
"Pano_Tacanan";"r0";0,995634813432627;29,2252589611745;25,7415530960452;28,8857452539797;80,6490623155089
"Pano_Tacanan";"r0";0,998220111536212;32,3448858131957;28,0589431609231;31,9271880123386;74,5379822854062
"Pano_Tacanan";"r0";0,995870280851463;29,1939755818864;25,5076624845802;28,8347162546065;78,7109101626927
"Pano_Tacanan";"r0";0,996591086431461;29,9189243203328;26,266021405311;29,56292107014;80,628088702031
"Pano_Tacanan";"r0";0,997065585946036;30,5544179781269;27,1306789916878;30,220748500635;75,9907531557244
"Pano_Tacanan";"r0";0,997749863051187;31,6759366524625;27,6817227450249;31,2866700428393;72,025583125218
"Pano_Tacanan";"r0";0,996594273617105;29,6665543203102;26,6406631015874;29,3716581422143;78,2511529749091
"Pano_Tacanan";"r0";0,996400815042014;29,3933324977926;26,0368856446361;29,0662211519341;79,6733800297896
"Pano_Tacanan";"r0";0,996407946125215;29,6292104478724;26,2188418072161;29,2968440125542;77,8825276889574
"Pano_Tacanan";"r0";0,99801265092677;31,00909328022;27,3508754940951;30,6525720553011;76,9885566818662
"Pano_Tacanan";"r0";0,997127267155777;30,393644131907;27,0482014190352;30,0676052234492;78,5690850294719
"Pano_Tacanan";"r0";0,997363518144161;30,6476160554799;26,6107326540368;30,2541909782206;78,6979398845215
"Pano_Tacanan";"r0";0,997695090755841;30,9035885649735;27,1695238123952;30,5396754746799;76,5200135420609
"Pano_Tacanan";"r0";0,997424318967532;29,9162539772868;26,2490642360805;29,558858366915;82,3450378303182
"Pano_Tacanan";"r0";0,997467933714083;31,1519963691325;27,5641855804277;30,8023368431147;75,7064600822244
"Pano_Tacanan";"r0";0,996397596262954;29,1102662552193;26,2318793321927;28,8297454957718;76,9767734176622
"Pano_Tacanan";"r0";0,998018814062211;30,8568329166921;27,0112970986018;30,4820561208612;80,3150126473952
"Pano_Tacanan";"r0";0,99675230689608;30,4901519103397;26,7014747156027;30,1209164210221;74,0520673971857
"Pano_Tacanan";"r0";0,997039643108441;29,6509839056787;26,6177565962413;29,3553727695895;78,5413512152958
"Pano_Tacanan";"r0";0,997393536205456;31,0790811084238;26,5081175231906;30,6336058437613;77,3019486559841
"Pano_Tacanan";"r0";0,99665989344202;29,6477334828274;26,2485537323862;29,3164574901996;78,8420852972349
"Pano_Tacanan";"r0";0,997924167840835;32,0074441729371;27,460464318364;31,5643063057542;70,2257802056378
"Pano_Tacanan";"r0";0,99703971994889;29,9203074789929;26,2511583540586;29,5627209117324;79,5408179406145
"Pano_Tacanan";"r0";0,996815942820832;29,938463553487;26,28768317655;29,5826671608194;78,19343660854
"Pano_Tacanan";"r0";0,996898242126397;30,1745489773659;26,2513239955783;29,7922007799883;80,8114095845008
"Pano_Tacanan";"r0";0,997470558826882;30,3238764799798;26,4001781750016;29,9414821536471;77,1332886494125
"Pano_Tacanan";"r0";0,995350766774563;29,6182933741619;26,0560907290088;29,2711295570495;78,7146750830399
"Pano_Tacanan";"r0";0,997768509963654;30,8866442199776;26,7196008868479;30,4805340646302;76,7365982204801
"Pano_Tacanan";"r0";0,996819125594425;30,4087502004169;26,5486401148276;30,0325530310586;76,0882206179954
"Pano_Tacanan";"r0";0,997242495659116;30,6652033412597;26,9333280978888;30,3015036353379;77,7734897148889
"Pano_Tacanan";"r0";0,995461506447947;28,6487753682589;25,7153070207741;28,3628865038854;80,9722961676682
"Pano_Tacanan";"r0";0,99723660301164;30,0089764174271;26,4766304401664;29,6647223603212;82,3500781809971
"Pano_Tacanan";"r0";0,996976601916903;30,0981633346657;26,8457477016327;29,7811906246667;77,0834782623283
"Pano_Tacanan";"r0";0,99760170208723;31,2030177699192;27,0510385609629;30,7983757283684;75,8044324847986
"Pano_Tacanan";"r0";0,995845899812365;29,4934181407186;25,9035076712422;29,1435539847951;77,5051637711892
"Pano_Tacanan";"r0";0,997778423569283;31,6474068880172;27,2995779485184;31,2236777964559;71,3378402925392
"Pano_Tacanan";"r0";0,996688009455494;30,2004535631296;26,5825138953435;29,8478577480488;79,9575532398513
"Pano_Tacanan";"r0";0,995434679851901;29,0746513311067;25,7285065980718;28,7485440054296;78,7954104470069
"Pano_Tacanan";"r0";0,996820492016717;29,6259826072033;26,0884691297088;29,2812249377864;79,4105414495597
"Pano_Tacanan";"r0";0,997372875349236;30,5661748267382;27,0671244522105;30,2251656800681;76,5719083899564
"Pano_Tacanan";"r0";0,995823771226555;29,2673775537625;25,9776336570934;28,9467669197651;82,7345870037862
"Pano_Tacanan";"r0";0,996494976909065;30,0243492379643;26,5481171087578;29,6855639033382;78,3273790135336
"Pano_Tacanan";"r0";0,997435234883899;30,1474729409002;26,4603793859589;29,7881375520712;78,2548294835938
"Pano_Tacanan";"r0";0,996335147358699;30,2180916588194;26,5023587137058;29,855965142982;78,0312764541705
"Pano_Tacanan";"r0";0,994886792112038;28,9847389612648;25,7021577520782;28,6648263857932;84,0922345575523
"Pano_Tacanan";"r0";0,996289999230284;29,9089317047064;26,4356330573622;29,5704322602618;78,833520162489
"Pano_Tacanan";"r0";0,997232055253587;29,8405867302581;26,4496958369459;29,5101185499777;82,0334514908612
"Pano_Tacanan";"r0";0,996587508534693;30,0228277634381;26,4556723313315;29,6751812594616;79,1914289689221
"Pano_Tacanan";"r0";0,997496423146399;30,5015601465132;26,689407650133;30,1300368100016;75,6735253123728
"Pano_Tacanan";"r0";0,99720987676553;30,9648872471642;26,6275250790473;30,5421782223054;76,5810668738999
"Pano_Tacanan";"r0";0,997346037333542;30,6585458316679;26,7100141371358;30,273731302116;75,4785312907477
"Pano_Tacanan";"r0";0,997433277340452;30,6320795141218;26,7515284841919;30,253890218832;77,3508455935495
"Pano_Tacanan";"r0";0,995724539667879;29,7374680179844;25,7074771838228;29,3447146739772;78,8641422257934
"Pano_Tacanan";"r0";0,997938497037101;31,2933775492461;27,1757445517519;30,8920828079649;76,3147334764723
"Pano_Tacanan";"r0";0,996011816218127;30,2616795046373;26,075003413328;29,8536559872639;78,8979043440574
"Pano_Tacanan";"r0";0,997155141072889;31,1727364749665;27,0115077845652;30,767193000902;74,9379705532951
"Pano_Tacanan";"r0";0,996188799468782;30,254354409284;26,1488417249038;29,8542408849588;81,7225278032084
"Pano_Tacanan";"r0";0,996437085000864;29,4791589040415;26,0153322073778;29,1415825734345;79,7413678130716
"Pano_Tacanan";"r0";0,996369365074579;29,984241870979;25,8693613509055;29,5832153796159;78,5027932801704
"Pano_Tacanan";"r0";0,997180790642852;30,1305477039045;26,9410944060233;29,8197111536873;78,1337403542416
"Pano_Tacanan";"r0";0,996205885803686;29,7893844548774;26,2089927468994;29,4404479748626;76,9927646000076
"Pano_Tacanan";"r0";0,997085139485041;30,6815062654264;26,8708328505861;30,310127076692;75,7675214450374
"Pano_Tacanan";"r0";0,997690675380059;29,643267856296;26,0456982640099;29,2926572604376;79,4111020325844
"Pano_Tacanan";"r0";0,99631774648902;29,0483854304277;25,9004469820558;28,7415948189338;82,2328365332215
"Pano_Tacanan";"r0";0,996722752418554;30,0336587425789;26,3499122249495;29,6746495480642;78,6328077322556
"Pano_Tacanan";"r0";0,997862943749074;28,9046103218638;26,1271133740291;28,6339220599986;78,3428688634208
"Pano_Tacanan";"r0";0,996753613021184;30,6165246247406;26,795937101255;30,2441792305026;76,2135213643612
"Pano_Tacanan";"r0";0,997098906612729;30,6881708319502;26,5526183228402;30,2851296975878;73,9468139148047
"Pano_Tacanan";"r0";0,997201435027065;30,947371182113;27,2304158842812;30,5851255386802;73,5533480473568
"Pano_Tacanan";"r0";0,995739378052585;29,5516053673331;26,1718784583425;29,2222252024738;78,9681285189122
"Pano_Tacanan";"r0";0,996101920665753;29,3736069616351;25,7813912873111;29,0235181459171;77,9338325443713
"Pano_Tacanan";"r0";0,997705065341697;30,5564009760019;26,9983828626004;30,2096449734246;76,5639459654074
"Pano_Tacanan";"r0";0,997221945502614;30,8314223161641;26,5923529657238;30,4182926760788;76,7993306226882
"Pano_Tacanan";"r0";0,996637002150204;29,886295889817;26,3276849754563;29,5394821142649;81,1870096704818
"Pano_Tacanan";"r0";0,996631344447025;30,4480460202291;26,4470012460262;30,0581136905399;73,9347062697198
"Pano_Tacanan";"r0";0,99762617501422;30,1697744743519;27,3240116579088;29,8924331829189;72,4396468812923
"Pano_Tacanan";"r0";0,996834478477024;30,847402032848;26,9214803922793;30,4647910255045;73,9226693635349
"Pano_Tacanan";"r0";0,997977460802452;31,5164880980609;27,4634526851968;31,1214888840953;73,1647052283671
"Pano_Tacanan";"r0";0,997144039199362;30,3249900638398;26,5253830045891;29,954689375862;77,3526505608974
"Pano_Tacanan";"r0";0,99740376703495;30,0355937533168;26,7162568304246;29,7120990532044;76,0904185402124
"Pano_Tacanan";"r0";0,997148737350023;31,9442295880089;27,4912023356208;31,5102481184965;71,0122287942797
"Pano_Tacanan";"r0";0,996566762366035;29,1226074177952;26,2611515207028;28,8437367159599;76,1577845864445
"Pano_Tacanan";"r0";0,99675905453339;29,7616295415591;26,2968861811017;29,4239638750739;78,7228954677627
"Pano_Tacanan";"r0";0,997645880603342;29,8212112179248;26,2101720379504;29,4692879080121;75,1423745041054
"Pano_Tacanan";"r0";0,996763593350131;30,2636949643992;26,2671962696836;29,8742056848294;78,2367125299945
"Pano_Tacanan";"r0";0,996988753648533;28,813242812656;26,687480669174;28,6060710783336;77,635173532746
"Pano_Tacanan";"r0";0,998031307581033;30,5000252095323;27,567884488962;30,2142657325275;73,5382583126723
"Pano_Tacanan";"r0";0,99640403290355;30,8202215537896;26,865797862838;30,4348328042477;77,0437608732894
"Pano_Tacanan";"r0";0,997287475212056;30,4446389334887;26,5704054942688;30,0670653355986;78,8362252572739
"Pano_Tacanan";"r0";0,997822747855706;30,3397757476396;26,7276269333279;29,9877442953974;76,2606788331846
"Pano_Tacanan";"r0";0,996399808462601;30,5613747016329;26,5228354511759;30,1677882492579;79,0688790465526
"Pano_Tacanan";"r0";0,996641431772013;29,6107269317363;26,1369939594743;29,2721851590159;77,8453656567132
"Pano_Tacanan";"r0";0,996736095341149;30,2813669333622;26,556579601799;29,9183579985065;79,2807911647392
"Pano_Tacanan";"r0";0,995538639484292;30,2796323394915;26,1606896099733;29,8782099548351;80,1845995301195
"Pano_Tacanan";"r0";0,998091097823035;31,0903510287313;26,998117321717;30,6915316420308;78,6997489800299
"Pano_Tacanan";"r0";0,99726547697603;29,2504225690845;26,2737138955923;28,9603196051425;82,0694922494194
"Pano_Tacanan";"r0";0,997688563927979;30,389281536582;26,6780362311901;30,0275923754633;76,1600094978027
"Pano_Tacanan";"r0";0,996205700328984;30,3595182204337;26,4959020443549;29,9829793558159;78,5711201404373
"Pano_Tacanan";"r0";0,997492449777354;30,7147426777708;27,1151076120731;30,3639307857749;76,3454573417993
"Pano_Tacanan";"r0";0,998566318145152;32,7968696014471;27,9553662444668;32,3250281725888;72,024735958671
"Pano_Tacanan";"r0";0,997916199313781;31,3676334098869;27,0662425262714;30,94843006106;77,6800216994801
"Pano_Tacanan";"r0";0,996873496298677;29,714708001093;26,341648573516;29,3859776331512;79,2648583555643
"Pano_Tacanan";"r0";0,996890353135028;30,0034028525813;26,3884129013221;29,6510945098738;78,6395560842658
"Pano_Tacanan";"r0";0,996173105938533;30,5988300735953;26,8119906298943;30,2297736871329;79,0956189100983
"Pano_Tacanan";"r0";0,99780969416869;29,9482021195636;26,0931587767226;29,5724987429308;79,3865774666297
"Pano_Tacanan";"r0";0,997409147873016;31,8689141018953;28,0667201768336;31,4983613041139;75,0673628467994
"Pano_Tacanan";"r0";0,997183410946089;30,4943705442532;26,8391910132782;30,1381454204717;76,9887052573638
"Pano_Tacanan";"r0";0,997279709611455;29,9809180560354;26,5691622556611;29,6484164314227;76,5443973535355
"Pano_Tacanan";"r0";0,996621013053789;30,9855471211105;26,7579370582803;30,5735342760042;75,1643637550121
"Pano_Tacanan";"r0";0,997184839647916;32,087014229033;27,2864450106764;31,6191621441932;70,9177349586161
"Pano_Tacanan";"r0";0,996174622069349;30,2197133417791;26,3466310991433;29,8422519367764;75,3282086739694
"Pano_Tacanan";"r0";0,996954792399343;29,5597984653149;26,1018250764296;29,2227925841947;81,285530968997
"Pano_Tacanan";"r0";0,995447559720228;29,1190662493479;25,7120890050449;28,7870303314709;78,4631013424093
"Pano_Tacanan";"r0";0,9965371527124;30,132194683251;26,618565601627;29,7897647303809;78,8060120728531
"Pano_Tacanan";"r0";0,996769407933527;30,4261525945798;26,0513060280496;29,9997904291976;79,4674054170916
"Pano_Tacanan";"r0";0,997096242378427;30,2065154676657;26,5048490193998;29,845759839233;78,8654098678873
"Pano_Tacanan";"r0";0,996326712081405;30,2098689217234;26,8012207606527;29,8776701602631;73,4832458207475
"Pano_Tacanan";"r0";0,996943671567113;30,7051300507873;26,7335522816321;30,3180695054883;76,476429328689
"Pano_Tacanan";"r0";0,997183488683185;29,2557251477439;25,8733738357656;28,9260892147969;78,3605038341412
"Pano_Tacanan";"r0";0,997086745855736;30,7125751139836;26,4849436225419;30,3005601804956;78,5950868402272
"Pano_Tacanan";"r0";0,996813649540424;30,5442108317695;26,9050150629098;30,1895434475162;77,4688311351313
"Pano_Tacanan";"r0";0,997477851184747;29,9842136432512;26,3816870420691;29,6331199490682;77,3104103108667
"Pano_Tacanan";"r0";0,99692740461194;29,9199108794179;26,0310909431644;29,540915716139;77,636486725182
"Pano_Tacanan";"r0";0,997501135774056;30,7893573562588;26,4825320399393;30,3696243805158;78,9408496305196
"Pano_Tacanan";"r0";0,996968246971004;30,3992600383445;26,656506901383;30,0345001987254;77,4119311092054
"Pano_Tacanan";"r0";0,997453024443155;30,5004522081987;26,8284174351979;30,1425844125249;79,1012301568398
"Pano_Tacanan";"r0";0,997277133585046;30,546395657898;26,9314820533605;30,1940947557609;74,6810061535895
"Pano_Tacanan";"r0";0,996679000099433;30,1528672596748;26,2895073867863;29,7763533737577;75,8730628471371
"Pano_Tacanan";"r0";0,99767789263876;31,1753152950336;27,0757912304773;30,7757854073862;77,1995573155806
"Pano_Tacanan";"r0";0,997761761443859;30,9234729363837;27,217168271541;30,5622652783694;72,9831677377563
"Pano_Tacanan";"r0";0,997695286787032;31,5081536443039;27,6819925929467;31,1352650672648;76,8499021411148
"Pano_Tacanan";"r0";0,996844616217463;30,1853870134387;26,1763470705367;29,7946754935796;78,6971044418772
"Pano_Tacanan";"r0";0,996731739063115;29,0657299577487;26,0031842054775;28,7672615157901;79,8520103384702
"Pano_Tacanan";"r0";0,996598945198369;29,8389579903664;26,1280208430989;29,4772988616073;80,7562392653144
"Pano_Tacanan";"r0";0,994359826032025;27,8483033441954;25,726378562166;27,6415055900145;82,7003924630742
"Pano_Tacanan";"r0";0,996705709921224;30,0243125419182;26,328909071671;29,6641672884619;83,2266094992996
"Pano_Tacanan";"r0";0,996522992242747;28,4707924878113;26,1087320705767;28,2405916844367;79,3877349651694
"Pano_Tacanan";"r0";0,996541195928098;30,3661051607061;26,4635742513566;29,9857737585237;75,6247905341753
"Pano_Tacanan";"r0";0,997049178230337;30,6956935213978;26,6699932556564;30,3033583260077;78,0764800898099
"Pano_Tacanan";"r0";0,997106606011208;30,8522529678633;26,6108572590515;30,4388966064113;75,5981577062552
"Pano_Tacanan";"r0";0,997600880178925;30,4998664828477;26,7757314081063;30,1369211153941;76,2282570486167
"Pano_Tacanan";"r0";0,998278347534449;31,1592041022792;27,3628166385106;30,7892171884374;72,5004252174817
"Pano_Tacanan";"r0";0,997497864257194;30,5661691811927;26,3627516859782;30,1565140863201;78,1398771689014
"Pano_Tacanan";"r0";0,997964364454929;31,0351940486917;27,119758435921;30,6536049847352;74,9786229710894
"Pano_Tacanan";"r0";0,997183561465513;31,0027702692022;26,8868474364196;30,6016421965158;74,427737628288
"Pano_Tacanan";"r0";0,998388040545503;31,1746418465902;27,5106792419746;30,8175607452929;73,4926423191715
"Pano_Tacanan";"r0";0,997274531899885;30,4620370934925;26,6619621842983;30,0916908099693;79,0296565455892
"Pano_Tacanan";"r0";0,997921299790077;31,2479633694422;27,1120862246123;30,8448905968529;73,1125099231064
"Pano_Tacanan";"r0";0,99720413421925;30,6033450986503;27,0310841117229;30,2552010194158;74,4454300174822
"Pano_Tacanan";"r0";0,996453962826467;30,434769108478;26,3321421022147;30,0349368154947;79,5779183137657
"Pano_Tacanan";"r0";0,995526128784439;28,8300326651266;26,1316026241158;28,567050076384;78,9220203840858
"Pano_Tacanan";"r0";0,996810419172487;31,0698901602657;26,8281447757371;30,6564997202481;75,8546508513729
"Pano_Tacanan";"r0";0,995630177653945;28,8527616315175;25,7797548519865;28,5532736826649;77,9021962418591
"Pano_Tacanan";"r0";0,996717414225689;30,1259591781892;26,5165285710505;29,7741926359681;76,3544724402232
"Pano_Tacanan";"r0";0,996465208547943;30,4444822695996;26,6500626147676;30,0746871337474;79,3106569810153
"Pano_Tacanan";"r0";0,996529801713076;29,1900180544547;25,764471206467;28,856172387066;78,3084150169934
"Pano_Tacanan";"r0";0,996798817349741;30,1075928071233;26,3976863139882;29,7460341234703;78,6704515660588
"Pano_Tacanan";"r0";0,99631154840185;29,6881598231364;26,1615491034206;29,3444647106217;75,1143643128177
"Pano_Tacanan";"r0";0,996090231187874;29,9697116481154;26,1476165519296;29,5972193294193;77,8009044790672
"Pano_Tacanan";"r0";0,997191318831869;30,63789442604;26,6304707344156;30,2473404221952;76,3102650943121
"Pano_Tacanan";"r0";0,995898598859961;29,7806239795676;26,177030633428;29,4294263229523;78,1877538569377
"Pano_Tacanan";"r0";0,997437681411558;30,8027429447617;26,8585372129796;30,4183500132745;76,6730456131612
"Pano_Tacanan";"r0";0,997362098422871;29,3722520307027;26,147027085864;29,0579292606549;79,973536627444
"Pano_Tacanan";"r0";0,997004187751295;30,3262320838612;26,9920385351686;30,0012894922513;76,3529040164079
"Pano_Tacanan";"r0";0,997036882398563;29,2605012792806;26,7984550437789;29,0205560953122;77,6977103501484
"Pano_Tacanan";"r0";0,996576644732893;30,6294585695994;26,491644237764;30,2261970033612;78,9147390043165
"Pano_Tacanan";"r0";0,997186872736912;29,1912262012027;25,8616324302574;28,8667318930174;77,1833722666124
"Pano_Tacanan";"r0";0,997961451673957;31,667260860336;26,8765049211025;31,2003651543937;75,548360026889
"Pano_Tacanan";"r0";0,995652074239515;29,2041968421076;26,2728936440507;28,9185189880597;78,4396755484194
"Pano_Tacanan";"r0";0,996818347429794;29,5230360840689;26,5710047109908;29,235338111269;76,7750779730913
"Pano_Tacanan";"r0";0,996610904708991;29,7353565839481;26,4860912090044;29,4186908906273;75,4992647371586
"Pano_Tacanan";"r0";0,997544170750187;30,5780502318061;26,3545334977282;30,166436312807;79,9436024930248
"Pano_Tacanan";"r0";0,996705533467523;29,3255520778995;25,6633442172195;28,9686419897824;81,4820960444808
"Pano_Tacanan";"r0";0,99694568831488;30,1363639186409;26,6038007149588;29,7920886911634;78,5837336568469
"Pano_Tacanan";"r0";0,997753631748423;30,2942359544472;26,6865301297199;29,9426375054272;76,5580079473645
"Pano_Tacanan";"r0";0,996887906078387;29,6308829407421;26,5099699086367;29,3267261621895;80,8331443505005
"Pano_Tacanan";"r0";0,997008961350449;30,2110474293573;26,7541088189531;29,8741423952925;77,450831251245
"Pano_Tacanan";"r0";0,996352157567272;29,6059225724719;25,9929108420552;29,2538070224736;80,604598433153
"Pano_Tacanan";"r0";0,996654263001342;30,3056865322124;26,2061310787806;29,9061535854796;80,7157161000783
"Pano_Tacanan";"r0";0,997799600372404;31,0040419283377;26,5750035568959;30,5723983582396;77,2810168437227
"Pano_Tacanan";"r0";0,997483001849445;30,4338079543479;26,8869307656493;30,0881377198561;79,3589025582054
"Pano_Tacanan";"r0";0,996828764526748;30,624326768693;26,5038266361518;30,2227526032334;77,7341830489064
"Pano_Tacanan";"r0";0,998620427861287;31,3389766206668;27,5400589269856;30,9687431166216;75,8531169864293
"Pano_Tacanan";"r0";0,996103599648065;29,4705579153936;26,2070027755034;29,152499575489;79,9055382912695
"Pano_Tacanan";"r0";0,997120845043837;30,004042210615;26,1778562687676;29,6311512078078;78,6971935179438
"Pano_Tacanan";"r0";0,997549950420847;30,7618141508987;26,4671560323734;30,3432669613814;75,5454441508248
"Pano_Tacanan";"r0";0,997306970110017;31,0184719427677;26,4328480784555;30,5715679220932;78,4544240036791
"Pano_Tacanan";"r0";0,997404046823824;28,6725769883047;26,0213896980139;28,4141985659458;81,1822078794278
"Pano_Tacanan";"r0";0,997709169181861;30,3842033683583;26,7418429118757;30,0292275611587;75,538161811087
"Pano_Tacanan";"r0";0,996671208324908;30,5965393934877;26,1876460474859;30,1668591097672;78,9131681644345
"Pano_Tacanan";"r0";0,995743371485504;28,3153861440246;26,0588996359069;28,0954743233183;77,146043418073
"Pano_Tacanan";"r0";0,996997063214372;29,7018545052583;26,3872520348244;29,3788212136482;76,859797205251
"Pano_Tacanan";"r0";0,996629811034131;29,5796157415876;26,1825961645631;29,2485502743352;77,5993291507548
"Pano_Tacanan";"r0";0,996574664248029;29,9641042099962;26,2805700427579;29,6051157106467;80,0826094147455
"Pano_Tacanan";"r0";0,998148328882841;30,6772932770585;26,9579951051944;30,3148193026819;71,3949180858996
"Pano_Tacanan";"r0";0,99723793780617;30,6110413886236;26,6057190818409;30,2206921807591;80,0561240279601
"Pano_Tacanan";"r0";0,997235293860192;29,7747003908976;26,5271052217625;29,4581974718717;78,8214517410083
"Pano_Tacanan";"r0";0,996153535461052;30,241769076863;26,5142782032892;29,8784966612181;75,9908866409145
"Pano_Tacanan";"r0";0,997958202028576;31,0550833056702;27,1812312999757;30,6775468813864;73,5089118809671
"Pano_Tacanan";"r0";0,996402418630892;29,6827640929754;26,177654675441;29,3411644463512;80,5919574092716
"Pano_Tacanan";"r0";0,997060104687069;30,4393871647393;26,6634426689396;30,0713925740469;75,8869694580223
"Pano_Tacanan";"r0";0,99621895870751;30,4886600749277;26,0951865543448;30,0604825708031;79,9238686906509
"Pano_Tacanan";"r0";0,996412276962384;29,2774859030728;26,3399359873591;28,9911992587447;77,4240009857478
"Pano_Tacanan";"r0";0,997312000291615;31,4251812784677;26,6544091343863;30,9602331457818;77,4448368579625
"Pano_Tacanan";"r0";0,996652876197707;30,5302804481208;26,6747009084836;30,1545248150206;79,8829949303104
"Pano_Tacanan";"r0";0,995642099645339;29,1500235983804;25,4829513301307;28,7926394366442;80,900994107066
"Pano_Tacanan";"r0";0,996876626960523;31,050596508343;26,9363787971389;30,6496346127595;74,3963623277882
"Pano_Tacanan";"r0";0,996192618149051;29,3500565683664;26,017621278665;29,0252853325057;82,1179484011289
"Pano_Tacanan";"r0";0,996397668873168;28,7890685866038;25,863912289268;28,5039897949143;79,6694100946978
"Pano_Tacanan";"r0";0,997086110750791;30,8401997281105;26,3699313395861;30,4045379783815;76,2217195457384
"Pano_Tacanan";"r0";0,997550349411525;30,58245234595;26,8133456720413;30,2151241531538;75,1678802113566
"Pano_Tacanan";"r0";0,997035901931157;29,9117897621419;26,207627834456;29,5507909302064;80,1897818122414
"Pano_Tacanan";"r0";0,996414111200928;29,7957822693738;26,5262896959992;29,4771452812907;78,4752485100857
"Pano_Tacanan";"r0";0,996382053658979;30,6691439320547;26,6875757231195;30,2811097422009;78,1574594646411
"Pano_Tacanan";"r0";0,997311541296642;31,1622893929232;26,9425741130049;30,7510459546261;74,8426701802241
"Pano_Tacanan";"r0";0,996041935815471;29,8865696987763;26,2412157951159;29,5313021573178;78,8796042203641
"Pano_Tacanan";"r0";0,997378433178799;31,6010837753795;27,3470366666317;31,1864944385101;72,5563744163707
"Pano_Tacanan";"r0";0,997333701289898;30,8257330176344;26,6784328376459;30,421546983144;78,146122198365
"Pano_Tacanan";"r0";0,996969039051876;29,3392467600214;26,4716156117509;29,0597742328595;74,3894551658336
"Pano_Tacanan";"r0";0,998105353022544;30,753152472636;27,0356859430086;30,3908570057656;73,0784402773609
"Pano_Tacanan";"r0";0,996682924117352;28,9356678793299;26,2009718449376;28,6691508929272;81,6711130199181
"Pano_Tacanan";"r0";0,996834667806388;30,3141096861754;26,4363222433315;29,9361897235254;76,7748438829466
"Pano_Tacanan";"r0";0,997420226126332;31,4635738109917;27,2007641380092;31,0481304954044;71,9885672985925
"Pano_Tacanan";"r0";0,997861577347817;31,3114757568983;27,5639393015773;30,9462497464221;73,378655349337
"Pano_Tacanan";"r0";0,996818974226476;29,7611129741411;26,0869002311396;29,4030329186791;81,3778440868591
"Pano_Tacanan";"r0";0,997109991607126;29,8585649700673;25,9957585122992;29,4821050186747;77,5303468373998
"Pano_Tacanan";"r0";0,997477849269017;31,0865360513248;27,0736981294388;30,6954543894461;76,2783771866101
"Pano_Tacanan";"r0";0,997543178524602;31,1933189397978;26,9431224229254;30,7791048724755;75,997473855045
"Pano_Tacanan";"r0";0,997227747754054;31,0629207342822;26,9013765127336;30,6573465093008;75,1569503366171
"Pano_Tacanan";"r0";0,995890552223162;29,3707799547001;25,8897712694599;29,0315291082572;79,7963996075464
"Pano_Tacanan";"r0";0,997118983232518;29,9423575685313;26,3585450852887;29,5930877078763;80,3799546756958
"Pano_Tacanan";"r0";0,997856769105835;30,854883574954;27,0479181714382;30,4838657602046;80,0168369442817
"Pano_Tacanan";"r0";0,995957935766544;28,878316193457;25,8221638666371;28,580470839572;81,8263571466404
"Pano_Tacanan";"r0";0,997039673320652;30,4603589550773;26,3211477884147;30,0569612566313;76,486441105449
"Pano_Tacanan";"r0";0,996692719692237;29,1573162318467;26,0060701605075;28,8502032672671;84,3457378089855
"Pano_Tacanan";"r0";0,997205998091959;31,7057733607029;27,6761423785352;31,3130550870171;72,3890201451294
"Pano_Tacanan";"r0";0,997788490093469;31,2346878690775;26,8061374244839;30,8030918511722;74,1191192525413
"Pano_Tacanan";"r0";0,997218593625741;30,3803262899507;26,2749761569531;29,9802286074975;78,1010015138169
"Pano_Tacanan";"r0";0,997627974810263;31,2980831114634;26,6125137340688;30,8414386382427;76,1559929183408
"Pano_Tacanan";"r0";0,997588000609199;30,3629718829249;26,4228424094358;29,9789762138984;75,5416587538538
"Pano_Tacanan";"r0";0,995257582157156;28,8824134481411;25,6094328376937;28,5634365242416;81,1822314449145
"Pano_Tacanan";"r0";0,997825984343269;30,3149071194846;27,2857572603866;30,0196933620301;69,6851999680782
"Pano_Tacanan";"r0";0,995143513219668;28,991340015401;25,1982767276022;28,6216770678613;80,3788625461793
"Pano_Tacanan";"r0";0,997422395139376;31,4203698622713;27,3252775682882;31,0212718844678;70,9518118023446
"Pano_Tacanan";"r0";0,996525127916818;29,6947270039993;26,7456281406386;29,4073148266379;76,2932222140193
"Pano_Tacanan";"r0";0,995881319540253;29,0352115498829;26,1860517852459;28,7575391999395;78,1890949483187
"Pano_Tacanan";"r0";0,996841328495261;30,2419172724337;26,7141278972191;29,8981072909509;77,1949536782143
"Pano_Tacanan";"r0";0,997169620406705;30,6415880242171;26,335379140697;30,221915124552;77,8343782738952
"Pano_Tacanan";"r0";0,996010180909661;30,0807821112985;26,1446089828838;29,6971720182751;79,9836159638949
"Pano_Tacanan";"r0";0,99576112033504;29,8551028392578;26,4539412608013;29,5236337023743;78,0350545046664
"Pano_Tacanan";"r0";0,996951658276912;29,8581457883101;26,4482922209765;29,5258295508157;79,7472788307542
"Pano_Tacanan";"r0";0,997195783161498;29,5667989417989;26,2075193210155;29,2394115211294;78,9444949702446
"Pano_Tacanan";"r0";0,996466625182367;29,4834692780702;26,620349493198;29,2044364176801;77,8517261860637
"Pano_Tacanan";"r0";0,996986905496241;30,6994125245299;26,3009370703879;30,2707475438296;77,5533714456257
"Pano_Tacanan";"r0";0,99654167477104;30,1944692848449;26,4936564621919;29,8337968487389;76,7699358433431
"Pano_Tacanan";"r0";0,997336111881934;29,6789519383416;26,2296936896479;29,3427954141045;76,3945609787426
"Pano_Tacanan";"r0";0,996734683817336;30,4992737005648;26,2368621569199;30,083869185718;76,5328924714344
"Pano_Tacanan";"r0";0,997705905796384;30,8810748892909;26,4187175228365;30,4461841290008;74,7484309335844
"Pano_Tacanan";"r0";0,997357511477769;30,6010696180884;27,116688235358;30,2614900765511;72,6944126422114
"Pano_Tacanan";"r0";0,996632992419756;29,8734861469603;26,4500706091095;29,5398481920003;75,5054831890751
"Pano_Tacanan";"r0";0,997713565654144;30,416183972522;26,6611291911013;30,0502252438242;76,7674408765346
"Pano_Tacanan";"r0";0,997460006335979;32,0582882818798;27,8309256749213;31,6462995532356;71,0605805000094
"Pano_Tacanan";"r0";0,997514983925535;31,4778683323284;27,2659947734567;31,067389129557;72,7048710883639
"Pano_Tacanan";"r0";0,996480146152105;30,4506810786154;26,5473151621296;30,0702682986189;78,6581940152876
"Pano_Tacanan";"r0";0,997157028983235;30,4635938526784;26,5778476977611;30,0848982528347;78,2738093058298
"Pano_Tacanan";"r0";0,995443493049017;28,2769300991132;25,6867539880424;28,0244976815088;81,2861815547208
"Pano_Tacanan";"r0";0,997403782933959;30,2755449645121;26,3260754591219;29,8906390381393;79,1582875055022
"Pano_Tacanan";"r0";0,997145406577737;30,2524744426153;26,538364597886;29,89050611029;77,9832261295511
"Pano_Tacanan";"r0";0,997228874083909;31,0176773322313;26,7296106834461;30,5997725317141;79,2409533394515
"Pano_Tacanan";"r0";0,995370631157317;27,7094864360123;25,8122274093322;27,5245840732426;80,9268249219369
"Pano_Tacanan";"r0";0,997768140273371;31,5789504140443;27,2819036573887;31,1601704335228;74,5609393819964
"Pano_Tacanan";"r0";0,996596788177341;28,9171617810115;26,0489635375219;28,6376339860952;77,9500363163674
"Pano_Tacanan";"r0";0,997954990554714;30,718834612614;26,5661607284331;30,3141248696641;75,9401650602722
"Pano_Tacanan";"r0";0,997209733127383;31,2616820451327;26,9324587341451;30,8397662139772;74,3970190410379
"Pano_Tacanan";"r0";0,996551713527805;29,3949570035251;25,9663779299885;29,0608158226296;82,9656489246092
"Pano_Tacanan";"r0";0,996977738811621;29,9381953900733;26,603423549996;29,6131964395573;78,0610191474076
"Pano_Tacanan";"r0";0,997509908019487;30,4357288512218;26,3758546540111;30,0400631455614;79,7047392660456
"Pano_Tacanan";"r0";0,996983826839865;29,8039175005137;26,0235960382712;29,4354963410579;77,547483720079
"Pano_Tacanan";"r0";0,996307758345167;29,6012170102546;26,1187807501607;29,2618270357539;79,3789038227879
"Pano_Tacanan";"r0";0,997303416352091;31,5412114619861;26,9889594812488;31,0975597858973;75,6800485162125
"Pano_Tacanan";"r0";0,99557048878909;28,4836671544418;26,1978077270088;28,2608927187174;79,7541016340982
"Pano_Tacanan";"r0";0,997261064498667;30,6209267388845;26,4138833507553;30,2109182730922;76,4713553801393
"Pano_Tacanan";"r0";0,996920385748278;29,9991616364856;26,4712867813306;29,6553433243306;79,1894474306292
"Pano_Tacanan";"r0";0,996792466122603;30,1004314325911;26,4193885833524;29,7416857311822;76,0098690974092
"Pano_Tacanan";"r0";0,996929180851067;30,4134656423389;26,9207551348632;30,0730743640679;74,4252625936406
"Pano_Tacanan";"r0";0,998257679674718;30,9375952685812;27,4195594172462;30,5947358423918;76,4449148980101
"Pano_Tacanan";"r0";0,996170807331822;29,7056962990062;26,2207637632968;29,3660630434074;75,9534661106756
"Pano_Tacanan";"r0";0,997568257951363;29,4553191765633;27,0159793279383;29,2175869031804;74,3548667583215
"Pano_Tacanan";"r0";0,996687654452908;30,0003316758012;26,9310838915853;29,7012100697123;74,457112426664
"Pano_Tacanan";"r0";0,99599977080012;28,9190727981808;25,9069058049259;28,6255141505331;83,5266216779607
"Pano_Tacanan";"r0";0,996798284989044;29,8630009574845;25,9297835966824;29,4796789265589;82,5009040612951
"Pano_Tacanan";"r0";0,996287628630617;29,2192069363431;26,2541542582086;28,9302399380503;78,3333946596651
"Pano_Tacanan";"r0";0,997082238381201;30,3224142836819;26,3799137386343;29,9381875356476;76,6135379739417
"Pano_Tacanan";"r0";0,996523544210276;29,8524776605763;26,1053743751983;29,4872938658148;78,5252726075622
"Pano_Tacanan";"r0";0,997324191482483;30,6765918180237;26,5036420316989;30,2699060337633;76,5041265730677
"Pano_Tacanan";"r0";0,997745481561291;31,1066384276478;26,8617376416352;30,692940469689;75,5039223480954
"Pano_Tacanan";"r0";0,996637469513543;30,1523648061207;26,2944078394034;29,7763774746186;74,3671251221494
"Pano_Tacanan";"r0";0,997986036384189;31,7940400540166;27,1605619421757;31,3424722719304;74,2575320347575
"Pano_Tacanan";"r0";0,997224338396316;30,8300123411626;27,1599658959126;30,4723383231933;73,4037186748835
"Pano_Tacanan";"r0";0,995977177202586;30,5177529825417;26,8016506270163;30,1555904648422;74,6433389783699
"Pano_Tacanan";"r0";0,996817318536923;29,2915362545644;26,2752358354786;28,9975747730433;79,2254219240591
"Pano_Tacanan";"r0";0,997105147103792;30,3868440722901;26,6640163425309;30,0240261155763;72,5218970562029
"Pano_Tacanan";"r0";0,997698094203662;30,1918003531853;26,5404950265909;29,8359528001698;74,2557155760363
"Pano_Tacanan";"r0";0,995586199139727;29,7542536362959;26,0919489176628;29,3973341086325;79,1976887957072
"Pano_Tacanan";"r0";0,996100821382362;28,9053146036714;25,8612161430289;28,6086439909817;81,5843535605385
"Pano_Tacanan";"r0";0,996616452777257;29,887856883162;26,497113997114;29,5574031273184;80,4204317576099
"Pano_Tacanan";"r0";0,996675032766038;30,1627526099357;26,3562092347785;29,7917759250687;79,0881934856058
"Pano_Tacanan";"r0";0,997509231348582;31,6423200343388;27,4921176411078;31,2378511570324;72,697962834649
"Pano_Tacanan";"r0";0,99740369390043;30,0968648591888;26,4487177803017;29,7413251015007;74,1364806744894
"Pano_Tacanan";"r0";0,996178514174455;29,7733398144196;26,9913631676143;29,5022149717225;74,2988758911205
"Pano_Tacanan";"r0";0,99675726992042;30,137772482256;26,3283036934912;29,7665106935205;79,2347466012994
"Pano_Tacanan";"r0";0,997181830500381;30,2099239657925;26,520397129043;29,8503514350924;77,9580212783116
"Pano_Tacanan";"r0";0,997586291644952;30,4475562691525;26,7492768602111;30,0871307335353;74,342429377889
"Pano_Tacanan";"r0";0,998201060990719;31,3896383350609;27,4765842471792;31,008281368869;74,2320062053357
"Pano_Tacanan";"r0";0,99715451100747;29,8076110986909;26,4774623566037;29,483062704335;75,5773221486276
"Pano_Tacanan";"r0";0,996822477848128;30,3943357112371;26,3649741178097;30,0016436915387;75,6986007595654
"Pano_Tacanan";"r0";0,997803498088659;30,4146060425403;26,7681467732458;30,0592307747701;78,2626243639482
"Pano_Tacanan";"r0";0,996338985290826;29,0929217278983;26,053385789233;28,7966957677741;80,4290501631288
"Pano_Tacanan";"r0";0,99672839104711;30,0228771619617;26,2676858962054;29,6569051318244;80,2826117265385
"Pano_Tacanan";"r0";0,996749592173671;29,3459212062498;25,7771638692691;28,9981185844255;83,7601188974275
"Pano_Tacanan";"r0";0,996325496031492;29,2827461401405;26,2371850651624;28,9859329845282;77,4157412011823
"Pano_Tacanan";"r0";0,996883240231937;29,2226972948804;26,7917733914898;28,98578521955;77,2614492795835
"Pano_Tacanan";"r0";0,996950405760282;30,5518577232192;26,5121429889861;30,1581567109846;77,0417250197202
"Pano_Tacanan";"r0";0,997247761236312;30,9504558213478;26,7141567902686;30,5375961700138;76,1485761960547
"Pano_Tacanan";"r0";0,996398373979952;29,2256132191578;26,2150529294346;28,9322111570238;78,4494215636999
"Pano_Tacanan";"r0";0,997152674695767;30,7435635135166;26,4095408988952;30,321179953617;75,697472046795
"Pano_Tacanan";"r0";0,995661188748356;28,5703418039099;26,0365553785363;28,3234049912675;77,5515374986816
"Pano_Tacanan";"r0";0,996217540270163;30,4066966332225;26,4601233564521;30,0220729664186;76,8531218583254
"Pano_Tacanan";"r0";0,996899803764967;29,3031279709683;25,9191356405564;28,9733321082587;80,1403303937166
"Pano_Tacanan";"r0";0,995983752306619;29,1255741519826;25,9241477770729;28,8135707340889;79,7901691711433
"Pano_Tacanan";"r0";0,996853691083981;30,4181570906923;26,6938721347487;30,0551971161724;77,4495639627009
"Pano_Tacanan";"r0";0,996584343448074;30,0555860415015;26,246946369571;29,6844050565253;79,0902686870305
"Pano_Tacanan";"r0";0,997506772943124;30,2910673920064;25,9692367865684;29,8698720363916;77,6992033652502
"Pano_Tacanan";"r0";0,996109975438824;28,2231619232793;25,7173059053469;27,9789471418706;79,854732624314
"Pano_Tacanan";"r0";0,997234571127895;30,1631238045557;26,6806764457496;29,8237327484009;76,1077533482265
"Pano_Tacanan";"r0";0,995495383675692;28,3894048917523;25,3174654021585;28,0900209584444;84,3285497329926
"Pano_Tacanan";"r0";0,99740987371477;31,1796254519259;27,1389549660368;30,7858312944028;74,2558255664544
"Pano_Tacanan";"r0";0,997151356961039;30,6245497677423;26,7404807511513;30,2460176178203;77,5877833845032
"Pano_Tacanan";"r0";0,996010572804027;29,176873813024;25,9996088850183;28,8672251124133;79,7793671964995
"Pano_Tacanan";"r0";0,996777939846378;30,6095283824157;26,7787190570993;30,2361867956264;79,3104646021239
"Pano_Tacanan";"r0";0,996452257219342;29,3477560085541;26,2104164025615;29,0419983350887;76,8787262597474
"Pano_Tacanan";"r0";0,997466427506851;31,3895381266273;26,8349688593943;30,9456606132953;75,5297795915967
"Pano_Tacanan";"r0";0,99689945238362;30,9076145989292;27,1821530062004;30,5445399521802;74,9078897143333
"Pano_Tacanan";"r0";0,99596037970576;29,3784042639676;25,7221707650769;29,0220764229741;80,1606028696052
"Pano_Tacanan";"r0";0,996400463984924;30,279266790417;26,4623892774077;29,9072829649966;76,3644165556139
"Pano_Tacanan";"r0";0,996915172116444;29,3765412339356;26,3869717184064;29,0851848828459;76,1968565512194
"Pano_Tacanan";"r0";0,997233312448851;30,253182958582;26,4001168595239;29,8776722794365;79,8391206808427
"Pano_Tacanan";"r0";0,995675927172048;30,6979672648687;26,4673642058977;30,2856627294605;74,0088499132221
"Pano_Tacanan";"r0";0,996147288680255;30,4171056078333;26,4737048843108;30,0327911305409;76,4892753701317
"Pano_Tacanan";"r0";0,997573589581249;30,598752447344;27,1117928076191;30,2589216349979;77,1075766081414
"Pano_Tacanan";"r0";0,996286964505382;29,7389118662593;25,986955344482;29,3732550865945;76,0055470590406
"Pano_Tacanan";"r0";0,997338319839433;30,0969227260307;26,9182860054415;29,7871403337699;74,7603727081443
"Pano_Tacanan";"r0";0,996653450570785;30,5572929721991;26,3073227932446;30,1431009632332;78,5333645892464
"Pano_Tacanan";"r0";0,99711960483488;30,8991182700103;26,8748957038679;30,5069270877168;75,0602504348276
"Pano_Tacanan";"r0";0,997065181783894;30,6568479338432;26,4367951800794;30,2455716061459;76,4068145652064
"Pano_Tacanan";"r0";0,997442949482296;29,8546991827508;26,0872964786754;29,4875370548113;79,8054904797379
"Pano_Tacanan";"r0";0,997015742928012;30,0310519119205;26,2894392518311;29,6664032204711;77,7890833298086
"Pano_Tacanan";"r0";0,996573589073979;29,5626720480007;26,1437219124265;29,2294692805507;79,9751984172204
"Pano_Tacanan";"r0";0,99714881273423;30,4495604378233;26,5646720484548;30,0709484337747;77,0403853381622
"Pano_Tacanan";"r0";0,997066878776091;30,2552562851859;26,5517704344687;29,8943233421075;77,4630633751997
"Pano_Tacanan";"r0";0,996006975801423;29,644879659551;26,3647582873282;29,325206813953;74,9763098599716
"Pano_Tacanan";"r0";0,997052767423505;29,9770536801053;26,8001043403988;29,6674357359814;74,9162436918654
"Pano_Tacanan";"r0";0,996972771581863;30,8221226912541;26,9637963270438;30,4460993591489;74,7186643730989
"Pano_Tacanan";"r0";0,996732175797334;28,686764244276;25,8109803422459;28,4064971690781;79,5268275565382
"Pano_Tacanan";"r0";0,998258592243125;31,9961124773331;27,4237298268489;31,5504989139385;72,8320409709293
"Pano_Tacanan";"r0";0,998037278020713;31,8129187583413;27,2210230111185;31,3654034948408;71,7082323502592
"Pano_Tacanan";"r0";0,996596420556465;29,970812529498;26,4476370725749;29,6274522095436;76,7148876842932
"Pano_Tacanan";"r0";0,997787506906607;30,309349079889;26,942738797405;29,9812472303249;76,5755665783264
"Pano_Tacanan";"r0";0,996977644176222;30,8267463930609;26,8512339114767;30,4393023800252;75,7375679440728
"Pano_Tacanan";"r0";0,996734346489007;31,117805316749;26,614390466246;30,6789131914881;75,6179131024072
"Pano_Tacanan";"r0";0,997629269200459;31,4473216967348;27,57143558233;31,0695870330429;71,7379713085164
"Pano_Tacanan";"r0";0,996798430818813;30,604475619147;26,4992664395709;30,2043916736798;76,6920076965462
"Pano_Tacanan";"r0";0,996739963528725;30,1536054147556;26,1197250085172;29,7604730022833;77,9754271515188
"Pano_Tacanan";"r0";0,997079734183715;30,5216752253137;26,4484223294292;30,1247056634267;80,2922506114733
"Pano_Tacanan";"r0";0,99624902041025;29,1283644628715;25,443964676255;28,7692916023114;79,393779476865
"Pano_Tacanan";"r0";0,99654332946365;29,6671118179334;26,1253044777072;29,3219356788436;82,2726436709807
"Pano_Tacanan";"r0";0,997283880407241;29,8591478726455;26,2271422479362;29,5051812227798;82,3972583258419
"Pano_Tacanan";"r0";0,996636463932904;30,8428432548151;27,0631671213703;30,4744849875726;75,4333207908744
"Pano_Tacanan";"r0";0,997742645692557;30,8008093454103;26,574959349932;30,3889680322916;78,2861817150924
"Pano_Tacanan";"r0";0,996171938889551;29,7693258315324;25,9104359014816;29,3932475756376;76,1017704152775
"Pano_Tacanan";"r0";0,99788341641611;31,8072718014033;27,6973900758848;31,4067324806959;73,6585037392824
"Pano_Tacanan";"r0";0,99777448093303;30,9460297136353;27,0455392505437;30,5658971685035;75,3500946864836
"Pano_Tacanan";"r0";0,997369844368893;31,1597474860386;27,0496765198785;30,7591897223874;74,6452436376245
"Pano_Tacanan";"r0";0,996708716007534;29,403325113419;26,1024628172176;29,0816309065858;79,6734856096213
"Pano_Tacanan";"r0";0,997256953645419;30,8323877044534;27,0253071767846;30,4613586699772;72,5668236531392
"Pano_Tacanan";"r0";0,997305130966674;30,7632523536279;26,5788761826469;30,3554529810323;76,4211268885704
"Pano_Tacanan";"r0";0,997677267284537;30,4669303700994;27,0464162712446;30,1335751824991;74,7570937443454
"Pano_Tacanan";"r0";0,996695004001573;29,5638279734524;26,3468228221735;29,2503062849803;75,9597555070247
"Pano_Tacanan";"r0";0,998090565362165;31,229846813767;27,1613449856908;30,8333402796748;74,7315362542751
"Pano_Tacanan";"r0";0,997595938616379;30,5191022679286;26,3630331389758;30,1140616324798;77,5619740339087
"Pano_Tacanan";"r0";0,997243639985206;30,2248479654583;25,8036882868989;29,7939722340733;79,3345464168229
"Pano_Tacanan";"r0";0,996545687047543;30,90523076732;26,5344563792479;30,4792654667875;77,2078293022023
"Pano_Tacanan";"r0";0,997083216799758;30,9291114250034;26,6849168447268;30,5154822921799;79,4198202315841
"Pano_Tacanan";"r0";0,996606986957959;30,7939584758834;26,522538444984;30,3776760152449;75,9466440216708
"Pano_Tacanan";"r0";0,997331032944944;30,488548575403;26,5435810794482;30,1040814041871;78,5425828979965
"Pano_Tacanan";"r0";0,996991800240743;30,8183585237576;26,2284646881951;30,3710383618172;80,5981495193629
"Pano_Tacanan";"r0";0,995614792210602;28,4091953516836;26,4339216077849;28,2166898596935;75,2904452748647
"Pano_Tacanan";"r0";0,99769149795283;30,4361819062523;26,380178442038;30,040893433045;78,6847987029799
"Pano_Tacanan";"r0";0,996442478346046;30,2406117400249;26,4496588083793;29,8711544627882;76,9167122329903
"Pano_Tacanan";"r0";0,997305842952576;29,7177043743945;26,5892637424077;29,4128139738195;76,9852837989528
"Pano_Tacanan";"r0";0,997722771098924;30,9876952511929;26,9699572464223;30,5961360388636;74,3024135751809
"Pano_Tacanan";"r0";0,997823026198982;31,0367127004451;27,2037188860142;30,6631582185302;72,1962806303003
"Pano_Tacanan";"r0";0,997375632194297;31,1889490704045;27,2342922786908;30,8035376034154;76,0514109333631
"Pano_Tacanan";"r0";0,996738822875463;29,659593362645;26,2180600797405;29,3241896952433;77,7907072769331
"Pano_Tacanan";"r0";0,998238476118309;31,4037098573484;27,3887923873;31,0124255276403;73,2504281301852
"Pano_Tacanan";"r0";0,996026423177559;29,5350032292521;26,6841563533435;29,2571664574474;75,3762260495345
"Pano_Tacanan";"r0";0,997059472345447;29,8363963240724;26,5349994848303;29,5146500219429;76,6578850285315
"Pano_Tacanan";"r0";0,9967605603613;30,6744634473508;26,4452814814719;30,2622974083033;76,4666227817416
"Pano_Tacanan";"r0";0,996311389895764;30,1525108303277;26,561043368575;29,8024949336315;76,7159935618601
"Pano_Tacanan";"r0";0,996228777938512;29,6515915618028;25,9459318801673;29,2904467623214;79,6171989839065
"Pano_Tacanan";"r0";0,997430468159047;30,7625381921157;26,6872481489186;30,3653700946854;75,7469240094412
"Pano_Tacanan";"r0";0,99764688589244;30,3810839873046;26,8316618913574;30,0351657321911;75,8215357901428
"Pano_Tacanan";"r0";0,997001456454408;30,1156659372622;26,5616830834222;29,7693032015066;77,0545976061438
"Pano_Tacanan";"r0";0,99650202468924;29,1320453585712;25,8004426343398;28,8073552625656;78,5047066258426
"Pano_Tacanan";"r0";0,997323339480311;29,5268214223613;26,1178915860042;29,194595209496;77,5151494456158
"Pano_Tacanan";"r0";0,996698449787092;30,1117606311268;26,4862264619751;29,7584246739637;77,7934195219949
"Pano_Tacanan";"r0";0,997221064355618;30,728800411899;26,8622380357531;30,3519744176136;74,010368118957
"Pano_Tacanan";"r0";0,996356850340926;29,0563131877686;25,5372116994095;28,7133499071234;80,1928806269006
"Pano_Tacanan";"r0";0,997389315845978;30,0742513007771;26,4409112731419;29,7201546031686;79,8920220390271
"Pano_Tacanan";"r0";0,996181682276628;29,7381426606779;25,9737120387802;29,371270184815;80,3425753300815
"Pano_Tacanan";"r0";0,996077541049466;28,9839499962739;26,2781528968973;28,7202494315042;77,7548180442638
"Pano_Tacanan";"r0";0,997432562200141;30,712034552997;26,8654909265296;30,3371595385531;73,1951669959903
"Pano_Tacanan";"r0";0,995679444744021;29,776048264898;26,0538098530587;29,4132877417103;79,0746975767205
"Pano_Tacanan";"r0";0,996132538142773;29,3579899712529;25,7825590331062;29,0095369560945;82,486092946392
"Pano_Tacanan";"r0";0,997251747815737;30,6744662701235;26,2184879720448;30,2401971987006;75,6100272022757
"Pano_Tacanan";"r0";0,996859972653595;30,3322544695784;26,6119364114588;29,9696810995074;76,1621561231121
"Pano_Tacanan";"r0";0,996975328298521;30,6617087485632;27,0443007377143;30,3091647475059;75,106452684126
"Pano_Tacanan";"r0";0,997765224273476;31,1128188886405;26,645702336554;30,6774643094117;75,8247064035467
"Pano_Tacanan";"r0";0,996016184215442;29,4154277516954;26,0123674096164;29,0837735658148;77,3148914311777
"Pano_Tacanan";"r0";0,997035917318513;29,7527519211792;26,4005240541157;29,4260517476942;74,9059656417691
"Pano_Tacanan";"r0";0,995176643720912;29,2493174535428;25,8209572378561;28,915197602014;78,6720963127494
"Pano_Tacanan";"r0";0,997528801193638;30,427346627464;26,4940251925378;30,0440144537212;73,5424510582
"Pano_Tacanan";"r0";0,996884113623198;30,5653915072929;26,6979475502259;30,1884795962228;78,4933127406094
"Pano_Tacanan";"r0";0,997619506161553;30,5599731949497;27,1771676092142;30,2302929895602;74,4653173623036
"Pano_Tacanan";"r0";0,997225177284951;30,9084007411472;26,8499368947086;30,5128724849265;71,0511672034602
"Pano_Tacanan";"r0";0,997414844492798;31,5494072741725;27,3232720436979;31,137538162728;75,4677502666178
"Pano_Tacanan";"r0";0,996954648500009;30,8716849356521;26,5085943482372;30,4464684800989;77,5263807851902
"Pano_Tacanan";"r0";0,996517026969066;29,6494765450165;26,1357993545089;29,3070419035687;78,271041489027
"Pano_Tacanan";"r0";0,996666777870388;30,178766199893;26,2709814984464;29,7979227755994;79,2164166362761
"Pano_Tacanan";"r0";0,996274643591971;29,6788813690222;26,4660802897048;29,3657693994277;80,3211809319331
"Pano_Tacanan";"r0";0,997293222059732;30,0540236367701;26,7355801190743;29,7306160058082;76,4626967901355
"Pano_Tacanan";"r0";0,996963678387477;30,2575173261793;26,5596022454793;29,897127297128;76,4318472764814
"Pano_Tacanan";"r0";0,996550629561876;29,5302990784211;26,1316126140522;29,1990711602835;80,0866253532432
"Pano_Tacanan";"r0";0,998293627156117;31,7259547746637;27,4143698546743;31,305757939241;71,8376009139336
"Pano_Tacanan";"r0";0,996812545249436;29,9494850697902;26,2184108640929;29,5858634310994;79,0458268693513
"Pano_Tacanan";"r0";0,997652997313359;31,0613470384597;26,8002187760172;30,6460675891539;77,1463499722117
"Pano_Tacanan";"r0";0,997206501585625;30,4921278512828;27,0350357596651;30,1552078593031;72,8428476552408
"Pano_Tacanan";"r0";0,996220094806905;29,5503958091986;26,0151266061126;29,2058568614402;79,8931224137929
"Pano_Tacanan";"r0";0,997447066348009;31,0943396066636;26,8421398391053;30,6799303072829;76,5249588003282
"Pano_Tacanan";"r0";0,996757278378176;30,5302239926653;26,4051604015289;30,1282050833596;77,2436880662106
"Pano_Tacanan";"r0";0,998056507791728;31,4841145856404;27,2056733841631;31,0671478583778;73,978171062394
"Pano_Tacanan";"r0";0,996352461878922;28,6600481113392;25,3927405297916;28,3416240673748;80,7147357095723
"Pano_Tacanan";"r0";0,997221475276551;30,534654334537;26,9575878507826;30,1860419229846;75,4929747982646
"Pano_Tacanan";"r0";0,996637705911124;30,4832629333803;26,4990321247161;30,0949692528749;76,711110622271
"Pano_Tacanan";"r0";0,997513673827984;29,0537359962243;26,2555321515873;28,7810296893317;79,0027299407755
"Pano_Tacanan";"r0";0,996869896309713;29,55560382497;26,3101842220835;29,2393129314684;78,4797500052658
"Pano_Tacanan";"r0";0,996473209730536;31,0629842466697;26,6404948878086;30,6319789277976;70,9697302655694
"Pano_Tacanan";"r0";0,99740893554024;30,7026869409499;26,485710155743;30,2917103898492;80,1608449590485
"Pano_Tacanan";"r0";0,996567734017106;29,4174799075034;25,9507024037916;29,0796159982433;78,6464645885711
"Pano_Tacanan";"r0";0,996546030817105;30,5992055023745;26,3422845795247;30,1843360904019;78,4245339578072
"Pano_Tacanan";"r0";0,996635398304039;30,431778380722;26,5657563453803;30,0550050467692;80,133972855001
"Pano_Tacanan";"r0";0,996853107254802;30,5510885176378;26,6951096306384;30,1752939650913;72,6168086652193
"Pano_Tacanan";"r0";0,998329864485818;31,612284537754;27,6074670096409;31,221984524421;73,3079152119145
"Pano_Tacanan";"r0";0,997045092462429;30,2664443450828;26,7711043926097;29,9257968073418;78,8628872341764
"Pano_Tacanan";"r0";0,996665944221329;30,5476913106021;26,5952874347561;30,1624994074476;77,8019747695951
"Pano_Tacanan";"r0";0,99752700604935;30,821583541654;26,9923450527371;30,4483950448527;74,8214226704719
"Pano_Tacanan";"r0";0,996229852444407;30,2715761459893;26,2750045116228;29,8820797578942;76,1593006201695
"Pano_Tacanan";"r0";0,996207662601541;29,9805496841882;26,2188250576222;29,6139409282093;77,3461627449881
"Pano_Tacanan";"r0";0,997479742116362;31,7237939421038;27,1694585487989;31,2799392215698;75,9674828395093
"Pano_Tacanan";"r0";0,998178278671212;30,8691148010397;26,9861741434222;30,4906926183058;74,0354992215658
"Pano_Tacanan";"r0";0,996825156135855;29,7948747479264;25,8539523227116;29,4108017997063;79,1062601891974
"Pano_Tacanan";"r0";0,997393327085391;29,6381064162754;26,3951600564873;29,3220565591774;77,6054128299125
"Pano_Tacanan";"r0";0,997279751403327;31,0899755999521;27,0780700725482;30,6989848070272;71,6794100712728
"Pano_Tacanan";"r0";0,998042507375784;30,9133448276641;26,9095436147222;30,523143861996;76,0942666855191
"Pano_Tacanan";"r0";0,997024786450817;30,1446953324888;26,9934873152215;29,8375860765686;76,5211574422059
"Pano_Tacanan";"r0";0,997416437985675;30,2637387173772;26,4858644314669;29,8955560539199;75,5756441452598
"Pano_Tacanan";"r0";0,996134844573878;29,313892614949;26,4704350046605;29,0367759834378;74,1595046993042
"Pano_Tacanan";"r0";0,99699745818766;31,6271464364187;27,2746222499978;31,2029597572337;74,710777018266
"Pano_Tacanan";"r0";0,996586326718506;29,9122625765818;26,5163795594847;29,581307875763;77,8448020045134
"Pano_Tacanan";"r0";0,995394254457095;30,0685552710201;26,1522392603877;29,6868804055771;75,5338836269309
"Pano_Tacanan";"r0";0,996004767266169;29,6694236688368;26,5775241314989;29,3680944766386;75,3954092298802
"Pano_Tacanan";"r0";0,996510987546657;29,3662437588494;26,4692091736664;29,0839056424968;79,1611018852125
"Pano_Tacanan";"r0";0,997561023935529;30,8340771339598;26,8531382206638;30,4461042737657;76,935853940147
"Pano_Tacanan";"r0";0,996271773362583;30,5191206159516;26,3105189148618;30,1089602806759;80,787620263623
"Pano_Tacanan";"r0";0,996016852327884;29,6466142534218;26,0571528327224;29,2967938607265;76,8319817219451
"Pano_Tacanan";"r0";0,996085351168189;29,9933650725904;26,3857247709601;29,6417730092959;79,410854811551
"Pano_Tacanan";"r0";0,997231132687227;30,5474541976889;27,0729807682598;30,20884026177;72,7081031171787
"Pano_Tacanan";"r0";0,99784867475091;30,2548780336339;26,691892332749;29,907637901768;76,0285758253797
"Pano_Tacanan";"r0";0,997616245771254;30,6272017627651;26,4560210219846;30,2206883854857;75,8513184152022
"Pano_Tacanan";"r0";0,997038873313357;29,9969697534252;26,5473122907707;29,6607743227427;78,0706161945224
"Pano_Tacanan";"r0";0,997139845649498;30,5116967235512;26,9990715700098;30,1693646111298;74,7950656538402
"Pano_Tacanan";"r0";0,996028800778353;29,1486376169475;26,1305666019127;28,8545035773466;79,6527297648511
"Pano_Tacanan";"r0";0,997642665048539;31,4043252218135;27,5946526131831;31,0330435692775;72,4124569667162
"Pano_Tacanan";"r0";0,996970817669931;30,4386659462951;26,5124955081178;30,0560306917269;76,5055276706909
"Pano_Tacanan";"r0";0,997004717466992;30,3807525286399;26,6525251639917;30,0174083363224;76,9903722480384
"Pano_Tacanan";"r0";0,997092061928049;31,0743967170024;26,7971324838801;30,6575446942828;76,3129858448328
"Pano_Tacanan";"r0";0,997138260215414;30,2020907713396;26,510873369768;29,8423534822034;80,0848003395123
"Pano_Tacanan";"r0";0,996524703219586;29,2146707404923;25,7204958056863;28,8741367426087;78,4534159881025
"Pano_Tacanan";"r0";0,99588519604191;30,419458388942;26,1642090585728;30,004751886406;76,0384915453106
"Pano_Tacanan";"r0";0,99753091002013;30,8933243117515;26,8815144255399;30,5023428397902;75,7025940093209
"Pano_Tacanan";"r0";0,997892310569654;30,4720170066414;26,8579146664661;30,119795168404;72,2803523350114
"Pano_Tacanan";"r0";0,994008743858129;28,572499813697;25,5330336926695;28,2762806578342;81,5584487577985
"Pano_Tacanan";"r0";0,998092989516336;31,566884471814;27,2591874992134;31,1470665465182;74,9980278650509
"Pano_Tacanan";"r0";0,996215737053999;30,1535828325734;26,3262111906525;29,7805762742506;79,6197197562943
"Pano_Tacanan";"r0";0,996582499335329;29,4336670979863;26,0216880800654;29,1011437191212;79,2943615428792
"Pano_Tacanan";"r0";0,996991505143826;29,9422615942569;26,2613861944774;29,583532212075;79,4544886474253
"Pano_Tacanan";"r0";0,995413514720688;30,3424983119819;26,0985349178066;29,9288917100072;79,1451302915987
"Pano_Tacanan";"r0";0,997509243879327;30,1395649429687;26,9708965397205;29,8307540392623;76,5631892195511
"Pano_Tacanan";"r0";0,997052281442225;30,0408314082023;26,4678406122044;29,6926162035076;77,1046958540219
"Pano_Tacanan";"r0";0,99788276717106;30,8031691834509;27,7409912428816;30,5047365875479;70,4697388389317
"Pano_Tacanan";"r0";0,997809109469067;30,672459930089;27,3381680557583;30,3475077558958;75,2470814486577
"Pano_Tacanan";"r0";0,996477510577065;29,666764616882;26,1803769630105;29,3269895489199;74,6652376118422
"Pano_Tacanan";"r0";0,995352917113293;29,2728960745393;25,705577540594;28,9252336750446;82,6282918209443
"Pano_Tacanan";"r0";0,997049327135807;30,8895559100958;26,7432407851272;30,4854658767302;78,0774407029854
"Pano_Tacanan";"r0";0,99609811503082;29,6152532478824;25,9691962884431;29,259917188276;77,9071815391311
"Pano_Tacanan";"r0";0,997714533602859;30,0075226894476;26,5319005108578;29,6687967991613;78,5680080206663
"Pano_Tacanan";"r0";0,996650927359077;29,7463611636147;26,0921142002626;29,3902269256609;80,863833314939
"Pano_Tacanan";"r0";0,997985986994724;31,3965428372705;27,1796130499245;30,9855708664699;75,5346334713391
"Pano_Tacanan";"r0";0,996633296031028;29,2648045963774;26,5339007712901;28,9986571896951;76,3627330407869
"Pano_Tacanan";"r0";0,997509738571643;31,7474899253068;27,3359236699949;31,3175491461874;72,924802767889
"Pano_Tacanan";"r0";0,994870291288284;28,1299765484038;25,6439288058032;27,8876922345063;81,5396364790642
"Pano_Tacanan";"r0";0,995643143355836;29,4942720294833;26,1215452108149;29,1655740768165;79,0908884323926
"Pano_Tacanan";"r0";0,996509117811714;29,4995901333929;26,7240323508357;29,2290908579742;72,2606691179855
"Pano_Tacanan";"r0";0,997759728526532;31,0146386173381;27,1997817145066;30,642851715791;74,2989806404914
"Pano_Tacanan";"r0";0,996883725703695;29,1206244199202;26,7863055463792;28,8931272415666;75,0588226716286
"Pano_Tacanan";"r0";0,995707764794786;29,0125729122208;25,8357324135605;28,702965575487;83,161602158278
"Pano_Tacanan";"r0";0,996915224941668;30,3954817569841;26,5813104370213;30,0237616707165;75,712096163539
"Pano_Tacanan";"r0";0,996284347039124;29,3897800382542;26,1135798217929;29,0704893391923;77,2105341635791
"Pano_Tacanan";"r0";0,996850594249033;29,2826416975478;26,1518298524567;28,9775202041703;83,1199939183021
"Pano_Tacanan";"r0";0,996422312557055;29,9598517028094;26,6840858854091;29,6406033392492;79,5967004078133
"Pano_Tacanan";"r0";0,997234556934336;30,5390874991814;26,5545997399793;30,1507687768863;79,759998825814
"Pano_Tacanan";"r0";0,996733758199189;29,1021267899202;25,6817982019454;28,7687896817701;77,7427048179638
"Pano_Tacanan";"r0";0,99541967137822;29,2547033039991;25,8279944002758;28,9207443854159;79,9587633868345
"Pano_Tacanan";"r0";0,99673023942625;29,9185615940311;26,0135813364348;29,5379914841806;82,6125923272853
"Pano_Tacanan";"r0";0,995798545427802;29,9885578905532;25,9911218059661;29,5989772551909;76,2346126382886
"Pano_Tacanan";"r0";0,996976876197199;31,268799666687;26,236413746363;30,7783552761469;76,3708461975835
"Pano_Tacanan";"r0";0,996238558003617;30,1236600297633;26,3928666183417;29,7600657566163;80,802517799839
"Pano_Tacanan";"r0";0,997374383099704;29,880150713484;26,3317422056602;29,5343312402639;76,3798485819344
"Pano_Tacanan";"r0";0,993571758405043;28,5506924826174;25,6681436937133;28,2697661175971;81,5931012521989
"Pano_Tacanan";"r0";0,995522514903809;29,2965001004907;25,789431271846;28,9547094943092;79,562554764773
"Pano_Tacanan";"r0";0,996316974109153;28,9890182847929;26,0250322561287;28,7001552396265;82,0713615451153
"Pano_Tacanan";"r0";0,997716661105692;30,7886446061329;27,0194612694115;30,4213089419609;76,5470612888841
"Pano_Tacanan";"r0";0,997010350426089;31,176816793014;26,8684252161021;30,7569311732302;77,1677725127982
"Pano_Tacanan";"r0";0,997023223856639;30,8656018603202;27,0645492619674;30,4951602935316;76,7048987747003
"Pano_Tacanan";"r0";0,996952585665479;30,4454137846157;26,6385029423533;30,0744012872765;74,4805854944327
"Pano_Tacanan";"r0";0,997072202675211;29,1240470319109;26,1664350197829;28,8358051832713;77,6848572183899
"Pano_Tacanan";"r0";0,996882207772797;29,8922053646232;26,5289313462381;29,5644286594416;79,2483707700399
"Pano_Tacanan";"r0";0,998101162808568;31,4809550343588;27,5611530066311;31,0989404299616;73,2799115249233
"Pano_Tacanan";"r0";0,997738223410915;31,3986302777383;27,237625806798;30,9931086555704;75,0908971054303
"Pano_Tacanan";"r0";0,996729628511223;30,0030429490523;26,1660324911494;29,6290970145957;77,330974303064
"Pano_Tacanan";"r0";0,996262471411885;30,0619993812482;25,9255178340344;29,6588677050367;75,115893952574
"Pano_Tacanan";"r0";0,995510663656057;29,3233319671113;25,8750666215098;28,9872722088535;79,280997352603
"Pano_Tacanan";"r0";0,99543641959569;28,6098450975212;25,6470596638242;28,3210990594914;82,0021104120699
"Pano_Tacanan";"r0";0,995406129076464;29,8655231049597;25,9821164466225;29,4870555069014;78,5465696864593
"Pano_Tacanan";"r0";0,995872601297238;29,1575067690091;25,6827374952437;28,8188640008032;76,9033621975877
"Pano_Tacanan";"r0";0,996913183484005;30,1481631088439;26,6453314526889;29,8067854474389;79,119593300852
"Pano_Tacanan";"r0";0,997280496826236;30,5769804009241;26,8391880222793;30,2127040250392;73,8622765643058
"Pano_Tacanan";"r0";0,997196294754556;30,5768703127858;26,9321275707456;30,2216623336887;73,763108141357
"Pano_Tacanan";"r0";0,997585430262196;30,684362585771;27,2594946149816;30,3505830801433;77,4041985125123
"Pano_Tacanan";"r0";0,997538621726808;29,959064149205;26,3567382228461;29,6079900123141;78,0589186513242
"Pano_Tacanan";"r0";0,995753390894912;29,3411535430315;26,2702532500314;29,0418708873577;78,017742391915
"Pano_Tacanan";"r0";0,997345281821682;29,3641224451084;26,2177331635594;29,0574828117371;78,1259520829853
"Pano_Tacanan";"r0";0,995981330643242;30,2191078570187;26,7083117801952;29,876954002074;77,4532569606051
"Pano_Tacanan";"r0";0,997276630810158;30,114981414864;26,3771396469635;29,7507002256195;79,2207000779205
"Pano_Tacanan";"r0";0,997713663848861;31,7395141808287;27,8144070459512;31,3569825532771;73,8385913423499
"Pano_Tacanan";"r0";0,996678434609353;30,3963229432713;26,6127856158699;30,0275883732279;76,9967808249082
"Pano_Tacanan";"r0";0,997070969210246;29,2800941451176;26,6188669148574;29,0207372540329;73,3671443154563
"Pano_Tacanan";"r0";0,99800066253812;31,7935291321442;27,413114532431;31,3666243194602;73,4994878020142
"Pano_Tacanan";"r0";0,996616349863281;29,9858198009606;26,430298790263;29,6393071600876;77,6628912478869
"Pano_Tacanan";"r0";0,996644943532251;29,8794718366315;26,388231586968;29,5392238461982;75,6643593264867
"Pano_Tacanan";"r0";0,997034421763675;30,1002832370203;26,5448306589735;29,753777265431;74,0191606914247
"Pano_Tacanan";"r0";0,995353564737951;28,6682637915032;25,3313889806527;28,3430598904458;81,7863493938823
"Pano_Tacanan";"r0";0,998498812771539;32,3498073175303;27,9483473869605;31,9208514768392;71,1160359409981
"Pano_Tacanan";"r0";0,997940239033926;32,1794459235774;27,9045409177983;31,7628238255565;70,1469692892734
"Pano_Tacanan";"r0";0,996207398685852;29,6512958220705;26,1767382931944;29,312673690019;78,1031065219625
"Pano_Tacanan";"r0";0,998072709677056;29,893700022808;26,6687357798939;29,5794026601511;78,931568156559
"Pano_Tacanan";"r0";0,996256062368421;30,126271094581;26,5554640190249;29,7782687100988;74,9333514881084
"Pano_Tacanan";"r0";0,996021316451045;29,8658688946248;26,3636259549602;29,524548608132;77,3370915714747
"Pano_Tacanan";"r0";0,997995164844959;29,4749007513092;26,6557358816835;29,2001516326592;78,867112440796
"Pano_Tacanan";"r0";0,997656198226151;30,2984390631104;26,8536578169948;29,9627188569212;75,5683580935083
"Pano_Tacanan";"r0";0,99703610848956;30,8631516935508;27,0116846124209;30,4877968508983;73,6863093883288
"Pano_Tacanan";"r0";0,994765506536707;28,6615794655701;25,7220851028681;28,3751033200525;82,1373799860273
"Pano_Tacanan";"r0";0,995648645100805;28,8439588146161;25,896419602021;28,5566986371174;80,2232925504311
"Pano_Tacanan";"r0";0,996758922426441;29,5618675577596;26,3676055388323;29,2505623609997;75,6734870475746
"Pano_Tacanan";"r0";0,996424301989163;28,9610968278809;25,8975195717808;28,6625278580067;77,3037992223028
"Pano_Tacanan";"r0";0,996807142729122;30,5814559071601;26,2043705768211;30,1548755571695;80,2206718908435
"Pano_Tacanan";"r0";0,997630977669536;30,4300720145791;26,9905026572274;30,0948597467016;76,6218026943052
"Pano_Tacanan";"r0";0,997890834274937;31,0503600468389;27,5453098050352;30,7087661673411;77,3184740765132
"Pano_Tacanan";"r0";0,996231740076285;30,0447508282015;26,6232850389899;29,7113028911174;79,811232629454
"Pano_Tacanan";"r0";0,997885212744456;31,2550923906558;27,0228266217471;30,8426258114825;73,8601293912874
"Pano_Tacanan";"r0";0,997349332494695;30,755331653219;26,9693488174236;30,3863587497305;78,9417496510471
"Pano_Tacanan";"r0";0,996786143854792;28,5760550960081;25,738445029436;28,299508352232;83,9270089175835
"Pano_Tacanan";"r0";0,996703647384576;30,164864043972;25,9534504737718;29,7544296706051;79,4392759763263
"Pano_Tacanan";"r0";0,996797868530069;30,6386325811208;26,5790050947;30,2429909193086;75,4602626682534
"Pano_Tacanan";"r0";0,997004688918549;30,1166101547557;26,6727337883193;29,7809781359928;74,8960614537709
"Pano_Tacanan";"r0";0,996927589338809;29,6315420581852;26,2695780021171;29,3038930188227;80,9928850022205
"Pano_Tacanan";"r0";0,995082118328127;29,6075837742504;25,8695841803244;29,243287203656;79,2787643931776
"Pano_Tacanan";"r0";0,996604898417184;29,6539266462975;26,0639198481204;29,3040531024074;77,9281156869286
"Pano_Tacanan";"r0";0,997274807496875;30,2517221736705;26,5546840263286;29,8914176084635;78,5720951133762
"Pano_Tacanan";"r0";0,996429568473312;31,228587857109;26,3351451847621;30,7516845458209;74,6484138267706
"Pano_Tacanan";"r0";0,996694974169606;30,5154213722289;26,5820084763473;30,1320802849184;76,9582127034379
"Pano_Tacanan";"r0";0,997876667222813;30,8988696488696;27,2427962269769;30,5425574086004;76,2950540119683
"Pano_Tacanan";"r0";0,997804336521122;31,8301052103869;27,628510003025;31,4206277113643;75,0624865899045
"Pano_Tacanan";"r0";0,997177026253333;29,7099403378746;26,5371933227122;29,4007319423291;76,9178966067574
"Pano_Tacanan";"r0";0,997613320751475;30,7658097857628;27,1714254895033;30,4155096212969;75,6855676626442
"Pano_Tacanan";"r0";0,99743830202318;30,7981686414785;26,9826689319775;30,4263190935187;76,9178199278021
"Pano_Tacanan";"r0";0,996312579317592;30,4853221461203;26,5970655237892;30,1063818820795;76,6657114198286
"Pano_Tacanan";"r0";0,997772662028736;29,3581113504822;26,3317805502663;29,0631723318171;77,7628862385657
"Pano_Tacanan";"r0";0,996509152135598;30,7749615408066;27,049405834477;30,4118777219694;76,4797740295259
"Pano_Tacanan";"r0";0,997159554540221;30,5554821634634;26,9705257754954;30,2061008205682;73,9137548796873
"Pano_Tacanan";"r0";0,997849629602281;30,5366994334131;26,7465023498005;30,1673158193322;73,7296988439045
"Pano_Tacanan";"r0";0,996733056391694;29,8219169111188;26,5232975605078;29,5004412964406;77,5781827510559
"Pano_Tacanan";"r0";0,997513639745348;30,7444089339629;26,9865600421018;30,3781778978917;76,2718611309484
"Pano_Tacanan";"r0";0,997261490270298;29,9053114986214;26,4002939864794;29,5637208088787;77,3056324497709
"Pano_Tacanan";"r0";0,995999494831672;30,0872321470913;26,3847239827242;29,7263944870047;78,3159922850675
"Pano_Tacanan";"r0";0,99613157163654;29,3263495112087;26,1396236457176;29,0157787700803;78,0959318809407
"Pano_Tacanan";"r0";0,996401671392125;30,3504161896181;26,4815807826454;29,9733686711419;77,9470362764121
"Pano_Tacanan";"r0";0,997237195130314;29,3801247439745;26,2423110989174;29,0743208717867;80,0677407653846
"Pano_Tacanan";"r0";0,996590636294222;28,3638249248578;25,7458212514923;28,1086804990637;81,3412650151057
"Pano_Tacanan";"r0";0,996501904784976;30,2951364189627;26,3036077333162;29,9061315046836;76,1606966186821
"Pano_Tacanan";"r0";0,997672801398311;30,560687356462;26,9516061520588;30,2089548662024;76,7424428341295
"Pano_Tacanan";"r0";0,996487120078987;30,3429118481935;26,5667220192889;29,9748933479189;76,8175266989626
"Pano_Tacanan";"r0";0,997271639502196;30,9745848830356;27,05231105154;30,5923293825085;74,2139181054456
"Pano_Tacanan";"r0";0,997403799666125;31,3044004769357;27,0828455014108;30,8929777462701;77,6316525978656
"Pano_Tacanan";"r0";0,997146501473627;31,2259824378369;26,9790829037421;30,8120896866327;73,4123355557362
"Pano_Tacanan";"r0";0,997175302341926;30,3982198465767;26,3484145121544;30,0035354283914;78,2543441556243
"Pano_Tacanan";"r0";0,998358760243429;31,135855537264;27,4123345397348;30,7729700163183;75,400173535512
"Pano_Tacanan";"r0";0,996846512257625;29,7001269683195;26,2311813526867;29,3620517600163;79,4545683821895
"Pano_Tacanan";"r0";0,997622637794038;31,2802333078155;27,116844963701;30,8744793590247;72,5348259900572
"Pano_Tacanan";"r0";0,997931404258698;31,3958089163488;27,0600353660497;30,9732547144129;74,4874020381777
"Pano_Tacanan";"r0";0,997623495435403;30,9639952509671;27,2522334865634;30,6022557569786;75,7728892418239
"Pano_Tacanan";"r0";0,997668795459322;30,9774189469025;27,1719276782206;30,6065447978361;77,6226930247183
"Pano_Tacanan";"r0";0,997063979853257;29,7876950253711;26,4660034808528;29,4639708494223;80,5205857839843
"Pano_Tacanan";"r0";0,997307289268736;30,7390837731213;26,841940040378;30,3592773923879;78,6093940245031
"Pano_Tacanan";"r0";0,997102668628382;30,0468566166923;26,5867539952208;29,7096432256167;81,6848181741156
"Pano_Tacanan";"r0";0,997166795352936;30,2211713039178;26,8181087181684;29,8895168993744;77,96511278675
"Pano_Tacanan";"r0";0,997466695185163;31,5726074264807;27,181582263788;31,1446685335064;73,0941011334984
"Pano_Tacanan";"r0";0,997991665138336;31,2363137861964;27,2248596850626;30,8453669882046;73,6536243494319
"Pano_Tacanan";"r0";0,997257185859279;30,7045979581191;26,8507230488625;30,3290084542509;75,6695491660244
"Pano_Tacanan";"r0";0,996860960247322;29,3542187468244;26,4461075953713;29,0708011346065;83,2114191813597
"Pano_Tacanan";"r0";0,996796665765585;29,9184924360981;26,5048451909212;29,585806475763;78,5480715476064
"Pano_Tacanan";"r0";0,996970734796257;30,3192146707405;26,4129188732462;29,9385163514932;76,5374718485525
"Pano_Tacanan";"r0";0,994835868789783;28,1858900315473;25,4668480312695;27,9208986501643;81,8225774915571
"Pano_Tacanan";"r0";0,997680669257728;30,3769431967789;26,5370876208106;30,0027199838667;78,5570239750339
"Pano_Tacanan";"r0";0,996781430181954;27,9121022430882;27,2796047756251;27,8504605407506;70,699368920016
"Pano_Tacanan";"r0";0,996155041341492;30,0279045202754;26,4530057361616;29,6795033675864;78,6664565568883
"Pano_Tacanan";"r0";0,997188477060379;30,4715343124968;27,1117245530239;30,1440952257685;73,2546934080541
"Pano_Tacanan";"r0";0,997223590065866;29,6683467810228;26,5649344786993;29,3658955820676;76,9175955030147
"Pano_Tacanan";"r0";0,997312911624615;31,9104214556092;27,3913037496263;31,4699989673143;73,1373961018134
"Pano_Tacanan";"r0";0,997355271361854;29,6489557434393;26,7145636857606;29,3629768564621;75,9382093875691
"Pano_Tacanan";"r0";0,998193900173343;32,2800932982858;27,9045467203362;31,8536629114517;71,8428704435613
"Pano_Tacanan";"r0";0,991716632033721;27,4736931691157;25,0909456887718;27,2414762536585;84,4400281797735
"Pano_Tacanan";"r0";0,998498078118206;32,090212430588;27,7241214108193;31,6647035600173;71,8557453374028
"Pano_Tacanan";"r0";0,997531352831944;31,1283427275211;27,3348469702066;30,7586376325286;74,6891251919538
"Pano_Tacanan";"r0";0,9963912948078;30,7286762098969;26,448780292179;30,3115677094413;76,0345633971365
"Pano_Tacanan";"r0";0,995734798759664;29,5573906401371;26,0399669717151;29,2145908758417;76,6263858031477
"Pano_Tacanan";"r0";0,996605297168038;29,5883790396701;26,2589975229265;29,2639054172756;78,201642168509
"Pano_Tacanan";"r0";0,997459248941122;30,8951351204872;27,0446665967012;30,519877594864;75,7778948342105
"Pano_Tacanan";"r0";0,996555240247028;29,1671789999255;25,8278171536803;28,8417327182999;80,3496469168248
"Pano_Tacanan";"r0";0,996849070806084;30,0229646679177;26,5845468174838;29,687864623172;78,011053218247
"Pano_Tacanan";"r0";0,997075814921011;31,7082051794493;26,9230384036125;31,2418541801093;72,5760302485309
"Pano_Tacanan";"r0";0,995975668979921;29,2675963186527;25,8893882421392;28,9383641756026;81,3563580958082
"Pano_Tacanan";"r0";0,997142030363402;30,516269615448;26,7315815124491;30,1474228935456;76,8587660717321
"Pano_Tacanan";"r0";0,99735236622886;30,765599489191;26,8893567648667;30,3878300711425;73,2666796096989
"Pano_Tacanan";"r0";0,996162700227474;29,2582811684924;25,6558680957994;28,9071985385266;78,5668949398284
"Pano_Tacanan";"r0";0,996992121463251;30,0001848916168;26,1398306228423;29,6239639247447;82,3015811494017
"Pano_Tacanan";"r0";0,998057590137379;31,9586698078482;27,6048166855052;31,5343536137216;76,651718251541
"Pano_Tacanan";"r0";0,99698303037056;30,4743980154778;26,7539268465793;30,1118097235936;76,2881707470692
"Pano_Tacanan";"r0";0,9951124465396;28,3089276399136;25,6998995478997;28,05465795298;78,2999681237399
"Pano_Tacanan";"r0";0,997236780423136;30,1861592589292;26,9032232751017;29,866212107963;74,4138036738524
"Pano_Tacanan";"r0";0,996826380650423;29,8284078771168;26,1598416617818;29,4708781188426;76,2207427005748
"Pano_Tacanan";"r0";0,996536869266846;30,6046774474005;26,948266223214;30,2483322857213;73,5652560161313
"Pano_Tacanan";"r0";0,997613510685611;30,3428356333286;26,864214547654;30,0038174766739;74,0724114375625
"Pano_Tacanan";"r0";0,997263342795001;31,0780862981567;27,0417837523101;30,6847178297056;74,7259340901074
"Pano_Tacanan";"r0";0,99711609280969;30,811723596348;26,896678132003;30,4301725553313;76,012662128633
"Pano_Tacanan";"r0";0,998343273278005;31,8933917760209;27,5320024919567;31,4683411254553;73,0558781594531
"Pano_Tacanan";"r0";0,998013104410998;31,4690175282898;27,8911544628886;31,1203274837804;69,7032072352153
"Pano_Tacanan";"r0";0,996466179026565;30,9675011347547;27,0165872783772;30,5824544453619;74,5150521472657
"Pano_Tacanan";"r0";0,997452300004224;30,5035756062751;26,5121714034757;30,1145828237989;78,9924855177613
"Pano_Tacanan";"r0";0,997150512657149;29,8265829545172;26,3279301177271;29,4856125509318;77,5103470387813
"Pano_Tacanan";"r0";0,99670945393606;31,021427385864;26,8957450599825;30,6193481761383;74,2827388467131
"Pano_Tacanan";"r0";0,997965000966968;31,801543744032;27,9446561353834;31,4256606296298;73,8590475989242
"Pano_Tacanan";"r0";0,996453568949472;30,3293512477785;26,4788824828871;29,9540936986577;77,7680962670902
"Pano_Tacanan";"r0";0,997620326982494;31,3478867029337;27,1163209406917;30,9354883447491;77,9293032945174
"Pano_Tacanan";"r0";0,996699360324878;30,2261577320263;26,5066528310235;29,8636636103184;78,4207022666245
"Pano_Tacanan";"r0";0,996929768607134;30,3590510515393;26,361622524069;29,9694711526757;80,8018875458849
"Pano_Tacanan";"r0";0,996782375809378;29,8604604619863;26,3986704124501;29,5230826181756;79,6556193842476
"Pano_Tacanan";"r0";0,995739410599531;28,7512194378392;26,2519883562566;28,507650307007;75,9842834844969
"Pano_Tacanan";"r0";0,997634268083806;31,0657872600361;27,1125161507959;30,6805108383729;74,3076366706653
"Pano_Tacanan";"r0";0,997755559756618;30,9556962990062;26,8988897364183;30,560329557737;72,4011119689507
"Pano_Tacanan";"r0";0,996173136814077;30,19751505667;26,4278666894078;29,8301340717249;78,9888859698482
"Pano_Tacanan";"r0";0,997649721014526;31,0946162383956;26,9969429359042;30,6952667216274;73,0824884678287
"Pano_Tacanan";"r0";0,995291617891624;28,9182316118936;25,8827749042653;28,6224032039468;80,0211483621937
"Pano_Tacanan";"r0";0,996557421891013;29,0281870798303;26,2015272734355;28,7527075224274;75,8119825769696
"Pano_Tacanan";"r0";0,997593315243988;30,6581464093201;26,9206832910693;30,2939021223719;78,9929391136285
"Pano_Tacanan";"r0";0,997390480786995;31,5234532898852;27,2462007015783;31,1066024020417;76,4741559904255
"Pano_Tacanan";"r0";0,997005177561442;30,715723917015;26,5642199290592;30,3111281893752;77,2402599036153
"Pano_Tacanan";"r0";0,996622926570613;30,726646636271;26,9045851965462;30,3541575976538;74,6414541239511
"Pano_Tacanan";"r0";0,997007654684049;30,7473079216037;26,9709810653498;30,3792760669688;74,781901394626
"Pano_Tacanan";"r0";0,997148960016684;30,7333690696367;26,978434694458;30,3674220754455;75,8483133904542
"Pano_Tacanan";"r0";0,997490799904826;31,6249065662211;27,3274012971555;31,2060819001681;74,8455316309498
"Pano_Tacanan";"r0";0,996556666576406;30,3316659214547;26,1436788420422;29,9235146382916;78,5407414942242
"Pano_Tacanan";"r0";0,997014507030294;30,7309160800945;26,828024059021;30,3505494848204;74,2674668727623
"Pano_Tacanan";"r0";0,997602651781232;30,5306953957189;27,1537893635197;30,2015901468181;73,7648120601868
"Pano_Tacanan";"r0";0,996929978156497;29,2415449487046;26,4807475501685;28,9724841852879;78,1327883500911
"Pano_Tacanan";"r0";0,997343141462713;31,076724093156;26,5021311585086;30,6308951207116;73,6655867590374
"Pano_Tacanan";"r0";0,998129092960126;30,2519000083554;27,0864515693388;29,9434029147224;73,8959633256179
"Pano_Tacanan";"r0";0,99735828547629;30,951391570523;26,8751964787185;30,5541352692031;74,3569851526424
"Pano_Tacanan";"r0";0,997930096598928;31,2595049273453;27,3761321469261;30,8810406309485;75,5539919188222
"Pano_Tacanan";"r0";0,997849170000502;31,5639557364909;27,6743190655985;31,1848809761921;72,1446098908155
"Pano_Tacanan";"r0";0,997050054954362;30,3920789044028;26,6625185699158;30,0286048040079;77,4778013468384
"Pano_Tacanan";"r0";0,997252109671178;29,6124587028343;26,5170207100115;29,3107846611609;77,9147992765916
"Pano_Tacanan";"r0";0,997550790492818;30,7087869529184;26,7368130686457;30,32168780318;81,2120278028853
"Pano_Tacanan";"r0";0,996464842594488;30,1215147224537;26,4401107023732;29,7627338221916;76,3123208631829
"Pano_Tacanan";"r0";0,997212848657038;29,7541096748843;26,1483525171218;29,4027011383227;78,6134909410843
"Pano_Tacanan";"r0";0,99684627582689;30,3136044098485;26,8081056214078;29,9719668160598;77,3257678916878
"Pano_Tacanan";"r0";0,997454052946718;31,2049287870884;27,2338006781097;30,8179120646032;73,2227589642393
