"matrix_id";"baseline";"ceof_cor";"stat_nodf_columns";"stat_nodf_rows";"stat_nodf_general";"stat_temp"
"Central_Sudanic";"r00";0,993792478602066;25,7794227686262;25,3150416134036;25,7727854683628;66,0650898122977
"Central_Sudanic";"r00";0,991952861898964;26,3227744956764;26,0680794410294;26,3191341938806;69,1846267926147
"Central_Sudanic";"r00";0,995429494755884;27,1864005786861;25,6293981579633;27,1641466769915;67,2202776872246
"Central_Sudanic";"r00";0,991389332855706;26,4084281936269;25,353314641045;26,3933476818928;70,6754964823975
"Central_Sudanic";"r00";0,991725535340309;26,0668079505566;24,9165370369706;26,0503673750685;68,004246470619
"Central_Sudanic";"r00";0,994465073455228;26,8970600396751;25,5301417866029;26,8775229702245;69,0325180619757
"Central_Sudanic";"r00";0,99701499874005;26,5062626226395;24,9691448441983;26,4842929278728;71,9101860052383
"Central_Sudanic";"r00";0,990665469797496;26,2331901563588;25,4345001499931;26,2217746513798;67,2577111621262
"Central_Sudanic";"r00";0,992218404932874;25,4787635766545;24,9080020687793;25,4706058048243;69,5936458445204
"Central_Sudanic";"r00";0,992065260122448;24,7807583896028;22,4822071578809;24,7479056897805;73,2879888592384
"Central_Sudanic";"r00";0,991928269228084;26,2422196715399;25,3235648240008;26,2290895348129;69,102838866897
"Central_Sudanic";"r00";0,988283341188274;26,3401917794297;26,6499314580063;26,3446188222308;63,8317219927071
"Central_Sudanic";"r00";0,993422300110148;26,4034323525253;25,7357111550589;26,3938887566452;65,3370878854092
"Central_Sudanic";"r00";0,992275805332032;25,7918827070167;25,7660872841811;25,7915140185701;67,0765104220102
"Central_Sudanic";"r00";0,99603451055251;26,461892207765;23,451600964975;26,4188667605998;70,066028980432
"Central_Sudanic";"r00";0,992036844525268;26,771244643318;25,631599387389;26,7549559380761;65,8314669208439
"Central_Sudanic";"r00";0,995265933145314;27,1042257632867;25,1876040632526;27,0768319003547;68,8910702533289
"Central_Sudanic";"r00";0,992990523944126;26,7164584137781;24,868500035163;26,690045940974;67,5324339389042
"Central_Sudanic";"r00";0,994004672796231;25,6280930759934;24,6322765316392;25,6138600836814;72,9316404921409
"Central_Sudanic";"r00";0,993326045121912;26,3136861046597;24,1040450145705;26,2821041784246;70,9841369913292
"Central_Sudanic";"r00";0,991929585629917;25,5979083408309;23,9334646493707;25,5741188040949;67,6461685885733
"Central_Sudanic";"r00";0,995662613224287;26,7972322107342;25,5131315293128;26,7788788350747;68,5223180486189
"Central_Sudanic";"r00";0,992101394592417;26,4081834060178;26,0294723727057;26,4027705704347;65,8016498936442
"Central_Sudanic";"r00";0,991475264036627;26,3271544049587;25,5412527137595;26,3159216806259;69,2188289858911
"Central_Sudanic";"r00";0,996022516741805;26,2396266438699;24,4672554949287;26,2142945231296;71,2766384681803
"Central_Sudanic";"r00";0,996906497114311;26,8320029206038;25,5729256329173;26,8140071989446;67,2532442378017
"Central_Sudanic";"r00";0,990584629922558;26,0531229418933;25,3388733208669;26,0429143252334;69,3762555959358
"Central_Sudanic";"r00";0,994274722343527;26,071931733378;25,2928563782341;26,0607965764025;69,3691572662377
"Central_Sudanic";"r00";0,991662843952583;25,7937180479708;24,6628562607779;25,7775548829639;68,9297245054919
"Central_Sudanic";"r00";0,993705385577546;27,4122870064744;26,6159400439907;27,4009049901192;64,8318433057009
"Central_Sudanic";"r00";0,98935807118442;26,8819925811012;26,3011924365742;26,8736913291902;66,0489491042859
"Central_Sudanic";"r00";0,992077099711353;25,3194057109379;23,9673398954079;25,300080924192;73,26318423568
"Central_Sudanic";"r00";0,993460228450907;26,4744687655993;25,9263996562374;26,4666353313546;67,0041878973426
"Central_Sudanic";"r00";0,995243395165106;26,8608740452944;25,5069171409044;26,8415222296209;65,5668937816135
"Central_Sudanic";"r00";0,992514290489796;25,8362725962061;24,7043370132855;25,8200940836671;70,090939572457
"Central_Sudanic";"r00";0,991165170037918;26,3655516398596;25,5400748966338;26,3537532777952;67,6955172778746
"Central_Sudanic";"r00";0,989086449526128;26,5332540230538;25,5748433640474;26,5195556650393;65,6669433792557
"Central_Sudanic";"r00";0,98770607051065;26,9383716284413;26,032752457514;26,9254278078446;68,0882469029575
"Central_Sudanic";"r00";0,988146851155225;26,2776701708658;25,1832178541934;26,2620273986129;64,0341967043977
"Central_Sudanic";"r00";0,994334500328726;25,7395384659838;24,6104269150371;25,7234003167282;70,798088133663
"Central_Sudanic";"r00";0,994221147553122;25,4675282556458;23,9646690136129;25,446048210793;71,7285526450274
"Central_Sudanic";"r00";0,991767417212078;26,6882403579723;26,3550779277497;26,6834785388051;68,4586809800003
"Central_Sudanic";"r00";0,989825391374554;25,80903957842;25,0275264262965;25,7978695785351;71,5321690688822
"Central_Sudanic";"r00";0,992119521356875;26,6155359471849;25,7560349422767;26,6032512836449;64,1783236481664
"Central_Sudanic";"r00";0,99297958039244;26,3053739688916;25,3426572701488;26,2916140655746;68,723138467714
"Central_Sudanic";"r00";0,993533609800804;26,3426652438642;24,9607069809775;26,3229132107787;72,2398102416119
"Central_Sudanic";"r00";0,987641477320969;25,1415504163291;25,0738565482938;25,1405828823905;70,7245655749766
"Central_Sudanic";"r00";0,991830471231568;26,8159438570901;26,3529085435855;26,8093257926537;68,4898577879346
"Central_Sudanic";"r00";0,991635606037214;27,308554803847;26,699192719527;27,2998453222557;66,7849851965698
"Central_Sudanic";"r00";0,991116327321095;26,4963574426257;25,4255162763849;26,4810521394824;68,740333769641
"Central_Sudanic";"r00";0,994879818238902;26,3886420632701;26,0262886161907;26,3834630231591;66,0116355296133
"Central_Sudanic";"r00";0,992980189670209;25,8664951477707;24,7828339974983;25,8510066113449;72,5510730671278
"Central_Sudanic";"r00";0,993333456753537;26,9472335739362;25,7450926687852;26,9300516317824;66,9998922301501
"Central_Sudanic";"r00";0,98861930596812;27,2860664990789;25,1515746500944;27,2555586648309;64,2947147301142
"Central_Sudanic";"r00";0,994122922445472;27,0969790536987;25,2502601847708;27,0705842969407;70,5931813128127
"Central_Sudanic";"r00";0,987752130645275;26,8233144323785;25,8362076819536;26,8092059272833;67,9865850897628
"Central_Sudanic";"r00";0,993495054365214;26,7417473967596;25,3473623365529;26,7218177501251;68,8859011618621
"Central_Sudanic";"r00";0,992237316728036;25,9816343171123;25,2873668153143;25,9717113005973;66,4338091907015
"Central_Sudanic";"r00";0,993871750975427;25,4167650572459;24,4562929026105;25,4030372347164;68,7234847299792
"Central_Sudanic";"r00";0,994118168036435;26,952684344091;25,8686094304728;26,9371898938345;68,2643745804214
"Central_Sudanic";"r00";0,992617975485618;26,016307428962;25,4094358480796;26,0076335436023;70,0391444271129
"Central_Sudanic";"r00";0,995058977912923;26,604906367947;25,7531843256561;26,5927328874514;68,7473212863001
"Central_Sudanic";"r00";0,992665361822209;26,9361970720956;25,8918042994031;26,9212697901694;66,9663553508799
"Central_Sudanic";"r00";0,988579148745886;26,511185095392;25,9996655042615;26,5038740555732;66,0083702756242
"Central_Sudanic";"r00";0,994146422207059;26,2296929317204;24,8543445362409;26,2100353720523;65,9971620681366
"Central_Sudanic";"r00";0,989012193445535;25,9979694177171;25,7600874947953;25,9945694224074;65,7444732014772
"Central_Sudanic";"r00";0,992481811163753;25,4301935031331;24,9224044189161;25,4229357826496;73,0513630137986
"Central_Sudanic";"r00";0,994314127410882;26,7145517424847;25,137552929566;26,6920120366448;69,1686030003698
"Central_Sudanic";"r00";0,992101636977606;27,4279359771482;26,7040131347046;27,4175891032091;64,4090987264381
"Central_Sudanic";"r00";0,989203188898863;26,0011677342667;24,2726509944145;25,9764624151907;70,0561099827931
"Central_Sudanic";"r00";0,993227067537313;26,4794505670785;25,2211740549457;26,4614662907326;67,4111814030135
"Central_Sudanic";"r00";0,994253136430739;26,0553380319873;24,2062137834641;26,0289088956546;68,7538959207512
"Central_Sudanic";"r00";0,994321484968613;26,7541699716391;26,0312001192555;26,7438367185825;65,276748802548
"Central_Sudanic";"r00";0,991607645350984;26,102866229663;24,517946970806;26,0802133185879;68,3575453378511
"Central_Sudanic";"r00";0,993074139168145;26,3659476930772;25,0236885845309;26,3467630714911;70,5070895820587
"Central_Sudanic";"r00";0,99083576886186;26,4820435947484;25,5523201404215;26,4687552567983;66,8000184658471
"Central_Sudanic";"r00";0,995610163105319;26,8061682039147;25,5597049598733;26,7883527720762;68,1611080774307
"Central_Sudanic";"r00";0,992629982862932;26,4697396773224;25,8095721728544;26,4603040447564;67,4847334346023
"Central_Sudanic";"r00";0,991589719066043;25,738053889143;24,5869740740253;25,7216017521988;69,0844643218015
"Central_Sudanic";"r00";0,993848747956543;26,0486492841649;24,8928614514998;26,0321298565356;66,5942570635194
"Central_Sudanic";"r00";0,989798402508212;26,6544263804323;25,5017571031458;26,6379515256462;66,0991454964981
"Central_Sudanic";"r00";0,99524862293772;26,6681288254008;25,2594704647494;26,647995173544;71,4386094946623
"Central_Sudanic";"r00";0,992066963332763;26,3465460672165;24,780056230356;26,3241565639177;66,1543151888815
"Central_Sudanic";"r00";0,993146524330644;26,7150827572333;24,9515535173529;26,689877012003;68,018347637894
"Central_Sudanic";"r00";0,995025267440915;25,9805795338719;25,0488759851804;25,9672628948576;68,9056414136538
"Central_Sudanic";"r00";0,99121717439319;25,8902952514465;25,5422015033202;25,8853200221545;66,6907639293881
"Central_Sudanic";"r00";0,995432341867376;26,3100967166939;24,796335833788;26,2884608570261;71,6618823165575
"Central_Sudanic";"r00";0,994375716370916;27,2848459577165;26,1382799857974;27,2684583361651;63,3204552973582
"Central_Sudanic";"r00";0,989834109395437;26,6924898346341;25,755451495701;26,679096946607;67,2991011032283
"Central_Sudanic";"r00";0,987706646138489;27,3291416455687;26,0750661950783;27,3112174140959;67,6816957902428
"Central_Sudanic";"r00";0,995185978905473;26,8340377600625;25,1648300129813;26,8101801317012;67,5037936215007
"Central_Sudanic";"r00";0,991399523781336;27,5320155472061;26,2716549187149;27,514001483032;67,7833172588699
"Central_Sudanic";"r00";0,995035768542292;26,2107283457167;24,9392994680568;26,1925560854309;70,1595411301723
"Central_Sudanic";"r00";0,992735831345824;26,5473948665525;24,6093349984994;26,5196945924824;67,2360945134865
"Central_Sudanic";"r00";0,994884975031533;26,6090417160658;24,8520805365686;26,583929846714;69,5881162401
"Central_Sudanic";"r00";0,992717346502605;26,3617081800184;25,227545278978;26,3454978328992;64,8304838168234
"Central_Sudanic";"r00";0,993075606743309;26,9261236430592;25,4307170569396;26,9047501174192;67,26963152165
"Central_Sudanic";"r00";0,990900883462256;26,1501559802043;25,1719831764846;26,1361751660935;68,8219407903755
"Central_Sudanic";"r00";0,992094392322633;26,7833621960795;26,4630900755603;26,7787846153445;62,1644725735033
"Central_Sudanic";"r00";0,993192686524923;27,2841485055094;25,9428710686043;27,2649779147455;66,6817742014032
"Central_Sudanic";"r00";0,991445443533894;26,5271562980432;24,6645333600773;26,5005342278372;68,0350018865241
"Central_Sudanic";"r00";0,993296327764276;26,8068556925189;25,3384581319385;26,7858682010887;69,2866618218577
"Central_Sudanic";"r00";0,989073705580135;26,8717653955555;25,0626553323773;26,8459081733928;66,2223064444988
"Central_Sudanic";"r00";0,99454389843801;26,2122480216134;25,0065074451874;26,19501463013;67,7564727005643
"Central_Sudanic";"r00";0,99344314349759;26,4408189610625;25,1375891119991;26,4221921763123;68,5249091352159
"Central_Sudanic";"r00";0,992196420879071;26,7914533210183;26,0775164917447;26,7812491750239;65,5140650464747
"Central_Sudanic";"r00";0,992453335756142;26,3791370124934;24,318418954198;26,3496836112147;71,4342601182991
"Central_Sudanic";"r00";0,990805663996383;26,3392601825531;25,7049246508341;26,3301937608338;69,3264019874392
"Central_Sudanic";"r00";0,986681105114804;26,1432487124534;26,5061349869139;26,148435368152;65,3972255408827
"Central_Sudanic";"r00";0,987055281023499;25,6747376832431;25,3366515538363;25,6699054906993;69,0290746000695
"Central_Sudanic";"r00";0,993908109092824;26,6293629371904;25,3036948639817;26,6104154477144;69,6256510174429
"Central_Sudanic";"r00";0,989159159137035;27,6578565319071;27,335529002823;27,6532495736582;66,8369223566393
"Central_Sudanic";"r00";0,991646547884768;26,1850215707475;25,0218351137323;26,168396396167;68,1898294834682
"Central_Sudanic";"r00";0,993517802074363;27,8142370919033;27,1983164554831;27,8054338703334;64,8561373058117
"Central_Sudanic";"r00";0,988385091654179;25,839333913215;24,4080031023324;25,8188762088892;68,8967061875451
"Central_Sudanic";"r00";0,991460447301647;26,4078820070283;25,5606182406129;26,3957722477138;67,4464528935319
"Central_Sudanic";"r00";0,993410847717218;25,7525484405467;25,4234847835115;25,7478452042656;71,8836303234238
"Central_Sudanic";"r00";0,990213980373173;25,9026003011001;25,3112337035508;25,894148025142;70,3216144533855
"Central_Sudanic";"r00";0,990971089296479;26,7224309144151;25,4725407918661;26,704566502937;68,6370306766869
"Central_Sudanic";"r00";0,995667318282688;27,245975451675;25,0540527806034;27,2146467710032;66,4767616369546
"Central_Sudanic";"r00";0,994373710907501;27,2060089493082;26,301736565368;27,193084378049;66,6448869174739
"Central_Sudanic";"r00";0,990764468361422;27,4216163355263;26,5466316579928;27,409110367174;64,4561295144618
"Central_Sudanic";"r00";0,993532835056158;26,1126905686255;25,034009332908;26,0972732090506;68,6981953796545
"Central_Sudanic";"r00";0,994360758904891;27,1783524783964;26,2458957148062;27,1650250738432;64,5734465622796
"Central_Sudanic";"r00";0,991644396273739;26,7639961221657;26,0432191104706;26,7536942109108;68,000837614039
"Central_Sudanic";"r00";0,993827551009207;26,0797830525092;24,5188225138586;26,0574725782839;71,0913088023149
"Central_Sudanic";"r00";0,99273746819423;26,6334480144034;25,5822765389747;26,6184238459326;67,3318074605049
"Central_Sudanic";"r00";0,993723190996666;27,0193831931953;25,2735336478132;26,9944301400469;67,8808818595107
"Central_Sudanic";"r00";0,989816681241952;26,650535593477;25,6492550895819;26,6362245059631;66,9857730435471
"Central_Sudanic";"r00";0,990070024462358;25,8791883250486;25,6305126976379;25,8756340576354;69,1715071550551
"Central_Sudanic";"r00";0,996823115961068;26,413071911942;24,6606284170427;26,3880246128874;70,7349306202884
"Central_Sudanic";"r00";0,996617514041163;25,6143233767049;24,4042032132744;25,5970273887237;73,9359949481492
"Central_Sudanic";"r00";0,996273265903171;26,2836041757641;24,6114150811397;26,2597039356417;70,2105918806034
"Central_Sudanic";"r00";0,994168594040329;27,1417337466236;25,1899622641693;27,1138374953894;67,345005287629
"Central_Sudanic";"r00";0,990348844063305;26,7412931470429;25,5260704281366;26,7239242293306;67,5992819777202
"Central_Sudanic";"r00";0,989794337684211;25,7997261005547;24,9096652591328;25,787004651825;70,3781998515962
"Central_Sudanic";"r00";0,989547631437946;26,4669512271672;25,9867221166078;26,4600874154768;69,0955211860588
"Central_Sudanic";"r00";0,992929318209376;26,4997045338832;26,3070767029915;26,496951345606;67,4572565613511
"Central_Sudanic";"r00";0,990278257582935;27,0040118447312;25,3546340425881;26,9804376415203;66,5040349015254
"Central_Sudanic";"r00";0,993937935672341;26,0985470077806;24,4469500947061;26,074941087293;68,81446529408
"Central_Sudanic";"r00";0,996014313318984;26,5475823634445;25,4624818729128;26,5320732548371;69,7548675337582
"Central_Sudanic";"r00";0,985548484159485;26,2984866283467;25,766719576719;26,2908861959171;67,5809451135473
"Central_Sudanic";"r00";0,993710965766047;26,5759804434401;25,1084685031189;26,5550056099904;68,8011845822903
"Central_Sudanic";"r00";0,987158247354392;25,6374239901639;24,5819574826912;25,6223384337213;69,7659036648549
"Central_Sudanic";"r00";0,993123412839416;26,021702719964;25,866226992776;26,0194805387376;67,6621716843538
"Central_Sudanic";"r00";0,990212653323863;26,3814261502731;25,9163618336493;26,3747790857303;67,897848173688
"Central_Sudanic";"r00";0,993967242910808;26,5056260842778;25,070621300514;26,4851158686455;71,5235258544259
"Central_Sudanic";"r00";0,992876954265326;26,1106373870795;25,9404730325448;26,1082052644525;67,3433147218392
"Central_Sudanic";"r00";0,995642048169196;25,8411149072438;23,565835747453;25,8085948301549;73,0462407022365
"Central_Sudanic";"r00";0,990089491654739;26,7765758502373;26,1402646269137;26,7674811903816;64,9691050122317
"Central_Sudanic";"r00";0,992337946551383;25,9648870856579;25,4175716199005;25,9570644230796;71,8579718664684
"Central_Sudanic";"r00";0,990853104041361;26,1527431202907;24,8655625414783;26,1343457243183;71,5851476231086
"Central_Sudanic";"r00";0,993795384697884;25,4778369615794;24,5929707597963;25,4651897587201;72,8190316643568
"Central_Sudanic";"r00";0,993152715198307;24,7167023861833;24,2372822976671;24,7098501376715;73,9983213707309
"Central_Sudanic";"r00";0,99212798275161;26,3775552905237;25,1174795338693;26,3595452979617;68,3617173225677
"Central_Sudanic";"r00";0,991678043775067;25,9902451345236;24,9559187446363;25,975461729248;69,3328174266467
"Central_Sudanic";"r00";0,990447750198797;26,0853452338607;24,7136400808005;26,0657397462752;67,7158663139887
"Central_Sudanic";"r00";0,987628129318224;26,3642065534602;26,2802508913819;26,3630065931867;63,7484296590268
"Central_Sudanic";"r00";0,995184559183666;26,5404719740606;25,2787937452798;26,5224390777081;67,8949566600757
"Central_Sudanic";"r00";0,992043500737251;26,3124979450069;24,979031002645;26,2934389879666;69,0575073173589
"Central_Sudanic";"r00";0,990514031198636;25,8148134863344;25,34190388512;25,8080542908215;69,1460929968241
"Central_Sudanic";"r00";0,993101598023132;26,6278659058459;25,5450798357061;26,6123898767529;69,0035370284088
"Central_Sudanic";"r00";0,994288773691063;26,0778800043441;24,1206242731748;26,0499053679192;70,9385786369689
"Central_Sudanic";"r00";0,995423701120264;26,2321115963386;24,983160329548;26,2142606037245;70,7183556614048
"Central_Sudanic";"r00";0,991790417371198;27,2442940936758;26,6106255901541;27,2352372056475;66,903141768036
"Central_Sudanic";"r00";0,993617529371;26,6555746856732;25,006987370226;26,6320117807191;66,6855987363736
"Central_Sudanic";"r00";0,991459749450704;25,8898294530082;25,3870597142685;25,8826434729532;68,9004974339476
"Central_Sudanic";"r00";0,991114561535615;25,9258254595961;25,3377737207551;25,9174205622027;68,9059860669817
"Central_Sudanic";"r00";0,995131786684805;26,2709372661667;24,0020352841456;26,238508336712;70,1075155586028
"Central_Sudanic";"r00";0,989099082160016;26,1014563798444;25,1498113210747;26,0878547211032;69,0949202071725
"Central_Sudanic";"r00";0,993472433393837;26,6667139937807;25,6512090463932;26,6521995993465;67,5889311286908
"Central_Sudanic";"r00";0,993171724766832;26,0454559494168;24,924903483648;26,0294401333301;69,8556438699909
"Central_Sudanic";"r00";0,994229496702628;25,5237494704571;24,8915565680417;25,514713672879;73,433501740829
"Central_Sudanic";"r00";0,98661429095376;26,7279702247689;26,4363152643267;26,7238016629658;63,453841470522
"Central_Sudanic";"r00";0,985020397191659;26,4965456188543;26,0723777208945;26,4904830780531;67,7743560142077
"Central_Sudanic";"r00";0,993831852635155;27,2064946749524;25,4149779557221;27,1808889106817;65,564334739267
"Central_Sudanic";"r00";0,993077940792186;25,8566132916456;24,7942816459892;25,8414296132552;70,359438541783
"Central_Sudanic";"r00";0,992319784216037;26,4580861114349;25,292831308969;26,4414313744364;71,6997471126066
"Central_Sudanic";"r00";0,993316813017349;26,505301134954;25,0587677546039;26,484626143563;69,0425350657594
"Central_Sudanic";"r00";0,990454794121333;26,8357016817565;26,0431303827901;26,8243736301502;68,4943489073833
"Central_Sudanic";"r00";0,997605157519654;27,0921523674019;24,6057173764839;27,0566142853018;69,6019383149271
"Central_Sudanic";"r00";0,994869910137134;27,1969370888146;25,5373491119848;27,1732169537664;66,8059071120643
"Central_Sudanic";"r00";0,991416544625248;25,8396253486016;24,7095657238953;25,823473648731;68,1168220637043
"Central_Sudanic";"r00";0,991802799774229;26,1742753720658;25,447883486626;26,1638932086246;69,786961796701
"Central_Sudanic";"r00";0,98979805622328;26,4839255834799;25,5556699987075;26,4706582254746;68,0356065445685
"Central_Sudanic";"r00";0,989728637576172;26,2498019733912;24,5140521565298;26,2249932734967;67,5270454898071
"Central_Sudanic";"r00";0,993820531921633;26,56739181769;25,5746856071282;26,5532032807119;66,9358057613758
"Central_Sudanic";"r00";0,986802261666983;25,6046437364308;24,9370005627931;25,5951012557285;66,8481342654695
"Central_Sudanic";"r00";0,988931136111719;26,3922765138947;25,7253661557222;26,3827445071667;68,3668931424388
"Central_Sudanic";"r00";0,993721545900687;26,7761068815617;25,0386575313943;26,7512738906021;66,8684856188186
"Central_Sudanic";"r00";0,99358381294213;26,6597220354047;25,7224000818592;26,6463250937348;70,4326368651115
"Central_Sudanic";"r00";0,992156913763727;26,6912131347823;25,9801239572056;26,6810496896628;67,7209761688427
"Central_Sudanic";"r00";0,99466025356733;25,859814099096;24,9435279291424;25,8467178173698;70,8035048472625
"Central_Sudanic";"r00";0,993632461984994;26,1990747798293;25,3663378780159;26,1871726498751;68,1226428469831
"Central_Sudanic";"r00";0,995248878389687;26,4937109738127;24,8152187062373;26,469720643791;68,39216306284
"Central_Sudanic";"r00";0,993649172223903;26,1502073833378;25,2183314763644;26,1368882808436;69,2221855968686
"Central_Sudanic";"r00";0,993877034821582;27,253341045162;25,5890089689695;27,2295531037191;64,7010323874904
"Central_Sudanic";"r00";0,98881843777543;27,1280326603282;26,1980124031323;27,1147400802383;67,7650574196661
"Central_Sudanic";"r00";0,992116031206773;26,9251897817273;25,7366229301212;26,9082018506098;66,4072611942085
"Central_Sudanic";"r00";0,992161965636645;26,9757392155547;26,3677104780345;26,9670487912033;64,9912665412543
"Central_Sudanic";"r00";0,980230379900918;26,4934793200439;26,1479100590922;26,4885401727057;67,1818685667383
"Central_Sudanic";"r00";0,995992546388773;25,6105421893822;24,5787730589916;25,5957953344682;69,2758986549426
"Central_Sudanic";"r00";0,987566864900838;25,4591826059405;24,7583454056833;25,4491656901343;71,6788068088207
"Central_Sudanic";"r00";0,989365360353915;26,3461226140907;26,0829713531616;26,342361449552;68,9016357645693
"Central_Sudanic";"r00";0,989084334450294;27,0688527083292;25,61556923948;27,0480812393709;67,5757590742516
"Central_Sudanic";"r00";0,993124002056902;26,1439112920501;24,4585030001905;26,1198221127766;70,8639267054357
"Central_Sudanic";"r00";0,992703299103565;26,6802620029034;25,0338203409251;26,6567297653142;69,1309630263973
"Central_Sudanic";"r00";0,993782714767248;26,9670120051452;26,2424066660141;26,9566553764273;68,9193813609936
"Central_Sudanic";"r00";0,991381842265493;27,3150863984773;26,7078256693112;27,3064069511046;65,6381688775797
"Central_Sudanic";"r00";0,99278319419403;26,5942915076679;25,6776947472346;26,5811907867386;68,9103114669304
"Central_Sudanic";"r00";0,995199065958027;26,8394654327741;25,260889885216;26,8169031910041;67,8893416842115
"Central_Sudanic";"r00";0,992749446212024;26,9315963784296;25,3699891277116;26,9092766608875;65,6347204276125
"Central_Sudanic";"r00";0,992096055766624;26,2560541342476;25,0969962579705;26,2394879685862;68,8753936457046
"Central_Sudanic";"r00";0,994415415952768;26,7732323821082;24,67385608489;26,7432264469109;67,5227983361542
"Central_Sudanic";"r00";0,993520227820008;25,7599663429492;23,8573512145241;25,7327726729414;70,90261526584
"Central_Sudanic";"r00";0,992297202300836;26,912403988231;25,2686811474195;26,8889106101696;66,4163930868255
"Central_Sudanic";"r00";0,989416759401538;26,6587456023147;26,0156401980794;26,6495538346883;64,1334988893647
"Central_Sudanic";"r00";0,991764429814523;26,5761597882934;25,7994248758675;26,5650580827637;68,5067674055079
"Central_Sudanic";"r00";0,98784817188161;25,6237713632102;24,959938222164;25,6142833384867;68,2853454751384
"Central_Sudanic";"r00";0,990092682546725;26,35652710648;25,8319332346921;26,3490291987716;69,3564345761384
"Central_Sudanic";"r00";0,993848706662146;27,0595528171951;25,6366555810893;27,039215652145;66,9080534523613
"Central_Sudanic";"r00";0,991616719891871;26,5307257588031;25,8582554891887;26,5211142854532;66,2490590877987
"Central_Sudanic";"r00";0,994591759697581;26,760033099089;26,0240478033904;26,7495138190923;68,1864786837256
"Central_Sudanic";"r00";0,992219819278075;26,2498821351059;25,601970845334;26,2406216779881;67,8078457463705
"Central_Sudanic";"r00";0,992142138607119;25,982665323573;24,7943290515393;25,9656806880799;69,7369152857248
"Central_Sudanic";"r00";0,99368500664183;25,8902404516302;24,9038566786533;25,8761422798966;67,155816109623
"Central_Sudanic";"r00";0,98935966023369;26,2303729476223;24,7331723366994;26,2089737803706;67,8027582406882
"Central_Sudanic";"r00";0,99136633419855;26,4457960071858;25,6845610367519;26,434915839003;68,1766123448622
"Central_Sudanic";"r00";0,993044906911481;26,1522209369174;25,0637766437624;26,1366640360562;70,4464653275889
"Central_Sudanic";"r00";0,987169150540923;25,5684224165487;25,0437201811151;25,560922960022;71,3455542467302
"Central_Sudanic";"r00";0,995305068722768;26,6696881292638;24,9355530790558;26,6449025088828;67,5263982748232
"Central_Sudanic";"r00";0,992986526176021;26,5322227901476;25,3089661326902;26,5147390450744;68,543484724028
"Central_Sudanic";"r00";0,989631792433969;25,5454723893617;24,2920331648447;25,5275572513303;72,3603156480404
"Central_Sudanic";"r00";0,987228594887385;27,1367394906407;25,7629203659381;27,1171037885118;63,2145676214778
"Central_Sudanic";"r00";0,993573222589293;26,649158125368;25,1290392593229;26,6274313924107;68,3856594437756
"Central_Sudanic";"r00";0,995264423067502;26,0645262854791;24,464477789211;26,0416571354582;67,6975797325978
"Central_Sudanic";"r00";0,986846318126419;26,1628396467703;25,6124572486648;26,1549731491857;67,7019762665571
"Central_Sudanic";"r00";0,989497361289183;26,1973682863771;26,5043650884167;26,2017561258321;66,2205417382389
"Central_Sudanic";"r00";0,992746188847618;26,3636436098931;25,1813441909157;26,3467452578461;65,2840484901438
"Central_Sudanic";"r00";0,995988473138146;25,9911294042861;23,5896284954786;25,9568052668072;72,3676794326978
"Central_Sudanic";"r00";0,994276790655763;26,8433088926153;25,4497323538749;26,8233908020046;70,6457230559927
"Central_Sudanic";"r00";0,992043268460184;25,4892975958822;24,2224756198089;25,4711911810528;72,9074400437783
"Central_Sudanic";"r00";0,984733633976613;26,9647504937192;26,8171342241329;26,9626406460348;64,810004455601
"Central_Sudanic";"r00";0,992078335022582;26,6537364009274;25,2729755749758;26,6340014825513;66,1159701129094
"Central_Sudanic";"r00";0,99084105612893;26,621800562545;26,3770911700887;26,6183029836775;65,6416012631378
"Central_Sudanic";"r00";0,99007826045703;26,2858253798873;25,7393015936152;26,2780140326141;66,869918058307
"Central_Sudanic";"r00";0,995921792973882;26,4046836904787;24,9335455490651;26,3836570285144;68,35422925071
"Central_Sudanic";"r00";0,990947657313885;26,4783570616538;25,2974017839971;26,4614779211304;66,8560285240833
"Central_Sudanic";"r00";0,994975536019199;26,7051005857421;25,4013572013174;26,6864664611411;69,6201965268894
"Central_Sudanic";"r00";0,989990834446998;26,7604889339244;26,4443027001919;26,7559697518929;66,3669173544363
"Central_Sudanic";"r00";0,994656868546499;26,1605629634944;23,6608720797007;26,1248354177601;69,6043552823614
"Central_Sudanic";"r00";0,995228825275504;26,9322440126219;25,3355260416773;26,9094224650852;66,3790057133179
"Central_Sudanic";"r00";0,996503837241015;26,7737903438738;24,0231436508341;26,7344759405765;66,8428060784198
"Central_Sudanic";"r00";0,989036120483947;26,5555376210702;26,2422922510215;26,5510604721727;68,1734674242652
"Central_Sudanic";"r00";0,996101385611903;25,4375939692304;24,2890602605697;25,4211782232398;70,6312652055743
"Central_Sudanic";"r00";0,99576181748923;26,5072166376228;24,8764643990972;26,4839086455983;70,3237792198579
"Central_Sudanic";"r00";0,990541515320091;27,1912254534187;26,4114631925;27,1800804786462;64,888051666449
"Central_Sudanic";"r00";0,994922283870867;26,4150707465628;25,5355332626432;26,4024997059252;71,5407403455173
"Central_Sudanic";"r00";0,994347865164006;26,2272258077606;24,8346055093375;26,2073213844878;69,417497397306
"Central_Sudanic";"r00";0,992342765323758;26,5387179270489;25,7915066519523;26,5280381965361;67,2602814658077
"Central_Sudanic";"r00";0,995168773637279;25,0661184692319;24,2410848001377;25,054326439931;72,1181818440317
"Central_Sudanic";"r00";0,993789071269244;26,1361147727352;25,2743125220437;26,1237972179827;69,2236072216261
"Central_Sudanic";"r00";0,994936279652251;26,9511798400443;25,5440125913302;26,9310675003306;68,3966969687826
"Central_Sudanic";"r00";0,993074680666921;26,2782928960507;24,1191578604912;26,2474328420219;68,7863881047134
"Central_Sudanic";"r00";0,991320894884866;26,946514382959;26,0126007992936;26,9331661563889;65,5125130927791
"Central_Sudanic";"r00";0,99200093860397;26,7130547111402;26,2572338594935;26,7065397614601;65,3880170709925
"Central_Sudanic";"r00";0,985487258476751;26,5370825374905;25,8020092102184;26,526576292063;65,2599795551701
"Central_Sudanic";"r00";0,990199924927388;26,1372755324799;25,8125544287568;26,132634363382;66,6007414577703
"Central_Sudanic";"r00";0,992556766316647;25,8345488928943;24,823144818501;25,8200931113583;69,4749934172177
"Central_Sudanic";"r00";0,991709167875161;27,5565658648955;26,555736558611;27,5422612262523;66,088435286086
"Central_Sudanic";"r00";0,992678795040627;25,9867852733963;25,4371608674311;25,9789296096308;69,6859854619144
"Central_Sudanic";"r00";0,995579863387119;26,0488834288345;23,9062118183861;26,0182586830101;72,4273564015054
"Central_Sudanic";"r00";0,988973056717769;26,4447946650884;25,8969803624788;26,436964872742;67,983716374582
"Central_Sudanic";"r00";0,991102024154207;26,3869235682053;25,53456127721;26,3747409367724;68,214895123027
"Central_Sudanic";"r00";0,992632294312359;26,1893752123493;25,6535919070242;26,181717376467;67,9991234601976
"Central_Sudanic";"r00";0,995174287891035;26,5269450243714;24,5601411595534;26,4988339185199;67,7556272271766
"Central_Sudanic";"r00";0,992527593153139;25,537548834109;24,5507433928338;25,5234446355609;67,4119484245803
"Central_Sudanic";"r00";0,99056645785634;27,1323256145301;26,2362703234099;27,1195184884165;67,135241283696
"Central_Sudanic";"r00";0,994108116318785;25,3732814030347;23,9706949267818;25,3532345353194;73,3441849053278
"Central_Sudanic";"r00";0,99258670394952;26,2434227765971;25,0187735469804;26,2259191277887;66,7896085625268
"Central_Sudanic";"r00";0,993039433541041;26,1136045027514;24,7361649841918;26,0939170551096;68,9076723623607
"Central_Sudanic";"r00";0,990193025706847;25,7867485077014;25,057496612411;25,7763254667527;71,3217912466784
"Central_Sudanic";"r00";0,993684001472214;26,5503230335946;25,2872905988113;26,5322707818662;70,3005824040263
"Central_Sudanic";"r00";0,989613981791427;26,5554454577429;25,8133102057819;26,5448382777402;67,5900565269356
"Central_Sudanic";"r00";0,994076057443696;25,7150554026143;24,0243733655606;25,6908908468316;71,9574059731932
"Central_Sudanic";"r00";0,994533130320651;25,8999076374006;24,2678204730493;25,8765805655676;70,1987142658742
"Central_Sudanic";"r00";0,995353897515299;26,7436255359173;25,4524261748685;26,7251707003522;68,6212486101093
"Central_Sudanic";"r00";0,984886794823946;25,3460757851568;25,1077220310459;25,3426690460651;68,4651413925493
"Central_Sudanic";"r00";0,992438540918348;26,6980968521989;25,565924826959;26,6819149602406;68,0025681851029
"Central_Sudanic";"r00";0,989022828359144;26,4468994762134;26,3729722805202;26,4458428506593;61,4638394767502
"Central_Sudanic";"r00";0,989342331993595;26,57055775253;26,1739145551437;26,5648886163714;66,9164711060147
"Central_Sudanic";"r00";0,991206246645144;27,0822535278627;26,4065456321242;27,072595779817;67,613294560136
"Central_Sudanic";"r00";0,991826791307177;26,8444950142584;25,9473476495199;26,8316722793707;66,5217879717466
"Central_Sudanic";"r00";0,988206876161415;25,8687265419423;25,2106946840246;25,8593214337144;69,1691955905452
"Central_Sudanic";"r00";0,996008170907812;26,2748511505652;24,4695166643877;26,2490478919148;72,4701556360934
"Central_Sudanic";"r00";0,990844006108254;26,6799336568968;26,0900646160498;26,6715027851956;67,0576814267982
"Central_Sudanic";"r00";0,994902309546441;26,4647791617222;25,3670226370008;26,4490891631323;69,6592384334474
"Central_Sudanic";"r00";0,991427824936858;26,3964911179461;25,9757058197782;26,3904769239184;67,3214083759853
"Central_Sudanic";"r00";0,98579894954587;26,0918639210962;25,9680917195854;26,0900948715634;65,5655962721858
"Central_Sudanic";"r00";0,993796974012884;25,8400164200177;24,7369954918046;25,8242511784376;65,3725697284273
"Central_Sudanic";"r00";0,992524332311958;26,3588685531753;25,4569863559254;26,3459781443419;69,6501308291759
"Central_Sudanic";"r00";0,991179212717954;26,0326053925012;25,0378792153568;26,0183879845739;68,0897281010581
"Central_Sudanic";"r00";0,990830646131507;26,0912935048269;24,8761206024849;26,073925299132;69,201458530751
"Central_Sudanic";"r00";0,992447847079352;26,4564720077557;24,8355962201792;26,4333051777266;67,8338396379722
"Central_Sudanic";"r00";0,991924038910702;26,3775179270126;25,3091946676316;26,3622486117721;67,4140985834749
"Central_Sudanic";"r00";0,994582309988569;26,2713084103769;24,8045138249725;26,2503438299272;69,1209925399222
"Central_Sudanic";"r00";0,988033543452006;26,4309047232279;26,436863078364;26,43098988472;66,7879092908771
"Central_Sudanic";"r00";0,9961373875046;26,5313315005739;25,2441250266152;26,5129337344877;69,8836107456816
"Central_Sudanic";"r00";0,993015898860932;27,0047086176017;26,2596026671054;26,994058978042;68,9922122943319
"Central_Sudanic";"r00";0,992562466721267;26,9650392117594;25,4179612009573;26,9429271575276;67,3359198135456
"Central_Sudanic";"r00";0,993159623028843;26,9188155667347;25,9375979753067;26,9047912341261;66,2304797962839
"Central_Sudanic";"r00";0,992492980133477;26,8348298664977;26,3582133031298;26,8280176881696;67,1693883817961
"Central_Sudanic";"r00";0,99345137303576;25,660026423475;24,827701670392;25,6481301842743;71,8626154085737
"Central_Sudanic";"r00";0,991023264297884;26,1696975493975;25,5777718187008;26,1612372818693;67,528780979961
"Central_Sudanic";"r00";0,991137915694672;26,4671405356234;26,3498684951888;26,4654643914989;67,8153585135356
"Central_Sudanic";"r00";0,995352255758195;25,1619309661805;23,9192713464223;25,1441698987282;70,2942447842187
"Central_Sudanic";"r00";0,991196855102794;26,4050473619867;24,9633880930394;26,3844420352247;66,010438266005
"Central_Sudanic";"r00";0,99225624510407;26,6455762101045;25,6442183994389;26,6312640176615;68,5416949713808
"Central_Sudanic";"r00";0,991459871835057;25,7900090967695;25,1623397812816;25,7810379538492;69,2620791862183
"Central_Sudanic";"r00";0,990798075293579;26,3683964749497;26,0505034626293;26,363852898298;66,5195652719189
"Central_Sudanic";"r00";0,988110743527891;26,514637030926;25,4427194515125;26,4993163428401;68,382306706941
"Central_Sudanic";"r00";0,993060634179971;26,5949934887855;25,6189455235376;26,5810430445352;66,0506319378827
"Central_Sudanic";"r00";0,994624614386536;27,0079474678998;25,5338869341308;26,9868790368083;70,0405981715558
"Central_Sudanic";"r00";0,99235021327135;25,931584422106;24,7545970293446;25,9147619937106;69,7036798882441
"Central_Sudanic";"r00";0,98893985041356;26,394961704892;25,5306814955128;26,3826087332074;68,5904435824491
"Central_Sudanic";"r00";0,991727739095941;26,0450200417874;25,6532866532564;26,0394210804737;68,072316045103
"Central_Sudanic";"r00";0,994293875704013;25,4430241328427;24,76948070714;25,433397321103;72,9039614989789
"Central_Sudanic";"r00";0,988565787039841;25,7404899900663;24,3825823718305;25,7210817076871;67,9421644874819
"Central_Sudanic";"r00";0,991368618596926;26,5894910890517;25,2725941780644;26,5706689639163;66,6083928342197
"Central_Sudanic";"r00";0,996423899132138;26,4371659419051;24,7098101592034;26,4124772161407;71,0904726553043
"Central_Sudanic";"r00";0,990920900354343;26,1544742963047;25,2165639610531;26,1410689450212;67,9175352535567
"Central_Sudanic";"r00";0,990167283768756;26,770096338077;25,9111154463277;26,7578191084028;66,6767852833349
"Central_Sudanic";"r00";0,992065833255031;25,9970837892814;24,8867227201819;25,9812136366417;69,3869940482963
"Central_Sudanic";"r00";0,995432101860779;25,9219147454349;24,0277123870826;25,8948413173456;71,4546448852333
"Central_Sudanic";"r00";0,994547346630794;25,8355975621056;24,1119890520555;25,8109623953056;69,9950901910764
"Central_Sudanic";"r00";0,993439205784233;25,4610285898341;25,6645735422928;25,4639378141886;68,7949633963462
"Central_Sudanic";"r00";0,994993143664958;25,3045798697359;24,0164027731962;25,2861682307493;73,1629891935089
"Central_Sudanic";"r00";0,995645640201173;26,2319222878824;24,6306046002222;26,2090349975811;70,8241651826614
"Central_Sudanic";"r00";0,993661883318065;26,9853887385744;26,0979360533657;26,9727045676621;67,0268168002645
"Central_Sudanic";"r00";0,996085188177073;24,8930008678298;22,7036112392481;24,8617083913911;79,0593624242695
"Central_Sudanic";"r00";0,989694369528225;26,6875752874748;25,941016926847;26,6769048889286;68,1103413425745
"Central_Sudanic";"r00";0,992744701552684;26,3629536303882;25,0623419839822;26,344364267047;65,7994794393765
"Central_Sudanic";"r00";0,99097439294044;26,1776281244613;25,660017429389;26,1702300258002;63,8104537503696
"Central_Sudanic";"r00";0,989431145321673;26,6585313848511;25,8529468662239;26,6470173380869;68,0560004445248
"Central_Sudanic";"r00";0,992173157680188;26,1080758353372;25,9661607911894;26,1060474740453;65,7449323967975
"Central_Sudanic";"r00";0,983792821687933;26,6244234810238;26,1501348633925;26,6176445755249;65,5661030394031
"Central_Sudanic";"r00";0,992211501816006;26,5750239375561;25,6383954400286;26,5616369073044;68,0573836331541
"Central_Sudanic";"r00";0,993030774178164;25,8370323209316;25,1920395073143;25,8278135769677;68,4297845153945
"Central_Sudanic";"r00";0,992281884502707;26,6854455673425;24,9712961176153;26,6609455968632;66,2930513240072
"Central_Sudanic";"r00";0,995268403458998;27,3783145170691;25,111593727798;27,3459167629347;64,6875897408884
"Central_Sudanic";"r00";0,992731667989245;25,0757781823001;24,0285109828038;25,0608098168079;71,6196633276126
"Central_Sudanic";"r00";0,991193233657636;26,8313414732346;25,9937974952925;26,8193706367723;66,0808002493665
"Central_Sudanic";"r00";0,98937836934629;26,4987824477185;25,0010110336425;26,4773751220997;67,3183945576063
"Central_Sudanic";"r00";0,994126316409977;26,1830632698751;25,1113216605152;26,1677450968915;70,7122802872993
"Central_Sudanic";"r00";0,992298689012774;25,8424301028343;25,3646658661842;25,8356015210582;69,5495340806137
"Central_Sudanic";"r00";0,995200507283126;26,3330752760167;24,6740507114253;26,3093631936989;71,5807481459448
"Central_Sudanic";"r00";0,991636419985171;26,6667961935051;25,6271759879084;26,6519371248569;66,9917781769971
"Central_Sudanic";"r00";0,992294979919507;25,6470388670188;25,059007933906;25,6386342669972;67,2267850246099
"Central_Sudanic";"r00";0,994618402315016;26,6321652005225;24,3275257490505;26,599225483081;66,6289128016895
"Central_Sudanic";"r00";0,987320546217823;26,5781823996939;25,3013516736635;26,5599329319478;67,7612947339847
"Central_Sudanic";"r00";0,989604039709705;26,6770313046441;26,6570382932352;26,6767455488196;67,5727117636465
"Central_Sudanic";"r00";0,990490963245788;26,5827187828318;26,3874844991308;26,5799283410835;67,0079732224635
"Central_Sudanic";"r00";0,994559446973485;26,7216358641881;25,670613301055;26,7066138240889;68,2206182203545
"Central_Sudanic";"r00";0,991863615661143;26,558581501774;25,9237573350707;26,5495080960997;63,0973611096876
"Central_Sudanic";"r00";0,994683023167674;25,9109846729896;24,4270225463711;25,8897747205549;72,9011978956567
"Central_Sudanic";"r00";0,986587914877533;26,117779252391;25,6701436023945;26,1113812920427;66,3794478735688
"Central_Sudanic";"r00";0,9953455940723;26,1721630882387;24,4078508166317;26,1469461513038;68,9103661873592
"Central_Sudanic";"r00";0,996243969830611;25,8794399060233;24,7623574474545;25,8634736860054;73,6151001551696
"Central_Sudanic";"r00";0,99433786949366;27,7235934404348;26,7060833180097;27,7090503864638;65,3394294503291
"Central_Sudanic";"r00";0,991576512617917;26,9869953695514;25,8706114332526;26,9710391333625;62,425196686631
"Central_Sudanic";"r00";0,994684095256603;25,9775562074539;25,0241716261687;25,9639296860904;69,7690261556418
"Central_Sudanic";"r00";0,991301035770548;26,581998459627;25,9484552842738;26,5729433628873;67,015176526999
"Central_Sudanic";"r00";0,991336069918097;26,3116161661451;25,8829753944789;26,3054896955192;66,8515305428992
"Central_Sudanic";"r00";0,98874156019047;26,842728512743;25,8586553301728;26,8286633657826;67,5012051123712
"Central_Sudanic";"r00";0,993665495154756;25,8075649651822;24,5072765636319;25,7889802219104;69,1772150253099
"Central_Sudanic";"r00";0,995150258907225;27,0903539370679;26,0020185672508;27,0747985930246;66,7206947863404
"Central_Sudanic";"r00";0,988968298890321;26,1145360996281;25,8083819524574;26,1101603040584;66,6352635204846
"Central_Sudanic";"r00";0,990248191875468;26,7736153014855;25,4760191665769;26,7550690382035;63,5428381247535
"Central_Sudanic";"r00";0,991152667193293;26,0350938023401;24,8136156230013;26,0176354766732;71,3950515135981
"Central_Sudanic";"r00";0,991452868230895;25,8798882681564;25,0909447337363;25,8686120674108;69,5762320211011
"Central_Sudanic";"r00";0,991277717196936;26,9374649405721;26,6544015802034;26,9334191766663;64,0193339631071
"Central_Sudanic";"r00";0,986946269542354;26,6789293710077;25,8222282280657;26,6666847252943;65,0061530726005
"Central_Sudanic";"r00";0,995281240769012;26,4942639537769;24,9870489784961;26,4727216533629;66,4712349671367
"Central_Sudanic";"r00";0,989957182031856;26,1496279092475;25,5752868683882;26,1414189759201;66,6198666178658
"Central_Sudanic";"r00";0,987894756665321;26,1039995894996;25,1944874676512;26,0910001277902;71,5611719613257
"Central_Sudanic";"r00";0,994057080983443;26,7342966597565;26,266624344906;26,7276123196543;68,3288869862168
"Central_Sudanic";"r00";0,988515088383875;27,2664357103501;26,9438997552195;27,2618257731124;63,9951149116203
"Central_Sudanic";"r00";0,992200630499601;26,3520185761414;25,4781915595664;26,3395291539888;68,5640820926148
"Central_Sudanic";"r00";0,995447152211619;26,6588178384362;25,5362795711831;26,6427736397148;68,8904144844305
"Central_Sudanic";"r00";0,991867831623816;27,2548403409617;26,4736496198178;27,2436749495136;65,0246598237475
"Central_Sudanic";"r00";0,992925501732753;26,0319278675;24,6340154935118;26,011947805726;69,932464917675
"Central_Sudanic";"r00";0,990859981954784;26,0364488523424;25,5539571189414;26,029552701469;67,4821826602877
"Central_Sudanic";"r00";0,991944903775063;26,8728285572803;26,4005847427095;26,866078877713;65,8906752508114
"Central_Sudanic";"r00";0,992360802643605;27,26902873802;25,5867580985243;27,2449844045388;66,6268147285311
"Central_Sudanic";"r00";0,992496744522043;26,8572405004518;25,8484400066186;26,8428219313344;66,1251709419222
"Central_Sudanic";"r00";0,991318830075908;25,8061526244628;24,9575638934047;25,7940239277128;70,3252405519399
"Central_Sudanic";"r00";0,994802311259484;26,4373418900756;25,7246722305594;26,4271558554667;66,6453278528003
"Central_Sudanic";"r00";0,990038896565401;26,8397020683443;25,8364517121905;26,8253628261545;65,7061049461123
"Central_Sudanic";"r00";0,987219090165565;26,6434464899721;26,2117688309826;26,637276613767;66,2901667277825
"Central_Sudanic";"r00";0,993043034414487;27,0789779933901;25,5008364063978;27,0564219541255;66,0472662319284
"Central_Sudanic";"r00";0,993017816793105;26,3486110239296;25,5643460809999;26,3374016932888;68,1500931949317
"Central_Sudanic";"r00";0,995620003582281;27,0644829890954;25,5032752813725;27,0421689821356;69,6082007363364
"Central_Sudanic";"r00";0,989071057884385;26,7593182105768;25,9392495915122;26,7475971456712;69,1147276618088
"Central_Sudanic";"r00";0,993630763289507;26,4230715197384;25,1624269219191;26,4050533968516;71,3372695123462
"Central_Sudanic";"r00";0,994281052340179;27,2041806281653;25,7235824380192;27,1830187557532;68,4923056594534
"Central_Sudanic";"r00";0,991304699330143;26,7780821658482;25,6199875227451;26,7615297674719;63,0354847195758
"Central_Sudanic";"r00";0,990997519216398;26,926449498165;26,2114264197415;26,9162298266444;64,5116882671837
"Central_Sudanic";"r00";0,99537585599486;26,5852266669855;25,6429548369462;26,5717589777924;70,0940893445842
"Central_Sudanic";"r00";0,99239819147553;26,8084183930647;25,9272104175214;26,7958234764485;67,9853605905803
"Central_Sudanic";"r00";0,98856369011092;25,878132183135;25,018653273889;25,8658478354035;70,4648449968099
"Central_Sudanic";"r00";0,987990716166185;26,1147826988013;25,4383114070026;26,1051140396993;67,4430321038783
"Central_Sudanic";"r00";0,993830239818193;26,6719335630578;25,2353048208575;26,6514001365358;68,0702157199482
"Central_Sudanic";"r00";0,990935835016661;25,8690080137259;25,3049203750826;25,8609456300774;68,8331052312725
"Central_Sudanic";"r00";0,992511678652441;25,6302900504457;24,6739638748585;25,6166214855057;66,8269866988325
"Central_Sudanic";"r00";0,991473586593573;26,8393657967445;25,4239943143897;26,8191361956788;68,6331385664022
"Central_Sudanic";"r00";0,989241797925891;25,5995423717161;24,8773780096971;25,5892206313606;69,3384691730482
"Central_Sudanic";"r00";0,994254058664482;25,7475267846557;24,8781828227745;25,7351014378425;68,3431039779512
"Central_Sudanic";"r00";0,991604203806819;25,88663611826;25,2498488902561;25,8775346549715;71,3774724360395
"Central_Sudanic";"r00";0,995643776866518;26,6502518572382;25,4159510997517;26,6326102612118;68,2547591027646
"Central_Sudanic";"r00";0,995412479161528;25,8125417848599;24,7354954543599;25,7971477926346;68,1467554485581
"Central_Sudanic";"r00";0,985982709003181;26,7596594639781;26,0323240798743;26,7492638153128;63,0871736200424
"Central_Sudanic";"r00";0,985990222544402;25,3925933564688;25,6025043617015;25,3955935694504;66,9850171336243
"Central_Sudanic";"r00";0,991393964961333;26,8396253033125;25,9528607227784;26,8269509673328;67,0816364006647
"Central_Sudanic";"r00";0,993981542669898;25,8934163500732;24,5082055283301;25,8736178288615;69,7231669548569
"Central_Sudanic";"r00";0,994208406196207;26,7723913634403;25,7328034418506;26,7575327562204;70,4295285177129
"Central_Sudanic";"r00";0,989185314806205;26,7762712810105;26,2724232262546;26,7690698888159;63,7117853257881
"Central_Sudanic";"r00";0,99448592613765;26,349535148104;25,0010705922969;26,330261833391;67,6969501640124
"Central_Sudanic";"r00";0,989475351278607;26,5827930569629;24,6136367292141;26,5546483278632;67,7820467566121
"Central_Sudanic";"r00";0,994554585565461;26,0905287982998;25,1513200221938;26,0771048886797;70,0463130843431
"Central_Sudanic";"r00";0,996275196093755;26,2617284061324;24,2820729417696;26,2334336151246;71,9462783096684
"Central_Sudanic";"r00";0,992298661532826;26,0856217238428;25,2228067403259;26,0732896943172;66,4254560659002
"Central_Sudanic";"r00";0,994347810701845;26,3288556901638;25,5044570315913;26,3170727369322;66,9263355245834
"Central_Sudanic";"r00";0,988221834582704;26,103421700528;24,9619546436662;26,087106956676;66,4666442867978
"Central_Sudanic";"r00";0,995291949700874;26,3658978750624;24,8729571428737;26,3445595933438;67,2518739313938
"Central_Sudanic";"r00";0,992527600710314;26,7961695019005;25,9686914437353;26,7843425354708;69,9004067250239
"Central_Sudanic";"r00";0,989793827537405;26,7176597072712;26,9738504234806;26,7213213862369;63,4766857123646
"Central_Sudanic";"r00";0,991851743936759;27,2327449191739;25,3403502026674;27,2056973273218;65,5418232104838
"Central_Sudanic";"r00";0,9927085857098;26,6243985720164;25,9469935910929;26,6147165678961;64,7967445342665
"Central_Sudanic";"r00";0,996582953487482;25,7366166394162;24,2343605784899;25,7151452157017;73,5414810842978
"Central_Sudanic";"r00";0,989707455821829;26,2713133921784;25,3297308412491;26,2578555547038;71,2127834922026
"Central_Sudanic";"r00";0,993883878624184;26,4530644555439;24,8291146368963;26,4298536890479;71,1305767531579
"Central_Sudanic";"r00";0,989632922698546;25,7937579023826;24,8988917050267;25,7809677717311;69,0139113812338
"Central_Sudanic";"r00";0,992553528725019;26,499915807555;25,3069167509421;26,4828645278818;68,1040536610572
"Central_Sudanic";"r00";0,993006776919004;26,6238820497812;25,8584030809962;26,6129412230402;68,0262549558278
"Central_Sudanic";"r00";0,992552542053021;26,122275328226;24,8323948361454;26,1038393429723;73,0069219109074
"Central_Sudanic";"r00";0,989427515158417;26,2828786443123;25,6144727874256;26,2733252627419;67,4295959261537
"Central_Sudanic";"r00";0,991947645394415;26,4638201649375;25,0256462004433;26,4432646528846;67,905094454802
"Central_Sudanic";"r00";0,992981585933062;26,339165528325;26,0061260295564;26,3344054661907;68,144597862042
"Central_Sudanic";"r00";0,994889608122068;27,2304496673651;25,6835517430361;27,2083401870706;67,7626312864784
"Central_Sudanic";"r00";0,990773117912345;26,068277581993;26,048011086278;26,0679879173159;64,1845921449251
"Central_Sudanic";"r00";0,9906385857252;26,7268943820949;25,9542466544589;26,715851093821;66,1019184331905
"Central_Sudanic";"r00";0,991438991939605;26,2881020631633;25,1545447532223;26,2719003716278;68,7100799263713
"Central_Sudanic";"r00";0,989969154105496;26,6553629591104;25,9635557610876;26,6454751071896;66,6832894703479
"Central_Sudanic";"r00";0,991059601609703;25,8583095950493;24,8304825911791;25,8436190841042;69,8290451038195
"Central_Sudanic";"r00";0,991375699155338;27,4740946323082;25,3309397847725;27,4434629796797;63,9109242398876
"Central_Sudanic";"r00";0,990844384383009;25,4057976212894;23,699409687598;25,3814085844943;68,8653458953663
"Central_Sudanic";"r00";0,991958798788913;27,6252848344996;26,5247797649914;27,6095555515484;62,4910533358632
"Central_Sudanic";"r00";0,992925513521536;26,532965078568;25,0977525318197;26,5124518934239;68,4424050788931
"Central_Sudanic";"r00";0,990878054308769;26,2788882213275;24,9635598814167;26,2600885154421;66,8083476567703
"Central_Sudanic";"r00";0,990646571475447;27,5700615651027;26,2373912031036;27,5510139934147;64,6125003381947
"Central_Sudanic";"r00";0,993350050943886;26,3239511066076;25,4507168329601;26,3114701564026;67,4960328271652
"Central_Sudanic";"r00";0,996429594472461;26,3937585998348;25,0474615764373;26,3745162651977;71,8479529189288
"Central_Sudanic";"r00";0,989382667697921;25,6359518678268;24,981366924241;25,6265960256063;72,3951202479528
"Central_Sudanic";"r00";0,992887722641203;25,5856630727951;24,9120947198762;25,576035904776;67,2884870087062
"Central_Sudanic";"r00";0,989697946230823;25,8248642708187;24,8893970482163;25,8114938384204;68,3359669204397
"Central_Sudanic";"r00";0,98686820251524;26,5954144510105;25,6141786396279;26,581389857988;68,2526058638647
"Central_Sudanic";"r00";0,991958390617936;25,6826288567862;25,0454928638042;25,6735224086746;69,4213186485136
"Central_Sudanic";"r00";0,992565235920169;26,7685768886259;26,0585177683846;26,758428165895;65,6679525369383
"Central_Sudanic";"r00";0,990521322161045;25,8736759617119;25,3278231848078;25,8658742050317;68,6279966132266
"Central_Sudanic";"r00";0,992251137984355;25,6962241930229;23,9969223479746;25,6719364361731;71,0873703906188
"Central_Sudanic";"r00";0,993096726186388;26,8868473466427;25,9106974321067;26,8728954452532;67,6962300053966
"Central_Sudanic";"r00";0,992963648043969;26,9192041472501;25,6339748208114;26,9008346401094;69,0025347147403
"Central_Sudanic";"r00";0,995465407749425;27,1064988234344;26,3111620982482;27,0951312461841;65,3000886369825
"Central_Sudanic";"r00";0,993399137597558;26,5187187114561;25,920453530407;26,5101678355236;68,3978089992921
"Central_Sudanic";"r00";0,992294448013017;26,7589486514852;25,9749186979924;26,747742679498;67,825406008823
"Central_Sudanic";"r00";0,9912617598367;26,4721846096211;25,517096306312;26,458533737324;67,7609562812617
"Central_Sudanic";"r00";0,994504854000709;25,999070395844;24,2414861336531;25,9739496209049;70,8567324934905
"Central_Sudanic";"r00";0,992231124481193;26,3975049145472;25,1278091585029;26,3793574253969;65,9406861411652
"Central_Sudanic";"r00";0,992518469233479;26,4291044813297;25,2370982568989;26,412067391994;72,8651791971941
"Central_Sudanic";"r00";0,992394920629715;25,4543079131931;25,1624387028846;25,4501362891626;68,19019299713
"Central_Sudanic";"r00";0,991528984785449;27,1074032468484;26,8267458185667;27,1033918704139;65,2574498345064
"Central_Sudanic";"r00";0,992026238832775;26,8583869941286;25,728411241629;26,8422364930256;66,0917596819265
"Central_Sudanic";"r00";0,990808020291496;26,2246588213257;25,5772752504122;26,2154059067804;68,3570853263431
"Central_Sudanic";"r00";0,993852127835879;26,1594336796772;26,168034800507;26,1595566136527;65,4908476546652
"Central_Sudanic";"r00";0,988497184487757;25,467645554426;24,7558130290716;25,4574714847962;69,3448066781108
"Central_Sudanic";"r00";0,991829061148184;25,7780801731276;25,3936127801138;25,7725850631297;69,3495314998648
"Central_Sudanic";"r00";0,990856978194942;26,2755279962298;25,0830662209182;26,258484395803;68,020429605292
"Central_Sudanic";"r00";0,988205744978729;26,0150196332796;25,4688393766329;26,0072131960017;68,8332024460487
"Central_Sudanic";"r00";0,992881852504492;25,8847729245068;25,1868934392566;25,8747982826869;66,9357675553231
"Central_Sudanic";"r00";0,99040946732651;26,1323261127103;24,6016047451691;26,1104478404728;66,984208067565
"Central_Sudanic";"r00";0,993417586033085;25,9517133909827;23,9975849756445;25,9237834526123;71,8585337262575
"Central_Sudanic";"r00";0,993829807639751;26,0324210658465;24,4799424915385;26,0102318225186;71,758539121152
"Central_Sudanic";"r00";0,991481520184215;26,47073898141;26,045452575514;26,4646604540148;64,7295795607039
"Central_Sudanic";"r00";0,990249965269281;25,5335434657197;24,5276306533581;25,5191661696143;69,3323565111721
"Central_Sudanic";"r00";0,98963925809848;25,8421536128523;25,9279285358331;25,8433795754317;68,7329810502115
"Central_Sudanic";"r00";0,994279074494547;26,3416464654617;25,2173042217717;26,3255764828919;66,9238365259282
"Central_Sudanic";"r00";0,996662493057811;26,0453862041961;23,77431537017;26,0129262758048;70,1241665560428
"Central_Sudanic";"r00";0,992065648909975;26,425801546949;25,0631198061773;26,4063250290602;70,6261442313501
"Central_Sudanic";"r00";0,994645267035043;26,092931838177;24,5121933624736;26,0703386821389;71,6913075901934
"Central_Sudanic";"r00";0,994787573160545;25,7484683451352;24,6265653326627;25,7324332259742;71,0982295029062
"Central_Sudanic";"r00";0,994351362633253;27,1043657066192;26,2006578068742;27,0914492034116;67,9873497648159
"Central_Sudanic";"r00";0,993855606752833;25,9664520506589;25,4808856001202;25,9595119535129;69,2665998032351
"Central_Sudanic";"r00";0,986000794654916;26,3195745940081;26,0285277233652;26,3154147235021;65,1077530368858
"Central_Sudanic";"r00";0,994184842396211;25,3896790026035;24,0529385160049;25,3705732574974;72,8348367596995
"Central_Sudanic";"r00";0,986254988324431;26,062164911578;25,1751595190336;26,0494871337239;66,8263889344553
"Central_Sudanic";"r00";0,990558753946403;26,2811923045116;25,1921991622748;26,2656275590682;68,4259146073166
"Central_Sudanic";"r00";0,988033212918935;26,6910899484184;26,1564130287391;26,6834479258689;64,9135548603377
"Central_Sudanic";"r00";0,995109587822498;27,2898180220382;26,2666666986219;27,2751943395912;64,1622064293527
"Central_Sudanic";"r00";0,993899229762329;26,6237509378241;25,449232396768;26,6069637961966;68,7320895952616
"Central_Sudanic";"r00";0,992981860843517;27,1866446869585;26,6460736366576;27,178918420864;65,8210112648513
"Central_Sudanic";"r00";0,987128289716249;26,2269753590135;25,76699990397;26,220401028478;66,4837104768929
"Central_Sudanic";"r00";0,991564253788103;26,1110438567911;25,6465881067874;26,1044054903606;67,6224702825615
"Central_Sudanic";"r00";0,988251906555881;26,4478385457922;25,7486091510535;26,4378446100055;67,1210752036418
"Central_Sudanic";"r00";0,991629013949013;27,2773732554977;26,058545648901;27,2599528138986;66,4538791881463
"Central_Sudanic";"r00";0,994114444203952;25,904236822886;25,2894729873335;25,8954501352228;69,1288752671993
"Central_Sudanic";"r00";0,990777949242732;26,7101752298852;25,3484908542061;26,6907129671218;68,2894058761116
"Central_Sudanic";"r00";0,992673863738745;26,1186870724878;25,6478767008641;26,1119578808132;69,477853923747
"Central_Sudanic";"r00";0,992891871359938;25,8056170808038;25,0926365682756;25,7954266032395;67,1318807612962
"Central_Sudanic";"r00";0,994713381403095;27,1438974335842;26,3676329064346;27,1328024511704;66,2268432848195
"Central_Sudanic";"r00";0,989834156707398;26,679909427226;25,6620046638577;26,6653607327366;64,5244298125154
"Central_Sudanic";"r00";0,987641570267333;26,226408339427;25,0809270723404;26,2100362213292;67,0960061871699
"Central_Sudanic";"r00";0,989654811939148;25,8981366069747;25,4539779939255;25,8917883431698;68,0847919632446
"Central_Sudanic";"r00";0,990270541926385;25,9028045549607;25,1115780219232;25,8914957238054;68,926635556753
"Central_Sudanic";"r00";0,995849978968185;26,8792202085781;25,4318199979895;26,8585328277684;68,9923659947895
"Central_Sudanic";"r00";0,994571051072411;26,3517794496704;24,6156936508939;26,3269659476584;72,825668253915
"Central_Sudanic";"r00";0,99155079091585;26,3811098058791;24,9128465160717;26,3601242335523;69,9313370654178
"Central_Sudanic";"r00";0,992435470764783;26,6251039498168;25,651198207503;26,6111841238995;70,9474912708764
"Central_Sudanic";"r00";0,992925127124493;26,723817893236;25,6851245301242;26,7089720717486;67,3168895377463
"Central_Sudanic";"r00";0,990523741829845;26,6545409618663;25,227772882716;26,6341484716866;66,7806502322226
"Central_Sudanic";"r00";0,993165631043247;26,0853277975555;24,8334529208288;26,0674350184116;68,695752969924
"Central_Sudanic";"r00";0,992215450056365;26,7109191034243;25,7470835237005;26,6971432081813;67,9301134125423
"Central_Sudanic";"r00";0,991281512698501;27,2330666982603;26,3085994249432;27,2198534857782;63,9553603065179
"Central_Sudanic";"r00";0,99102514389671;27,2582170965825;26,0979814191364;27,2416340968616;64,8139540181477
"Central_Sudanic";"r00";0,993199959430833;26,9373877226492;25,7242216150524;26,9200481996412;66,2120470213061
"Central_Sudanic";"r00";0,991118067167763;25,4794336289534;25,7863232628614;25,4838199366773;68,5091397902664
"Central_Sudanic";"r00";0,987411778382417;25,6220576235013;25,2210011358533;25,6163254091314;69,8931514288159
"Central_Sudanic";"r00";0,987487151895869;26,6573167310723;26,127905254016;26,649749966365;62,55346494189
"Central_Sudanic";"r00";0,992489527781949;26,2397063526936;25,3407507782706;26,2268577734527;65,3434067713728
"Central_Sudanic";"r00";0,992397995257606;25,7628806968145;24,7174428605666;25,747938478019;68,6907775070752
"Central_Sudanic";"r00";0,994518103308334;26,4123871406842;25,0398022161095;26,3927690787131;70,3875146043905
"Central_Sudanic";"r00";0,991301067916325;26,6221941248619;25,7845441159482;26,6102217729216;65,2347879026079
"Central_Sudanic";"r00";0,993071678242715;25,7663729396515;24,571869048864;25,7493001517062;70,8096937819663
"Central_Sudanic";"r00";0,989817656194007;25,8704328089489;25,2316456026108;25,861302760399;66,3798533474571
"Central_Sudanic";"r00";0,988385221179777;27,0891309048047;26,3432126687236;27,0784696554213;65,725740394548
"Central_Sudanic";"r00";0,991191629891618;25,6752508087955;24,5531810264973;25,6592133060291;72,6842346462166
"Central_Sudanic";"r00";0,992655296721171;26,6140862429545;25,4548661611392;26,5975177589241;67,9266586745243
"Central_Sudanic";"r00";0,994071460405457;25,4390742436063;24,9657163696339;25,4323086410269;71,7664938103042
"Central_Sudanic";"r00";0,989571616592862;25,4626175580604;24,9877312285184;25,4558301095934;69,9036610071263
"Central_Sudanic";"r00";0,992031751932141;27,0570057579662;26,3066564517985;27,0462811762482;65,7023577087692
"Central_Sudanic";"r00";0,992576697929854;26,7855954018153;25,2845407610634;26,7641411497417;67,7682994901432
"Central_Sudanic";"r00";0,992421391972315;25,984329245267;25,3416778699411;25,9751439669784;64,6897102307832
"Central_Sudanic";"r00";0,990598408580658;25,9249436807343;25,028082519717;25,912125036495;70,5163827155749
"Central_Sudanic";"r00";0,992130327657146;25,8167514071098;25,1275693872707;25,8069010762979;68,1381181169262
"Central_Sudanic";"r00";0,990641807087859;27,1118055742373;26,1056219424352;27,0974244073677;65,2556978160781
"Central_Sudanic";"r00";0,993924378621384;25,3042685071434;24,6928102231133;25,2955290650192;67,1844485510229
"Central_Sudanic";"r00";0,986787786366636;26,0885725354371;26,0255064921447;26,0876711460051;64,1437758152262
"Central_Sudanic";"r00";0,986492063119995;26,9913644094487;26,4052811074299;26,9829876465006;64,2602149362724
"Central_Sudanic";"r00";0,992292100703621;25,5246908044912;24,4866898213889;25,5098548790428;68,8457061854779
"Central_Sudanic";"r00";0,996045008655877;26,0903120899355;24,1741978934911;26,0629254806434;69,9694851899097
"Central_Sudanic";"r00";0,994169593739343;27,3810669623864;26,3528410993725;27,3663707506331;65,21909433481
"Central_Sudanic";"r00";0,992432387706704;25,7317618738747;25,2138147170959;25,7243589662386;69,0896683181137
"Central_Sudanic";"r00";0,990760858528847;26,261292498503;23,9199017167852;26,2278275021797;68,9629115836762
"Central_Sudanic";"r00";0,994341211514467;25,8554151683899;24,7732397059937;25,8399478665823;69,8857898329005
"Central_Sudanic";"r00";0,995524946350655;25,7157404003176;24,0983448329076;25,692623312329;67,7031903004143
"Central_Sudanic";"r00";0,994905143672385;26,2447977538054;24,6886077813525;26,2225554642597;70,1432744513323
"Central_Sudanic";"r00";0,993857021844211;25,7172150135555;25,0915083962235;25,708271923059;70,7670514633628
"Central_Sudanic";"r00";0,991483592997993;26,2532169983052;24,8398223990058;26,233015652405;68,0329007078047
"Central_Sudanic";"r00";0,988980372465322;27,5342374306658;26,5726206280038;27,5204932479276;62,2906595319326
"Central_Sudanic";"r00";0,995597311601118;25,6482444629767;23,7436552154781;25,6210225773084;69,7877976190594
"Central_Sudanic";"r00";0,991013257714244;26,4398203363115;24,4979331709073;26,4120653595011;70,0654072585438
"Central_Sudanic";"r00";0,992104877423187;26,5473873938503;25,316200348007;26,5297903014366;70,6193966029742
"Central_Sudanic";"r00";0,991741118530177;26,8665972294119;25,9740298700385;26,8538399555587;66,0994637244055
"Central_Sudanic";"r00";0,99396102465641;26,9757152123294;25,1244641397924;26,9492556777572;69,3891908867973
"Central_Sudanic";"r00";0,996718825365669;27,0593798128165;23,7827218835255;27,0125472437244;68,7274320281974
"Central_Sudanic";"r00";0,989742956445609;27,0199087732513;26,3709866895104;27,0106338690721;66,6050636858722
"Central_Sudanic";"r00";0,988318715962129;26,0738696541534;25,3538981408012;26,0635792557136;70,8667099817106
"Central_Sudanic";"r00";0,991974737123585;27,0428698962689;25,9057227981766;27,0266168966612;66,2998064985685
"Central_Sudanic";"r00";0,990239238514201;25,9963204414275;24,636520830969;25,9768851172092;68,4945253907841
"Central_Sudanic";"r00";0,99385526492924;26,2027701442992;25,03417603831;26,1860676793516;70,1417382738596
"Central_Sudanic";"r00";0,993468793229767;26,2686032921737;24,8480722485534;26,2482999466053;69,6055339495213
"Central_Sudanic";"r00";0,993048840974302;26,2426157247575;25,3565299879473;26,2299510913456;65,421352879395
"Central_Sudanic";"r00";0,992489215384528;25,8387610060449;24,6193139105968;25,8213317102246;70,9533437999951
"Central_Sudanic";"r00";0,988204965833159;26,8465097000657;26,5525883882626;26,8423087457886;64,0944664535605
"Central_Sudanic";"r00";0,995484233711469;26,6650312771084;25,322964935042;26,6458494106922;68,0431601396204
"Central_Sudanic";"r00";0,98858979505927;26,221595013416;25,214389332403;26,2071992386162;68,1100394712612
"Central_Sudanic";"r00";0,994422767743848;26,7839794865719;25,1165659142696;26,7601475019659;70,7457358356916
"Central_Sudanic";"r00";0,988145168358793;26,1133280127694;25,358771132226;26,1025432930932;67,7076352179305
"Central_Sudanic";"r00";0,994814750438756;26,3881330137372;25,1740071101905;26,3707797725715;67,29239378444
"Central_Sudanic";"r00";0,995298617343989;26,7350294374649;24,9629738864939;26,7097018274987;70,6852390932624
"Central_Sudanic";"r00";0,99565374744878;27,1611935689834;25,2345115271856;27,133655915744;66,5661469268028
"Central_Sudanic";"r00";0,994065044514488;26,0115224086412;25,0548632255347;25,9978490840961;68,7942125991812
"Central_Sudanic";"r00";0,982668155637198;26,7487443369372;26,0210646140587;26,7383437667116;65,8018714120812
"Central_Sudanic";"r00";0,989704906019834;25,4803452986241;25,0215852770989;25,4737883400192;72,3587596388878
"Central_Sudanic";"r00";0,994207338941344;26,2202250180092;25,3588575408103;26,207913677381;66,7343704145116
"Central_Sudanic";"r00";0,996691086362116;26,0556077286038;24,129787969258;26,0280823997825;70,0748598785786
"Central_Sudanic";"r00";0,995581448980004;26,3515228868942;25,0521401595695;26,3329510882299;69,5550406412766
"Central_Sudanic";"r00";0,991223356656858;26,0708855550673;25,2996545209324;26,0598625152898;70,5387748758745
"Central_Sudanic";"r00";0,990877021895406;25,8395071440392;24,8030649288407;25,8246934977262;69,1947337424669
"Central_Sudanic";"r00";0,992735233206949;26,5615382009519;24,8934303116453;26,5376962926219;66,4289120807359
"Central_Sudanic";"r00";0,991949886926101;26,6755376699825;26,1579935614571;26,6681405230285;65,8054222471863
"Central_Sudanic";"r00";0,989628420959218;25,4776127805128;23,1169957013231;25,4438729868429;72,6579753631182
"Central_Sudanic";"r00";0,990297670879974;25,9468984798531;25,5102699722742;25,9406578422309;69,2837981984326
"Central_Sudanic";"r00";0,993947084783628;26,8616983069936;26,084408236288;26,8505886667057;66,9712032118948
"Central_Sudanic";"r00";0,986357868470571;25,9797360243032;25,1596740979909;25,9680150550557;70,2678819213532
"Central_Sudanic";"r00";0,995211963173419;26,2457311622461;25,363186164225;26,2331171358544;67,8653473851048
"Central_Sudanic";"r00";0,997805445831112;25,8369800120161;22,7661590957357;25,7930894272085;73,5514086251835
"Central_Sudanic";"r00";0,990799661158794;27,2588235176899;25,9142986255298;27,2396065117445;63,5339632810061
"Central_Sudanic";"r00";0,992994404056655;26,5928288960428;25,7479771626829;26,5807536113994;64,0659963830966
"Central_Sudanic";"r00";0,991105753098693;24,5896016850445;24,4411316711287;24,5874796349756;72,3745675637895
"Central_Sudanic";"r00";0,993840858129956;27,2952778500139;26,3755195758128;27,2821319422463;65,6313442047037
"Central_Sudanic";"r00";0,993583619549145;26,0109345560667;24,5728444405283;25,990380242449;68,8880042995924
"Central_Sudanic";"r00";0,994480775387311;26,7859135577735;25,3358540560013;26,7651881682852;65,3959584601778
"Central_Sudanic";"r00";0,991423331131618;26,9190322750991;26,4503182226115;26,9123330456643;64,8076177145351
"Central_Sudanic";"r00";0,992951198506024;27,0608030229209;24,854044078572;27,0292622905769;63,638703216564
"Central_Sudanic";"r00";0,994754055722695;25,9885911764325;25,145181595218;25,9765365041605;68,1246138959089
"Central_Sudanic";"r00";0,990179794387875;26,8608523065243;26,2293486956102;26,8518263608417;65,4486706328714
"Central_Sudanic";"r00";0,994029996847981;26,3720005818744;23,7817157798121;26,3349781966946;70,8835269052339
"Central_Sudanic";"r00";0,990615428135712;25,8178922396486;24,9914142892516;25,8060795675448;70,4662639302703
"Central_Sudanic";"r00";0,989707065341382;25,8298900027291;26,0511645373947;25,8330526322;65,6750160392124
"Central_Sudanic";"r00";0,991591584433084;27,2566389977413;26,519582245059;27,2461044036397;64,4678616920287
"Central_Sudanic";"r00";0,992932026777737;25,5137009504281;25,2483609642412;25,5099085029086;68,8772039076012
"Central_Sudanic";"r00";0,994967615275394;26,2321738688571;24,9166675238655;26,2133716187832;69,3690664484026
"Central_Sudanic";"r00";0,992651023789899;25,5809976157098;24,7987545390727;25,5698171831703;68,9061313066101
"Central_Sudanic";"r00";0,989268332256843;26,2223472654393;24,6496539293721;26,1998690968568;66,6797809714876
"Central_Sudanic";"r00";0,991614262494297;26,8462705735947;25,9549950081015;26,8335317630744;66,9216741579482
"Central_Sudanic";"r00";0,990529338870083;26,4373618172815;25,7379603215731;26,4273654216925;65,9038162923752
"Central_Sudanic";"r00";0,990680705256889;26,9430794308391;26,1807660785571;26,9321838495759;66,03359215533
"Central_Sudanic";"r00";0,992307235745959;26,8895449921437;25,7545582569252;26,8733228701393;68,0268247928987
"Central_Sudanic";"r00";0,9870425039207;26,4226530484141;25,653089778168;26,4116538456282;64,8675779107791
"Central_Sudanic";"r00";0,986593929323659;26,3726307797615;25,7729662979829;26,3640599039237;66,7511252490197
"Central_Sudanic";"r00";0,987968517405928;26,7304113074937;26,2578238513325;26,7236567163309;65,119082969455
"Central_Sudanic";"r00";0,995510391078481;26,7677299823744;24,9645370243956;26,7419573321273;67,1265623003294
"Central_Sudanic";"r00";0,993090951096423;26,4019724582464;24,9568512701753;26,3813176510168;66,5767234572638
"Central_Sudanic";"r00";0,992012247098421;25,7270889440872;24,0928894398582;25,7037316810334;72,7096672654064
"Central_Sudanic";"r00";0,993040701595371;27,6685664993053;26,6463498698417;27,6539561762385;67,1845500760837
"Central_Sudanic";"r00";0,995010232557535;27,0221157113066;26,3582446101888;27,0126271440279;68,0845352041006
"Central_Sudanic";"r00";0,99372287747187;26,8210203127974;25,3460449910681;26,7999388068377;66,5415347497133
"Central_Sudanic";"r00";0,985877613842299;25,5301060226991;24,7779348429751;25,5193554013331;69,1438682590552
"Central_Sudanic";"r00";0,994855810061858;25,2151139614262;25,009597897748;25,2121765644017;73,1091566903887
"Central_Sudanic";"r00";0,988842789815613;26,1843211747486;26,1636247276797;26,1840253648691;66,9260896381707
"Central_Sudanic";"r00";0,992409716705287;26,179573517939;25,5146185341895;26,1700694589583;66,4291068764306
"Central_Sudanic";"r00";0,995330397594682;27,0229377085507;24,4105037945148;26,9855987508634;68,0803292762283
"Central_Sudanic";"r00";0,986715375281395;25,9602447260159;25,7059577323187;25,9566102565477;70,1232389846779
"Central_Sudanic";"r00";0,994084647486882;26,4644827445342;25,0698127695709;26,4445490256741;67,9539094227197
"Central_Sudanic";"r00";0,991541581777861;27,2386472216991;27,1145011767934;27,2368728289029;61,7048010581361
"Central_Sudanic";"r00";0,993399159620841;26,2010351187113;25,3226778320207;26,1884809463796;68,4466872141334
"Central_Sudanic";"r00";0,994195265480504;26,8274443458048;25,6489216238141;26,8105999732779;69,664304130074
"Central_Sudanic";"r00";0,98941988669245;25,8935483678124;24,9524554187542;25,8800975281123;69,5110109060487
"Central_Sudanic";"r00";0,991571543944391;26,9471962104251;26,4102942926276;26,9395223864546;65,4575148279624
"Central_Sudanic";"r00";0,994554370784594;26,9288514058146;24,5080173122097;26,8942509432714;68,4353402337229
"Central_Sudanic";"r00";0,990663507059956;26,7927934256162;25,7792331273771;26,7783068256352;66,7009592260422
"Central_Sudanic";"r00";0,996348551964782;25,9163525640834;25,2788849744186;25,9072413765316;69,2744458285956
"Central_Sudanic";"r00";0,992032380155299;26,5785798115846;25,8676712159045;26,5684189474835;69,4487815273981
"Central_Sudanic";"r00";0,987993497628568;27,1009189793321;26,0450600777367;27,0858278144844;66,3995777081612
"Central_Sudanic";"r00";0,993504156213118;27,4632920486916;25,966688052905;27,441901408732;66,5494361018347
"Central_Sudanic";"r00";0,987287697276436;25,869321867219;25,3088552098855;25,8613112374799;66,6199885766383
"Central_Sudanic";"r00";0,994074946915682;27,1319845875743;26,0495942838885;27,1165142150863;69,4362822847585
"Central_Sudanic";"r00";0,988483737056309;26,3077851608076;24,9926433386979;26,2889881207811;67,6756756348711
"Central_Sudanic";"r00";0,98820620981808;25,2346752313798;25,2575604175554;25,235002324438;68,5408046991859
"Central_Sudanic";"r00";0,992910547779014;25,6574757411177;24,8036330542451;25,6452719507039;70,4910765836612
"Central_Sudanic";"r00";0,985301862741369;26,7744080872572;26,57241756998;26,7715210801114;66,6031428575821
"Central_Sudanic";"r00";0,992194693092655;26,8075255183723;26,4236781323644;26,8020392700016;67,8165604990824
"Central_Sudanic";"r00";0,990154248074728;25,8691275769614;24,1644062251676;25,8447623602639;70,720487599552
"Central_Sudanic";"r00";0,994376232044084;25,6729392529091;25,0720906106793;25,6643514521199;70,2668308797904
"Central_Sudanic";"r00";0,992115854873622;26,5536993363244;25,607394227285;26,5401740003395;68,5871529092201
"Central_Sudanic";"r00";0,997029671630766;26,4654062938854;24,6126878620048;26,4389257866607;70,5798123251832
"Central_Sudanic";"r00";0,995986352261848;26,1416918994912;25,0384062623311;26,1259228744829;70,7902840487702
"Central_Sudanic";"r00";0,991407567208238;26,3850703380551;25,5430176916662;26,3730350601615;68,4374103729802
"Central_Sudanic";"r00";0,994366018325781;26,0129073494525;24,7833417763676;25,9953334324012;69,8509348888614
"Central_Sudanic";"r00";0,992618944486819;26,6488268355697;25,6936391447084;26,6351745427477;68,0402666005855
"Central_Sudanic";"r00";0,993214603130829;26,4419885521825;25,7582771021989;26,4322164110523;67,3799171672953
"Central_Sudanic";"r00";0,991264587159559;25,9542242189282;24,7727308605218;25,9373373877321;66,2002433753255
"Central_Sudanic";"r00";0,990469601424006;25,7454903600783;25,7971535901423;25,7462287715462;68,8785582728336
"Central_Sudanic";"r00";0,988432690255368;27,4109493927773;27,7143668597964;27,4152860735644;59,3685713075401
"Central_Sudanic";"r00";0,986917097674544;26,2248730387893;25,5367612827083;26,2150380050277;68,1117103175702
"Central_Sudanic";"r00";0,990817513885891;25,7435488161745;24,7501102430657;25,7293498116956;72,8133061441391
"Central_Sudanic";"r00";0,993543597321248;27,0162113707717;26,077146413959;27,0027895167299;65,1691320164411
"Central_Sudanic";"r00";0,989209376546924;26,2699085241612;25,6397922529451;26,2609024074275;68,1312300244971
"Central_Sudanic";"r00";0,99157692543519;25,9291607756864;24,4816597585747;25,9084719540707;68,1272718436272
"Central_Sudanic";"r00";0,992918669496022;26,8587748953074;26,2043366541187;26,8494211498728;64,7448786701945
"Central_Sudanic";"r00";0,992499277205175;26,4200201663324;25,4244807102986;26,4057911343844;68,6433245150746
"Central_Sudanic";"r00";0,990728218440688;26,4219349896646;25,941043648979;26,4150617128611;65,4809698732816
"Central_Sudanic";"r00";0,994415503015351;25,4503249629105;24,1413395169772;25,4316159146485;74,5696973564626
"Central_Sudanic";"r00";0,986960021366499;25,8167264981024;26,1635088298378;25,8216829836012;67,6247232593977
"Central_Sudanic";"r00";0,996798116929375;27,1607775885599;25,4250611485605;27,1359693657137;67,2020050185514
"Central_Sudanic";"r00";0,992499893404012;25,4687227557732;24,9775861235121;25,4617030452143;71,4240745893851
"Central_Sudanic";"r00";0,989132446679041;26,4700598712902;25,8635762723954;26,4613915312738;64,0367590945622
"Central_Sudanic";"r00";0,987768478601655;25,7223761598879;25,4291029009305;25,7181844680912;68,2708813827163
"Central_Sudanic";"r00";0,993903990796547;27,0666604892328;25,953441942231;27,0507494952743;68,5597364506448
"Central_Sudanic";"r00";0,99170412135194;25,7815699250637;24,9078960696866;25,7690826920114;71,0868075687483
"Central_Sudanic";"r00";0,992775680730056;27,0853671537872;25,8193709873254;27,0672725420775;66,2775638388375
"Central_Sudanic";"r00";0,987829734467797;26,698507850821;26,430354457619;26,6946751918784;67,268853450921
"Central_Sudanic";"r00";0,993071574340998;26,1972937858005;24,9659249454581;26,179694095037;71,7291156763439
"Central_Sudanic";"r00";0,991772199979777;26,7173689512212;26,1079633378119;26,708658847478;66,9575171081898
"Central_Sudanic";"r00";0,990806819397672;26,525848575155;25,238167880975;26,5074440311409;66,2291576828242
"Central_Sudanic";"r00";0,987008740777946;26,7907857596201;25,8840899820292;26,7778265513152;64,4608657111528
"Central_Sudanic";"r00";0,992385739519455;26,8778302859654;26,2825831025272;26,8693225456254;66,6439248290145
"Central_Sudanic";"r00";0,993396592310072;26,3852372284046;25,3479361631907;26,3704113067325;67,5122365660875
"Central_Sudanic";"r00";0,99002097114888;25,6408489786809;24,9525632866894;25,6310114588906;69,8592272165586
"Central_Sudanic";"r00";0,990749329345583;26,4208421635765;25,2192756415738;26,4036684309578;71,4797257671229
"Central_Sudanic";"r00";0,994485712476294;26,3174473647765;23,7689438515591;26,281022150598;68,1399479039202
"Central_Sudanic";"r00";0,996154243618786;26,3758490235171;24,2726515444361;26,345788472987;71,6004434098796
"Central_Sudanic";"r00";0,989368358364952;26,2930340466277;25,6462945477872;26,2837903376664;66,6158436472681
"Central_Sudanic";"r00";0,995641336579709;26,3329745077595;24,8004347896923;26,3110702462279;71,5955852953543
"Central_Sudanic";"r00";0,992685575280398;26,2566372314662;25,6278352311693;26,2476498993248;70,0067357567208
"Central_Sudanic";"r00";0,991394494527282;26,3963591002069;25,2887001489089;26,3805275683576;69,8158050767296
"Central_Sudanic";"r00";0,987384242032514;26,5277790232281;26,3804012059528;26,5256725836915;62,9960806154791
"Central_Sudanic";"r00";0,995007818338566;27,0655259971687;26,2377781819656;27,0536951751596;66,7338474491418
"Central_Sudanic";"r00";0,993769298086669;26,3311896641568;25,0654199200177;26,3130982886528;71,1745619473221
"Central_Sudanic";"r00";0,994735560623724;26,4977561966138;24,6169391329074;26,4708740816703;68,2818710161723
"Central_Sudanic";"r00";0,994961472753467;26,0145065077273;24,535309403418;25,9933646607346;72,36360972365
"Central_Sudanic";"r00";0,99333125534212;26,4402388076357;25,3959005173067;26,4253123044142;68,3581917938991
"Central_Sudanic";"r00";0,991475506361372;26,2589062155944;25,6388490838617;26,2500438719841;64,971960373151
"Central_Sudanic";"r00";0,993000677314772;27,008937487721;26,5268821101175;27,0020475735874;66,6543083719371
"Central_Sudanic";"r00";0,995316202772859;26,7429853744272;25,383483753173;26,7235543093047;67,9057899499704
"Central_Sudanic";"r00";0,989756320092607;26,9601695008135;26,1151359599945;26,9480916176351;66,21750533313
"Central_Sudanic";"r00";0,993025841236458;26,3767034024708;24,9868370736124;26,3568383410943;67,7379767799662
"Central_Sudanic";"r00";0,996631407897479;25,9444349790216;24,3258669741413;25,9213011336357;71,6177669011155
"Central_Sudanic";"r00";0,993267293567367;26,1377039674071;25,5310514317176;26,1290332128133;71,7398548183456
"Central_Sudanic";"r00";0,988565209116232;26,3083032681614;26,428182164332;26,3100166715159;65,3908707168409
"Central_Sudanic";"r00";0,98796449621494;26,2285222083728;25,3246159654734;26,2156028702891;69,7909109403505
"Central_Sudanic";"r00";0,987968350251996;25,7799906939948;25,8076480904501;25,7803859952311;69,3583975657504
"Central_Sudanic";"r00";0,991095616731163;26,8043138415369;25,5094719328382;26,7858069438194;67,2819376297523
"Central_Sudanic";"r00";0,993632873872741;26,5125247470988;25,5696913669601;26,4990490317906;68,4053678173074
"Central_Sudanic";"r00";0,99165085182823;26,2659405192831;25,4813031072409;26,2547258650211;66,3539129654181
"Central_Sudanic";"r00";0,995920680305511;26,2670539519137;24,9699560794063;26,2485148101893;68,3221440446918
"Central_Sudanic";"r00";0,9925410297263;26,3176042915231;24,8010051860442;26,2959278657487;67,3230297377366
"Central_Sudanic";"r00";0,994400125386928;26,2642611992935;25,1306845861714;26,2480592318618;68,3281399820412
"Central_Sudanic";"r00";0,989221619740942;25,7605990317371;24,7676378519232;25,7464068505381;70,6053166086782
"Central_Sudanic";"r00";0,994427330376096;25,6822004218589;23,3376799838821;25,6486906940299;72,0159531212515
"Central_Sudanic";"r00";0,994238244519529;26,4283871019167;24,0101853037426;26,3938242622076;69,1688264128367
"Central_Sudanic";"r00";0,990794242666151;26,5673195815685;25,134803708823;26,5468449394076;67,2200366168465
"Central_Sudanic";"r00";0,994033645008412;26,6905020958439;25,1848279785478;26,6689818185827;67,1337379134281
"Central_Sudanic";"r00";0,990810512353781;25,7289895013516;24,1109931736943;25,7058638268256;65,2236254057648
"Central_Sudanic";"r00";0,993558261913388;25,9626409725274;25,3557940933937;25,9539674402244;67,2822383956258
"Central_Sudanic";"r00";0,986563006435521;27,3488272341138;26,4033805870923;27,3353141679424;64,0328856769838
"Central_Sudanic";"r00";0,996747038236452;26,8003340614916;24,582278179913;26,7686318644463;71,8357546648078
"Central_Sudanic";"r00";0,98640696379305;26,1459289216492;25,5820403660298;26,1378693834517;68,0985713578835
"Central_Sudanic";"r00";0,991076440524884;26,8825806601213;26,4687429982101;26,8766657671686;63,8792054707642
"Central_Sudanic";"r00";0,994367792234577;27,0624483760822;25,9714581826018;27,0468550872136;68,386642172443
"Central_Sudanic";"r00";0,990290632695269;26,8340087750357;26,5669633438817;26,8301919519571;63,4518793657762
"Central_Sudanic";"r00";0,994101387114212;25,7188017173266;23,8578287910559;25,6922032303839;70,3770623336944
"Central_Sudanic";"r00";0,99130289072034;26,3985809836667;26,0412545405921;26,3934737934458;65,4501177337041
"Central_Sudanic";"r00";0,992748053309292;26,5502618933038;25,0119873727156;26,5282756654696;67,7070786483445
"Central_Sudanic";"r00";0,991691274747202;26,3093870364287;25,2690307756259;26,2945174475012;68,9444796160028
"Central_Sudanic";"r00";0,993141646184939;26,1915429753293;25,3220401221759;26,1791153575172;70,0060525000107
"Central_Sudanic";"r00";0,988325610467983;26,2978389941544;26,2003045548884;26,2964449553305;66,4883723370861
"Central_Sudanic";"r00";0,991568376741622;26,1542485301195;24,6696175100567;26,1330290173343;67,6526460761776
"Central_Sudanic";"r00";0,99360482669688;25,8703705364304;24,5144908861139;25,8509912393618;67,9980090569974
"Central_Sudanic";"r00";0,989687273606712;26,3240557244386;25,9629161787503;26,3188940343598;62,9693031944978
"Central_Sudanic";"r00";0,995350940369009;26,3792441212252;23,7914558721309;26,3422574187415;69,9372001868546
"Central_Sudanic";"r00";0,987399845949993;26,4715618844362;26,0961770969536;26,4661965901713;64,9055364318681
"Central_Sudanic";"r00";0,989786591791961;27,0703719313348;26,9682741220323;27,0689126692417;64,6523806390452
"Central_Sudanic";"r00";0,995060999530392;27,127375968315;25,3358173969345;27,1017696058606;68,2443853731598
"Central_Sudanic";"r00";0,995649858492;27,2162132638562;25,8509549577314;27,1966999196714;66,008583670715
"Central_Sudanic";"r00";0,995676971389818;25,5772986281115;24,4499645792837;25,5611858843125;69,6758209520144
"Central_Sudanic";"r00";0,9936256340072;26,4152874549271;24,7964626968671;26,3921499398231;69,5432939571151
"Central_Sudanic";"r00";0,992485855667281;25,8221865525236;24,9135131945875;25,809199079087;69,5201061239561
"Central_Sudanic";"r00";0,991545056991143;25,5963241279606;24,7885140329319;25,5847782715101;69,5890367298086
"Central_Sudanic";"r00";0,993987957999198;26,1398137603335;25,3972144402858;26,1291999475052;68,4425265796225
"Central_Sudanic";"r00";0,991248353641618;25,7736613152155;24,6130988621682;25,757073644961;70,7028327968903
"Central_Sudanic";"r00";0,993086283467104;26,259063142341;24,4150718620682;26,2327073704228;71,6587549818069
"Central_Sudanic";"r00";0,991726865595534;25,2988471749064;24,2373656872324;25,2836756476417;71,4727440359983
"Central_Sudanic";"r00";0,993832292785754;26,2315885071833;24,7831316956049;26,2108860246022;70,5041732343883
"Central_Sudanic";"r00";0,988718568850728;26,2836150451492;25,4936805364609;26,2723246806208;68,111615455099
"Central_Sudanic";"r00";0,99437881005342;26,5667940015125;25,2311219043841;26,547703526668;68,7507404215143
"Central_Sudanic";"r00";0,992223557368819;27,0259267894382;24,8107443652604;26,9942656621034;67,2404658311047
"Central_Sudanic";"r00";0,990242574971813;26,0695454504694;25,8237543286344;26,0660324106759;68,3574856605501
"Central_Sudanic";"r00";0,992829960075783;25,3823820221096;23,8554656271911;25,3605581335298;71,0088115750204
"Central_Sudanic";"r00";0,993829529992972;26,0082493650694;24,4923346879431;25,9865827216827;72,4483583614006
"Central_Sudanic";"r00";0,991153498583409;26,18408091605;25,2408614296297;26,1705996822075;66,6576460001682
"Central_Sudanic";"r00";0,992649895379147;25,8171972783422;24,5048265537646;25,7984398450185;70,7384107221158
"Central_Sudanic";"r00";0,990745113564699;26,2085451844412;24,8591409407136;26,1892584389703;69,2791106265269
"Central_Sudanic";"r00";0,991855273052672;25,774555548581;24,6254228648591;25,7581312415683;69,1266620653473
"Central_Sudanic";"r00";0,994980882476765;26,2881344448729;24,3824928850739;26,2608975187305;67,7838839969329
"Central_Sudanic";"r00";0,994405336088519;26,2640607950067;25,0402615636518;26,2465692950412;70,8043820955565
"Central_Sudanic";"r00";0,988173352134418;26,7297811096066;26,1015151067244;26,7208014383614;67,3802812722372
"Central_Sudanic";"r00";0,981722209054311;25,6778164365573;25,435597038682;25,6743544466483;69,1711439848247
"Central_Sudanic";"r00";0,991604869422077;26,5098893741164;25,7804511581551;26,4994636701263;68,8123848011066
"Central_Sudanic";"r00";0,991170072300439;26,128310780718;24,871455370321;26,1103468158745;69,7972498126317
"Central_Sudanic";"r00";0,98649378633994;25,7533172230931;25,7847204579555;25,7537660627945;69,2506342914841
"Central_Sudanic";"r00";0,987893846737904;26,2992314076678;25,950524129998;26,2942474093296;66,9860285316637
"Central_Sudanic";"r00";0,990414282885227;26,9674205128665;26,1500436827388;26,9557379211229;68,030417137123
"Central_Sudanic";"r00";0,991305938873194;25,8960168504453;25,0159516222941;25,8834382668726;70,0115342057971
"Central_Sudanic";"r00";0,990243779915299;26,1618532500775;25,0543392877717;26,1460237905246;67,7054308803381
"Central_Sudanic";"r00";0,994091675353152;26,1897438656587;25,2869639952936;26,1768406265761;68,5850277047633
"Central_Sudanic";"r00";0,993589055615605;25,2789435193239;23,7883372787333;25,2576386039931;71,9841888169058
"Central_Sudanic";"r00";0,988711380126997;26,6675559182307;26,1311128532951;26,6598886525458;68,6749195099479
"Central_Sudanic";"r00";0,989219799801142;26,8642498951331;25,8459395978539;26,8496954044344;68,1485855707501
"Central_Sudanic";"r00";0,992407347177815;26,9006865647064;25,9497418984382;26,887094916525;66,8534099844012
"Central_Sudanic";"r00";0,99382809489748;25,5530596730145;24,9159570650721;25,5439537020681;71,7618888046298
"Central_Sudanic";"r00";0,992545216360023;26,0912337232091;24,946642105282;26,0748743206759;67,4019394156433
"Central_Sudanic";"r00";0,99383671226214;26,3340831850342;25,266329857541;26,3188220157079;70,3910750234212
"Central_Sudanic";"r00";0,994272412956791;26,374548773331;25,0052491631024;26,3549776676533;67,8388263003884
"Central_Sudanic";"r00";0,986044595679955;26,4024393889123;25,9152731932891;26,3954764269528;67,0764516828612
"Central_Sudanic";"r00";0,991472763778386;26,5415860860277;25,1093286119173;26,5211151371031;70,76688317937
"Central_Sudanic";"r00";0,993350251828927;26,7025136721013;24,316637009869;26,668412848628;69,5502880260376
"Central_Sudanic";"r00";0,991525440309239;26,4570573694295;25,5947263430484;26,4447322569995;66,8944871604481
"Central_Sudanic";"r00";0,989115767930761;26,7209683027899;25,9397724215974;26,7098028375903;68,73076182891
"Central_Sudanic";"r00";0,992777265573445;26,3912303355841;25,4527905053133;26,3778174163419;65,4931832558379
"Central_Sudanic";"r00";0,988135413988606;26,1953010652088;25,7559680836935;26,1890217731206;67,7604692840579
"Central_Sudanic";"r00";0,98896232727621;26,6633139142712;25,0244551229522;26,6398900570261;66,3025283149885
"Central_Sudanic";"r00";0,993686522029266;25,8516015993575;24,6369966830798;25,8342415117657;70,5215685374099
"Central_Sudanic";"r00";0,986450302540675;26,4837648071594;25,4943357896331;26,4696231103986;68,5157322573937
"Central_Sudanic";"r00";0,994109450279014;26,3618103069487;24,8923288452821;26,3408073235528;69,1507366927144
"Central_Sudanic";"r00";0,983559753201654;26,175077442104;25,6923703581489;26,1681782132713;68,9862011509102
"Central_Sudanic";"r00";0,992371876319504;26,691314129485;25,3901573758535;26,6727169750432;68,415401686737
"Central_Sudanic";"r00";0,985583790383866;25,5149588553016;24,8050318082302;25,5048120202642;70,8451747639814
"Central_Sudanic";"r00";0,996640512355245;26,0305130358799;24,4116464095438;26,0073749223616;71,7098989376106
"Central_Sudanic";"r00";0,993684801292878;25,3746513984415;24,6007585923923;25,3635903145288;73,562220343138
"Central_Sudanic";"r00";0,992552387020479;26,6728764822105;25,4979029273608;26,6560828371684;66,1707247082971
"Central_Sudanic";"r00";0,990967340788059;26,7881528775384;26,0210803332796;26,7771892741648;64,7236596195813
"Central_Sudanic";"r00";0,988286184679268;26,2146902365658;24,9983348151741;26,1973051293797;68,305362251739
"Central_Sudanic";"r00";0,995154251115459;26,2906527455206;24,2157171857718;26,2609961365426;71,4212582062649
"Central_Sudanic";"r00";0,988912897922349;26,3295531423709;25,2285311028485;26,3138164704782;64,6520943206924
"Central_Sudanic";"r00";0,994269403503139;26,7434312456596;26,0262919585644;26,7331813276223;67,0913531967063
"Central_Sudanic";"r00";0,987880931448286;27,1538818695306;26,8297571270368;27,1492492240959;62,5077194012647
"Central_Sudanic";"r00";0,991806319202267;26,4335213012321;25,0524705437782;26,4137822389272;69,8961869070967
"Central_Sudanic";"r00";0,988732584959358;26,9313223793482;25,1725215848783;26,9061842167741;68,7498774417526
"Central_Sudanic";"r00";0,995293783999364;26,5889369768599;25,5623062531413;26,5742635640905;66,5787197457296
"Central_Sudanic";"r00";0,992505492139834;26,4845643862969;24,8290514587416;26,4609024950541;68,1727896145934
"Central_Sudanic";"r00";0,994471318333676;26,9042838782654;25,586237414573;26,8854453228198;66,5027174993109
"Central_Sudanic";"r00";0,993606281370068;26,5653791698924;25,603773268068;26,5516351429575;66,3881763964348
"Central_Sudanic";"r00";0,991013920467155;25,7901322831333;25,304192262917;25,783186846636;70,6802407837532
"Central_Sudanic";"r00";0,984532780906362;25,5826366283965;25,6435269518849;25,5835069207319;68,5706750150657
"Central_Sudanic";"r00";0,992829878097107;26,362639776895;25,0446656732693;26,3438022556762;67,3656118816648
"Central_Sudanic";"r00";0,991891711356077;26,1192613383311;24,8315941675017;26,1008569876033;69,1411207127443
"Central_Sudanic";"r00";0,994817758463117;25,8147387593122;24,7475879782036;25,7994862020522;71,748999218406
"Central_Sudanic";"r00";0,990678402577654;27,0067717627507;25,3049030800869;26,9824473186413;64,7573708071972
"Central_Sudanic";"r00";0,993435022391427;26,6633786776904;24,9525402764798;26,6389260313174;66,5463446943061
"Central_Sudanic";"r00";0,988390973967346;25,9507668487017;25,1183552009256;25,9388693675337;68,9591482856001
"Central_Sudanic";"r00";0,994683342074149;28,0216668509933;26,6834431071244;28,0025399060092;64,3706766211765
"Central_Sudanic";"r00";0,992684565017563;26,6219873801005;25,8358185018205;26,61075083692;71,4357145143358
"Central_Sudanic";"r00";0,990606071077858;25,8675035096791;25,5766291804657;25,8633461052708;70,131209592771
"Central_Sudanic";"r00";0,992434720089781;26,5515612377077;26,0353968836702;26,5441838112888;64,4996459712331
"Central_Sudanic";"r00";0,990179347191013;26,4561656269647;25,5362862533634;26,4430179883493;64,9348809887204
"Central_Sudanic";"r00";0,992069834813913;27,0902866827479;26,6700479348745;27,0842803004463;65,737282294041
"Central_Sudanic";"r00";0,99480716375817;26,9238080111534;25,6774981859883;26,905994772098;68,4158340698492
"Central_Sudanic";"r00";0,987823965179454;27,1428306487311;26,7894803796616;27,1377802891125;64,4378011474581
"Central_Sudanic";"r00";0,994535502436387;26,4354388419105;25,1288983453143;26,416764738785;68,5310226294409
"Central_Sudanic";"r00";0,994131787940399;25,9477428952038;24,2066891584291;25,9228583875194;69,3204142068345
"Central_Sudanic";"r00";0,992778855523572;26,6903818532718;26,0854013984351;26,6817349973711;64,8294728474181
"Central_Sudanic";"r00";0,995717343469415;26,2470121645629;25,5823995159727;26,2375129985052;71,1551038104701
"Central_Sudanic";"r00";0,989653145648912;26,7176080776922;26,0573963369685;26,7081718128668;67,5460395801194
"Central_Sudanic";"r00";0,992915860699528;26,391078390639;25,521921404097;26,3786557162242;67,5481512827709
"Central_Sudanic";"r00";0,990179444638919;26,4983483516532;25,8853768348485;26,4895872812175;69,8585557301606
"Central_Sudanic";"r00";0,992597553927784;26,5444008038635;25,338942352033;26,5271714447264;66,7975610567683
"Central_Sudanic";"r00";0,992568904079694;25,4152231896881;23,8547483979957;25,3929196581399;74,2038773796044
"Central_Sudanic";"r00";0,994413864999536;26,3348761972514;25,07816325098;26,3169142686171;67,9982841339794
"Central_Sudanic";"r00";0,992349307645279;24,9802720661424;24,0008017328701;24,9662727067199;70,524950673079
"Central_Sudanic";"r00";0,990147141244814;26,1323535126184;25,5074610295778;26,1234220583688;70,009185086456
"Central_Sudanic";"r00";0,993917356539274;26,2542606857151;25,2690710420257;26,2401795814154;70,1828129369374
"Central_Sudanic";"r00";0,995514545303596;25,6841632516417;23,9541205830637;25,6594361227937;72,675771742429
"Central_Sudanic";"r00";0,990917890320591;25,6347338173652;24,1506449616909;25,6135220536193;68,8678733879248
"Central_Sudanic";"r00";0,990169381066903;25,9322519835043;25,151985118388;25,9210997965322;69,4134650310039
"Central_Sudanic";"r00";0,992973584242285;25,9821123436088;25,0836454631332;25,9692707491657;70,7618448743089
"Central_Sudanic";"r00";0,989368745499395;26,4361811303309;25,7914332571805;26,4269658872485;67,8691303116625
"Central_Sudanic";"r00";0,989985073130208;26,0649572113071;24,8905481431233;26,0481716343519;67,070540970766
"Central_Sudanic";"r00";0,993502844807556;25,5589207624548;24,2173168074203;25,5397455048373;73,4453720968452
"Central_Sudanic";"r00";0,994180817724032;26,8986068890344;25,4071365942726;26,8772896239626;67,4051683304733
"Central_Sudanic";"r00";0,995588124529446;26,2617109698272;25,1995225018936;26,2465293378452;70,2510317653537
"Central_Sudanic";"r00";0,993352149738795;25,8591390649956;24,6876541574313;25,842395282441;70,6987348375769
"Central_Sudanic";"r00";0,990745465884744;26,2736573297743;25,3221208158817;26,2600572224418;68,6974029266276
"Central_Sudanic";"r00";0,9908227171825;27,0875890372469;25,7393854395263;27,0683194523519;67,9469156193827
"Central_Sudanic";"r00";0,990770830842453;26,1526045356313;25,1038880965797;26,137615456469;69,2183182435903
"Central_Sudanic";"r00";0,991862140425267;27,498086988232;26,8461401569461;27,4887688519848;63,4795056404414
"Central_Sudanic";"r00";0,990451477604139;26,8294744299075;26,2593905118032;26,8213263427227;65,6247690901789
"Central_Sudanic";"r00";0,990714306202948;26,6907088406053;25,0064178225174;26,6666356302861;68,3643424720645
"Central_Sudanic";"r00";0,992711753507816;24,6631604747856;24,2334202565885;24,6570182900063;72,7656522526882
"Central_Sudanic";"r00";0,988269663394003;25,373699874359;25,8642580528657;25,3807113172024;67,1493909715547
"Central_Sudanic";"r00";0,992945592415528;26,6144274963558;25,1358762955167;26,5932948811229;67,0459560412958
"Central_Sudanic";"r00";0,995553859102221;25,8480744839103;24,3489280582223;25,8266475055453;71,7552974333672
"Central_Sudanic";"r00";0,996350969339251;26,6388109236957;24,0678407929997;26,6020645989716;69,6559604320154
"Central_Sudanic";"r00";0,989866308107333;26,4955069132459;26,2847655671995;26,4924948323811;63,4338131972306
"Central_Sudanic";"r00";0,994214459975518;26,7632114884328;25,8347929322704;26,7499418011123;67,9569607713696
"Central_Sudanic";"r00";0,9931222238223;26,4981049227173;25,7549205561853;26,4874827479451;65,5722181269769
"Central_Sudanic";"r00";0,995110675330088;26,4865820158959;24,8581606743379;26,463307338882;69,9342444871704
"Central_Sudanic";"r00";0,992362360781705;26,4243742608252;25,8871626957915;26,4166960111332;68,3989564850683
"Central_Sudanic";"r00";0,993625275692966;25,5986033021373;24,5495752586756;25,58360976928;70,5813646105571
"Central_Sudanic";"r00";0,985682180058014;26,5926968783036;26,842466505023;26,5962667820142;66,9285144544319
"Central_Sudanic";"r00";0,994537376820807;26,8573467034016;24,462673667081;26,8231201552398;70,0168266859706
"Central_Sudanic";"r00";0,996897215371725;27,0279709131633;24,7540012817774;26,995469552883;69,2374551878774
"Central_Sudanic";"r00";0,9926708495869;26,5355943375214;24,7027298882064;26,5093975990118;70,2095749845733
"Central_Sudanic";"r00";0,984676378447839;26,3353345229875;25,3128940443612;26,3207210004926;65,2573494772832
"Central_Sudanic";"r00";0,994625890090952;27,112602662474;25,7600891427138;27,0932714767875;67,4576441471167
"Central_Sudanic";"r00";0,9909385165001;26,3168456990251;24,5913195504084;26,2921831238283;71,629672481658
"Central_Sudanic";"r00";0,995236112446236;26,3362636289634;24,4838798505074;26,3097879048684;68,6894064197703
"Central_Sudanic";"r00";0,994967063536352;25,9661506516695;24,0227136221608;25,9383735229839;69,0605600960319
"Central_Sudanic";"r00";0,993078121034965;26,1667005429167;25,0549682820789;26,1508107921276;66,547348980324
"Central_Sudanic";"r00";0,990405016957716;26,6643924742914;25,9700934375205;26,6544690070538;70,5892035482223
"Central_Sudanic";"r00";0,993734581992222;25,8782916007823;25,4441901117687;25,8720870812945;69,131650099465
"Central_Sudanic";"r00";0,989844520771145;26,1860573325641;25,2484670545181;26,1726565557897;66,0310263823388
"Central_Sudanic";"r00";0,992945217596541;26,2728328416295;24,8857720883708;26,2530078797434;68,4410658866045
"Central_Sudanic";"r00";0,997142967875686;26,2919380503022;24,5651328543886;26,2672571939567;69,8198812225857
"Central_Sudanic";"r00";0,986469090806271;25,5172330476768;24,4970521328136;25,5026518206422;72,439427047243
"Central_Sudanic";"r00";0,992889979594471;26,4032414589505;25,8054867400409;26,3946978789438;67,7733758619984
"Central_Sudanic";"r00";0,991931660236258;26,381280319357;25,4653010253034;26,3681884237422;66,2335320175659
"Central_Sudanic";"r00";0,990972872620336;27,6599563612306;27,0983620670346;27,6519296144196;64,8945188165069
"Central_Sudanic";"r00";0,990408904591155;24,9962860669973;24,8345623451951;24,9939745845238;72,1030280309406
"Central_Sudanic";"r00";0,989409372642572;26,4000979422171;25,7809308289274;26,3912483194495;69,1128160760065
"Central_Sudanic";"r00";0,991976477096947;26,2250324564366;25,4837553957497;26,2144375423778;66,7060339143995
"Central_Sudanic";"r00";0,990774282174438;25,5471064202468;24,0894388110322;25,5262722897105;66,565243114517
"Central_Sudanic";"r00";0,996120490959008;25,9064088883309;24,1660696418677;25,8815345927033;69,5882222234718
"Central_Sudanic";"r00";0,993683259885867;26,3014892959655;24,7271126365838;26,2789870680038;66,6020483917224
"Central_Sudanic";"r00";0,988021579540876;26,0509683127535;26,0238091579649;26,0505801327785;66,9288082089611
"Central_Sudanic";"r00";0,993909529649344;27,1512913327614;25,9413276913091;27,1339975819153;65,2554394755277
"Central_Sudanic";"r00";0,994291192184052;26,892453684871;24,9738748369487;26,8650318488439;66,7691873622814
"Central_Sudanic";"r00";0,99358268159853;25,6083377422276;24,8338982007098;25,5972688439421;69,5568042046499
"Central_Sudanic";"r00";0,993958325906065;26,2178745134931;23,6847027805472;26,1816684331621;70,8306684088361
"Central_Sudanic";"r00";0,98719979811344;25,9356271540064;25,9315810499697;25,9355693239091;63,3218434173885
"Central_Sudanic";"r00";0,993016002864175;26,4763518865584;25,1316261879451;26,4571320105295;71,8456452228745
"Central_Sudanic";"r00";0,993273390579161;26,0946238391157;25,1498997732889;26,0811211006424;72,4684886213158
"Central_Sudanic";"r00";0,987777776178013;26,6409904618429;25,5956937773784;26,6260502604995;68,3776811916163
"Central_Sudanic";"r00";0,992681476210702;25,6809674259928;24,2458734932494;25,6604559361733;70,2494609420815
"Central_Sudanic";"r00";0,98532848242302;26,1674652494438;25,4461479157931;26,1571556154831;68,727858840694
"Central_Sudanic";"r00";0,994957346988419;26,6624968988286;25,3825195377658;26,6442024569027;68,362019852829
"Central_Sudanic";"r00";0,993330913672453;26,3646549155933;24,8471722743354;26,3429658616315;68,2217010337916
"Central_Sudanic";"r00";0,994015057977428;26,2438487206236;25,1006834555018;26,2275097046451;68,8116385560635
"Central_Sudanic";"r00";0,992226281910908;27,1435894676746;26,3033185514846;27,1315796556686;64,0205721581217
"Central_Sudanic";"r00";0,992306972554075;26,8730203566372;25,6268533478058;26,855209158825;67,6300150895416
"Central_Sudanic";"r00";0,993231209009117;27,0201105362112;25,4513407379041;26,9976884459124;64,1425901622614
"Central_Sudanic";"r00";0,99351386389191;26,4457661163769;25,7044674941327;26,4351708941433;67,0808380853166
"Central_Sudanic";"r00";0,991735979976562;26,5919819897913;25,6660485339891;26,5787478214773;65,4045172009698
"Central_Sudanic";"r00";0,992774869820947;25,7548201420212;25,1383763642286;25,7460094433038;70,3996286617236
"Central_Sudanic";"r00";0,993803808793184;26,1115096552294;25,462199828122;26,1022292091175;66,7955606983887
"Central_Sudanic";"r00";0,995852779915828;26,6103279266295;25,9364752703901;26,600696695124;67,5593177006452
"Central_Sudanic";"r00";0,995377783027635;26,4251489309552;24,4845905556735;26,3974129462572;67,3252154412329
"Central_Sudanic";"r00";0,99297588239238;27,795453209426;27,4691662606084;27,7907896600399;62,1518194886325
"Central_Sudanic";"r00";0,992534767771834;26,6924848528326;24,9889902529374;26,6681371698369;69,1932025634098
"Central_Sudanic";"r00";0,994354385455589;26,4892298433821;25,0870307597111;26,4691885125859;68,7474559408845
"Central_Sudanic";"r00";0,991308498710774;26,0322168119858;25,9567808615333;26,0311386221235;68,6792201108302
"Central_Sudanic";"r00";0,995412137075358;25,8076546376088;24,9521010153193;25,795426393162;67,9141323713748
"Central_Sudanic";"r00";0,995659021738963;26,5908087755429;25,136424858706;26,5700215781175;63,919380772527
"Central_Sudanic";"r00";0,995768628479945;26,3522004118953;25,0869595056278;26,3341165949576;72,215130089562
"Central_Sudanic";"r00";0,992566967482162;26,5419123940246;25,0730743689823;26,5209186071304;69,9425334576169
"Central_Sudanic";"r00";0,9927364150813;26,3456171876861;25,7527258769854;26,33714311933;66,0217581438094
"Central_Sudanic";"r00";0,992776158668011;25,9048061069278;25,2030030278948;25,8947753860234;71,5185282134629
"Central_Sudanic";"r00";0,991937042385875;26,4055274264928;24,9361031390006;26,3845252602751;68,8369768708827
"Central_Sudanic";"r00";0,989108581923089;26,3168819303086;24,325522133971;26,2884198517939;70,8626469806809
"Central_Sudanic";"r00";0,989334976909557;26,7688146564237;26,4581923255404;26,7643749980625;66,7917031278973
"Central_Sudanic";"r00";0,995060559121979;26,2660551007171;24,7086592370353;26,2437955756267;73,1573670211465
"Central_Sudanic";"r00";0,992614190493791;25,6828430742498;25,2088440768506;25,6760683082308;69,701243574204
"Central_Sudanic";"r00";0,991637701846968;26,2093871088912;24,8783184554706;26,1903624300804;69,6404512652782
"Central_Sudanic";"r00";0,990237555510976;27,0616420035791;27,248652971279;27,0643149112353;64,8657629041727
"Central_Sudanic";"r00";0,995456419851575;26,2772417359386;24,0054370336911;26,2447713185262;69,1638998854552
"Central_Sudanic";"r00";0,994094394227244;26,9428636282569;26,1524283760425;26,9315661067087;67,1437270272119
"Central_Sudanic";"r00";0,99147706759707;25,680631154393;23,8519091300212;25,6544936226748;70,3890541082264
"Central_Sudanic";"r00";0,989661687074778;25,5871725586433;25,1388836202122;25,5807652609835;69,0533198124945
"Central_Sudanic";"r00";0,990832191610091;26,5192875426069;25,0740364841548;26,4986308791678;65,6248399377437
"Central_Sudanic";"r00";0,994142150779143;26,4713888800575;25,4089106206852;26,4562031061487;67,5174628864234
"Central_Sudanic";"r00";0,990915810456731;26,7653511721681;26,3907998542631;26,7599977905052;65,9056123255559
"Central_Sudanic";"r00";0,994890582409572;26,4489370330184;24,9385174504172;26,4273489298393;70,4009524627981
"Central_Sudanic";"r00";0,988208708621855;26,9142970727931;26,7101719672929;26,9113795564356;65,4830966870194
"Central_Sudanic";"r00";0,992303130209924;26,760875023539;25,5283444560737;26,7432587284589;66,1827730674957
"Central_Sudanic";"r00";0,992762669877414;26,5463027198009;25,6799671189097;26,5339203708462;65,2331493538197
"Central_Sudanic";"r00";0,992530939054181;26,3111952039201;25,8180916963876;26,3041473812348;67,6543737731524
"Central_Sudanic";"r00";0,990887469669008;26,2328165212479;25,582337196486;26,2235193597567;69,5981166931712
"Central_Sudanic";"r00";0,990379670517463;26,8239056816359;25,9552836981593;26,8114906539052;67,7859260122589
"Central_Sudanic";"r00";0,994071261727519;25,7847707325141;24,4146762925462;25,7651882665054;71,1808578013048
"Central_Sudanic";"r00";0,99344965357062;26,2961700906588;25,3249279620657;26,2822883352013;69,2372516453775
"Central_Sudanic";"r00";0,990699260835063;25,434335871063;23,9583304902678;25,4132396426901;74,0802539076017
"Central_Sudanic";"r00";0,993313348371343;25,9636162733897;24,7356829858284;25,9460656862453;69,3450386410116
"Central_Sudanic";"r00";0,992648739296344;26,717169679162;25,2755229961368;26,6965645322879;68,1766067420732
"Central_Sudanic";"r00";0,992989031544491;26,7709930623433;25,5903850168235;26,7541188847344;67,2479115571448
"Central_Sudanic";"r00";0,992577279718525;26,8785775561872;25,7773615112956;26,8628381114174;65,8331224755127
"Central_Sudanic";"r00";0,991147866679309;26,4486206886245;25,9130824897174;26,4409663559956;66,8561399316626
"Central_Sudanic";"r00";0,993550628213095;26,4298517515516;25,4449382463776;26,4157745940404;68,2589347130308
"Central_Sudanic";"r00";0,990658040299854;27,1938759982511;26,6833783381323;27,1865795646731;65,8706880036421
"Central_Sudanic";"r00";0,994001690040332;25,7380040711282;24,8383186676183;25,7251450605966;69,56412286161
"Central_Sudanic";"r00";0,993658976901325;25,8436456623953;24,7286207078217;25,8277088498407;71,7364453777243
"Central_Sudanic";"r00";0,995126228347532;26,0236356589379;24,1284861575573;25,9965486935364;67,9539769343928
"Central_Sudanic";"r00";0,990110494386017;25,5879209610928;25,1709287830049;25,5819609813169;72,8206369083616
"Central_Sudanic";"r00";0,988183698226569;26,5746976295592;25,747154899093;26,5628697387822;67,4221653159971
"Central_Sudanic";"r00";0,993099849687953;26,9846201824734;25,9201867858748;26,9694064642075;67,9645115215174
"Central_Sudanic";"r00";0,992220662041966;25,7691104395643;24,8699739052388;25,7562592739023;70,5336027435989
"Central_Sudanic";"r00";0,990600769025143;26,7444101696503;25,7102511077861;26,7296291559582;67,7275713965655
"Central_Sudanic";"r00";0,987357181722053;26,8085322951621;26,238878628541;26,8003903574694;67,3108340730183
"Central_Sudanic";"r00";0,994220713990189;26,8104140574481;25,2155824522595;26,7876194713326;66,9146756779667
"Central_Sudanic";"r00";0,990275786961728;26,5508705788663;25,0043150071323;26,528765991744;68,4237999111733
"Central_Sudanic";"r00";0,993816756638709;26,3098027904066;24,3842802327553;26,2822817094255;69,9390319889236
"Central_Sudanic";"r00";0,993609449702527;25,8950229810502;24,7262376729502;25,8783177832918;71,5704519920315
"Central_Sudanic";"r00";0,992193985584948;26,7741642054303;25,4014238374171;26,7545439217395;68,6571782946505
"Central_Sudanic";"r00";0,993423524002198;26,1493464374639;25,3581852568842;26,1380385403773;71,1105294934752
"Central_Sudanic";"r00";0,989919909464415;26,5501024756564;25,7529686111133;26,5387092122788;69,2693219170377
"Central_Sudanic";"r00";0,992154730916569;26,2069186262583;25,8580622032967;26,2019324962184;70,4733741908226
"Central_Sudanic";"r00";0,994850709582279;27,1446356459852;25,4424493780858;27,1203066626982;67,9605900757373
"Central_Sudanic";"r00";0,98928760546184;25,9203404961675;25,1978301583906;25,9100138108546;68,9286530374036
"Central_Sudanic";"r00";0,990275154756495;25,7587482924875;24,8835942492451;25,7462399034275;69,2711167906893
"Central_Sudanic";"r00";0,992652670976519;26,6588601837488;25,3291714274937;26,6398552275122;68,395905839495
"Central_Sudanic";"r00";0,990226698317199;26,9460866273684;26,3116440017914;26,9370186749796;66,2415342702363
"Central_Sudanic";"r00";0,994045291835625;26,6962139576853;25,6163666816508;26,6807799321461;66,5240281942499
"Central_Sudanic";"r00";0,995071512453614;25,1375923750539;22,9033568844088;25,1056589263261;73,9283843831368
"Central_Sudanic";"r00";0,988235182937196;26,909966302189;25,4449395614041;26,8890269891633;65,4776537501559
"Central_Sudanic";"r00";0,993156000107506;25,903758569944;24,8014455488404;25,8880034463284;69,0411057805118
"Central_Sudanic";"r00";0,990408121874763;25,9420138235027;25,0478838882718;25,9292342160879;70,0344858862208
"Central_Sudanic";"r00";0,995305456536615;27,320328838752;26,007039227639;27,3015582719802;67,5797847607516
"Central_Sudanic";"r00";0,995053275296235;26,3395640724434;24,9496953191496;26,319698976415;68,5252778719554
"Central_Sudanic";"r00";0,991472559629418;26,720651958396;25,8268149105913;26,7078765371583;64,3269941043826
"Central_Sudanic";"r00";0,993346668418501;27,027822364901;25,1494682534838;27,0009754524064;64,8352934584254
"Central_Sudanic";"r00";0,992819409814387;26,041981142885;24,268000657453;26,0166260202434;67,8115848829179
