"matrix_id";"baseline";"ceof_cor";"stat_nodf_columns";"stat_nodf_rows";"stat_nodf_general";"stat_temp"
"Central_Sudanic";"r0";0,983072358274063;27,1180751713989;26,5477100946432;27,1099230656737;63,3461232342686
"Central_Sudanic";"r0";0,988623709709494;27,338656886394;27,3536693371044;27,3388714561325;60,0633203187418
"Central_Sudanic";"r0";0,987673655228853;27,4459250358441;27,3041621638257;27,4438988495159;59,1733858291894
"Central_Sudanic";"r0";0,983868969928197;27,1223171753584;27,3339558815903;27,1253420819999;60,9400799705156
"Central_Sudanic";"r0";0,985952861672358;27,0482602054694;26,8411704993711;27,0453003167113;61,279512865337
"Central_Sudanic";"r0";0,980622984492062;26,2370759615126;26,3705453851756;26,238983611362;63,9274402463492
"Central_Sudanic";"r0";0,987099835567205;27,2346617805158;27,4143903539225;27,237230602472;59,4815951497588
"Central_Sudanic";"r0";0,981854304572649;27,3896979334491;27,1637017724345;27,3864678187854;61,9218428320785
"Central_Sudanic";"r0";0,983555617047418;26,7357293805728;26,8003705820744;26,7366532834033;61,6737747133646
"Central_Sudanic";"r0";0,981540941484033;26,3773634911668;26,1213094513005;26,3737037656867;64,6625146742618
"Central_Sudanic";"r0";0,983200514675641;26,1039746804922;26,1895537347614;26,1051978435621;62,3823665005038
"Central_Sudanic";"r0";0,983488537201016;27,0155277317414;27,1924998909243;27,0180571568603;61,0788232417118
"Central_Sudanic";"r0";0,98291231383899;26,4137754781782;27,2149406333746;26,4252263599286;60,6446085822039
"Central_Sudanic";"r0";0,984298526916059;27,4684402876293;27,2896069711725;27,4658842613886;58,8192867515439
"Central_Sudanic";"r0";0,98438031892313;27,1336956099369;27,2084475484274;27,1347640233629;59,5866909354805
"Central_Sudanic";"r0";0,982909141443928;27,1725661159783;26,8766132983841;27,1683361258246;61,1608793774388
"Central_Sudanic";"r0";0,98495675291479;27,5750358938797;27,1026277454409;27,5682838655237;60,2090680982776
"Central_Sudanic";"r0";0,986707306753483;27,3898100239824;27,0191193726122;27,3845118219983;60,0451574312809
"Central_Sudanic";"r0";0,982629587295684;26,6436158712224;26,7531904463922;26,6451819971267;62,3594402799144
"Central_Sudanic";"r0";0,984286745799741;27,3094485843215;27,0317679527334;27,3054797546038;62,0945089395987
"Central_Sudanic";"r0";0,97969010628279;26,9530255974924;26,5858511037762;26,9477776511956;61,6137575770171
"Central_Sudanic";"r0";0,981741845957391;27,2038468474662;26,5273946313529;27,1941784610089;61,7083132117562
"Central_Sudanic";"r0";0,983908713918619;27,8637636713087;27,2576269720895;27,855100289455;60,01543937967
"Central_Sudanic";"r0";0,985727064842815;27,6860777579502;27,313776402694;27,6807565345209;61,4390602849432
"Central_Sudanic";"r0";0,978999098988988;26,1344433783389;25,960548267314;26,1319579328095;65,6080664051793
"Central_Sudanic";"r0";0,984318486523704;27,0433805309205;26,7696990736427;27,0394688605437;62,5529947407767
"Central_Sudanic";"r0";0,984964848232378;26,876178818775;27,0066039244664;26,8780429568405;60,2478745201149
"Central_Sudanic";"r0";0,9839214526169;27,1102562339773;26,8834600388835;27,1070146845981;60,352277411464
"Central_Sudanic";"r0";0,984468768339066;27,3111722876333;26,9600421133391;27,3061536593532;63,1905981432177
"Central_Sudanic";"r0";0,984632886156428;27,2892589280449;27,4446563067525;27,2914799894533;58,0664656088332
"Central_Sudanic";"r0";0,982858071636153;26,9454208775344;27,1028427627143;26,9476708747795;62,0966610695402
"Central_Sudanic";"r0";0,985325917701395;26,9463275654036;27,3557188639287;26,9521789074379;60,0087249989071
"Central_Sudanic";"r0";0,982581108064845;27,0347445780564;26,9236279219313;27,0331564115197;62,3324145838294
"Central_Sudanic";"r0";0,983527600292;26,3776623992555;26,4281540290881;26,3783840652926;62,9418235139036
"Central_Sudanic";"r0";0,984227882398685;27,5369026944572;27,4331435325227;27,5354196870071;57,8467327396421
"Central_Sudanic";"r0";0,981394476075378;26,7690576324686;26,471541121627;26,7648052927826;64,2055460698353
"Central_Sudanic";"r0";0,979638771128311;26,4471635116918;26,2363530600142;26,444150443115;65,3470185293152
"Central_Sudanic";"r0";0,985901701630666;27,2890143668814;26,971957036356;27,2844827344503;61,0035287120952
"Central_Sudanic";"r0";0,983706157880803;26,5054331526932;26,7165651283729;26,5084508167436;62,0425863075107
"Central_Sudanic";"r0";0,982544004668303;26,8458745203771;27,2307183800883;26,8513750111327;59,8926625896199
"Central_Sudanic";"r0";0,985030767523042;27,1977889768675;27,0676663796929;27,1959291624914;61,0085387396814
"Central_Sudanic";"r0";0,976862892386154;27,0124684527421;26,6791000333465;27,0077036894158;62,7715144044274
"Central_Sudanic";"r0";0,980150416023915;27,0069012895891;26,6833508600243;27,0022768526859;62,2383118966888
"Central_Sudanic";"r0";0,983493105535073;26,5804192285581;26,5801373777667;26,5804152001252;62,9166059311334
"Central_Sudanic";"r0";0,983815641793103;26,6239273388856;26,8752379013301;26,6275192668602;60,8497052591301
"Central_Sudanic";"r0";0,984198033887623;27,1169841568749;27,0203609088412;27,115603141512;60,8574611625965
"Central_Sudanic";"r0";0,981925719596601;27,4860758648656;26,8705975874593;27,4772789658382;62,7653903044037
"Central_Sudanic";"r0";0,986534609210923;26,659938743769;26,6748084508353;26,6601512733032;62,4105236635103
"Central_Sudanic";"r0";0,980314874033552;27,0050765915746;26,6642294204885;27,0002049360542;61,8851313752162
"Central_Sudanic";"r0";0,982669345513003;26,5969812275757;26,9107138138198;26,6014653401498;61,2646160653423
"Central_Sudanic";"r0";0,985151212426923;26,7772502050011;26,7673604084829;26,7771088522604;64,4738947605391
"Central_Sudanic";"r0";0,986350714786793;26,7621976918317;26,9973223113768;26,7655582775956;60,4773964563057
"Central_Sudanic";"r0";0,980513023013553;25,8960467412542;25,8745365865527;25,895739301226;65,6009710990537
"Central_Sudanic";"r0";0,984171694961104;27,3897776422728;26,8914804176382;27,3826555869027;62,3586580420759
"Central_Sudanic";"r0";0,982167216103904;26,3975522416612;26,3487219928309;26,3968543213865;63,2653095046262
"Central_Sudanic";"r0";0,986262673297304;27,4871295158785;27,2873845469682;27,4842746038739;62,1802957509183
"Central_Sudanic";"r0";0,984624180841409;27,4590994098558;27,0078124283301;27,452649261809;61,5863673679196
"Central_Sudanic";"r0";0,986338704640635;27,9035184471127;27,4700836792391;27,8973234569272;60,6416338590091
"Central_Sudanic";"r0";0,984589501915765;27,4700070641945;27,4799033150351;27,4701485091855;58,8523901028297
"Central_Sudanic";"r0";0,980614582886147;26,0825628977346;26,5712220319704;26,0895471979455;63,0568491781849
"Central_Sudanic";"r0";0,98218357010391;28,0061123081021;27,4881835328441;27,9987096631891;60,0723504174003
"Central_Sudanic";"r0";0,982832598255752;27,7580174622105;27,2507144663515;27,7507666892837;60,3813635204828
"Central_Sudanic";"r0";0,984877319372528;27,6420461055763;27,8140621275156;27,6445046936884;57,8181857801536
"Central_Sudanic";"r0";0,984290764251335;26,9245407888619;27,1917212600693;26,9283595420391;61,8463752974734
"Central_Sudanic";"r0";0,981932632048988;26,763619996154;27,1305591016832;26,7688645780979;62,6858971846881
"Central_Sudanic";"r0";0,984923769516725;27,4494372058869;27,0678049640771;27,4439826180971;60,3936618064604
"Central_Sudanic";"r0";0,988204568537847;27,9510584199555;27,8787026140841;27,9500242539392;60,8969237370337
"Central_Sudanic";"r0";0,982394955762652;26,4535153085778;26,6351712586809;26,4561116781158;60,8624144412544
"Central_Sudanic";"r0";0,982117266460749;27,017836343836;26,9973597326672;27,0175436760238;60,9598271527272
"Central_Sudanic";"r0";0,985937159242936;27,3442564312566;27,2499474400166;27,3429084930697;60,9366611890563
"Central_Sudanic";"r0";0,978531512824867;26,7975709732348;27,019012764862;26,8007359932735;62,2672213244596
"Central_Sudanic";"r0";0,98442723280423;26,9904233018601;27,0467372140287;26,99122818453;61,9545575331716
"Central_Sudanic";"r0";0,980239932068785;25,7826235760766;26,1795636764401;25,7882969558058;64,1628431859575
"Central_Sudanic";"r0";0,97701969564949;25,8369700484131;26,4236898315081;25,8453559084487;62,8571883434838
"Central_Sudanic";"r0";0,982232382528601;26,1557879067765;26,5194684999916;26,1609859155027;62,0994693753081
"Central_Sudanic";"r0";0,983232349396501;26,7447065868383;26,4899947852851;26,7410660456826;65,7175752031148
"Central_Sudanic";"r0";0,984144789328081;26,6803491844293;26,7088955289769;26,68075719121;61,2719212244421
"Central_Sudanic";"r0";0,985587012788258;27,1385005574636;26,9921102675217;27,1364082324434;63,1410798562759
"Central_Sudanic";"r0";0,981357535612744;26,3500657099615;26,6863932451864;26,3548727672958;60,3780748651984
"Central_Sudanic";"r0";0,982746110664272;26,8349394661302;26,8865063171981;26,8356765000738;61,4206533295259
"Central_Sudanic";"r0";0,978511042854523;26,2990171902042;26,4047330820009;26,3005281647745;64,107068408328
"Central_Sudanic";"r0";0,97756626609953;26,3313416091019;26,3983494313691;26,3322993375355;64,2295340193746
"Central_Sudanic";"r0";0,981484298094086;27,0267263685756;27,0642908048902;27,027263269008;61,5743666633589
"Central_Sudanic";"r0";0,984252776835785;26,579893648502;26,4696628900809;26,5783181439113;64,4855211107493
"Central_Sudanic";"r0";0,980541368526467;26,5508273277716;26,4438865230307;26,5492988457833;62,8111014921322
"Central_Sudanic";"r0";0,980745684336172;26,9391277300385;26,9363006835543;26,9390873236694;61,8641520255711
"Central_Sudanic";"r0";0,98312236123396;27,2542520354962;26,9161367688384;27,2494194264999;60,5636658308579
"Central_Sudanic";"r0";0,98325504153676;27,318243954833;27,4376303785538;27,3199503193844;58,178572355426
"Central_Sudanic";"r0";0,980203183690732;26,529741853011;26,5810434322462;26,5304750954811;62,5513589818129
"Central_Sudanic";"r0";0,985276751414504;28,0547161220063;27,9115825395007;28,0526703444071;57,2751490521148
"Central_Sudanic";"r0";0,985267916319026;27,3805094535118;26,9654335493072;27,3745768626275;62,7288108783008
"Central_Sudanic";"r0";0,986514913037637;27,2503071280612;27,1656887557423;27,2490976958124;61,4255919122845
"Central_Sudanic";"r0";0,983244423883586;27,0474506627291;27,0451456048622;27,0474177170313;60,8278618651582
"Central_Sudanic";"r0";0,982807260274193;27,5087808779981;27,2620005889792;27,5052537002501;58,9775592809219
"Central_Sudanic";"r0";0,979732961196674;26,546869965833;26,4383615980559;26,5453190790024;65,9135288142134
"Central_Sudanic";"r0";0,983209662221352;27,3172849580482;27,0559609494525;27,3135499100353;62,4284219627856
"Central_Sudanic";"r0";0,98523006063025;27,9962737030718;27,6061544961651;27,9906978129099;60,4703809530498
"Central_Sudanic";"r0";0,98289196861824;27,0235703973385;26,9015743914086;27,0218267345883;63,2630203212889
"Central_Sudanic";"r0";0,98669378872249;27,8245867844763;27,9439635825698;27,8262930114507;58,8819476426919
"Central_Sudanic";"r0";0,980834399706057;26,7466768893233;26,6807094347471;26,745734030642;64,0788173902765
"Central_Sudanic";"r0";0,987658475940126;27,9790998482543;27,9171494080006;27,9782144038973;59,5473574835481
"Central_Sudanic";"r0";0,980443187099983;26,4719728830582;26,2271756312626;26,4684740484359;65,6913001335535
"Central_Sudanic";"r0";0,984796646585844;27,0943543236557;27,7936823984157;27,1043496698548;57,8099947904416
"Central_Sudanic";"r0";0,98495806689767;27,2978348728459;27,1271910995237;27,2953958979889;61,7930021592641
"Central_Sudanic";"r0";0,985605235400018;27,6000669554119;27,3706109019336;27,5967873892472;60,0402687830015
"Central_Sudanic";"r0";0,982879154755714;26,2389590824717;26,1266018366731;26,2373531844529;63,6767243138372
"Central_Sudanic";"r0";0,981095338209047;27,0112055660672;26,5916035579769;27,0052082845507;63,0404103505551
"Central_Sudanic";"r0";0,982793284720665;26,9848842179518;26,7583881371653;26,9816469580421;61,6039244455755
"Central_Sudanic";"r0";0,98447870249986;27,4748348827189;27,6072184974504;27,4767270133341;57,157532096023
"Central_Sudanic";"r0";0,984309059931321;27,1039927508448;27,4605581632034;27,1090890638169;58,8852601529345
"Central_Sudanic";"r0";0,980696616292867;26,6222539064796;26,5385901541278;26,6210581184093;63,2991451836308
"Central_Sudanic";"r0";0,979409243138266;26,4686640610939;27,1902866289241;26,4789780577013;60,5591933466743
"Central_Sudanic";"r0";0,98411368697032;27,5923775448287;27,2883234876448;27,5880317653949;61,1388420815124
"Central_Sudanic";"r0";0,984985369364115;27,2674370524474;26,8531555214613;27,2615158153692;60,9233236573865
"Central_Sudanic";"r0";0,979359860012513;26,8663048882432;26,8635226161775;26,8662651218253;61,2211639279966
"Central_Sudanic";"r0";0,985391701540079;27,9427102793495;27,5109785189393;27,9365396298844;59,3087104391075
"Central_Sudanic";"r0";0,984575209204967;27,4632691776939;27,0935254206714;27,4579845094677;60,0329264956029
"Central_Sudanic";"r0";0,984972460747363;26,5208867008817;26,7216772266202;26,5237565568058;61,6265779523719
"Central_Sudanic";"r0";0,983083382891157;27,5644769656445;27,3012428585857;27,5607146170038;61,0601294423458
"Central_Sudanic";"r0";0,98231616587934;27,246999211879;26,7752857155391;27,2402571120365;60,0936155767237
"Central_Sudanic";"r0";0,985940411141004;27,1101914705581;27,3527342989778;27,1136580831905;59,2906361832852
"Central_Sudanic";"r0";0,985050390415592;27,2715395659655;27,5786075462376;27,2759284227557;58,9323802485942
"Central_Sudanic";"r0";0,981879640877192;27,1947226780571;26,7109284315613;27,1878079106433;61,5180207179467
"Central_Sudanic";"r0";0,987372741029086;27,5652889992856;26,8921111357049;27,5556674124469;61,3860477186103
"Central_Sudanic";"r0";0,9827217617401;26,7799951776162;27,0254140377964;26,7835028967537;60,8031748458067
"Central_Sudanic";"r0";0,981255971994756;26,6209287472862;26,7835235092281;26,6232526793496;61,8074325176522
"Central_Sudanic";"r0";0,979377804103618;26,5738058870944;26,692726306241;26,5755055911424;61,1012765530037
"Central_Sudanic";"r0";0,985184608192562;27,7017629599075;27,4880865684789;27,6987089290685;60,1138401398834
"Central_Sudanic";"r0";0,986351345046495;27,2865098794105;27,0779004908545;27,2835282701569;60,7227012097709
"Central_Sudanic";"r0";0,982821737419213;27,0611730349035;27,0635913916955;27,0612075999585;59,9405919934799
"Central_Sudanic";"r0";0,980170988053469;26,8586378957668;26,7997615228604;26,8577963883951;61,045294746272
"Central_Sudanic";"r0";0,980885030217684;27,0868417670251;26,7802906226968;27,0824602972602;63,5126280412864
"Central_Sudanic";"r0";0,97815519299674;25,7009992497407;26,1306666774821;25,7071403941417;65,2952860521407
"Central_Sudanic";"r0";0,98559915776683;27,1410326712881;27,0127079381876;27,1391985533977;60,4275397612717
"Central_Sudanic";"r0";0,982039936722933;26,9335841172198;26,8259195286878;26,932045290345;59,8566758260517
"Central_Sudanic";"r0";0,983667333890641;27,2285839827112;27,2404805748254;27,228754018151;59,3084786314664
"Central_Sudanic";"r0";0,985375172003324;26,9208033055249;26,9055276838079;26,9205849743396;61,7101814832326
"Central_Sudanic";"r0";0,982075008060843;26,9920206485708;27,1203407613307;26,9938547004237;60,8454681704609
"Central_Sudanic";"r0";0,98551758215823;27,4455339644279;27,1284867202605;27,441002476159;61,1371783640543
"Central_Sudanic";"r0";0,986401441005818;27,2909860280396;27,1330996859903;27,288729392412;62,9628694023494
"Central_Sudanic";"r0";0,981178269652963;26,1985342543688;26,8454590224513;26,2077806113436;63,1523618024072
"Central_Sudanic";"r0";0,977376476969011;26,2956918377168;26,2838354485277;26,2955223768888;62,619551461991
"Central_Sudanic";"r0";0,981126096857084;26,2664742513779;26,4409393308708;26,2689678433444;64,8411036299545
"Central_Sudanic";"r0";0,982968511031261;27,0098160963455;26,8427449867756;27,0074281848054;61,028572465878
"Central_Sudanic";"r0";0,981437784885766;26,6154039294457;26,452311983881;26,6130728912434;64,9330297087928
"Central_Sudanic";"r0";0,984531153097972;27,3488645976249;27,2971755925256;27,3481258177599;60,4255081383877
"Central_Sudanic";"r0";0,982533729097051;27,5396700851788;27,3177833823317;27,5364987061195;59,6070839229367
"Central_Sudanic";"r0";0,985548834947256;27,305560288267;27,0182394174725;27,3014536726777;62,7137052204903
"Central_Sudanic";"r0";0,977092047888163;26,5446648393419;26,6132726655701;26,545645436289;60,9037507491634
"Central_Sudanic";"r0";0,981892960553659;27,2596230968273;26,8802579680698;27,2542009123982;61,4300492331023
"Central_Sudanic";"r0";0,982742665056499;26,468186713934;26,8089186237146;26,4730567220493;60,6954551878654
"Central_Sudanic";"r0";0,982748375397038;26,9695851056092;26,5074734125204;26,9629802422814;63,5485704776887
"Central_Sudanic";"r0";0,982082061974943;27,3196413501479;26,7265832378612;27,3111648977325;60,4953086408941
"Central_Sudanic";"r0";0,984196275206533;27,0963171534385;27,1718626487949;27,0973969090026;60,3212198090283
"Central_Sudanic";"r0";0,983412650476086;27,5140117695513;27,4628637813042;27,5132807223241;58,0602708595895
"Central_Sudanic";"r0";0,983819101703242;27,4256615583274;27,2882672762467;27,4236978113184;60,8537610355821
"Central_Sudanic";"r0";0,984107153296773;26,8530707326138;27,0015537504296;26,8551929685447;60,0154615057962
"Central_Sudanic";"r0";0,983743026213656;26,7358204116725;26,6101064286768;26,7340236086734;63,6188037550573
"Central_Sudanic";"r0";0,983983661881736;27,2346617805158;26,9835796775174;27,2310731178631;61,7089419041572
"Central_Sudanic";"r0";0,986447162835851;27,2809110138845;27,4128520838864;27,2827968193028;61,0481418986404
"Central_Sudanic";"r0";0,985193359271115;27,3566760623443;27,178715240366;27,3541325064801;59,9924808073333
"Central_Sudanic";"r0";0,982942461473253;26,7584065409061;26,9566269820627;26,7612396631624;61,4952357838891
"Central_Sudanic";"r0";0,985003492712139;27,4344605519673;27,2395385457757;27,4316745735345;60,9376016160506
"Central_Sudanic";"r0";0,978586332002539;26,7181037669394;26,5715747142478;26,7160094586129;63,3702773654365
"Central_Sudanic";"r0";0,983318833240481;27,0504223073114;26,6501734599236;27,0447016363705;62,2130045893623
"Central_Sudanic";"r0";0,984750345623748;27,424316471928;27,0898790306744;27,4195364293015;60,2402453286845
"Central_Sudanic";"r0";0,986637160329962;27,1141594754362;26,8899198233333;27,1109544661777;61,7270409921517
"Central_Sudanic";"r0";0,977348916591648;26,7643672663759;26,7579483774959;26,7642755225737;61,8310328873714
"Central_Sudanic";"r0";0,988186197464514;27,3797368213915;27,172084286908;27,3767688882479;63,2663100856818
"Central_Sudanic";"r0";0,979912307893338;26,9037311247468;26,8205815677402;26,9025426859602;61,7560350099962
"Central_Sudanic";"r0";0,984497849775563;26,1944417044536;26,3375071350998;26,1964865079729;64,5920850587153
"Central_Sudanic";"r0";0,987206028777989;27,7038768288533;27,568436051862;27,7019410028735;60,3099295609475
"Central_Sudanic";"r0";0,985637419036313;26,7298209640184;26,6934438815923;26,7293010341805;61,1884524957775
"Central_Sudanic";"r0";0,984928333517182;26,9306412312187;26,9151211462974;26,9304194059733;60,5208129441487
"Central_Sudanic";"r0";0,985617598635113;28,0355162591055;27,3592659505616;28,0258507584698;61,259118847565
"Central_Sudanic";"r0";0,980882029238678;27,0339214485847;27,071290573895;27,0344555574788;61,2816510316892
"Central_Sudanic";"r0";0,979117700805644;26,1896218115225;26,310106672502;26,1913438758021;62,9465011753829
"Central_Sudanic";"r0";0,981213891817802;27,2688167850116;27,0850120380693;27,2661897031812;60,2546744912258
"Central_Sudanic";"r0";0,983465100174431;26,4224463036528;26,3204771139757;26,4209888798924;60,9977730345652
"Central_Sudanic";"r0";0,985792997250921;27,4527451220691;27,1985612252865;27,449112126143;60,9527236344224
"Central_Sudanic";"r0";0,982035932145144;26,5225879860868;26,7490152076629;26,5258242618067;62,5995006873245
"Central_Sudanic";"r0";0,986393986423245;26,8143460574884;27,4906762053021;26,8240126992496;61,1890406532038
"Central_Sudanic";"r0";0,984250804919224;27,193297882834;26,7467343742595;27,1869152463731;63,2963556468408
"Central_Sudanic";"r0";0,984493484707585;27,3773804292918;27,2509782951688;27,3755737906962;60,7122108605782
"Central_Sudanic";"r0";0,986735569809944;27,5484031831719;27,6441974769698;27,5497723504697;57,4576495554165
"Central_Sudanic";"r0";0,97773506002058;26,719341744607;26,4059406916924;26,7148623705676;61,8416041402561
"Central_Sudanic";"r0";0,981328265287815;27,0777923246381;27,6516647580144;27,0859945602593;57,8673569191714
"Central_Sudanic";"r0";0,983619302862628;27,3707122880119;27,052076071379;27,3661580889003;60,621188381121
"Central_Sudanic";"r0";0,983566564735015;27,1050527423323;26,6778072068363;27,0989462135178;61,8585389401889
"Central_Sudanic";"r0";0,981105008091749;25,992193018902;26,5237255779992;25,99979009978;66,1866533049974
"Central_Sudanic";"r0";0,982689377717345;26,4014654467231;26,983599532733;26,4097857643737;61,0134218919128
"Central_Sudanic";"r0";0,985731709247537;27,5059532527676;27,0568832486288;27,4995347915032;61,7164682961128
"Central_Sudanic";"r0";0,985485187497433;27,4840514419009;27,394440622237;27,4827706536728;60,123194200879
"Central_Sudanic";"r0";0,982196459888;26,9275935009411;26,6112765949782;26,9230724512395;62,9952669304123
"Central_Sudanic";"r0";0,981604709445966;27,2558579871366;26,8265810483229;27,2497224239102;61,5541343945956
"Central_Sudanic";"r0";0,980845540803001;26,6694639481972;26,5875016830554;26,6682924791187;60,9846852903001
"Central_Sudanic";"r0";0,986482358891374;27,1927430913056;27,2155328589367;27,193068820567;60,1952717380552
"Central_Sudanic";"r0";0,982267946220059;27,2178808086786;27,5870901638671;27,223157838814;58,9847913271876
"Central_Sudanic";"r0";0,98176062123064;26,5513479260262;26,475647872552;26,5502659613961;62,0797144701897
"Central_Sudanic";"r0";0,983470929055208;25,872144057757;26,540858458747;25,8817018492821;64,9247256521672
"Central_Sudanic";"r0";0,986098476789739;27,6147034881578;27,399879715416;27,6116330580437;60,0830735727549
"Central_Sudanic";"r0";0,980711241928745;26,5099939919474;26,7712590623607;26,5137281975696;59,629139467112
"Central_Sudanic";"r0";0,983897491896486;26,5842128703845;26,5875196989217;26,5842601341756;62,6359081508699
"Central_Sudanic";"r0";0,986150592893754;27,7138139376856;27,5152730767416;27,710976235738;59,8976744454053
"Central_Sudanic";"r0";0,983552581161584;27,3887464093666;27,2050385248456;27,38612071197;60,2080244131234
"Central_Sudanic";"r0";0,985473000004166;27,4152047570226;27,095759397565;27,4106389930061;61,1034606959218
"Central_Sudanic";"r0";0,984943503086665;26,9038676713964;26,6927603678465;26,9008503599795;61,7082573353228
"Central_Sudanic";"r0";0,982806312494734;27,099612615117;26,8429157789032;27,0959437022866;61,9160445088681
"Central_Sudanic";"r0";0,981244584601382;26,1193684470629;26,6939959964954;26,1275814753959;60,5918925303424
"Central_Sudanic";"r0";0,984803237588241;26,9951492198997;26,7132548678647;26,9911201643793;61,6211672474202
"Central_Sudanic";"r0";0,981927716237139;26,2407226401954;26,6562901162193;26,2466622570102;62,3610408014621
"Central_Sudanic";"r0";0,979644182551367;26,0076490579912;26,1085186174495;26,0090907649726;63,7463231300893
"Central_Sudanic";"r0";0,98372601971969;26,6244909617893;26,6071243454507;26,6242427444663;62,2217113802125
"Central_Sudanic";"r0";0,987254620995182;27,3512504276424;27,1898632312644;27,3489437550546;61,1627906597141
"Central_Sudanic";"r0";0,979873131076052;26,593361948801;26,3649828807345;26,5900977757579;63,3868298066066
"Central_Sudanic";"r0";0,981618207767158;26,5778610734985;26,8068674062453;26,5811342119012;61,2006807284466
"Central_Sudanic";"r0";0,984515358345807;27,1405929140848;27,1614524964667;27,1408910556224;58,768234318767
"Central_Sudanic";"r0";0,988006779905392;27,7268538030574;28,0245105261134;27,7311081467665;58,6909795080041
"Central_Sudanic";"r0";0,980143177084225;26,7066306781328;26,4029589861776;26,7022903637632;62,5821452001989
"Central_Sudanic";"r0";0,981573503761859;26,3345897436664;26,6222561785924;26,3387012983297;64,7846776418892
"Central_Sudanic";"r0";0,982586710758426;27,2620766340558;27,1018799653607;27,2597869774249;60,5063163372897
"Central_Sudanic";"r0";0,987776893206598;28,048355493745;27,762371067814;28,0442679796756;59,2123856599946
"Central_Sudanic";"r0";0,981449966417564;26,7026253097435;27,0448481960785;26,7075166280669;57,8320975154262
"Central_Sudanic";"r0";0,988269962198428;28,945579978158;28,3322332585469;28,936813545029;56,2160370697459
"Central_Sudanic";"r0";0,985922996779742;27,7149373339192;27,6101992971352;27,7134403356209;59,3508090904619
"Central_Sudanic";"r0";0,983927747114515;26,6529144036833;26,7470324489785;26,6542596127208;59,9932185502477
"Central_Sudanic";"r0";0,983412697888722;26,8180561409172;26,7242668291219;26,8167156303972;61,7497673713631
"Central_Sudanic";"r0";0,981795034570024;26,1937243250406;26,2329045657459;26,1942843198187;64,0148035028049
"Central_Sudanic";"r0";0,982030456359706;26,9647153946633;26,7810525810993;26,9620903414562;63,9072677231113
"Central_Sudanic";"r0";0,982452661529916;27,9151384990629;27,6530277363278;27,9113922061418;58,900314202955
"Central_Sudanic";"r0";0,981615545396237;26,6306631873765;26,5131054699234;26,6289829601316;63,2286050168178
"Central_Sudanic";"r0";0,974614911355086;26,0859081774279;26,3116626602499;26,089134837837;62,8026750693716
"Central_Sudanic";"r0";0,983617153973171;27,0918351172259;26,8747757311779;27,0887327339703;61,9286085913952
"Central_Sudanic";"r0";0,979864523794131;26,7971724291164;26,554726157649;26,7937071965518;63,2123839782478
"Central_Sudanic";"r0";0,982444880569028;26,7446857538503;27,1252366449604;26,7501248861264;61,0597842295745
"Central_Sudanic";"r0";0,983249264706548;26,8260768412987;26,7053636683505;26,8243515138052;61,6276989846246
"Central_Sudanic";"r0";0,987476463677359;28,4131220922697;28,1676573976928;28,4096137180309;58,890272702714
"Central_Sudanic";"r0";0,978440810742006;26,8383769091509;26,4457633057632;26,8327653671151;61,496551662404
"Central_Sudanic";"r0";0,979565777183277;26,5967794646158;26,3304180574789;26,5929724181457;63,9078806617067
"Central_Sudanic";"r0";0,984948750417089;27,5903673879319;27,4199426557558;27,5879315437831;58,6696963910794
"Central_Sudanic";"r0";0,978503018496889;26,5407765432874;26,7518564772236;26,5437934635163;59,6271070149592
"Central_Sudanic";"r0";0,983569869276551;27,3298042251655;27,3398336221513;27,3299475731857;59,9993609695594
"Central_Sudanic";"r0";0,985132029873497;26,8060298457009;26,6923020116041;26,8044043581575;62,910280865238
"Central_Sudanic";"r0";0,985752775053881;26,7948010916123;26,9763396808448;26,7973957837366;62,6782917514099
"Central_Sudanic";"r0";0,98337402786178;26,6683792741479;26,8261713808293;26,6706345628896;64,4413381781904
"Central_Sudanic";"r0";0,982274811245267;26,4339533592876;26,879992522928;26,4403285013988;62,2191173000617
"Central_Sudanic";"r0";0,98371537266776;25,9521966257262;26,5508341017315;25,9607528227908;63,0015257702144
"Central_Sudanic";"r0";0,983430750241496;27,1513785142873;26,9487501877711;27,1484823910708;60,2495605013024
"Central_Sudanic";"r0";0,983639926909663;27,344224049547;27,1917912036238;27,34204535957;60,8698636396708
"Central_Sudanic";"r0";0,980778843822418;27,3935737749999;26,9235140432587;27,3868553120602;61,9785804562723
"Central_Sudanic";"r0";0,985939707083399;27,144353041974;26,988935451114;27,1421316916777;63,3282218509768
"Central_Sudanic";"r0";0,985763385325511;28,1379971237796;28,0291377904538;28,1364412206736;58,9753041078481
"Central_Sudanic";"r0";0,983003147394504;26,7287897311122;27,044632446848;26,7333040033146;59,4392227215425
"Central_Sudanic";"r0";0,979329609335221;26,6748368210926;26,8611095528515;26,6774991773007;62,1639759058163
"Central_Sudanic";"r0";0,984568135272872;27,3558341378943;26,9574489030032;27,3501401031671;60,5116208595851
"Central_Sudanic";"r0";0,97825384402633;26,6229588313889;26,6391155963457;26,6231897565656;62,4853211016475
"Central_Sudanic";"r0";0,981573398399787;27,2019995048995;26,8337562181001;27,1967362825724;61,8393472619533
"Central_Sudanic";"r0";0,982950366015728;26,6278061242282;26,3406698985036;26,6237021477313;64,953065038816
"Central_Sudanic";"r0";0,985974384341803;27,4584504169904;27,2104367190019;27,4549056103925;62,1088271587733
"Central_Sudanic";"r0";0,985972318059607;27,7984099086039;28,1933402568542;27,8040545633772;58,0658097717658
"Central_Sudanic";"r0";0,982007983488875;26,8382673095183;26,3968211672819;26,8319578144771;62,3370640360225
"Central_Sudanic";"r0";0,983979237380364;27,5103721106797;27,0429065746571;27,503690726023;60,7148085905639
"Central_Sudanic";"r0";0,982118157371449;27,1496896835859;26,7176819352896;27,1435150894851;63,0338164856083
"Central_Sudanic";"r0";0,985781186231269;27,3573486055439;26,913932447666;27,3510109534916;61,9476209127057
"Central_Sudanic";"r0";0,982314077613187;26,5014875659217;26,3660291288646;26,4995514875304;64,5656417625132
"Central_Sudanic";"r0";0,984003986968056;26,9110713563353;27,0894964574716;26,9136215480419;62,2757465379213
"Central_Sudanic";"r0";0,98338402048884;27,090827887545;27,0504933544363;27,0902513947131;60,857122593194
"Central_Sudanic";"r0";0,981168737699583;27,1538245788136;26,7529953233204;27,1480956122241;61,1466879042715
"Central_Sudanic";"r0";0,985032028831577;27,1005491937951;26,6340106768484;27,0938810588232;63,4396141829863
"Central_Sudanic";"r0";0,983009511307641;27,7825802344037;27,1074583669704;27,7729308623349;60,7633520547492
"Central_Sudanic";"r0";0,977312888104579;26,0830062780662;25,9192402801536;26,0806656057783;65,4604276749239
"Central_Sudanic";"r0";0,98595782847206;26,9413333094207;26,7213618619696;26,9381893046959;61,425749351108
"Central_Sudanic";"r0";0,986688626120227;27,2803125183704;27,0952070243263;27,2776668452406;59,9475291062271
"Central_Sudanic";"r0";0,985645007427912;27,2787357782022;27,3485337406813;27,2797333855115;60,5871278975773
"Central_Sudanic";"r0";0,983257628668912;27,3621435894677;26,8092660144058;27,3542414288539;62,794256682846
"Central_Sudanic";"r0";0,979127924551426;26,0990152971196;26,5792119905485;26,1058786454789;60,1592780553017
"Central_Sudanic";"r0";0,985626525714697;27,0006018016187;27,2537723372164;27,0042203137906;59,3348262580022
"Central_Sudanic";"r0";0,983710298498949;27,169058927737;27,0610775935109;27,1675155736839;61,9805456328939
"Central_Sudanic";"r0";0,982387232657645;27,0050174892934;27,1392330550189;27,0069358035913;60,4859989623075
"Central_Sudanic";"r0";0,985341116607759;28,2136120388584;27,777089063335;28,2073729095832;58,2096554198626
"Central_Sudanic";"r0";0,984385897843287;27,123727025177;27,0929386936973;27,1232869741579;60,0617623991655
"Central_Sudanic";"r0";0,982279934745932;26,7100411741363;26,8629318660785;26,7122264080083;62,9209905768801
"Central_Sudanic";"r0";0,982468022985619;26,9954805096981;27,1738468879574;26,9980298620912;61,5685197458431
"Central_Sudanic";"r0";0,987390841897107;27,7402673035402;27,5474528066643;27,7375114472861;60,4874946617938
"Central_Sudanic";"r0";0,983840032278051;27,4053598115176;27,1262185431727;27,401370105232;60,0057097182539
"Central_Sudanic";"r0";0,978692886498224;26,6184353556458;26,4745028840201;26,6163781596957;62,5325716705978
"Central_Sudanic";"r0";0,984714203222252;26,772133894882;26,7617477218796;26,7719854475386;63,9281634170779
"Central_Sudanic";"r0";0,983690498857121;27,6679390187645;27,3177815198624;27,6629342927252;61,910267523962
"Central_Sudanic";"r0";0,983606385563505;26,5934267122203;26,7252194927085;26,5953103981683;62,8740811464919
"Central_Sudanic";"r0";0,983842278860805;27,784252081691;27,4262532761929;27,7791352815382;61,0713216465698
"Central_Sudanic";"r0";0,9834098796551;26,7881254776302;26,7895344845904;26,7881456162645;61,9933943580624
"Central_Sudanic";"r0";0,98389480296657;27,0341392891766;26,7624446925282;27,0302560165726;60,3988793597698
"Central_Sudanic";"r0";0,98723574895393;28,0176664644055;27,5792230567833;28,0113998868062;57,9448219868698
"Central_Sudanic";"r0";0,979541824353799;26,5757413169691;26,3969434857522;26,5731857979114;64,381991735911
"Central_Sudanic";"r0";0,98171257795958;26,7203181776969;26,6648540354395;26,7195254406061;58,9275898298794
"Central_Sudanic";"r0";0,98300077823863;28,1881099706409;27,6399396455986;28,1802750897422;59,2902848502866
"Central_Sudanic";"r0";0,986459872127873;27,6634184868131;27,0975193123718;27,655330211272;61,9288702946843
"Central_Sudanic";"r0";0,98436344124661;26,8219842913836;26,4393066244497;26,8165147615567;64,1475887580286
"Central_Sudanic";"r0";0,985198248157504;26,678745044353;26,6994975609596;26,6790416556224;61,3943875557849
"Central_Sudanic";"r0";0,983170229075266;26,7662777872432;26,7305295123665;26,7657668448167;63,2229594164209
"Central_Sudanic";"r0";0,982442254981998;27,2358100857567;26,9375717783918;27,2315474295879;62,0238789794309
"Central_Sudanic";"r0";0,983548926503653;26,1417442084067;26,3094405215535;26,1441410558474;64,2854063345983
"Central_Sudanic";"r0";0,984029560855088;26,9485569215655;27,0025513447139;26,9493286522763;61,0858199496033
"Central_Sudanic";"r0";0,980693173683758;26,9729503125084;26,850764570332;26,9712039378987;61,3823174290739
"Central_Sudanic";"r0";0,982850679736139;27,0493935653059;27,0454098169699;27,0493366264453;60,5209019428239
"Central_Sudanic";"r0";0,983329626471218;27,3746778019893;27,0025240867436;27,3693586887471;62,2889481413952
"Central_Sudanic";"r0";0,982562993195839;26,6905580278878;26,5080428360391;26,6879493773917;64,0022252945386
"Central_Sudanic";"r0";0,986055729470235;27,3300881878498;27,7705599819213;27,3363837567417;58,5009333207734
"Central_Sudanic";"r0";0,983190348347585;27,2561494225232;27,1459870622109;27,2545748955319;62,6444392944024
"Central_Sudanic";"r0";0,985223758252553;26,8546026365686;26,9395480216543;26,8558167427408;59,6732998094411
"Central_Sudanic";"r0";0,983398470690431;26,5512333445922;26,6888465302934;26,5532002203438;62,3978958560307
"Central_Sudanic";"r0";0,982510064637064;26,8201933337518;26,8223787686628;26,8202245697043;61,1435424538363
"Central_Sudanic";"r0";0,982727278963343;26,8705568558057;26,9579835717705;26,871806427108;61,549897020759
"Central_Sudanic";"r0";0,986755256896632;27,9367570265819;27,7190992169882;27,9336460901869;60,1872732970659
"Central_Sudanic";"r0";0,981843360598965;27,0754458961414;27,1334313774774;27,0762746701909;60,9866009247835
"Central_Sudanic";"r0";0,984290945796063;28,0775800998951;27,6380408895106;28,0712978602219;60,2735662544937
"Central_Sudanic";"r0";0,982678736255712;26,9312909034207;26,8502596862091;26,9301327416105;62,1434791673595
"Central_Sudanic";"r0";0,982014122914961;26,6714691232926;26,4436076447547;26,6682123480456;62,4649820023007
"Central_Sudanic";"r0";0,981950557832261;26,4054191855334;26,7470307638876;26,410301766563;60,5787025013053
"Central_Sudanic";"r0";0,977599998900936;25,7790914788278;26,5330970443013;25,7898683186759;59,3254060308796
"Central_Sudanic";"r0";0,97930564476443;25,8996635291281;26,2123447739875;25,9041326151052;64,0140051529755
"Central_Sudanic";"r0";0,984736649652806;27,6249186720909;27,6503157705533;27,6252816673727;59,0310270974066
"Central_Sudanic";"r0";0,98528032696192;27,4609451673038;27,3003446100197;27,45864973798;60,3381993435495
"Central_Sudanic";"r0";0,986608849028232;27,8633209703136;27,7010562339202;27,8610017552346;58,1342414422766
"Central_Sudanic";"r0";0,985680318350101;27,6718895873375;27,8097880218322;27,6738605400889;57,8584925307147
"Central_Sudanic";"r0";0,983589150189137;27,8711942546605;27,369199634886;27,8640193532146;60,7111042930615
"Central_Sudanic";"r0";0,983840559403276;27,6399936033669;27,2535092897289;27,634469665955;60,4051877138851
"Central_Sudanic";"r0";0,983594027860149;26,9927753914949;26,7047832983907;26,9886591822691;62,396710886616
"Central_Sudanic";"r0";0,980420260843017;26,6201056178145;26,4217167377118;26,6172700880964;63,5804395441692
"Central_Sudanic";"r0";0,983866742323995;27,2200725748839;26,9694751071489;27,2164908390192;62,0745570274299
"Central_Sudanic";"r0";0,978530195950986;26,7666962585675;26,3141109760945;26,7602275541836;62,7576207230981
"Central_Sudanic";"r0";0,982423397895343;26,0425914135662;26,1777557851657;26,044523288943;64,8243250760178
"Central_Sudanic";"r0";0,9795643371198;26,895817080206;26,9401605632319;26,8964508720993;60,1642242813946
"Central_Sudanic";"r0";0,982444181618625;27,2542726420386;26,8726951733379;27,2488188371092;60,8719258879818
"Central_Sudanic";"r0";0,98471628715863;27,3839240255347;26,9955625601619;27,3783732583957;63,1075408510248
"Central_Sudanic";"r0";0,983704455585691;26,4533185274193;26,6504211628408;26,456135673118;63,5268827085358
"Central_Sudanic";"r0";0,982954396532594;27,599558811661;27,5105720771886;27,5982869433487;60,0975253296692
"Central_Sudanic";"r0";0,982650061588286;26,5771128974945;26,5102100814877;26,5761566698929;62,7196815490431
"Central_Sudanic";"r0";0,975420878699332;26,1062787636763;26,0280575297439;26,1051607643545;66,7405854557473
"Central_Sudanic";"r0";0,98447216717491;27,043998274304;26,8722543464951;27,0415435751749;64,5608410500977
"Central_Sudanic";"r0";0,979459972889526;26,76118140433;26,4952348842661;26,7573802877519;64,4433159218797
"Central_Sudanic";"r0";0,983158662827353;27,0657363650584;27,2185753565197;27,0679208599865;61,3305051535567
"Central_Sudanic";"r0";0,985996169640148;27,5970405110133;27,1229557995047;27,5902645199009;61,4480699977128
"Central_Sudanic";"r0";0,984533380196065;27,1026490231185;27,1958667487189;27,1039813640797;60,5272060008773
"Central_Sudanic";"r0";0,98236739478255;26,5628932509543;26,4619960407055;26,561451148766;64,3477794830571
"Central_Sudanic";"r0";0,986235395591194;27,865300557065;27,5772306763671;27,8611832360379;59,3288778331427
"Central_Sudanic";"r0";0,980418519709045;26,7730356009497;26,8699868914041;26,7744213049526;61,8510309295245
"Central_Sudanic";"r0";0,98270007797534;27,0757547678331;26,8821262737227;27,0729872772911;63,0823952446588
"Central_Sudanic";"r0";0,984338589165155;27,1052420507885;26,9545982927186;27,1030889318605;61,0732429884929
"Central_Sudanic";"r0";0,97908333119138;26,7824312785395;26,3912892310296;26,7768407691363;61,8910930856742
"Central_Sudanic";"r0";0,983405374521436;27,2775650548546;26,8137352091484;27,2709356343399;61,3199232041922
"Central_Sudanic";"r0";0,983728890293861;26,9433559208212;27,0396323633683;26,9447319793677;61,4971363045829
"Central_Sudanic";"r0";0,985895559298832;26,8444073798414;26,624757952514;26,8412679776813;61,4559908353086
"Central_Sudanic";"r0";0,981905286184933;26,3211114797644;26,6782019390119;26,3262152971191;60,8124997322108
"Central_Sudanic";"r0";0,985165669127389;27,1554010925362;27,2475990798985;27,1567188585974;60,4753608753848
"Central_Sudanic";"r0";0,98098508830701;26,8035070161428;26,9985790200884;26,8062951384612;60,8668942587656
"Central_Sudanic";"r0";0,985368998999729;26,8669151589244;27,0554480388261;26,8696098189453;60,2990388422132
"Central_Sudanic";"r0";0,985673485296213;27,2787482327059;27,1673001763718;27,2771553295372;61,6545436801842
"Central_Sudanic";"r0";0,985729963458744;27,089673921166;26,7696380156124;27,0850997166008;62,4772800591569
"Central_Sudanic";"r0";0,984923182593096;27,3569115656869;27,5986788707402;27,3603670939302;57,7914918050447
"Central_Sudanic";"r0";0,979110983116058;26,6087208427614;26,7172110431423;26,6102714699293;60,7599200999145
"Central_Sudanic";"r0";0,978855991441775;26,3029378679683;26,2904461428104;26,3027593264195;62,0217311496998
"Central_Sudanic";"r0";0,985534915797188;27,1722995895992;26,9396911212273;27,1689749666445;62,8377764771157
"Central_Sudanic";"r0";0,988061987073214;27,4085343512875;27,3079608091718;27,4070968752184;61,4976496098938
"Central_Sudanic";"r0";0,984810656262724;27,5737231891899;27,4720484420958;27,5722699738342;60,7285811115163
"Central_Sudanic";"r0";0,979499146142079;26,354499513278;26,4408716393671;26,3557340115534;63,6267599161345
"Central_Sudanic";"r0";0,982542819652521;27,3928040866714;27,0619837946294;27,3880757431829;62,6827346019419
"Central_Sudanic";"r0";0,978172579956022;26,7552630241727;26,3094407943073;26,7488909826494;65,2057284041612
"Central_Sudanic";"r0";0,984615279664671;27,3486155075509;27,4208633532385;27,3496481305155;59,2119330902196
"Central_Sudanic";"r0";0,983180260451376;26,6555595138233;27,0841337919982;26,6616850340719;61,3167857298034
"Central_Sudanic";"r0";0,985061328297733;27,7139011192115;27,374189630968;27,7090456957624;59,5193993119649
"Central_Sudanic";"r0";0,98548884582485;27,6511877112907;27,4180543398836;27,6478555860094;61,690523391783
"Central_Sudanic";"r0";0,980772227964267;26,868204766171;26,8987405062482;26,8686412069554;62,6740985295712
"Central_Sudanic";"r0";0,985636958820796;26,9912708874482;26,8731263959371;26,9895822735675;60,8864937315216
"Central_Sudanic";"r0";0,983786578373453;27,6165456224775;27,4000293924447;27,6134510024343;59,7875506725137
"Central_Sudanic";"r0";0,982458359482753;26,7851538330479;26,5121627363299;26,7812520298464;61,2383059259105
"Central_Sudanic";"r0";0,982738633051209;26,953229851353;26,9438148621694;26,9530952849317;61,1936556414654
"Central_Sudanic";"r0";0,982219921087214;26,8289558696627;26,5431907504389;26,824871490097;63,6168899017504
"Central_Sudanic";"r0";0,983919017405191;27,3257368107032;26,9898382030883;27,3209358839393;63,3936606886309
"Central_Sudanic";"r0";0,980000481716676;26,514350577341;26,6735185245099;26,5166255306757;62,6109157962563
"Central_Sudanic";"r0";0,980564628039272;26,6259977302912;26,5896188411349;26,6254777746301;63,4628939916087
"Central_Sudanic";"r0";0,983706657562096;27,3482445897862;27,2400678991165;27,3466984435454;58,9917799177002
"Central_Sudanic";"r0";0,977707210210253;26,2369015984608;26,0732159673267;26,234562074838;64,8408704411115
"Central_Sudanic";"r0";0,982297266747393;27,1797548555128;26,7779157936635;27,1740114559777;61,4652017887359
"Central_Sudanic";"r0";0,984749121647234;28,1564943262263;27,6675710890409;28,1495062512486;57,6067114692313
"Central_Sudanic";"r0";0,982341410438243;27,0704679442361;26,8268689805075;27,0669862364882;62,1882443709197
"Central_Sudanic";"r0";0,980916459949716;27,0466970520326;26,9224055099223;27,044920579676;63,0895342016756
"Central_Sudanic";"r0";0,982736447110976;26,4497141940491;26,7604534649777;26,4541555238093;62,4949283182133
"Central_Sudanic";"r0";0,983036759423778;27,3453848092917;27,0193187999145;27,3407244177457;60,2413601134851
"Central_Sudanic";"r0";0,983911338745353;27,2802414144766;27,3191099056229;27,280796953485;61,7396970330754
"Central_Sudanic";"r0";0,985489069514553;27,5045728408669;27,3953061778216;27,5030111158846;61,3322849687287
"Central_Sudanic";"r0";0,980692452405916;26,7585036860349;27,1134526774649;26,7635768958493;58,7321308405259
"Central_Sudanic";"r0";0,986973564716099;27,4815125347107;27,2463414883008;27,4781512853777;59,0626112145473
"Central_Sudanic";"r0";0,977927995385791;26,9523231634838;26,8335580187923;26,9506256787403;61,8979938568109
"Central_Sudanic";"r0";0,983758797591918;27,3490887786914;26,9258737998291;27,3430398577586;60,3983086628892
"Central_Sudanic";"r0";0,978918354427778;26,828044652883;26,6066743155655;26,8248806541254;59,988423377076
"Central_Sudanic";"r0";0,98407559969064;27,3699675086908;26,7390401058406;27,3609497986265;65,753071384065
"Central_Sudanic";"r0";0,980203815206571;26,2274361756503;26,4271720393813;26,2302909575166;62,0747296731351
"Central_Sudanic";"r0";0,982714860247534;27,0404238317426;27,0102744233505;27,0399929127141;60,6772702516433
"Central_Sudanic";"r0";0,983780924459273;27,4647338273288;27,0130669280137;27,4582782491985;60,5116647523738
"Central_Sudanic";"r0";0,982759234222808;26,9776286769884;27,0932192426876;26,9792807881551;61,861768966298
"Central_Sudanic";"r0";0,985149386178637;27,3633616399293;27,1268171062476;27,3599807596373;61,0832973564712
"Central_Sudanic";"r0";0,983995536421183;26,8198645348542;26,8456271597571;26,820232754527;60,8907519128569
"Central_Sudanic";"r0";0,984348735619847;27,4212028460035;27,097180949135;27,4165716705193;59,8275954152531
"Central_Sudanic";"r0";0,986632563993274;27,9692358813255;27,674093877408;27,9650174799578;57,5430499313095
"Central_Sudanic";"r0";0,983684672976595;27,1417362375243;27,0210686579389;27,1400115616869;61,1005540424017
"Central_Sudanic";"r0";0,985530906485965;27,4347232287726;27,1981716055483;27,4313422471512;62,0790233371141
"Central_Sudanic";"r0";0,982929821943444;26,8487290926246;26,5528292567369;26,8444998597271;62,1721161454074
"Central_Sudanic";"r0";0,985993146159573;27,7841420291675;27,5249448641415;27,7804373796735;59,3951396439725
"Central_Sudanic";"r0";0,984405629703077;27,0746449583309;27,0070763625159;27,0736792148812;62,9772300284372
"Central_Sudanic";"r0";0,983586115820233;27,1001880131878;26,7858205202789;27,0956948260289;63,6616860034443
"Central_Sudanic";"r0";0,982645113587462;27,0537952133583;26,9762540652275;27,0526869343571;61,4256745872461
"Central_Sudanic";"r0";0,982808349932241;26,3388965110451;26,2735976525033;26,3379632084636;63,8847914893359
"Central_Sudanic";"r0";0,988559650736368;27,8437610590332;27,9613666945156;27,8454419711602;59,3163479797325
"Central_Sudanic";"r0";0,982550828340796;26,8530483145071;27,1491737853291;26,8572807723564;60,8961229537206
"Central_Sudanic";"r0";0,986411680503142;27,5788046266987;27,3533466856677;27,5755822046978;60,4678395639893
"Central_Sudanic";"r0";0,980740301292798;26,5472628488133;26,1081949763183;26,5409873458714;65,428592946733
"Central_Sudanic";"r0";0,984396377463408;27,0874370923018;26,9124162194814;27,0849355565005;61,3836978960924
"Central_Sudanic";"r0";0,983878112843934;26,6979598526582;26,5941965212007;26,6964767856141;64,2913240929225
"Central_Sudanic";"r0";0,982618694767713;26,308527902119;27,1272298264037;26,3202294331492;60,4567712389816
"Central_Sudanic";"r0";0,982399354891016;27,1307314380568;26,6876724660711;27,1243988911858;62,9215578411569
"Central_Sudanic";"r0";0,983813228812047;26,8504403414327;26,914265991281;26,8513525877584;59,8456716932161
"Central_Sudanic";"r0";0,983581286306464;26,9659597128055;26,7867366206659;26,9633981155846;62,8883096898735
"Central_Sudanic";"r0";0,984587182975532;26,9360326726468;26,6282166834918;26,9316331247261;61,6547385563326
"Central_Sudanic";"r0";0,986208413603933;27,3194794415998;27,1308394336997;27,3167832504215;60,9060709451427
"Central_Sudanic";"r0";0,983516781552628;26,6775643574024;26,7849228168601;26,67909880884;61,8110228170665
"Central_Sudanic";"r0";0,979045851499989;26,5782883761981;26,628899580854;26,5790117512925;63,4602251310061
"Central_Sudanic";"r0";0,984190321175461;27,2857800454938;27,2732929333614;27,285601569878;60,340489950936
"Central_Sudanic";"r0";0,981139532014028;26,1400329595986;26,1114064171562;26,1396238065665;62,8715107152603
"Central_Sudanic";"r0";0,982403813709019;26,7624492728064;26,7398423067682;26,762126156289;63,0293851179739
"Central_Sudanic";"r0";0,983613602962201;26,7451001491551;26,6808851368111;26,7441823377548;61,6048345043249
"Central_Sudanic";"r0";0,977682324037124;26,3060988210069;26,6865867541746;26,3115370534386;60,8595600861145
"Central_Sudanic";"r0";0,986218693116622;26,4985109395379;27,072330734968;26,5067124228162;63,2788113836222
"Central_Sudanic";"r0";0,985339131560851;27,2928956431248;27,2190187232591;27,2918397361523;61,4780982016916
"Central_Sudanic";"r0";0,985312317546588;27,2185526725418;27,251919247085;27,2190295738361;60,8643236933782
"Central_Sudanic";"r0";0,981951485070731;26,6640088755775;26,9390855933815;26,6679404881139;60,8627038227837
"Central_Sudanic";"r0";0,986556532409095;27,0131774536708;27,6214726735097;27,0218716867969;59,6728550736238
"Central_Sudanic";"r0";0,979389485967304;26,5758296307226;26,6067931572865;26,5762721857675;61,1788926371023
"Central_Sudanic";"r0";0,984658039949535;27,3249193423696;27,2264289927666;27,3235116409243;62,5547700284274
"Central_Sudanic";"r0";0,986746955749176;28,0442667934037;27,4397967290652;28,0356272324049;61,051225047541
"Central_Sudanic";"r0";0,983601614868972;27,4302971246038;27,0249066297311;27,4245029651981;61,9328873878522
"Central_Sudanic";"r0";0,98677852717487;26,8470950617395;26,9700655255608;26,8488526522074;60,1576343946332
"Central_Sudanic";"r0";0,985120601291843;27,1420335604944;27,0995209169837;27,1414259363977;60,5449558556172
"Central_Sudanic";"r0";0,983915839895536;27,1021734875228;27,0357860761662;27,1012246264893;61,1079327408894
"Central_Sudanic";"r0";0,983379001625071;26,5767675680738;26,9198444921475;26,5816710929755;59,2740175700535
"Central_Sudanic";"r0";0,985477395561432;26,9429874939573;26,9617730810468;26,9432559923249;61,6939231794843
"Central_Sudanic";"r0";0,981534136193215;26,8660034892538;26,8054991640952;26,8651387139096;62,692003249196
"Central_Sudanic";"r0";0,986504890719336;27,2670733809394;27,2553102472882;27,2669052529928;62,4198920326392
"Central_Sudanic";"r0";0,981793292259834;26,2108965947394;26,2547995369874;26,2115240900778;62,5664013049516
"Central_Sudanic";"r0";0,98458917578867;26,9894049763487;26,6417911234055;26,9844366060956;62,298275051448
"Central_Sudanic";"r0";0,985690884178676;26,5381846478451;26,7284720886372;26,5409043854285;60,7273190826831
"Central_Sudanic";"r0";0,983125417126597;26,6365217859161;26,4633618573999;26,6340468481926;63,4149028939682
"Central_Sudanic";"r0";0,985644853318432;26,6951227167158;26,9397650623371;26,6986193372974;60,507802761177
"Central_Sudanic";"r0";0,985708509375628;27,3385198868533;27,1873626520198;27,3363594289121;61,6408348960963
"Central_Sudanic";"r0";0,983371414623684;27,0777350339211;26,6340250573599;27,0713931823813;62,0620195782396
"Central_Sudanic";"r0";0,983667435969144;27,470599219234;27,0809371785466;27,4650298632509;61,8569554814469
"Central_Sudanic";"r0";0,976980366396203;25,5822430660796;25,829618946354;25,5857787564857;61,0046745162497
"Central_Sudanic";"r0";0,986116265133602;28,2250477641539;27,7757392508773;28,2186258939295;59,330337982022
"Central_Sudanic";"r0";0,982876865793442;27,0648706638287;26,9550841259566;27,063301508387;62,2542574997256
"Central_Sudanic";"r0";0,982005348457113;26,3504692358813;26,5156287403932;26,3528298252603;63,5380994468778
"Central_Sudanic";"r0";0,982150765821137;27,1088087942021;26,9900666217819;27,1071116377963;62,8763611958638
"Central_Sudanic";"r0";0,985957345615196;27,0783951226171;27,2116346211711;27,0802994861962;59,1515493055932
"Central_Sudanic";"r0";0,985504478438744;27,272432893549;27,1636808269325;27,2708785235831;60,5329236181387
"Central_Sudanic";"r0";0,983292838965396;27,0104284050364;26,7303527512348;27,0064253437799;62,0443049067782
"Central_Sudanic";"r0";0,983320694773798;27,3221048509794;27,5217922173474;27,3249589396832;59,0505798460378
"Central_Sudanic";"r0";0,98128916308493;26,3223843300424;26,5303052498505;26,3253560991598;62,447454494129
"Central_Sudanic";"r0";0,978188584940393;26,974848378872;26,9560712262323;26,9745800010561;60,9421476532477
"Central_Sudanic";"r0";0,986551609433803;28,1091513609874;27,7709592270748;28,1043176533439;59,0439972602546
"Central_Sudanic";"r0";0,983814652136207;26,3953851580178;26,4412661614619;26,3960409253606;63,3301553382031
"Central_Sudanic";"r0";0,985402685705762;26,9011999167043;26,6622513422704;26,8977846759733;62,1032402842037
"Central_Sudanic";"r0";0,982298980338756;27,3320933629452;27,5025820454936;27,3345301211229;60,5005388824581
"Central_Sudanic";"r0";0,979832040397346;26,3645428250601;26,2734547469784;26,3632409226942;63,8498387421669
"Central_Sudanic";"r0";0,981461847057167;26,885275588276;27,2408663847759;26,8903579712727;59,2267706529982
"Central_Sudanic";"r0";0,986538870699257;27,8184333538674;27,6846444019282;27,8165211370689;58,6093869199272
"Central_Sudanic";"r0";0,985493808180612;27,1994927529734;26,7514933083408;27,1930895929864;61,7497727887385
"Central_Sudanic";"r0";0,97903074175089;26,0367436844117;26,961936761242;26,0499672706478;60,6111052633248
"Central_Sudanic";"r0";0,984504127336463;27,169032886502;27,1143611209763;27,1682514746819;60,8705449519458
"Central_Sudanic";"r0";0,985517954127645;27,5010685964173;27,6704175046507;27,5034890640452;61,488421092704
"Central_Sudanic";"r0";0,980936311477487;26,4151429826843;26,5128638494249;26,416539686076;62,0314501426657
"Central_Sudanic";"r0";0,978529561536309;26,5083574701615;26,3083286851704;26,5054985016345;64,1127382660153
"Central_Sudanic";"r0";0,982508417563269;27,0850333730881;26,8543087778127;27,0817356759276;61,5180780578384
"Central_Sudanic";"r0";0,985512590828222;27,0707356028428;26,8632973521515;27,0677707324116;60,7272640946458
"Central_Sudanic";"r0";0,983378094294329;27,6567175109326;27,3457247484065;27,6522725580713;60,3577900972401
"Central_Sudanic";"r0";0,986010774409831;27,1221029578948;26,8261438968566;27,1178728785049;61,6056526746889
"Central_Sudanic";"r0";0,981434668934053;26,3539589878175;26,7484924318833;26,3595979697244;61,9907625790374
"Central_Sudanic";"r0";0,983708012044883;27,2522565975582;27,1685969496761;27,2510608681521;62,2940066856175
"Central_Sudanic";"r0";0,982870759722864;26,5389457312438;26,5155227140616;26,5386109510823;62,057430481097
"Central_Sudanic";"r0";0,986486604470953;27,1300165495445;27,1996592178059;27,1310119372669;60,5159759838524
"Central_Sudanic";"r0";0,981121450671667;26,5519507240052;26,5449182760906;26,5518502107353;61,6847888012534
"Central_Sudanic";"r0";0,981943512665697;27,2018541268745;26,988505726476;27,198804783941;61,7321408484168
"Central_Sudanic";"r0";0,981249001171173;26,8888509366194;26,7057218221938;26,8862335114597;61,315032135921
"Central_Sudanic";"r0";0,982667365486951;26,8992022143111;26,8479266440238;26,8984693435812;62,446673944936
"Central_Sudanic";"r0";0,977945900480533;27,0738243197599;26,7074189223993;27,0685873659924;62,6022530210375
"Central_Sudanic";"r0";0,985928756858775;27,1395816083846;27,0283501912736;27,1379918015938;61,1747614005036
"Central_Sudanic";"r0";0,98391672248385;26,6262418385637;26,7132371563325;26,6274852439841;63,1303265261437
"Central_Sudanic";"r0";0,983609198032738;27,027162276205;26,7996574182809;27,02391059806;62,9047070151488
"Central_Sudanic";"r0";0,983197784202613;27,4954167426391;27,0967791186095;27,4897191005682;62,0504867186384
"Central_Sudanic";"r0";0,985035297349314;27,6733243461635;27,1620739481131;27,6660171538636;60,7353207895776
"Central_Sudanic";"r0";0,986668563250097;27,4452500017436;27,3509640957156;27,4439023935087;59,9834463103834
"Central_Sudanic";"r0";0,982092321791291;27,2912799543268;26,9467388164335;27,286355501731;62,1936806870422
"Central_Sudanic";"r0";0,986030205144997;27,9951989926254;27,4783052281076;27,9878111408989;59,2941882528686
"Central_Sudanic";"r0";0,978462866200126;25,9189530644555;26,1251701663766;25,9219004812693;63,1072767546765
"Central_Sudanic";"r0";0,982119353543567;26,418378662745;26,701349666418;26,4224231066163;64,2916000232086
"Central_Sudanic";"r0";0,980430041131353;26,6141833880833;26,6606872244054;26,614848057443;61,5668477771639
"Central_Sudanic";"r0";0,986048026262422;27,2862881892447;27,1457786829882;27,2842799170045;61,1285267392855
"Central_Sudanic";"r0";0,984435613249142;27,4435213166303;27,3206924961262;27,44176575064;59,1663060762384
"Central_Sudanic";"r0";0,982629329312136;27,0593148229518;26,6645709844277;27,053672833922;62,5666599625659
"Central_Sudanic";"r0";0,985596321749796;27,7355271194327;27,3866881619461;27,7305412390232;59,1588644822723
"Central_Sudanic";"r0";0,982986226455863;26,874218479893;26,6689499460512;26,8712846207593;60,5590810745976
"Central_Sudanic";"r0";0,984641736965494;26,5384387197205;27,0147708868116;26,5452468332336;60,9402335745734
"Central_Sudanic";"r0";0,982417979833314;26,7662080420225;26,9284135649391;26,768526410776;61,2949838542582
"Central_Sudanic";"r0";0,984541291819991;26,9141786417852;26,8330900059624;26,9130196593031;61,9119543443229
"Central_Sudanic";"r0";0,981526913871173;27,0466560653931;26,8154764907612;27,0433518653102;61,8429068482948
"Central_Sudanic";"r0";0,983595075691641;27,6115699350273;27,5027082668929;27,6100139985505;60,0427112929331
"Central_Sudanic";"r0";0,981299202339574;26,6324267451001;26,3336750808184;26,628156751631;63,8993104811022
"Central_Sudanic";"r0";0,984918619339278;27,5369051853579;27,0179216453703;27,5294874649188;60,3975807516713
"Central_Sudanic";"r0";0,980942237108843;25,5620144611733;26,0308972788697;25,568716102733;63,2703828624526
"Central_Sudanic";"r0";0,985801380245658;27,356210263906;27,1136233487636;27,3527430211515;62,3684289545341
"Central_Sudanic";"r0";0,980358790451087;26,512484892687;26,1892888902609;26,5078655215349;62,4277180654219
"Central_Sudanic";"r0";0,98130757208325;26,0842716556419;26,3116796267407;26,0875219490044;61,6971348789972
"Central_Sudanic";"r0";0,984312297359703;27,2567859608849;26,9080575324273;27,251801660243;61,8476150011448
"Central_Sudanic";"r0";0,984008572856758;27,1473631822951;27,1923238510572;27,1480057954917;58,2980128910009
"Central_Sudanic";"r0";0,989124274034565;28,2534603366629;28,484489489599;28,2567623868008;56,1672179774281
"Central_Sudanic";"r0";0,98392327477095;26,9851487063213;27,5695536796975;26,9935014812779;59,3023995009554
"Central_Sudanic";"r0";0,982963717006289;27,0312647897231;26,6651993157201;27,0260326944073;62,534768372037
"Central_Sudanic";"r0";0,984744182259906;27,4036195776827;27,1818321783321;27,4004496179469;62,9873697264726
"Central_Sudanic";"r0";0,983026941753484;27,6658416803417;27,236145717513;27,6597001280949;60,9821996196539
"Central_Sudanic";"r0";0,98445323023597;27,1571225313928;26,8056756872063;27,1520993770179;63,0815558723357
"Central_Sudanic";"r0";0,98501496089976;26,870965363527;26,6857457386841;26,8683180591502;63,2929197655384
"Central_Sudanic";"r0";0,98647329201688;27,158564762921;27,489063531623;27,1632885109454;61,4126881175715
"Central_Sudanic";"r0";0,981752465561342;27,0637635716727;26,9704816921933;27,0624303137739;59,9992173360995
"Central_Sudanic";"r0";0,985939468996232;27,9742376100106;27,5550988188177;27,968246949154;61,4036138879545
"Central_Sudanic";"r0";0,986465891398966;27,7264185747646;27,739113674417;27,7266000231014;58,316476918558
"Central_Sudanic";"r0";0,982264632486353;26,4336254661721;26,2534367837738;26,4310500679767;65,6614681839738
"Central_Sudanic";"r0";0,982649811073006;26,726630120171;26,8526943990199;26,7284319298737;61,3027887935276
"Central_Sudanic";"r0";0,984975949441444;27,8222904004399;27,3799282711922;27,8159678133928;60,8423006696341
"Central_Sudanic";"r0";0,982094497138414;26,9115480241587;27,0686808413955;26,9137938898177;59,5543080155221
"Central_Sudanic";"r0";0,977787732736631;25,9014968320724;26,1759253780136;25,9054191804274;63,236699234679
"Central_Sudanic";"r0";0,98585882032104;27,6576615623129;27,9243081274668;27,6614726844853;56,9682618757426
"Central_Sudanic";"r0";0,984569124104224;27,7530741564701;27,3719835364044;27,7476273099637;58,2922769362118
"Central_Sudanic";"r0";0,983002800090001;26,86295960855;26,8469672627491;26,862731033381;63,2707303740457
"Central_Sudanic";"r0";0,981746294773671;26,2725488789452;26,6442598509145;26,2778616641528;61,1622952178848
"Central_Sudanic";"r0";0,98470272837579;27,4694531784482;27,1312369849114;27,4646191269257;62,4532745443225
"Central_Sudanic";"r0";0,981042839784364;27,0157290418103;26,9864656808876;27,0153107868682;60,3692507005201
"Central_Sudanic";"r0";0,979670411920505;26,3085598309376;26,4706764799855;26,3108769294359;63,7452557361895
"Central_Sudanic";"r0";0,978267865859081;26,3527484100581;26,4767166650715;26,3545202617415;62,3242175989058
"Central_Sudanic";"r0";0,983705954398271;26,5353364160721;26,758939223767;26,53853232305;62,0948487835246
"Central_Sudanic";"r0";0,985635571315247;27,5946193554944;27,947679500551;27,5996655684326;57,0003383152136
"Central_Sudanic";"r0";0,983259854381751;26,5650154983844;26,8562304245287;26,5691777708717;60,7149084783438
"Central_Sudanic";"r0";0,984835838194257;26,8192008230298;26,7242529514422;26,8178437534632;59,958424951416
"Central_Sudanic";"r0";0,982522231381717;27,6831160769708;27,3380001389387;27,6781834088799;60,1901069628611
"Central_Sudanic";"r0";0,985934056738417;27,7654285712474;27,5178293402578;27,7618896885374;60,1599949974896
"Central_Sudanic";"r0";0,983202015130484;27,2042005553712;26,7936959019261;27,1983333003938;61,6952725875932
"Central_Sudanic";"r0";0,983667342136768;27,2833575313018;27,4692910767096;27,2860150395922;59,2908464480727
"Central_Sudanic";"r0";0,985224304153092;26,6065320203478;27,0745780828418;26,6132217023449;61,3422128882611
"Central_Sudanic";"r0";0,986615264152554;27,3919397441148;27,3765742997726;27,3917201291139;60,7690312958766
"Central_Sudanic";"r0";0,980338195613699;26,7620034015741;26,3103737537568;26,7555483558714;63,6109941461576
"Central_Sudanic";"r0";0,981833602180928;27,5382192487208;27,2785797501253;27,534508277048;59,7461757872875
"Central_Sudanic";"r0";0,983586008668454;27,0698737511869;27,0871095132302;27,0701200982375;60,6628680461064
"Central_Sudanic";"r0";0,982400166295587;27,4316696109113;27,1447870035509;27,4275692593274;60,4634193424461
"Central_Sudanic";"r0";0,980718317183975;26,8579130436515;26,5890083715309;26,8540696468405;61,8314698829097
"Central_Sudanic";"r0";0,982803972432795;27,6046228128646;27,2455857893559;27,5994911736844;62,6303369105612
"Central_Sudanic";"r0";0,985407548543678;27,7806337086985;27,611745844767;27,7782198306779;60,8484136315861
"Central_Sudanic";"r0";0,983779124423808;27,711036583361;27,1742579789514;27,7033645218823;60,860716943371
"Central_Sudanic";"r0";0,981084779487485;26,869348768947;26,8787271835762;26,8694828126161;60,9413685897339
"Central_Sudanic";"r0";0,98073842117961;26,4235721907871;26,119898439187;26,4192318469794;63,8093975762955
"Central_Sudanic";"r0";0,98667308354587;27,7428394982221;27,5259043146935;27,7397388901665;63,223689193023
"Central_Sudanic";"r0";0,982704048217167;26,6788372076803;26,7001010050276;26,6791411265757;61,1643848153114
"Central_Sudanic";"r0";0,984033455597219;27,2234029091728;26,863101059003;27,2182531920964;60,0684049440879
"Central_Sudanic";"r0";0,984631942662964;26,7466501687517;27,3738436234304;26,7556145102955;59,7847269010485
"Central_Sudanic";"r0";0,982148573438796;26,6749015845118;26,8366366118025;26,6772132285722;62,2348342938201
"Central_Sudanic";"r0";0,985295605620278;26,8803091850923;26,9604280908179;26,8814543074301;62,1152273289388
"Central_Sudanic";"r0";0,979337633335011;26,3537547339569;26,3193922832683;26,3532635988183;63,3912839816344
"Central_Sudanic";"r0";0,986295432713275;27,1634294920655;26,8597508045537;27,1590890777099;60,565441794674
"Central_Sudanic";"r0";0,980715606794146;26,1752443324535;26,5822917786701;26,1810621743095;61,1669605208111
"Central_Sudanic";"r0";0,9835958345009;26,722679551598;27,1052713652009;26,7281478543416;60,0411072090015
"Central_Sudanic";"r0";0,985039388116752;27,7754886399981;27,3970601214829;27,7700798423383;58,8941836587621
"Central_Sudanic";"r0";0,983499561323695;27,2577238982361;26,9842796321274;27,2538156179817;61,1071708529669
"Central_Sudanic";"r0";0,981216334940726;26,9341685731115;26,7209285184589;26,9311207787405;62,2761975522678
"Central_Sudanic";"r0";0,983608379792672;27,4526579405432;27,3664750687837;27,4514261472394;59,6151400950232
"Central_Sudanic";"r0";0,983952740382594;27,3547804868814;27,1418094946193;27,3517365381614;59,3025562243651
"Central_Sudanic";"r0";0,985181574326303;27,8395969523331;27,5426796854099;27,835353177512;59,0234442184263
"Central_Sudanic";"r0";0,983598396622078;26,8607202887851;26,5854459347794;26,8567858514769;62,2868104719422
"Central_Sudanic";"r0";0,98399371286963;27,056401148423;27,1202089737205;27,0573131399861;61,9569597524679
"Central_Sudanic";"r0";0,983494969713218;26,0358435634627;26,4370357712033;26,0415777176508;63,2595145893799
"Central_Sudanic";"r0";0,98189953580416;27,1299019681105;26,7057265382877;27,123839319658;62,477233110498
"Central_Sudanic";"r0";0,983215612925281;26,4453775358615;26,946925418449;26,4525460521885;62,4823049049676
"Central_Sudanic";"r0";0,984192477939922;27,0553368544706;26,7888390825149;27,0515278589675;61,7301097326507
"Central_Sudanic";"r0";0,980168764467559;27,378899878743;27,0838058169508;27,3746821626018;62,0396870071576
"Central_Sudanic";"r0";0,983658964269837;27,1580482406859;27,1903606371286;27,1585100748387;60,6763047999749
"Central_Sudanic";"r0";0,980491877983832;26,5040457209813;26,1933030665695;26,4996043428616;64,0696748886428
"Central_Sudanic";"r0";0,984344393639591;27,1148245459337;26,8523674666568;27,1110733031845;61,6256122718175
"Central_Sudanic";"r0";0,982256171675673;26,795036594955;26,6609607864006;26,7931202781764;64,4730087951103
"Central_Sudanic";"r0";0,987362953920047;27,3743116395806;27,191866112347;27,371703984786;60,5140224634874
"Central_Sudanic";"r0";0,981314865880615;27,2178058552109;26,8609946793384;27,2127060295936;61,7421227777152
"Central_Sudanic";"r0";0,98262773012191;26,560915022876;26,7613991254015;26,5637804991588;61,8053410202888
"Central_Sudanic";"r0";0,980814652852615;27,6601723902584;27,1613715843774;27,6530431373096;58,7650997763243
"Central_Sudanic";"r0";0,981259820141329;25,7887661373004;25,707393550508;25,7876030963681;64,6431503140065
"Central_Sudanic";"r0";0,98205865963853;27,1792956239946;27,2031835855264;27,179637049506;62,3043284581403
"Central_Sudanic";"r0";0,982462721295439;26,97921990967;26,6426428199311;26,9744092855065;62,1925419387091
"Central_Sudanic";"r0";0,985683049748821;27,4126552068929;27,2691887132713;27,4106046710664;63,1658336122988
"Central_Sudanic";"r0";0,983585030737259;27,0051576590714;26,9639194856701;27,0045682507027;61,3466483315996
"Central_Sudanic";"r0";0,985157072085033;27,4464655613045;27,0644430630667;27,4410053956634;61,4385963044934
"Central_Sudanic";"r0";0,984003552966322;26,5038482604863;27,167797645837;26,5133379466647;59,5260283983006
"Central_Sudanic";"r0";0,982677063192475;26,9671539864874;26,7050671641117;26,9634080357406;62,7196016162888
"Central_Sudanic";"r0";0,983716104764075;27,6686962525893;27,0864907318029;27,6603749139368;61,6507491445096
"Central_Sudanic";"r0";0,983151886749099;26,4153671637508;26,5289361164903;26,416990380437;62,6113567527677
"Central_Sudanic";"r0";0,981054517878767;26,9312526341275;26,7771522658423;26,929050110611;61,9982888864759
"Central_Sudanic";"r0";0,984111743802349;27,2744838106397;26,8875665755388;27,2689536855743;62,6324012227775
"Central_Sudanic";"r0";0,981450715211139;26,9521463095313;27,1982670254474;26,9556640601424;60,9386467643102
"Central_Sudanic";"r0";0,981924546586917;26,5848355955694;26,4780491663605;26,5833093200374;62,3990146306546
"Central_Sudanic";"r0";0,985963170184312;26,9663867890596;26,8061588054423;26,9640966848512;61,5397740955678
"Central_Sudanic";"r0";0,983116131104649;26,5493278055264;26,2294685399712;26,5447561256388;63,6868022077232
"Central_Sudanic";"r0";0,979624449369205;26,5713349135608;26,5947163287266;26,5716690991135;60,6906964202594
"Central_Sudanic";"r0";0,986258326432368;27,7279072276248;27,5913176293334;27,7259549817885;59,9928192897469
"Central_Sudanic";"r0";0,981158468269208;26,4226729756201;26,6250849675523;26,4255660068128;60,9870119569702
"Central_Sudanic";"r0";0,982949076065287;26,9479317054799;26,9749671181443;26,9483181168352;60,8235248607757
"Central_Sudanic";"r0";0,985049609802673;27,5676220674965;27,3644211633988;27,5647177605514;59,6526588379757
"Central_Sudanic";"r0";0,984689148044375;27,7822763445135;27,3549894180191;27,7761692241064;61,2042704012461
"Central_Sudanic";"r0";0,98232036100847;26,7648754101268;26,785639415849;26,7651721856077;61,1874100108892
"Central_Sudanic";"r0";0,980295495790257;25,9277509258678;25,9044316569743;25,9274176285584;65,3603384522604
"Central_Sudanic";"r0";0,980993661042136;26,5447271118604;26,593157126898;26,5454193116793;62,4893083198481
"Central_Sudanic";"r0";0,981485643199267;26,0340974420442;26,0853598656736;26,0348301248717;63,502430860735
"Central_Sudanic";"r0";0,986316658088265;28,253035524864;27,4936141637054;28,2421812782097;60,5898471390569
"Central_Sudanic";"r0";0,984090996777906;27,4058853915737;27,4870804533295;27,4070458951788;61,5305055300919
"Central_Sudanic";"r0";0,985053735981304;26,5682749552249;26,8582433832327;26,5724194117817;61,8461019287456
"Central_Sudanic";"r0";0,983359868675865;27,1002876492174;26,8843686222704;27,0972015648699;64,4907929624526
"Central_Sudanic";"r0";0,98591642558673;27,8531805134027;28,0565575604954;27,8560873379219;56,4036138671445
"Central_Sudanic";"r0";0,97877296802679;26,1170369639706;26,5394856205731;26,1230749320238;61,6729700376078
"Central_Sudanic";"r0";0,987313669670089;28,0619134664706;28,3931166707119;28,0666472828411;54,7785438921502
"Central_Sudanic";"r0";0,984175413926149;27,8324555399127;27,4490111886665;27,8269750520314;60,513865152505
"Central_Sudanic";"r0";0,983633882919315;27,1103135246943;26,7088390692116;27,1045753363997;63,6832930914766
"Central_Sudanic";"r0";0,983943582103047;27,2664033286405;27,0289393291944;27,2630093066214;62,3429977573338
"Central_Sudanic";"r0";0,985071524972591;27,0593551302546;26,9731886608699;27,0581235713864;63,0441091425078
"Central_Sudanic";"r0";0,979251898182718;25,8313331400394;26,049390026943;25,8344497803609;65,9780740533497
"Central_Sudanic";"r0";0,984792389533347;27,5336022509772;27,3951803707071;27,5316238167276;58,8335930463114
"Central_Sudanic";"r0";0,982929515427973;27,071631874218;26,8254750159403;27,0681136070319;63,9698135196879
"Central_Sudanic";"r0";0,979356687990037;26,2058002118262;26,4893245108642;26,2098525638295;62,8910209907132
"Central_Sudanic";"r0";0,986875889516446;27,4226446246407;27,6530862301352;27,425938277089;59,0897083682818
"Central_Sudanic";"r0";0,980279114752139;26,7265603749503;26,6282745781824;26,7251555971349;62,3932232797549
"Central_Sudanic";"r0";0,985042346844622;27,6185295116938;27,0471719555261;27,6103632206732;61,7272275298276
"Central_Sudanic";"r0";0,984851865975147;27,7894043966481;27,6167207278759;27,786936266003;58,9262320176553
"Central_Sudanic";"r0";0,982573679432591;27,3499594617227;27,1949244046072;27,3477435788992;59,3123890934823
"Central_Sudanic";"r0";0,981088204942563;26,8144169349367;26,8463198972678;26,8148729171356;60,675753349369
"Central_Sudanic";"r0";0,981943118904994;26,5607834580278;26,9314154927656;26,5660808222169;59,7351093696674
"Central_Sudanic";"r0";0,982426630217084;26,9646146264061;26,7828953543843;26,9620173518215;62,451584772932
"Central_Sudanic";"r0";0,982175640949519;27,4635207586686;27,259929143144;27,4606108673689;60,9261704946423
"Central_Sudanic";"r0";0,980608790009552;26,3041658820329;26,4339365795065;26,3060206667821;62,4179851634725
"Central_Sudanic";"r0";0,982504777930874;26,6874656878423;26,6480525208011;26,6869023638981;61,1251398740581
"Central_Sudanic";"r0";0,982712047110419;27,0173829999014;26,6296889086632;27,0118417713977;62,8829793763974
"Central_Sudanic";"r0";0,982177589482269;27,0661697817871;26,712424335991;27,0611137739924;60,8211714487684
"Central_Sudanic";"r0";0,984567583135647;27,5583543316266;27,3852474515606;27,5558801521132;57,6103983780774
"Central_Sudanic";"r0";0,983459377962627;27,3409061697619;26,8460979067969;27,3338339813727;60,3999243022829
"Central_Sudanic";"r0";0,981159292041864;27,4323695540192;27,0391469393483;27,4267493075157;60,0350161683027
"Central_Sudanic";"r0";0,983994427835717;27,5113460528689;27,032818396347;27,5045065596962;60,7058104077573
"Central_Sudanic";"r0";0,983142712853981;26,5197633046481;26,9373345496779;26,5257315609036;61,5330041258632
"Central_Sudanic";"r0";0,981421096363705;26,2556542314561;26,4275487534926;26,2581110829962;63,6249135043832
"Central_Sudanic";"r0";0,980930520413089;27,0193234115775;26,752412104139;27,0155085055004;61,8438142970416
"Central_Sudanic";"r0";0,988336934584624;28,2780294493307;27,9541025680956;28,2733996318845;59,8340223556241
"Central_Sudanic";"r0";0,984608352384704;27,2107665697208;26,8721045823816;27,2059261465631;62,6292883295811
"Central_Sudanic";"r0";0,982911775228293;26,5988494031304;26,8283476620713;26,6021295725287;62,2710441143563
"Central_Sudanic";"r0";0,986528297698675;27,4046508105889;27,1597529166244;27,4011505375097;64,8637265698374
"Central_Sudanic";"r0";0,983270171124729;27,3370104010051;27,243301534842;27,3356710402773;59,8766328266668
"Central_Sudanic";"r0";0,980141539964176;26,6984206692951;26,6847877303552;26,6982258166224;61,5847390543027
"Central_Sudanic";"r0";0,980995079003278;25,7009668680311;26,2581097924687;25,7089299923687;64,4460882209294
"Central_Sudanic";"r0";0,982978498170682;26,8844585728334;26,8904591657647;26,8845443380214;60,1263341222099
"Central_Sudanic";"r0";0,980947730609697;27,1797473828106;26,8460628225326;27,1749781009504;63,0073620312123
"Central_Sudanic";"r0";0,983352621300398;27,444911239243;27,1478790675753;27,440665822113;59,8603018098107
"Central_Sudanic";"r0";0,984980661418472;27,7196102637067;27,4766565752673;27,7161377787401;60,8767950253093
"Central_Sudanic";"r0";0,984122214165619;26,9747362883387;26,8366801039139;26,9727630809014;61,1135880757667
"Central_Sudanic";"r0";0,983269425075059;26,7865487374621;26,8474889738203;26,7874197431915;61,2509326557708
"Central_Sudanic";"r0";0,979408154421251;26,9807393591211;26,56744838046;26,9748322797949;63,2924172634671
"Central_Sudanic";"r0";0,981316621943872;26,8438394544728;26,5552177557384;26,8397142464288;61,6013343428352
"Central_Sudanic";"r0";0,985174594899659;26,8889795576758;26,882192201719;26,8888825474527;61,806065730017
"Central_Sudanic";"r0";0,98300987444241;27,476541376171;27,0629100965709;27,4706294329964;60,6163654654579
"Central_Sudanic";"r0";0,988604101917037;27,9132827780119;27,4000975646571;27,9059479318119;60,315408599035
"Central_Sudanic";"r0";0,982321073499532;26,9062962996175;26,7676847729496;26,9043151547926;61,6492309899013
"Central_Sudanic";"r0";0,985884161379644;28,0645128346152;27,7322224697063;28,0597634796904;60,1705839025439
"Central_Sudanic";"r0";0,981444324472014;27,6424122679851;27,1699113198314;27,6356589132626;61,6769348593829
"Central_Sudanic";"r0";0,984922132583832;27,7660621658174;27,9651441364583;27,7689076017299;57,2171354846379
"Central_Sudanic";"r0";0,987329380548872;27,7219077799707;27,7015709422139;27,7216171099099;59,4461709176239
"Central_Sudanic";"r0";0,980329523060923;26,6582872765787;26,6568947235741;26,6582673731172;61,0812605239657
"Central_Sudanic";"r0";0,980394559280342;26,1285897616009;26,0219681841151;26,1270658422593;65,1879236415554
"Central_Sudanic";"r0";0,983774035557312;26,6177009928187;26,703407310178;26,6189259748327;62,2745309648925
"Central_Sudanic";"r0";0,980158203063166;26,9100118177389;27,1265782397627;26,9131071551654;60,4213604309996
"Central_Sudanic";"r0";0,981292578347906;26,3861862615864;26,5955363380439;26,3891784573333;62,4370557906228
"Central_Sudanic";"r0";0,984480879601185;27,8504099524437;27,5044039080002;27,8454645622528;58,9604509317264
"Central_Sudanic";"r0";0,985852433332401;27,1474105094091;26,9661687957009;27,144820060463;60,9120242055946
"Central_Sudanic";"r0";0,986842886366391;26,862362471709;26,93239570849;26,8633634417435;62,0352563268246
"Central_Sudanic";"r0";0,983104619814356;26,5858195013615;26,6696458311044;26,5870176131157;64,4067859746892
"Central_Sudanic";"r0";0,981045495758645;26,9770034609028;27,2483757916832;26,9808821274298;60,3790668159822
"Central_Sudanic";"r0";0,987330820858823;27,766900014248;27,3176426191507;27,7604788746447;60,6528752563404
"Central_Sudanic";"r0";0,985588385211903;26,8542733847799;27,3509946603557;26,8613729154481;58,7683681389092
"Central_Sudanic";"r0";0,981355678299178;26,7841400364469;26,7206265719901;26,7832322521201;62,2613692246402
"Central_Sudanic";"r0";0,98463887420598;26,7601725895304;26,776160578459;26,7604011024275;62,4511634290339
"Central_Sudanic";"r0";0,982622387137726;27,2005762947951;26,8715642610358;27,1958737963544;61,218825639755
"Central_Sudanic";"r0";0,985311822106522;27,008672320015;26,9279967749474;27,0075192417505;62,5166826623589
"Central_Sudanic";"r0";0,983119077190811;26,975929429793;26,8717528945497;26,9744404569158;65,3790819766362
"Central_Sudanic";"r0";0,985654009514979;27,456699993107;27,4326173879051;27,4563557855954;60,6401098738706
"Central_Sudanic";"r0";0,980376755606569;26,2274884845659;26,2208905994157;26,2273941824084;64,0493009184015
"Central_Sudanic";"r0";0,978288420836756;26,6681786434156;26,5965600445719;26,6671550141412;60,5002101379838
"Central_Sudanic";"r0";0,980576178481254;26,5126742011432;26,6354273041295;26,5144286849194;60,6544435855786
"Central_Sudanic";"r0";0,986416021510295;27,5699021474553;27,2447177650327;27,5652543568144;60,7810395395013
"Central_Sudanic";"r0";0,984736727168287;26,5369715791849;26,6891866722167;26,5391471568665;63,6092024373634
"Central_Sudanic";"r0";0,981623419801361;26,8332531263295;27,1887644647442;26,8383343736488;60,9892627072453
"Central_Sudanic";"r0";0,983914326407502;27,4240599091519;27,0410081327532;27,4185850322587;60,0566576743336
"Central_Sudanic";"r0";0,984186065707876;27,0090484460267;27,0964609507544;27,0102978142108;61,9090142498917
"Central_Sudanic";"r0";0,983082550098553;26,9237586460297;27,0994439187678;26,9262696779566;61,7968057380565
"Central_Sudanic";"r0";0,975366950910208;26,0622944384165;26,0246076110833;26,0617557886755;65,9204134337678
"Central_Sudanic";"r0";0,986841837633707;26,6932445775582;27,2602693707548;26,7013489413268;61,162079988507
"Central_Sudanic";"r0";0,980310194071671;26,7855747952729;27,2259667802116;26,7918692234699;60,2163986319025
"Central_Sudanic";"r0";0,983479318405195;26,1975802393855;26,1530002845983;26,1969430676521;64,6862109558381
"Central_Sudanic";"r0";0,982481616377155;27,0397562703444;26,9207758233294;27,038055708331;62,765883012315
"Central_Sudanic";"r0";0,983781228262905;27,1319714537341;27,0677739255968;27,1310538922318;61,0669650344596
"Central_Sudanic";"r0";0,983347686855174;26,5776568196379;26,4521720809277;26,5758632931781;64,8317894796526
"Central_Sudanic";"r0";0,981283879243865;26,7307251609869;26,462498321912;26,7268914522982;63,2410737136824
"Central_Sudanic";"r0";0,989105141600607;28,1908812109364;27,9966988824103;28,1881058045579;59,2054641971834
"Central_Sudanic";"r0";0,979629889901594;26,5373590274726;26,4095562057983;26,5355323691502;63,6734978102638
"Central_Sudanic";"r0";0,986861654891198;27,5129169054535;27,5874658670276;27,5139824177739;59,7957143000231
"Central_Sudanic";"r0";0,983920016290873;26,9457684714103;27,0060828406308;26,9466305317549;61,4776793496643
"Central_Sudanic";"r0";0,980339152792746;27,1742150922679;26,9019961903037;27,1703243258805;63,1619967358609
"Central_Sudanic";"r0";0,977996377399307;26,9865680668518;27,0428784275361;26,9873728987611;61,1073611157129
"Central_Sudanic";"r0";0,982460984078725;27,1755576877666;27,3710886309787;27,1783523696056;57,754592530345
"Central_Sudanic";"r0";0,985757124280436;27,8347838527677;27,6009016810706;27,8314410250445;61,548363071833
"Central_Sudanic";"r0";0,982547187765616;26,8835489411724;27,3604409518582;26,8903650564099;59,1745887588742
"Central_Sudanic";"r0";0,984400488445464;26,8681381911876;27,1855210626888;26,872674476506;59,2328501183855
"Central_Sudanic";"r0";0,982410026870387;26,7449158225004;26,7418760335159;26,7448723754483;62,4585617892633
"Central_Sudanic";"r0";0,982452412243159;26,5232929109961;26,5534652069936;26,5237241571523;63,5147409382301
"Central_Sudanic";"r0";0,986457072484092;27,7352680657558;27,7334742353944;27,7352424269231;59,2170159486688
"Central_Sudanic";"r0";0,987359148432487;27,8247772251601;27,5899819871032;27,8214213471753;61,3655471591934
"Central_Sudanic";"r0";0,985857234036141;27,2895039420995;27,4028396142042;27,2911238245557;61,6005161834881
"Central_Sudanic";"r0";0,986869928452433;27,6272519667473;27,4427128006583;27,6246143880215;61,0660980684364
"Central_Sudanic";"r0";0,985143464878239;27,0265968417371;27,026554283083;27,0265962334554;60,834701985576
"Central_Sudanic";"r0";0,985767677730184;27,3071311408516;27,3739390417531;27,3080860118519;58,8723861332874
"Central_Sudanic";"r0";0,981566364102376;26,4701744527242;26,2454413135249;26,4669623901605;64,3621331709199
"Central_Sudanic";"r0";0,982839045082831;26,643179963593;26,6782804327561;26,6436816470713;61,6525235742671
"Central_Sudanic";"r0";0,986452890107499;27,3459452619581;27,2700193467911;27,3448600691352;61,8066761236339
"Central_Sudanic";"r0";0,981450615765596;26,6536691466074;26,5314376534721;26,6519221180891;62,8314518644177
"Central_Sudanic";"r0";0,987577499340371;27,6382839396775;27,4371738979743;27,6354095169802;59,9761235916411
"Central_Sudanic";"r0";0,981050185760314;26,4870702324409;26,2829828360023;26,4841532550509;63,2256175754158
"Central_Sudanic";"r0";0,982720907293712;26,7996209845435;26,5452204166982;26,7959848917844;62,0139174225045
"Central_Sudanic";"r0";0,984200294627701;26,9305726182256;26,7893015257621;26,9285534607971;61,9975054683739
"Central_Sudanic";"r0";0,983389817318297;27,5131395014014;27,072874106388;27,506846882527;63,3558561740688
"Central_Sudanic";"r0";0,983720354312429;27,2501726194213;27,3321561540584;27,2513443925002;61,4777509962149
"Central_Sudanic";"r0";0,980539799836662;26,589468670945;26,7274609644455;26,5914409652031;62,8095874913316
"Central_Sudanic";"r0";0,981116903797882;26,7573628534962;26,4849949962727;26,7534699581232;63,4195643358556
"Central_Sudanic";"r0";0,988654523287677;28,0334286578402;27,9778778652643;28,032634682275;58,861466645055
"Central_Sudanic";"r0";0,981167953151704;26,9682599464157;26,5266056806757;26,9619474767099;63,1569809038488
"Central_Sudanic";"r0";0,982318611857324;27,3341060107428;27,1837710377582;27,3319573052138;58,3579563116372
"Central_Sudanic";"r0";0,983201685532791;27,421800662181;26,8632096599254;27,4138168407777;61,8001512801265
"Central_Sudanic";"r0";0,983260809848238;27,5533451302392;26,9987763637059;27,5454187977885;61,2345562202812
"Central_Sudanic";"r0";0,97843090440019;26,5298962888568;26,4125537489938;26,5282191370991;63,2049347341888
"Central_Sudanic";"r0";0,985108248268391;27,4820082239579;27,0388920361096;27,4756748593129;61,3177545520953
"Central_Sudanic";"r0";0,985866845333229;27,3333687041238;26,7648141226031;27,3252424754188;61,620396841179
"Central_Sudanic";"r0";0,984808115053918;27,210955878177;27,0164195167681;27,2081754116824;62,0380522269992
"Central_Sudanic";"r0";0,984727442757885;27,9556654540962;27,441949763359;27,9483230258967;59,9355870027369
"Central_Sudanic";"r0";0,985708556375003;27,7058754370285;27,5378149064407;27,703473383906;60,4885509649102
"Central_Sudanic";"r0";0,983220265651522;27,039320362715;26,7677130670793;27,0354383378857;62,0364476729929
"Central_Sudanic";"r0";0,980343897048258;27,0613523797567;27,177826409649;27,0630171180877;61,2226783793844
"Central_Sudanic";"r0";0,981981466001265;26,961666532158;26,626936126447;26,9568823022534;62,9737439308022
"Central_Sudanic";"r0";0,987333590522363;27,1998240427718;27,0233612778732;27,1973018983161;63,3502233027559
"Central_Sudanic";"r0";0,981005362269307;26,0830610778825;26,1185640518165;26,0835685142752;63,9824609839682
"Central_Sudanic";"r0";0,987215674490591;27,5812482003242;27,3776623124365;27,5783383908884;60,6744636915981
"Central_Sudanic";"r0";0,984096257805551;26,8891414662239;26,6524233058455;26,8857581043227;62,7668831321967
"Central_Sudanic";"r0";0,985177250864662;27,6071112227035;26,8718837232876;27,5966027737265;60,9291973139505
"Central_Sudanic";"r0";0,98538068729329;27,3024566259454;26,7197744755892;27,2941284749287;60,1715044796066
"Central_Sudanic";"r0";0,978412736826863;26,4357228045948;26,2194288808556;26,4326313619278;63,4378481261352
"Central_Sudanic";"r0";0,983496914711218;26,9957445451765;27,3736204367442;27,0011454442578;59,5011569408215
"Central_Sudanic";"r0";0,98193494090773;26,9534615051218;26,9206372747008;26,9529923554357;62,7027050362255
"Central_Sudanic";"r0";0,979287724173461;26,6299258807576;26,5585606455295;26,628905872755;61,2803936092921
"Central_Sudanic";"r0";0,984247399641035;27,4464680522053;27,3135203391727;27,444567859054;59,3929051629388
"Central_Sudanic";"r0";0,9852245070858;27,3886119007266;27,2220154667359;27,3862307736228;60,7396873981014
"Central_Sudanic";"r0";0,983663004972842;27,1104480333342;27,0257011364992;27,109236764112;57,6982677561056
"Central_Sudanic";"r0";0,985855588582605;27,1624829497844;26,9035749831846;27,1587824337416;63,0223126402796
"Central_Sudanic";"r0";0,983267880796995;27,0732862852002;27,0178165794569;27,0724934685917;61,0954698185011
"Central_Sudanic";"r0";0,98532096200708;27,5608502141676;27,1537030242279;27,555030946696;61,4731357929842
"Central_Sudanic";"r0";0,982045936265764;27,1984166838539;27,3201142673127;27,2001560813158;61,0117925305798
"Central_Sudanic";"r0";0,982674465776826;26,9310409075647;26,5803534039051;26,9260286062811;63,0023951222285
"Central_Sudanic";"r0";0,981260811000929;26,7589371027636;26,574487608341;26,7563008056957;62,2004599534103
"Central_Sudanic";"r0";0,982804807566876;27,4350846358253;27,0404722504262;27,4294445256269;61,5503611804605
"Central_Sudanic";"r0";0,982363344867054;27,4630386561527;27,2481965205603;27,4599679635824;58,9688641643808
"Central_Sudanic";"r0";0,983079125266474;26,5181367464652;26,5323746014316;26,5183402450728;63,4562477155402
"Central_Sudanic";"r0";0,985446559114219;27,5336470871905;27,2507885554388;27,5296042508562;58,8028495450631
"Central_Sudanic";"r0";0,98167966166121;27,2727252347176;26,9074448690833;27,2675043607873;60,1158539945924
"Central_Sudanic";"r0";0,98508379499486;27,9246861215978;27,2336822498073;27,9148097514466;60,113331494572
"Central_Sudanic";"r0";0,98133373966434;26,7214852779161;26,5645495743311;26,7192422295602;61,4122116569045
"Central_Sudanic";"r0";0,984549281286592;28,2411102243504;27,7536965541268;28,2341437252896;58,9025568059974
"Central_Sudanic";"r0";0,98366031128554;26,9263231415639;26,6641071471471;26,9225753445888;64,2743963248277
"Central_Sudanic";"r0";0,982448072713889;26,8519822089906;26,8556460620034;26,8520345756559;60,2216300337814
"Central_Sudanic";"r0";0,98330558639842;26,9707334108502;27,2106625968412;26,9741626672518;59,4443255078213
"Central_Sudanic";"r0";0,983159587529286;26,8313312831862;26,7043761617919;26,8295167408621;63,0021403678306
"Central_Sudanic";"r0";0,986902030620661;27,3831593190077;26,9785963376755;27,3773769870755;62,81075745034
"Central_Sudanic";"r0";0,987540439732018;27,829266734075;27,5096955452075;27,8246991716057;61,0206490767715
"Central_Sudanic";"r0";0,982414539687119;26,4696663089733;26,4980387484787;26,4700718301666;62,9804421956687
"Central_Sudanic";"r0";0,980445055485894;26,3584376273473;26,8105600544259;26,3648997162382;59,6412971114302
"Central_Sudanic";"r0";0,982585712945272;26,9923793382773;27,1699998098528;26,9949180295861;61,4748975374893
"Central_Sudanic";"r0";0,982590221272211;26,9557268661217;26,8194496617208;26,9537790852643;61,8806920178445
"Central_Sudanic";"r0";0,983029548550914;27,1365476912837;26,5749075050899;27,1285202885483;62,5168417458277
"Central_Sudanic";"r0";0,981786571521759;26,039007007402;26,6124154430263;26,0472026112028;63,0497070745101
"Central_Sudanic";"r0";0,986425890022607;27,3952227512895;27,0632816070657;27,3904783877011;61,2696125992919
"Central_Sudanic";"r0";0,985174249344969;27,2464188320067;27,1765347190779;27,2454199933675;60,8631857693433
"Central_Sudanic";"r0";0,98073186443665;26,7922279911483;26,8719680665188;26,7933676989451;61,4140506668976
"Central_Sudanic";"r0";0,98394952875093;27,514606641937;27,4652681312801;27,513901457185;59,0003963916978
"Central_Sudanic";"r0";0,979507350414353;27,1563129886525;27,0346249565698;27,1545737277063;61,8714591753739
"Central_Sudanic";"r0";0,982600484179195;26,9199215266631;26,5926859912115;26,9152444193317;64,698833685723
"Central_Sudanic";"r0";0,984705522568853;27,4949516235374;27,0669549946128;27,4888343595056;62,5746182139807
"Central_Sudanic";"r0";0,985591757719318;26,0124938599297;26,8669477999769;26,024706386854;62,272691095371
"Central_Sudanic";"r0";0,980714156459419;26,1230475074553;26,1974577880515;26,1241110376383;61,7903937779662
"Central_Sudanic";"r0";0,986075672353756;26,3529864043014;26,6102919772051;26,3566640176748;65,6293891253976
"Central_Sudanic";"r0";0,985555257662277;27,6903122892075;27,8976217065916;27,6932753182519;58,1871651078973
"Central_Sudanic";"r0";0,983225015796607;26,2272269399882;26,5552424621274;26,231915195502;61,7924822957983
"Central_Sudanic";"r0";0,985897901905939;27,2228723473153;26,8384183880105;27,2173774293225;61,6981498687214
"Central_Sudanic";"r0";0,988447733722025;27,864593594146;27,9447647177977;27,8657394628234;57,2742396635028
"Central_Sudanic";"r0";0,98317696788859;27,3095196882153;27,4468134747381;27,3114819988629;60,1799257009759
"Central_Sudanic";"r0";0,98195264788548;26,2602189202842;26,4955591436706;26,2635825876275;62,7181826376932
"Central_Sudanic";"r0";0,986030822615801;27,2202220289283;26,8949022870028;27,215572303623;60,9428492473235
"Central_Sudanic";"r0";0,983635499605022;27,6485607167925;27,2228989545348;27,6424768245092;61,4800572885023
"Central_Sudanic";"r0";0,981316217273376;26,863370607172;26,7500052612562;26,8617503005944;61,7796946795076
"Central_Sudanic";"r0";0,983536511243337;27,1223436694845;26,929831604713;27,1195921358276;62,5866038914341
"Central_Sudanic";"r0";0,978461357503668;26,4092520024351;26,0890712307646;26,4046757273296;63,4888091467062
"Central_Sudanic";"r0";0,984330016932895;27,3986769512788;27,2031401257539;27,3958821853652;60,5599289511513
"Central_Sudanic";"r0";0,980934636599422;26,758052833001;26,4494720124671;26,7536423535094;63,062193617775
"Central_Sudanic";"r0";0,981959588259906;26,9244599478106;26,6457888877292;26,9204769621109;62,3093596865588
"Central_Sudanic";"r0";0,984307285926834;26,6940242294897;26,9907438838167;26,6982651798764;60,9353216408815
"Central_Sudanic";"r0";0,986177484807189;27,6162043690761;27,530169921548;27,614974697168;58,663889618243
"Central_Sudanic";"r0";0,9798074629907;26,1742952992718;26,503834707784;26,1790053353667;62,5439876863484
"Central_Sudanic";"r0";0,982466223596838;27,0395520164838;26,9994248341143;27,0389784872716;60,6848576833903
"Central_Sudanic";"r0";0,986319959895854;28,1018564185032;27,6906969250025;28,0959798040373;59,7612979581451
"Central_Sudanic";"r0";0,986283808914009;27,8124859886833;27,3844179207452;27,8063677035891;59,8830626770277
"Central_Sudanic";"r0";0,984840513379959;26,9028738020013;27,2140368678049;26,9073211889708;59,4742727741875
"Central_Sudanic";"r0";0,987747384266438;28,225734799867;27,8904462680959;28,2209425927862;58,5602903332825
"Central_Sudanic";"r0";0,98396593903538;26,9167406464186;26,869812395203;26,9160699109879;60,9098339912999
"Central_Sudanic";"r0";0,987247889377854;27,5016415035874;27,7501506066382;27,5051933909036;58,934415716045
"Central_Sudanic";"r0";0,97921221625939;26,7315546309332;26,2817364032114;26,7251254754695;64,6322390807025
"Central_Sudanic";"r0";0,982706091123844;27,3305963316007;27,1466035456587;27,3279665621691;59,0541265522832
"Central_Sudanic";"r0";0,98655088925165;27,5029467355749;27,1970069378739;27,4985740036563;62,1557666324263
"Central_Sudanic";"r0";0,986181488195135;28,0556540593575;27,9516744824409;28,0541679015635;57,8167997588985
"Central_Sudanic";"r0";0,977898126884638;26,4321060167209;26,6378387507274;26,4350465105679;62,6224595676905
"Central_Sudanic";"r0";0,98486867785938;27,3120660681078;27,2741026649833;27,3115234653283;59,0217330348637
"Central_Sudanic";"r0";0,981600422361249;26,5892868351911;26,5650363305754;26,5889402279292;64,2286672697734
"Central_Sudanic";"r0";0,980224792966856;26,4088883309271;26,2047377027503;26,4059704497794;63,357074178627
"Central_Sudanic";"r0";0,985850214534492;27,6131367115925;27,1873748243817;27,6070513882448;61,1480515870917
"Central_Sudanic";"r0";0,984264817967638;27,3516967517658;27,6651223810552;27,35617647707;58,8431547587204
"Central_Sudanic";"r0";0,980809253795238;26,4909635102969;26,4065836050438;26,4897574864067;62,4726495704933
"Central_Sudanic";"r0";0,982357459718088;27,3387266316147;26,976871209459;27,3335547096671;61,4568972942619
"Central_Sudanic";"r0";0,985860001507332;27,200309768416;27,2180396217578;27,2005631774076;60,9846271027891
"Central_Sudanic";"r0";0,982318019756371;27,0162496400648;27,126266915639;27,017822093391;60,2578956635321
"Central_Sudanic";"r0";0,986136504429054;26,9463848561206;27,34343980515;26,9520598773572;60,2553795405814
"Central_Sudanic";"r0";0,975028139473772;26,2482601058334;26,2135961309972;26,2477646610749;62,7624135826509
"Central_Sudanic";"r0";0,983490172976481;26,8854026242138;26,7755447678275;26,8838324494318;62,153570268997
"Central_Sudanic";"r0";0,987392068246819;27,5460907215034;27,4052862556064;27,5440782334684;60,1940959578542
"Central_Sudanic";"r0";0,98338358737501;26,9671671203276;26,9262101802972;26,9665817315671;62,0247038640616
"Central_Sudanic";"r0";0,982682675316502;27,2079194701755;27,2185207206155;27,2080709915745;60,5512950085715
"Central_Sudanic";"r0";0,983369486111976;26,7356471808484;26,7287898842946;26,7355491709793;62,4149573568591
"Central_Sudanic";"r0";0,983651125624605;26,5518275376414;27,1598514817999;26,5605178934823;60,1082713044174
"Central_Sudanic";"r0";0,986311418839593;28,0318501061078;27,5962838705593;28,0256246513119;61,7962139702076
"Central_Sudanic";"r0";0,982835728744826;26,4588009999472;26,275352373482;26,4561790080704;62,9423430503396
"Central_Sudanic";"r0";0,983266925979183;27,2930061485394;27,2645937562019;27,2926000563088;61,2946118815184
"Central_Sudanic";"r0";0,982063396988487;26,585777156049;26,470709820931;26,5841325233047;64,3121412525312
"Central_Sudanic";"r0";0,983957315080792;27,3157580358949;27,0919596990895;27,3125593342613;60,7241469183758
"Central_Sudanic";"r0";0,983682762214106;27,6219968455233;27,330151960548;27,6178255691696;58,6773545182624
"Central_Sudanic";"r0";0,983512970419039;26,6721117756834;26,7144509923358;26,6727169210272;61,0247344366831
"Central_Sudanic";"r0";0,981910710275699;27,0546097379002;27,5679804679645;27,0619472356508;60,0824687860037
"Central_Sudanic";"r0";0,983850619639272;27,3694917466495;27,1476458597501;27,3663209509637;59,5088254477087
"Central_Sudanic";"r0";0,982981981567939;27,0157514599169;26,7843162146128;27,0124436055879;62,5509839984751
"Central_Sudanic";"r0";0,988179941283736;27,8755571805286;27,5960523002387;27,8715622772155;61,8627947847997
"Central_Sudanic";"r0";0,983955675217898;27,5812681275301;27,1191326612809;27,5746629244177;61,759172897146
"Central_Sudanic";"r0";0,984001718157512;27,0619678586849;27,2424171701055;27,0645469819951;61,1606238089703
"Central_Sudanic";"r0";0,98388479557781;27,058729461278;26,7371036363891;27,0541325323366;62,3304861632131
"Central_Sudanic";"r0";0,979627714711172;26,595954976471;26,6459911696366;26,5966701330494;63,2056355179507
"Central_Sudanic";"r0";0,983264546701517;27,5302864092017;27,2971956127356;27,526954892435;61,4870807127369
"Central_Sudanic";"r0";0,982133640130222;27,8058391332825;27,66814673932;27,8038711254242;60,7746940148389
"Central_Sudanic";"r0";0,980380239129388;26,6107484359634;26,3802588453536;26,6074540976742;62,9478660148982
"Central_Sudanic";"r0";0,985562427237445;27,4730758539057;27,3434683996376;27,4712234023566;57,4378564152755
"Central_Sudanic";"r0";0,985045253562396;27,0018746518966;26,7306582579166;26,9979982141408;63,6305525786659
"Central_Sudanic";"r0";0,983542474091876;27,5778057755021;27,4524758141377;27,5760144612418;59,0283959422997
"Central_Sudanic";"r0";0,986084877465007;27,552792150275;27,4380727981891;27,5511524911777;58,9566088028062
"Central_Sudanic";"r0";0,980571875024064;26,9438117556566;26,7359129988759;26,9408403033106;62,8983831993797
"Central_Sudanic";"r0";0,986855444356178;27,3970800574592;27,3250837563648;27,3960510297675;60,7668714112324
"Central_Sudanic";"r0";0,984754679859867;26,8677484784446;26,8147730828885;26,8669913124767;63,2290922555065
"Central_Sudanic";"r0";0,984842531741658;27,0268434409104;27,0078317720641;27,0265717112047;59,3289125666239
"Central_Sudanic";"r0";0,979935441957171;26,5852504437653;26,5897417381588;26,5853146368729;63,0191339180431
"Central_Sudanic";"r0";0,98249239779749;26,8260818231002;26,5442638589802;26,8220538593759;63,3895093083271
"Central_Sudanic";"r0";0,982680442514629;26,4037072573888;26,5263348013161;26,4054599465762;62,492655871409
"Central_Sudanic";"r0";0,984787041015139;27,3894352566438;27,2140766586893;27,3869288938096;61,9789196533222
"Central_Sudanic";"r0";0,983112539972493;27,4523889232633;26,9597232759362;27,44534735882;61,579952513028
"Central_Sudanic";"r0";0,98545421319622;27,3128785546399;27,0419043142175;27,309005577933;62,1899276161133
"Central_Sudanic";"r0";0,981173789812482;26,2681374937354;26,4463779111969;26,2706850457979;62,3158941048665
"Central_Sudanic";"r0";0,984216410875701;26,6941037292867;27,2856417866415;26,702558455883;60,6918859013871
"Central_Sudanic";"r0";0,983312575663821;26,7485799374884;26,7246083674225;26,7482373169782;60,9726565660379
"Central_Sudanic";"r0";0,982953326958553;26,8125976716147;26,7070155123878;26,8110886084553;63,0576340017703
"Central_Sudanic";"r0";0,984162942105684;27,1441474294403;26,9351442268275;27,1411601914868;61,8991486464403
"Central_Sudanic";"r0";0,982639560317961;27,1071475898543;26,7533711205089;27,1020911386466;61,4545736727804
"Central_Sudanic";"r0";0,982464397497392;26,7564303508375;27,0964141934607;26,7612896669893;60,3165823740622
"Central_Sudanic";"r0";0,983829514778907;27,2421992461538;26,7700854781769;27,2354514253146;60,7868198022543
"Central_Sudanic";"r0";0,987177856949398;27,8630786736053;27,6444017275587;27,8599531709115;62,0904308971826
"Central_Sudanic";"r0";0,983827582740718;26,9942001867179;27,3524316492764;26,9993203121882;60,5155775677841
"Central_Sudanic";"r0";0,984770770886505;27,259625587728;27,053421909108;27,2566783627706;62,4087169355461
"Central_Sudanic";"r0";0,980760527972372;26,7276663348787;26,2564077344874;26,7209307367664;61,7816756479184
"Central_Sudanic";"r0";0,984504170233512;27,7724945773091;27,4412414466974;27,7677600473517;57,8673931522086
"Central_Sudanic";"r0";0,979743308705316;26,4291044813297;26,059002918132;26,4238146990566;62,5751954444998
"Central_Sudanic";"r0";0,983501328986301;27,7159934758328;27,773625990125;27,7168172050001;59,2767468887425
"Central_Sudanic";"r0";0,983033128379843;26,5363302854672;26,9911341995802;26,5428307002772;63,1213114886171
"Central_Sudanic";"r0";0,981943005734463;26,6551102459081;27,2491288474955;26,6636004263911;60,0901875933388
"Central_Sudanic";"r0";0,982362960972467;26,5295027265399;26,6418397066588;26,5311083349057;60,7476403437611
"Central_Sudanic";"r0";0,985457003001503;27,6215435015887;27,2810349302489;27,6166766856018;59,2093504438385
"Central_Sudanic";"r0";0,985127686158951;26,9686186361222;26,7893235682972;26,9660560101683;61,2707605058911
"Central_Sudanic";"r0";0,986493505445041;28,0207594837875;27,4005051168972;28,0118943211374;60,5381818299541
"Central_Sudanic";"r0";0,982790672808498;26,8527792972272;26,7817064124063;26,8517634677263;62,1476218260685
"Central_Sudanic";"r0";0,979564083514875;27,1824076648005;26,9133681654024;27,1785623409321;60,9712719780477
"Central_Sudanic";"r0";0,984836179170559;27,2319965167244;27,1631656976756;27,2310127325888;62,3087953915497
"Central_Sudanic";"r0";0,984207364587097;27,3765135958344;27,6441609495098;27,3803390220625;60,750908454359
"Central_Sudanic";"r0";0,983005113592662;27,636194979739;27,2969137379443;27,6313457057101;60,6873956844606
"Central_Sudanic";"r0";0,987305338198838;27,8899828924937;27,9289166536613;27,8905393643926;58,1550441696344
"Central_Sudanic";"r0";0,984679561018437;27,304230147272;27,1390177339931;27,3018688016794;59,6978070832322
"Central_Sudanic";"r0";0,986051027347503;27,8168525376799;27,4152195581465;27,811112083635;60,9693544226144
"Central_Sudanic";"r0";0,982882673385759;26,8335619980212;26,6594908065918;26,8310740358123;62,9665879280418
"Central_Sudanic";"r0";0,98539779794773;26,8431320386628;26,4914073571616;26,8381049132187;62,7114403315074
"Central_Sudanic";"r0";0,983131370203916;27,5695113024847;27,4847891030385;27,5683003862571;61,8702060787908
"Central_Sudanic";"r0";0,982170290020987;27,586511473587;27,3749173043395;27,5834872035031;60,8693049963778
"Central_Sudanic";"r0";0,983014562222604;26,5901337414425;26,5348853546075;26,5893440880977;62,7834003832052
"Central_Sudanic";"r0";0,981836328758907;27,4673990911201;27,2139313911667;27,4637763316418;61,442348568598
"Central_Sudanic";"r0";0,98056633605159;26,6652588548577;27,2859367035796;26,6741300702429;61,5937563226718
"Central_Sudanic";"r0";0,986408877749827;27,3928514137854;27,4486088210478;27,3936483424501;60,2346952064212
"Central_Sudanic";"r0";0,988030853401375;27,7089157294417;27,7654048199177;27,7097231158976;58,8476491139545
"Central_Sudanic";"r0";0,982068869389729;26,8762331657002;26,9725390905527;26,877609645631;61,6122922374091
"Central_Sudanic";"r0";0,983930153074027;27,2745759739671;27,355280121524;27,2757294610408;61,708350510246
"Central_Sudanic";"r0";0,984986900770774;27,1968598708916;26,9670403687707;27,1935751100334;60,9911217014213
"Central_Sudanic";"r0";0,987537799908231;27,0393991657566;27,1143253518489;27,0404700696662;61,2801227686679
"Central_Sudanic";"r0";0,981836599946672;26,1208704602089;26,6489669398068;26,1284184299395;61,4826614861559
"Central_Sudanic";"r0";0,980130710608591;26,9573348557719;26,5116954878941;26,9509654278558;63,0918318235431
"Central_Sudanic";"r0";0,983493711148446;27,1895889316327;27,1019474349054;27,1883362905151;60,9251797005782
"Central_Sudanic";"r0";0,985619034259236;26,6207269843263;26,5083106097836;26,619120241193;63,025582424687
"Central_Sudanic";"r0";0,983714444346206;27,029860374597;27,1430797244954;27,0314785944848;59,7026651109721
"Central_Sudanic";"r0";0,982418030680596;27,6261444217003;27,4853151675362;27,6241315793718;58,6224149665053
"Central_Sudanic";"r0";0,982529234529418;26,6098940570097;26,6669445607663;26,6107094676252;62,6562226519672
"Central_Sudanic";"r0";0,979287997949356;26,6059758701464;26,5119126766558;26,604631445094;63,1600113886966
"Central_Sudanic";"r0";0,980590218831006;26,6483386190247;26,7244821526568;26,6494269222216;63,2185835252057
"Central_Sudanic";"r0";0,983790855105683;26,3398206352195;26,813671950895;26,3465932904553;59,6493311303966
"Central_Sudanic";"r0";0,983273567992372;27,6676924195912;27,3630743377041;27,6633385786733;62,3728055170124
"Central_Sudanic";"r0";0,984187505152509;26,9975778481208;26,9062040645808;26,9962718622281;63,1447083365727
"Central_Sudanic";"r0";0,986323874494814;27,4744222989782;27,3116347447626;27,4720956113762;60,4557586107408
"Central_Sudanic";"r0";0,982671560609837;26,5326412614718;26,636968543408;26,5341323889392;62,3085931554405
"Central_Sudanic";"r0";0,985435624892012;27,3302326600927;27,2989808176398;27,3297859842106;60,4869674223142
"Central_Sudanic";"r0";0,982325356855636;27,000625804844;27,4339128524699;27,0068186836957;60,0959202228867
"Central_Sudanic";"r0";0,985710124024055;27,5077666285061;27,0384477786764;27,5010587548326;61,7309086766854
"Central_Sudanic";"r0";0,983130039073314;26,6589983155171;26,468149438207;26,6562705534419;63,9630703630716
"Central_Sudanic";"r0";0,982792977506723;27,1317850890696;26,9350220490948;27,1289727971358;59,8579092730405
"Central_Sudanic";"r0";0,987182421528537;27,415219702427;27,3938249688535;27,4149139120882;60,452344195149
"Central_Sudanic";"r0";0,978853084010975;26,7043166313457;26,5493880056859;26,7021022697241;60,9392421857906
"Central_Sudanic";"r0";0,983204994271831;27,5864641464729;27,2377904067848;27,5814806274859;61,0471647593139
"Central_Sudanic";"r0";0,984513318673986;27,7870987283454;27,0629882949031;27,7767491732083;62,1631494133937
"Central_Sudanic";"r0";0,984709267276224;26,3907495917414;26,4074462005393;26,3909882327903;63,9011903895098
"Central_Sudanic";"r0";0,985742154778629;28,3709106089999;27,7426765748421;28,3619313946767;59,0377937348054
"Central_Sudanic";"r0";0,982073659295126;26,728038837762;26,7000300462264;26,7276385141112;62,8474109147675
"Central_Sudanic";"r0";0,981750632753399;26,494109517931;26,197601013486;26,4898715854643;64,151185165921
"Central_Sudanic";"r0";0,988300930207829;28,6693807521125;28,2521070828467;28,6634167490436;57,9007711574751
"Central_Sudanic";"r0";0,985070497733241;27,0898265454477;27,1500531499895;27,0906873513906;59,8871674018219
"Central_Sudanic";"r0";0,979959308598237;26,3864752060722;26,5942261568469;26,3894445458587;61,8913148463115
"Central_Sudanic";"r0";0,975885558733883;25,8564214922887;26,0686505648872;25,85945483691;64,8673073708712
"Central_Sudanic";"r0";0,982679048663497;27,2669886903143;27,0023498000089;27,2632062634079;59,757567348406
"Central_Sudanic";"r0";0,984808203183569;26,3720279817825;26,8970162341283;26,3795315262877;61,3832293507862
"Central_Sudanic";"r0";0,977679438255097;26,3881839639796;26,7987280987368;26,394051783255;61,996907584699
"Central_Sudanic";"r0";0,984029786063391;27,0648570770974;26,846611242889;27,0617377361926;61,9447387208394
"Central_Sudanic";"r0";0,980748423262803;26,9164467201314;26,7111814440553;26,9135129075603;60,6141768389122
"Central_Sudanic";"r0";0,985003343260066;27,0604158010787;26,6843420781691;27,0550406600075;62,0925454588355
"Central_Sudanic";"r0";0,980970538496007;26,5441392592858;26,260548350598;26,5400859552451;62,5393550526077
"Central_Sudanic";"r0";0,980982100125314;26,4948393518477;26,7672108402173;26,4987322991199;59,5209407998849
"Central_Sudanic";"r0";0,985497070645244;27,3368344528347;27,3939605073389;27,3376509432808;61,0691211891908
"Central_Sudanic";"r0";0,975799698244334;26,2947154046269;26,1065185333693;26,2920255471055;62,8543485727687
"Central_Sudanic";"r0";0,981372211264851;26,8058468777193;26,9494307188065;26,8078990907679;59,7755976573354
"Central_Sudanic";"r0";0,983806773246651;27,3612518470029;27,1803211286564;27,3586658430468;61,1937073266653
"Central_Sudanic";"r0";0,984792764197472;27,3857149831665;27,0926354402275;27,3815260601112;62,3102383028805
"Central_Sudanic";"r0";0,978237592933668;25,9487628058339;26,3926495436721;25,9551071837847;64,1582861670041
"Central_Sudanic";"r0";0,985999715488624;27,4992832999236;27,2808654164298;27,4961614999553;61,6921531479208
"Central_Sudanic";"r0";0,985770277029264;27,9791073209565;27,7435402689938;27,9757404116011;59,1465403217147
"Central_Sudanic";"r0";0,985026613931364;27,64141839859;27,5621950913293;27,640286076849;59,552020890556
"Central_Sudanic";"r0";0,983294398049902;26,7058759352087;26,583965410219;26,7041334942192;62,4798000175224
"Central_Sudanic";"r0";0,980405382795857;25,9983704527362;26,4259417862568;26,0044816381119;63,2092524013029
"Central_Sudanic";"r0";0,980970634218662;27,1984465746628;26,6217079795784;27,1902033736069;60,843612795531
"Central_Sudanic";"r0";0,982405430029429;27,2118252025351;27,1533379657164;27,2109892570021;60,4333895840254
"Central_Sudanic";"r0";0,983951469615899;27,0656666198377;26,9177753368742;27,0635528414462;62,55956054945
"Central_Sudanic";"r0";0,984424580590971;27,7284953066448;27,4280186011467;27,7242006575315;58,8041806552952
"Central_Sudanic";"r0";0,981863218294523;26,6623026085709;26,5576578104832;26,6608069429133;64,4873147989962
"Central_Sudanic";"r0";0,983065025482328;26,9463176018006;27,0075036478672;26,9471921208355;60,4112328376521
"Central_Sudanic";"r0";0,987421175524349;27,7080760346092;27,3851286767212;27,7034602172802;58,8439501092482
"Central_Sudanic";"r0";0,984242404699917;26,8839927743951;26,606132394421;26,8800213755723;62,4106875664459
"Central_Sudanic";"r0";0,983288464800571;27,242082173819;26,9305607591347;27,2376296650459;60,4280714799584
"Central_Sudanic";"r0";0,982202553396356;27,3071594465418;27,0384956305193;27,3033194922353;60,6487699774122
"Central_Sudanic";"r0";0,983143114434575;26,7782664925029;26,4585260175958;26,7736965104645;61,3536397552938
"Central_Sudanic";"r0";0,984874305865844;27,7357338641941;27,4237419383042;27,7312746305052;60,5601258331493
"Central_Sudanic";"r0";0,986114477454733;26,9758230003977;27,5253426685231;26,9836771671677;58,0669463220716
"Central_Sudanic";"r0";0,983190969853036;27,2627740862629;26,929376146664;27,2580089010106;61,9759549304852
"Central_Sudanic";"r0";0,977202420708482;26,0416747620941;26,1758349809979;26,0435922853317;63,0212670531535
"Central_Sudanic";"r0";0,986175172084375;27,3428739813461;27,3680307612207;27,3432335418059;57,4265833697297
"Central_Sudanic";"r0";0,98384375117154;26,6059260521316;26,5892048208968;26,6056870591595;63,9203556975489
"Central_Sudanic";"r0";0,98713521546565;27,2528378832126;26,611672043841;27,2436738373708;62,409299483321
"Central_Sudanic";"r0";0,981831827831343;26,8750056045267;26,8309228248596;26,8743755388106;62,1142509667673
"Central_Sudanic";"r0";0,984062115868614;27,4261298476665;27,0339715579103;27,4205248133308;61,2241890868845
"Central_Sudanic";"r0";0,982451907020344;26,5720921473856;26,5350482345999;26,5715626866844;61,8498001574457
