"matrix_id";"baseline";"ceof_cor";"stat_nodf_columns";"stat_nodf_rows";"stat_nodf_general";"stat_temp"
"Mangarrayi_Maran";"r1";0,996647003082909;57,8078078078078;65,2305665349144;57,8740824392998;38,4241943952983
"Mangarrayi_Maran";"r1";0,995536616956069;56,8318318318318;71,3438735177866;56,9614036325993;32,717651709954
"Mangarrayi_Maran";"r1";0,99665162729994;52,5525525525526;76,9169960474308;52,770092226614;24,3324872729604
"Mangarrayi_Maran";"r1";0,997568410330002;52,1021021021021;78,768115942029;52,3401915113872;22,6762982256511
"Mangarrayi_Maran";"r1";0,997146543108855;56,981981981982;74,0711462450593;57,1345638057595;26,1728050754823
"Mangarrayi_Maran";"r1";0,998819123447172;58,9339339339339;76,5184453227932;59,0909384999059;23,8313333462617
"Mangarrayi_Maran";"r1";0,995336316431499;54,2792792792793;67,8293807641634;54,4002623282515;35,818596095871
"Mangarrayi_Maran";"r1";0,997091217747997;61,3363363363363;71,7457180500659;61,4292772444946;30,3142590234135
"Mangarrayi_Maran";"r1";0,996404505889793;54,2792792792793;74,6343873517787;54,4610213156409;28,5934360535314
"Mangarrayi_Maran";"r1";0,996238786036286;62,012012012012;68,5210803689065;62,07012869377;33,1746149176605
"Mangarrayi_Maran";"r1";0,996533817938291;53,003003003003;69,2555994729908;53,148115471485;39,6560463761111
"Mangarrayi_Maran";"r1";0,99792786678851;56,3063063063063;71,7127799736495;56,4438641069076;27,4132981963124
"Mangarrayi_Maran";"r1";0,996447308036305;52,8528528528528;74,667325428195;53,0476249294184;27,0128750777641
"Mangarrayi_Maran";"r1";0,997716776918104;51,6516516516517;77,3616600790514;51,8812052983249;22,1729580109902
"Mangarrayi_Maran";"r1";0,996926241281466;53,7537537537538;73,9196310935441;53,9338062300019;27,6200865058373
"Mangarrayi_Maran";"r1";0,997136467874667;58,1831831831832;73,0434782608696;58,315864389234;27,2484410060994
"Mangarrayi_Maran";"r1";0,996173568520003;49,1741741741742;72,6416337285903;49,3837050630529;28,3383761828078
"Mangarrayi_Maran";"r1";0,99554237565697;53,4534534534535;73,1949934123847;53,6297172030868;28,4658180258019
"Mangarrayi_Maran";"r1";0,995260754314671;52,9279279279279;69,937417654809;53,0797983719179;31,0112831003407
"Mangarrayi_Maran";"r1";0,99753260166755;60,8108108108108;72,5032938076416;60,9152079804254;28,2322198957332
"Mangarrayi_Maran";"r1";0,99601055106691;58,5585585585586;70,1548089591568;58,6620965085639;33,6202049492592
"Mangarrayi_Maran";"r1";0,997240375186564;54,4294294294294;75,5434782608696;54,6179477225673;27,2803797017362
"Mangarrayi_Maran";"r1";0,99709977660386;55,5555555555556;76,3339920948617;55,7410773103708;25,0368104957756
"Mangarrayi_Maran";"r1";0,996683853813451;56,6066066066066;71,6271409749671;56,7407185206098;31,0196535645167
"Mangarrayi_Maran";"r1";0,996920184368273;59,984984984985;70,9782608695652;60,0831392339545;31,5292070246789
"Mangarrayi_Maran";"r1";0,997010825080338;61,1861861861862;72,5131752305665;61,2873200169396;30,6884355291721
"Mangarrayi_Maran";"r1";0,997888508545012;51,6516516516517;76,3768115942029;51,8724120082816;24,4750454208838
"Mangarrayi_Maran";"r1";0,997468014780653;55,6306306306306;75,6521739130435;55,8093944099379;25,0120424280784
"Mangarrayi_Maran";"r1";0,996280903084474;53,1531531531532;68,3036890645586;53,2884257952193;35,5660738783295
"Mangarrayi_Maran";"r1";0,996265260932184;55,03003003003;71,0638998682477;55,173189582157;29,5826046475269
"Mangarrayi_Maran";"r1";0,997282299385459;56,3813813813814;77,2101449275362;56,567352484472;27,7797190714172
"Mangarrayi_Maran";"r1";0,996753330754306;54,5795795795796;71,8741765480896;54,7339956239413;30,477904792086
"Mangarrayi_Maran";"r1";0,995370945011488;52,3273273273273;69,6772068511199;52,4822369659326;31,781286156898
"Mangarrayi_Maran";"r1";0,996573911572067;54,6546546546547;73,8768115942029;54,8262810559006;26,0288495125694
"Mangarrayi_Maran";"r1";0,997669341762637;49,4744744744745;81,8313570487484;49,7633752117448;20,999716720265
"Mangarrayi_Maran";"r1";0,997079641199231;55,8558558558559;76,4525691699605;56,0397550818747;25,4096212521732
"Mangarrayi_Maran";"r1";0,997437775189026;58,6336336336336;69,8616600790514;58,7338838697534;30,5745874851459
"Mangarrayi_Maran";"r1";0,996147793470275;46,4714714714715;78,5737812911726;46,7580992377188;23,4957478791818
"Mangarrayi_Maran";"r1";0,995367281928888;57,4324324324324;67,6218708827404;57,523409561453;36,2712487539919
"Mangarrayi_Maran";"r1";0,996664611792966;54,8048048048048;76,1166007905138;54,9950886975344;26,3202220815901
"Mangarrayi_Maran";"r1";0,997120100903732;58,2582582582583;74,137022397892;58,4000329380764;27,2469125996448
"Mangarrayi_Maran";"r1";0,997246171629687;57,5825825825826;74,4071146245059;57,7328016186712;26,1801947593886
"Mangarrayi_Maran";"r1";0,997878229529714;51,6516516516517;77,1343873517787;51,8791760775456;23,7660800336782
"Mangarrayi_Maran";"r1";0,995966651991686;51,0510510510511;75,6521739130435;51,2707039337474;26,0436120361974
"Mangarrayi_Maran";"r1";0,997695018074377;49,024024024024;81,7654808959157;49,3163584603802;21,1277562583888
"Mangarrayi_Maran";"r1";0,99691474413714;49,8498498498498;74,137022397892;50,0666996047431;25,2923242902152
"Mangarrayi_Maran";"r1";0,996479322119562;53,6036036036036;73,3036890645586;53,7794972237907;26,7085389140173
"Mangarrayi_Maran";"r1";0,997797277018251;51,1261261261261;77,1772068511199;51,3587250611707;21,6771709120969
"Mangarrayi_Maran";"r1";0,996144349317158;50,7507507507508;73,9525691699605;50,9579098437794;28,2273225904189
"Mangarrayi_Maran";"r1";0,996551325072977;54,5045045045045;74,7859025032938;54,685588415208;28,3738782273091
"Mangarrayi_Maran";"r1";0,997810512328565;59,1591591591592;74,7101449275362;59,2980072463768;26,5005521684615
"Mangarrayi_Maran";"r1";0,997386428677416;59,5345345345345;72,3945981554677;59,64935653115;27,8263293866973
"Mangarrayi_Maran";"r1";0,996389525884045;52,4024024024024;76,9499341238472;52,6215767927724;25,5764911449373
"Mangarrayi_Maran";"r1";0,997491578879596;51,5015015015015;79,0711462450593;51,7476590438547;24,8074857064128
"Mangarrayi_Maran";"r1";0,998340824476694;55,4054054054054;77,967720685112;55,6068546489742;22,5348144925653
"Mangarrayi_Maran";"r1";0,997551692878234;57,6576576576577;73,9525691699605;57,8031479390175;27,1402170104509
"Mangarrayi_Maran";"r1";0,995592793962414;55,7057057057057;67,5559947299078;55,8115118577075;35,6164919683874
"Mangarrayi_Maran";"r1";0,997120100903732;58,4084084084084;74,0612648221344;58,5481660549595;28,3577460598453
"Mangarrayi_Maran";"r1";0,997815085400718;53,003003003003;79,568511198946;53,2401950404668;21,5293661956998
"Mangarrayi_Maran";"r1";0,99682415105078;57,6576576576577;72,8590250329381;57,7933841520798;28,6623334586549
"Mangarrayi_Maran";"r1";0,995263825071073;49,8498498498498;73,8438735177866;50,0640822040279;28,2321274498952
"Mangarrayi_Maran";"r1";0,998694754058971;57,957957957958;70,9881422924901;58,0742988895163;38,0968567162259
"Mangarrayi_Maran";"r1";0,99768742866069;55,6306306306306;75,5105401844532;55,8081298230755;26,0588253922212
"Mangarrayi_Maran";"r1";0,996033730639259;63,3633633633634;69,2457180500659;63,4158843873518;35,8182075919193
"Mangarrayi_Maran";"r1";0,996860769128402;60,5855855855856;71,5612648221344;60,6835827216262;30,9990125651042
"Mangarrayi_Maran";"r1";0,998121976193581;55,5555555555556;74,0612648221344;55,7207851025786;27,3209353724316
"Mangarrayi_Maran";"r1";0,997439207909256;57,7327327327327;72,5032938076416;57,8646127423301;27,825228330353
"Mangarrayi_Maran";"r1";0,994655136597313;56,5315315315315;67,0487483530962;56,6254352531526;35,864712292171
"Mangarrayi_Maran";"r1";0,996527712625444;52,5525525525526;77,0586297760211;52,7713568134764;24,738232763205
"Mangarrayi_Maran";"r1";0,996406820189669;51,5765765765766;75,3590250329381;51,7889198663655;26,1063945649115
"Mangarrayi_Maran";"r1";0,99709977660386;56,1561561561562;76,3339920948617;56,3363154056089;24,9198025458826
"Mangarrayi_Maran";"r1";0,996292364721141;54,5795795795796;72,5032938076416;54,7396127423301;30,6086631406575
"Mangarrayi_Maran";"r1";0,997304149619162;61,4114114114114;73,1192358366271;61,5159455580651;28,6097289094572
"Mangarrayi_Maran";"r1";0,997103041250876;56,3063063063063;71,4196310935441;56,4412467061924;30,4313045616014
"Mangarrayi_Maran";"r1";0,997787721613895;52,4024024024024;77,8590250329381;52,6296936758893;22,7497963542853
"Mangarrayi_Maran";"r1";0,996077586999185;56,6816816816817;68,6824769433465;56,7888316393751;34,7214779587286
"Mangarrayi_Maran";"r1";0,996349404596308;56,006006006006;68,3794466403162;56,1164831545266;33,4045089482855
"Mangarrayi_Maran";"r1";0,996761006106151;58,5585585585586;75,467720685112;58,7095332204028;28,9331680719139
"Mangarrayi_Maran";"r1";0,996473070249903;48,7987987987988;76,1923583662714;49,0433841520798;26,5750943983523
"Mangarrayi_Maran";"r1";0,997160869646923;54,0540540540541;77,7404479578393;54,2655397139093;25,0000275010902
"Mangarrayi_Maran";"r1";0,996326489061929;56,4564564564565;71,3768115942029;56,5896739130435;28,8358715429543
"Mangarrayi_Maran";"r1";0,995225901051003;47,8978978978979;73,7351778656126;48,1285878976096;28,5613824603075
"Mangarrayi_Maran";"r1";0,996899702298374;53,003003003003;78,6923583662714;53,2323722473179;23,1226711365698
"Mangarrayi_Maran";"r1";0,99819247296332;54,7297297297297;76,3438735177866;54,9227131564088;23,4503170195233
"Mangarrayi_Maran";"r1";0,996106593949729;57,0570570570571;67,4703557312253;57,1500329380764;35,5668482682757
"Mangarrayi_Maran";"r1";0,997389381845405;61,4864864864865;74,7430830039526;61,6048489553924;28,2227697651901
"Mangarrayi_Maran";"r1";0,997662197428789;51,8768768768769;75,5434782608696;52,0881858178054;24,8502239253346
"Mangarrayi_Maran";"r1";0,996993647131049;54,954954954955;70,8794466403162;55,0971379164314;28,5893549917115
"Mangarrayi_Maran";"r1";0,996782469020823;51,1261261261261;67,9446640316205;51,2762916431395;34,1768871706317
"Mangarrayi_Maran";"r1";0,997708155666963;48,6486486486487;79,5586297760211;48,9246306230002;21,4318233561275
"Mangarrayi_Maran";"r1";0,997231223064983;53,0780780780781;78,6594202898551;53,3064829192547;23,9813489163697
"Mangarrayi_Maran";"r1";0,997808248965142;58,5585585585586;75,836627140975;58,7128270280444;26,3670910202648
"Mangarrayi_Maran";"r1";0,996410023601015;41,1411411411411;80,899209486166;41,4961238942217;20,2995455730391
"Mangarrayi_Maran";"r1";0,996678841834382;50,0750750750751;80,9749670619236;50,3509669678148;21,3631230331611
"Mangarrayi_Maran";"r1";0,996954993134388;59,009009009009;69,3873517786561;59,101672783738;33,570096205108
"Mangarrayi_Maran";"r1";0,997280972815411;62,8378378378378;70,6620553359684;62,9076969226426;31,7850036061886
"Mangarrayi_Maran";"r1";0,99631296408126;60,1351351351351;70,5105401844532;60,2277726802183;33,1046136263757
"Mangarrayi_Maran";"r1";0,996997499076826;57,7327327327327;75,899209486166;57,8949334180312;27,2458419703742
"Mangarrayi_Maran";"r1";0,997522446720976;58,1831831831832;70,9123847167325;58,2968367683042;28,3903570947438
"Mangarrayi_Maran";"r1";0,998409347278635;53,0780780780781;78,7252964426877;53,3070710991907;21,7268123832266
"Mangarrayi_Maran";"r1";0,99790284328542;52,7027027027027;80,9321475625823;52,9547513175231;20,6281232849172
"Mangarrayi_Maran";"r1";0,995486352523157;54,954954954955;70,6620553359684;55,0951969226426;30,7810453928491
"Mangarrayi_Maran";"r1";0,997349506658116;54,8048048048048;75,3919631093544;54,9886187182383;24,8831414140247
"Mangarrayi_Maran";"r1";0,997528310206144;57,2072072072072;72,9776021080369;57,3480143045361;27,6025678710111
"Mangarrayi_Maran";"r1";0,997948174112683;63,8888888888889;72,3616600790514;63,9645386316582;27,8323593972232
"Mangarrayi_Maran";"r1";0,995077555750265;53,003003003003;68,3135704874835;53,1397044984001;34,7927885963393
"Mangarrayi_Maran";"r1";0,99771152639991;52,7027027027027;77,1014492753623;52,9205486542443;24,4129275632094
"Mangarrayi_Maran";"r1";0,997708975229438;57,3573573573574;76,3866930171278;57,5272621400339;27,2425564163674
"Mangarrayi_Maran";"r1";0,995679355139913;51,2012012012012;68,3036890645586;51,3539019856955;33,2374936306831
"Mangarrayi_Maran";"r1";0,996932043308673;52,8528528528528;74,6772068511199;53,0477131564088;25,7894766265252
"Mangarrayi_Maran";"r1";0,997058873937023;54,5045045045045;76,3866930171278;54,6998811876529;25,3898634989787
"Mangarrayi_Maran";"r1";0,996311976575325;56,6816816816817;73,8768115942029;56,8352096273292;30,162008656403
"Mangarrayi_Maran";"r1";0,997258107904451;54,5795795795796;75,467720685112;54,7660808394504;26,2394178310328
"Mangarrayi_Maran";"r1";0,997254386636967;60,8858858858859;71,637022397892;60,9818781761717;30,4654466979423
"Mangarrayi_Maran";"r1";0,996306771806327;60,1351351351351;71,7127799736495;60,2385069640504;33,1152556720161
"Mangarrayi_Maran";"r1";0,99719617378389;55,03003003003;75,3590250329381;55,2115389139846;24,0455161908971
"Mangarrayi_Maran";"r1";0,996219635191172;59,0840840840841;71,1923583662714;59,1921936758893;32,0803795700529
"Mangarrayi_Maran";"r1";0,997082256303959;63,0630630630631;70,0889328063241;63,1257940429136;30,7997348395986
"Mangarrayi_Maran";"r1";0,995772365289738;56,6066066066066;71,4953886693017;56,7395421607378;31,15731362774
"Mangarrayi_Maran";"r1";0,995756939792209;50;70,5764163372859;50,1837180030115;34,7813458879223
"Mangarrayi_Maran";"r1";0,997166734362807;56,0810810810811;70,9881422924901;56,2141798418972;27,8659241168758
"Mangarrayi_Maran";"r1";0,995554392604351;59,6846846846847;70,6949934123847;59,7829910126106;32,8016656331636
"Mangarrayi_Maran";"r1";0,998345880773814;61,2612612612613;75,0461133069829;61,3843402973838;26,4967716103805
"Mangarrayi_Maran";"r1";0,997348063921767;52,2522522522522;78,1521739130435;52,483501552795;24,310840893114
"Mangarrayi_Maran";"r1";0,997379922143804;58,2582582582583;74,6014492753623;58,4041796066253;29,4363453818858
"Mangarrayi_Maran";"r1";0,996816318526909;60,2102102102102;70,0461133069829;60,2980307735742;32,9983299283219
"Mangarrayi_Maran";"r1";0,996711965384011;55,3303303303303;70,036231884058;55,4616330227743;31,5391348120353
"Mangarrayi_Maran";"r1";0,995838759951817;52,027027027027;72,2859025032938;52,2079098437794;29,0024674095042
"Mangarrayi_Maran";"r1";0,996911059534295;57,2822822822823;74,9275362318841;57,4398291925466;29,0489889858694
"Mangarrayi_Maran";"r1";0,997551875570659;56,006006006006;76,3339920948617;56,1875058817994;25,2636331478333
"Mangarrayi_Maran";"r1";0,997060221140251;59,6846846846847;72,5790513833992;59,7998129587803;29,9337713479934
"Mangarrayi_Maran";"r1";0,996219235255881;59,7597597597598;67,0915678524374;59,8252223320158;43,0910966681255
"Mangarrayi_Maran";"r1";0,996228130590733;59,6096096096096;70,6949934123847;59,7085862507058;30,9260551281631
"Mangarrayi_Maran";"r1";0,99716210662087;57,5075075075075;72,3945981554677;57,6404279597214;27,8375055556419
"Mangarrayi_Maran";"r1";0,996221167596706;62,012012012012;68,3794466403162;62,0688641069076;36,7385198274596
"Mangarrayi_Maran";"r1";0,996972303406952;55,2552552552552;76,9828722002635;55,4492518351214;25,545444627226
"Mangarrayi_Maran";"r1";0,99658178252946;51,8018018018018;75,6521739130435;52,014751552795;24,7493836849975
"Mangarrayi_Maran";"r1";0,996509810182326;53,0780780780781;73,0105401844532;53,2560464897421;26,9226784683173
"Mangarrayi_Maran";"r1";0,996714754214472;47,8978978978979;77,0256916996047;48,1579674854131;24,7417789315997
"Mangarrayi_Maran";"r1";0,997042889993389;55,3303303303303;76,0836627140975;55,5156279408997;24,6571476518399
"Mangarrayi_Maran";"r1";0,997166299125813;55,4054054054054;75,6521739130435;55,5861801242236;26,7615626327
"Mangarrayi_Maran";"r1";0,997766756136592;58,4084084084084;76,2252964426877;58,5674877658573;25,8439068462731
"Mangarrayi_Maran";"r1";0,995873249277108;53,0780780780781;69,8616600790514;53,227931488801;30,0549907909541
"Mangarrayi_Maran";"r1";0,995376066147448;58,1081081081081;68,3036890645586;58,1991400809336;36,6966467901442
"Mangarrayi_Maran";"r1";0,996605951128849;57,1321321321321;72,6218708827405;57,2704333709769;28,7530170873931
"Mangarrayi_Maran";"r1";0,997731549020544;41,6666666666667;83,8965744400527;42,0437194146433;17,6539245090604
"Mangarrayi_Maran";"r1";0,996402340313342;53,6786786786787;73,2608695652174;53,8535196687371;28,9635621976127
"Mangarrayi_Maran";"r1";0,996402340313342;53,9039039039039;73,1521739130435;54,0757634575569;27,2012427589
"Mangarrayi_Maran";"r1";0,996234901825114;60,5105105105105;71,3438735177866;60,6072369659326;33,5475744014946
"Mangarrayi_Maran";"r1";0,997540261146673;52,8528528528528;78,5079051383399;53,0819158196876;22,9022848165729
"Mangarrayi_Maran";"r1";0,996588004977384;60,6606606606607;71,5612648221344;60,757987483531;30,7456831047607
"Mangarrayi_Maran";"r1";0,997267515884249;61,1111111111111;74,5256916996047;61,2308841520798;27,4304926737671
"Mangarrayi_Maran";"r1";0,99661965612414;58,4084084084084;75,5434782608696;58,5614001035197;28,5986627777945
"Mangarrayi_Maran";"r1";0,994926756020679;53,2282282282282;72,2529644268775;53,3980919442876;31,2821880635894
"Mangarrayi_Maran";"r1";0,997583765822368;60,7357357357357;75,1416337285903;60,8643598249576;26,9244641829237
"Mangarrayi_Maran";"r1";0,996461052099893;57,6576576576577;73,7252964426877;57,8011187182383;28,8397981532108
"Mangarrayi_Maran";"r1";0,996374317794345;54,4294294294294;74,1699604743083;54,6056841709016;27,7240591122577
"Mangarrayi_Maran";"r1";0,997428742831411;64,039039039039;71,0309617918314;64,1014669207604;31,0785429034812
"Mangarrayi_Maran";"r1";0,996220855164853;58,1081081081081;69,028326745718;58,2056100602296;34,7209207594167
"Mangarrayi_Maran";"r1";0,997167047178307;58,8588588588589;74,6772068511199;59,0000941087898;27,8866131285512
"Mangarrayi_Maran";"r1";0,997088590060372;53,7537537537538;76,4525691699605;53,9564217485413;25,7466678090223
"Mangarrayi_Maran";"r1";0,99736083204857;55,2552552552552;71,8741765480896;55,4036384810841;28,7581965434067
"Mangarrayi_Maran";"r1";0,995812842783199;57,2822822822823;72,3616600790514;57,4169195840392;30,4530609445904
"Mangarrayi_Maran";"r1";0,997418851910633;55,3303303303303;77,8260869565217;55,531185300207;24,4582663767921
"Mangarrayi_Maran";"r1";0,997282413615065;52,4774774774775;79,2654808959157;52,7166560794278;22,8308667726866
"Mangarrayi_Maran";"r1";0,996883735524453;58,8588588588589;74,8945981554677;59,0020351025786;28,2891334440193
"Mangarrayi_Maran";"r1";0,995684596968241;54,0540540540541;65,4051383399209;54,1554030208921;36,7083498932031
"Mangarrayi_Maran";"r1";0,99719371013044;61,8618618618619;73,336627140975;61,9643151232825;29,1469223812782
"Mangarrayi_Maran";"r1";0,997037072195801;58,2582582582583;73,2279314888011;58,3919160549595;29,7059894364487
"Mangarrayi_Maran";"r1";0,99497344515298;56,9069069069069;68,3794466403162;57,0093402973838;33,353506917021
"Mangarrayi_Maran";"r1";0,997886334439925;58,7087087087087;75,6521739130435;58,8599896480331;25,3852857144523
"Mangarrayi_Maran";"r1";0,997676404732537;55,03003003003;78,7022397891963;55,2413890457369;24,7314449683881
"Mangarrayi_Maran";"r1";0,998076011018785;55,03003003003;79,667325428195;55,2500058817994;23,122846609473
"Mangarrayi_Maran";"r1";0,996947667804609;46,5465465465465;80,2503293807642;46,8474731789949;22,5630997222739
"Mangarrayi_Maran";"r1";0,996992258692356;55,7807807807808;75,5105401844532;55,956939346885;25,84683776174
"Mangarrayi_Maran";"r1";0,997482104132515;57,957957957958;74,7859025032938;58,108207462827;25,6105795737427
"Mangarrayi_Maran";"r1";0,997367304580782;58,033033033033;74,4071146245059;58,1792301900998;28,0800283469921
"Mangarrayi_Maran";"r1";0,99498339888594;59,5345345345345;66,2911725955204;59,594861660079;37,0489185574904
"Mangarrayi_Maran";"r1";0,997636776028347;58,8588588588589;76,1495388669302;59,0132399303595;25,3995687840459
"Mangarrayi_Maran";"r1";0,997663578890694;57,0570570570571;73,1851119894598;57,2010575475249;26,5888203453811
"Mangarrayi_Maran";"r1";0,997273940801395;56,3813813813814;71,528326745718;56,5166219649915;28,8404947035468
"Mangarrayi_Maran";"r1";0,996287271154314;51,3513513513513;76,2022397891963;51,5732342838321;24,9472122082372
"Mangarrayi_Maran";"r1";0,997244178356097;51,7267267267267;76,3010540184453;51,9461403632599;24,7435116507621
"Mangarrayi_Maran";"r1";0,996331511320748;54,7297297297297;76,1923583662714;54,921360342556;26,3212878191817
"Mangarrayi_Maran";"r1";0,995983592710646;58,7837837837838;69,7200263504611;58,8814288067005;36,0246277893921
"Mangarrayi_Maran";"r1";0,996992425882827;58,3333333333333;69,1798418972332;58,4301771597967;32,6578219282811
"Mangarrayi_Maran";"r1";0,996948470898868;57,8078078078078;74,0184453227931;57,952545642763;29,0639913489101
"Mangarrayi_Maran";"r1";0,995037921585637;53,6786786786787;73,0862977602108;53,8519609919066;29,5533869385831
"Mangarrayi_Maran";"r1";0,995304437011315;53,5285285285285;69,9703557312253;53,675330557124;31,1152216161613
"Mangarrayi_Maran";"r1";0,996837205775891;51,8768768768769;77,6646903820817;52,1071252117448;24,7222219046612
"Mangarrayi_Maran";"r1";0,995456977095908;51,8768768768769;71,4953886693017;52,0520421607378;29,486719421495
"Mangarrayi_Maran";"r1";0,998002649616367;56,006006006006;78,6495388669302;56,20818040655;23,6103951891216
"Mangarrayi_Maran";"r1";0,998121054921857;50,7507507507508;77,2430830039526;50,9872894315829;22,1426659437719
"Mangarrayi_Maran";"r1";0,99602433493851;58,9339339339339;70,2305665349144;59,0347967250141;33,3529938146834
"Mangarrayi_Maran";"r1";0,997625285497136;52,3273273273273;79,5158102766798;52,5700816393751;21,5726325973523
"Mangarrayi_Maran";"r1";0,996835938817627;51,7267267267267;72,328722002635;51,9106731131188;27,8494767748935
"Mangarrayi_Maran";"r1";0,998064837928016;63,4384384384384;70,9123847167325;63,5051701016375;29,1928306714986
"Mangarrayi_Maran";"r1";0,995090424986176;51,4264264264264;71,2351778656126;51,603290278562;30,9014636837973
"Mangarrayi_Maran";"r1";0,996556147274726;56,6816816816817;72,5032938076416;56,8229460756635;31,6690806148253
"Mangarrayi_Maran";"r1";0,997604819715258;63,4384384384384;72,1343873517787;63,5160808394504;30,3945685110572
"Mangarrayi_Maran";"r1";0,996956422021371;57,5075075075075;72,3945981554677;57,6404279597214;29,1085917683036
"Mangarrayi_Maran";"r1";0,997551055789142;51,5765765765766;77,0915678524374;51,8043889986825;22,5898388064435
"Mangarrayi_Maran";"r1";0,996683781760307;54,6546546546547;76,8412384716733;54,8527491530209;26,4551831134806
"Mangarrayi_Maran";"r1";0,997632425183475;58,6336336336336;75,5862977602108;58,7849967061924;25,846126021429
"Mangarrayi_Maran";"r1";0,996993898608543;54,954954954955;74,7859025032938;55,1320169866366;26,3316926942615
"Mangarrayi_Maran";"r1";0,997551875570659;55,7807807807808;76,4525691699605;55,9653503199699;24,3434475859647
"Mangarrayi_Maran";"r1";0,997479040047698;52,7027027027027;75,2075098814229;52,9036384810841;24,7180487179652
"Mangarrayi_Maran";"r1";0,996814580434517;52,2522522522522;77,6745718050066;52,479237248259;24,2234976904159
"Mangarrayi_Maran";"r1";0,995709766756332;53,3783783783784;72,4703557312253;53,5488424618859;29,487184347794
"Mangarrayi_Maran";"r1";0,996037410064297;56,7567567567568;68,3794466403162;56,8605307735743;34,3180959311581
"Mangarrayi_Maran";"r1";0,99636614475767;53,2282282282282;74,199604743083;53,4154726613966;28,6582378855581
"Mangarrayi_Maran";"r1";0,997886334439925;58,9339339339339;75,5764163372859;59,082527526821;25,5228775575507
"Mangarrayi_Maran";"r1";0,99823081746962;52,4024024024024;79,7859025032938;52,6468979390175;22,3090130713685
"Mangarrayi_Maran";"r1";0,998145604234131;59,0840840840841;77,2430830039526;59,2462180030115;25,7352548620055
"Mangarrayi_Maran";"r1";0,996288648951954;56,5315315315315;67,5790513833992;56,6301701016375;33,0374359699447
"Mangarrayi_Maran";"r1";0,99812936462201;56,1561561561562;79,5915678524374;56,3654009034444;23,6049619843408
"Mangarrayi_Maran";"r1";0,996087713121486;54,4294294294294;74,137022397892;54,6053900809336;26,6753211576383
"Mangarrayi_Maran";"r1";0,997647753061312;55,5555555555556;77,8590250329381;55,7546936758893;23,495769475822
"Mangarrayi_Maran";"r1";0,993887791433776;48,8738738738739;69,8188405797102;49,060882505176;33,6102440322255
"Mangarrayi_Maran";"r1";0,996544149244693;54,0540540540541;73,0434782608696;54,223602484472;27,8097223766417
"Mangarrayi_Maran";"r1";0,996837825026384;55,4054054054054;71,9927536231884;55,5535067287785;27,9286868722038
"Mangarrayi_Maran";"r1";0,996380514225342;54,2792792792793;73,6923583662714;54,452610342556;27,6365972331915
"Mangarrayi_Maran";"r1";0,996292364721141;57,957957957958;72,5461133069829;58,0882093450028;29,7977090848141
"Mangarrayi_Maran";"r1";0,997842515362369;55,5555555555556;78,5408432147563;55,760781338227;22,7849451830004
"Mangarrayi_Maran";"r1";0,995844723312592;55,4804804804805;70,1877470355731;55,6117953604367;31,0493572110513
"Mangarrayi_Maran";"r1";0,997853567350628;48,3483483483483;80,2075098814229;48,6328051477508;21,5835286465085
"Mangarrayi_Maran";"r1";0,997914087916323;52,5525525525526;78,0764163372859;52,7804441934877;22,3026088715411
"Mangarrayi_Maran";"r1";0,997791757090658;52,8528528528528;78,9855072463768;53,0861801242236;23,5146685703127
"Mangarrayi_Maran";"r1";0,997803564273294;58,5585585585586;77,8919631093544;58,7311782420478;26,0023243383615
"Mangarrayi_Maran";"r1";0,996116988803841;51,9519519519519;71,7127799736495;52,1283879164314;27,0054933141802
"Mangarrayi_Maran";"r1";0,997295495293684;61,1861861861862;73,3695652173913;61,2949663561077;29,9649436415622
"Mangarrayi_Maran";"r1";0,996833080198657;55,5555555555556;77,9347826086957;55,7553700828157;27,2063288799923
"Mangarrayi_Maran";"r1";0,996680519488124;54,0540540540541;73,2608695652174;54,2255434782609;28,4506394227895
"Mangarrayi_Maran";"r1";0,996700582285828;57,2072072072072;73,0533596837945;57,3486907114625;28,8165457312658
"Mangarrayi_Maran";"r1";0,99621184082105;53,2282282282282;72,437417654809;53,3997388481084;28,4438541259154
"Mangarrayi_Maran";"r1";0,996738992928383;55,7057057057057;75,5434782608696;55,8828286749482;26,6864952809294
"Mangarrayi_Maran";"r1";0,995628057701546;48,7987987987988;73,6923583662714;49,0210627235084;25,9106744192608
"Mangarrayi_Maran";"r1";0,996733519160953;51,8018018018018;75,6851119894598;52,015045642763;25,6353248090633
"Mangarrayi_Maran";"r1";0,996631321734676;58,4084084084084;69,4729907773386;58,5071993224167;30,3351803357694
"Mangarrayi_Maran";"r1";0,996194050392249;60,2102102102102;71,4855072463768;60,310882505176;31,1270864576215
"Mangarrayi_Maran";"r1";0,996246212460882;51,0510510510511;76,0836627140975;51,2745565123283;26,2062425874211
"Mangarrayi_Maran";"r1";0,997719972343377;55,5555555555556;80,1745718050066;55,7753682006399;23,9616487519739
"Mangarrayi_Maran";"r1";0,996208918644218;46,8468468468468;76,3768115942029;47,1105072463768;24,2043074922184
"Mangarrayi_Maran";"r1";0,99563338142138;53,5285285285285;69,137022397892;53,6678900809336;32,112694852454
"Mangarrayi_Maran";"r1";0,997905106697239;55,9309309309309;77,8919631093544;56,1270115753811;22,5564423103772
"Mangarrayi_Maran";"r1";0,996993158074401;57,1321321321321;73,2279314888011;57,2758446263881;28,2115196752622
"Mangarrayi_Maran";"r1";0,996938893991001;50,3003003003003;75,9749670619236;50,5295383963862;23,5080224201301
"Mangarrayi_Maran";"r1";0,997408492031224;58,9339339339339;74,6772068511199;59,0744988706945;26,9159210389054
"Mangarrayi_Maran";"r1";0,998204342539941;55,7807807807808;78,1093544137022;55,9801430453604;24,4080964527367
"Mangarrayi_Maran";"r1";0,996213403760048;55,1801801801802;75,2832674571805;55,3596720308677;26,5972733422767
"Mangarrayi_Maran";"r1";0,996168453365193;44,4444444444444;77,7832674571805;44,7421125070582;23,3130109168651
"Mangarrayi_Maran";"r1";0,996697370638141;46,7717717717718;74,667325428195;47,0208392151327;25,8041306656675
"Mangarrayi_Maran";"r1";0,99682816746;56,9069069069069;73,0105401844532;57,050689346885;28,697756088921
"Mangarrayi_Maran";"r1";0,995686577199709;52,1771771771772;69,7430830039526;52,3340156220591;30,4900318333934
"Mangarrayi_Maran";"r1";0,99785505948161;61,4114114114114;75,0032938076416;61,5327675042349;26,7700899176866
"Mangarrayi_Maran";"r1";0,994974285813165;53,3033033033033;68,4123847167325;53,4382058159232;36,6446399155238
"Mangarrayi_Maran";"r1";0,997301190166534;57,7327327327327;72,3188405797101;57,8629658385093;29,0809354298026
"Mangarrayi_Maran";"r1";0,995153192942967;57,6576576576577;64,3642951251647;57,7175383493318;39,0878565080188
"Mangarrayi_Maran";"r1";0,99505927525451;50,6006006006006;74,6014492753623;50,8148938923395;28,1613910621756
"Mangarrayi_Maran";"r1";0,997896143695893;55,8558558558559;77,3517786561265;56,0477837380011;24,9933233937472
"Mangarrayi_Maran";"r1";0,997946518338555;52,7027027027027;78,7252964426877;52,9350472896669;22,3882958643538
"Mangarrayi_Maran";"r1";0,996724271736093;56,006006006006;70,836627140975;56,1384222661397;29,6550865367529
"Mangarrayi_Maran";"r1";0,995782134131913;48,2732732732733;70,5434782608696;48,472114389234;30,9731108442481
"Mangarrayi_Maran";"r1";0,998022858557928;59,6096096096096;72,5461133069829;59,7251141069076;28,7596004036268
"Mangarrayi_Maran";"r1";0,996733376896776;58,3333333333333;73,768115942029;58,4711438923395;27,886735831249
"Mangarrayi_Maran";"r1";0,998457407142384;51,8768768768769;80,5006587615283;52,1324463579898;22,5206374156494
"Mangarrayi_Maran";"r1";0,99747381323213;52,5525525525526;77,967720685112;52,7794736965933;24,145751970848
"Mangarrayi_Maran";"r1";0,997319450243838;54,6546546546547;74,8945981554677;54,8353684359119;26,4077037119269
"Mangarrayi_Maran";"r1";0,99718866903305;54,0540540540541;74,5586297760211;54,2371306230002;25,2562082907878
"Mangarrayi_Maran";"r1";0,996861752537495;53,2282282282282;73,8438735177866;53,4122964897421;26,5722229656298
"Mangarrayi_Maran";"r1";0,998131819325699;58,7087087087087;78,0434782608696;58,8813405797101;25,9331833329773
"Mangarrayi_Maran";"r1";0,997098532113391;55,4804804804805;78,0434782608696;55,6819358178054;25,3651371830188
"Mangarrayi_Maran";"r1";0,996677383619374;58,2582582582583;73,9196310935441;58,3980919442876;28,574974411239
"Mangarrayi_Maran";"r1";0,996851669211045;47,1471471471471;77,9018445322793;47,4217426595144;22,1072445407663
"Mangarrayi_Maran";"r1";0,997114803500038;54,0540540540541;73,1851119894598;54,2248670713345;27,6288700699051
"Mangarrayi_Maran";"r1";0,996825366161997;52,027027027027;72,2101449275362;52,207233436853;27,5125357059038
"Mangarrayi_Maran";"r1";0,997623504254003;60,3603603603604;70,8794466403162;60,4542807735742;29,3574972917539
"Mangarrayi_Maran";"r1";0,995812530158677;57,6576576576577;72,2957839262187;57,788355213627;30,7334579343822
"Mangarrayi_Maran";"r1";0,996821083321583;55,03003003003;74,0942028985507;55,2002458592132;27,527211200304
"Mangarrayi_Maran";"r1";0,997312963599508;51,5765765765766;76,268115942029;51,7970367494824;25,7002333525168
"Mangarrayi_Maran";"r1";0,99502110327967;55,7807807807808;70,6620553359684;55,913649303595;33,4981024577042
"Mangarrayi_Maran";"r1";0,997263389692227;57,3573573573574;72,4604743083004;57,4922066158479;28,3083636903752
"Mangarrayi_Maran";"r1";0,996162177136403;51,7267267267267;72,9347826086957;51,91608436853;29,646168057731
"Mangarrayi_Maran";"r1";0,996523323674488;49,3993993993994;80,2832674571805;49,6751482213439;23,0959917735326
"Mangarrayi_Maran";"r1";0,997507375863889;54,2042042042042;73,2608695652174;54,3743530020704;27,9616986855727
"Mangarrayi_Maran";"r1";0,996919833830244;57,8828828828829;72,5032938076416;58,0134222661397;30,1104031470724
"Mangarrayi_Maran";"r1";0,996603767433005;55,8558558558559;70,6521739130435;55,9879658385093;32,3533408944363
"Mangarrayi_Maran";"r1";0,997472260474153;61,036036036036;71,6040843214756;61,1303936100132;29,509417587712
"Mangarrayi_Maran";"r1";0,99623594220174;50,6006006006006;76,0079051383399;50,8274515339733;25,7819619184051
"Mangarrayi_Maran";"r1";0,997453359103381;58,033033033033;69,2127799736495;58,1328522021457;37,7288571421638
"Mangarrayi_Maran";"r1";0,996766938623854;56,006006006006;70,5764163372859;56,1360989553924;31,7564509312235
"Mangarrayi_Maran";"r1";0,995117296267176;51,4264264264264;70,9123847167325;51,6004081968756;29,1495344432511
"Mangarrayi_Maran";"r1";0,997131658234893;54,8048048048048;74,937417654809;54,9845602766798;26,1564434030405
"Mangarrayi_Maran";"r1";0,995038198834742;48,048048048048;67,8392621870883;48,2247553171466;33,9711260562308
"Mangarrayi_Maran";"r1";0,997267515884249;60,4354354354354;74,5355731225296;60,5613295219273;28,3772929470432
"Mangarrayi_Maran";"r1";0,997118777437434;55,8558558558559;76,1923583662714;56,0374317711274;26,0898839257645
"Mangarrayi_Maran";"r1";0,994706152867384;51,4264264264264;75,4347826086957;51,6407867494824;27,2321021172974
"Mangarrayi_Maran";"r1";0,997216282188665;52,4024024024024;79,3741765480896;52,6432218144175;23,5422843030249
"Mangarrayi_Maran";"r1";0,998351755199018;57,5075075075075;73,9855072463768;57,654632505176;24,3140407347782
"Mangarrayi_Maran";"r1";0,99588301986967;54,3543543543543;75,2173913043478;54,5406314699793;28,0537054097038
"Mangarrayi_Maran";"r1";0,997280608371625;56,6066066066066;72,2859025032938;56,7466003199699;30,1982241962785
"Mangarrayi_Maran";"r1";0,998019561588306;53,003003003003;79,4499341238472;53,239136316582;22,0906637988541
"Mangarrayi_Maran";"r1";0,996634947645264;51,5765765765766;72,437417654809;51,7628340862037;26,5435915036545
"Mangarrayi_Maran";"r1";0,99673790239629;57,1321321321321;74,4499341238472;57,286755364201;29,1346796956304
"Mangarrayi_Maran";"r1";0,995319882907838;54,1291291291291;69,2127799736495;54,2638045830981;32,9774798771609
"Mangarrayi_Maran";"r1";0,99841465197747;57,6576576576577;75,6521739130435;57,8183229813665;23,8101344432793
"Mangarrayi_Maran";"r1";0,997392100238793;51,2012012012012;75,5533596837945;51,4186311876529;25,7579479564249
"Mangarrayi_Maran";"r1";0,997081060877607;49,6996996996997;74,6343873517787;49,9223308394504;25,4666238256962
"Mangarrayi_Maran";"r1";0,996424543211264;62,3873873873874;69,2885375494071;62,4490047995483;35,143685294909
"Mangarrayi_Maran";"r1";0,995538837562722;58,3333333333333;65,4249011857708;58,3966509034444;37,9541521596052
"Mangarrayi_Maran";"r1";0,997585749693213;52,8528528528528;73,1949934123847;53,0344791078487;25,5552375529803
"Mangarrayi_Maran";"r1";0,997591591741276;58,3333333333333;73,1521739130435;58,4656444099379;29,78904576436
"Mangarrayi_Maran";"r1";0,997570542646764;60,4354354354354;76,268115942029;60,5767986542443;29,2203247439229
"Mangarrayi_Maran";"r1";0,997739617540431;57,7327327327327;74,2028985507246;57,8797877846791;26,7666945591891
"Mangarrayi_Maran";"r1";0,996582369966794;57,0570570570571;72,2859025032938;57,1930288913985;29,3426275633615
"Mangarrayi_Maran";"r1";0,996429801538227;56,8318318318318;72,967720685112;56,9759022680218;29,0060262526171
"Mangarrayi_Maran";"r1";0,995990753521078;58,9339339339339;69,9044795783926;59,0318852343309;31,9802283003912
"Mangarrayi_Maran";"r1";0,9974850370389;55,4054054054054;76,4525691699605;55,5933265104461;24,0363122779696
"Mangarrayi_Maran";"r1";0,997816940804868;53,9039039039039;74,7859025032938;54,0903503199699;23,0921651256015
"Mangarrayi_Maran";"r1";0,997542445949598;54,8048048048048;76,5283267457181;54,9987648221344;25,7349446916274
"Mangarrayi_Maran";"r1";0,997063523680781;45,3453453453453;82,5658761528327;45,6776715132693;19,9940555926098
"Mangarrayi_Maran";"r1";0,99674884796053;51,4264264264264;76,3438735177866;51,6489036325993;25,6772075577051
"Mangarrayi_Maran";"r1";0,996753996244171;53,9039039039039;75,3260869565217;54,0951733954451;26,6955404320634
"Mangarrayi_Maran";"r1";0,997619906561301;60,2102102102102;71,6271409749671;60,3121470920384;28,5871456575776
"Mangarrayi_Maran";"r1";0,997969741517876;59,6096096096096;72,4275362318841;59,7240553830228;27,8795798014684
"Mangarrayi_Maran";"r1";0,997495591248938;55,4804804804805;75,5764163372859;55,659908479202;25,2335649736452
"Mangarrayi_Maran";"r1";0,99676789350278;63,0630630630631;69,028326745718;63,1163243459439;33,5913203672763
"Mangarrayi_Maran";"r1";0,997919082204078;56,8318318318318;73,2707509881423;56,9786078957275;24,7206870398585
"Mangarrayi_Maran";"r1";0,997407992167401;54,7297297297297;71,0210803689065;54,8751882175795;27,8019251863977
"Mangarrayi_Maran";"r1";0,998225881868256;58,1081081081081;78,1851119894598;58,2873670713345;27,0318538885471
"Mangarrayi_Maran";"r1";0,996674116172436;57,8078078078078;74,028326745718;57,9526338697534;28,5859409653925
"Mangarrayi_Maran";"r1";0,995701322351746;56,0810810810811;70,7279314888011;56,21185653115;31,6789925240135
"Mangarrayi_Maran";"r1";0,997974279954069;54,5795795795796;77,8590250329381;54,7874317711274;21,6168890694703
"Mangarrayi_Maran";"r1";0,997544978935515;62,2372372372372;74,0612648221344;62,3428089121024;28,5406476821261
"Mangarrayi_Maran";"r1";0,996492906488057;55,03003003003;75,5434782608696;55,2131858178054;27,00762643577
"Mangarrayi_Maran";"r1";0,996479921625955;50,4504504504504;77,4901185770751;50,6918760587239;24,7494958750233
"Mangarrayi_Maran";"r1";0,997320485382936;55,7807807807808;78,5737812911726;55,9842897139093;25,4261301604402
"Mangarrayi_Maran";"r1";0,997853567350628;52,8528528528528;80,2075098814229;53,0970908620365;20,9952537915284
"Mangarrayi_Maran";"r1";0,995528155296597;53,6036036036036;72,967720685112;53,7764975061171;28,6386193194446
"Mangarrayi_Maran";"r1";0,997382677704323;52,9279279279279;77,9347826086957;53,1512034161491;23,1366790495973
"Mangarrayi_Maran";"r1";0,996588004977384;60,1351351351351;71,5184453227931;60,2367718332392;31,5249753421794
"Mangarrayi_Maran";"r1";0,997997214491794;53,003003003003;76,2582345191041;53,2106389986825;25,6147400793584
"Mangarrayi_Maran";"r1";0,997792130236616;56,1561561561562;76,4097496706192;56,3369918125353;24,7052392626038
"Mangarrayi_Maran";"r1";0,99595874399889;46,8468468468468;77,8590250329381;47,1237412949369;23,1718018002762
"Mangarrayi_Maran";"r1";0,995674541548064;49,6246246246246;73,1521739130435;49,8346920289855;27,952884873868
"Mangarrayi_Maran";"r1";0,996131764681439;56,0810810810811;70,8794466403162;56,2132093450028;30,502925941902
"Mangarrayi_Maran";"r1";0,996810863843862;49,2492492492492;79,9901185770751;49,5237212968191;21,9397094162928
"Mangarrayi_Maran";"r1";0,996636408163736;61,1111111111111;72,4703557312253;61,2125329380764;30,6606587321705
"Mangarrayi_Maran";"r1";0,997426030219727;63,963963963964;70,7707509881423;64,0247388481084;30,6611577694707
"Mangarrayi_Maran";"r1";0,997170302005957;59,2342342342342;68,237812911726;59,314623329569;35,2919780514351
"Mangarrayi_Maran";"r1";0,997358905202623;55,7807807807808;72,4275362318841;55,9294125258799;26,0058542395012
"Mangarrayi_Maran";"r1";0,997736086646348;63,2132132132132;70,1119894598155;63,2748094297007;31,5223311648405
"Mangarrayi_Maran";"r1";0,997748628613992;58,3333333333333;74,0942028985507;58,4740553830228;27,6672034400966
"Mangarrayi_Maran";"r1";0,997035613660138;51,6516516516517;77,868906455863;51,8857342838321;24,3387105937645
"Mangarrayi_Maran";"r1";0,996161490077717;55,4054054054054;71,268115942029;55,5470367494824;29,9677407120731
"Mangarrayi_Maran";"r1";0,997683510816362;58,2582582582583;74,1699604743083;58,4003270280444;27,6528505004468
"Mangarrayi_Maran";"r1";0,99506098651997;51,0510510510511;71,268115942029;51,2315605590062;32,6659884895733
"Mangarrayi_Maran";"r1";0,997275448295699;61,6366366366366;72,5032938076416;61,7336603613778;29,8379727977133
"Mangarrayi_Maran";"r1";0,997969792488237;55,8558558558559;77,967720685112;56,0532832204028;21,6269879358514
"Mangarrayi_Maran";"r1";0,998214726791423;52,1021021021021;82,5230566534914;52,3737177677395;20,4311929736243
"Mangarrayi_Maran";"r1";0,996878094513224;51,5765765765766;73,6166007905138;51,7733625070582;23,7162524120331
"Mangarrayi_Maran";"r1";0,997426719796188;54,2792792792793;70,7707509881423;54,4265245623941;30,0249265311841
"Mangarrayi_Maran";"r1";0,997319450243838;55,1051051051051;74,8945981554677;55,2817970073405;24,965941036498
"Mangarrayi_Maran";"r1";0,99674601137622;51,8018018018018;76,1594202898551;52,0192805383023;24,6614813247682
"Mangarrayi_Maran";"r1";0,996909856317997;54,4294294294294;74,6772068511199;54,6102131564088;25,6903843717044
"Mangarrayi_Maran";"r1";0,998137185503128;58,1081081081081;77,8590250329381;58,2844555806512;24,278928144958
"Mangarrayi_Maran";"r1";0,996246744903564;52,7027027027027;70,0461133069829;52,8575545830981;38,8663310946953
"Mangarrayi_Maran";"r1";0,995731379875908;56,2312312312312;72,167325428195;56,3735177865613;33,3110171372464
"Mangarrayi_Maran";"r1";0,996601184748938;51,6516516516517;76,3010540184453;51,8717356013552;25,3924472117253
"Mangarrayi_Maran";"r1";0,998029909585876;50;74,7002635046113;50,2205380670054;24,09025319213
"Mangarrayi_Maran";"r1";0,99470156096932;54,5045045045045;69,2885375494071;54,6365047995483;32,5697213065584
"Mangarrayi_Maran";"r1";0,99597145155856;54,7297297297297;70,8695652173913;54,8738354037267;33,1880197441698
"Mangarrayi_Maran";"r1";0,996507226797371;48,4984984984985;78,6495388669302;48,7677042160738;23,3865029799447
"Mangarrayi_Maran";"r1";0,996563199803591;54,5045045045045;77,1343873517787;54,7065570299266;26,4343560876129
"Mangarrayi_Maran";"r1";0,996477900038576;57,1321321321321;72,3188405797101;57,2677277432712;29,3776262323696
"Mangarrayi_Maran";"r1";0,997242145623452;47,8978978978979;77,9347826086957;48,16608436853;21,7434214288454
"Mangarrayi_Maran";"r1";0,997132572022098;55,1051051051051;74,7529644268775;55,2805324204781;26,1013827912718
"Mangarrayi_Maran";"r1";0,995279578690313;54,954954954955;73,8768115942029;55,1239001035197;29,1152070838715
"Mangarrayi_Maran";"r1";0,99725127054023;52,2522522522522;77,167325428195;52,4747082627517;23,6846473263989
"Mangarrayi_Maran";"r1";0,997466265029238;54,4294294294294;76,3768115942029;54,6253881987578;25,676188177537
"Mangarrayi_Maran";"r1";0,995287686530589;49,4744744744745;73,1192358366271;49,685588415208;28,5787353834086
"Mangarrayi_Maran";"r1";0,996984871909146;58,4084084084084;70,197628458498;58,5136693017128;30,75019791827
"Mangarrayi_Maran";"r1";0,9955889799939;57,4324324324324;73,9097496706192;57,5795513363448;30,9825890554223
"Mangarrayi_Maran";"r1";0,996058363011991;54,5045045045045;73,6594202898551;54,6755305383023;29,2370540152615
"Mangarrayi_Maran";"r1";0,996714754214472;52,5525525525526;77,0256916996047;52,7710627235084;24,270486855637
"Mangarrayi_Maran";"r1";0,998243338894594;56,981981981982;74,937417654809;57,1422983719179;35,4640088399115
"Mangarrayi_Maran";"r1";0,996882358818486;57,6576576576577;74,7859025032938;57,810588415208;29,4969892827248
"Mangarrayi_Maran";"r1";0,996764823558345;59,984984984985;71,1923583662714;60,0850508187465;31,8091308291946
"Mangarrayi_Maran";"r1";0,995838759951817;52,9279279279279;72,2760210803689;53,1006787596462;29,3098053361714
"Mangarrayi_Maran";"r1";0,995164339289036;55,1051051051051;69,828722002635;55,2365659702616;32,8215330428257
"Mangarrayi_Maran";"r1";0,996964430504245;57,8828828828829;73,8866930171278;58,0257740447958;30,2053589493592
"Mangarrayi_Maran";"r1";0,997548497281798;55,7057057057057;79,5256916996047;55,9183841520798;25,2319104424995
"Mangarrayi_Maran";"r1";0,996104216134152;51,7267267267267;76,1594202898551;51,9448757763975;24,9870481969061
"Mangarrayi_Maran";"r1";0,996406808899796;57,2822822822823;72,868906455863;57,4214485695464;29,4914160922392
"Mangarrayi_Maran";"r1";0,997537434556989;55,1801801801802;78,3563899868248;55,3871106248824;23,0085470380994
"Mangarrayi_Maran";"r1";0,997862766423816;58,8588588588589;74,7859025032938;59,0010646056842;27,3078383698486
"Mangarrayi_Maran";"r1";0,998408453944538;54,0540540540541;77,3188405797101;54,2617753623188;21,0324643543484
"Mangarrayi_Maran";"r1";0,99708212952221;50,9009009009009;75,3590250329381;51,1192770092227;24,6324496246419
"Mangarrayi_Maran";"r1";0,996776867581099;53,8288288288288;73,8768115942029;54,0078286749482;25,9525187038162
"Mangarrayi_Maran";"r1";0,997530036087331;58,4084084084084;74,6772068511199;58,5536655373612;26,7652872309758
"Mangarrayi_Maran";"r1";0,997161627816778;61,1111111111111;69,0612648221344;61,1820946263881;35,1273637125399
"Mangarrayi_Maran";"r1";0,99732021580837;57,1321321321321;69,028326745718;57,2383481554677;32,8275995095035
"Mangarrayi_Maran";"r1";0,997780309520816;58,9339339339339;74,8188405797101;59,0757634575569;26,238885322977
"Mangarrayi_Maran";"r1";0,99742887913668;58,1831831831832;74,7957839262187;58,3315099755317;26,7875386143454
"Mangarrayi_Maran";"r1";0,996964669640063;57,2822822822823;72,8162055335968;57,4209780255976;28,5181397540751
"Mangarrayi_Maran";"r1";0,99639433970736;58,1081081081081;68,336627140975;58,1994341709016;36,0460066033084
"Mangarrayi_Maran";"r1";0,995486352523157;56,006006006006;70,6521739130435;56,1367753623188;32,4615157223298
"Mangarrayi_Maran";"r1";0,996536611114919;57,1321321321321;71,7028985507246;57,2622282608696;29,8153692136788
"Mangarrayi_Maran";"r1";0,995954112685688;55,1801801801802;73,0764163372859;55,3399680030115;29,1409530487276
"Mangarrayi_Maran";"r1";0,994077693714934;43,3183183183183;71,6040843214756;43,5708698004894;29,0107210165637
"Mangarrayi_Maran";"r1";0,998479998198891;61,5615615615616;75,0032938076416;61,6815770280444;25,3450288836962
"Mangarrayi_Maran";"r1";0,997940689799264;62,1621621621622;75,6521739130435;62,2826086956522;26,9981150882398
"Mangarrayi_Maran";"r1";0,996929768245197;59,984984984985;72,3945981554677;60,0957851025786;30,1941514308899
"Mangarrayi_Maran";"r1";0,997713148658645;55,4054054054054;74,8517786561265;55,5790337380011;25,9463748101188
"Mangarrayi_Maran";"r1";0,997347635120492;53,6786786786787;74,6772068511199;53,8661655373612;24,4942381453069
"Mangarrayi_Maran";"r1";0,996979928946487;57,1321321321321;72,2101449275362;57,2667572463768;29,8721105676441
"Mangarrayi_Maran";"r1";0,997290813476677;57,8828828828829;69,8616600790514;57,9898362507058;30,0687870350211
"Mangarrayi_Maran";"r1";0,997170526293985;56,0810810810811;77,0256916996047;56,2680865330322;25,5754315318923
"Mangarrayi_Maran";"r1";0,996819948515453;54,4294294294294;74,7957839262187;54,6112718802936;25,9087303972581
"Mangarrayi_Maran";"r1";0,995167027257778;46,4714714714715;74,3741765480896;46,7206027667984;27,4085667550035
"Mangarrayi_Maran";"r1";0,997216009284307;58,7837837837838;72,5461133069829;58,9066617259552;32,8342567827182
"Mangarrayi_Maran";"r1";0,996672648359388;52,6276276276276;72,8919631093544;52,8085591944288;27,7617180264976
"Mangarrayi_Maran";"r1";0,997245539458711;57,7327327327327;73,2608695652174;57,8713768115942;28,8014600497301
"Mangarrayi_Maran";"r1";0,995560834465287;52,4024024024024;72,3616600790514;52,5806100602296;28,6484120612152
"Mangarrayi_Maran";"r1";0,997312544926044;53,8288288288288;71,268115942029;53,9845367494824;27,2541014658691
"Mangarrayi_Maran";"r1";0,996016864956566;44,8948948948949;80,098814229249;45,2092156032373;20,5224190375712
"Mangarrayi_Maran";"r1";0,997728470091258;58,9339339339339;69,937417654809;59,0321793242989;31,8158182385906
"Mangarrayi_Maran";"r1";0,996845116386942;49,1741741741742;73,8010540184453;49,3940570299266;26,6448596645141
"Mangarrayi_Maran";"r1";0,996185529202883;56,3063063063063;71,1923583662714;56,4392174854131;31,9336759212471
"Mangarrayi_Maran";"r1";0,996357314912822;50,1501501501502;75,3359683794466;50,3750235271974;25,1084319480786
"Mangarrayi_Maran";"r1";0,997409363159429;55,1801801801802;77,0256916996047;55,3752293901751;25,6566427921938
"Mangarrayi_Maran";"r1";0,996698837045264;61,4114114114114;72,2859025032938;61,5085050818747;30,9678868963647
"Mangarrayi_Maran";"r1";0,996209657200657;46,5465465465465;76,3010540184453;46,8122117918314;23,4976364052499
"Mangarrayi_Maran";"r1";0,997160496554006;60,1351351351351;66,7885375494071;60,194540513834;38,0703370190477
"Mangarrayi_Maran";"r1";0,996949363265404;52,1771771771772;76,3010540184453;52,3925689346885;25,2171045909343
"Mangarrayi_Maran";"r1";0,997187604039292;60,5105105105105;70,8036890645586;60,6024138904574;29,548164131668
"Mangarrayi_Maran";"r1";0,994191404710228;53,3783783783784;65,8794466403162;53,4899950592885;40,2370990281807
"Mangarrayi_Maran";"r1";0,998591369766596;49,1741741741742;81,8412384716733;49,4658443911161;17,6316526948304
"Mangarrayi_Maran";"r1";0,997013826240546;56,7567567567568;69,1699604743083;56,8675889328063;30,9019441424862
"Mangarrayi_Maran";"r1";0,997605894520795;55,6306306306306;69,2885375494071;55,7525762281197;38,8822049757839
"Mangarrayi_Maran";"r1";0,996730501699152;58,4834834834835;75,3919631093544;58,6344520515716;29,0640945393915
"Mangarrayi_Maran";"r1";0,997260860785803;56,006006006006;77,0256916996047;56,1936817711274;24,4762166184127
"Mangarrayi_Maran";"r1";0,995755646385823;59,2342342342342;69,2127799736495;59,3233283926219;32,7996486661378
"Mangarrayi_Maran";"r1";0,996587025674353;48,4984984984985;78,8339920948617;48,7693511198946;23,6598210610858
"Mangarrayi_Maran";"r1";0,997780432340173;60,8858858858859;72,1343873517787;60,9863189346885;27,8816101399174
"Mangarrayi_Maran";"r1";0,998308294203632;61,7867867867868;74,137022397892;61,8970567476002;26,6973242768674
"Mangarrayi_Maran";"r1";0,997323505187122;58,5585585585586;73,9525691699605;58,6960050818746;26,2417279330391
"Mangarrayi_Maran";"r1";0,996559044803186;56,9069069069069;71,5942028985507;57,0380434782609;29,2315966155056
"Mangarrayi_Maran";"r1";0,995972167552126;54,5045045045045;74,7101449275362;54,6849120082816;27,7841074526553
"Mangarrayi_Maran";"r1";0,997441570755883;62,012012012012;73,9855072463768;62,1189182194617;28,9878384749788
"Mangarrayi_Maran";"r1";0,998061648176982;57,957957957958;76,2351778656126;58,1211474214192;23,2661964216658
"Mangarrayi_Maran";"r1";0,995389995812586;56,1561561561562;66,8544137022398;56,2516763128176;34,3542017620483
"Mangarrayi_Maran";"r1";0,997814195648222;54,0540540540541;73,1851119894598;54,2248670713345;25,9421189281473
"Mangarrayi_Maran";"r1";0,996058513242564;55,4054054054054;69,937417654809;55,5351555147751;31,6319661371596
"Mangarrayi_Maran";"r1";0,997663839787904;57,3573573573574;73,8438735177866;57,504558394504;26,8395217421836
"Mangarrayi_Maran";"r1";0,997847213553003;61,8618618618619;75,467720685112;61,9833427442123;26,9634379915361
"Mangarrayi_Maran";"r1";0,996665152775928;47,1471471471471;76,8840579710145;47,4126552795031;23,4355295018504
"Mangarrayi_Maran";"r1";0,997753230622308;62,012012012012;74,0184453227931;62,1192123094297;28,4007968864171
"Mangarrayi_Maran";"r1";0,997949473758415;60,5855855855856;75,6422924901186;60,7200204686618;29,275011036888
"Mangarrayi_Maran";"r1";0,997332731676948;49,9249249249249;75,5006587615283;50,1532796913232;24,3242003858919
"Mangarrayi_Maran";"r1";0,996850544355521;55,9309309309309;73,0006587615283;56,0833392151327;29,2047614488454
"Mangarrayi_Maran";"r1";0,995329423438549;49,2492492492492;70,5006587615283;49,4389939770375;31,1178312246536
"Mangarrayi_Maran";"r1";0,997794563932742;50,5255255255255;75,7279314888011;50,7505470073405;23,5333593520636
"Mangarrayi_Maran";"r1";0,99689767258117;51,8018018018018;77,0586297760211;52,0273091944288;22,5934813862054
"Mangarrayi_Maran";"r1";0,997057086678097;61,2612612612613;72,2430830039526;61,3593132411067;29,728626995551
"Mangarrayi_Maran";"r1";0,996939807294354;57,957957957958;74,2457180500659;58,1033843873518;27,8396617253269
"Mangarrayi_Maran";"r1";0,997334449355855;61,2612612612613;72,3616600790514;61,3603719649915;30,1828248064058
"Mangarrayi_Maran";"r1";0,99616492913768;56,3813813813814;71,3010540184453;56,5145927442123;31,1768488260897
"Mangarrayi_Maran";"r1";0,997385160563553;61,7117117117117;72,5032938076416;61,8080651232825;30,0439525123538
"Mangarrayi_Maran";"r1";0,998026198800657;52,7027027027027;81,0836627140975;52,9561041313759;22,2572190903027
"Mangarrayi_Maran";"r1";0,995944200614305;52,5525525525526;70,5434782608696;52,7131858178054;32,5788396755119
"Mangarrayi_Maran";"r1";0,998219662385501;56,1561561561562;77,3945981554677;56,3457851025786;24,0851470976231
"Mangarrayi_Maran";"r1";0,996860769128402;60,5855855855856;71,5612648221344;60,6835827216262;30,978817481209
"Mangarrayi_Maran";"r1";0,997719235352442;56,7567567567568;76,1923583662714;56,9302889139846;25,7521011709494
"Mangarrayi_Maran";"r1";0,995361073653241;48,6486486486487;67,9347826086957;48,8208462732919;36,6219846867684
"Mangarrayi_Maran";"r1";0,996954465545856;58,3333333333333;73,1949934123847;58,4660267268963;27,2586434672222
"Mangarrayi_Maran";"r1";0,997672193466591;54,0540540540541;74,7101449275362;54,238483436853;25,7678698514776
"Mangarrayi_Maran";"r1";0,997450532740698;53,003003003003;79,5586297760211;53,2401068134764;23,0383908678501
"Mangarrayi_Maran";"r1";0,997151368745724;58,033033033033;73,336627140975;58,1696722661397;29,6183029336031
"Mangarrayi_Maran";"r1";0,9953398548458;53,003003003003;69,7200263504611;53,1522621400339;29,9441751478442
"Mangarrayi_Maran";"r1";0,99504819911698;55,4054054054054;70,0131752305665;55,5358319217015;33,004838641787
"Mangarrayi_Maran";"r1";0,995852539606863;55,4804804804805;71,1495388669302;55,6203827875024;30,8863611119069
"Mangarrayi_Maran";"r1";0,996005374357459;58,7837837837838;69,8945981554677;58,882987483531;32,9555965933571
"Mangarrayi_Maran";"r1";0,997374266934947;52,7777777777778;79,4169960474308;53,0156279408997;23,0035783015163
"Mangarrayi_Maran";"r1";0,995335004177374;55,1051051051051;69,7529644268775;55,2358895633352;34,0771781438937
"Mangarrayi_Maran";"r1";0,996496218078141;52,7027027027027;74,7859025032938;52,8998741294937;27,3105051378083
"Mangarrayi_Maran";"r1";0,996740016988137;57,5075075075075;72,5131752305665;57,6414866836063;28,1282195260105
"Mangarrayi_Maran";"r1";0,996562537831101;52,2522522522522;75,6719367588933;52,4613565782044;25,6584167291271
"Mangarrayi_Maran";"r1";0,997425198353637;58,4084084084084;74,137022397892;58,5488424618859;26,7498858504837
"Mangarrayi_Maran";"r1";0,996452611332046;56,6816816816817;71,637022397892;56,815211509505;29,9502278566432
"Mangarrayi_Maran";"r1";0,996117516181204;56,5315315315315;73,1192358366271;56,6796360342556;29,6998313743957
"Mangarrayi_Maran";"r1";0,998324886121008;52,9279279279279;81,1923583662714;53,1802889139846;20,7033186347177
"Mangarrayi_Maran";"r1";0,997589184476626;64,7897897897898;73,336627140975;64,8661008375682;30,5777657241424
"Mangarrayi_Maran";"r1";0,997449279061394;48,8738738738739;79,667325428195;49,1488154056089;20,2806047562039
"Mangarrayi_Maran";"r1";0,997980449446309;51,9519519519519;78,9525691699605;52,1930288913985;22,2178637418136
"Mangarrayi_Maran";"r1";0,997339037097946;56,2312312312312;77,8590250329381;56,4243365330322;25,424375905379
"Mangarrayi_Maran";"r1";0,996796910217213;55,7057057057057;75,6192358366271;55,8835050818746;26,8389584105353
"Mangarrayi_Maran";"r1";0,996891140938216;57,957957957958;74,0612648221344;58,101737483531;29,167173415817
"Mangarrayi_Maran";"r1";0,998396957102481;56,8318318318318;77,9347826086957;57,0202510351967;23,516470853616
"Mangarrayi_Maran";"r1";0,997470282588752;52,7777777777778;79,667325428195;53,0178630246565;23,4518979821328
"Mangarrayi_Maran";"r1";0,99563346020435;52,8528528528528;72,2859025032938;53,0263622247318;30,6056767312139
"Mangarrayi_Maran";"r1";0,995459082514703;57,0570570570571;67,5032938076416;57,1503270280444;35,5521756733787
"Mangarrayi_Maran";"r1";0,996374996589909;58,8588588588589;69,0612648221344;58,9499517692453;33,2348497978018
"Mangarrayi_Maran";"r1";0,998009223829901;58,7837837837838;75,7608695652174;58,9353649068323;25,5166782159174
"Mangarrayi_Maran";"r1";0,995930042338154;58,6336336336336;69,028326745718;58,726443393563;34,2111738860641
"Mangarrayi_Maran";"r1";0,994247051041606;57,2072072072072;65,6949934123847;57,2829910126106;40,7432282609712
"Mangarrayi_Maran";"r1";0,99620280160939;48,7987987987988;77,7503293807642;49,0572946075663;23,3319973725038
"Mangarrayi_Maran";"r1";0,996137493633826;56,006006006006;70,6949934123847;56,1371576792772;30,3673272346518
"Mangarrayi_Maran";"r1";0,997647753061312;55,2552552552552;77,8590250329381;55,4570746282703;23,9991769078612
"Mangarrayi_Maran";"r1";0,996877920076965;60,0600600600601;69,9703557312253;60,1485448428383;33,9958176458889
"Mangarrayi_Maran";"r1";0,997630375861441;59,009009009009;74,7430830039526;59,1494918125353;28,7899946484543
"Mangarrayi_Maran";"r1";0,996389525884045;47,2222222222222;76,9071146245059;47,4872659043855;24,866260013193
"Mangarrayi_Maran";"r1";0,996994761803648;51,8018018018018;77,2200263504611;52,028750235272;21,8719411886278
"Mangarrayi_Maran";"r1";0,996772541759794;63,3633633633634;69,0612648221344;63,414237483531;35,3284662139483
"Mangarrayi_Maran";"r1";0,99653850902582;60,7357357357357;70,8465085638999;60,8260104931301;31,6323742352405
"Mangarrayi_Maran";"r1";0,997856485958298;55,03003003003;77,697628458498;55,2324193017128;24,4242888375047
"Mangarrayi_Maran";"r1";0,998613502976664;60,5855855855856;74,9275362318841;60,7136387163561;23,6361443168074
"Mangarrayi_Maran";"r1";0,9963837063062;57,0570570570571;71,5184453227931;57,186176595144;30,3441444425068
"Mangarrayi_Maran";"r1";0,996936995905484;60,0600600600601;70,836627140975;60,1562794089968;32,92959078476
"Mangarrayi_Maran";"r1";0,996730043791919;60,0600600600601;70,5434782608696;60,1536620082816;32,5808352322765
"Mangarrayi_Maran";"r1";0,998407701052903;58,5585585585586;77,3616600790514;58,726443393563;23,6774409712573
"Mangarrayi_Maran";"r1";0,997180742735102;54,3543543543543;74,568511198946;54,5348378976096;25,7577117631524
"Mangarrayi_Maran";"r1";0,996065011981904;53,003003003003;73,0862977602108;53,1823181347638;29,2452206651106
"Mangarrayi_Maran";"r1";0,997025755494308;53,3033033033033;73,7252964426877;53,4856425277621;27,555719148288
"Mangarrayi_Maran";"r1";0,996606436107892;52,5525525525526;72,5032938076416;52,7306841709016;28,5307623272362
"Mangarrayi_Maran";"r1";0,996733411375119;57,8078078078078;70,6192358366271;57,9221955580651;31,214440059129
"Mangarrayi_Maran";"r1";0,996249351931455;59,4594594594595;70,0461133069829;59,5539831545266;33,6836935593784
"Mangarrayi_Maran";"r1";0,996500743845899;55,7057057057057;70,7608695652174;55,8401268115942;31,7932946025084
"Mangarrayi_Maran";"r1";0,996996120936352;55,03003003003;71,637022397892;55,1783067476002;30,2494976878191
"Mangarrayi_Maran";"r1";0,997052005015271;56,3063063063063;77,1014492753623;56,4919772256729;24,9281175578084
"Mangarrayi_Maran";"r1";0,995102801585682;51,5765765765766;76,2252964426877;51,796654432524;27,0979163646692
"Mangarrayi_Maran";"r1";0,997015062681058;55,1051051051051;77,0915678524374;55,3014128082063;26,6920954491942
"Mangarrayi_Maran";"r1";0,996753656101393;53,003003003003;69,9703557312253;53,1544972237907;30,8617868714851
"Mangarrayi_Maran";"r1";0,997367927406837;51,3513513513513;76,5184453227932;51,5760575475249;23,5827170466943
"Mangarrayi_Maran";"r1";0,996686413529417;55,4054054054054;70,8036890645586;55,5428900809336;30,3352927201181
"Mangarrayi_Maran";"r1";0,993272632517141;48,7987987987988;64,397233201581;48,9380705345379;43,2426471848264
"Mangarrayi_Maran";"r1";0,996085713944249;60,5105105105105;72,2101449275362;60,6149715320911;33,6764206716536
"Mangarrayi_Maran";"r1";0,997389955777426;59,0840840840841;75,6521739130435;59,2320134575569;27,2984840823019
"Mangarrayi_Maran";"r1";0,997506576040502;55,7807807807808;76,4196310935441;55,9650562300019;25,2375115815485
"Mangarrayi_Maran";"r1";0,995953152689608;57,3573573573574;72,2200263504611;57,4900597590815;30,2392395488867
"Mangarrayi_Maran";"r1";0,996629633933561;55,6306306306306;73,9097496706192;55,7938370506305;28,8126102073196
"Mangarrayi_Maran";"r1";0,997528077237752;55,1801801801802;77,967720685112;55,3836403632599;25,0308274561422
"Mangarrayi_Maran";"r1";0,997326576803488;58,9339339339339;74,8616600790514;59,0761457745153;26,3171851653553
"Mangarrayi_Maran";"r1";0,993483129030938;54,2792792792793;66,5612648221344;54,3889398644833;37,9080302877881
"Mangarrayi_Maran";"r1";0,996703506962597;59,3093093093093;69,4631093544137;59,3999682382835;32,5524333589406
"Mangarrayi_Maran";"r1";0,997964246583077;58,8588588588589;75,727931488801;59,0094755787691;25,856977380339
"Mangarrayi_Maran";"r1";0,996742384807191;51,0510510510511;75,3919631093544;51,2683806230002;24,5315596958337
"Mangarrayi_Maran";"r1";0,996696576504527;59,4594594594595;70,8695652173913;59,5613354037267;29,2228641454366
"Mangarrayi_Maran";"r1";0,996427676793358;59,3093093093093;69,8616600790514;59,4035267268963;31,0572432664895
"Mangarrayi_Maran";"r1";0,99709458571829;54,954954954955;69,8616600790514;55,0880505364201;30,2738281530718
"Mangarrayi_Maran";"r1";0,997225864159448;59,7597597597598;71,6699604743083;59,8661008375682;29,3807791548811
"Mangarrayi_Maran";"r1";0,99545760999457;57,8078078078078;69,028326745718;57,9079910126106;36,3899056774407
"Mangarrayi_Maran";"r1";0,995441344623774;54,5045045045045;73,7351778656126;54,6762069452287;28,9962111634004
"Mangarrayi_Maran";"r1";0,997137689514358;55,7057057057057;76,4525691699605;55,8909455580651;26,2778863914828
"Mangarrayi_Maran";"r1";0,997303756515204;61,4864864864865;68,336627140975;61,5476484566158;34,7459800991886
"Mangarrayi_Maran";"r1";0,996900716353521;54,954954954955;73,9855072463768;55,1248706004141;26,9033660804628
"Mangarrayi_Maran";"r1";0,99757299298778;58,3333333333333;73,9525691699605;58,4727907961604;27,6351075808079
"Mangarrayi_Maran";"r1";0,998058278169392;58,4084084084084;75,8465085638999;58,5641057312253;26,0342130886126
"Mangarrayi_Maran";"r1";0,995046835211699;52,5525525525526;68,0434782608696;52,690864389234;35,4719471539415
"Mangarrayi_Maran";"r1";0,996080662309129;52,1771771771772;68,2608695652174;52,320781573499;33,2186504347347
"Mangarrayi_Maran";"r1";0,996514495404773;59,9099099099099;71,9828722002635;60,0177042160738;31,3107576978569
"Mangarrayi_Maran";"r1";0,996364157193225;49,3993993993994;75,3590250329381;49,6311817711274;25,2507187802552
"Mangarrayi_Maran";"r1";0,997151505464492;56,2312312312312;73,8339920948617;56,3883987389422;28,4139147794079
"Mangarrayi_Maran";"r1";0,996256075334973;53,9039039039039;73,3036890645586;54,0771162714097;29,3339820712825
"Mangarrayi_Maran";"r1";0,997083119939726;51,6516516516517;77,1014492753623;51,8788819875776;24,1953505412555
"Mangarrayi_Maran";"r1";0,997895203690701;58,5585585585586;74,8945981554677;58,7044160549595;24,5788497529036
"Mangarrayi_Maran";"r1";0,997787846459144;60,5855855855856;72,2002635046113;60,6892880670055;29,1707044091355
"Mangarrayi_Maran";"r1";0,996898928117147;58,1831831831832;73,8010540184453;58,322628458498;27,0987503456668
"Mangarrayi_Maran";"r1";0,996990608635651;57,2822822822823;75,1317523056654;57,4416525503482;28,4526998910707
"Mangarrayi_Maran";"r1";0,997621772133909;55,7057057057057;78,0006587615283;55,9047677865613;25,0514542938413
"Mangarrayi_Maran";"r1";0,995541538849296;53,003003003003;71,1923583662714;53,1654079616036;33,9238152697868
"Mangarrayi_Maran";"r1";0,996765126890563;57,3573573573574;68,596837944664;57,4577098626012;31,8688376054381
"Mangarrayi_Maran";"r1";0,997342083357872;52,7777777777778;79,4828722002635;53,0162161208357;23,6193050889071
"Mangarrayi_Maran";"r1";0,996918462825827;57,2072072072072;72,3616600790514;57,3425148221344;29,4713700717174
"Mangarrayi_Maran";"r1";0,996861188884975;49,9249249249249;73,768115942029;50,1378105590062;34,6002008816068
"Mangarrayi_Maran";"r1";0,994640587274959;54,8798798798799;71,4525691699605;55,0278503199699;32,3320408782664
"Mangarrayi_Maran";"r1";0,99718992236864;52,8528528528528;74,8517786561265;53,0492718332392;26,5227722641542
"Mangarrayi_Maran";"r1";0,997050164223655;58,8588588588589;75,5434782608696;59,0078286749482;28,442653257864
"Mangarrayi_Maran";"r1";0,997774751829105;58,1081081081081;74,6772068511199;58,2560464897421;24,9866393120324
"Mangarrayi_Maran";"r1";0,996702978217295;53,8288288288288;73,6495388669302;54,005799454169;30,3347914409533
"Mangarrayi_Maran";"r1";0,996921112250805;51,3513513513513;76,8840579710145;51,5793219461698;23,3706578024464
"Mangarrayi_Maran";"r1";0,998483536932674;52,4774774774775;80,9321475625823;52,7315370318088;19,0332643754648
"Mangarrayi_Maran";"r1";0,996874262437907;58,033033033033;75,2075098814229;58,1863765763222;27,9139939336694
"Mangarrayi_Maran";"r1";0,99678063367174;51,8018018018018;76,8741765480896;52,0256622906079;23,8324232131827
"Mangarrayi_Maran";"r1";0,996776766108848;51,6516516516517;78,6495388669302;51,8927042160738;23,6297030958228
"Mangarrayi_Maran";"r1";0,996979928946487;56,7567567567568;72,2760210803689;56,895321616789;28,6911306227188
"Mangarrayi_Maran";"r1";0,996161920541215;51,2762762762763;75,5105401844532;51,4926536325993;25,0474859276893
"Mangarrayi_Maran";"r1";0,997110532679905;57,0570570570571;72,2101449275362;57,192352484472;28,2655949407379
"Mangarrayi_Maran";"r1";0,995834522413264;53,7537537537538;72,9347826086956;53,9250129399586;29,4862432922291
"Mangarrayi_Maran";"r1";0,997366167430918;52,7027027027027;77,0586297760211;52,9201663372859;23,6163182439778
"Mangarrayi_Maran";"r1";0,997946518338555;51,4264264264264;78,6923583662714;51,6698722473179;21,1724767634932
"Mangarrayi_Maran";"r1";0,996411005435331;56,5315315315315;71,7555994729908;56,6674607095803;30,4025736257943
"Mangarrayi_Maran";"r1";0,994207008940831;41,5915915915916;78,5836627140975;41,9218779408997;24,1569427278737
"Mangarrayi_Maran";"r1";0,996106593949729;56,1561561561562;67,4604743083004;56,2570875682289;33,047900217714
"Mangarrayi_Maran";"r1";0,996192162000889;49,4744744744745;75,368906455863;49,7056747600226;25,8769536455676
"Mangarrayi_Maran";"r1";0,997775999981202;51,0510510510511;73,227931488801;51,2490589121024;26,9356818368711
"Mangarrayi_Maran";"r1";0,99644879709762;57,7327327327327;73,6923583662714;57,875229390175;29,4485911587817
"Mangarrayi_Maran";"r1";0,996993638959211;58,4834834834835;69,0612648221344;58,5779279597214;34,2787544384452
"Mangarrayi_Maran";"r1";0,995612506284619;55,3303303303303;70,5862977602108;55,46654432524;31,4449422074917
"Mangarrayi_Maran";"r1";0,997713221594126;61,3363363363363;75,0032938076416;61,4583627423301;28,7435829655788
"Mangarrayi_Maran";"r1";0,997240149968853;55,5555555555556;78,5079051383399;55,760487248259;24,5931308358022
"Mangarrayi_Maran";"r1";0,998351755199018;58,4834834834835;73,9097496706192;58,6212180030115;27,0292695876275
"Mangarrayi_Maran";"r1";0,995134779637948;53,6786786786787;72,3616600790514;53,8454910126106;29,2222515946877
"Mangarrayi_Maran";"r1";0,996776020412458;57,2072072072072;71,637022397892;57,3360448428383;28,7094183013518
"Mangarrayi_Maran";"r1";0,996547997794657;54,0540540540541;73,6594202898551;54,2291019668737;27,7943241688833
"Mangarrayi_Maran";"r1";0,997667609791223;55,1051051051051;75,6521739130435;55,2885610766046;25,9830415513253
"Mangarrayi_Maran";"r1";0,996785663045504;57,2072072072072;73,336627140975;57,3512198851873;31,0206554449011
"Mangarrayi_Maran";"r1";0,997022235097596;55,5555555555556;72,7931488801054;55,7094626388105;29,4952309394574
"Mangarrayi_Maran";"r1";0,996370886593051;47,6726726726727;78,2806324110672;47,9459580274798;22,5836291225379
"Mangarrayi_Maran";"r1";0,997242559514774;54,6546546546547;74,7101449275362;54,8337215320911;26,1874556639628
"Mangarrayi_Maran";"r1";0,996081201318106;46,3213213213213;75,5434782608696;46,582233436853;25,3468547060576
"Mangarrayi_Maran";"r1";0,996560106860761;60,2852852852853;71,4855072463768;60,3852872670807;29,9183470892435
"Mangarrayi_Maran";"r1";0,995665903866914;57,957957957958;69,2885375494071;58,0591238471673;34,9973454814736
"Mangarrayi_Maran";"r1";0,99840494717792;51,9519519519519;81,9927536231884;52,2201733954451;21,0565225275469
"Mangarrayi_Maran";"r1";0,997407228867567;58,4084084084084;68,6594202898551;58,499935300207;34,6499205657202
"Mangarrayi_Maran";"r1";0,99686812128123;58,7087087087087;73,9855072463768;58,8451086956522;28,603973591737
"Mangarrayi_Maran";"r1";0,99492299318298;55,2552552552552;66,1396574440053;55,3524374176548;39,7772870803424
"Mangarrayi_Maran";"r1";0,996188236762644;54,0540540540541;73,8768115942029;54,2310429606625;28,0753972816945
"Mangarrayi_Maran";"r1";0,996127935917188;55,03003003003;70,3919631093544;55,1671901468097;32,3212199957965
"Mangarrayi_Maran";"r1";0,997763027004951;48,7237237237237;80,5434782608696;49,0078286749482;21,3824968744522
"Mangarrayi_Maran";"r1";0,996406741918008;57,957957957958;70,2832674571805;58,068005364201;32,2759249860256
"Mangarrayi_Maran";"r1";0,997487601144184;53,0780780780781;78,5737812911726;53,3057182853379;24,4079797562746
"Mangarrayi_Maran";"r1";0,997901595691409;49,6246246246246;80,3919631093544;49,8993330039526;21,8352111695642
"Mangarrayi_Maran";"r1";0,996605259291021;57,3573573573574;73,6495388669302;57,5028232636928;28,8799501713962
"Mangarrayi_Maran";"r1";0,995732922911819;57,4324324324324;68,596837944664;57,5321146245059;32,9947824501727
"Mangarrayi_Maran";"r1";0,996692068326064;64,1891891891892;71,528326745718;64,2547172030868;32,5479548243969
"Mangarrayi_Maran";"r1";0,996418164444627;61,4114114114114;72,4703557312253;61,5101519856955;32,054669306226
"Mangarrayi_Maran";"r1";0,998835328016147;55,4804804804805;79,5915678524374;55,6957580463015;22,1347494236139
"Mangarrayi_Maran";"r1";0,997979889625177;49,3993993993994;80,1317523056653;49,6737954074911;20,4988150361923
"Mangarrayi_Maran";"r1";0,996772944141091;64,039039039039;71,7457180500659;64,1078486730661;33,1581180055663
"Mangarrayi_Maran";"r1";0,996999108013322;57,4324324324324;72,3616600790514;57,5657291078487;27,6613228747244
"Mangarrayi_Maran";"r1";0,993781822490291;51,7267267267267;65,197628458498;51,8470026350461;39,5761243117458
"Mangarrayi_Maran";"r1";0,996615561773525;53,8288288288288;75,629117259552;54,023474261246;26,5814834616204
"Mangarrayi_Maran";"r1";0,997104035877947;56,7567567567568;72,1343873517787;56,8940570299266;29,1178274247226
"Mangarrayi_Maran";"r1";0,997801745718528;53,003003003003;74,667325428195;53,1964344532279;22,9068080738239
"Mangarrayi_Maran";"r1";0,996469960926952;58,4834834834835;68,1521739130435;58,5698110766046;34,4386925599858
"Mangarrayi_Maran";"r1";0,995847437819805;55,1051051051051;71,4855072463768;55,2513586956522;29,7894493530983
"Mangarrayi_Maran";"r1";0,997245539458711;57,8828828828829;73,3465085638999;58,0209509693205;26,4611398708893
"Mangarrayi_Maran";"r1";0,995443572556791;55,7807807807808;70,7279314888011;55,914237483531;33,2707731070129
"Mangarrayi_Maran";"r1";0,997588131083512;52,1021021021021;77,8162055335968;52,3316923113119;22,4081200596048
"Mangarrayi_Maran";"r1";0,997422446494992;56,1561561561562;72,328722002635;56,3005540654997;27,8633416852431
"Mangarrayi_Maran";"r1";0,994635196278043;54,2042042042042;66,6699604743083;54,315505599473;36,61595847328
"Mangarrayi_Maran";"r1";0,997586173268442;50;79,4499341238472;50,2629458403915;22,4109406665797
"Mangarrayi_Maran";"r1";0,996839490560793;52,1771771771772;71,4855072463768;52,3495729813665;29,5714865934247
"Mangarrayi_Maran";"r1";0,997729987067784;51,9519519519519;78,8010540184453;52,1916760775456;22,8459809892021
"Mangarrayi_Maran";"r1";0,993856628443876;48,2732732732733;69,7859025032938;48,4653503199699;32,0220122577999
"Mangarrayi_Maran";"r1";0,995296025617916;50,3003003003003;74,7529644268775;50,5186276585733;26,5104909200309
"Mangarrayi_Maran";"r1";0,997197949535202;52,1771771771772;72,1772068511199;52,3557488706945;27,8282924002875
"Mangarrayi_Maran";"r1";0,996894033438231;52,1771771771772;74,3412384716733;52,3750705815923;25,391994881151
"Mangarrayi_Maran";"r1";0,997275105242236;60,4354354354354;73,5935441370224;60,5529185488425;28,6168503769892
"Mangarrayi_Maran";"r1";0,996627774837702;59,9099099099099;70,9453227931489;60,0084403820817;29,4391069418553
"Mangarrayi_Maran";"r1";0,998551449695835;55,4054054054054;77,1772068511199;55,5997964897421;21,3640215367379
"Mangarrayi_Maran";"r1";0,996431480765842;55,1051051051051;75,4347826086957;55,2866200828157;26,519479188439
"Mangarrayi_Maran";"r1";0,997790223873366;49,3993993993994;80,998023715415;49,6815299736495;20,2804819520507
"Mangarrayi_Maran";"r1";0,99701686447916;45,6456456456456;72,6745718050066;45,8869753434971;29,1021006603207
"Mangarrayi_Maran";"r1";0,997997866382401;57,7327327327327;74,1040843214756;57,8789055147751;24,7392280979027
"Mangarrayi_Maran";"r1";0,994089507392462;54,5795795795796;68,9525691699605;54,7079098437794;35,2477481971145
"Mangarrayi_Maran";"r1";0,996311880086476;55,1801801801802;74,6442687747036;55,3539666854884;26,8138828612134
"Mangarrayi_Maran";"r1";0,997103041250876;53,5285285285285;71,4097496706192;53,6881822887258;38,1285403296907
"Mangarrayi_Maran";"r1";0,995722426712339;52,1771771771772;68,4552042160738;52,3225167043102;32,286483210072
"Mangarrayi_Maran";"r1";0,996996811694259;58,4084084084084;74,5256916996047;58,5523127235084;26,6734503126022
"Mangarrayi_Maran";"r1";0,996029224095739;51,3513513513513;76,3768115942029;51,5747929606625;25,6569194117248
"Mangarrayi_Maran";"r1";0,996957823293551;56,981981981982;71,4855072463768;57,1114777432712;30,1620206168311
"Mangarrayi_Maran";"r1";0,996427676793358;57,6576576576577;69,937417654809;57,7672983719179;32,0163783030819
"Mangarrayi_Maran";"r1";0,996167001400486;53,3033033033033;72,9347826086956;53,47858436853;28,5621497374595
"Mangarrayi_Maran";"r1";0,995048404556233;59,4594594594595;66,798418972332;59,5249858836815;37,9315740511068
"Mangarrayi_Maran";"r1";0,997247558447156;56,1561561561562;72,8590250329381;56,3052889139846;28,4418892104647
"Mangarrayi_Maran";"r1";0,996806536769959;52,9279279279279;74,8188405797101;53,123382505176;26,58539622994
"Mangarrayi_Maran";"r1";0,997548900671551;58,8588588588589;74,7101449275362;59,0003881987578;25,8472462514255
"Mangarrayi_Maran";"r1";0,997220211733073;58,3333333333333;76,3339920948617;58,494053500847;27,0169315943258
"Mangarrayi_Maran";"r1";0,996799587472632;50,975975975976;71,4426877470356;51,1587144739319;27,9250189903437
"Mangarrayi_Maran";"r1";0,996674910741052;50,7507507507508;70,4776021080369;50,9268833521551;29,4759047879358
"Mangarrayi_Maran";"r1";0,995564783975287;51,5765765765766;72,4703557312253;51,7631281761717;30,4533645085268
"Mangarrayi_Maran";"r1";0,997525363089653;51,6516516516517;78,768115942029;51,8937629399586;22,0006069554418
"Mangarrayi_Maran";"r1";0,994765749071833;51,0510510510511;70,8036890645586;51,2274138904574;32,4889748892693
"Mangarrayi_Maran";"r1";0,99719617378389;54,5045045045045;75,3590250329381;54,6907055806512;26,2092684984162
"Mangarrayi_Maran";"r1";0,997374266934947;50,6006006006006;79,3741765480896;50,8575075287032;22,7996753179733
"Mangarrayi_Maran";"r1";0,997143495160195;56,8318318318318;68,3794466403162;56,934935535479;33,9561178145129
"Mangarrayi_Maran";"r1";0,997303634438822;60,2102102102102;70,6521739130435;60,3034420289855;31,921789237357
"Mangarrayi_Maran";"r1";0,997740136067097;57,3573573573574;76,4097496706192;57,5274680030115;24,0402676439671
"Mangarrayi_Maran";"r1";0,993995663760501;53,5285285285285;69,2457180500659;53,668860577828;34,628094392779
"Mangarrayi_Maran";"r1";0,996997155515742;54,3543543543543;73,9953886693017;54,5297207321664;28,1557399634004
"Mangarrayi_Maran";"r1";0,996355697482028;60,5855855855856;71,268115942029;60,680965320911;32,3469955562272
"Mangarrayi_Maran";"r1";0,997356793905252;51,0510510510511;74,7859025032938;51,2629693675889;25,1253102438275
"Mangarrayi_Maran";"r1";0,9973397354677;54,3543543543543;74,4499341238472;54,5337791737248;25,1930006153709
"Mangarrayi_Maran";"r1";0,996729287747197;54,8798798798799;75,467720685112;55,0636998870695;26,3817079795168
"Mangarrayi_Maran";"r1";0,995921382904521;53,7537537537538;68,5210803689065;53,8856048842462;32,9041431237773
"Mangarrayi_Maran";"r1";0,995744231600958;55,4054054054054;71,4525691699605;55,5486836533032;29,6121997686663
"Mangarrayi_Maran";"r1";0,995352895266097;57,957957957958;68,1521739130435;58,0489777432712;35,3223780605128
"Mangarrayi_Maran";"r1";0,996288991569472;60,3603603603604;70,0790513833992;60,4471343873518;31,8940477891208
"Mangarrayi_Maran";"r1";0,997366167430918;52,3273273273273;77,1014492753623;52,5485248447205;23,243633520175
"Mangarrayi_Maran";"r1";0,99751939403394;51,4264264264264;77,167325428195;51,6562558817994;22,7547864896207
"Mangarrayi_Maran";"r1";0,997365758765456;59,3093093093093;74,7859025032938;59,4474931771127;26,4511728552331
"Mangarrayi_Maran";"r1";0,995697717043144;56,3813813813814;70,7608695652174;56,5097696687371;31,7840895738168
"Mangarrayi_Maran";"r1";0,996676726343838;50,6006006006006;74,7430830039526;50,816158479202;26,8344644389663
"Mangarrayi_Maran";"r1";0,995825960341863;59,009009009009;69,137022397892;59,0994376999812;34,0674541047422
"Mangarrayi_Maran";"r1";0,997829760310294;46,6216216216216;77,6317523056653;46,8984977884434;21,1170523010281
"Mangarrayi_Maran";"r1";0,996306763967395;54,2042042042042;70,0461133069829;54,3456498211933;29,5067032436371
"Mangarrayi_Maran";"r1";0,996147059239888;54,6546546546547;74,4927536231884;54,8317805383023;28,8965104670791
"Mangarrayi_Maran";"r1";0,997720118881916;54,5795795795796;76,4855072463768;54,7751682194617;21,9799353385748
"Mangarrayi_Maran";"r1";0,997703923935121;51,8768768768769;76,7654808959157;52,0990965556183;24,3358964428649
"Mangarrayi_Maran";"r1";0,997221246794533;52,6276276276276;77,9249011857708;52,8534961415396;23,3452327585043
"Mangarrayi_Maran";"r1";0,996193958893567;59,984984984985;70,8036890645586;60,081580557124;32,2194715486095
"Mangarrayi_Maran";"r1";0,998200153657157;60,8858858858859;73,2707509881423;60,9964650385846;26,9890617179897
"Mangarrayi_Maran";"r1";0,996566585483166;54,7297297297297;73,9426877470356;54,9012739977414;26,9822952008593
"Mangarrayi_Maran";"r1";0,997059061157302;64,1891891891892;72,4275362318841;64,2627458592133;31,8731447773469
"Mangarrayi_Maran";"r1";0,996804829117089;50,4504504504504;75,467720685112;50,6738189346885;23,7473727351539
"Mangarrayi_Maran";"r1";0,996317778070531;55,9309309309309;70,7279314888011;56,0630470073405;31,2115220274319
"Mangarrayi_Maran";"r1";0,997261113078355;59,2342342342342;74,8517786561265;59,373676595144;27,5293901084181
"Mangarrayi_Maran";"r1";0,996603767433005;55,6306306306306;70,6192358366272;55,764457462827;30,8115370873141
"Mangarrayi_Maran";"r1";0,997273886697544;54,7297297297297;76,268115942029;54,9220367494824;26,5850390446129
"Mangarrayi_Maran";"r1";0,995389659539158;55,2552552552552;69,8945981554677;55,3859636740072;32,8989053896029
"Mangarrayi_Maran";"r1";0,995600967128772;56,1561561561562;67,4472990777339;56,2569699322417;36,4297992918249
"Mangarrayi_Maran";"r1";0,997318519527017;61,8618618618619;74,0942028985507;61,9710791925466;30,0673891798985
"Mangarrayi_Maran";"r1";0,997037072195801;57,2072072072072;73,2279314888011;57,3502493882929;28,2292592044837
"Mangarrayi_Maran";"r1";0,996954465545856;56,3813813813814;73,2279314888011;56,5317970073405;27,0445851746838
"Mangarrayi_Maran";"r1";0,994812968236067;52,5525525525526;68,5309617918314;52,6952169207604;34,5436756549472
"Mangarrayi_Maran";"r1";0,998701987753468;50,6006006006006;83,5507246376812;50,894798136646;20,2308381497271
"Mangarrayi_Maran";"r1";0,996186617570872;58,8588588588589;69,9703557312253;58,9580686523621;33,9118862794031
"Mangarrayi_Maran";"r1";0,998004417485361;59,0840840840841;76,637022397892;59,2408067476002;25,9427611988719
"Mangarrayi_Maran";"r1";0,997079033506408;62,4624624624625;70,1218708827404;62,5308500376435;35,6059871967048
"Mangarrayi_Maran";"r1";0,997054759403851;50;80,2832674571805;50,270386316582;21,714917065739
"Mangarrayi_Maran";"r1";0,993698288342941;55,9309309309309;63,6067193675889;55,9994647562582;43,4559751989771
"Mangarrayi_Maran";"r1";0,995034640746725;53,5285285285285;69,028326745718;53,6669195840392;34,1457537760058
"Mangarrayi_Maran";"r1";0,997193127921651;53,3783783783784;78,8010540184453;53,6053665537361;23,1637148879384
"Mangarrayi_Maran";"r1";0,997624153430231;58,6336336336336;74,5256916996047;58,7755270092227;26,2928510366166
"Mangarrayi_Maran";"r1";0,995682744054016;58,8588588588589;69,0942028985507;58,9502458592132;35,042719944055
"Mangarrayi_Maran";"r1";0,996870267328686;59,8348348348348;70,5862977602108;59,9308300395257;31,8398440868519
"Mangarrayi_Maran";"r1";0,997509207531592;52,7777777777778;79,5158102766798;53,0165102108037;22,9522717318222
"Mangarrayi_Maran";"r1";0,995800838378667;58,8588588588589;69,137022397892;58,9506281761717;32,5430504179238
"Mangarrayi_Maran";"r1";0,997148071100588;56,006006006006;76,3438735177866;56,1875941087898;23,8772042321022
"Mangarrayi_Maran";"r1";0,997428501735334;60,1351351351351;70,737812911726;60,2298019009976;30,1395490230829
"Mangarrayi_Maran";"r1";0,997086278287565;57,3573573573574;73,336627140975;57,5000294089968;26,9790186868372
"Mangarrayi_Maran";"r1";0,997007876628993;63,2132132132132;70,0790513833992;63,2745153397327;34,1612609616033
"Mangarrayi_Maran";"r1";0,996469960926952;61,8618618618619;68,1949934123847;61,9184076792773;35,6666818959335
"Mangarrayi_Maran";"r1";0,998672671373615;58,1081081081081;80,2832674571805;58,3061006022963;22,8221178543177
"Mangarrayi_Maran";"r1";0,99603852303413;53,6036036036036;69,8616600790514;53,7487648221344;32,6000164209654
"Mangarrayi_Maran";"r1";0,995877264248402;54,8048048048048;69,1699604743083;54,9330651232825;34,1457925071492
"Mangarrayi_Maran";"r1";0,997156223085554;58,1081081081081;73,1192358366271;58,2421360342556;28,6965827954057
"Mangarrayi_Maran";"r1";0,996284864926793;58,9339339339339;69,0942028985507;59,024650621118;33,0752738134446
"Mangarrayi_Maran";"r1";0,996943327196506;55,03003003003;71,4196310935441;55,1763657538114;30,1866306473562
"Mangarrayi_Maran";"r1";0,997392447159048;58,1831831831832;73,8010540184453;58,322628458498;27,5579232299261
"Mangarrayi_Maran";"r1";0,996701836699432;51,5015015015015;76,4855072463768;51,7245729813664;25,7388420923224
"Mangarrayi_Maran";"r1";0,995133635787359;52,027027027027;73,0862977602108;52,2150562300019;29,1206048813887
"Mangarrayi_Maran";"r1";0,997047152696831;57,8078078078078;74,6343873517787;57,9580451251647;27,5122585925034
"Mangarrayi_Maran";"r1";0,996147059239888;54,5045045045045;74,4828722002635;54,6828827875024;28,2186354667491
"Mangarrayi_Maran";"r1";0,996709562204149;60,3603603603604;71,5612648221344;60,4603684359119;32,7929507550434
"Mangarrayi_Maran";"r1";0,995948211188922;57,0570570570571;71,637022397892;57,1872353190288;29,6360266135713
"Mangarrayi_Maran";"r1";0,996527712625444;51,9519519519519;77,0586297760211;52,1761187182383;25,625047484629
"Mangarrayi_Maran";"r1";0,99588976408227;54,7297297297297;69,937417654809;54,8655126576322;30,6509306761447
"Mangarrayi_Maran";"r1";0,998118582312881;51,2762762762763;81,9169960474308;51,5498541313759;20,8691011147168
"Mangarrayi_Maran";"r1";0,997442507990243;60,8858858858859;74,6772068511199;61,0090226802183;29,1979736194091
"Mangarrayi_Maran";"r1";0,997035174063221;60,5855855855856;72,8919631093544;60,6954639563335;30,8289236533948
"Mangarrayi_Maran";"r1";0,997010750602983;58,1831831831832;76,2252964426877;58,344273480143;28,1908913594158
"Mangarrayi_Maran";"r1";0,998468713317334;56,0810810810811;78,7252964426877;56,2832615753811;21,4536739029298
"Mangarrayi_Maran";"r1";0,997392189218549;58,033033033033;74,6014492753623;58,180965320911;27,9914554414748
"Mangarrayi_Maran";"r1";0,994935125692152;53,3033033033033;68,3794466403162;53,4379117259552;33,7514465993251
"Mangarrayi_Maran";"r1";0,997790336488193;56,006006006006;77,2101449275362;56,1953286749482;23,9905300744244
"Mangarrayi_Maran";"r1";0,995045887811931;56,8318318318318;68,1949934123847;56,9332886316582;35,5156171602701
"Mangarrayi_Maran";"r1";0,996932483077731;59,3843843843844;71,6699604743083;59,4940770280444;32,1703777309344
"Mangarrayi_Maran";"r1";0,995410261220934;53,3033033033033;68,9525691699605;53,4430288913985;32,4598031425079
"Mangarrayi_Maran";"r1";0,996852162775769;52,3273273273273;79,298418972332;52,5681406455863;24,0939818024167
"Mangarrayi_Maran";"r1";0,997087423494241;55,9309309309309;70,9881422924901;56,0653703180877;29,822433274748
"Mangarrayi_Maran";"r1";0,997170093575624;50,9009009009009;75,5862977602108;51,1213062300019;24,9504316969267
"Mangarrayi_Maran";"r1";0,997095871671457;54,8048048048048;70,6949934123847;54,946681488801;30,846519509261
"Mangarrayi_Maran";"r1";0,99638293837362;55,7807807807808;70,8465085638999;55,9152962074158;29,2166740009136
"Mangarrayi_Maran";"r1";0,996912845306611;60,6606606606607;71,7786561264822;60,7599284773198;31,98731738611
"Mangarrayi_Maran";"r1";0,998304139193602;51,8018018018018;80,2075098814229;52,0554241953699;20,6793965840656
"Mangarrayi_Maran";"r1";0,99701693035944;55,9309309309309;67,0816864295125;56,0304912478826;33,7967648113013
"Mangarrayi_Maran";"r1";0,996225099272135;57,6576576576577;69,0382081686429;57,7592697157915;35,7696124542046
"Mangarrayi_Maran";"r1";0,997048413618092;57,6576576576577;73,9196310935441;57,8028538490495;27,7857020538478
"Mangarrayi_Maran";"r1";0,998045787917544;58,4834834834835;74,9275362318841;58,6303053830228;24,0337738601802
"Mangarrayi_Maran";"r1";0,997285105559582;59,1591591591592;71,4953886693017;59,2693040654997;30,4324186811251
"Mangarrayi_Maran";"r1";0,996005374357459;59,5345345345345;69,7859025032938;59,6260646056842;34,6491756958017
"Mangarrayi_Maran";"r1";0,997494246083846;52,027027027027;78,768115942029;52,2657867494824;22,4260383157664
"Mangarrayi_Maran";"r1";0,996444687581608;51,1261261261261;76,1594202898551;51,3496376811594;25,6606180153421
"Mangarrayi_Maran";"r1";0,995585218247098;53,0780780780781;69,937417654809;53,2286078957274;33,3936322608902
"Mangarrayi_Maran";"r1";0,997598824580056;57,8078078078078;73,9525691699605;57,951957462827;27,8709535279652
"Mangarrayi_Maran";"r1";0,997598677617304;55,4054054054054;77,967720685112;55,6068546489742;22,4971940931457
"Mangarrayi_Maran";"r1";0,998065843615398;49,1741741741742;84,2325428194993;49,4871953227931;19,4098404870115
"Mangarrayi_Maran";"r1";0,997389692010457;59,984984984985;72,9347826086956;60,1006081780538;28,6509404815472
"Mangarrayi_Maran";"r1";0,997864834582165;57,0570570570571;72,3945981554677;57,1939993882929;28,0287658934176
"Mangarrayi_Maran";"r1";0,997117027031905;47,8228228228228;77,7832674571805;48,0903267927724;21,7312084700758
"Mangarrayi_Maran";"r1";0,997088542456568;56,006006006006;77,0586297760211;56,1939758610954;25,2552082842046
"Mangarrayi_Maran";"r1";0,997648362785154;54,5045045045045;75,727931488801;54,6939993882929;23,2728524839338
"Mangarrayi_Maran";"r1";0,99738220764691;55,3303303303303;77,0586297760211;55,5243330039526;24,0341752584447
"Mangarrayi_Maran";"r1";0,997192186350091;53,003003003003;73,768115942029;53,1884057971014;28,5321202470228
"Mangarrayi_Maran";"r1";0,992528122896847;47,2222222222222;63,1949934123847;47,3648362507058;43,8788212233541
"Mangarrayi_Maran";"r1";0,996683567803612;58,1081081081081;68,9426877470356;58,2048454263128;31,8300100543661
"Mangarrayi_Maran";"r1";0,997621255089698;54,4294294294294;74,7859025032938;54,6111836533032;25,8146178630618
"Mangarrayi_Maran";"r1";0,994877909940811;46,6216216216216;75,467720685112;46,8791760775456;26,8947656305169
"Mangarrayi_Maran";"r1";0,997643240906109;51,6516516516517;74,5915678524374;51,8564723320158;24,2033867195895
"Mangarrayi_Maran";"r1";0,997671171840483;52,6276276276276;81,7753623188406;52,8878752587992;21,4830276524158
"Mangarrayi_Maran";"r1";0,996856029943831;54,7297297297297;74,6343873517787;54,9074498870695;27,3029014752354
"Mangarrayi_Maran";"r1";0,996040255622383;56,6816816816817;71,3768115942029;56,8128881987578;30,5312375413565
"Mangarrayi_Maran";"r1";0,997853322527464;62,2372372372372;70,1218708827404;62,3076357519292;32,0774019920314
"Mangarrayi_Maran";"r1";0,99710169748054;51,5015015015015;76,1923583662714;51,7219555806512;23,7313747473834
"Mangarrayi_Maran";"r1";0,994886006924172;55,2552552552552;66,9400527009223;55,3595838038773;34,2510711456308
"Mangarrayi_Maran";"r1";0,995678422714788;56,4564564564565;68,1851119894598;56,561176595144;34,5228589250358
"Mangarrayi_Maran";"r1";0,997638613100542;58,033033033033;74,9703557312253;58,1842591285526;26,7794802368405
"Mangarrayi_Maran";"r1";0,997134794143009;57,957957957958;74,7430830039526;58,1078251458686;27,5764491206263
"Mangarrayi_Maran";"r1";0,995805015523186;58,6336336336336;66,096837944664;58,7002693864107;36,5200201979702
"Mangarrayi_Maran";"r1";0,996545288019757;52,5525525525526;77,967720685112;52,7794736965933;24,9203406949836
"Mangarrayi_Maran";"r1";0,996888226807749;59,6096096096096;70,4347826086957;59,7062629399586;32,5458559327937
"Mangarrayi_Maran";"r1";0,997019590922435;60,5105105105105;70,1745718050066;60,5967967720685;35,697159771041
"Mangarrayi_Maran";"r1";0,997053236253297;52,6276276276276;73,9624505928854;52,8181171183889;25,2275680380647
"Mangarrayi_Maran";"r1";0,996522901482223;56,7567567567568;72,2529644268775;56,8951157538114;30,7041396939384
"Mangarrayi_Maran";"r1";0,996791464678319;56,7567567567568;73,2279314888011;56,9038208168643;29,0373795809125
"Mangarrayi_Maran";"r1";0,996790986550035;55,03003003003;76,3768115942029;55,2206262939959;27,5583791112895
"Mangarrayi_Maran";"r1";0,996608796069794;58,3333333333333;74,028326745718;58,4734672030868;28,7997940559605
"Mangarrayi_Maran";"r1";0,996763580918968;53,7537537537538;73,1949934123847;53,9273362507058;28,5659550220223
"Mangarrayi_Maran";"r1";0,996417594870855;57,1321321321321;72,167325428195;57,2663749294184;31,8605274719694
"Mangarrayi_Maran";"r1";0,99684483942475;47,0720720720721;74,8188405797101;47,3198110766046;24,7090432798283
"Mangarrayi_Maran";"r1";0,997172593309881;52,2522522522522;77,7832674571805;52,4802077451534;24,4871236874761
"Mangarrayi_Maran";"r1";0,997393198108819;45,7957957957958;81,7654808959157;46,1169536984754;19,2651928705808
"Mangarrayi_Maran";"r1";0,996110552585793;55,4054054054054;70,9552042160738;55,5442428947864;30,4362199458241
"Mangarrayi_Maran";"r1";0,996667129431989;57,0570570570571;72,1343873517787;57,1916760775456;29,8918811804909
"Mangarrayi_Maran";"r1";0,99771152639991;56,3063063063063;77,0586297760211;56,4915949087145;24,7650538271179
"Mangarrayi_Maran";"r1";0,996526142937135;52,6276276276276;77,8919631093544;52,8532020515716;24,6444627222683
"Mangarrayi_Maran";"r1";0,996424905105588;54,8048048048048;73,9097496706192;54,9753846696782;27,9516487371509
"Mangarrayi_Maran";"r1";0,996683853813451;56,981981981982;71,5184453227931;57,1117718332392;30,7889374950375
"Mangarrayi_Maran";"r1";0,995622573268898;59,009009009009;71,5184453227931;59,1207004046678;33,780798413862
"Mangarrayi_Maran";"r1";0,997211651556004;54,5045045045045;75,4347826086957;54,6913819875776;25,4335159656372
"Mangarrayi_Maran";"r1";0,997218889700676;54,8798798798799;74,7101449275362;55,0569358178054;26,2803172683657
"Mangarrayi_Maran";"r1";0,994676221540114;53,3783783783784;68,2707509881423;53,5113459909656;35,1901950857613
"Mangarrayi_Maran";"r1";0,996789783818357;54,2042042042042;74,667325428195;54,3869106437041;26,0965684006316
"Mangarrayi_Maran";"r1";0,994487633953948;51,1261261261261;67,5131752305665;51,2724390645586;34,9504815257504
"Mangarrayi_Maran";"r1";0,995844624905244;58,6336336336336;66,1725955204216;58,7009457933371;38,3748794638254
"Mangarrayi_Maran";"r1";0,997469656094654;54,954954954955;76,1166007905138;55,1438982213439;25,7299606250482
"Mangarrayi_Maran";"r1";0,996814202610243;55,3303303303303;76,3438735177865;55,5179512516469;26,5296798610262
"Mangarrayi_Maran";"r1";0,997508147466193;58,1081081081081;76,1495388669302;58,2691923113119;26,5453578633697
"Mangarrayi_Maran";"r1";0,996684254838077;56,3063063063063;72,8590250329381;56,4540984377941;29,7703397951268
"Mangarrayi_Maran";"r1";0,996985753902835;58,3333333333333;73,0862977602108;58,4650562300019;28,4581068861128
"Mangarrayi_Maran";"r1";0,996727213313539;50,2252252252252;73,768115942029;50,4354296066252;27,0190970013863
"Mangarrayi_Maran";"r1";0,997254259709283;61,7117117117117;73,2608695652174;61,8148291925466;30,5767028048061
"Mangarrayi_Maran";"r1";0,996850744840135;56,7567567567568;69,137022397892;56,8672948428383;31,1371914744136
"Mangarrayi_Maran";"r1";0,996430809468697;50,8258258258258;74,0942028985507;51,0335791925466;27,9479708258632
"Mangarrayi_Maran";"r1";0,998125664514646;58,5585585585586;78,0105401844532;58,7322369659326;24,3103840317786
"Mangarrayi_Maran";"r1";0,996225600487086;60,2102102102102;71,3010540184453;60,3092356013552;30,8908033247085
"Mangarrayi_Maran";"r1";0,997167047178307;58,2582582582583;74,5915678524374;58,4040913796349;27,7847695303325
"Mangarrayi_Maran";"r1";0,994319904680974;49,3243243243243;73,8109354413702;49,5429547807265;29,3827919509009
"Mangarrayi_Maran";"r1";0,996545942869113;62,4624624624625;68,4881422924901;62,5162631752306;33,3392415708963
"Mangarrayi_Maran";"r1";0,99645642455808;51,0510510510511;70,2305665349144;51,2222967250141;30,9373889002867
"Mangarrayi_Maran";"r1";0,996807143644863;60,2852852852853;71,4525691699605;60,3849931771127;31,8768579484679
"Mangarrayi_Maran";"r1";0,996701690209436;55,8558558558559;76,9598155467721;56,0442840673819;25,4405734292454
"Mangarrayi_Maran";"r1";0,997599635359341;51,0510510510511;77,2529644268775;51,2849967061924;20,8822503527072
"Mangarrayi_Maran";"r1";0,996838251564818;57,2072072072072;72,3616600790514;57,3425148221344;28,1615899933821
"Mangarrayi_Maran";"r1";0,997479010038875;49,4744744744745;80,1745718050066;49,7485824863542;19,8340506583663
"Mangarrayi_Maran";"r1";0,996323450220332;60,0600600600601;70,0131752305665;60,1489271597967;33,6133417904123
"Mangarrayi_Maran";"r1";0,995942183126336;54,3543543543543;73,768115942029;54,5276915113872;29,8643233739272
"Mangarrayi_Maran";"r1";0,997605894520795;55,1801801801802;69,2457180500659;55,3057653397327;40,5452409563509
"Mangarrayi_Maran";"r1";0,998301579560763;49,3993993993994;81,798418972332;49,688676359872;18,1486219815454
"Mangarrayi_Maran";"r1";0,997665996363277;59,009009009009;74,8616600790514;59,1505505364201;25,9815079052542
"Mangarrayi_Maran";"r1";0,996992267053449;54,0540540540541;76,9499341238472;54,2584815546772;25,4914045408507
"Mangarrayi_Maran";"r1";0,997641668259064;61,1111111111111;73,0434782608696;61,2176501035197;29,1766355710455
"Mangarrayi_Maran";"r1";0,998346894226094;51,2012012012012;77,068511198946;51,4321593261811;21,256436625511
"Mangarrayi_Maran";"r1";0,997325703648359;55,1801801801802;75,6192358366271;55,3626717485413;25,6188446338589
"Mangarrayi_Maran";"r1";0,997441009584489;56,9069069069069;72,437417654809;57,0455721814417;28,7099870407739
"Mangarrayi_Maran";"r1";0,996290815323277;62,1621621621622;68,4552042160738;62,2183500376435;32,9462668641968
"Mangarrayi_Maran";"r1";0,995706573382768;58,1081081081081;68,3036890645586;58,1991400809336;36,0259157372312
"Mangarrayi_Maran";"r1";0,997544978935515;61,2612612612613;74,1040843214756;61,3759293242989;28,5308118445031
"Mangarrayi_Maran";"r1";0,997419063511621;56,1561561561562;78,0105401844532;56,3512845849802;23,5828419703397
"Mangarrayi_Maran";"r1";0,99679228386091;61,1111111111111;72,4275362318841;61,212150621118;30,5066423002977
"Mangarrayi_Maran";"r1";0,996909029609158;58,7087087087087;73,9855072463768;58,8451086956522;27,8600053418515
"Mangarrayi_Maran";"r1";0,997549937062723;59,2342342342342;77,0256916996047;59,3930865330322;26,0225722383846
"Mangarrayi_Maran";"r1";0,997619215594517;61,8618618618619;74,0184453227931;61,9704027856202;29,2685889017407
"Mangarrayi_Maran";"r1";0,996712118615964;53,003003003003;72,3188405797101;53,1754658385093;28,3209563867318
"Mangarrayi_Maran";"r1";0,996680494392644;55,2552552552552;74,8616600790514;55,430312441182;26,5289843835593
"Mangarrayi_Maran";"r1";0,996825488162043;45,2702702702703;72,437417654809;45,5128340862037;27,0966261226485
"Mangarrayi_Maran";"r1";0,996874878760957;48,7237237237237;79,568511198946;48,9991236118953;22,3975431996136
"Mangarrayi_Maran";"r1";0,996560926048534;57,3573573573574;72,3945981554677;57,4916184359119;28,842248371842
"Mangarrayi_Maran";"r1";0,9971379608453;50,4504504504504;68,5638998682477;50,6121776773951;38,1405182095915
"Mangarrayi_Maran";"r1";0,995854034128992;56,1561561561562;70,8563899868248;56,28740824393;31,445825649834
"Mangarrayi_Maran";"r1";0,998552227813151;49,3243243243243;83,5836627140975;49,630211274233;18,1925610941828
"Mangarrayi_Maran";"r1";0,997849186903865;52,2522522522522;78,8438735177866;52,4896774421231;23,4111458300482
"Mangarrayi_Maran";"r1";0,997422446494992;57,2822822822823;72,3188405797101;57,4165372670807;30,3478087671152
"Mangarrayi_Maran";"r1";0,995205434353338;51,4264264264264;71,9927536231884;51,6100543478261;29,5841992560379
"Mangarrayi_Maran";"r1";0,996356410609443;51,5765765765766;76,1495388669302;51,7959780255976;25,1118849074832
"Mangarrayi_Maran";"r1";0,997116447754029;51,3513513513513;78,5079051383399;51,5938205815923;23,037818151432
"Mangarrayi_Maran";"r1";0,995252323519638;52,4024024024024;68,8438735177866;52,5492012516469;33,0800282964476
"Mangarrayi_Maran";"r1";0,994921102757479;57,4324324324324;67,5131752305665;57,5224390645586;35,6121152156764
"Mangarrayi_Maran";"r1";0,997716718836602;52,1021021021021;73,6594202898551;52,2945781573499;25,5647540163422
"Mangarrayi_Maran";"r1";0,99723705940788;60,3603603603604;70,836627140975;60,4538984566159;28,8516848707424
"Mangarrayi_Maran";"r1";0,995641066712778;55,2552552552552;70,8465085638999;55,3944628740824;31,3894548614639
"Mangarrayi_Maran";"r1";0,996979928946487;56,981981981982;72,3616600790514;57,1193005364201;29,4172369849446
"Mangarrayi_Maran";"r1";0,997790984935925;57,957957957958;73,2707509881423;58,0946793242989;27,6731284238504
"Mangarrayi_Maran";"r1";0,995948893382615;47,7477477477478;74,7529644268775;47,9888657538114;25,7302460372585
"Mangarrayi_Maran";"r1";0,997533918805975;45,5705705705706;77,1014492753623;45,8520962732919;23,2300228237608
"Mangarrayi_Maran";"r1";0,997766381561272;52,3273273273273;77,1343873517787;52,5488189346885;21,9368701211472
"Mangarrayi_Maran";"r1";0,997400351547811;55,7057057057057;76,268115942029;55,8892986542443;25,0573967164213
"Mangarrayi_Maran";"r1";0,996811410711351;55,03003003003;77,5658761528327;55,2312429418408;25,4780504511854
"Mangarrayi_Maran";"r1";0,996605388906899;61,4114114114114;72,2859025032938;61,5085050818747;30,9326810902146
"Mangarrayi_Maran";"r1";0,996763580918968;51,1261261261261;73,1521739130435;51,3227872670807;26,6379121471804
"Mangarrayi_Maran";"r1";0,998179960449024;59,0840840840841;77,0586297760211;59,2445710991907;24,2469774671515
"Mangarrayi_Maran";"r1";0,997664158020972;54,8798798798799;74,8616600790514;55,0582886316582;26,680771093335
"Mangarrayi_Maran";"r1";0,995143267622448;51,8768768768769;71,4097496706192;52,051277526821;29,84681412985
"Mangarrayi_Maran";"r1";0,997396236282628;55,4054054054054;74,7430830039526;55,5780632411067;26,0300442637568
"Mangarrayi_Maran";"r1";0,997042068986969;62,1621621621622;70,467720685112;62,2363189346885;32,0206190249317
"Mangarrayi_Maran";"r1";0,998054596041424;52,8528528528528;78,9426877470356;53,0857978072652;22,9861857483382
"Mangarrayi_Maran";"r1";0,998434071434321;53,4534534534535;74,8188405797101;53,6442158385093;34,6552741269784
"Mangarrayi_Maran";"r1";0,996718971564787;53,9039039039039;74,7430830039526;54,0899680030115;25,0687569683697
"Mangarrayi_Maran";"r1";0,998080627389677;52,3273273273273;80,3590250329381;52,577610342556;21,5127724639326
"Mangarrayi_Maran";"r1";0,997878905475204;61,2612612612613;74,7529644268775;61,3817228966685;27,0523349216134
"Mangarrayi_Maran";"r1";0,996173971346834;50,9009009009009;66,2252964426877;51,0377258610954;36,7389617617148
"Mangarrayi_Maran";"r1";0,997889572499531;53,9039039039039;75,9749670619236;54,1009669678148;22,2046889410016
"Mangarrayi_Maran";"r1";0,997122327543501;57,5075075075075;72,2859025032938;57,639457462827;28,1041610455473
"Mangarrayi_Maran";"r1";0,995847437819805;57,1321321321321;71,6040843214756;57,2613459909656;30,060065941005
"Mangarrayi_Maran";"r1";0,998269460565883;54,8798798798799;80,3491436100132;55,1072840203275;22,3977784809046
"Mangarrayi_Maran";"r1";0,997407010360396;60,7357357357357;74,5586297760211;60,859154432524;29,0145083565418
"Mangarrayi_Maran";"r1";0,996237318285117;55,2552552552552;67,8063241106719;55,3673183700358;31,2229690943303
"Mangarrayi_Maran";"r1";0,996422950111834;61,2612612612613;71,637022397892;61,3539019856955;31,854589692557
"Mangarrayi_Maran";"r1";0,997704452470829;57,8078078078078;76,0836627140975;57,9709850837568;24,3775768420298
"Mangarrayi_Maran";"r1";0,997612211831161;55,7057057057057;77,2101449275362;55,8977096273292;25,1125341718234
"Mangarrayi_Maran";"r1";0,995249543910712;45,1201201201201;76,7325428194993;45,4023738942217;25,6244434852364
"Mangarrayi_Maran";"r1";0,9976868708223;59,2342342342342;71,4196310935441;59,3430324204781;28,132172575988
"Mangarrayi_Maran";"r1";0,996964669640063;57,2822822822823;72,8162055335968;57,4209780255976;29,1820933547989
"Mangarrayi_Maran";"r1";0,998209083036714;57,8078078078078;73,3465085638999;57,9465462074158;26,7831861314717
"Mangarrayi_Maran";"r1";0,998280501248915;58,4834834834835;74,5915678524374;58,6273056653491;25,1705491269213
"Mangarrayi_Maran";"r1";0,996683327716318;60,4354354354354;71,4855072463768;60,5340967908903;29,683906623067
"Mangarrayi_Maran";"r1";0,997866209543044;59,4594594594595;70,9123847167325;59,5617177206851;38,2021120939193
"Mangarrayi_Maran";"r1";0,996981862770978;59,6096096096096;71,6469038208169;59,7170854507811;32,1196097679429
"Mangarrayi_Maran";"r1";0,997130291415748;58,2582582582583;76,1264822134387;58,4177959721438;27,0727032514226
"Mangarrayi_Maran";"r1";0,99638293837362;55,4804804804805;70,8036890645586;55,6172948428383;30,5829802445681
"Mangarrayi_Maran";"r1";0,997262952976579;57,2072072072072;67,8392621870883;57,3021362695276;32,4621096054816
"Mangarrayi_Maran";"r1";0,997675860617371;51,4264264264264;78,5079051383399;51,6682253434971;22,4687778853807
"Mangarrayi_Maran";"r1";0,997977605687853;59,2342342342342;73,3036890645586;59,3598543666478;26,1189867992858
"Mangarrayi_Maran";"r1";0,995450999708769;58,1831831831832;68,8768115942029;58,2786620082816;36,5900807836181
"Mangarrayi_Maran";"r1";0,996174549658734;48,948948948949;75,2075098814229;49,183400385846;24,7355253292074
"Mangarrayi_Maran";"r1";0,997083119939726;51,5015015015015;77,1343873517787;51,7303665537361;24,5080116272772
"Mangarrayi_Maran";"r1";0,997606333188214;61,1111111111111;72,5461133069829;61,2132093450028;29,2438796499437
"Mangarrayi_Maran";"r1";0,995708826093462;59,2342342342342;69,7430830039526;59,3280632411067;34,6852255763849
"Mangarrayi_Maran";"r1";0,996526102054031;57,8828828828829;74,7101449275362;58,0331262939959;28,6625175889548
"Mangarrayi_Maran";"r1";0,995807031354705;55,1051051051051;75,2832674571805;55,2852672689629;28,5433423980508
"Mangarrayi_Maran";"r1";0,997931996172931;55,4804804804805;79,6014492753623;55,6958462732919;24,2476493307665
"Mangarrayi_Maran";"r1";0,995023797950745;53,3033033033033;68,4552042160738;53,4385881328816;33,5573108517997
"Mangarrayi_Maran";"r1";0,996877485162831;53,7537537537538;74,568511198946;53,9395998023715;34,8134980042856
"Mangarrayi_Maran";"r1";0,996415655235074;55,5555555555556;72,9347826086956;55,7107272256729;31,441927345693
"Mangarrayi_Maran";"r1";0,997678579513801;52,9279279279279;78,8339920948617;53,1592320722756;22,8949949442955
"Mangarrayi_Maran";"r1";0,996990245820576;56,6066066066066;69,1040843214756;56,7181912290608;32,2151703714581
"Mangarrayi_Maran";"r1";0,998437214021636;58,2582582582583;76,5283267457181;58,4213838697534;22,6216756677107
"Mangarrayi_Maran";"r1";0,99822730846205;55,3303303303303;80,9650856389987;55,5592120741577;22,467628695895
"Mangarrayi_Maran";"r1";0,998042036555396;59,2342342342342;77,1343873517787;59,3940570299266;25,1513733731673
"Mangarrayi_Maran";"r1";0,99753303696672;57,4324324324324;73,0006587615283;57,5714344532279;26,1089697335778
"Mangarrayi_Maran";"r1";0,997689824802739;61,7867867867868;76,3438735177866;61,9167607754564;27,8726793919353
"Mangarrayi_Maran";"r1";0,996602257686073;54,5795795795796;70,6620553359684;54,7231731131188;29,0866089887757
"Mangarrayi_Maran";"r1";0,997375633526489;51,8018018018018;79,9901185770751;52,053483201581;22,1703767035223
"Mangarrayi_Maran";"r1";0,996597897862305;54,8048048048048;73,9196310935441;54,9754728966685;27,0252599325565
"Mangarrayi_Maran";"r1";0,997790681117859;49,2492492492492;80,2733860342556;49,5262504705439;21,8873164031945
"Mangarrayi_Maran";"r1";0,996075463219829;56,3813813813814;71,7127799736495;56,5182688688123;29,0363265901432
"Mangarrayi_Maran";"r1";0,997588736677392;56,9069069069069;76,1166007905138;57,0784220308677;24,9192534223008
"Mangarrayi_Maran";"r1";0,998160902135507;50,1501501501502;81,9828722002635;50,4343708827405;20,2177117543851
"Mangarrayi_Maran";"r1";0,996431021238209;58,3333333333333;69,3544137022398;58,4317358366271;34,61302395148
"Mangarrayi_Maran";"r1";0,997758640558553;58,3333333333333;73,227931488801;58,4663208168643;25,9546730387478
"Mangarrayi_Maran";"r1";0,995948733245505;59,6846846846847;66,7555994729908;59,7478178524374;37,6349615023918
"Mangarrayi_Maran";"r1";0,995037019539073;52,3273273273273;72,1772068511199;52,504558394504;29,7998110293676
"Mangarrayi_Maran";"r1";0,996131764681439;54,7297297297297;70,8036890645586;54,8732472237907;30,4344054316398
"Mangarrayi_Maran";"r1";0,995982547848861;57,8828828828829;68,6067193675889;57,9786314229249;31,3133035161408
"Mangarrayi_Maran";"r1";0,997142499653063;54,6546546546547;74,0612648221344;54,8279279597214;27,0630604592417
"Mangarrayi_Maran";"r1";0,997263389692227;55,9309309309309;72,4703557312253;56,0786043666478;26,3094620860907
"Mangarrayi_Maran";"r1";0,997437284566379;57,4324324324324;73,336627140975;57,5744341709016;28,4804729703631
"Mangarrayi_Maran";"r1";0,996677193459992;56,7567567567568;71,528326745718;56,8886457745153;28,2444781627711
"Mangarrayi_Maran";"r1";0,998531405795463;55,7807807807808;80,3162055335968;55,9998470732166;21,9328755052964
"Mangarrayi_Maran";"r1";0,997570641088268;57,2072072072072;72,5032938076416;57,3437794089968;26,5302139756196
"Mangarrayi_Maran";"r1";0,995842263091906;57,0570570570571;67,6119894598155;57,1512975249388;35,1083271898959
"Mangarrayi_Maran";"r1";0,995443572556791;56,0810810810811;70,7279314888011;56,21185653115;30,4737280480725
"Mangarrayi_Maran";"r1";0,997676325545465;59,8348348348348;72,3188405797101;59,9462991718426;28,5145876261765
"Mangarrayi_Maran";"r1";0,996875634666306;62,7627627627628;70,8465085638999;62,8349390645586;32,1356265756929
"Mangarrayi_Maran";"r1";0,996362244371895;50,8258258258258;70,7279314888011;51,0035231978167;30,3029718156833
"Mangarrayi_Maran";"r1";0,998193908051846;52,9279279279279;80,3491436100132;53,1727602108037;21,4494739936732
"Mangarrayi_Maran";"r1";0,995239844198271;54,2792792792793;66,1396574440053;54,3851755128929;36,0791106599697
"Mangarrayi_Maran";"r1";0,996811997454211;61,4864864864865;73,0105401844532;61,5893798230755;29,7369846546229
"Mangarrayi_Maran";"r1";0,997702855919037;53,978978978979;72,5889328063241;54,1451392810088;27,4724527274486
"Mangarrayi_Maran";"r1";0,997152775959483;51,8018018018018;76,3768115942029;52,0212215320911;22,7705355795439
"Mangarrayi_Maran";"r1";0,997576026956765;56,7567567567568;73,1949934123847;56,9035267268963;26,5950086008184
"Mangarrayi_Maran";"r1";0,997851985726611;60,8858858858859;72,4703557312253;60,9893186523621;26,3210016772151
"Mangarrayi_Maran";"r1";0,997530343029478;45,1951951951952;83,8965744400527;45,5407432241671;19,2085263558279
"Mangarrayi_Maran";"r1";0,995984100081584;44,2942942942943;79,568511198946;44,6092426595144;23,7552661073167
"Mangarrayi_Maran";"r1";0,995169864754191;56,9069069069069;67,6877470355731;57,0031644080557;35,1998379297954
"Mangarrayi_Maran";"r1";0,996605951128849;57,2072072072072;72,5790513833992;57,3444558159232;28,8097256790913
"Mangarrayi_Maran";"r1";0,996981250208569;58,1831831831832;73,768115942029;58,32233436853;26,5723446511112
"Mangarrayi_Maran";"r1";0,996429043596459;50,975975975976;77,0256916996047;51,2085627235084;24,5276401320076
"Mangarrayi_Maran";"r1";0,996675618216954;55,03003003003;75,5764163372859;55,2134799077734;28,1665552859865
"Mangarrayi_Maran";"r1";0,996660050751486;56,4564564564565;72,1343873517787;56,5964379823075;29,4790816562168
"Mangarrayi_Maran";"r1";0,998319879334114;55,9309309309309;76,4855072463768;56,1144539337474;23,9526610273114
"Mangarrayi_Maran";"r1";0,996785939759109;60,7357357357357;72,167325428195;60,837803500847;30,6382580896427
"Mangarrayi_Maran";"r1";0,995884319374143;61,7117117117117;69,1897233201581;61,7784796725014;37,6617112270374
"Mangarrayi_Maran";"r1";0,996390464369025;56,7567567567568;69,137022397892;56,8672948428383;31,5582695185995
"Mangarrayi_Maran";"r1";0,998102682146346;56,2312312312312;78,7582345191041;56,4323651891587;22,862886750077
"Mangarrayi_Maran";"r1";0,994237030821879;52,4024024024024;71,5612648221344;52,5734636740072;31,2368230108199
"Mangarrayi_Maran";"r1";0,996920186700487;50,6006006006006;74,9703557312253;50,8181876999812;25,8727175739387
"Mangarrayi_Maran";"r1";0,99649320673635;46,1711711711712;81,6897233201581;46,4883011010728;20,2952529145521
"Mangarrayi_Maran";"r1";0,997143501622424;60,4354354354354;70,9123847167325;60,528979625447;30,6426262870203
"Mangarrayi_Maran";"r1";0,997810500786795;46,2462462462462;83,3234519104084;46,5772927253905;18,5655916572032
"Mangarrayi_Maran";"r1";0,998030436181668;55,2552552552552;79,6014492753623;55,4726319875776;24,2571964988892
"Mangarrayi_Maran";"r1";0,997479798569702;61,1861861861862;73,1949934123847;61,2934076792773;28,0761566604895
"Mangarrayi_Maran";"r1";0,997561324321991;60,5105105105105;71,7127799736495;60,6105307735742;28,9786336225874
"Mangarrayi_Maran";"r1";0,997774751829105;57,4324324324324;74,6772068511199;57,5864036325993;25,0523045767388
"Mangarrayi_Maran";"r1";0,995995117080336;60,1351351351351;68,5309617918314;60,2100978731414;37,4830806989369
"Mangarrayi_Maran";"r1";0,997033433079001;53,003003003003;77,967720685112;53,2259022680218;23,7854967935447
"Mangarrayi_Maran";"r1";0,996417594870855;53,7537537537538;72,328722002635;53,9196016845473;29,2847118441092
