"matrix_id";"baseline";"ceof_cor";"stat_nodf_columns";"stat_nodf_rows";"stat_nodf_general";"stat_temp"
"whiten_unknowns_are_present";"r2";0,987932474175624;59,4617955144271;79,9085948783306;60,4091375698975;16,3880534551558
"whiten_unknowns_are_present";"r2";0,982256170056083;59,7975708502024;69,4285491867546;60,2437937847145;29,4409328029355
"whiten_unknowns_are_present";"r2";0,984970570223315;59,8827196195617;77,8147037792178;60,7135451404724;18,104909372292
"whiten_unknowns_are_present";"r2";0,985312216379718;63,8146648672964;73,5069343289718;64,2637275450575;24,109924250761
"whiten_unknowns_are_present";"r2";0,982178572815095;58,4592892487629;75,6493895774586;59,2557417736446;20,4405559477462
"whiten_unknowns_are_present";"r2";0,987487909227161;57,7533577533577;78,3694394708888;58,7085430066796;20,0915794036554
"whiten_unknowns_are_present";"r2";0,982401217923665;62,5470728102307;78,7190274164912;63,2963525603277;17,9098812060931
"whiten_unknowns_are_present";"r2";0,982228504157694;57,1242208084313;74,4243858348718;57,9257728559884;21,3537310283421
"whiten_unknowns_are_present";"r2";0,980096003147716;49,9665831244779;76,9665472350894;51,2175467126143;18,3737686710559
"whiten_unknowns_are_present";"r2";0,980418284392649;62,2774885932781;73,5959441950491;62,8018958026265;22,699584194494
"whiten_unknowns_are_present";"r2";0,985888283567608;56,7800912537755;76,3586815484727;57,6872074064255;20,3555593202922
"whiten_unknowns_are_present";"r2";0,980914462695163;60,4900070689544;76,4627574518879;61,2300572797467;19,8660452522907
"whiten_unknowns_are_present";"r2";0,986188969632391;61,2254996465523;75,8861589532945;61,9047579928106;20,8068693001715
"whiten_unknowns_are_present";"r2";0,985453727332429;60,761197866461;75,1310761836124;61,4269837344372;22,0014977523239
"whiten_unknowns_are_present";"r2";0,984996522683906;62,1939464044727;74,262280984148;62,7530970413689;22,9811986944265
"whiten_unknowns_are_present";"r2";0,986135188384413;60,8148576569629;76,7589865417018;61,5535817751748;18,7610862597259
"whiten_unknowns_are_present";"r2";0,992570959408228;61,1278195488722;80,6368658219681;62,0317135846913;17,1359872456825
"whiten_unknowns_are_present";"r2";0,987560720096205;65,4151404151404;79,7411766030692;66,0788949875541;17,6663455928207
"whiten_unknowns_are_present";"r2";0,985378667954695;54,5549771865561;73,9386306283152;55,453061515904;23,395643164263
"whiten_unknowns_are_present";"r2";0,97688247125895;62,2215795900006;73,621336377304;62,749753649644;23,2135702424989
"whiten_unknowns_are_present";"r2";0,983629056513119;59,7394126341495;75,7476183789057;60,4811055644085;19,8933357697975
"whiten_unknowns_are_present";"r2";0,98406041134897;63,0817428185849;71,8819881493582;63,4894761929837;24,5413121710474
"whiten_unknowns_are_present";"r2";0,985307845536448;56,536212325686;73,9143134737764;57,3413753132423;21,6789893973145
"whiten_unknowns_are_present";"r2";0,979096128517017;60,137523295418;70,5558562045135;60,6202259784649;27,0171231759987
"whiten_unknowns_are_present";"r2";0,979041350406367;56,7649893965683;75,7275950423862;57,6435657199267;19,5675680883714
"whiten_unknowns_are_present";"r2";0,985551976396844;61,8048325943063;79,7751286831636;62,6374331852958;17,6863754667494
"whiten_unknowns_are_present";"r2";0,990343378366019;51,6962277488593;74,6588492141561;52,7601329904947;21,766380768102
"whiten_unknowns_are_present";"r2";0,988930977824947;58,8002056423109;78,9871978413112;59,7355103001796;17,5182111653193
"whiten_unknowns_are_present";"r2";0,987170780197005;60,561017929439;77,6640822117165;61,3534378961854;18,7001936730578
"whiten_unknowns_are_present";"r2";0,9826666172887;56,857207120365;73,6916292518381;57,6371803465336;23,4840590529982
"whiten_unknowns_are_present";"r2";0,982124629159208;51,6486729644624;72,5793263917731;52,6184329688166;24,9748726619091
"whiten_unknowns_are_present";"r2";0,986567714237518;63,4522202943256;73,7979234383753;63,9315578917333;24,0021578859384
"whiten_unknowns_are_present";"r2";0,984346376264967;58,6572199730094;77,9844722113478;59,5526911191873;17,6628560705991
"whiten_unknowns_are_present";"r2";0,984235122387031;58,9206991838571;71,7148237131187;59,5134771543248;24,9782386939154
"whiten_unknowns_are_present";"r2";0,977872254897688;52,3555684082;75,2380117711533;53,4157588342828;20,9961225388416
"whiten_unknowns_are_present";"r2";0,98256557881445;58,0798149219202;73,5104059646899;58,7947457810447;23,4003922819649
"whiten_unknowns_are_present";"r2";0,987635400613558;61,9793072424651;77,73214584585;62,7091684904984;17,9397760216186
"whiten_unknowns_are_present";"r2";0,985012500310721;61,4957264957265;75,7697730579231;62,157072282392;19,4672902906401
"whiten_unknowns_are_present";"r2";0,985394849511289;55,7030396504081;74,160809463026;56,5582258965525;23,7104806325801
"whiten_unknowns_are_present";"r2";0,976195591228031;52,1181158023263;75,50422564553;53,201642127108;19,3143975492954
"whiten_unknowns_are_present";"r2";0,987684159708177;60,0064263222158;74,4918499927025;60,6775656428561;22,0621507279549
"whiten_unknowns_are_present";"r2";0,980444778044203;57,9435768909453;72,4271244921288;58,6146292894557;24,3769885489244
"whiten_unknowns_are_present";"r2";0,975905742405522;54,1006362058994;74,7309733618344;55,0564819428539;22,0796464104265
"whiten_unknowns_are_present";"r2";0,984941398854577;61,7935865304286;74,6493909298683;62,3892222554992;21,5606856920649
"whiten_unknowns_are_present";"r2";0,980022874484669;59,224985540775;73,6807885840282;59,894752477142;21,8598981191017
"whiten_unknowns_are_present";"r2";0,979129093841804;58,2533256217467;70,9551285639308;58,8418261441645;24,8285709235202
"whiten_unknowns_are_present";"r2";0,985046702039589;58,540260908682;77,6395053117133;59,4251679852703;18,0944959236114
"whiten_unknowns_are_present";"r2";0,990877903059751;64,3538333012017;78,7695619992082;65,021743511148;20,62290351385
"whiten_unknowns_are_present";"r2";0,981073874801541;56,9282179808496;75,9710860600673;57,8105130269909;21,1585381564038
"whiten_unknowns_are_present";"r2";0,98703116954965;66,1763382816014;76,8464851589319;66,6707080210917;19,2637442277255
"whiten_unknowns_are_present";"r2";0,980321911459797;56,3029368292526;73,8402977189209;57,1154786465346;21,7768365682334
"whiten_unknowns_are_present";"r2";0,978001754476711;54,604138551507;73,4957734160633;55,4794266533397;21,6221355555683
"whiten_unknowns_are_present";"r2";0,982407944373211;52,1605295289506;76,2038757909389;53,2745069619385;21,2383975267437
"whiten_unknowns_are_present";"r2";0,987366471190884;65,4848660111818;74,6461028354677;65,9093248601835;23,4895842353148
"whiten_unknowns_are_present";"r2";0,982678216150765;62,1916971916972;73,3730081213031;62,7097502077407;24,2649429006902
"whiten_unknowns_are_present";"r2";0,988584649539451;53,8583638583639;77,0374072936946;54,9322963727421;19,1267542940691
"whiten_unknowns_are_present";"r2";0,979805480017481;54,17004048583;75,4295208793291;55,1550357164168;20,1075272353654
"whiten_unknowns_are_present";"r2";0,971197241416105;51,3990103463788;74,8856203354285;52,4871930485741;20,7793279836016
"whiten_unknowns_are_present";"r2";0,985590999987291;58,928410770516;74,5446540017086;59,6519432754361;22,3409114647899
"whiten_unknowns_are_present";"r2";0,983785422091841;55,3290276974488;74,649294329175;56,2241751861774;21,3286640671333
"whiten_unknowns_are_present";"r2";0,984557877142731;60,7303515198252;73,5745236813012;61,3254482995075;23,6391931258148
"whiten_unknowns_are_present";"r2";0,988267971707125;67,002442002442;76,2632342397901;67,4315134574543;21,1484708997371
"whiten_unknowns_are_present";"r2";0,97898161277624;55,5909003277424;73,1907497439254;56,4063373663301;23,7267954918809
"whiten_unknowns_are_present";"r2";0,985471793472778;62,285200179937;73,5676132817011;62,8079374665052;24,1661386667691
"whiten_unknowns_are_present";"r2";0,98779365667159;61,8674892359103;82,4359726188371;62,820469160988;15,5686204408131
"whiten_unknowns_are_present";"r2";0,978067804118918;52,7848467322152;70,4908580415827;53,6052024685565;25,6765060865895
"whiten_unknowns_are_present";"r2";0,983095321033355;58,7121650279545;75,6641329132804;59,4975843894368;23,2472412746958
"whiten_unknowns_are_present";"r2";0,985848985291536;63,9711458132511;73,4112547094218;64,408525376008;23,5609548448261
"whiten_unknowns_are_present";"r2";0,986241805722617;62,1618147933937;74,5938310410817;62,7378155461824;22,7397418090754
"whiten_unknowns_are_present";"r2";0,969295458988736;53,809202493413;75,6651444605409;54,8218330092645;19,2189368363168
"whiten_unknowns_are_present";"r2";0,986876776101344;59,7840755735493;75,6663926795001;60,5199358255624;22,2048251185789
"whiten_unknowns_are_present";"r2";0,979727199864104;59,6500867553499;75,337314137506;60,3769081012413;22,509146391126
"whiten_unknowns_are_present";"r2";0,985305733218605;62,8111946532999;74,690583618333;63,3615910532242;22,3409186366903
"whiten_unknowns_are_present";"r2";0,979547258199308;54,2275560696613;77,9715366885017;55,3276632798007;19,6127310787845
"whiten_unknowns_are_present";"r2";0,983980754246336;62,7742433005591;77,7565326080884;63,4684034229157;17,5361591285865
"whiten_unknowns_are_present";"r2";0,979443907105514;57,9204421309684;70,0542125575161;58,4826245445537;26,5041323060446
"whiten_unknowns_are_present";"r2";0,988776248793106;57,5663517768781;79,9625173853648;58,6040119595107;16,0899885276593
"whiten_unknowns_are_present";"r2";0,986721757697584;59,1327678169784;75,612835488688;59,8963230758993;21,4453077975765
"whiten_unknowns_are_present";"r2";0,984205536790733;58,6035601825076;77,0707172827804;59,4591813608986;20,4559004796227
"whiten_unknowns_are_present";"r2";0,989321364967541;62,5579975579976;74,7526636675187;63,1230013931877;22,6706381572567
"whiten_unknowns_are_present";"r2";0,98422116845379;64,5376261165735;75,5953533024079;65,0499532448747;19,5711791602563
"whiten_unknowns_are_present";"r2";0,986702343589899;57,7748859327807;78,6357772425547;58,7414137154729;16,8349811688759
"whiten_unknowns_are_present";"r2";0,99035279050928;53,4853158537369;81,2453259064512;54,7714939256773;18,2080776545308
"whiten_unknowns_are_present";"r2";0,987870660906192;62,9779577147998;72,7764891797287;63,4319437286189;23,9730086511578
"whiten_unknowns_are_present";"r2";0,9827936320859;58,7067026540711;77,9731520728963;59,5993566811981;17,0848315381147
"whiten_unknowns_are_present";"r2";0,983686098121237;54,1809652335968;77,3800486558372;55,2558262415771;17,4159793982039
"whiten_unknowns_are_present";"r2";0,989051888595312;60,2056423109055;75,2253733368397;60,9015371846939;20,6256075647806
"whiten_unknowns_are_present";"r2";0,986959737283458;56,9609922241501;76,8717188608493;57,8834969331864;18,6321828314262
"whiten_unknowns_are_present";"r2";0,972950121697967;55,2107833686781;73,9188201997239;56,0775649979158;21,7751944358617
"whiten_unknowns_are_present";"r2";0,992480136365867;59,1751815436026;78,8051545246771;60,0846783612586;17,8263009661514
"whiten_unknowns_are_present";"r2";0,990641822053103;58,992673992674;78,6255306690089;59,9023044178324;20,0825783728693
"whiten_unknowns_are_present";"r2";0,983184825912952;61,1027568922306;75,5823253188982;61,773624927443;20,8273711008463
"whiten_unknowns_are_present";"r2";0,982888676845885;58,7256603046077;75,1745099253624;59,4877691673453;20,9874171482287
"whiten_unknowns_are_present";"r2";0,975776229628921;54,5180258338153;76,6053548689951;55,5413769860244;20,3202806761402
"whiten_unknowns_are_present";"r2";0,980081603427855;60,8142150247413;74,8962046249983;61,4666624193478;21,7157755208903
"whiten_unknowns_are_present";"r2";0,988520318399761;62,3597455176402;78,3632383963799;63,1012200911726;17,883947229607
"whiten_unknowns_are_present";"r2";0,984065216572315;63,9868903026798;76,3034126209744;64,5575399853807;21,3044368500155
"whiten_unknowns_are_present";"r2";0,97538043144387;55,3820448557291;70,9173111588926;56,1018255338679;27,237885408559
"whiten_unknowns_are_present";"r2";0,987901282618763;59,1912473491421;74,5422442836126;59,9024904503531;20,4403771972482
"whiten_unknowns_are_present";"r2";0,977204179921848;56,9105455947561;74,1916634208834;57,7112151465458;21,6683854335081
"whiten_unknowns_are_present";"r2";0,984269190854313;55,6850459482039;75,9049750019486;56,6218766379526;21,189468100633
"whiten_unknowns_are_present";"r2";0,984995767533718;52,6119786646102;75,0871549119631;53,6532995718235;21,6225855575998
"whiten_unknowns_are_present";"r2";0,980168998103839;61,7601696549065;71,5074747684509;62,2117822470398;24,1669075690801
"whiten_unknowns_are_present";"r2";0,986201724563483;60,9877257245678;76,0025486850934;61,6833931976424;21,3512580033874
"whiten_unknowns_are_present";"r2";0,979695438387298;59,4412312833365;76,2683485564986;60,2208660604715;19,9445051751144
"whiten_unknowns_are_present";"r2";0,988949382147803;58,0287256603046;73,0561757044067;58,7249781720005;21,1193457555725
"whiten_unknowns_are_present";"r2";0,987914585644745;59,3178458967933;82,4799966184237;60,3909957371777;14,1606878583613
"whiten_unknowns_are_present";"r2";0,978348373020983;53,2944540839278;76,9318593889139;54,3896234416878;19,141271822129
"whiten_unknowns_are_present";"r2";0,983411951571046;60,8566287513656;76,5155124705423;61,5821368773506;17,8615156067806
"whiten_unknowns_are_present";"r2";0,987532403410894;65,3344900713322;82,1078511137121;66,1116342122919;15,5132628382394
"whiten_unknowns_are_present";"r2";0,982475947368333;59,8219908746225;73,1970343918341;60,441684010555;23,3776523701746
"whiten_unknowns_are_present";"r2";0,985422659808697;50,6178908810488;75,3770704564609;51,7650343362802;21,6853395454257
"whiten_unknowns_are_present";"r2";0,982446281362763;55,950774371827;73,9787572591281;56,7860477102348;21,6382354762976
"whiten_unknowns_are_present";"r2";0,986392863615737;58,8445472655999;72,7305307098572;59,4879132939053;24,1093500691722
"whiten_unknowns_are_present";"r2";0,976199162710102;55,6837606837607;74,3139612786885;56,5469360009002;21,280884165943
"whiten_unknowns_are_present";"r2";0,982759835422237;59,6883233725339;73,7530845429396;60,3399725387303;22,9410244060337
"whiten_unknowns_are_present";"r2";0,981918363421419;67,9413276781698;71,2695211233148;68,0955296910722;25,7804221460576
"whiten_unknowns_are_present";"r2";0,983526130309702;60,982905982906;74,9367465559921;61,6294159708482;19,6641130937127
"whiten_unknowns_are_present";"r2";0,980623728608042;54,396247027826;74,8547705176009;55,3441322860395;21,2724694826014
"whiten_unknowns_are_present";"r2";0,985462984180116;61,0095752201015;74,6910948292022;61,6434680205232;22,1186774633588
"whiten_unknowns_are_present";"r2";0,98843789179823;58,4252297410192;75,70025635616;59,2256170745393;21,1122124418292
"whiten_unknowns_are_present";"r2";0,980136894912888;54,5308784782469;75,9657589182312;55,5240003519141;20,5862281653691
"whiten_unknowns_are_present";"r2";0,982368550214689;58,382816014395;74,5208282134966;59,1305231433109;21,9922516539653
"whiten_unknowns_are_present";"r2";0,982268360287806;59,1957457746931;73,1628936367854;59,8428723165661;22,5341795928553
"whiten_unknowns_are_present";"r2";0,983606290996526;54,4743268427479;73,2662615123186;55,3449956305272;23,7289312597366
"whiten_unknowns_are_present";"r2";0,986821222778032;55,2249212775529;76,684236925179;56,2191752843927;22,1502738474423
"whiten_unknowns_are_present";"r2";0,98115424583022;53,294132767817;70,7261169965774;54,1017922687634;26,3671262184252
"whiten_unknowns_are_present";"r2";0,985091791315478;59,0129169076537;73,3386940922107;59,6766594799112;23,0187915075811
"whiten_unknowns_are_present";"r2";0,982310097928305;49,4576184049868;72,0444614627266;50,5041130640327;23,1856339374008
"whiten_unknowns_are_present";"r2";0,983088534654626;57,6537497590129;78,177495963195;58,6046569190522;20,4137396609521
"whiten_unknowns_are_present";"r2";0,988598428135765;62,4452156031103;79,4175895068904;63,2315804171851;17,7501810986511
"whiten_unknowns_are_present";"r2";0,98054895024076;67,3636013109697;74,8582071286675;67,7108417349557;22,3577993891913
"whiten_unknowns_are_present";"r2";0,979445052945885;54,7564423880213;73,0501102572714;55,6040254553225;24,3857444538999
"whiten_unknowns_are_present";"r2";0,98412167390203;62,280701754386;77,7305283914406;62,9965238379561;17,3755655081778
"whiten_unknowns_are_present";"r2";0,984669493376128;63,590707538076;74,1640666728049;64,0805929033916;22,0920360936118
"whiten_unknowns_are_present";"r2";0,982685408139344;55,2303836514363;78,9012828682479;56,3271048506708;16,4985110838697
"whiten_unknowns_are_present";"r2";0,98137793703347;59,7185270869481;76,1868193377145;60,4815367665203;20,1751306631545
"whiten_unknowns_are_present";"r2";0,984795871691622;58,5482938114517;72,0405794948634;59,1734190168607;22,7930345001024
"whiten_unknowns_are_present";"r2";0,982170106607445;61,5503502345608;74,933180306795;62,1704041375214;21,246136170163
"whiten_unknowns_are_present";"r2";0,98315079886542;64,1048133153396;75,0267922851043;64,6108509510044;21,7077053786205
"whiten_unknowns_are_present";"r2";0,984431326530405;65,2805089647195;73,161546057113;65,6456535404288;24,1873642478408
"whiten_unknowns_are_present";"r2";0,979617885167322;58,5543988175567;70,9608387413162;59,1292145669201;24,5303388581887
"whiten_unknowns_are_present";"r2";0,984839407582825;59,0424779898464;76,4984089313799;59,8512469909985;19,8230723111141
"whiten_unknowns_are_present";"r2";0,984807708625856;62,606194974616;75,197622331254;63,1895815702904;20,7656748281069
"whiten_unknowns_are_present";"r2";0,984206218023665;59,8001413790887;75,3597686650756;60,5210507514125;21,6824773937259
"whiten_unknowns_are_present";"r2";0,987128726826065;59,3165606323501;79,0991642549614;60,2331291399614;17,1083593887886
"whiten_unknowns_are_present";"r2";0,986787900996036;57,8738512949039;78,574616583568;58,8329601113671;19,2741520018553
"whiten_unknowns_are_present";"r2";0,983116710816749;61,4635948846475;77,6271132091678;62,2124837645481;21,2388030524592
"whiten_unknowns_are_present";"r2";0,982439826415737;58,8567572778099;73,9382756621674;59,5555148863516;22,3364169240268
"whiten_unknowns_are_present";"r2";0,980493843621623;54,9505173189384;76,4345347865169;55,9459158116447;20,8693920678521
"whiten_unknowns_are_present";"r2";0,969546620211754;50,8482745324851;70,628037926205;51,7647114464798;26,8068272125588
"whiten_unknowns_are_present";"r2";0,987472539822988;61,1413148255253;81,5576411645252;62,0872450033941;14,7044857995106
"whiten_unknowns_are_present";"r2";0,988950867968122;64,2208084313347;75,0426482125118;64,7222064134742;20,673741740126
"whiten_unknowns_are_present";"r2";0,984079617549193;62,7552856500225;76,4914595879003;63,3917106973373;20,4601138494396
"whiten_unknowns_are_present";"r2";0,98999410296855;54,0328385065227;76,0905515303427;55,0548174883213;20,6380693629976
"whiten_unknowns_are_present";"r2";0,982681959528919;56,9748088169141;76,6757850545148;57,8875953607411;19,6066580325386
"whiten_unknowns_are_present";"r2";0,982519566770321;62,369385000964;74,7027190390362;62,9408136050445;20,0654053342036
"whiten_unknowns_are_present";"r2";0,988188282350418;61,9021913758756;73,593224195526;62,4438608501451;22,6245355829961
"whiten_unknowns_are_present";"r2";0,985346793426075;52,6919863761969;74,1331391880198;53,6853988616868;21,5104559100251
"whiten_unknowns_are_present";"r2";0,989352434882916;56,988625409678;84,3305712711084;58,2554337121381;13,4810222333955
"whiten_unknowns_are_present";"r2";0,988966797466662;65,5857592699698;79,4013298437851;66,2258629258995;18,4519276542898
"whiten_unknowns_are_present";"r2";0,983235259377842;60,0697255960414;76,2631810266081;60,8200015233263;20,097211188076
"whiten_unknowns_are_present";"r2";0,985756353256803;62,3510699826489;74,8637154382039;62,9308064516322;20,8596320878765
"whiten_unknowns_are_present";"r2";0,985458257498122;61,9079750658698;78,0406232135772;62,655433667308;19,6723606108417
"whiten_unknowns_are_present";"r2";0,979269051064841;58,1235139129876;70,4097245820392;58,6927591949514;26,1536480453562
"whiten_unknowns_are_present";"r2";0,986700097761843;56,3900134952767;75,1825388229907;57,2607096494565;19,8052850370932
"whiten_unknowns_are_present";"r2";0,983892169333471;58,0936315146842;76,1597003766654;58,9306694542354;20,650054117135
"whiten_unknowns_are_present";"r2";0,984324501474483;64,211168948011;76,8951663055457;64,7988445012559;20,067459233073
"whiten_unknowns_are_present";"r2";0,984990768207954;59,2169526380053;73,9967553483112;59,9017311419577;22,5098868070038
"whiten_unknowns_are_present";"r2";0,977668380079544;54,1494762547394;74,6186318890922;55,0978541219681;21,9345318113742
"whiten_unknowns_are_present";"r2";0,986184874871306;61,7514941199152;75,8996743839029;62,4070082634204;21,4042855119902
"whiten_unknowns_are_present";"r2";0,98269193695964;62,9946661525609;78,9157681422174;63,7323233876029;18,7294664059321
"whiten_unknowns_are_present";"r2";0,985040102427059;53,4904569115095;76,0850618509399;54,5373111944175;19,5181818250489
"whiten_unknowns_are_present";"r2";0,977861826568071;60,7210333526123;76,4186513417119;61,448336116586;18,8549665678662
"whiten_unknowns_are_present";"r2";0,981639928317595;57,5110854058223;77,261553718928;58,4261650187847;18,4589672304541
"whiten_unknowns_are_present";"r2";0,987283970851277;60,7387057387057;75,1347101360955;61,4057020814419;21,9382619102938
"whiten_unknowns_are_present";"r2";0,979490409530774;56,7727009832273;76,154893415763;57,6707176210282;18,7782076936821
"whiten_unknowns_are_present";"r2";0,988266387039096;59,9456975772765;75,904937438079;60,6851218179315;19,5629187503884
"whiten_unknowns_are_present";"r2";0,977949416604267;55,6734785682154;73,5135395807817;56,5000451016162;23,1973446569294
"whiten_unknowns_are_present";"r2";0,983458549560784;58,4371184371184;73,321502315215;59,1267424005824;23,1819665501097
"whiten_unknowns_are_present";"r2";0,973631666381289;58,9226270805218;74,6780551156084;59,6526083022247;22,7864047453153
"whiten_unknowns_are_present";"r2";0,984847941708654;59,8129940235203;72,9873885034797;60,4233906789625;23,7470431122849
"whiten_unknowns_are_present";"r2";0,986172475590094;62,4362187520082;76,3657921323096;63,08160439125;21,5971139555325
"whiten_unknowns_are_present";"r2";0,985617104246964;57,4657798342009;77,1221852213966;58,3765013193219;19,8203355652251
"whiten_unknowns_are_present";"r2";0,97770618121244;66,1731251204935;74,0178494897165;66,5365872534305;22,4352051337391
"whiten_unknowns_are_present";"r2";0,98378095520546;57,1778805989332;76,6367891210176;58,0794516501495;18,8757520941914
"whiten_unknowns_are_present";"r2";0,98021513763914;61,5770194717563;71,765656764378;62,0490798868585;23,6207967295952
"whiten_unknowns_are_present";"r2";0,986195664341795;64,351905404537;73,8703991849772;64,7929166993836;23,249985004373
"whiten_unknowns_are_present";"r2";0,983356682781523;63,2967032967033;74,322471026968;63,8075496780283;23,774802920365
"whiten_unknowns_are_present";"r2";0,981628556554784;54,6934644303065;75,0314825523692;55,6357664282399;19,9234258111597
"whiten_unknowns_are_present";"r2";0,982128832866311;51,5159694107063;79,8410371834285;52,8283277631104;16,9003786852707
"whiten_unknowns_are_present";"r2";0,977870599070378;50,5812608444187;73,3563068550281;51,6364753313968;22,1213123350913
"whiten_unknowns_are_present";"r2";0,987640882758163;60,7849752586595;76,2979463189395;61,5037229525721;19,1611567877769
"whiten_unknowns_are_present";"r2";0,989252861055158;61,8003341687552;78,4505223392691;62,5717714585088;17,5090117375028
"whiten_unknowns_are_present";"r2";0,984663738820581;62,1222929117666;74,5028752782376;62,6959106275876;22,4433638620688
"whiten_unknowns_are_present";"r2";0,984084379420277;58,2963819805925;75,934328889039;59,1135841539568;19,5433320963161
"whiten_unknowns_are_present";"r2";0,985447198707492;56,3941906047169;75,3057498609502;57,270401844388;21,0452256301808
"whiten_unknowns_are_present";"r2";0,97595832026745;63,41334104492;70,6881222602663;63,7503965452449;25,8921150279937
"whiten_unknowns_are_present";"r2";0,978748618937604;54,2375168690958;75,0157380193612;55,2002143741274;21,9329846413551
"whiten_unknowns_are_present";"r2";0,981734028892065;60,6432748538012;77,6680812596201;61,4320689729897;18,9821843511204
"whiten_unknowns_are_present";"r2";0,986035219622258;63,6003470213996;75,4356958164503;64,1487029501279;21,2779771060678
"whiten_unknowns_are_present";"r2";0,983891908498324;64,7760426707795;69,6777848820688;65,0031504180207;27,9649789255333
"whiten_unknowns_are_present";"r2";0,985941459293719;63,7680740312319;76,8504339744749;64,3742065382548;20,28331400012
"whiten_unknowns_are_present";"r2";0,987644683587231;59,792108476319;75,2313449433015;60,5074398956387;19,8003519346841
"whiten_unknowns_are_present";"r2";0,982296917136698;57,5049803997172;75,8197455902059;58,3535409490835;20,7040427167108
"whiten_unknowns_are_present";"r2";0,984353463986448;54,6359488464752;77,4612287321153;55,6934907716786;18,3081122020461
"whiten_unknowns_are_present";"r2";0,982664221043348;61,5285007390271;73,2637105640089;62,0722170243544;22,6914515399316
"whiten_unknowns_are_present";"r2";0,985703606279443;58,972752393805;78,4629503220722;59,8757731472382;17,5827992788495
"whiten_unknowns_are_present";"r2";0,989844586908655;64,1446565130776;79,8295848676283;64,8713713403154;15,8299523060498
"whiten_unknowns_are_present";"r2";0,976493212007483;59,3297345928925;73,0178394156442;59,9639324997381;23,1854593368749
"whiten_unknowns_are_present";"r2";0,984289983269853;57,8654970760234;75,0230496982415;58,6604415990605;21,3757325062926
"whiten_unknowns_are_present";"r2";0,984506032893131;60,8081100186363;75,1771036539792;61,4738548974939;22,4853790329624
"whiten_unknowns_are_present";"r2";0,983138666833032;59,8149219201851;80,9986899289968;60,7964092410567;15,2483615549889
"whiten_unknowns_are_present";"r2";0,981498508366374;57,8513591671486;79,5062371203676;58,854673975792;16,7938283067359
"whiten_unknowns_are_present";"r2";0,982570843634483;55,0530171582803;75,5782500668477;56,0039932003761;22,2897723698669
"whiten_unknowns_are_present";"r2";0,989811384050714;56,939785360838;76,5557766331424;57,8486343773154;19,0584622255547
"whiten_unknowns_are_present";"r2";0,983963862280198;60,6227106227106;77,6116850020303;61,4098445707872;19,2804110313429
"whiten_unknowns_are_present";"r2";0,987704579776369;57,5830602146392;75,2601995704084;58,4020782542887;20,8000614493941
"whiten_unknowns_are_present";"r2";0,98476210215299;61,063877642825;75,9628043170243;61,7541754037918;19,9315759791498
"whiten_unknowns_are_present";"r2";0,989445208942593;58,336867810552;81,2134022201158;59,3967844627326;16,8803844794432
"whiten_unknowns_are_present";"r2";0,982242015872835;55,0523745260587;72,6494233049007;55,8676818053873;25,0891624661622
"whiten_unknowns_are_present";"r2";0,982395161339221;55,5526637105584;74,7729614604082;56,4431794364202;21,537031184682
"whiten_unknowns_are_present";"r2";0,986995227585985;53,1315468157573;74,1728938233627;54,1064354802024;22,1365462547953
"whiten_unknowns_are_present";"r2";0,987349502573536;59,1356596619754;78,2138816907572;60,019592728946;17,6878410394107
"whiten_unknowns_are_present";"r2";0,984656777492807;59,3268427478954;75,0131136269244;60,0536197770396;21,782634243536
"whiten_unknowns_are_present";"r2";0,981361892551731;54,0864982970246;73,3732085263415;54,9800910489621;22,8840265533303
"whiten_unknowns_are_present";"r2";0,989619765797871;61,5069725596041;77,985443048316;62,2704538177684;18,5976460360803
"whiten_unknowns_are_present";"r2";0,987997891221488;60,1111753743333;77,1092365884565;60,898730334061;19,2360848311725
"whiten_unknowns_are_present";"r2";0,990166501202028;60,9886896729002;77,2499571920928;61,7421074730172;20,451981507675
"whiten_unknowns_are_present";"r2";0,978968547814667;60,5584474005527;74,8611213231844;61,2211195514082;22,1073728272337
"whiten_unknowns_are_present";"r2";0,979637993747241;60,1028211554527;74,8814596055645;60,7875457168479;20,4321554877769
"whiten_unknowns_are_present";"r2";0,978546849376707;57,5223314696999;74,0209029824332;58,2867440494404;21,809691000237
"whiten_unknowns_are_present";"r2";0,984405946272115;57,2415011888696;75,2268564610849;58,0747995026402;19,9788202335802
"whiten_unknowns_are_present";"r2";0,984012154367785;56,6499582289056;74,6657267971207;57,4846656529156;21,4695412144207
"whiten_unknowns_are_present";"r2";0,982613364417574;59,6372341109183;76,0716950749986;60,3986763177483;21,3735766439975
"whiten_unknowns_are_present";"r2";0,983690407305283;66,2830152303836;75,129892438716;66,692909155094;22,2969478523393
"whiten_unknowns_are_present";"r2";0,982314282434732;54,3711843711844;73,9825732901181;55,2798201512122;21,9922939081878
"whiten_unknowns_are_present";"r2";0,989430796261185;60,4806889017415;77,0803240009336;61,2497839642524;21,3532127862359
"whiten_unknowns_are_present";"r2";0,973772784046959;55,206284943127;67,488065508739;55,775324969333;30,0133451334424
"whiten_unknowns_are_present";"r2";0,989075619961347;60,0922177237967;75,7864228774288;60,8193623641194;20,7948739657687
"whiten_unknowns_are_present";"r2";0,986641912162577;55,8916522074417;74,2561409336772;56,74251654997;21,4709035417191
"whiten_unknowns_are_present";"r2";0,987282872666488;67,448750080329;77,2737547729023;67,9039626529579;19,6561649896174
"whiten_unknowns_are_present";"r2";0,9891291663982;56,4867296446244;78,9893271965949;57,5293210369937;18,8449920687904
"whiten_unknowns_are_present";"r2";0,986800670401481;58,8101664417454;76,1817846751777;59,6150290625994;20,8811482765293
"whiten_unknowns_are_present";"r2";0,980565775610688;50,0575155838314;76,3718047526658;51,2767104487967;19,7574599211639
"whiten_unknowns_are_present";"r2";0,970207125923201;58,3821733821734;69,1557968254473;58,8813374027112;28,6170270925803
"whiten_unknowns_are_present";"r2";0,969686001102551;53,8843904633378;72,8053085337825;54,7610353160225;24,5476305458357
"whiten_unknowns_are_present";"r2";0,981921876738963;60,508964719491;76,2639238583399;61,2389242162717;20,4668365575743
"whiten_unknowns_are_present";"r2";0,985528008785823;63,4718205770837;73,5742152490874;63,9398851950916;22,9956333707556
"whiten_unknowns_are_present";"r2";0,985746693272762;56,5821605295289;80,3552723444028;57,6836174475926;15,5432022563284
"whiten_unknowns_are_present";"r2";0,982922233112443;59,5167405693722;79,3134611630988;60,4339631451433;17,2774133615369
"whiten_unknowns_are_present";"r2";0,973232626519403;49,6073517126149;73,1064263086855;50,6961119255602;22,8114968886092
"whiten_unknowns_are_present";"r2";0,975230799286686;55,6795835743204;76,5872225324485;56,6482772712221;18,9013914827181
"whiten_unknowns_are_present";"r2";0,985532405882353;56,5015101857207;77,2527185091124;57,462956131206;20,6515129412502
"whiten_unknowns_are_present";"r2";0,98804277275031;56,9770580296896;75,7997316929542;57,849151017949;18,9199181648207
"whiten_unknowns_are_present";"r2";0,986888654377826;63,1312254996465;78,0032407324607;63,8202763984642;18,6049185690801
"whiten_unknowns_are_present";"r2";0,98327165014254;56,745710429921;76,6745430456002;57,6690540260142;20,2545962693064
"whiten_unknowns_are_present";"r2";0,987928575953201;63,0855986119144;78,4018645700231;63,7952325559194;18,3505784620646
"whiten_unknowns_are_present";"r2";0,981386643124246;63,0306535569694;75,482224147612;63,6075603024818;19,6942176329983
"whiten_unknowns_are_present";"r2";0,987150350180246;54,7789345157766;77,0886747444718;55,8125904337084;18,9390785623365
"whiten_unknowns_are_present";"r2";0,991235904704714;64,3535119850909;76,5715215525531;64,919597370456;18,8799726010026
"whiten_unknowns_are_present";"r2";0,980994443900571;57,5923783818521;75,871650826361;58,4392944796672;20,0614449405116
"whiten_unknowns_are_present";"r2";0,980140276827362;58,7169847696164;74,7805284411209;59,4612416192614;21,2303400528702
"whiten_unknowns_are_present";"r2";0,985309549658318;58,6909581646424;81,0964428478282;59,7290501190757;16,5531991392896
"whiten_unknowns_are_present";"r2";0,97527939139448;55,0803290276975;74,1048438513272;55,9617737299506;20,2923536176077
"whiten_unknowns_are_present";"r2";0,987375530375148;62,2652785810681;78,5427625049322;63,0194477203977;17,5376916282592
"whiten_unknowns_are_present";"r2";0,983765566875931;59,5713643082064;75,1975547107687;60,2953576859313;22,3330961696742
"whiten_unknowns_are_present";"r2";0,985378177314482;59,6044598676178;76,7023329950653;60,3966393175381;19,8961732921864
"whiten_unknowns_are_present";"r2";0,986418950795902;57,386093438725;76,8277400151867;58,2868647086769;19,3378894848052
"whiten_unknowns_are_present";"r2";0,988924048944698;54,5617248248827;77,8143529530998;55,6390666686611;18,462473595689
"whiten_unknowns_are_present";"r2";0,979315012957382;56,6660240344451;71,7176830936422;57,36339819935;24,9137195316154
"whiten_unknowns_are_present";"r2";0,9806698040225;58,18552792237;77,5601630222261;59,083194413483;19,2313898039607
"whiten_unknowns_are_present";"r2";0,986750523450422;58,7179487179487;74,8090425921841;59,4634820248631;21,439636229683
"whiten_unknowns_are_present";"r2";0,986794146112538;59,0999935736778;76,9727998391681;59,9280772616542;18,5698860523575
"whiten_unknowns_are_present";"r2";0,986197954114277;57,4770258980785;77,5048946191316;58,4049580395945;18,5802641258022
"whiten_unknowns_are_present";"r2";0,986918971582938;58,7693592956751;74,1732540887485;59,4830532629217;21,703586255866
"whiten_unknowns_are_present";"r2";0,989303565371293;59,683503630872;78,8637817890802;60,5721651671597;16,7965572683688
"whiten_unknowns_are_present";"r2";0,985571547186446;51,5770194717563;77,972736993517;52,7999870789421;17,6663242324917
"whiten_unknowns_are_present";"r2";0,983809939223018;59,3223443223443;75,3100837820574;60,0630890077364;20,4200352810198
"whiten_unknowns_are_present";"r2";0,986538734547461;60,2172096908939;74,1186450267865;60,8612916369584;22,7253938124067
"whiten_unknowns_are_present";"r2";0,97948762284678;49,6841462630936;72,4466998498328;50,7387819505101;23,1876092956397
"whiten_unknowns_are_present";"r2";0,985135802551915;64,1462630936315;75,8569262034735;64,6888420794157;19,4094074489397
"whiten_unknowns_are_present";"r2";0,983379729073218;58,0521817363923;77,2711293040577;58,9426349055505;19,0161031639462
"whiten_unknowns_are_present";"r2";0,981444074062982;57,4853801169591;72,1273745278434;58,1637736803977;27,1139975806207
"whiten_unknowns_are_present";"r2";0,986250128633666;52,387700019279;76,4084212454843;53,5006291880607;20,4630537357991
"whiten_unknowns_are_present";"r2";0,987010622521607;60,8521303258145;77,440105610502;61,6206851652595;18,9422990853496
"whiten_unknowns_are_present";"r2";0,985906123655516;63,1527536790695;77,0296179105855;63,7956971955876;19,2550514643867
"whiten_unknowns_are_present";"r2";0,986053535207785;59,773793458004;72,6375048493548;60,3697955301901;24,5100786715088
"whiten_unknowns_are_present";"r2";0,985816610259999;55,2895058158216;81,391052578819;56,4988438897829;16,1170452284854
"whiten_unknowns_are_present";"r2";0,981649209256533;56,3479210847632;72,5778187309517;57,0998854544708;24,552204469514
"whiten_unknowns_are_present";"r2";0,988201104846546;59,8509093245935;74,513429980395;60,5302539109627;20,3684295189768
"whiten_unknowns_are_present";"r2";0,981680234282587;57,8928089454405;78,075681978815;58,8279227539366;18,4927824671838
"whiten_unknowns_are_present";"r2";0,984321442494807;55,7406336353705;73,7307493862268;56,574152511858;21,8433189561004
"whiten_unknowns_are_present";"r2";0,980584567181708;60,9713386029175;74,5412762066641;61,6000615806973;21,3313612923481
"whiten_unknowns_are_present";"r2";0,981992456606583;60,068761647709;75,2837032091082;60,7737010250711;20,6898764659408
"whiten_unknowns_are_present";"r2";0,984863849054555;57,3240794293426;77,2265042273567;58,2461994972042;19,4780191764168
"whiten_unknowns_are_present";"r2";0,988452857566673;62,8144078144078;76,9673594537192;63,4701430254956;19,8048009709721
"whiten_unknowns_are_present";"r2";0,986927377256186;50,8489171647066;76,7559781201086;52,0492443132195;20,3488998309666
"whiten_unknowns_are_present";"r2";0,992610582486896;66,8125441809652;78,0995823703624;67,335495757308;18,4524894549113
"whiten_unknowns_are_present";"r2";0,981237041151907;58,0152303836514;76,5667169652677;58,8747587194792;18,8021835791776
"whiten_unknowns_are_present";"r2";0,983246550531854;57,4554977186556;77,4385806995568;58,3813548451839;18,0752468048484
"whiten_unknowns_are_present";"r2";0,973978692501929;55,03663003663;73,281441704076;55,8819494961256;23,0742542171829
"whiten_unknowns_are_present";"r2";0,975650749534227;59,2776813829445;70,8932796664041;59,8158558207882;26,2408673892825
"whiten_unknowns_are_present";"r2";0,984233190523627;59,0084184821027;75,8340529256983;59,7879845567094;20,8131559346258
"whiten_unknowns_are_present";"r2";0,985645620568073;57,3382173382173;78,4119295894658;58,3146055506304;17,9416086925643
"whiten_unknowns_are_present";"r2";0,981309647828761;63,8075959128591;75,5943537888338;64,3537005248733;20,1776341195877
"whiten_unknowns_are_present";"r2";0,988857827375371;58,6662168241116;76,2519622360842;59,4810003953227;18,8741258821867
"whiten_unknowns_are_present";"r2";0,986224709266679;57,0785939206992;76,000450987237;57,9552822789944;19,5287771562096
"whiten_unknowns_are_present";"r2";0,988634140775996;58,1180515391042;75,4020135282923;58,9188528667886;20,6519585650195
"whiten_unknowns_are_present";"r2";0,979144873725768;59,4216310005784;73,5974073091507;60,0784237252999;22,8037822998585
"whiten_unknowns_are_present";"r2";0,98683421661569;60,8434547908232;77,0310706746129;61,5934601599563;18,874803471247
"whiten_unknowns_are_present";"r2";0,985187061340809;54,8795064584538;74,4241898734652;55,7850516359833;19,7517837014075
"whiten_unknowns_are_present";"r2";0,981925164957551;57,5576762418868;73,7586877695573;58,3083022586128;22,9665398218241
"whiten_unknowns_are_present";"r2";0,97804804456733;52,7732793522267;76,9834820266406;53,8949875842459;18,4982270507775
"whiten_unknowns_are_present";"r2";0,987866181492156;62,6559989717884;75,2798092075586;63,2408859325191;21,5376559854676
"whiten_unknowns_are_present";"r2";0,989186691464073;70,0208855472013;79,9059749295257;70,4788819664596;17,7281248359466
"whiten_unknowns_are_present";"r2";0,985335517990956;57,0853415590258;74,9454062009475;57,9128349015086;20,7546063240284
"whiten_unknowns_are_present";"r2";0,983669590788559;55,8534155902577;74,2155365158349;56,7041702277362;20,3175247201833
"whiten_unknowns_are_present";"r2";0,98170673570942;59,7696163485637;74,7361918692908;60,4630484190221;19,7362930628177
"whiten_unknowns_are_present";"r2";0,982090734762336;60,9780862412441;78,1658907698976;61,7744323970119;18,5293227936529
"whiten_unknowns_are_present";"r2";0,979999811593106;62,8118372855215;74,9072454770451;63,3722422982562;21,2652177310179
"whiten_unknowns_are_present";"r2";0,982433189112297;59,2725403251719;74,5352023966687;59,9796906914189;23,3611110428519
"whiten_unknowns_are_present";"r2";0,987330005175585;59,7072810230705;76,0951866800119;60,4665662272531;19,513988759233
"whiten_unknowns_are_present";"r2";0,989892272028854;58,8236617183986;76,9130664140255;59,6617808548755;20,0162164613951
"whiten_unknowns_are_present";"r2";0,988259579814641;61,9966583124478;77,2125641401004;62,7016423662386;18,377383308946
"whiten_unknowns_are_present";"r2";0,985944841382483;55,2477347214189;73,7925027594678;56,1069517733749;22,7359066776254
"whiten_unknowns_are_present";"r2";0,985902138241414;59,7214189319452;77,4768362577399;60,5440637501288;18,7611029934451
"whiten_unknowns_are_present";"r2";0,979140678285979;55,5054302422723;76,7003306006929;56,4874333476818;18,5490866164062
"whiten_unknowns_are_present";"r2";0,988285939763891;64,3133474712422;76,6469604840236;64,8847890007919;20,5707700154493
"whiten_unknowns_are_present";"r2";0,981265898597184;55,8929374718848;75,5821396247654;56,8051784982731;19,3568047510772
"whiten_unknowns_are_present";"r2";0,987346266382413;54,4627594627595;74,5630167999094;55,3940455169903;22,347116073985
"whiten_unknowns_are_present";"r2";0,98533190602842;58,2889917100443;79,35104910009;59,2648399288882;16,1251894537192
"whiten_unknowns_are_present";"r2";0,984400931587841;54,642375168691;73,9467227027969;55,5367850930511;20,9258197803695
"whiten_unknowns_are_present";"r2";0,987229936458146;60,2191375875586;74,699680257225;60,8900507614428;20,649755838127
"whiten_unknowns_are_present";"r2";0,976287842918409;52,9188355504145;73,7201205499373;53,8826016507785;22,4207650936177
"whiten_unknowns_are_present";"r2";0,988178285314991;61,4549193496562;77,1253002073548;62,1809601615959;18,8406566100922
"whiten_unknowns_are_present";"r2";0,985414401468027;55,729066255382;77,3525312583284;56,7309256377579;18,4882844767296
"whiten_unknowns_are_present";"r2";0,980648921566469;57,0692757534863;76,7556103474688;57,9813839200028;19,764928183688
"whiten_unknowns_are_present";"r2";0,989709093388744;64,7153139258402;76,5964083475806;65,2657893430637;20,6470884089197
"whiten_unknowns_are_present";"r2";0,987176838805594;56,1037208405629;75,3888213236039;56,9972390096614;20,4347592318642
"whiten_unknowns_are_present";"r2";0,979618756139791;57,3215089004563;72,0359423579799;58,0032587131601;24,8427583245464
"whiten_unknowns_are_present";"r2";0,967524244893415;54,4071717755928;73,1736432239416;55,2766608002268;21,7761169485137
"whiten_unknowns_are_present";"r2";0,988268735389362;63,2366171839856;74,9929713887514;63,7813131316968;21,5081107291575
"whiten_unknowns_are_present";"r2";0,983004336255655;63,2015937279095;77,3238600897382;63,8559072272993;18,8117414844753
"whiten_unknowns_are_present";"r2";0,985111970538764;55,7370991581518;79,8281506509341;56,8532868721031;17,6781452210738
"whiten_unknowns_are_present";"r2";0,988900611892874;55,5449521238995;75,405419779141;56,4651282314782;21,215629928168
"whiten_unknowns_are_present";"r2";0,985256108242954;61,6869095816464;75,677057092445;62,3351017443089;20,5122640308277
"whiten_unknowns_are_present";"r2";0,985082235742575;63,1174089068826;78,3429319370283;63,8228385453449;17,8924049824752
"whiten_unknowns_are_present";"r2";0,985455767593106;63,0178009125378;74,4480599047948;63,5473882017543;22,042715096518
"whiten_unknowns_are_present";"r2";0,978966296262164;53,1344386607544;73,3716014220064;54,0720678234379;21,8526795436115
"whiten_unknowns_are_present";"r2";0,981654782944089;60,1429856693015;77,4192216170051;60,9434290336738;20,3465871342872
"whiten_unknowns_are_present";"r2";0,977326723345338;58,6922434290855;77,0113627531573;59,5410057143707;18,741886226901
"whiten_unknowns_are_present";"r2";0,983408646114292;57,1573163678427;79,4067270625242;58,1881770950094;16,1293778711987
"whiten_unknowns_are_present";"r2";0,986879892247869;57,8552149604781;75,8461345260152;58,6887710793447;20,1085153216798
"whiten_unknowns_are_present";"r2";0,986550468650589;51,618790566159;73,3075310121346;52,6236742933857;24,9064757430969
"whiten_unknowns_are_present";"r2";0,979730022412526;63,110661268556;74,7349553804157;63,649238601924;22,1002490083251
"whiten_unknowns_are_present";"r2";0,982591100129718;58,2041642567958;71,0596187739197;58,7997837711027;24,6680752440921
"whiten_unknowns_are_present";"r2";0,977079205827084;50,6667309298888;76,6110697936145;51,8687852401773;20,8835188344779
"whiten_unknowns_are_present";"r2";0,988006468528382;58,4724632093053;79,7596918095639;59,4587440710934;16,5034034035459
"whiten_unknowns_are_present";"r2";0,979595604894521;55,1985733564681;78,4018848837689;56,2736302612079;17,5531774782033
"whiten_unknowns_are_present";"r2";0,979278879409106;51,172482488272;75,1168161548596;52,2818724651023;20,0124126550338
"whiten_unknowns_are_present";"r2";0,976167747004455;52,4297924297924;72,0093712608632;53,3369543833556;24,8325692882917
"whiten_unknowns_are_present";"r2";0,983406265196107;58,9348370927318;72,9766837666454;59,5854245834151;23,8282667864457
"whiten_unknowns_are_present";"r2";0,985681762934348;63,0155516997622;79,2765245079823;63,7689558453168;16,3188745971737
"whiten_unknowns_are_present";"r2";0,986571355519421;62,3915558126084;75,2510774013331;62,9873637626652;23,9357279569776
"whiten_unknowns_are_present";"r2";0,979309537684498;56,5281794229163;73,0495909871443;57,2936502289809;23,7666214626351
"whiten_unknowns_are_present";"r2";0,986215917238412;59,6009253903991;74,1746955090945;60,2761579827711;22,3007088540022
"whiten_unknowns_are_present";"r2";0,980133156735536;53,312447786132;72,9898341846338;54,224141364441;22,649532863421
"whiten_unknowns_are_present";"r2";0,98075814563661;52,7736006683375;78,7983392629599;53,9793800626829;16,869316250475
"whiten_unknowns_are_present";"r2";0,974551371234488;61,8761647709016;72,7982719460767;62,3822083465854;24,467868860812
"whiten_unknowns_are_present";"r2";0,987046890339208;61,5911573806311;75,1029470553128;62,2171862458673;22,5359822541321
"whiten_unknowns_are_present";"r2";0,984942785855984;64,6622967675599;77,6471139963254;65,2639099210162;19,2477098243967
"whiten_unknowns_are_present";"r2";0,968654578439855;64,1889981363666;71,7637902181807;64,5399537540568;24,8050847553937
"whiten_unknowns_are_present";"r2";0,986377265029492;62,3343615448879;73,0690812534376;62,8317230757859;24,3946346582129
"whiten_unknowns_are_present";"r2";0,98043054446114;63,1868131868132;76,1435649144515;63,7871260081709;21,5390183749125
"whiten_unknowns_are_present";"r2";0,982202607425668;55,3238866396761;78,2193774974039;56,3846815828913;18,0137815458493
"whiten_unknowns_are_present";"r2";0,99114453806635;58,0463980463981;77,3923755943151;58,9427367744869;18,8139291159819
"whiten_unknowns_are_present";"r2";0,972965193006293;49,3393740762162;74,7726582446318;50,5177501766833;22,942714799668
"whiten_unknowns_are_present";"r2";0,981038103933224;54,4653299916458;77,3928930980295;55,5276109077717;20,69531564618
"whiten_unknowns_are_present";"r2";0,981914900839052;52,5146198830409;73,933566378366;53,507003504446;21,1463043608152
"whiten_unknowns_are_present";"r2";0,985356045145607;55,4173896279159;80,3909552605205;56,5744660278822;18,0896605447481
"whiten_unknowns_are_present";"r2";0,981733222660652;59,3573677784204;74,8212339032885;60,0738403401904;22,1178745421365
"whiten_unknowns_are_present";"r2";0,98803617140193;67,7016258595206;77,9973382092947;68,1786472811318;20,052643612178
"whiten_unknowns_are_present";"r2";0,981484923841598;63,5688580425423;75,2829590801671;64,1115963145558;20,6112620975867
"whiten_unknowns_are_present";"r2";0,987111114127645;58,431656063235;78,0032886464046;59,3384498508722;16,8224497128002
"whiten_unknowns_are_present";"r2";0,986935466500577;63,5592185592186;76,9579916428808;64,1800111345234;19,7385928648783
"whiten_unknowns_are_present";"r2";0,979974303967668;55,7187841398368;76,0499588425846;56,6607690681494;20,9679548922976
"whiten_unknowns_are_present";"r2";0,983638771157714;61,4921920185078;73,0149131046403;62,0260632657417;23,9418659068178
"whiten_unknowns_are_present";"r2";0,986195924381636;59,238802133539;77,9925152954778;60,1077000406558;18,2086014883836
"whiten_unknowns_are_present";"r2";0,985617750002486;64,156223893066;76,317317904381;64,7196722642466;19,4263030516485
"whiten_unknowns_are_present";"r2";0,988817351915135;63,8448685817107;81,9253934905043;64,6825762994926;16,0307723581027
"whiten_unknowns_are_present";"r2";0,98824245189556;58,1225499646552;79,4459624277399;59,1105072988522;20,3316998832255
"whiten_unknowns_are_present";"r2";0,978544575507503;58,0104106419896;76,8052317500314;58,8812131643699;17,9380898989754
"whiten_unknowns_are_present";"r2";0,991679554920184;58,552470920892;78,0079366025658;59,4538824582668;19,9800813464124
"whiten_unknowns_are_present";"r2";0,984264945242249;56,8973716342137;76,467792721629;57,8041092907735;20,7097636831768
"whiten_unknowns_are_present";"r2";0,97443781218352;58,4470792365529;72,7406895699735;59,1093314527732;24,8435263602557
"whiten_unknowns_are_present";"r2";0,985709428930544;59,0903540903541;75,8201823633409;59,8654812690253;20,6721988411544
"whiten_unknowns_are_present";"r2";0,975959309377175;59,4765760555234;74,878482924199;60,1901779181648;21,7368306322212
"whiten_unknowns_are_present";"r2";0,988015496747543;64,8653685495791;78,2973453798262;65,4876995224091;17,9315791176722
"whiten_unknowns_are_present";"r2";0,983534315441355;55,6503438082385;71,6991681907496;56,3939186831039;24,6860075645017
"whiten_unknowns_are_present";"r2";0,980321038613122;53,2012724117987;75,5672786844995;54,2375352506883;21,5125963036802
"whiten_unknowns_are_present";"r2";0,98428155186747;60,5112139322666;71,2854702841915;61,0104072767573;24,1541552469373
"whiten_unknowns_are_present";"r2";0,987952167971022;61,2775528565002;78,1739065574317;62,0603954990144;17,874976829635
"whiten_unknowns_are_present";"r2";0,98161920735194;54,9206349206349;68,6844933862197;55,5583426487701;29,3511673740314
"whiten_unknowns_are_present";"r2";0,980093267112531;60,6182121971596;75,8550779838077;61,3241673687417;20,8046715249809
"whiten_unknowns_are_present";"r2";0,985512469611604;65,2111046847889;77,2117795216687;65,767120507347;20,8489287334525
"whiten_unknowns_are_present";"r2";0,974735296991196;53,2610372084056;72,5860711901846;54,1564055782178;23,5213913626107
"whiten_unknowns_are_present";"r2";0,984652659734939;65,674121200437;73,411655988702;66,0326170207427;22,4063586711341
"whiten_unknowns_are_present";"r2";0,982215423052425;54,824240087398;78,5673352649056;55,9243062732284;16,3123841349361
"whiten_unknowns_are_present";"r2";0,987746402187846;61,1962598804704;77,6439990103673;61,9583172918942;20,5126487225585
"whiten_unknowns_are_present";"r2";0,978857715343564;58,281922755607;71,996202212741;58,9173333868255;24,1703463424413
"whiten_unknowns_are_present";"r2";0,986867085338896;59,2407300302037;80,1099696773184;60,2076446084484;15,2497098089201
"whiten_unknowns_are_present";"r2";0,978858079545907;60,7901163164321;74,6523310409713;61,4323810913142;21,2569077111131
"whiten_unknowns_are_present";"r2";0,983450156263314;62,6049097101729;75,8629382166253;63,2191813012054;20,5287494533961
"whiten_unknowns_are_present";"r2";0,981996144102333;58,2999164578112;77,2023696205282;59,1757057935355;18,0351914340017
"whiten_unknowns_are_present";"r2";0,984394859566974;60,7187841398368;69,5523934284591;61,1280633346764;28,6778427448068
"whiten_unknowns_are_present";"r2";0,98984514357093;57,7382558961506;77,1362519659621;58,637004748806;20,5328449657467
"whiten_unknowns_are_present";"r2";0,984997953225601;54,5745774693143;74,7891114127261;55,5111581925612;20,2082179989897
"whiten_unknowns_are_present";"r2";0,984521937420446;54,1713257502731;77,8858884437529;55,2700699677316;17,2225223457042
"whiten_unknowns_are_present";"r2";0,98474951527411;58,0624638519375;74,5812129205139;58,8278112991303;23,5182254764123
"whiten_unknowns_are_present";"r2";0,984819785751428;55,4610886189834;75,7551814403903;56,4013554678516;20,5907135765432
"whiten_unknowns_are_present";"r2";0,97964118982106;58,7320866268235;75,2110331847118;59,4955899422469;21,8199623186703
"whiten_unknowns_are_present";"r2";0,98276799250539;54,5270226849174;74,9470446591077;55,473124089127;21,9022403879007
"whiten_unknowns_are_present";"r2";0,978836733090478;62,1104042156674;72,3781337540928;62,5861291363666;24,4733646127301
"whiten_unknowns_are_present";"r2";0,980648121708836;53,4387250176724;76,3561985242505;54,5005384619926;21,0484684017059
"whiten_unknowns_are_present";"r2";0,985425521631355;52,1422145106356;77,7619904644628;53,3292311571449;19,3324532020887
"whiten_unknowns_are_present";"r2";0,980470348798614;57,6135852451642;74,6041828817831;58,4007944020732;23,2087117323076
"whiten_unknowns_are_present";"r2";0,986357429087541;63,7054173896279;76,504578265661;64,2984287043476;21,9389763058771
"whiten_unknowns_are_present";"r2";0,985602304169214;57,0365015101857;75,4254726202723;57,8885001716569;22,8728228858652
"whiten_unknowns_are_present";"r2";0,984298024447354;59,4364115416747;76,0379392599128;60,2055942930989;21,0737190121953
"whiten_unknowns_are_present";"r2";0,983076789111502;59,8335582546109;73,3776335281024;60,461082977707;22,4995955827298
"whiten_unknowns_are_present";"r2";0,987849323110624;65,0706895443737;76,5677627919742;65,6033724747645;20,9070944561484
"whiten_unknowns_are_present";"r2";0,984135671894554;59,8187777135146;75,1640874005537;60,5297573129141;20,2816349047654
"whiten_unknowns_are_present";"r2";0,990090333458156;62,2700983227299;82,154732506608;63,1913941150331;14,1250524871061
"whiten_unknowns_are_present";"r2";0,981891678857883;55,5173189383716;78,5608298982127;56,584971955816;18,4711201149655
"whiten_unknowns_are_present";"r2";0,977861234520535;57,3378960221065;74,1337940855204;58,116084349369;20,4571933481282
"whiten_unknowns_are_present";"r2";0,983727443352061;63,6562560246771;77,4772586235715;64,2966113574444;22,0474945485554
"whiten_unknowns_are_present";"r2";0,988523909623091;61,3517768780927;78,8185219078228;62,1610469180802;19,0409649770035
"whiten_unknowns_are_present";"r2";0,989292577696829;60,2679776363987;77,4345165703861;61,0633385136491;18,1277693274756
"whiten_unknowns_are_present";"r2";0,983643927618248;60,2817942291627;77,7710292257394;61,0921062753361;18,3092690008625
"whiten_unknowns_are_present";"r2";0,985213878257546;55,5237452605874;75,6522086340927;56,4563381582015;20,1736495421314
"whiten_unknowns_are_present";"r2";0,987247216569875;62,4702782597519;79,1512513488217;63,2431418777783;16,9677071130083
"whiten_unknowns_are_present";"r2";0,96973637449118;56,2547394126341;68,0735616211959;56,8023296307915;28,9297627635922
"whiten_unknowns_are_present";"r2";0,97822137954785;51,0131096973202;72,7829572033536;52,0217512806113;22,3887803425315
"whiten_unknowns_are_present";"r2";0,988121620294866;60,6766917293233;74,609223975166;61,3222144588604;23,3777248718822
"whiten_unknowns_are_present";"r2";0,986486125483631;57,9814921920185;70,3615342497482;58,5550848742299;26,8533374638477
"whiten_unknowns_are_present";"r2";0,986375736927448;59,5713643082064;76,1636665251329;60,3401196232764;19,5515139565399
"whiten_unknowns_are_present";"r2";0,975996907999116;54,2285200179937;76,0198270163104;55,2381558634756;20,3186205584413
"whiten_unknowns_are_present";"r2";0,986766746037716;68,2102692629009;74,2704675065076;68,491050648705;26,9897383470213
"whiten_unknowns_are_present";"r2";0,985693087892625;60,6651243493349;80,874729849261;61,6014767277098;14,243823287493
"whiten_unknowns_are_present";"r2";0,977938180285221;56,5509928667823;75,0682291525216;57,4089343163147;21,2320720701971
"whiten_unknowns_are_present";"r2";0,988329886352851;58,5910288541867;78,5709219934497;59,5167381888244;17,9437726650088
"whiten_unknowns_are_present";"r2";0,98255868668256;61,8662039714671;77,0625266203911;62,5702806965138;19,0548262081693
"whiten_unknowns_are_present";"r2";0,981440207774395;56,9365721997301;78,8649876141351;57,9525605586987;17,0550459725919
"whiten_unknowns_are_present";"r2";0,985100615821202;60,7370991581518;80,6461742923806;61,6595273496991;15,7551334067143
"whiten_unknowns_are_present";"r2";0,982999291073497;56,0237131289763;78,7384496758964;57,0761333550884;17,6139143057155
"whiten_unknowns_are_present";"r2";0,985090797230882;59,9980721033353;84,2813822808495;61,1231675555753;12,5642105334725
"whiten_unknowns_are_present";"r2";0,978121424123558;54,4248441616863;77,3266791463722;55,4859330412856;19,3732390473948
"whiten_unknowns_are_present";"r2";0,978647466908865;57,5830602146392;76,8982823679115;58,4779739823583;19,4613856039638
"whiten_unknowns_are_present";"r2";0,986086926456935;62,9901677270098;72,2267618476058;63,4181180337556;23,2459786825859
"whiten_unknowns_are_present";"r2";0,980435738176575;54,4013880855986;77,1394838663594;55,4548905928153;19,240434509435
"whiten_unknowns_are_present";"r2";0,98333254548757;61,9095816464238;77,2185023227223;62,6188752684916;19,3747519935613
"whiten_unknowns_are_present";"r2";0,980346143956208;60,8829766724504;77,1620412046669;61,6372190445994;19,1661148841364
"whiten_unknowns_are_present";"r2";0,990810363342978;60,1789730737099;75,6427100259155;60,8954396506461;22,4239559251922
"whiten_unknowns_are_present";"r2";0,987966283228638;61,4285714285714;76,3911269613529;62,1218172447621;19,3410932635572
"whiten_unknowns_are_present";"r2";0,983668613761381;61,1866203971467;73,1614770566177;61,7414400107129;24,4787960141846
"whiten_unknowns_are_present";"r2";0,981464119013309;61,9037979564295;71,3259944958581;62,340347603044;26,4180968649518
"whiten_unknowns_are_present";"r2";0,983110717025154;66,1252490199859;75,1747855409407;66,5445325653583;20,858276550583
"whiten_unknowns_are_present";"r2";0,987647346242186;58,6845318424266;82,6196215769958;59,7934935289703;13,9307297718041
"whiten_unknowns_are_present";"r2";0,980922893520619;57,8423623160465;71,8472897875072;58,4912392645312;23,8432380501002
"whiten_unknowns_are_present";"r2";0,980066616882424;59,9726881305829;74,9585087049921;60,6670118637601;20,9005663601095
"whiten_unknowns_are_present";"r2";0,982874351348366;59,3515840884262;75,603197582311;60,1045545977954;20,6236679056093
"whiten_unknowns_are_present";"r2";0,985539730699094;56,1975451449136;74,4526633142362;57,0433421257316;23,0882532538219
"whiten_unknowns_are_present";"r2";0,984638639392668;59,8958935801041;75,590420760604;60,6230531405906;20,2249799632718
"whiten_unknowns_are_present";"r2";0,985985962164048;59,9003920056552;75,7953329113815;60,6368371441444;22,2473220913853
"whiten_unknowns_are_present";"r2";0,982631318523563;61,6522074416811;71,6548001822938;62,1156480319798;27,0615688162338
"whiten_unknowns_are_present";"r2";0,988534366663514;54,9553370606002;76,8037989133471;55,9676210074456;20,2998502056404
"whiten_unknowns_are_present";"r2";0,981201560388268;53,3898849688323;71,6841480801413;54,2374956149161;25,4185979667753
"whiten_unknowns_are_present";"r2";0,983481044646545;57,4224021592443;74,4687614333821;58,2121948669263;21,4852080406983
"whiten_unknowns_are_present";"r2";0,977584651951059;57,7456461666988;72,6576281537918;58,4365488070274;24,9323954227657
"whiten_unknowns_are_present";"r2";0,971808713406029;56,9661332819228;75,6561329958602;57,8320792146148;21,6625629741326
"whiten_unknowns_are_present";"r2";0,988070220719036;60,2805089647195;79,627118398005;61,1768769693505;17,4109531911878
"whiten_unknowns_are_present";"r2";0,989341563055723;59,0591864276075;78,6883663564184;59,9686465015292;17,4919336438251
"whiten_unknowns_are_present";"r2";0,974207642292507;57,0991581517897;74,7859270398699;57,9186223473765;19,9032140469095
"whiten_unknowns_are_present";"r2";0,981745867650252;57,1386800334169;75,5436729250668;57,9914210168138;20,3455621309482
"whiten_unknowns_are_present";"r2";0,98315112245435;57,8793136687874;77,3043426924501;58,779315013513;20,4415930132156
"whiten_unknowns_are_present";"r2";0,979996201624787;54,4042799305957;77,2971085977267;55,4649515290728;18,8668732133991
"whiten_unknowns_are_present";"r2";0,98514299548965;62,2251140672193;78,5017062166465;62,9792418888144;18,4791386732534
"whiten_unknowns_are_present";"r2";0,987036281437869;61,170875907718;76,3005448775909;61,8718644314187;20,9218937575707
"whiten_unknowns_are_present";"r2";0,987000329291827;66,5648094595463;77,3659918749433;67,0652503436574;18,8540081019788
"whiten_unknowns_are_present";"r2";0,984979929329993;58,1180515391042;76,3522338385936;58,9628785182311;20,1093684606252
"whiten_unknowns_are_present";"r2";0,984431881696076;58,1334747124221;78,656447417317;59,0843460346566;18,6485314700621
"whiten_unknowns_are_present";"r2";0,98875041780425;52,939399781505;76,9880033254927;54,0536207951261;20,25677228886
"whiten_unknowns_are_present";"r2";0,988458582387603;57,0869481395797;76,7349788957845;57,9972816109097;21,1359333548002
"whiten_unknowns_are_present";"r2";0,983134439426588;63,4204099993574;75,4293059841866;63,9768067245232;20,9264222120162
"whiten_unknowns_are_present";"r2";0,973734291387801;55,1204935415462;73,1553521862559;55,9560854478648;23,3217731218378
"whiten_unknowns_are_present";"r2";0,991212713227152;64,0376582481846;79,966320085459;64,7756657464367;16,4562109290784
"whiten_unknowns_are_present";"r2";0,987741158787285;58,7285521496048;77,412110729566;59,594199651379;19,5467777106626
"whiten_unknowns_are_present";"r2";0,988054966970432;58,7009189640769;78,4588096023518;59,6163424685529;17,351285254992
"whiten_unknowns_are_present";"r2";0,988590806391143;59,1681125891652;72,6099902118657;59,7909022859699;22,9577284246314
"whiten_unknowns_are_present";"r2";0,986191489817245;59,7519439624703;80,630392195503;60,7192851933444;15,6193690801515
"whiten_unknowns_are_present";"r2";0,987163509788009;60,9581646423752;75,8252811963383;61,6469885753773;21,6075767523224
"whiten_unknowns_are_present";"r2";0,979043320780182;53,635049161365;73,2469241235226;54,5437074607699;23,4300893056121
"whiten_unknowns_are_present";"r2";0,976528162339224;52,4847374847375;72,1256605555412;53,3947416424581;23,4610123576225
"whiten_unknowns_are_present";"r2";0,985210241773529;54,6555491292333;74,8547471402331;55,5914193073492;21,8121118936076
"whiten_unknowns_are_present";"r2";0,987009559340842;59,7779705674442;76,8142818549894;60,567297731346;20,4756103089532
"whiten_unknowns_are_present";"r2";0,983658598138243;55,875907718013;71,9133301615186;56,6189543177121;24,1761017913004
"whiten_unknowns_are_present";"r2";0,980351738588539;60,4598033545402;74,9345596266952;61,1304484327868;21,213890991411
"whiten_unknowns_are_present";"r2";0,981745890703577;55,4099993573678;79,3605049279602;56,5196752911404;15,629252048682
"whiten_unknowns_are_present";"r2";0,988164710259379;63,4525416104364;75,2329692977604;63,9983529318568;22,9151144823538
"whiten_unknowns_are_present";"r2";0,979056789289404;58,1909902962535;81,6692108253276;59,2787842976005;14,4816550480774
"whiten_unknowns_are_present";"r2";0,985305646249331;62,5943062785168;77,7484533400987;63,2964289222967;18,6029971316043
"whiten_unknowns_are_present";"r2";0,989801439012373;62,7736006683375;80,1884888736977;63,5804680755357;16,5624202884404
"whiten_unknowns_are_present";"r2";0,988986222436165;66,0908681961314;78,0250863720599;66,6438049455952;18,6501809274436
"whiten_unknowns_are_present";"r2";0,981823003299382;60,446308077887;78,1327550484626;61,265757358377;19,5471560976581
"whiten_unknowns_are_present";"r2";0,972277406201433;51,6036887089519;74,6117842799429;52,6697008589592;21,8574689764857
"whiten_unknowns_are_present";"r2";0,983578884446809;61,0407428828481;78,6184818820156;61,8551555005702;18,6053700717585
"whiten_unknowns_are_present";"r2";0,981446772043956;60,4533770323244;75,4642564186469;61,1488617915363;22,3701278092576
"whiten_unknowns_are_present";"r2";0,987851332174861;62,606194974616;76,9214861580591;63,269451708984;19,3846919000116
"whiten_unknowns_are_present";"r2";0,987052496017968;60,9334233018444;74,7851990846449;61,5752044191942;20,7682281286604
"whiten_unknowns_are_present";"r2";0,987893098722743;62,0352162457426;74,3298535555569;62,6048519512166;23,1072077205024
"whiten_unknowns_are_present";"r2";0,984356253353174;58,6858171068697;76,0073372366638;59,4883585800648;19,0500979303976
"whiten_unknowns_are_present";"r2";0,986689746257026;57,9631771737035;73,8325617697954;58,6984382360707;23,2898564546679
"whiten_unknowns_are_present";"r2";0,988438601814623;57,9667116509222;77,565411282696;58,8747595103094;18,49122872977
"whiten_unknowns_are_present";"r2";0,979247852947243;62,1688837478311;75,3283147065116;62,7785871127121;20,6893709778289
"whiten_unknowns_are_present";"r2";0,983828090671441;55,5141057772637;77,7264069090582;56,5432471424433;18,0822085339915
"whiten_unknowns_are_present";"r2";0,988550858151622;54,8801490906754;77,9515835116858;55,9490958592164;19,4820731725101
"whiten_unknowns_are_present";"r2";0,970218342732206;58,2134824240087;69,0323946561159;58,7147447668091;27,7298785526179
"whiten_unknowns_are_present";"r2";0,969974435013921;53,2475419317525;75,801643310275;54,2925196017998;20,8711683345749
"whiten_unknowns_are_present";"r2";0,982926746936086;61,4581325107641;73,7054986549871;62,0255780464038;23,5170391269514
"whiten_unknowns_are_present";"r2";0,985145411909758;60,698541224857;73,0785211283932;61,2721310273375;23,8066442022259
"whiten_unknowns_are_present";"r2";0,989276231999329;62,3684210526316;79,575651618597;63,1656672564601;17,361447764115
"whiten_unknowns_are_present";"r2";0,978519469175004;47,9728166570272;74,4821271329157;49,2010472582267;21,9672353197563
"whiten_unknowns_are_present";"r2";0,984775280557333;61,5371762740184;74,0838691635793;62,1184902302915;21,3788337033439
"whiten_unknowns_are_present";"r2";0,984839189098102;58,6025962341752;77,3485481633393;59,4711345474955;19,0483105122975
"whiten_unknowns_are_present";"r2";0,984164160897642;56,4815885868517;75,5799826692836;57,3664562663467;21,5384657221369
"whiten_unknowns_are_present";"r2";0,982789581642449;58,8484030589294;77,3592460001241;59,706048291726;17,9771564471144
"whiten_unknowns_are_present";"r2";0,983831728096886;54,565901934323;74,1011648277207;55,4710106398086;22,9427977072751
"whiten_unknowns_are_present";"r2";0,985191749116077;59,3168819484609;79,9309199885713;60,2719725140259;16,9113567733737
"whiten_unknowns_are_present";"r2";0,989526493211477;58,3853865432813;76,4760738574677;59,2235651061007;18,8457298744732
"whiten_unknowns_are_present";"r2";0,983634375453596;61,3106484159116;78,3948789598832;62,1021957770222;18,0793107978206
"whiten_unknowns_are_present";"r2";0,986678911230842;64,7548358074674;73,4691406049036;65,1585873810938;24,3466220915292
"whiten_unknowns_are_present";"r2";0,976945656670475;57,7119079750659;73,3642170718044;58,4371114853395;23,0692195254603
"whiten_unknowns_are_present";"r2";0,984967546349177;57,3697063170747;78,6866426412462;58,3573635985035;19,3070772085399
"whiten_unknowns_are_present";"r2";0,979274964217293;57,4220808431335;75,544237349118;58,2617174380053;20,8503835605001
"whiten_unknowns_are_present";"r2";0,979584954528548;52,3388599704389;76,3655257075973;53,4520645605775;19,0699858983125
"whiten_unknowns_are_present";"r2";0,982843081422741;61,1981877771351;74,4317754843117;61,8113269759232;22,3648596036412
"whiten_unknowns_are_present";"r2";0,973115885828036;54,056937214832;73,7778691344335;54,9706483462421;23,0741902042515
"whiten_unknowns_are_present";"r2";0,985756393187355;58,0746738641476;73,3444360098239;58,7821531913604;23,4245439620364
"whiten_unknowns_are_present";"r2";0,983336293611053;55,2136752136752;71,9241504327821;55,9879057257574;25,2833286935455
"whiten_unknowns_are_present";"r2";0,98259301966869;60,7679455047876;73,8770052923932;61,3753150702365;22,052476943167
"whiten_unknowns_are_present";"r2";0,983788440713718;59,1838570785939;74,4904341853404;59,8930421182887;21,507158892787
"whiten_unknowns_are_present";"r2";0,992510524749056;62,0978728873466;80,9538730309191;62,9715099596356;15,864242665035
"whiten_unknowns_are_present";"r2";0,98197818799745;61,8064391748602;74,5211849460571;62,3955393650315;21,6652412212204
"whiten_unknowns_are_present";"r2";0,983775235555561;57,0802005012531;77,033149659535;58,0046614661156;20,4771637181492
"whiten_unknowns_are_present";"r2";0,986842019837087;56,4767688451899;75,6016843186494;57,3628653150027;19,3944650754437
"whiten_unknowns_are_present";"r2";0,983875246897119;58,0640704324915;78,0423574996252;58,9897053545208;17,9938094625152
"whiten_unknowns_are_present";"r2";0,986410130258689;59,1587944219523;74,6728090907545;59,8775904683833;22,8146547835913
"whiten_unknowns_are_present";"r2";0,988720426566033;60,3785103785104;79,5277093844869;61,2657319540769;16,9512430002124
"whiten_unknowns_are_present";"r2";0,976136443002263;57,3655292076345;68,3445294088943;57,8742087536388;28,9346583968595
"whiten_unknowns_are_present";"r2";0,981956181292124;58,3943833943834;70,2193424727525;58,9422579462769;25,8862178873462
"whiten_unknowns_are_present";"r2";0,990212106162821;58,3998457682668;78,4056764609834;59,3267568428328;16,0233988091673
"whiten_unknowns_are_present";"r2";0,989451565345928;61,7261101471628;76,7525429718524;62,4223155290017;18,5399740252436
"whiten_unknowns_are_present";"r2";0,983759431567331;55,2233146969989;78,6002181409257;56,3064144704627;16,5475489925828
"whiten_unknowns_are_present";"r2";0,984639546340128;54,9318809845126;78,3849818324456;56,0185111396292;18,0198692518407
"whiten_unknowns_are_present";"r2";0,974233841393798;51,2023648865754;73,7301217853221;52,2461219629652;22,7766570788522
"whiten_unknowns_are_present";"r2";0,982815460961132;57,3414304993252;79,157465450624;58,3522120414704;16,6503409574946
"whiten_unknowns_are_present";"r2";0,985995750356061;54,7365207891524;78,2527016729915;55,8260735714152;17,0813031048761
"whiten_unknowns_are_present";"r2";0,984751189659383;62,8532870638134;73,4060466348403;63,3422180091891;22,2335196117708
"whiten_unknowns_are_present";"r2";0,984482886137456;66,4006169269327;75,422200313185;66,818605346373;21,5325324568189
"whiten_unknowns_are_present";"r2";0,9777723872799;54,9347728295097;71,3110962953248;55,6935214070764;24,105143736147
"whiten_unknowns_are_present";"r2";0,975474235525407;58,5190540453698;73,0914288302396;59,1942219890704;23,142611998225
"whiten_unknowns_are_present";"r2";0,974522887689143;54,9444123128334;75,0829710255328;55,8774729481708;20,7852155303307
"whiten_unknowns_are_present";"r2";0,981117053174689;59,3294132767817;79,7713342631288;60,2765293070372;17,6249110156013
"whiten_unknowns_are_present";"r2";0,981400502621272;67,5220101535891;72,9879053171892;67,7752562615551;26,8468997051977
"whiten_unknowns_are_present";"r2";0,982011372945899;58,6565773407879;77,5599856909533;59,5324109323013;19,8422877228052
"whiten_unknowns_are_present";"r2";0,983061622874727;57,0477475740634;70,9476752132336;57,6917596654535;25,5653787147755
"whiten_unknowns_are_present";"r2";0,989860130861143;59,0938885675728;78,9033732796521;60,0117025310668;19,7917581489594
"whiten_unknowns_are_present";"r2";0,987680396327193;59,0283400809717;82,0191298905067;60,0935504196374;15,9115640797443
"whiten_unknowns_are_present";"r2";0,991595476533379;63,4817813765182;76,5492958030256;64,0872260603718;20,330361965597
"whiten_unknowns_are_present";"r2";0,987277512030881;58,350684403316;72,7394803776943;59,0173467650632;23,9537763333596
"whiten_unknowns_are_present";"r2";0,984465059632509;63,6019536019536;75,3630441185855;64,1468689926856;20,5139296353759
"whiten_unknowns_are_present";"r2";0,979634295774089;51,392584024163;72,6995829113263;52,3797808837999;24,7546614972176
"whiten_unknowns_are_present";"r2";0,986446886142597;56,4635948846475;75,2883375859719;57,3357837356741;21,4361022337169
"whiten_unknowns_are_present";"r2";0,981874103580365;60,0661911188227;73,233267241899;60,6762486998146;23,6633039393646
"whiten_unknowns_are_present";"r2";0,9869449454413;57,0265407107512;75,548079296694;57,8846814946559;19,8970889370852
"whiten_unknowns_are_present";"r2";0,986106120402999;53,9737163421374;75,2273228216323;54,9584394222684;21,2202808219004
"whiten_unknowns_are_present";"r2";0,98570052733995;54,2580811001864;73,8383312048061;55,1652741552267;22,1459850468156
"whiten_unknowns_are_present";"r2";0,980513744016442;61,8337510442774;73,1987756607322;62,3603158913718;22,5009167998746
"whiten_unknowns_are_present";"r2";0,988345369268529;61,9278966647388;75,9664499995915;62,5783315682841;20,561059916594
"whiten_unknowns_are_present";"r2";0,979425652510301;59,6854315275368;74,9147406144422;60,3910365817564;21,2866810026492
"whiten_unknowns_are_present";"r2";0,983157047291464;52,7813122549965;75,4432874717402;53,8312879407143;22,114488835244
"whiten_unknowns_are_present";"r2";0,986565248185958;60,0957522010154;80,9628869520174;61,0625692551158;14,3907086824959
"whiten_unknowns_are_present";"r2";0,988141484934711;62,6926290084185;76,3532233056956;63,3255522963232;18,1515663974304
"whiten_unknowns_are_present";"r2";0,984825396767355;61,8809845125635;73,3386506218987;62,4118416295983;22,9016137538565
"whiten_unknowns_are_present";"r2";0,980754418643021;58,8876036244457;73,243216119708;59,5527285277011;22,5016517639742
"whiten_unknowns_are_present";"r2";0,983164706143815;65,1413790887475;74,5499415924608;65,5772970425875;22,1126428607559
"whiten_unknowns_are_present";"r2";0,981885909772702;58,3741404794036;73,6662822235073;59,0826566992077;22,4246124086714
"whiten_unknowns_are_present";"r2";0,987792360247938;54,6937857464173;77,6953011821938;55,759493025295;18,8069214902707
"whiten_unknowns_are_present";"r2";0,985666624511985;63,6344065291434;76,3994777876918;64,2258384021263;20,1839011609718
"whiten_unknowns_are_present";"r2";0,986334114539723;58,6408328513592;78,5781345324184;59,564568836582;16,6818541412966
"whiten_unknowns_are_present";"r2";0,988444972354551;59,0765374975901;78,4750937192327;59,9753123032261;19,5548443958761
"whiten_unknowns_are_present";"r2";0,985316210334279;60,0279545016387;78,4308910083633;60,880600208514;17,9384310583794
"whiten_unknowns_are_present";"r2";0,990676295272512;60,6905083220873;75,4890525194234;61,3761551574851;21,4620560395085
"whiten_unknowns_are_present";"r2";0,987976992936543;64,047619047619;75,3791895444709;64,572633896894;20,6112611965479
"whiten_unknowns_are_present";"r2";0,983112114895973;62,5628172996594;75,4916265414987;63,1618354884705;19,8852342242813
"whiten_unknowns_are_present";"r2";0,986160415418395;58,6061307113939;77,6334812648751;59,4877067988139;18,4868270278654
"whiten_unknowns_are_present";"r2";0,981900778037711;60,3675856307435;75,7809342744338;61,081717614235;20,4299652073442
"whiten_unknowns_are_present";"r2";0,98442891496082;54,6179551442709;74,3593629145632;55,5326149637439;21,2194019472894
"whiten_unknowns_are_present";"r2";0,98434447205947;65,2008225692436;72,407168555293;65,534707325354;23,7397582555985
"whiten_unknowns_are_present";"r2";0,982845585576589;56,81447207763;76,0287750005354;57,704710050892;20,8214649378005
"whiten_unknowns_are_present";"r2";0,984475566883716;59,5916072231862;76,9310361302049;60,3949784466774;20,5589746336408
"whiten_unknowns_are_present";"r2";0,985263528606516;62,1470342522974;74,0910975726619;62,7004271474494;22,1153187773515
"whiten_unknowns_are_present";"r2";0,987758312675009;61,913758755864;73,4083780787745;62,4463279909023;22,7797183842864
"whiten_unknowns_are_present";"r2";0,987906082054405;54,3233082706767;78,1927906129739;55,429230232482;17,8014057440859
"whiten_unknowns_are_present";"r2";0,978284870730738;56,9465329991646;73,6179604866732;57,7189543499372;21,929732435732
"whiten_unknowns_are_present";"r2";0,985550185857053;59,5170618854829;79,4256500619459;60,4394675152804;17,1880346231286
"whiten_unknowns_are_present";"r2";0,982360194357158;57,6225820962663;76,1830121939883;58,4825248034967;19,9047913313875
"whiten_unknowns_are_present";"r2";0,98085401270672;58,2218366428893;76,0932607933887;59,0498562946499;19,2062251269437
"whiten_unknowns_are_present";"r2";0,987908876158841;64,0164513848724;75,619656574047;64,5540516252975;20,3847133598898
"whiten_unknowns_are_present";"r2";0,990528091831489;60,5449521238995;80,2341316249031;61,45719210078;16,7293100473253
"whiten_unknowns_are_present";"r2";0,987557643631328;59,1873915558126;75,57680144285;59,9467464540537;18,9437362829139
"whiten_unknowns_are_present";"r2";0,978470873166731;52,0313604524131;75,3155993780461;53,1101668891219;21,9210474315206
"whiten_unknowns_are_present";"r2";0,967312917961406;52,5737420474263;75,3830838496226;53,6305455286091;20,0484780601186
"whiten_unknowns_are_present";"r2";0,979779741014204;57,555748345222;76,2874406071337;58,4236259789785;20,6075046604122
"whiten_unknowns_are_present";"r2";0,977240006626864;54,9485894222736;74,0398761314149;55,8331278026199;22,4906071195241
"whiten_unknowns_are_present";"r2";0,980540256038937;57,12775528565;71,624414434197;57,7994151689804;22,8578670909564
"whiten_unknowns_are_present";"r2";0,977806058719714;56,2200372726689;73,2157017858211;57,0074811883361;22,0195143078754
"whiten_unknowns_are_present";"r2";0,983636465807086;56,5718784139837;72,7346296428777;57,3207317527741;24,1731565018219
"whiten_unknowns_are_present";"r2";0,98789441849893;61,5394254867939;74,105589746681;62,1216415914991;21,865081971711
"whiten_unknowns_are_present";"r2";0,990274767947111;60,2676563202879;78,8501420747798;61,1286209112296;18,5157244503136
"whiten_unknowns_are_present";"r2";0,988278438247024;58,8606130711394;79,2410678306885;59,804881245327;19,2687870146084
"whiten_unknowns_are_present";"r2";0,991114012559649;58,2465779834201;76,0626056397582;59,0720310022466;20,3345352139538
"whiten_unknowns_are_present";"r2";0,980798766299629;54,0868196131354;74,674237621808;55,0406768181704;22,7171808472814
"whiten_unknowns_are_present";"r2";0,975968702467496;60,8550221708116;74,4274212494588;61,4838591937605;23,1895448632309
"whiten_unknowns_are_present";"r2";0,984183974477295;58,4946340209498;72,9729428633947;59,1654436970476;22,5392089003465
"whiten_unknowns_are_present";"r2";0,980057909290186;58,7073452862927;74,4395852639672;59,4362521578451;23,2972953970489
"whiten_unknowns_are_present";"r2";0,978011679397192;54,2661140029561;74,1937613395414;55,1894026826435;22,2468479789977
"whiten_unknowns_are_present";"r2";0,986817145578741;55,9578433262644;71,7767833978405;56,6907671905845;26,1788236311212
"whiten_unknowns_are_present";"r2";0,985403219632859;64,3037079879185;77,2857832428378;64,9051941001156;20,3378439691884
"whiten_unknowns_are_present";"r2";0,986472242881318;56,0407428828481;77,491863572;57,0346172004922;18,7425327119295
"whiten_unknowns_are_present";"r2";0,984902186307809;54,8708309234625;77,4953322268966;55,9190703660927;18,2133168679645
"whiten_unknowns_are_present";"r2";0,981899942613098;60,3611593085277;75,7719489471408;61,0751727280774;21,1043619982318
"whiten_unknowns_are_present";"r2";0,984807322242357;63,1212647002121;75,5983716876726;63,699354599245;21,9392181213358
"whiten_unknowns_are_present";"r2";0,982167844762138;59,8422337896022;74,8047955289004;60,5354798933535;21,702072751292
"whiten_unknowns_are_present";"r2";0,980300262940331;55,1792943898207;78,0763702173549;56,2401627679304;19,5889096530445
"whiten_unknowns_are_present";"r2";0,985650649316945;59,8975001606581;75,1219319343787;60,6028792389772;21,291423467145
"whiten_unknowns_are_present";"r2";0,984516150054522;57,8234046655099;72,7227574176636;58,5137221675402;24,7032085821195
"whiten_unknowns_are_present";"r2";0,976995039527204;51,9050832208727;73,9785136045792;52,9277904201178;20,6696574306015
"whiten_unknowns_are_present";"r2";0,990498463845803;57,9760298181351;78,1933384769062;58,9127390996225;19,5666618890314
"whiten_unknowns_are_present";"r2";0,98204289972374;60,0713321765953;74,9122607366427;60,75894276625;20,7797644528464
"whiten_unknowns_are_present";"r2";0,98776780801947;60,6930788509736;79,7772752885711;61,5772887245302;16,4614671312892
"whiten_unknowns_are_present";"r2";0,989378726287399;63,2147676884519;78,7692866872321;63,9354403833761;18,7636547111768
"whiten_unknowns_are_present";"r2";0,98325068262965;62,5576762418868;74,3792757674897;63,1053951388259;23,0203963432121
"whiten_unknowns_are_present";"r2";0,980581848751972;53,5225885225885;73,7842475402151;54,4613526469573;23,1707984674151
"whiten_unknowns_are_present";"r2";0,981554857467583;64,0013495276653;75,9622530858677;64,5555226654971;20,6651404180523
"whiten_unknowns_are_present";"r2";0,986547647416336;57,4587108797635;72,5331312502029;58,1571396227955;25,8180965481776
"whiten_unknowns_are_present";"r2";0,986409342681442;62,0683118051539;76,2098526966387;62,7235183329447;20,3293019336777
"whiten_unknowns_are_present";"r2";0,989239906293271;57,3083349399139;76,7079883584572;58,2071605809275;19,5454053636353
"whiten_unknowns_are_present";"r2";0,986050197949911;59,445087076666;80,0162766648274;60,39819238577;16,4485195467573
"whiten_unknowns_are_present";"r2";0,982259924711197;54,2468350363087;72,6866649422063;55,1011900898638;22,7867481044837
"whiten_unknowns_are_present";"r2";0,988261199398149;58,6691086691087;77,9825750841309;59,5639410898819;18,7461810345765
"whiten_unknowns_are_present";"r2";0,98200923418673;57,0821283979179;76,4089594493473;57,9775800296443;19,4466723320599
"whiten_unknowns_are_present";"r2";0,987364763667931;58,5110211426001;75,8956692915559;59,3164874661038;20,4582727208596
"whiten_unknowns_are_present";"r2";0,985008738250167;56,001221001221;76,5132737080734;56,9515863776003;19,1768751826806
"whiten_unknowns_are_present";"r2";0,986989605515367;60,9729451834715;78,676544805168;61,7931891813879;17,6163217829773
"whiten_unknowns_are_present";"r2";0,989732924345824;61,8951224214382;79,0967464776075;62,6921088641951;16,7832798325238
"whiten_unknowns_are_present";"r2";0,98784893040456;60,365336417968;76,5162528458564;61,1136414262099;20,5767642288356
"whiten_unknowns_are_present";"r2";0,99191346952087;53,6138422980528;78,9806317541825;54,7891375624295;19,169419163679
"whiten_unknowns_are_present";"r2";0,982598444043948;56,2148962148962;77,2192525789073;57,1880710271284;18,0226296420009
"whiten_unknowns_are_present";"r2";0,982757836956472;59,2179165863376;76,1818811930705;60,003891780472;19,4664484373906
"whiten_unknowns_are_present";"r2";0,983673912716236;55,0584795321637;78,1138305862304;56,1266811254024;16,6374970130402
"whiten_unknowns_are_present";"r2";0,985571661285553;56,8764860870124;74,9601135737112;57,7143375535776;22,9365348390417
"whiten_unknowns_are_present";"r2";0,987826272752665;64,2725403251719;78,6525119326696;64,938793835944;17,5722774331007
"whiten_unknowns_are_present";"r2";0,976595024132746;57,3806310648416;70,2180687236101;57,9754158212324;26,766773253723
"whiten_unknowns_are_present";"r2";0,985702376271172;58,0833493991389;76,6867499232162;58,945283014154;20,2379653742636
"whiten_unknowns_are_present";"r2";0,983411483049956;59,1375875586402;74,2287187568517;59,8367905485187;20,3835037305204
"whiten_unknowns_are_present";"r2";0,982693466838096;60,1728680676049;78,3668681260327;61,0158333212772;17,7556692094508
"whiten_unknowns_are_present";"r2";0,988372878038769;60,4777970567444;79,83206642904;61,3745199620245;17,1161062692109
"whiten_unknowns_are_present";"r2";0,985851560542872;57,3359681254418;75,2235251171739;58,1647352447499;21,9154290981849
"whiten_unknowns_are_present";"r2";0,98353741493259;59,6009253903991;75,9378233777211;60,3578473048696;20,0402360707026
"whiten_unknowns_are_present";"r2";0,98781664705187;62,008547008547;76,2576882835834;62,6687388822939;20,777471975917
"whiten_unknowns_are_present";"r2";0,982428263368763;60,3119979435769;72,0972558944639;60,8580330609925;24,9813535588733
"whiten_unknowns_are_present";"r2";0,980960971751357;57,2675277938436;72,3915542676199;57,9682548891537;22,73982411795
"whiten_unknowns_are_present";"r2";0,98125094608567;53,1893837156995;77,4924438661651;54,3153942246014;17,5581205793185
"whiten_unknowns_are_present";"r2";0,978848435068632;53,3815307499518;76,4464271046752;54,4501745965027;19,0590454641774
"whiten_unknowns_are_present";"r2";0,98566910599247;60,8961506329927;76,8376260197445;61,6347518092129;20,1302272302846
"whiten_unknowns_are_present";"r2";0,988305326916506;54,2988882462567;74,290718765463;55,225150664135;22,8640875698711
"whiten_unknowns_are_present";"r2";0,976399244221147;59,2317331791016;78,2694184229777;60,1137880938758;18,0697506340503
"whiten_unknowns_are_present";"r2";0,974974432967021;57,4262579525737;76,6600591516406;58,3173993208703;20,2993662450896
"whiten_unknowns_are_present";"r2";0,982163518503764;52,5721354668723;74,4384798760332;53,58524794915;21,5144905344246
"whiten_unknowns_are_present";"r2";0,982646404956103;56,1050061050061;76,7988084939279;57,0637923160758;19,1245669269386
"whiten_unknowns_are_present";"r2";0,975085111789634;51,8443544759334;74,6025799174776;52,8987896315262;21,2418584142907
"whiten_unknowns_are_present";"r2";0,987926085619248;60,8370284686074;78,056741950071;61,6348530314552;17,9161260261516
"whiten_unknowns_are_present";"r2";0,984677813057389;54,0685045948204;74,1915481072557;55,0008463791803;22,5094791505743
"whiten_unknowns_are_present";"r2";0,975527903078559;53,262001156738;73,1619714865665;54,184007504066;23,441834158617
"whiten_unknowns_are_present";"r2";0,989996944339642;65,0411284621811;77,4831584695182;65,6175931729457;19,7591441473528
"whiten_unknowns_are_present";"r2";0,980843632600999;56,2226078015552;75,7289795787238;57,1263779225051;20,8381019373882
"whiten_unknowns_are_present";"r2";0,989000164845167;59,1491549386286;78,5919198377638;60,0499780227584;17,5095815442426
"whiten_unknowns_are_present";"r2";0,988666316863013;63,1463273568537;73,7544535127655;63,6378235494056;23,5995785976432
"whiten_unknowns_are_present";"r2";0,985407339904346;61,0356018250755;78,4326397845153;61,8416421938526;17,911581601346
"whiten_unknowns_are_present";"r2";0,977631951390396;54,8987854251012;74,7705272057361;55,8194838859801;20,9301899960962
"whiten_unknowns_are_present";"r2";0,990775742382261;64,4017094017094;79,7486097228212;65,1127626984404;18,8948883874899
"whiten_unknowns_are_present";"r2";0,986425046847357;57,684274789538;75,6615692412794;58,5171996290009;21,7112777855377
"whiten_unknowns_are_present";"r2";0,97869255097887;52,5502859713386;75,0372565138124;53,5921533323799;21,8448550827096
"whiten_unknowns_are_present";"r2";0,986108376629513;59,5289505815822;74,8203076130399;60,2374304440435;20,4947438663339
"whiten_unknowns_are_present";"r2";0,98793667240781;63,9640768588137;76,8102697797924;64,5592672644189;20,310589633727
"whiten_unknowns_are_present";"r2";0,986263699673464;57,8609986504723;73,278784412203;58,5753362147224;24,322182106958
"whiten_unknowns_are_present";"r2";0,977665515696552;58,4502923976608;73,3694845696124;59,1415291006084;23,1117943222151
"whiten_unknowns_are_present";"r2";0,984063686448702;66,5991902834008;75,8441797419845;67,0275295633352;22,2796279389153
"whiten_unknowns_are_present";"r2";0,974275735872238;55,6374911638069;74,1476731487388;56,4951057731474;22,4099814595334
"whiten_unknowns_are_present";"r2";0,985800431903261;59,3686138422981;77,9865136324002;60,2312192379785;20,1145485963391
"whiten_unknowns_are_present";"r2";0,988171731397977;57,1116894801105;77,5846692381219;58,0602445268138;18,5956931940333
"whiten_unknowns_are_present";"r2";0,978528035914787;57,0609215346057;73,7055894320387;57,8321030588111;22,1283064608883
"whiten_unknowns_are_present";"r2";0,980335119117411;58,8631836000257;75,4643171390827;59,6323480883218;22,0372124288351
"whiten_unknowns_are_present";"r2";0,981861509292876;64,6526572842362;75,1583855860284;65,1394091746668;22,4447826752395
"whiten_unknowns_are_present";"r2";0,989801783383535;65,0340595077437;80,2056200130582;65,7369889520054;16,493236496032
"whiten_unknowns_are_present";"r2";0,988837200961632;54,7403765824818;76,2259163155369;55,7358456048628;20,5880462698728
"whiten_unknowns_are_present";"r2";0,985150049667219;62,3529978793137;78,7725904309451;63,1137512021692;17,1432124736533
"whiten_unknowns_are_present";"r2";0,978821710222292;59,1208791208791;75,900763901723;59,8983255199916;19,9731873290076
"whiten_unknowns_are_present";"r2";0,986571688805143;57,2723475355054;72,9017820454308;57,996491219363;24,2276952370539
"whiten_unknowns_are_present";"r2";0,982718349687488;56,5680226206542;75,089773177156;57,4261732255886;21,5130533866466
"whiten_unknowns_are_present";"r2";0,980225352287682;57,5596041385515;76,3034538556704;58,428045052086;20,7679952337046
"whiten_unknowns_are_present";"r2";0,976632321302242;59,2185592185592;73,7291030344099;59,8908624069384;20,8889474305983
"whiten_unknowns_are_present";"r2";0,983408780088548;56,9609922241501;71,5343080674496;57,6362037690134;26,6706822796499
"whiten_unknowns_are_present";"r2";0,987596290650325;61,2987597198123;76,1862238634404;61,9885263982816;20,182617851798
"whiten_unknowns_are_present";"r2";0,982237311327155;60,2265278581068;72,0376970405743;60,7737634959045;24,9274832434906
"whiten_unknowns_are_present";"r2";0,991487742946092;67,3256860098965;81,2601456120211;67,9712980377942;17,765986938234
"whiten_unknowns_are_present";"r2";0,981584230014213;60,1539104170683;74,3969491679424;60,8138195483829;21,4746179136355
"whiten_unknowns_are_present";"r2";0,983450854762996;59,7843968896601;73,6822013277683;60,4283106088002;22,7880694336886
"whiten_unknowns_are_present";"r2";0,98169454701588;60,7075380759591;73,8683892005503;61,3173072400329;22,6562867565911
"whiten_unknowns_are_present";"r2";0,981166893185102;54,9431270483902;73,4201912671648;55,7992072438547;21,4053578856659
"whiten_unknowns_are_present";"r2";0,988724735743926;60,7403123192597;79,2778706248442;61,599195329557;16,9014626210369
"whiten_unknowns_are_present";"r2";0,983239069062429;58,6131996658312;75,1270654884252;59,3783208622449;20,696503074644
"whiten_unknowns_are_present";"r2";0,983261236888677;58,7529721740248;76,0672238429058;59,5551768845521;22,5741114506636
"whiten_unknowns_are_present";"r2";0,987157277482579;55,617569564938;78,5663914209311;56,6808354424357;16,6668847428887
"whiten_unknowns_are_present";"r2";0,98253239207384;64,7053531264058;74,4002641173357;65,1545381916226;22,2050587114755
"whiten_unknowns_are_present";"r2";0,983158417844121;52,6129426129426;74,5909916707018;53,6312306001747;21,9118107234502
"whiten_unknowns_are_present";"r2";0,975624221023011;63,0698541224857;69,6836972309052;63,3762870078179;26,9794298346531
"whiten_unknowns_are_present";"r2";0,981687443961753;60,464623096202;74,7710422530329;61,127468771422;21,459173711441
"whiten_unknowns_are_present";"r2";0,9856525764089;59,1520467836257;74,7284828303584;59,8737349402311;21,2849793441054
"whiten_unknowns_are_present";"r2";0,987091479144411;59,5636527215475;77,3276282895848;60,3866940606071;18,7278718489335
"whiten_unknowns_are_present";"r2";0,992735645911343;56,7759141443352;77,3408049277615;57,7287276169264;20,4657978254946
"whiten_unknowns_are_present";"r2";0,976646104433963;54,4222736327999;75,8884569733888;55,4168458339083;19,780425353035
"whiten_unknowns_are_present";"r2";0,987024347354346;55,869802711908;75,5144101186301;56,7799775724511;21,2246725997983
"whiten_unknowns_are_present";"r2";0,975708130389762;54,3715056872952;72,6075779545515;55,2164202324962;25,0416682024609
"whiten_unknowns_are_present";"r2";0,984734963870379;61,8347149926097;76,1592184496063;62,4983985504629;20,5658111794976
"whiten_unknowns_are_present";"r2";0,991608549090935;56,397082449714;77,1575020484867;57,3589551724371;19,3195166873655
"whiten_unknowns_are_present";"r2";0,983617436086512;54,4367328577855;72,9736324819445;55,2955853500245;24,4185718267041
"whiten_unknowns_are_present";"r2";0,978492950509632;62,8651757599126;74,0032824087598;63,3812270332183;22,8922190295609
"whiten_unknowns_are_present";"r2";0,979877138588541;57,3199023199023;78,0006984506132;58,278085924414;18,4675768345294
"whiten_unknowns_are_present";"r2";0,980135445405399;58,1807081807082;75,5386769028073;58,9849383917707;19,7510067651452
"whiten_unknowns_are_present";"r2";0,984332995572458;59,8129940235203;80,8223267331324;60,7863994000275;17,4131649802556
"whiten_unknowns_are_present";"r2";0,987891642459951;64,2015294646874;76,6465175836446;64,7781312308167;21,5043234172444
"whiten_unknowns_are_present";"r2";0,984686410939564;60,3132832080201;78,899026552053;61,1743987297513;17,6949529728835
"whiten_unknowns_are_present";"r2";0,984884555165741;57,8671036565773;72,5773209337787;58,5486581250191;24,1088172936934
"whiten_unknowns_are_present";"r2";0,985035073336719;64,4875008032903;78,7061454104293;65,1462797040071;17,9984511657984
"whiten_unknowns_are_present";"r2";0,977807008945606;56,013431013431;75,4625669001202;56,9145492784514;20,3785562951924
"whiten_unknowns_are_present";"r2";0,980055661979195;60,006105006105;75,682486355014;60,7324238330815;20,5739595842481
"whiten_unknowns_are_present";"r2";0,983593942535068;60,0616926932716;80,783850594166;61,0217926732359;15,1236027836104
"whiten_unknowns_are_present";"r2";0,984587198586196;60,2869352869353;75,7245822599616;61,0021930617473;20,7939399488495
"whiten_unknowns_are_present";"r2";0,984455133441034;59,2551892551893;74,7677716295576;59,9739189404882;20,9492520956426
"whiten_unknowns_are_present";"r2";0,985479120479328;57,2161172161172;78,1725734678633;58,1870727181286;18,7834152615131
"whiten_unknowns_are_present";"r2";0,984143339628384;61,2582738898528;78,2695612540029;62,0464416441764;18,0257690801255
"whiten_unknowns_are_present";"r2";0,987351272464672;61,4105777263672;81,4665149704579;62,339810339993;16,0398313255995
"whiten_unknowns_are_present";"r2";0,984301904302085;59,4319131161236;78,8028374880464;60,3294076816181;17,3063557698436
"whiten_unknowns_are_present";"r2";0,98336581933199;61,3209305314569;71,1620503955329;61,7768897529584;26,1934242213785
"whiten_unknowns_are_present";"r2";0,983357432096601;50,8383137330506;73,9170790136263;51,9076001553166;21,4301494045466
"whiten_unknowns_are_present";"r2";0,984884137746688;56,9298245614035;73,5967624581222;57,7020379002476;23,1836877898213
"whiten_unknowns_are_present";"r2";0,981419002742351;61,6856243172033;76,2863300027622;62,3621048895072;19,3013927549131
"whiten_unknowns_are_present";"r2";0,989090229880387;63,6559347085663;74,6926425931115;64,1672879696263;22,0672127271047
"whiten_unknowns_are_present";"r2";0,982356129179434;54,7545144913566;73,2039478550561;55,6093144927635;22,1672039451836
"whiten_unknowns_are_present";"r2";0,983832875844699;55,169654906497;73,3563572253896;56,0122820409631;24,694880555728
"whiten_unknowns_are_present";"r2";0,988753045407195;59,7927511085406;75,3138333517703;60,5118746101574;22,5661668296874
"whiten_unknowns_are_present";"r2";0,974875259552986;52,008547008547;73,6791266656996;53,0125893092645;22,3285948131879
"whiten_unknowns_are_present";"r2";0,959408136721016;50,4273504273504;73,6256474454471;51,5021749996175;22,5266450843506
"whiten_unknowns_are_present";"r2";0,9849094565362;56,3276781697834;74,4556310255372;57,1675833214014;23,1509181700301
"whiten_unknowns_are_present";"r2";0,973460771003895;57,1139386928861;75,0476297446673;57,9448432976018;22,7998148506685
"whiten_unknowns_are_present";"r2";0,982177658213529;56,1300687616477;75,1230823934362;57,0100539492209;21,0717423138901
"whiten_unknowns_are_present";"r2";0,98564227185245;57,3722768459611;76,3908585494263;58,2534466546158;20,3092351092448
"whiten_unknowns_are_present";"r2";0,983689585278867;61,5898721161879;80,3066131951469;62,4570570310431;17,3584945759553
"whiten_unknowns_are_present";"r2";0,987901897563886;57,3507486665381;78,0012580446297;58,3075290238242;19,2712207904231
"whiten_unknowns_are_present";"r2";0,985144264349099;56,3948332369385;78,2101046036468;57,405579400647;19,438841064824
"whiten_unknowns_are_present";"r2";0,987822151286869;64,0562945826104;75,2940436233275;64,5769624918328;21,5518842536541
"whiten_unknowns_are_present";"r2";0,985489839649871;57,531328320802;76,3986107550685;58,4054881247062;18,8918335805923
"whiten_unknowns_are_present";"r2";0,986903284922283;57,6328642118116;81,4952802833238;58,7384587788315;15,2776895397398
"whiten_unknowns_are_present";"r2";0,986870982371243;54,4707923655292;77,4347732522285;55,53476059194;19,7040632593506
"whiten_unknowns_are_present";"r2";0,984714405813948;58,7140929246192;76,0933201338146;59,5193080848908;21,0900161922237
"whiten_unknowns_are_present";"r2";0,984819357661788;57,0583510057194;76,2787134244935;57,9488697278248;18,5819382356653
"whiten_unknowns_are_present";"r2";0,984416392407092;57,8581068054752;77,0387317996014;58,7467844113807;18,8612125058983
"whiten_unknowns_are_present";"r2";0,987188065134154;67,2074416811259;75,7290231318364;67,6022639877225;20,3961666073456
"whiten_unknowns_are_present";"r2";0,985429698685951;67,9265471370735;77,7055919988571;68,3796302966928;21,2753231272647
"whiten_unknowns_are_present";"r2";0,981411388520832;56,0227491806439;71,2657077695441;56,7289866442223;25,4384510985658
"whiten_unknowns_are_present";"r2";0,98690966066028;57,3992673992674;76,5051178495339;58,2844805475423;18,9266306187629
"whiten_unknowns_are_present";"r2";0,983547924384931;56,909260330313;77,1208582590723;57,8457050219929;18,4297378914884
"whiten_unknowns_are_present";"r2";0,987162331457637;59,7230255124992;78,6623120730111;60,6005214149167;18,7103096336055
"whiten_unknowns_are_present";"r2";0,980316428311773;60,1143885354412;76,0409515179336;60,8522987894563;19,0097115269668
"whiten_unknowns_are_present";"r2";0,987787388099349;56,2226078015552;79,7395926553002;57,3121978333889;16,6107438883177
"whiten_unknowns_are_present";"r2";0,982228523798691;58,0525030525031;75,9502959072439;58,8817444202903;19,9787043110755
"whiten_unknowns_are_present";"r2";0,9896652209517;63,1877771351456;79,9700367557358;63,9653335654432;16,8377572995268
"whiten_unknowns_are_present";"r2";0,984705199465216;60,7322794164899;75,561945636221;61,4193681988713;22,6731554590471
"whiten_unknowns_are_present";"r2";0,975425248753904;49,5617248248827;72,6117200542819;50,6296782718047;22,8889080245672
"whiten_unknowns_are_present";"r2";0,986002279302332;62,3012659854765;72,5695401343313;62,7770161390914;22,3039147095243
"whiten_unknowns_are_present";"r2";0,989779421240922;64,0701111753743;77,0905881282054;64,6733765168182;21,1797410736477
"whiten_unknowns_are_present";"r2";0,989807960038634;62,0381080907397;75,3644793288868;62,6555461403835;20,7974633271734
"whiten_unknowns_are_present";"r2";0,980580597651234;61,0667694878221;75,5875537900261;61,7395471388895;19,7600273029736
"whiten_unknowns_are_present";"r2";0,982377708747813;58,558575926997;71,4195357072595;59,1544505114107;24,0757974823397
"whiten_unknowns_are_present";"r2";0,974394583792725;54,665188612557;75,9622398929731;55,6519245792172;21,0738753406714
"whiten_unknowns_are_present";"r2";0,985425771635857;62,4240087397982;79,0412500692765;63,1939195349864;17,9164186022956
"whiten_unknowns_are_present";"r2";0,98033020459939;54,4679005205321;72,4797804536722;55,3024277761216;24,9986654701479
"whiten_unknowns_are_present";"r2";0,986254406937985;64,709530235846;76,7327543198174;65,2665908111652;20,7556079350469
"whiten_unknowns_are_present";"r2";0,983414806144722;55,609857978279;75,3753030501752;56,5256314951236;21,319034571698
"whiten_unknowns_are_present";"r2";0,975357817607705;53,2353319195425;72,9088375668725;54,1468456947083;22,2654184989014
"whiten_unknowns_are_present";"r2";0,986171385110485;65,7618404986826;74,5448965798497;66,1687774599722;23,1810725853614
"whiten_unknowns_are_present";"r2";0,97579774241707;50,1860420281473;74,647332258692;51,3193836604505;20,9002075572181
"whiten_unknowns_are_present";"r2";0,98461025955491;57,0069404279931;72,4098032150035;57,720586580287;23,470428147378
"whiten_unknowns_are_present";"r2";0,980566184707979;58,4033802454855;73,5268701728634;59,104082481503;22,6013995021711
"whiten_unknowns_are_present";"r2";0,986448336879287;57,4988753936122;76,7506126415973;58,3908477757583;21,8648124566564
"whiten_unknowns_are_present";"r2";0,992737138872213;61,1130390077758;79,9039249248115;61,9836592047041;20,349171134574
"whiten_unknowns_are_present";"r2";0,985210042177996;61,1875843454791;76,8857901318473;61,9149143433031;18,8824213239759
"whiten_unknowns_are_present";"r2";0,974529159719154;52,2694556905083;71,2867025502362;53,1505636531212;25,6385928935995
"whiten_unknowns_are_present";"r2";0,985927150736097;62,9769937664675;79,1768670926812;63,7275670479909;17,1162640000473
"whiten_unknowns_are_present";"r2";0,988695039775529;63,8618983355825;72,8562727687834;64,2786261085494;24,6540272293536
"whiten_unknowns_are_present";"r2";0,983521739239535;55,7560568086884;75,7239390925452;56,6812096558169;19,3993287750908
"whiten_unknowns_are_present";"r2";0,987068487949264;60,320994794679;78,1066372845998;61,1450400065672;20,2478674961744
"whiten_unknowns_are_present";"r2";0,990762536302848;59,0990296253454;78,4598670763419;59,9960568431522;19,7845746916984
"whiten_unknowns_are_present";"r2";0,981859252641582;58,1816721290405;73,818502146081;58,9061584618764;22,5288477755067
"whiten_unknowns_are_present";"r2";0,986503808024578;55,2152817942292;74,3476983808399;56,101725805964;23,1128602266252
"whiten_unknowns_are_present";"r2";0,980829326430775;59,7827903091061;75,1417177435933;60,4944008466113;19,9551958385673
"whiten_unknowns_are_present";"r2";0,988228968347925;56,4680933101986;75,8974339378218;57,3682944203587;19,6819045860977
"whiten_unknowns_are_present";"r2";0,982731216969112;58,9595784332626;76,3092748202509;59,7634253701115;19,7167947376387
"whiten_unknowns_are_present";"r2";0,978503368269398;63,7044534412955;76,0517187416164;64,2765275092641;21,4793864392469
"whiten_unknowns_are_present";"r2";0,98385871718226;61,4465651307757;75,9598739487913;62,1189964273632;19,9268128157312
"whiten_unknowns_are_present";"r2";0,98316495526076;59,4258081100186;75,5781776163277;60,1741804423573;22,1538349102821
"whiten_unknowns_are_present";"r2";0,984221909159973;54,0270548165285;76,7842659495473;55,0814429771317;20,4258724828231
"whiten_unknowns_are_present";"r2";0,982357072688677;56,1262129683182;77,9811033035671;57,1387947599128;18,4010769489753
"whiten_unknowns_are_present";"r2";0,978326582950517;57,1059057901163;74,9719813552934;57,9336776309739;23,5312295686028
"whiten_unknowns_are_present";"r2";0,984981656029303;57,7327935222672;78,0038451767991;58,6719928267243;17,5484842159069
"whiten_unknowns_are_present";"r2";0,976635253374281;58,9730737099158;73,399873077729;59,6414968466485;23,7074786309268
"whiten_unknowns_are_present";"r2";0,982310779847354;62,9808495597969;74,0978902850173;63,4959248057531;22,4852980209266
"whiten_unknowns_are_present";"r2";0,990892322287748;60,8209626630679;78,7472199424459;61,6515228458963;18,5702272008005
"whiten_unknowns_are_present";"r2";0,981100410810205;57,1949103528051;76,3648074124417;58,0830909115527;19,5153838114399
"whiten_unknowns_are_present";"r2";0,982611957378697;62,1309684467579;74,0038567964825;62,6810636598726;21,6615359173173
"whiten_unknowns_are_present";"r2";0,984080773663407;58,90559732665;74,3595982062521;59,6216128114192;23,250611125475
"whiten_unknowns_are_present";"r2";0,984800684203578;61,8196131354026;74,4931655285449;62,4068047520733;21,3202086752932
"whiten_unknowns_are_present";"r2";0,985242633095305;56,3549900392006;77,14082562239;57,3180403364912;20,2722304705784
"whiten_unknowns_are_present";"r2";0,983010265231171;55,6901870059765;78,4395922744175;56,7442135049004;17,3942370588582
"whiten_unknowns_are_present";"r2";0,98130132931411;57,6515005462374;73,862664533061;58,4025969471713;22,2596196807197
"whiten_unknowns_are_present";"r2";0,98340313804652;58,5730351519825;74,0558890763494;59,2903874573586;22,0278504968283
"whiten_unknowns_are_present";"r2";0,985277645842879;57,2495340916394;77,8087652929938;58,2020853442118;19,7899929536326
"whiten_unknowns_are_present";"r2";0,985589123792492;62,505301715828;78,6246233124963;63,252142870886;17,4267786460144
"whiten_unknowns_are_present";"r2";0,988102140218896;61,776235460446;75,6373804276618;62,4184506712822;20,5909953173727
"whiten_unknowns_are_present";"r2";0,986964378486976;59,8942869995502;78,1458064093401;60,7399172424748;19,6850518495858
"whiten_unknowns_are_present";"r2";0,982876904646507;56,8025833815307;72,207948476171;57,5163454708577;24,5268963367813
"whiten_unknowns_are_present";"r2";0,984624706361087;60,6956493798599;76,2403264617672;61,4158660786355;20,3219815113872
"whiten_unknowns_are_present";"r2";0,987476252632639;58,0971659919028;80,4522515468807;59,1329228515929;18,7545813232121
"whiten_unknowns_are_present";"r2";0,993261324458409;58,439367649894;79,8496042849197;59,4313477256481;18,2484324894443
"whiten_unknowns_are_present";"r2";0,981211040167197;55,8042542253069;75,9076269945835;56,7356846238834;21,6113733548648
"whiten_unknowns_are_present";"r2";0,982880533344871;56,6027247606195;75,4231383335177;57,4747130342673;22,5199892536651
"whiten_unknowns_are_present";"r2";0,981687160244787;63,0814215024741;71,65504207043;63,478654887862;24,9196613335807
"whiten_unknowns_are_present";"r2";0,982475229826758;56,1885482938114;71,9792888113434;56,9201656150871;24,9005870065358
"whiten_unknowns_are_present";"r2";0,982248764734113;59,3130261551314;73,6906581112677;59,9791712650682;22,9424211659767
"whiten_unknowns_are_present";"r2";0,983254957338627;60,6548422337896;73,1108956363645;61,2319566771521;23,2692943954
"whiten_unknowns_are_present";"r2";0,98516326150249;56,3964398174924;75,1660656447528;57,2660749909562;21,6562934161486
"whiten_unknowns_are_present";"r2";0,985589699611233;60,4186748923591;74,9661712099905;61,0926901657629;21,6279928373848
"whiten_unknowns_are_present";"r2";0,979416007741296;53,9017415333205;77,4687283959449;54,9936482605463;18,6203958344992
"whiten_unknowns_are_present";"r2";0,982728675247431;49,0328385065227;69,1220424731721;49,9636124354794;29,3785168435425
"whiten_unknowns_are_present";"r2";0,989398144508569;62,3321123321123;78,5264045575214;63,0824270298147;19,8808494907291
"whiten_unknowns_are_present";"r2";0,982834167152446;53,324657798342;74,5164272791084;54,3065158437829;23,5258225795084
"whiten_unknowns_are_present";"r2";0,987169967565357;64,3262001156738;77,6528749304751;64,9436522306453;19,5702920310662
"whiten_unknowns_are_present";"r2";0,978134556822074;52,1026926290084;75,1201516388004;53,1691386062961;21,2184211049106
"whiten_unknowns_are_present";"r2";0,990686153111896;58,4512563459932;77,3363882888606;59,3262431541569;19,1724956506091
"whiten_unknowns_are_present";"r2";0,988682216431154;61,2100764732344;80,1178813569052;62,0861137651419;17,2856509998628
"whiten_unknowns_are_present";"r2";0,980111419880636;55,195681511471;75,8350744366303;56,1519468207448;19,4340845017939
"whiten_unknowns_are_present";"r2";0,985991133844637;59,1584731058415;72,341867480188;59,7692867448074;23,6922925687501
"whiten_unknowns_are_present";"r2";0,990076778354313;61,7482809588073;74,456088802423;62,3370597005964;22,8232050792223
"whiten_unknowns_are_present";"r2";0,986124920065577;58,64115416747;77,7156356281463;59,5249139262658;18,1453431314967
"whiten_unknowns_are_present";"r2";0,989882905461136;61,3752329541803;80,1099348734685;62,2432500315219;16,0130626856682
"whiten_unknowns_are_present";"r2";0,984392063746087;61,493477282951;76,1968651198191;62,1747153294468;20,8732655850466
"whiten_unknowns_are_present";"r2";0,986720479344828;62,7780990938886;75,0997330122437;63,3489856074803;22,7203028054439
"whiten_unknowns_are_present";"r2";0,987670059504389;57,0609215346057;75,8863828185013;57,9331436790333;21,2515340106994
"whiten_unknowns_are_present";"r2";0,981595048070998;60,7399910031489;73,543096715731;61,3331850902183;23,1541326086074
"whiten_unknowns_are_present";"r2";0,970260039176294;51,1641282693914;69,7599455381851;52,0257105366714;26,7522475723315
"whiten_unknowns_are_present";"r2";0,985838043444445;65,1609793715057;77,3234934763068;65,7244935385235;19,8412504472915
"whiten_unknowns_are_present";"r2";0,987413049330647;51,0108604845447;74,3047566126211;52,0901143592046;22,6282111519089
"whiten_unknowns_are_present";"r2";0,975228721796574;56,3880855986119;74,4129593528571;57,2232148845229;22,3897549177808
"whiten_unknowns_are_present";"r2";0,980530569394325;54,4277360066834;74,7573956386829;55,3696507386679;20,8103911866949
"whiten_unknowns_are_present";"r2";0,984057294010122;61,5265728423623;74,4737174353543;62,1264405455125;21,4163487170757
"whiten_unknowns_are_present";"r2";0,983350551223376;57,3346828609987;79,9062809053218;58,3804711873766;16,8402371716724
"whiten_unknowns_are_present";"r2";0,985655239595659;61,6942998521946;70,2527415552778;62,090829969712;26,5896644394548
"whiten_unknowns_are_present";"r2";0,988919211640541;62,1071910545595;76,9128280587147;62,7931665142114;20,4679508256411
"whiten_unknowns_are_present";"r2";0,990583345658445;65,3405950774372;76,8264529351486;65,872758375864;20,9451605187233
"whiten_unknowns_are_present";"r2";0,986181151110983;62,8240472977315;76,8996589277919;63,4761991879274;19,6138079255175
"whiten_unknowns_are_present";"r2";0,980565957084279;55,9658762290341;75,3692924170333;56,8648762068565;21,7583736391493
"whiten_unknowns_are_present";"r2";0,98279825971416;56,9690251269199;77,5524011565145;57,922695058793;19,7967316148993
"whiten_unknowns_are_present";"r2";0,978714802389977;57,5425743846796;75,8055991086682;58,3887376923548;21,8842773202443
"whiten_unknowns_are_present";"r2";0,985649031282854;62,2842362316047;75,2511377353662;62,88501931286;20,3220729578666
"whiten_unknowns_are_present";"r2";0,981595669103711;60,8485958485958;74,193323959202;61,466884409705;21,4079896918262
"whiten_unknowns_are_present";"r2";0,984360949778072;57,517511728038;77,4925518933405;58,4429962144613;20,7283662867593
"whiten_unknowns_are_present";"r2";0,988087338338518;62,7347214189319;74,8872767337175;63,2977741748293;23,8738041991556
"whiten_unknowns_are_present";"r2";0,9801457481497;55,597647966069;78,6049936652025;56,6636253729787;19,6639000674274
"whiten_unknowns_are_present";"r2";0,988826763944174;63,4567187198766;73,7951083009693;63,9357174649466;23,5369118796028
"whiten_unknowns_are_present";"r2";0,989360994569701;56,7328577854894;76,9360231824;57,668911780713;19,5804900032156
"whiten_unknowns_are_present";"r2";0,987080811620774;59,0903540903541;74,5297703740798;59,8056938409514;23,1192020143499
"whiten_unknowns_are_present";"r2";0,978904901468803;53,2613585245164;75,5313911405131;54,293174707497;20,9232275178255
"whiten_unknowns_are_present";"r2";0,987093571547595;63,803097487308;73,7116200753243;64,2621796149381;23,0542477613191
"whiten_unknowns_are_present";"r2";0,985506656003683;63,1562881562882;74,6338510247291;63,6880671308877;21,580942726074
"whiten_unknowns_are_present";"r2";0,987511251110395;63,028083028083;76,7839192634589;63,6654190698765;19,7559395426249
"whiten_unknowns_are_present";"r2";0,986081617343148;54,0794293425872;76,6777961153494;55,1264579189314;20,1835899243159
"whiten_unknowns_are_present";"r2";0,98933364379444;68,7224471434998;77,2217173593985;69,1162357249314;19,0839525656693
"whiten_unknowns_are_present";"r2";0,986203458841465;64,6770773086563;76,2738830862232;65,2143810512462;20,3447735083458
"whiten_unknowns_are_present";"r2";0,983681559658726;55,6381337960285;76,3989654176142;56,6000256086117;19,5371529755519
"whiten_unknowns_are_present";"r2";0,982258969588083;58,3477925583189;78,1918887765009;59,2672101437173;17,3512780558923
"whiten_unknowns_are_present";"r2";0,988271519166696;59,6009253903991;74,8553488245517;60,3076940437189;22,8201663815385
"whiten_unknowns_are_present";"r2";0,985075332170565;58,9142728616413;78,7767690181373;59,8345429538342;17,5042625108937
"whiten_unknowns_are_present";"r2";0,977068064207095;58,4830666409614;73,9604503513284;59,200165500129;23,651525241064
"whiten_unknowns_are_present";"r2";0,98329596583831;57,9377932009511;74,6552349682145;58,7123464874652;21,5269018974685
"whiten_unknowns_are_present";"r2";0,987024543240651;59,691215217531;76,0257741689967;60,4480287596839;21,8060572114739
"whiten_unknowns_are_present";"r2";0,970989465684169;52,7353640511535;74,1522306314506;53,7276513058391;22,1913635866354
"whiten_unknowns_are_present";"r2";0,986656485974011;56,0535955272797;76,1875324164327;56,9864420240745;21,8426045844039
"whiten_unknowns_are_present";"r2";0,979022603276868;55,1728680676049;77,0416371068545;56,1860928879562;18,6444421861398
"whiten_unknowns_are_present";"r2";0,986901457840234;62,6286871023713;78,6084044424837;63,3690601065464;18,6129118250042
"whiten_unknowns_are_present";"r2";0,977729657991821;56,5368549579076;75,1002822561859;57,396936531573;21,9558425535338
"whiten_unknowns_are_present";"r2";0,978230630226143;56,3026155131418;74,0536566067257;57,1250575715318;22,6080869513342
"whiten_unknowns_are_present";"r2";0,974275064597794;51,8976929503245;71,5965337076803;52,8103805529819;23,3682382070508
"whiten_unknowns_are_present";"r2";0,98569597376235;59,489428699955;76,5223500332196;60,2785988003379;20,5044599950888
"whiten_unknowns_are_present";"r2";0,987921713844517;57,4754193175246;78,8641454216902;58,4664027663662;18,7233745978559
"whiten_unknowns_are_present";"r2";0,977325637974568;61,9282179808496;70,7346072039167;62,3362360143507;27,0700069713104
"whiten_unknowns_are_present";"r2";0,978009570390803;56,5407107512371;75,8223379388128;57,4340679954491;20,1505724014948
"whiten_unknowns_are_present";"r2";0,98440341455536;59,6571557097873;72,5989346489133;60,256774811214;24,848149278956
"whiten_unknowns_are_present";"r2";0,987067483577644;62,0699183857079;76,4688285018635;62,7370493563405;20,0960936663118
"whiten_unknowns_are_present";"r2";0,980590599054482;57,7964141122036;73,4991885541758;58,5239557851907;22,3443324162758
"whiten_unknowns_are_present";"r2";0,983975920929307;57,1669558511664;75,080547120935;57,9969291918506;21,1130704217227
"whiten_unknowns_are_present";"r2";0,983548515319513;63,6694299852195;78,0770412885716;64,3369640996605;18,8049944748543
"whiten_unknowns_are_present";"r2";0,985071197826135;53,9303386671808;73,724792269869;54,8474562086181;21,9509618413779
"whiten_unknowns_are_present";"r2";0,986299113614977;54,7757213546687;73,2348845307072;55,6309721581917;24,4037780394797
"whiten_unknowns_are_present";"r2";0,984248299321796;59,5900006426322;75,4584293268223;60,3252174156449;21,0741292452057
"whiten_unknowns_are_present";"r2";0,972084792197374;60,3290276974487;71,3861247566491;60,8413256306936;26,1792394683464
"whiten_unknowns_are_present";"r2";0,987469475500079;62,5637812479918;72,9183421642927;63,0435292441138;24,4002983035831
"whiten_unknowns_are_present";"r2";0,981932665950363;54,9402352033931;74,3340562101219;55,8387906168323;21,4527541077575
"whiten_unknowns_are_present";"r2";0,984155629512833;57,2954822954823;73,836676876532;58,0618696891989;24,0135755372032
"whiten_unknowns_are_present";"r2";0,986298793137934;57,4953409163935;74,1654318062033;58,2677003398596;24,033184101864
"whiten_unknowns_are_present";"r2";0,983440781558721;63,1524323629587;77,7545705376055;63,8289793054134;19,1457166473655
"whiten_unknowns_are_present";"r2";0,981123069216254;56,5824818456397;78,634278165395;57,6041866944315;18,9892018316706
"whiten_unknowns_are_present";"r2";0,987195953882986;62,7302229933809;77,7323607409925;63,425302734583;18,5744727171839
"whiten_unknowns_are_present";"r2";0,982566956459055;59,5716856243172;74,5154930952032;60,2640628044355;22,14695959693
"whiten_unknowns_are_present";"r2";0,985124637480101;50,163549900392;77,8535827982759;51,4464857875526;17,4127915934785
"whiten_unknowns_are_present";"r2";0,985501674720935;64,8907525223315;78,8754870330957;65,5386938896256;17,3661312465
"whiten_unknowns_are_present";"r2";0,981008521427717;58,3477925583189;74,493655818464;59,0958634429588;23,3536106883322
"whiten_unknowns_are_present";"r2";0,987158822743844;60,1195295932138;73,5927787559288;60,7437727976639;22,8431248261742
"whiten_unknowns_are_present";"r2";0,979448621711767;56,7270740954951;75,0545215141336;57,5762222384436;20,4909328019909
"whiten_unknowns_are_present";"r2";0,974793472802;50,7605552342394;75,3655239135844;51,9005537830894;21,160736181742
"whiten_unknowns_are_present";"r2";0,989236004307793;62,2357174988754;77,3229583360658;62,9347402403668;17,5704704664213
"whiten_unknowns_are_present";"r2";0,982138796628462;49,4396247027826;71,8655031582355;50,4786615424175;25,9347833063651
"whiten_unknowns_are_present";"r2";0,972020904575775;50,3830088040614;72,5030187440673;51,4078741294671;23,0678280481478
"whiten_unknowns_are_present";"r2";0,980802125223239;50,4331341173447;73,3044836466618;51,4928105434134;24,1113464007501
"whiten_unknowns_are_present";"r2";0,984218581506932;59,7808624124414;76,5222665426203;60,5565259242643;19,1659960662714
"whiten_unknowns_are_present";"r2";0,98264463578846;52,2280059122164;75,8360697273741;53,3218158187102;20,6202786548378
"whiten_unknowns_are_present";"r2";0,980846690255596;56,1583445793972;75,6257403477139;57,0603088620991;20,7930097599444
"whiten_unknowns_are_present";"r2";0,983778559580152;54,5948203842941;74,0297061484189;55,4952784119755;22,0899208244416
"whiten_unknowns_are_present";"r2";0,98379236665657;56,0330312961892;77,5173468349086;57,0284435991414;18,2181424223466
"whiten_unknowns_are_present";"r2";0,986819622065174;63,4557547715442;72,5220066039546;63,8758127715015;24,5090151393571
"whiten_unknowns_are_present";"r2";0,982624332048261;54,6722575669944;71,9293224063045;55,4718126946845;25,3847967581722
"whiten_unknowns_are_present";"r2";0,988179161594693;61,0262836578626;80,8153756232401;61,9431527836716;16,5600003262501
"whiten_unknowns_are_present";"r2";0,981466032928792;62,0140093824304;69,556488525052;62,3634678755249;28,0313798061174
"whiten_unknowns_are_present";"r2";0,986182867959097;58,5132703553756;77,9689437326905;59,4146915157145;19,2759440033495
"whiten_unknowns_are_present";"r2";0,979931827185635;55,0430563588458;76,7127841136792;56,0470591891856;20,9911370702293
"whiten_unknowns_are_present";"r2";0,978145219700093;55,6956493798599;73,4856713571547;56,5198975023601;24,0159954557507
"whiten_unknowns_are_present";"r2";0,985538178541753;59,0456911509543;75,4602264861216;59,8062101626223;19,2663693051485
"whiten_unknowns_are_present";"r2";0,983967745087996;62,7629972366814;76,9897694345691;63,4221527053094;19,7779976976548
"whiten_unknowns_are_present";"r2";0,986359950421339;61,0873337189127;78,9441349358229;61,9146758602367;17,024055142934
"whiten_unknowns_are_present";"r2";0,984504193936236;62,991452991453;76,5103059967723;63,6178091152516;19,117048635683
"whiten_unknowns_are_present";"r2";0,973702507304831;57,1161879056616;70,0337732308107;57,7146860674446;26,7207296363026
"whiten_unknowns_are_present";"r2";0,98833433334748;59,9447336289442;78,1546213054099;60,7884349884715;18,9329445235283
"whiten_unknowns_are_present";"r2";0,981919794705392;55,6554848660112;75,3756980366102;56,5691626963092;19,6215010831114
"whiten_unknowns_are_present";"r2";0,9819796909466;57,858428121586;77,5695926299081;58,7716867088442;19,7084449487521
"whiten_unknowns_are_present";"r2";0,984594787800966;66,352740826425;71,1662715422306;66,5757615545705;28,1146409565558
"whiten_unknowns_are_present";"r2";0,978528850879926;57,3767752715121;77,6607664343172;58,316574089866;19,0804817532341
"whiten_unknowns_are_present";"r2";0,982365918214583;58,0142664353191;70,7733032888617;58,6054187219697;25,7476811240143
"whiten_unknowns_are_present";"r2";0,988237495418767;60,3884711779449;81,9547103381289;61,3876791699225;14,3122420367922
"whiten_unknowns_are_present";"r2";0,981469959884197;57,5020885547201;76,6414248778912;58,3888531720099;19,3904772042491
"whiten_unknowns_are_present";"r2";0,985549834657973;58,4528629265471;79,1857791966488;59,4134613637719;17,7228188991517
"whiten_unknowns_are_present";"r2";0,993331659522301;60,6005398110661;76,9375381296737;61,3574663740904;19,3278356805988
"whiten_unknowns_are_present";"r2";0,981229446046211;56,6695585116638;77,6569113766471;57,6419455169912;19,9337705928246
"whiten_unknowns_are_present";"r2";0,985466208890963;62,5470728102307;73,2323298287706;63,0421426334835;23,748506503832
"whiten_unknowns_are_present";"r2";0,97925514384174;61,09440267335;71,7795099938109;61,5894655607845;23,6038824260846
"whiten_unknowns_are_present";"r2";0,976681467921499;51,7437825332562;71,7425080918261;52,6703644124178;25,8744938674661
"whiten_unknowns_are_present";"r2";0,984006715370127;58,6549707602339;73,9960576705035;59,3657547097445;22,8580515776709
"whiten_unknowns_are_present";"r2";0,981680451884506;55,5693721483195;76,1178449798441;56,5214249436025;20,8161706702114
"whiten_unknowns_are_present";"r2";0,982065938395846;57,335646809331;71,9582520231497;58,0131420315929;25,0755426579583
"whiten_unknowns_are_present";"r2";0,979585825404541;53,118372855215;78,2883024785199;54,2845472006963;17,7050347049851
"whiten_unknowns_are_present";"r2";0,978106589602564;58,6790694685432;73,7905438354074;59,3792149990542;22,8883686641803
"whiten_unknowns_are_present";"r2";0,9816225981564;57,7967354283144;75,783114000079;58,6300811536471;20,0680609565972
"whiten_unknowns_are_present";"r2";0,988916950238823;57,3594242015295;75,6890852587783;58,2086749068846;20,447869058236
"whiten_unknowns_are_present";"r2";0,980964108998691;52,9371505687295;73,7510617520208;53,9015016660249;22,4024533276153
"whiten_unknowns_are_present";"r2";0,98628157286014;61,1599511599512;77,2135194105569;61,9037458279329;20,0709585706474
"whiten_unknowns_are_present";"r2";0,985753516131524;60,0761519182572;79,3577563346319;60,9695081074328;16,840871564164
"whiten_unknowns_are_present";"r2";0,986706539280901;59,1832144463723;75,4261074248286;59,9357809164166;20,1947262013284
"whiten_unknowns_are_present";"r2";0,985765798890426;54,1861062913694;80,1344859396863;55,3883478194768;15,3974838785946
"whiten_unknowns_are_present";"r2";0,988709666599222;57,4207955786903;76,4511263420044;58,3025097453303;19,3667699748094
