"matrix_id";"baseline";"ceof_cor";"stat_nodf_columns";"stat_nodf_rows";"stat_nodf_general";"stat_temp"
"vanschaik2009_unk_absent";"swap";0,975160798999112;48,249299719888;49,3141880878225;48,2971598712558;41,4404960533422
"vanschaik2009_unk_absent";"swap";0,975450580249479;48,5742296918768;49,8707743586945;48,6325013622955;40,7786557638169
"vanschaik2009_unk_absent";"swap";0,97816908908106;48,8543417366947;50,394108692428;48,9235447459411;40,5849025673062
"vanschaik2009_unk_absent";"swap";0,975950664117115;48,952380952381;50,1937881796075;49,0081745356271;40,5733773066635
"vanschaik2009_unk_absent";"swap";0,976935167367543;48,2380952380952;49,7342293560781;48,3053372209259;42,4189535807673
"vanschaik2009_unk_absent";"swap";0,980576685438892;48,3333333333333;49,7113355831843;48,3952660187199;43,1922762232201
"vanschaik2009_unk_absent";"swap";0,981094921127556;48,6694677871148;49,737596087386;48,7174735534192;43,2495731858026
"vanschaik2009_unk_absent";"swap";0,980999885202654;48,5770308123249;49,5985500843694;48,6229417908438;44,0454348825817
"vanschaik2009_unk_absent";"swap";0,980999885202654;48,5770308123249;49,5985500843694;48,6229417908438;43,7935210319876
"vanschaik2009_unk_absent";"swap";0,980999885202654;48,5770308123249;49,5985500843694;48,6229417908438;43,0971393936481
"vanschaik2009_unk_absent";"swap";0,978768036908672;48,4089635854342;49,2076725795213;48,4448606188763;44,2386932590449
"vanschaik2009_unk_absent";"swap";0,977847303817985;48,156862745098;48,9746947730141;48,1936192407347;43,4758981196601
"vanschaik2009_unk_absent";"swap";0,980479704409513;48,156862745098;49,0622297870197;48,1975533986676;44,3587448802215
"vanschaik2009_unk_absent";"swap";0,980094953009016;48,7170868347339;49,1137407760307;48,734913978163;44,120784396332
"vanschaik2009_unk_absent";"swap";0,983061964054023;49,0616246498599;49,5732995995601;49,0846212768128;43,6626117779946
"vanschaik2009_unk_absent";"swap";0,982679119055588;49,4117647058824;49,935559888291;49,4353060623951;43,7428575338352
"vanschaik2009_unk_absent";"swap";0,984133510558987;49,6218487394958;50,3264373931391;49,6535156452775;43,1541008217504
"vanschaik2009_unk_absent";"swap";0,983943008522638;49,6218487394958;50,3264373931391;49,6535156452775;44,0198742000574
"vanschaik2009_unk_absent";"swap";0,98500887016901;49,593837535014;50,6011626678644;49,6391105746927;43,844003951173
"vanschaik2009_unk_absent";"swap";0,98500887016901;49,6778711484594;50,6011626678644;49,7193673965225;42,8463507275376
"vanschaik2009_unk_absent";"swap";0,984876392032747;49,6946778711485;50,5741063908081;49,7342027484365;43,7375076213967
"vanschaik2009_unk_absent";"swap";0,984291216999081;49,8487394957983;50,6755674297691;49,8859003018195;43,5443816339604
"vanschaik2009_unk_absent";"swap";0,985627804600528;49,6946778711485;50,3377618529929;49,7235805220179;42,9477089892705
"vanschaik2009_unk_absent";"swap";0,985451634237224;49,2745098039216;50,3148680800992;49,3212674792554;42,3536069502457
"vanschaik2009_unk_absent";"swap";0,984724270723721;49,484593837535;50,431020310222;49,5271298587794;41,8115549059445
"vanschaik2009_unk_absent";"swap";0,983170493135665;49,5098039215686;50,108006489309;49,5366894302311;43,7013858539555
"vanschaik2009_unk_absent";"swap";0,980527634370008;49,4733893557423;50,4826318639344;49,5187485695936;42,971850205295
"vanschaik2009_unk_absent";"swap";0,984052610272005;49,4733893557423;50,5972231549963;49,5238987399784;42,9901204747106
"vanschaik2009_unk_absent";"swap";0,985702316816352;49,0532212885154;50,5972231549963;49,1226146308291;42,5158977178794
"vanschaik2009_unk_absent";"swap";0,985702316816352;49,0532212885154;50,5972231549963;49,1226146308292;42,885083258196
"vanschaik2009_unk_absent";"swap";0,983614183668411;48,9551820728291;50,1720530869691;49,0098729049253;43,2865108938409
"vanschaik2009_unk_absent";"swap";0,983614183668411;48,9551820728291;50,1720530869691;49,0098729049253;44,0121094097872
"vanschaik2009_unk_absent";"swap";0,987670341840322;48,9551820728291;50,4696721345881;49,0232490418969;42,5986399185764
"vanschaik2009_unk_absent";"swap";0,985971058341738;48,8151260504202;50,3535199044653;48,8842673472312;43,1310471578977
"vanschaik2009_unk_absent";"swap";0,985686454256521;48,8487394957983;49,9683658428406;48,8990597810586;43,0860688600014
"vanschaik2009_unk_absent";"swap";0,985314321556422;48,8487394957983;49,9683658428406;48,8990597810586;43,5267957186921
"vanschaik2009_unk_absent";"swap";0,982902057156041;48,4285714285714;49,4450315091071;48,4742550276966;43,5513829597834
"vanschaik2009_unk_absent";"swap";0,982722013880988;48,6834733893557;49,336806400882;48,7128366707727;44,1668191034518
"vanschaik2009_unk_absent";"swap";0,982361712488903;48,6834733893557;49,3097501238258;48,7116206583207;43,3795825470197
"vanschaik2009_unk_absent";"swap";0,983986197826829;48,6834733893557;49,3743913649376;48,7145258826403;42,3471834437449
"vanschaik2009_unk_absent";"swap";0,98342293851901;48,7114845938375;49,1643073313241;48,7318361775448;42,609379752487
"vanschaik2009_unk_absent";"swap";0,983285730970038;48,812324929972;49,2158183203351;48,8304594643703;42,9732195760303
"vanschaik2009_unk_absent";"swap";0,983207702928025;48,8235294117647;49,1700307745476;48,8391025067212;42,0247865177826
"vanschaik2009_unk_absent";"swap";0,982833333554341;48,9075630252101;49,1700307745476;48,9193593285511;41,7933753236948
"vanschaik2009_unk_absent";"swap";0,979057686193168;48,9075630252101;48,8724117269285;48,9059831915795;41,9341814273967
"vanschaik2009_unk_absent";"swap";0,979404269613673;48,4873949579832;48,8724117269285;48,5046990824302;42,390726724359
"vanschaik2009_unk_absent";"swap";0,980237819604704;48,6442577030812;49,764376904608;48,6946001391049;41,8172543042884
"vanschaik2009_unk_absent";"swap";0,979802933621248;48,4481792717087;49,7185893588205;48,5052763542755;41,8487055497892
"vanschaik2009_unk_absent";"swap";0,982585943203764;48,4481792717087;49,7914331816643;48,5085502339539;42,1703049485752
"vanschaik2009_unk_absent";"swap";0,983075789047102;48,5210084033613;49,9304791846809;48,584355404769;43,2503781701538
"vanschaik2009_unk_absent";"swap";0,981829120916724;48,2605042016807;50,0074855116872;48,3390202156135;42,6813945488413
"vanschaik2009_unk_absent";"swap";0,980898321136035;48,2212885154062;50,1694252875976;48,3088452242687;42,7520585611598
"vanschaik2009_unk_absent";"swap";0,980971701565808;48,109243697479;50,1179142985866;48,1995210278658;42,9504169658064
"vanschaik2009_unk_absent";"swap";0,983288960782533;48,109243697479;50,3779483821501;48,2112079529698;42,3397347146473
"vanschaik2009_unk_absent";"swap";0,982841871531581;48,1988795518207;49,4859832044706;48,256726906996;42,9057402345344
"vanschaik2009_unk_absent";"swap";0,982145141874035;48,3669467787115;49,5359332544206;48,4194854967209;41,6545122129308
"vanschaik2009_unk_absent";"swap";0,981767540957571;48,4929971988796;49,4360331545206;48,5353808373353;41,8513632254276
"vanschaik2009_unk_absent";"swap";0,982145875124694;48,8291316526611;49,7565459750334;48,8708131952396;41,5404302329515
"vanschaik2009_unk_absent";"swap";0,977359487320408;49,109243697479;49,8676699700859;49,1433302715287;41,2795979719041
"vanschaik2009_unk_absent";"swap";0,977573930993839;49,5574229691877;49,8414094658843;49,5701864072415;42,6370400439112
"vanschaik2009_unk_absent";"swap";0,977746239246825;48,8851540616246;49,8545397179851;48,9287219562925;41,7195095985938
"vanschaik2009_unk_absent";"swap";0,97640447194835;49,109243697479;50,1292649927104;49,1550873511973;42,2964218621334
"vanschaik2009_unk_absent";"swap";0,976625798119009;49,109243697479;50,1292649927104;49,1550873511973;42,2914362785756
"vanschaik2009_unk_absent";"swap";0,977261478644316;49,6134453781513;50,216800006716;49,6405624401092;41,286885998353
"vanschaik2009_unk_absent";"swap";0,976954862212445;49,8375350140056;50,2299302588168;49,8551707553454;40,8928382423859
"vanschaik2009_unk_absent";"swap";0,97753954954709;49,5714285714286;50,3329522368388;49,6056543541436;40,9503240132934
"vanschaik2009_unk_absent";"swap";0,975822999170809;49,6386554621849;50,258547474934;49,6665157773646;41,1139636936104
"vanschaik2009_unk_absent";"swap";0,97568755335839;50,4425770308123;50,4686315085475;50,4437480185757;41,1496831943819
"vanschaik2009_unk_absent";"swap";0,975601544247157;50,2745098039216;50,3393490263238;50,2774239262767;41,3436446181149
"vanschaik2009_unk_absent";"swap";0,976318246314122;50,1036414565826;49,8397741963918;50,0917822538774;41,5793812517818
"vanschaik2009_unk_absent";"swap";0,977375050327818;50,0336134453782;49,8529044484927;50,0254916927091;41,6886841693817
"vanschaik2009_unk_absent";"swap";0,977700002307807;49,781512605042;49,8529044484927;49,7847212272196;41,9247134262563
"vanschaik2009_unk_absent";"swap";0,979380802238271;49,5994397759104;49,5913094258683;49,5990743669197;41,8202802991237
"vanschaik2009_unk_absent";"swap";0,978695696174074;49,8515406162465;49,6943314038902;49,8444750336687;41,3852857404522
"vanschaik2009_unk_absent";"swap";0,978501670130667;49,9775910364146;49,9690566786155;49,9772074697719;42,3089163483838
"vanschaik2009_unk_absent";"swap";0,978501670130667;49,6694677871148;49,9690566786155;49,6829324563958;42,5345667897927
"vanschaik2009_unk_absent";"swap";0,978392040511344;50,06162464986;49,9690566786155;50,0574642916018;41,4484277350558
"vanschaik2009_unk_absent";"swap";0,978367597224364;49,8515406162465;49,9961129556718;49,8580382494791;41,9242301888882
"vanschaik2009_unk_absent";"swap";0,978832255476165;49,9355742296919;50,0223734598735;49,9394753186888;41,9845294361791
"vanschaik2009_unk_absent";"swap";0,979375950556924;49,859943977591;49,7991591741592;49,8572120763132;42,1760975002553
"vanschaik2009_unk_absent";"swap";0,979375950556924;49,859943977591;49,7991591741592;49,8572120763132;42,3464547962077
"vanschaik2009_unk_absent";"swap";0,979349023709167;49,8319327731092;50,0092432077726;49,8399017814087;42,5597446115581
"vanschaik2009_unk_absent";"swap";0,979349023709167;49,8319327731092;50,0092432077726;49,8399017814087;42,1602339190196
"vanschaik2009_unk_absent";"swap";0,977496321103294;49,7983193277311;50,24472201468;49,8183823698412;42,2229431489091
"vanschaik2009_unk_absent";"swap";0,979253707038658;49,7983193277311;50,2578522667808;49,8189724935311;42,4969146229137
"vanschaik2009_unk_absent";"swap";0,982199041677687;49,8403361344538;50,609483303811;49,8749045465597;41,0934237504303
"vanschaik2009_unk_absent";"swap";0,982041727996543;50,078431372549;50,5579723148;50,0999837744479;41,959237068957
"vanschaik2009_unk_absent";"swap";0,983443188334708;50,0700280112045;50,4933310736882;50,0890528679453;42,7243928672377
"vanschaik2009_unk_absent";"swap";0,983476638528141;49,7899159663866;50,6650343703915;49,8292471306115;41,9912566347609
"vanschaik2009_unk_absent";"swap";0,981495114322391;49,3305322128852;50,3107012035584;49,3745847517918;43,9702881207561
"vanschaik2009_unk_absent";"swap";0,981665879915318;49,4565826330532;50,3107012035584;49,4949699845366;43,007929332352
"vanschaik2009_unk_absent";"swap";0,980100173961781;49,2044817927171;50,0743566657432;49,2435772926284;43,7777456824514
"vanschaik2009_unk_absent";"swap";0,980186945235529;49,3053221288515;50,0874869178441;49,3404756025141;43,49446638814
"vanschaik2009_unk_absent";"swap";0,980186945235529;48,96918767507;50,0874869178441;49,0194483151947;44,6506341712665
"vanschaik2009_unk_absent";"swap";0,978687704715704;49,0532212885154;49,9713346877212;49,0944848120752;44,0158626603887
"vanschaik2009_unk_absent";"swap";0,975345211233989;49,0280112044818;50,1332744636316;49,077685957702;43,3175177485897
"vanschaik2009_unk_absent";"swap";0,975345211233989;49,0280112044818;50,1332744636316;49,077685957702;43,5248778269645
"vanschaik2009_unk_absent";"swap";0,976861208516688;49,1540616246499;50,4595107273679;49,2127334944349;43,0060916360962
"vanschaik2009_unk_absent";"swap";0,975834258519487;48,9579831932773;50,343358497245;49,0202472518826;43,6896404258977
"vanschaik2009_unk_absent";"swap";0,977592293610798;48,9579831932773;50,4177632591498;49,0235912861255;43,1812885972081
"vanschaik2009_unk_absent";"swap";0,976094900097351;48,6358543417367;50,2051782251362;48,7063857522266;43,4426342742596
"vanschaik2009_unk_absent";"swap";0,976989574850649;48,5098039215686;50,4283925108505;48,5960326222105;43,3599616084769
"vanschaik2009_unk_absent";"swap";0,981124030891887;48,6218487394958;50,8030178854759;48,7198788134724;43,4563052935925
"vanschaik2009_unk_absent";"swap";0,981632092854613;48,9439775910364;50,8841867166447;49,0311780011761;42,8607897681941
"vanschaik2009_unk_absent";"swap";0,983463854640731;48,9439775910364;51,2552442305594;49,0478547433745;42,5535750247271
"vanschaik2009_unk_absent";"swap";0,985484851705732;49,0448179271709;51,3067552195703;49,1464780302001;42,102958448995
"vanschaik2009_unk_absent";"swap";0,984850759510298;49,0448179271709;51,2936249674695;49,1458879065101;42,1837422764359
"vanschaik2009_unk_absent";"swap";0,986612005274393;48,9747899159664;51,3180796794242;49,0801063098297;42,2309224018572
"vanschaik2009_unk_absent";"swap";0,983840631713051;48,9831932773109;51,3180796794242;49,0881319920126;42,4902580973482
"vanschaik2009_unk_absent";"swap";0,984548909347734;49,4873949579832;51,3695906684352;49,5719880236215;42,1273314790933
"vanschaik2009_unk_absent";"swap";0,983840631713051;49,2352941176471;51,1463763827209;49,3211854554032;42,7768099155406
"vanschaik2009_unk_absent";"swap";0,9838873051898;49,5714285714286;51,2004889368335;49,6446447676265;42,2092470830612
"vanschaik2009_unk_absent";"swap";0,98420525229947;49,5714285714286;51,2136191889343;49,6452348913165;42,4200474118017
"vanschaik2009_unk_absent";"swap";0,982935309509505;49,5714285714286;50,99040490322;49,6352027885877;42,7237255724991
"vanschaik2009_unk_absent";"swap";0,983458790122241;49,6554621848739;51,0166654074217;49,7166398577974;41,7177917249998
"vanschaik2009_unk_absent";"swap";0,981870772309074;49,6554621848739;51,0035351553209;49,7160497341075;41,5724416264587
"vanschaik2009_unk_absent";"swap";0,978696465373936;49,4733893557423;50,4628075006226;49,5178575869729;42,7782700104556
"vanschaik2009_unk_absent";"swap";0,978696465373936;49,4901960784314;50,4628075006226;49,5339089513389;42,6634813336869
"vanschaik2009_unk_absent";"swap";0,978696465373936;49,4817927170868;50,4628075006226;49,5258832691559;42,2931520973241
"vanschaik2009_unk_absent";"swap";0,978696716179334;49,2436974789916;50,3655089658241;49,2941159727818;43,2807643570877
"vanschaik2009_unk_absent";"swap";0,978107654281084;49,2577030812325;50,1554249322106;49,2980501307147;43,2817800607379
"vanschaik2009_unk_absent";"swap";0,975346025867443;49,2577030812325;50,2640479268631;49,3029320630586;42,9551684065156
"vanschaik2009_unk_absent";"swap";0,976357657211691;49,859943977591;50,6589655092806;49,895855057667;41,6376060663902
"vanschaik2009_unk_absent";"swap";0,976052529544295;49,859943977591;50,6458352571798;49,895264933977;41,1332514190622
"vanschaik2009_unk_absent";"swap";0,978753610700699;49,2072829131653;50,0281012754752;49,2441736260781;43,0249873002864
"vanschaik2009_unk_absent";"swap";0,977905405426733;49,2689075630252;49,9266402365142;49,2984685820584;42,9897527014551
"vanschaik2009_unk_absent";"swap";0,978650305250539;48,9411764705882;49,8104880063914;48,9802466519726;43,8676922484069
"vanschaik2009_unk_absent";"swap";0,979172033971371;49,3613445378151;49,9250792974532;49,3866809315067;41,9834243942371
"vanschaik2009_unk_absent";"swap";0,977902808165137;49,3613445378151;49,9250792974532;49,3866809315067;42,2114560580478
"vanschaik2009_unk_absent";"swap";0,978914880489447;48,7787114845938;49,701865011739;48,8202015307577;43,4450954675474
"vanschaik2009_unk_absent";"swap";0,976359451663047;48,9467787114846;49,9013197936517;48,9896794342786;42,9488976980781
"vanschaik2009_unk_absent";"swap";0,972118399688086;49,1988795518207;49,6781055079374;49,2204177970395;43,4871978875598
"vanschaik2009_unk_absent";"swap";0,975417080357561;49,1988795518207;49,765640521943;49,2243519549723;42,8192914639882
"vanschaik2009_unk_absent";"swap";0,975701389447016;49,1988795518207;49,765640521943;49,2243519549723;43,5465697018937
"vanschaik2009_unk_absent";"swap";0,97817357290967;49,3333333333333;50,2178668670265;49,3730876494544;43,5170680892568
"vanschaik2009_unk_absent";"swap";0,981683776437369;49,3333333333333;50,5057223938527;49,3860249765027;42,4614764069277
"vanschaik2009_unk_absent";"swap";0,982076136075912;49,3333333333333;50,5572333828636;49,3883400771324;42,6195335238148
"vanschaik2009_unk_absent";"swap";0,982041576745687;49,2072829131653;50,8188284054881;49,2797119240562;43,1253307717786
"vanschaik2009_unk_absent";"swap";0,977039818121752;49,0392156862745;50,9397159213336;49,124631427176;43,601633568994
"vanschaik2009_unk_absent";"swap";0,977562600618932;49,1736694677871;51,2267057172519;49,2659407598979;42,2788682878197
"vanschaik2009_unk_absent";"swap";0,977868609395394;49,3557422969188;51,5197643742812;49,4530017161261;41,9107780685427
"vanschaik2009_unk_absent";"swap";0,976894536338087;49,3837535014006;51,5197643742812;49,4797539900694;42,1797835160188
"vanschaik2009_unk_absent";"swap";0,974360434699017;49,3837535014006;51,4698143243311;49,4775090440042;41,9292341853024
"vanschaik2009_unk_absent";"swap";0,975133307227906;49,5518207282913;51,4698143243311;49,6380226876639;41,5882192233864
"vanschaik2009_unk_absent";"swap";0,979019395809536;49,4817927170868;51,4329945264819;49,5694871804304;41,5678851911405
"vanschaik2009_unk_absent";"swap";0,976383065091825;49,1176470588235;51,2800224985099;49,2148324718431;42,3221356954933
"vanschaik2009_unk_absent";"swap";0,978107654281084;48,6694677871148;51,0000940935815;48,7742150368437;42,385432802056
"vanschaik2009_unk_absent";"swap";0,979028325238013;48,8235294117647;51,0000940935815;48,9213525435318;42,1979179147318
"vanschaik2009_unk_absent";"swap";0,979602089199772;48,9495798319328;51,2101781271949;49,0511797553153;42,4567377346048
"vanschaik2009_unk_absent";"swap";0,979093655550799;48,9159663865546;51,3957068841523;49,0274153976826;42,473492562702
"vanschaik2009_unk_absent";"swap";0,980916760474102;48,8319327731092;51,1831218501387;48,9376041923016;41,565128488224
"vanschaik2009_unk_absent";"swap";0,980154044240769;48,5966386554622;51,2101781271949;48,71410110363;42,2293502921642
"vanschaik2009_unk_absent";"swap";0,980096286153987;48,4789915966387;51,2559656729825;48,6037994202946;40,9659005644844
"vanschaik2009_unk_absent";"swap";0,980394929079861;48,4789915966387;51,2559656729825;48,6037994202946;42,2204961982178
"vanschaik2009_unk_absent";"swap";0,980825226105236;48,4705882352941;51,3721179031053;48,6009940630609;42,4027483905244
"vanschaik2009_unk_absent";"swap";0,979883395193679;48,2044817927171;51,4465226650101;48,3501914948426;41,3732983744685
"vanschaik2009_unk_absent";"swap";0,979883395193679;48,2044817927171;51,4465226650101;48,3501914948426;41,3856572342701
"vanschaik2009_unk_absent";"swap";0,981690996470161;48,5406162464986;51,7711979896854;48,6858109315856;40,3573633126791
"vanschaik2009_unk_absent";"swap";0,979485300544066;48,5406162464986;51,6836629756798;48,6818767736528;40,4089117299376
"vanschaik2009_unk_absent";"swap";0,978890322056217;48,546218487395;52,1448570687016;48,7079550528469;40,5050567126419
"vanschaik2009_unk_absent";"swap";0,980062030549968;48,9103641456583;52,3812016065167;49,0663568405283;39,6949732355558
"vanschaik2009_unk_absent";"swap";0,978471892289776;49,0084033613445;52,3812016065167;49,1599897993298;39,2400032553513
"vanschaik2009_unk_absent";"swap";0,980810305489077;49,0980392156863;52,3812016065167;49,2455970759483;39,6662993616885
"vanschaik2009_unk_absent";"swap";0,981479878700311;49,8823529411765;52,509718922534;50,0004368055071;39,5273381170052
"vanschaik2009_unk_absent";"swap";0,981903282141768;49,8823529411765;52,509718922534;50,0004368055071;40,1420800954535
"vanschaik2009_unk_absent";"swap";0,980495745370308;50,1120448179272;52,775721302507;50,2317606149869;38,3499255420079
"vanschaik2009_unk_absent";"swap";0,983907570603473;50,0644257703081;52,7888515546079;50,1868718729733;38,9649003719444
"vanschaik2009_unk_absent";"swap";0,983995695228146;49,952380952381;52,5787675209944;50,0704207981613;38,9121761369185
"vanschaik2009_unk_absent";"swap";0,982304511129978;50,1904761904762;52,3424229831793;50,2871929002606;38,8350803943486
"vanschaik2009_unk_absent";"swap";0,981820079014254;49,9663865546218;52,5525070167927;50,0826166877531;37,9361971740591
"vanschaik2009_unk_absent";"swap";0,980964720312356;49,7198879551821;52,5525070167927;49,8471966770522;37,9665923076936
"vanschaik2009_unk_absent";"swap";0,981910685963766;49,9859943977591;52,6524071166928;50,1058331716438;37,3967424140321
"vanschaik2009_unk_absent";"swap";0,98325239357832;49,7226890756302;52,4291928309785;49,8443296938482;38,0094187185908
"vanschaik2009_unk_absent";"swap";0,982112918872213;49,7226890756302;52,3776818419676;49,8420145932184;37,8224447424112
"vanschaik2009_unk_absent";"swap";0,982377095114459;49,1120448179272;52,0977534370392;49,2462339693479;37,942804301421
"vanschaik2009_unk_absent";"swap";0,981702737580972;48,8991596638655;51,85464482996;49,0319904578473;38,2669723391112
"vanschaik2009_unk_absent";"swap";0,981702737580972;48,8991596638655;51,85464482996;49,0319904578473;37,9353393338909
"vanschaik2009_unk_absent";"swap";0,978072901639568;48,7899159663866;51,8415145778591;48,9270664657786;38,5590668019398
"vanschaik2009_unk_absent";"swap";0,9802990368163;48,5322128851541;52,0000876224616;48,6880724239095;39,3984342534298
"vanschaik2009_unk_absent";"swap";0,98229337362942;48,3921568627451;52,1293701046852;48,5601215028323;39,0595710130676
"vanschaik2009_unk_absent";"swap";0,98229337362942;48,8795518207283;52,1293701046852;49,0256110694455;41,7669360604017
"vanschaik2009_unk_absent";"swap";0,98229337362942;48,8795518207283;52,1293701046852;49,0256110694455;41,9128505922757
"vanschaik2009_unk_absent";"swap";0,983116837448853;49,1176470588235;52,3394541382987;49,2624473770022;42,3783324180514
"vanschaik2009_unk_absent";"swap";0,983377446298737;49,2577030812325;52,3894041882487;49,3984536927838;40,7805401624362
"vanschaik2009_unk_absent";"swap";0,982755050818651;49,2436974789916;52,1793201546353;49,3756355767733;42,2950203552372
"vanschaik2009_unk_absent";"swap";0,984403101677573;49,0056022408964;51,7032337410489;49,1268441060718;41,3366696305955
"vanschaik2009_unk_absent";"swap";0,984419843990445;49,3165266106443;51,7573462951614;49,4262263717461;41,7001923699792
"vanschaik2009_unk_absent";"swap";0,985723982252956;49,5966386554622;51,9061558189709;49,7004371796648;42,2375133380245
"vanschaik2009_unk_absent";"swap";0,98518596312643;49,3725490196078;51,6960717853575;49,4769770090797;43,0594576447564
"vanschaik2009_unk_absent";"swap";0,98384123021547;49,8487394957983;52,3138057670621;49,959528991136;38,9750311126218
"vanschaik2009_unk_absent";"swap";0,983511358880056;49,8487394957983;52,3138057670621;49,959528991136;38,5431704285952
"vanschaik2009_unk_absent";"swap";0,982852610407703;49,8487394957983;52,1037217334486;49,9500870120972;38,5313705000354
"vanschaik2009_unk_absent";"swap";0,978657618356846;49,6806722689076;52,016186719443;49,7856392105047;39,1513486463689
"vanschaik2009_unk_absent";"swap";0,97898523906067;49,6806722689076;52,2262707530565;49,7950811895435;38,5631672422509
"vanschaik2009_unk_absent";"swap";0,979423308208925;49,8207282913165;52,2394010051573;49,9294326829498;40,9676593449705
"vanschaik2009_unk_absent";"swap";0,979423308208925;49,9887955182073;52,2394010051573;50,0899463266095;39,7898397485514
"vanschaik2009_unk_absent";"swap";0,982901344811629;50,0588235294118;52,1649962432525;50,1534829772248;39,6475956308337
"vanschaik2009_unk_absent";"swap";0,983069677417866;50,1932773109244;52,2149462932026;50,2841388382178;40,4100014436173
"vanschaik2009_unk_absent";"swap";0,982901344811629;49,9271708683473;52,2149462932026;50,0299922357566;40,2025834134479
"vanschaik2009_unk_absent";"swap";0,982901344811629;50,0112044817927;52,2149462932026;50,1102490575864;39,1638420215463
"vanschaik2009_unk_absent";"swap";0,98334990509225;49,8291316526611;52,2877901160464;49,9396331566334;39,6112906392968
"vanschaik2009_unk_absent";"swap";0,985563146840188;50,0812324929972;52,2092228499792;50,1768725090413;39,3113382184617
"vanschaik2009_unk_absent";"swap";0,984948414969486;50,296918767507;52,0472830740688;50,3755868262289;39,0049795233369
"vanschaik2009_unk_absent";"swap";0,983554881050299;50,1008403361345;52,0604133261696;50,1889110323158;39,5175835203824
"vanschaik2009_unk_absent";"swap";0,985937773772774;50,03081232493;52,1765655562924;50,1272506724069;40,1052480437072
"vanschaik2009_unk_absent";"swap";0,985802199316107;50,1708683473389;52,2280765453034;50,2633271427531;38,7083471433325
"vanschaik2009_unk_absent";"swap";0,984831018543555;50,1708683473389;52,0048622595891;50,2532950400243;38,3251970730604
"vanschaik2009_unk_absent";"swap";0,983239048594401;50,2352941176471;51,5609609228307;50,2948746482171;38,8143929297329
"vanschaik2009_unk_absent";"swap";0,983723136463444;50,1848739495798;51,5609609228307;50,2467205551192;39,2846839172842
"vanschaik2009_unk_absent";"swap";0,982987909358895;50,4229691876751;51,4963196817188;50,4712096593175;39,0788602936206
"vanschaik2009_unk_absent";"swap";0,984934233120514;50,3249299719888;51,3546721136007;50,3712105176792;39,2682237601242
"vanschaik2009_unk_absent";"swap";0,984934233120514;50,3249299719888;51,3546721136007;50,3712105176792;39,1161247851742
"vanschaik2009_unk_absent";"swap";0,9840705594343;50,2240896358543;51,4193133547125;50,277807555803;38,5288521651917
"vanschaik2009_unk_absent";"swap";0,986317487453857;50,3837535014006;51,4839545958243;50,4332007415994;38,4914886754709
"vanschaik2009_unk_absent";"swap";0,985694484451943;50,3837535014006;51,2738705622109;50,4237587625606;39,4516026761649
"vanschaik2009_unk_absent";"swap";0,985746356283814;50,3837535014006;51,2738705622109;50,4237587625606;39,0824188467958
"vanschaik2009_unk_absent";"swap";0,985746356283814;50,3837535014006;51,2738705622109;50,4237587625606;39,2408986519286
"vanschaik2009_unk_absent";"swap";0,985988587687098;50,3837535014006;51,323820612161;50,4260037086257;38,7590571467836
"vanschaik2009_unk_absent";"swap";0,986889612497988;50,2997198879552;51,5339046457744;50,3551888658347;38,7496381941326
"vanschaik2009_unk_absent";"swap";0,985566746539767;50,3697478991597;51,7954996683988;50,4338266303614;38,75412131741
"vanschaik2009_unk_absent";"swap";0,981523065153464;50,2521008403361;51,7594756434042;50,3198480224965;38,8211234433818
"vanschaik2009_unk_absent";"swap";0,982596988083279;50,4201680672269;51,7594756434042;50,4803616661562;40,6198427183212
"vanschaik2009_unk_absent";"swap";0,982829702707211;50,3361344537815;51,7726058955051;50,4006949680163;40,3782411237893
"vanschaik2009_unk_absent";"swap";0,984386446364587;50,4733893557423;51,6564536653822;50,526560785389;41,0410077502773
"vanschaik2009_unk_absent";"swap";0,984097806228155;50,5294117647059;51,8665376989957;50,5895073123144;38,9256776475527
"vanschaik2009_unk_absent";"swap";0,981858305846407;49,8291316526611;51,2758599943474;49,8941531511638;40,5604951168442
"vanschaik2009_unk_absent";"swap";0,981303150958346;49,7394957983193;51,3299725484599;49,8109778994492;41,6802004036876
"vanschaik2009_unk_absent";"swap";0,981628182072362;49,1792717086835;51,3168422963591;49,2753422968936;41,2861676831869
"vanschaik2009_unk_absent";"swap";0,981572991155841;49,3473389355742;51,3397360692529;49,4368848741665;41,3916008085723
"vanschaik2009_unk_absent";"swap";0,979097142271764;49,4593837535014;51,226950570438;49,538824958757;41,8400951503625
"vanschaik2009_unk_absent";"swap";0,977562798678462;49,5714285714286;51,1453838528418;49,6421681346382;41,3603614238897
"vanschaik2009_unk_absent";"swap";0,975938915768516;49,515406162465;51,2739011688591;49,5944396458984;40,9288175713555
"vanschaik2009_unk_absent";"swap";0,976364968056997;49,9355742296919;51,4839852024726;50,0051657340865;39,9641772988444
"vanschaik2009_unk_absent";"swap";0,974901894548585;49,7170868347339;51,4839852024726;49,7964979973289;40,1518552386198
"vanschaik2009_unk_absent";"swap";0,974528636419769;49,1232492997199;51,2476406646575;49,2187275633126;40,0295717688109
"vanschaik2009_unk_absent";"swap";0,974892973956699;49,2240896358543;51,1976906147074;49,3127908034432;41,0159256783236
"vanschaik2009_unk_absent";"swap";0,974892973956699;49,266106442577;51,1976906147074;49,3529192143582;40,9824616687476
"vanschaik2009_unk_absent";"swap";0,974191806202175;50,0504201680672;51,1976906147074;50,1019828847702;39,8918807955737
"vanschaik2009_unk_absent";"swap";0,97544774802951;50,0504201680672;51,2476406646575;50,1042278308353;40,266191536056
"vanschaik2009_unk_absent";"swap";0,975271916542948;49,9663865546218;51,2607709167583;50,0245611326954;40,428600484739
"vanschaik2009_unk_absent";"swap";0,975196256598733;50,4005602240896;51,8514486214066;50,4657686913848;38,1260230313395
"vanschaik2009_unk_absent";"swap";0,974705499869835;50,2324929971989;51,638863587393;50,2957006641739;38,2697910683423
"vanschaik2009_unk_absent";"swap";0,974705499869835;50,0644257703081;51,638863587393;50,1351870205142;39,2409669917971
"vanschaik2009_unk_absent";"swap";0,974551042338826;50,5406162464986;51,4287795537796;50,5805336985112;38,9840509963782
"vanschaik2009_unk_absent";"swap";0,975370838301909;50,0168067226891;51,1924350159644;50,0696439493531;38,7913065521112
"vanschaik2009_unk_absent";"swap";0,977886828307263;49,9411764705882;51,5129478364773;50,0118178802911;39,9866611919071
"vanschaik2009_unk_absent";"swap";0,978144829932558;49,9271708683473;51,5400041135335;49,9996577557714;38,9129415396276
"vanschaik2009_unk_absent";"swap";0,980117319404867;49,9467787114846;51,2326215451215;50,0045694006368;38,9523636791959
"vanschaik2009_unk_absent";"swap";0,980117319404867;49,9467787114846;51,2326215451215;50,0045694006368;38,876086255824
"vanschaik2009_unk_absent";"swap";0,983969404636663;49,9971988795518;51,3641383126677;50,0586343596919;38,7327261396571
"vanschaik2009_unk_absent";"swap";0,9838027446245;49,9131652661064;51,2668397778692;49,9740045700059;39,5307654784145
"vanschaik2009_unk_absent";"swap";0,979426945057933;49,5994397759104;50,169525852299;49,6250616220402;40,4790100983375
"vanschaik2009_unk_absent";"swap";0,978939789123762;49,5994397759104;50,169525852299;49,6250616220402;40,3716189702151
"vanschaik2009_unk_absent";"swap";0,978939789123762;49,5294117647059;50,169525852299;49,558180937182;41,3889077023761
"vanschaik2009_unk_absent";"swap";0,978258990420001;49,5294117647059;50,1466320794052;49,5571520035688;41,5095949225842
"vanschaik2009_unk_absent";"swap";0,979280721919683;49,5294117647059;50,3698463651195;49,5671841062975;40,5406922492275
"vanschaik2009_unk_absent";"swap";0,977759818080455;49,5210084033613;50,3567161130186;49,5585683004246;40,9080203267199
"vanschaik2009_unk_absent";"swap";0,979099650128623;49,4929971988796;50,6543351606377;49,545192163453;40,355237117139
"vanschaik2009_unk_absent";"swap";0,978364436034431;49,5042016806723;50,5856538419564;49,5528062721907;40,5059930094677
"vanschaik2009_unk_absent";"swap";0,97698549221515;49,6582633053221;50,3827317640343;49,690823685489;40,8532948036703
"vanschaik2009_unk_absent";"swap";0,976832864755165;49,6582633053221;50,3015629328655;49,6871756481331;40,7482061535833
"vanschaik2009_unk_absent";"swap";0,976435980733545;49,4005602240896;49,2795195001077;49,3951201915511;42,0355568880829
"vanschaik2009_unk_absent";"swap";0,977731863271515;49,4005602240896;49,2280085110967;49,3928050909214;42,5441517934231
"vanschaik2009_unk_absent";"swap";0,977892101183386;49,4005602240896;49,205114738203;49,3917761573082;42,1971594543747
"vanschaik2009_unk_absent";"swap";0,977963170671487;49,2605042016807;48,9950307045895;49,248572808553;42,674600240066
"vanschaik2009_unk_absent";"swap";0,978576205401856;49,2605042016807;49,2305095114969;49,2591561257174;43,83495497424
"vanschaik2009_unk_absent";"swap";0,978028545883874;49,2605042016807;49,4405935451104;49,2685981047562;43,9112342544496
"vanschaik2009_unk_absent";"swap";0,978028545883874;49,3669467787115;49,4405935451104;49,3702567457406;42,7509213560696
"vanschaik2009_unk_absent";"swap";0,980015754832598;48,6106442577031;49,4405935451104;48,6479453492719;43,1287875506902
"vanschaik2009_unk_absent";"swap";0,981110642899409;48,6106442577031;49,4921045341213;48,6502604499017;42,9956722175712
"vanschaik2009_unk_absent";"swap";0,981035256312274;48,9971988795518;49,5607858528027;49,0225286311586;42,3464724025977
"vanschaik2009_unk_absent";"swap";0,98127828622048;48,96918767507;49,5337295757464;48,9945603447633;42,5359238234472
"vanschaik2009_unk_absent";"swap";0,980699629974439;48,9831932773109;49,5074690715447;49,0067562343551;42,6110340995334
"vanschaik2009_unk_absent";"swap";0,978041397900036;49,1792717086835;49,4943388194439;49,1934320282682;43,0394506714003
"vanschaik2009_unk_absent";"swap";0,976872997941972;48,7591036414566;49,3455292956343;48,7854598506331;43,4568652960514
"vanschaik2009_unk_absent";"swap";0,978225071942615;48,7591036414566;49,3684230685281;48,7864887842463;43,8035925299478
"vanschaik2009_unk_absent";"swap";0,978586574198836;48,7591036414566;49,381553320629;48,7870789079362;43,1929654695215
"vanschaik2009_unk_absent";"swap";0,977767500653712;48,8011204481793;49,4330643096399;48,8295224194809;42,5314272315993
"vanschaik2009_unk_absent";"swap";0,981927759740129;48,4761904761905;49,0381467272224;48,501446936911;43,7675144166299
"vanschaik2009_unk_absent";"swap";0,983933823636825;48,6162464985994;49,250731761236;48,6447626901786;44,0077873228358
"vanschaik2009_unk_absent";"swap";0,983044673063355;48,6162464985994;49,2007817112859;48,6425177441134;42,8407221697282
"vanschaik2009_unk_absent";"swap";0,983044673063355;48,7282913165266;49,2007817112859;48,7495268398866;42,4378992128258
"vanschaik2009_unk_absent";"swap";0,980290999077813;48,7450980392157;49,2646577861914;48,7684490390798;43,5224423691046
"vanschaik2009_unk_absent";"swap";0,982460787214107;48,7450980392157;49,5525133130175;48,7813863661281;42,3640423562724
"vanschaik2009_unk_absent";"swap";0,982022446606871;48,703081232493;49,4363610828947;48,7360376302639;42,5000390458897
"vanschaik2009_unk_absent";"swap";0,985182697533056;48,3389355742297;49,4363610828947;48,3882580690012;43,1815937335915
"vanschaik2009_unk_absent";"swap";0,986182835804348;48,3081232492997;49,3078437668774;48,3530545085167;43,2084906390974
"vanschaik2009_unk_absent";"swap";0,987798462324355;48,2801120448179;49,4337595177931;48,331961369446;43,9582068386885
"vanschaik2009_unk_absent";"swap";0,986436338993273;48,4201680672269;49,4608157948494;48,4669387516144;42,400785358908
"vanschaik2009_unk_absent";"swap";0,987688519543762;48,5042016806723;49,8001823106865;48,5624480011223;42,5705551308496
"vanschaik2009_unk_absent";"swap";0,987541598009241;48,4649859943978;49,8230760835803;48,526023751215;42,7810688497569
"vanschaik2009_unk_absent";"swap";0,985715691948542;48,563025210084;49,8877173246921;48,6225619343361;43,3995895438076
"vanschaik2009_unk_absent";"swap";0,988243695827454;48,6750700280112;49,9981461115915;48,7345341216553;43,2004322680487
"vanschaik2009_unk_absent";"swap";0,98628188760233;48,8515406162465;50,7463300005317;48,9366996896975;41,8263551442821
"vanschaik2009_unk_absent";"swap";0,98628188760233;48,8515406162465;50,7463300005317;48,9366996896975;41,6781005097031
"vanschaik2009_unk_absent";"swap";0,98628188760233;48,8515406162465;50,7463300005317;48,9366996896975;41,821971666632
"vanschaik2009_unk_absent";"swap";0,986131665700979;48,8515406162465;50,7463300005317;48,9366996896975;41,8761923244099
"vanschaik2009_unk_absent";"swap";0,987617175402359;48,8515406162465;50,9564140341451;48,9461416687363;41,7823845500728
"vanschaik2009_unk_absent";"swap";0,987373393561925;48,7955182072829;51,021055275257;48,8955423451694;42,482885626947
"vanschaik2009_unk_absent";"swap";0,987317178565281;48,6274509803922;50,7234362276379;48,721652564538;42,56090804919
"vanschaik2009_unk_absent";"swap";0,987317178565281;48,6274509803922;50,7234362276379;48,721652564538;42,9891629200241
"vanschaik2009_unk_absent";"swap";0,987032162541644;48,8375350140056;50,5002219419236;48,9122625163839;42,5630104352363
"vanschaik2009_unk_absent";"swap";0,987780687520788;48,8375350140056;50,5002219419236;48,9122625163839;42,6931905731297
"vanschaik2009_unk_absent";"swap";0,986605806715455;48,8375350140056;50,5002219419236;48,9122625163839;42,30104322244
"vanschaik2009_unk_absent";"swap";0,984912494368166;48,8235294117647;50,4355807008118;48,8959811550927;42,4855464994519
"vanschaik2009_unk_absent";"swap";0,984912494368166;48,8795518207283;50,4355807008118;48,9494857029792;42,3669921106233
"vanschaik2009_unk_absent";"swap";0,985381047145609;48,8627450980392;50,2571133348444;48,9254133334012;43,3193183264248
"vanschaik2009_unk_absent";"swap";0,986515516730358;48,8627450980392;50,2702435869453;48,9260034570912;42,6262420034281
"vanschaik2009_unk_absent";"swap";0,986776666928868;49,0168067226891;50,3675421217438;49,0775139316354;42,4270706020021
"vanschaik2009_unk_absent";"swap";0,988098521247741;48,8347338935574;50,5261151663463;48,9107510294131;43,0941256553046
"vanschaik2009_unk_absent";"swap";0,987106715011317;48,8347338935574;50,302900880632;48,9007189266844;42,3983407340897
"vanschaik2009_unk_absent";"swap";0,985865247864447;49,5910364145658;50,302900880632;49,6230303231531;41,1912967201031
"vanschaik2009_unk_absent";"swap";0,98377795965785;48,8711484593838;49,4525607445776;48,8972793486059;41,5231540187278
"vanschaik2009_unk_absent";"swap";0,984086013015329;48,8991596638655;49,4788212487792;48,9252118699291;41,4352025061451
"vanschaik2009_unk_absent";"swap";0,984086013015329;48,8991596638655;49,4788212487792;48,9252118699291;41,2765707770055
"vanschaik2009_unk_absent";"swap";0,983311311899016;48,8627450980392;49,6505245454825;48,8981509159018;41,0329251246623
"vanschaik2009_unk_absent";"swap";0,984719827602949;49,436974789916;50,2882796475233;49,4752356823927;41,0130839507888
"vanschaik2009_unk_absent";"swap";0,984801140094893;49,0588235294118;50,2751493954225;49,1134898604684;41,0043613309403
"vanschaik2009_unk_absent";"swap";0,984865352949016;49,0560224089636;50,1981430684162;49,107353674557;41,2874175402569
"vanschaik2009_unk_absent";"swap";0,983768196359808;49,4341736694678;49,9880590348027;49,4590673937525;40,9273581523728
"vanschaik2009_unk_absent";"swap";0,984084578307949;49,1036414565826;50,0910810128247;49,1480207624812;41,8240373217338
"vanschaik2009_unk_absent";"swap";0,983988183216292;49,2156862745098;50,2556223538366;49,2624249747043;41,5383602268722
"vanschaik2009_unk_absent";"swap";0,985054405713642;49,1736694677871;50,2041113648257;49,2199814631596;41,5324067566557
"vanschaik2009_unk_absent";"swap";0,983836352981593;49,0896358543417;50,2556223538366;49,1420397419595;41,831892684697
"vanschaik2009_unk_absent";"swap";0,982642284544049;49,0196078431373;49,8304522858094;49,0560502899989;41,4625316070106
"vanschaik2009_unk_absent";"swap";0,981356773887437;49,0532212885154;49,5328332381904;49,0747768817592;41,4151511841332
"vanschaik2009_unk_absent";"swap";0,981288192980123;48,7170868347339;49,5328332381904;48,7537495944398;42,5757985793352
"vanschaik2009_unk_absent";"swap";0,981794653643889;48,6862745098039;49,354365872223;48,7163010878902;42,3712499329943
"vanschaik2009_unk_absent";"swap";0,981697777914192;48,3781512605042;49,3002533181105;48,4195940496101;42,7978706208116
"vanschaik2009_unk_absent";"swap";0,981562755026852;48,2380952380952;49,0770390323962;48,2758005771649;42,6326687471113
"vanschaik2009_unk_absent";"swap";0,9826354687236;48,3921568627451;49,2871230660096;48,4323800628918;43,7740228235562
"vanschaik2009_unk_absent";"swap";0,982912175486904;48,3781512605042;49,472651822967;48,4273422970194;43,7600704801732
"vanschaik2009_unk_absent";"swap";0,981891956849074;48,5602240896359;49,318118855934;48,5942867757616;43,9299685984872
"vanschaik2009_unk_absent";"swap";0,980320349769196;48,5182072829132;48,9470613420193;48,5374816226483;44,1460652769445
"vanschaik2009_unk_absent";"swap";0,980320349769196;48,5182072829132;48,9470613420193;48,5374816226483;44,4831030608291
"vanschaik2009_unk_absent";"swap";0,9797777369879;48,5182072829132;48,7369773084059;48,5280396436095;45,1257112190893
"vanschaik2009_unk_absent";"swap";0,979457939364494;48,5126050420168;48,7369773084059;48,5226891888208;45,318122155441
"vanschaik2009_unk_absent";"swap";0,978766293085375;48,7170868347339;48,9154446743732;48,7260017938188;44,4589799213092
"vanschaik2009_unk_absent";"swap";0,977205902148578;48,812324929972;49,0939120403406;48,824980530438;44,4505208864997
"vanschaik2009_unk_absent";"swap";0,976987725514735;48,6050420168067;49,0127432091718;48,6233656659018;43,9556944023747
"vanschaik2009_unk_absent";"swap";0,977245318131316;48,4929971988796;48,8279096603676;48,5080494443397;44,555706525686
"vanschaik2009_unk_absent";"swap";0,976736630004231;48,7450980392157;48,8279096603676;48,7488199098293;43,3680634531865
"vanschaik2009_unk_absent";"swap";0,977931037239273;48,8879551820728;49,3519392022543;48,908808396463;42,9900825217482
"vanschaik2009_unk_absent";"swap";0,973143827398868;48,8879551820728;48,9634883673749;48,891349931974;43,4715948079164
"vanschaik2009_unk_absent";"swap";0,970879533254128;48,9439775910364;48,9503581152741;48,9442643561707;44,3160941893227
"vanschaik2009_unk_absent";"swap";0,970879533254128;48,9439775910364;48,9503581152741;48,9442643561707;43,9579817959869
"vanschaik2009_unk_absent";"swap";0,972124575425574;49,6162464985994;49,2750334399494;49,6009110802331;43,7403864207344
"vanschaik2009_unk_absent";"swap";0,973529989742497;49,6162464985994;49,3249834898995;49,6031560262983;43,3582685853764
"vanschaik2009_unk_absent";"swap";0,974658720544493;49,6162464985994;49,5481977756137;49,613188129027;43,8875303455213
"vanschaik2009_unk_absent";"swap";0,97677902220454;50,2745098039216;49,8525808924969;50,2555467067789;44,0025023761632
"vanschaik2009_unk_absent";"swap";0,97599861177806;50,4145658263305;49,5909858698724;50,3775509968268;44,2083988155614
"vanschaik2009_unk_absent";"swap";0,976774491076532;50,453781512605;49,380901836259;50,4055622013086;44,4184340604262
"vanschaik2009_unk_absent";"swap";0,97687604520177;50,3417366946779;49,7071380999952;50,3132154095236;43,9233407009567
"vanschaik2009_unk_absent";"swap";0,972012072288465;50,5798319327731;49,5470041163318;50,5334127050679;43,1030318976133
"vanschaik2009_unk_absent";"swap";0,971883899186828;50,5350140056022;49,5601343684327;50,4911991904486;43,3925670892668
"vanschaik2009_unk_absent";"swap";0,974226242474297;50,5098039215686;50,0842644750208;50,4906785531845;42,517148083206
"vanschaik2009_unk_absent";"swap";0,972061053722762;50,5266106442577;49,8347896851048;50,4955175674418;42,9928191987894
"vanschaik2009_unk_absent";"swap";0,974124984273347;50,5266106442577;50,1095149598301;50,5078647708003;43,6201189163569
"vanschaik2009_unk_absent";"swap";0,973993787926788;50,5266106442577;50,0554024057175;50,5054327458963;43,1628708901407
"vanschaik2009_unk_absent";"swap";0,975299053989078;50,5518207282913;49,8059975738547;50,5183005865189;43,6214239576593
"vanschaik2009_unk_absent";"swap";0,972863730607912;50,4397759103641;49,8059975738547;50,4112914907457;42,6735326020432
"vanschaik2009_unk_absent";"swap";0,97317282442813;50,4677871148459;50,0791619095191;50,4503208134829;42,6109813216345
"vanschaik2009_unk_absent";"swap";0,972721114690134;50,2577030812325;50,0660316574182;50,2490886352184;42,9155269937772
"vanschaik2009_unk_absent";"swap";0,97309069351352;49,8935574229692;50,1175426464292;49,9036241745854;42,5941142993538
"vanschaik2009_unk_absent";"swap";0,973729853585598;50,1120448179272;50,198711477598;50,1159399486989;42,7011476571627
"vanschaik2009_unk_absent";"swap";0,974584310192291;50,1820728291317;50,2118417296989;50,183410757247;42,7248850487949
"vanschaik2009_unk_absent";"swap";0,974781685983625;50,4341736694678;50,2249719817997;50,4247713464265;42,5640822792297
"vanschaik2009_unk_absent";"swap";0,974970698874841;50,0560224089636;50,0017576960854;50,0535835454634;42,8610507099786
"vanschaik2009_unk_absent";"swap";0,974674730024447;50,0560224089636;49,791673662472;50,0441415664246;42,6062560192746
"vanschaik2009_unk_absent";"swap";0,974674730024447;50,0560224089636;49,791673662472;50,0441415664246;42,6410546548448
"vanschaik2009_unk_absent";"swap";0,973483279005621;49,9355742296919;49,3024569967847;49,9071195225949;42,3632723646836
"vanschaik2009_unk_absent";"swap";0,973371937886804;49,624649859944;49,3155872488856;49,6107594055144;43,0178600093829
"vanschaik2009_unk_absent";"swap";0,974541251814084;49,6106442577031;49,0801084419782;49,5867999513784;43,1421460594988
"vanschaik2009_unk_absent";"swap";0,974500311558006;50,0336134453782;49,2901924755916;50,0002012669608;43,1500908858634
"vanschaik2009_unk_absent";"swap";0,976718675775704;49,921568627451;49,4390019994012;49,8998802396735;42,6462824483012
"vanschaik2009_unk_absent";"swap";0,977218850294186;49,9159663865546;49,52017083057;49,8981778222407;42,875308446394
"vanschaik2009_unk_absent";"swap";0,977151479917079;50,1008403361345;49,5070405784691;50,0741527065765;42,9417767299102
"vanschaik2009_unk_absent";"swap";0,978308443100717;50,1008403361345;49,7171246120826;50,0835946856153;42,647389509404
"vanschaik2009_unk_absent";"swap";0,979082038906564;50,1008403361345;49,7171246120826;50,0835946856153;42,7719338943756
"vanschaik2009_unk_absent";"swap";0,981968238775797;50,1988795518207;50,5003924646782;50,2124306939716;42,4845932677369
"vanschaik2009_unk_absent";"swap";0,983565458529421;50,3109243697479;50,5003924646782;50,3194397897448;42,5267641545858
"vanschaik2009_unk_absent";"swap";0,983565458529421;50,3109243697479;50,5003924646782;50,3194397897448;42,1928711385196
"vanschaik2009_unk_absent";"swap";0,985853266968155;50,2717086834734;49,2796900228623;50,2271235751313;43,788940463724
"vanschaik2009_unk_absent";"swap";0,986105777390561;50,2857142857143;49,004964748137;50,2281525087445;44,4743848796039
"vanschaik2009_unk_absent";"swap";0,986158525800255;50,0560224089636;49,2150487817505;50,0182258414484;44,5744460721044
"vanschaik2009_unk_absent";"swap";0,986158525800255;50,3081232492997;49,2150487817505;50,258996306938;44,5275916237418
"vanschaik2009_unk_absent";"swap";0,988227918343776;50,3081232492997;49,2150487817505;50,258996306938;44,2201277184297
"vanschaik2009_unk_absent";"swap";0,988852992671015;49,8655462184874;49,004964748137;49,8268683995952;44,9610953208872
"vanschaik2009_unk_absent";"swap";0,988399325717972;50,2156862745098;49,2413092859521;50,171894050305;43,7104484052242
"vanschaik2009_unk_absent";"swap";0,987876249855091;49,9635854341737;48,9665840112269;49,918776381457;44,281435806237
"vanschaik2009_unk_absent";"swap";0,986966958037865;50,0056022408964;48,9150730222159;49,9565896917422;44,3805774722161
"vanschaik2009_unk_absent";"swap";0,987105734345996;49,8935574229692;49,1251570558293;49,8590225750078;44,4646765929594
"vanschaik2009_unk_absent";"swap";0,985911211126846;50,1008403361345;49,597675608705;50,0782261910814;43,4532810741326
"vanschaik2009_unk_absent";"swap";0,987629825814996;50,1008403361345;49,8208898944193;50,0882582938102;43,3281986960699
"vanschaik2009_unk_absent";"swap";0,988706537793456;49,9719887955182;50,6712300304737;50,0034153678758;42,2969833536689
"vanschaik2009_unk_absent";"swap";0,988459256060406;49,9719887955182;50,646775318519;50,002316279698;42,7865155934392
"vanschaik2009_unk_absent";"swap";0,989293519272487;50,0196078431373;50,8275687897537;50,0559206946706;41,4647585192407
"vanschaik2009_unk_absent";"swap";0,98701970579208;50,0952380952381;50,5879274786838;50,1173814383143;42,2716041145358
"vanschaik2009_unk_absent";"swap";0,986771079952273;50,0952380952381;50,56503370579;50,1163525047011;41,9813601258244
"vanschaik2009_unk_absent";"swap";0,986771079952273;50,0952380952381;50,56503370579;50,1163525047011;42,1219944235582
"vanschaik2009_unk_absent";"swap";0,986373669110559;50,0952380952381;50,56503370579;50,1163525047011;42,4545271152445
"vanschaik2009_unk_absent";"swap";0,986090415453584;50,0112044817927;50,3286891679749;50,0254734564526;42,2303962556857
"vanschaik2009_unk_absent";"swap";0,98689379740086;49,9831932773109;50,3286891679749;49,9987211825093;42,4993678029525
"vanschaik2009_unk_absent";"swap";0,986680829885559;49,7226890756302;50,3418194200757;49,7505151585267;42,4846680084376
"vanschaik2009_unk_absent";"swap";0,98828460367471;49,3165266106443;50,3189256471819;49,3615782527358;42,2722358004657
"vanschaik2009_unk_absent";"swap";0,987796006915883;49,3165266106443;50,3189256471819;49,3615782527358;42,2081222559151
"vanschaik2009_unk_absent";"swap";0,983399897870425;49,2408963585434;50,3557454450312;49,2910019354642;42,69798394348
"vanschaik2009_unk_absent";"swap";0,978141046812846;49,8655462184874;50,3655089658241;49,8880164543227;42,4574872525794
"vanschaik2009_unk_absent";"swap";0,978141046812846;49,8655462184874;50,3655089658241;49,8880164543227;42,1761266714454
"vanschaik2009_unk_absent";"swap";0,978141046812846;49,5014005602241;50,3655089658241;49,54023689306;42,2667904954982
"vanschaik2009_unk_absent";"swap";0,97714065960758;49,4733893557423;50,5510377227814;49,521822990216;41,9440483913085
"vanschaik2009_unk_absent";"swap";0,976165050087099;49,5098039215686;50,9491515137524;49,5744937009926;40,8887570582378
"vanschaik2009_unk_absent";"swap";0,980672896454623;49,5798319327731;51,1723657994666;49,6514064885796;40,5444035776705
"vanschaik2009_unk_absent";"swap";0,980081976940855;49,2296918767507;51,1854960515675;49,3175931879784;40,6200346477533
"vanschaik2009_unk_absent";"swap";0,980999609161888;49,2296918767507;51,1986263036683;49,3181833116683;40,9486768344135
"vanschaik2009_unk_absent";"swap";0,980565777181586;49,1456582633053;51,1986263036683;49,2379264898385;39,6103735691385
"vanschaik2009_unk_absent";"swap";0,980846491457072;49,1540616246499;51,1445137495558;49,2435201471175;39,9495532958146
"vanschaik2009_unk_absent";"swap";0,981544634349125;49,2100840336134;51,3545977831692;49,3064666740429;39,9778148384253
"vanschaik2009_unk_absent";"swap";0,982814660359941;49,266106442577;51,429002545074;49,3633152561724;39,8213043157578
"vanschaik2009_unk_absent";"swap";0,984149989477454;49,3585434173669;51,6915376290376;49,4633970898016;40,0116983902771
"vanschaik2009_unk_absent";"swap";0,983491389889294;49,078431372549;51,4814535954242;49,1864323713299;39,9321273652313
"vanschaik2009_unk_absent";"swap";0,983491389889294;49,5966386554622;51,4814535954242;49,6813494392807;39,613732218261
"vanschaik2009_unk_absent";"swap";0,985362033375635;49,8235294117647;51,9575400090106;49,919440000405;38,8673313015633
"vanschaik2009_unk_absent";"swap";0,986244300851701;49,624649859944;51,8805336820043;49,7260378968905;38,8125236205331
"vanschaik2009_unk_absent";"swap";0,985827129826735;49,5574229691877;51,6679486479907;49,6522780558754;39,2746505146213
"vanschaik2009_unk_absent";"swap";0,986654289307246;49,5238095238095;51,903427454898;49,6307586443079;39,1186368308172
"vanschaik2009_unk_absent";"swap";0,985124434230559;49,5854341736695;51,5125499500499;49,6720461186753;41,1489648834584
"vanschaik2009_unk_absent";"swap";0,984238492107825;49,5574229691877;51,0873798820227;49,6261850776297;40,2465272600338
"vanschaik2009_unk_absent";"swap";0,982951144086427;49,6694677871148;51,5598984348984;49,7544309622961;39,4013753564683
"vanschaik2009_unk_absent";"swap";0,983151392087765;49,8823529411765;51,4437462047756;49,9525279193158;39,6153426369599
"vanschaik2009_unk_absent";"swap";0,983338081912071;49,8039215686275;50,8330473797911;49,850174414073;40,1867475748232
"vanschaik2009_unk_absent";"swap";0,981557930961962;50,0280112044818;50,7300254017691;50,0595624043599;40,3299828118913
"vanschaik2009_unk_absent";"swap";0,982051995487616;50,0280112044818;50,7570816788254;50,0607784168118;40,5309390261279
"vanschaik2009_unk_absent";"swap";0,981676786753591;49,0672268907563;49,7358340189223;49,0972766493256;42,0162454916414
"vanschaik2009_unk_absent";"swap";0,981226073615865;48,7310924369748;49,6359339190222;48,7717594698758;42,299893984449
"vanschaik2009_unk_absent";"swap";0,981226073615865;49,0812324929972;49,6359339190222;49,1061628941669;42,7197769735245
"vanschaik2009_unk_absent";"swap";0,982475424714321;49,0812324929972;49,649064171123;49,1067530178568;42,8609470646112
"vanschaik2009_unk_absent";"swap";0,98453655948032;48,8291316526611;49,6261703982292;48,864953618754;43,7280656312709
"vanschaik2009_unk_absent";"swap";0,984797405233043;48,6610644257703;49,3906915913218;48,6938566579299;43,5839591267431
"vanschaik2009_unk_absent";"swap";0,984310929798994;48,6610644257703;49,5762203482792;48,7021950290291;43,5839413902771
"vanschaik2009_unk_absent";"swap";0,985238904529736;48,1148459383754;49,1281565073582;48,1603879864195;43,7310336095625
"vanschaik2009_unk_absent";"swap";0,984882223341298;48,5574229691877;49,9007951082531;48,6177992451007;43,6940097636988
"vanschaik2009_unk_absent";"swap";0,984882223341298;48,5574229691877;49,9007951082531;48,6177992451007;42,9812419556139
"vanschaik2009_unk_absent";"swap";0,984988510764491;48,5910364145658;49,6882100742395;48,6403475902815;43,9571018141129
"vanschaik2009_unk_absent";"swap";0,985106987391213;48,7282913165266;49,5720578441167;48,7662134076542;43,1714461120557
"vanschaik2009_unk_absent";"swap";0,986477717348112;48,7983193277311;49,6750798221386;48,8377242937719;42,8336504177002
"vanschaik2009_unk_absent";"swap";0,986856239565083;49,4145658263305;49,7749799220387;49,4307642126545;42,5895788359948
"vanschaik2009_unk_absent";"swap";0,986856239565083;49,4145658263305;49,7749799220387;49,4307642126545;42,7856230844621
"vanschaik2009_unk_absent";"swap";0,986687621154217;49,3025210084034;49,7487194178371;49,3225748695015;42,1895338093127
"vanschaik2009_unk_absent";"swap";0,986547800985665;49,3025210084034;49,7487194178371;49,3225748695015;42,7968708135163
"vanschaik2009_unk_absent";"swap";0,987549495713079;49,6386554621849;50,0234446925623;49,6559493601794;42,2920923242501
"vanschaik2009_unk_absent";"swap";0,986946865283412;49,6666666666667;50,0234446925623;49,6827016341227;42,5624945509538
"vanschaik2009_unk_absent";"swap";0,987918745560938;50,03081232493;50,3235647405816;50,0439697368694;41,8124146073002
"vanschaik2009_unk_absent";"swap";0,987726037328234;50,03081232493;50,3235647405816;50,0439697368694;42,0028331195588
"vanschaik2009_unk_absent";"swap";0,98888398149764;50,03081232493;50,3506210176378;50,0451857493213;41,8574981746023
"vanschaik2009_unk_absent";"swap";0,98562779489788;49,8487394957983;49,9760962077139;49,8544633929631;41,7343329677977
"vanschaik2009_unk_absent";"swap";0,984795855227362;49,8235294117647;49,9892264598147;49,830976470104;42,1700546629783
"vanschaik2009_unk_absent";"swap";0,984882636646073;49,8375350140056;50,0703952909835;49,8480006444316;41,5665011213363
"vanschaik2009_unk_absent";"swap";0,97946255891789;49,921568627451;49,6082349023525;49,9074862128398;41,5329845724204
"vanschaik2009_unk_absent";"swap";0,977808215421106;49,921568627451;49,5567239133416;49,9051711122101;41,5375871372
"vanschaik2009_unk_absent";"swap";0,978496505857181;49,921568627451;49,5567239133416;49,9051711122101;41,47308659982
"vanschaik2009_unk_absent";"swap";0,982099195762371;49,921568627451;49,6942089772972;49,9113502162081;41,8896655347276
"vanschaik2009_unk_absent";"swap";0,982099195762371;49,921568627451;49,6942089772972;49,9113502162081;42,5521318744895
"vanschaik2009_unk_absent";"swap";0,979995261807138;49,7394957983193;49,5780567471744;49,7322401106274;43,1134215523258
"vanschaik2009_unk_absent";"swap";0,980094157644875;49,375350140056;49,3679727135609;49,3750185703259;42,5382202768882
"vanschaik2009_unk_absent";"swap";0,980094157644875;49,1652661064426;49,3679727135609;49,1743765157513;43,5313063633793
"vanschaik2009_unk_absent";"swap";0,983428828007357;49,375350140056;49,717102750191;49,3907098079273;42,848143767318
"vanschaik2009_unk_absent";"swap";0,983428828007357;49,6834733893557;49,717102750191;49,6849848213034;42,815885065402
"vanschaik2009_unk_absent";"swap";0,985357782350379;50,2156862745098;50,1766615737204;50,2139323553732;41,5835950927014
"vanschaik2009_unk_absent";"swap";0,984635961300939;50,2156862745098;49,9534472880061;50,2039002526445;41,8281820423928
"vanschaik2009_unk_absent";"swap";0,983360589423965;50,2156862745098;49,9305535151123;50,2028713190313;41,7918693056477
"vanschaik2009_unk_absent";"swap";0,984661822293599;49,7366946778711;49,6743146559323;49,7338910813795;42,3940920576701
"vanschaik2009_unk_absent";"swap";0,984596539002874;49,7647058823529;49,8843986895457;49,7700853343616;41,7707450891011
"vanschaik2009_unk_absent";"swap";0,983018454404055;49,5686274509804;49,6480541517306;49,57219719034;42,4186445917779
"vanschaik2009_unk_absent";"swap";0,983047001659904;49,7927170868347;49,4379701181172;49,7767734028474;42,0435918012353
"vanschaik2009_unk_absent";"swap";0,97924875339061;49,9075630252101;49,6810787251964;49,8973839555465;42,1187075055539
"vanschaik2009_unk_absent";"swap";0,979522462627985;49,7955182072829;49,6810787251964;49,7903748597734;41,839601466941
"vanschaik2009_unk_absent";"swap";0,980267030779111;50,0924369747899;50,9410276348302;50,1305758808591;40,7802698756837
"vanschaik2009_unk_absent";"swap";0,982500993534493;50,1596638655462;50,9410276348302;50,194781338323;40,4948880846831
"vanschaik2009_unk_absent";"swap";0,982857966457221;49,9635854341737;50,9639214077239;50,0085443543332;40,3470335657516
"vanschaik2009_unk_absent";"swap";0,984071746439888;49,9635854341737;50,9999454327185;50,0101634116364;40,5065004590321
"vanschaik2009_unk_absent";"swap";0,983145849502842;50,2016806722689;51,6712235593538;50,2677275435986;40,2318810367124
"vanschaik2009_unk_absent";"swap";0,980534567734634;50,2016806722689;51,5697625203928;50,2631674969037;40,2387381006676
"vanschaik2009_unk_absent";"swap";0,979277822052983;50,0336134453782;51,5828927724936;50,1032439769339;39,4745489249529
"vanschaik2009_unk_absent";"swap";0,97736074011141;50;51,4600988996997;50,0656224224584;39,4802210570096
"vanschaik2009_unk_absent";"swap";0,975956040998589;50,0560224089636;51,4829926725935;50,1201559039582;39,393901940416
"vanschaik2009_unk_absent";"swap";0,975500184408961;49,9775910364146;51,4567321683918;50,0440692895371;39,252302508056
"vanschaik2009_unk_absent";"swap";0,979191878031569;49,9775910364146;51,5442671823974;50,04800344747;39,3634226582406
"vanschaik2009_unk_absent";"swap";0,979327160810164;49,4145658263305;51,4281149522746;49,5050624162606;40,1227937674567
"vanschaik2009_unk_absent";"swap";0,978551906319599;49,4145658263305;51,4052211793808;49,5040334826474;39,4890985104127
"vanschaik2009_unk_absent";"swap";0,9791479924757;49,3585434173669;51,4052211793808;49,4505289347608;39,9120966381347
"vanschaik2009_unk_absent";"swap";0,979987121186299;49,1624649859944;51,1697423724735;49,2526796999935;39,6872980799028
"vanschaik2009_unk_absent";"swap";0,979153493233895;49,0224089635854;51,1051011313616;49,1160131059574;40,3142120687909
"vanschaik2009_unk_absent";"swap";0,980200426761526;49,0728291316527;50,8589930727536;49,1531061627134;40,6121127084054
"vanschaik2009_unk_absent";"swap";0,980829938172377;49,3193277310924;50,6489090391401;49,3790841943755;41,3030902395373
"vanschaik2009_unk_absent";"swap";0,982590296298449;49,5238095238095;50,8852535769553;49,5849980205801;40,9952550103233
"vanschaik2009_unk_absent";"swap";0,984385112713363;49,4117647058824;51,1084678626695;49,4880210275357;41,6603112439535
"vanschaik2009_unk_absent";"swap";0,984242555533386;49,3557422969188;51,0953376105687;49,4339263559592;40,9322239141764
"vanschaik2009_unk_absent";"swap";0,982434837691473;49,0616246498599;50,6789647677253;49,1343140933595;41,467943014634
"vanschaik2009_unk_absent";"swap";0,983292406955976;49,0056022408964;50,9888483365374;49,0947368968802;40,9126321916189
"vanschaik2009_unk_absent";"swap";0,980957716506149;49,0056022408964;50,7141230618121;49,0823896935218;40,5270136619587
"vanschaik2009_unk_absent";"swap";0,9816855200314;49,0056022408964;50,7411793388684;49,0836057059738;40,6852996873531
"vanschaik2009_unk_absent";"swap";0,978393835126274;49,1736694677871;51,0797806884992;49,2593373878191;40,3622821741296
"vanschaik2009_unk_absent";"swap";0,978393835126274;48,6750700280112;51,0797806884992;48,7831469116286;40,633001827549
"vanschaik2009_unk_absent";"swap";0,973340698720014;48,843137254902;50,6634078456557;48,9249471690931;40,5838509135821
"vanschaik2009_unk_absent";"swap";0,970524389773489;48,8291316526611;50,5987666045439;48,9086658078019;40,7854599904073
"vanschaik2009_unk_absent";"swap";0,970170030179085;48,8543417366947;50,5987666045439;48,9327428543508;40,8955476111121
"vanschaik2009_unk_absent";"swap";0,970337335807221;49,3165266106443;50,9250028682802;49,3888176784032;40,7050675404795
"vanschaik2009_unk_absent";"swap";0,97097968539556;48,4761904761905;50,8750528183301;48,5840045140394;41,2095149342086
"vanschaik2009_unk_absent";"swap";0,970509139808226;48,5266106442577;50,8750528183301;48,6321586071374;41,0769986586755
"vanschaik2009_unk_absent";"swap";0,970056324855579;48,4425770308123;50,8750528183301;48,5519017853075;40,6546413021874
"vanschaik2009_unk_absent";"swap";0,973250755032201;48,4005602240896;50,939694059442;48,5146785987122;40,4386703333611
"vanschaik2009_unk_absent";"swap";0,973524656518065;48,7366946778711;50,9912050484529;48,8380209866613;38,9590908545942
"vanschaik2009_unk_absent";"swap";0,973825080736455;48,7366946778711;50,9912050484529;48,8380209866613;38,5744516673462
"vanschaik2009_unk_absent";"swap";0,973825080736455;48,9971988795518;50,9912050484529;49,0868171343339;38,1340773472058
"vanschaik2009_unk_absent";"swap";0,974325726708327;48,921568627451;51,0453176025655;49,017018019591;38,5942073258998
"vanschaik2009_unk_absent";"swap";0,972894872677362;48,3473389355742;50,7705923278402;48,4562492003952;38,6256527894454
"vanschaik2009_unk_absent";"swap";0,974411621686191;48,4173669467787;50,3542194849968;48,5044164990582;39,0352486167468
"vanschaik2009_unk_absent";"swap";0,973466904050311;48,1512605042017;50,1741911799685;48,2421787368204;40,1883152254066
"vanschaik2009_unk_absent";"swap";0,976612852759278;48,2352941176471;50,4947040004813;48,3368406292351;40,54121125732
"vanschaik2009_unk_absent";"swap";0,976603344362633;48,2352941176471;50,4815737483805;48,3362505055452;40,5613301297009
"vanschaik2009_unk_absent";"swap";0,978515511684672;48,1652661064426;50,4947040004813;48,2699599443769;39,4381121245271
"vanschaik2009_unk_absent";"swap";0,978396949878864;48,2577030812325;50,3458944766718;48,3515543799039;39,8817471244739
"vanschaik2009_unk_absent";"swap";0,981254274770289;48,2857142857143;50,7352110424589;48,3958040275905;39,9844638223776
"vanschaik2009_unk_absent";"swap";0,984521143855751;48,453781512605;51,0868420794891;48,5721213133639;39,9266229027138
"vanschaik2009_unk_absent";"swap";0,982706559544752;48,9019607843137;51,4130783432254;49,0148200004446;39,0902736939514
"vanschaik2009_unk_absent";"swap";0,983190977064479;48,812324929972;51,4130783432254;48,9292127238261;39,0534957085877
"vanschaik2009_unk_absent";"swap";0,984441952263406;48,8795518207283;51,7841358571401;49,0100949234884;38,7148255456939
"vanschaik2009_unk_absent";"swap";0,982724144797069;49,2577030812325;51,8487770982519;49,3741558460424;40,8861890307727
"vanschaik2009_unk_absent";"swap";0,982196775925218;49,4341736694678;52,0272444642193;49,5507161770971;40,8129940864601
"vanschaik2009_unk_absent";"swap";0,981565229865724;49;51,7908999264041;49,1254337045575;39,2095074400759
"vanschaik2009_unk_absent";"swap";0,981524401782444;48,7843137254902;51,8679062534105;48,9229021537113;39,5450423076843
"vanschaik2009_unk_absent";"swap";0,979962872870086;48,7843137254902;51,8163952643995;48,9205870530816;38,9525989015598
"vanschaik2009_unk_absent";"swap";0,983388501382395;47,5294117647059;51,4147136127178;47,7040320724817;42,4459972333364
"vanschaik2009_unk_absent";"swap";0,98242578987383;47,4453781512605;51,1390482766533;47,6113857973456;42,1414483956788
"vanschaik2009_unk_absent";"swap";0,98357557005201;47,375350140056;51,0646435147486;47,5411610782444;42,263560232852
"vanschaik2009_unk_absent";"swap";0,984374886006137;46,8711484593838;51,0515132626477;47,0590300235754;44,3020248137874
"vanschaik2009_unk_absent";"swap";0,984133510558987;46,7591036414566;51,0000022736367;46,9497058271725;44,0386662548221
"vanschaik2009_unk_absent";"swap";0,9840734138376;46,8263305322129;51,1855310305941;47,0222496557356;43,68768992603
"vanschaik2009_unk_absent";"swap";0,982353004455741;46,8263305322129;50,9239360079696;47,0104925760671;43,3953716517528
"vanschaik2009_unk_absent";"swap";0,981029331366349;47,0924369747899;51,1471502936839;47,2746712812571;43,9186934647414
"vanschaik2009_unk_absent";"swap";0,982995088137211;46,8963585434174;51,3534391029139;47,0966767708105;42,9884576296929
"vanschaik2009_unk_absent";"swap";0,984185515564794;46,8963585434174;51,4049500919249;47,0989918714402;45,7008406276465
"vanschaik2009_unk_absent";"swap";0,983338081912071;47,0448179271709;51,4049500919249;47,2407789233396;43,3258496265017
"vanschaik2009_unk_absent";"swap";0,9825933508027;47,1456582633053;51,4793548538296;47,3404311437783;44,9220924999721
"vanschaik2009_unk_absent";"swap";0,982555222582348;47,6806722689076;51,5605236849985;47,855047613451;42,7086342814619
"vanschaik2009_unk_absent";"swap";0,982340280474116;48,6050420168067;51,7119347739096;48,7446776463394;42,1362502947459
"vanschaik2009_unk_absent";"swap";0,981110433005391;48,6050420168067;51,7119347739096;48,7446776463394;41,8403716370841
"vanschaik2009_unk_absent";"swap";0,983464294686672;48,3389355742297;51,4887204881953;48,4804989411495;41,9119580379439
"vanschaik2009_unk_absent";"swap";0,984582323242065;48,4929971988796;51,7250650260104;48,6382586742562;41,1875661778172
"vanschaik2009_unk_absent";"swap";0,984926630580406;48,3249299719888;51,7381952781112;48,4783351542864;41,2773935847862
"vanschaik2009_unk_absent";"swap";0,986687817508143;49,0448179271709;52,1977541016407;49,1865229237762;36,8570823982145
"vanschaik2009_unk_absent";"swap";0,986687817508143;49,5490196078431;52,1977541016407;49,6680638547554;39,0443174677456
"vanschaik2009_unk_absent";"swap";0,986687817508143;49,5490196078431;52,1977541016407;49,6680638547554;40,3872760401811
"vanschaik2009_unk_absent";"swap";0,986687817508143;49,3585434173669;52,1977541016407;49,486148391941;38,2456034191435
"vanschaik2009_unk_absent";"swap";0,987412358644878;49,1904761904762;52,4103391356543;49,3351891318325;38,0744192806521
"vanschaik2009_unk_absent";"swap";0,987554798607883;49,2857142857143;52,383282858598;49,4249308507877;38,5877457943267
"vanschaik2009_unk_absent";"swap";0,987411216376232;49,3193277310924;52,1977541016407;49,4486952084205;39,0299955650309
"vanschaik2009_unk_absent";"swap";0,985683650322351;49,3193277310924;52,1331128605288;49,4457899841008;39,6049961796654
"vanschaik2009_unk_absent";"swap";0,986222540335996;49,3193277310924;52,1601691375851;49,4470059965528;40,1100582234625
"vanschaik2009_unk_absent";"swap";0,986006878286547;49,3193277310924;52,1331128605288;49,4457899841008;39,422133689806
"vanschaik2009_unk_absent";"swap";0,983749585364583;49,515406162465;52,0071971096131;49,6273967668312;39,3162066437966
"vanschaik2009_unk_absent";"swap";0,983830437585009;49,7114845938375;52,0071971096131;49,8146626844342;39,8703047996806
"vanschaik2009_unk_absent";"swap";0,983410961755834;50,0196078431373;51,9614095638255;50,1068798305839;39,3077304277633
"vanschaik2009_unk_absent";"swap";0,98261859118019;50,0196078431373;51,9098985748145;50,1045647299542;39,2162769430934
"vanschaik2009_unk_absent";"swap";0,982218362071707;49,9019607843137;51,9098985748145;49,9922051793924;39,2217815648337
"vanschaik2009_unk_absent";"swap";0,980623356364898;49,8739495798319;51,6122795271955;49,9520767684775;39,6807638251879
"vanschaik2009_unk_absent";"swap";0,980542974888826;49,3977591036415;51,5991492750947;49,4966979877517;40,0766006447396
"vanschaik2009_unk_absent";"swap";0,982064754609009;49,2857142857143;51,6769207683073;49,3931842399881;40,0128852970395
"vanschaik2009_unk_absent";"swap";0,981699773567506;49,1176470588235;51,6254097792963;49,2303554956987;40,4306407115331
"vanschaik2009_unk_absent";"swap";0,980245864292998;49,1176470588235;51,5607685381845;49,2274502713791;40,4250470778428
"vanschaik2009_unk_absent";"swap";0,979593450214367;48,296918767507;51,2563854213014;48,4299285047562;42,0167492379969
"vanschaik2009_unk_absent";"swap";0,981112825423787;48,4509803921569;51,3594073993234;48,5816962127037;41,721647090903
"vanschaik2009_unk_absent";"swap";0,980081976940855;48,515406162465;51,4109183883344;48,6455415434029;41,6969288481163
"vanschaik2009_unk_absent";"swap";0,982042359152368;48,5210084033613;51,2595072994233;48,6440870054315;42,1371869329753
"vanschaik2009_unk_absent";"swap";0,982059232712377;48,6050420168067;51,5342325741485;48,7366910306198;41,8776929236762
"vanschaik2009_unk_absent";"swap";0,982599001651753;49,3613445378151;51,6356936131096;49,4635624737834;42,4403812217751
"vanschaik2009_unk_absent";"swap";0,981377622681667;49,3613445378151;51,5612888512048;49,4602184395405;41,8048057402883
"vanschaik2009_unk_absent";"swap";0,981885976832663;49,3613445378151;51,5612888512048;49,4602184395405;41,2315113982455
"vanschaik2009_unk_absent";"swap";0,984119041830129;49,4649859943978;50,3405864093889;49,5043388220378;42,5646538836542
"vanschaik2009_unk_absent";"swap";0,982791840900117;49,4649859943978;50,2759451682771;49,5014335977182;43,0589804216683
"vanschaik2009_unk_absent";"swap";0,982725744671467;49,4089635854342;50,3030014453334;49,4491450622836;41,6406496866354
"vanschaik2009_unk_absent";"swap";0,981968782691499;49,4089635854342;50,0929174117199;49,4397030832448;41,4899370995927
"vanschaik2009_unk_absent";"swap";0,982252438404707;49,4089635854342;50,1158111846137;49,440732016858;41,2456468991501
"vanschaik2009_unk_absent";"swap";0,982063307289368;49,4089635854342;50,1158111846137;49,440732016858;41,6427049099159
"vanschaik2009_unk_absent";"swap";0,984446395729067;49,2745098039216;50,1158111846137;49,3123211019302;42,1580513295692
"vanschaik2009_unk_absent";"swap";0,986149755180609;49,2745098039216;50,1804524257255;49,3152263262498;41,7466789193821
"vanschaik2009_unk_absent";"swap";0,985374476728029;49,2464985994398;50,2033461986193;49,2895029859198;42,5552921252275
"vanschaik2009_unk_absent";"swap";0,984514846816855;49,2464985994398;50,2033461986193;49,2895029859198;43,2382836085526
"vanschaik2009_unk_absent";"swap";0,983566196636615;49,1904761904762;50,2304024756756;49,2372144504852;42,0603547396565
"vanschaik2009_unk_absent";"swap";0,982779842355745;49,2829131652661;50,3048072375803;49,3288409887409;41,9424951672507
"vanschaik2009_unk_absent";"swap";0,979898910295688;49,2829131652661;50,2172722235748;49,3249068308081;41,3991321942224
"vanschaik2009_unk_absent";"swap";0,981432249381719;49,2829131652661;50,2916769854795;49,328250865051;41,3425227973421
"vanschaik2009_unk_absent";"swap";0,982007003547107;49,1988795518207;50,0291419015158;49,2361947136048;41,3128620441916
"vanschaik2009_unk_absent";"swap";0,981333587192222;49,0952380952381;50,0806528905268;49,1395264006443;41,6549466828738
"vanschaik2009_unk_absent";"swap";0,980813685964709;48,7731092436975;50,2907369241403;48,8413172293354;43,0452420598965
"vanschaik2009_unk_absent";"swap";0,98074564135288;49,0812324929972;50,2776066720394;49,1350021190216;42,8275979882548
"vanschaik2009_unk_absent";"swap";0,98023603171712;49,0952380952381;50,067522638426;49,1389362769544;41,6877686663958
"vanschaik2009_unk_absent";"swap";0,98011232345208;49,0952380952381;49,921314679718;49,1323651327428;42,172125339229
"vanschaik2009_unk_absent";"swap";0,97829529931958;49,3333333333333;50,1338997137316;49,3693138448119;43,5141562541359
"vanschaik2009_unk_absent";"swap";0,978634019106915;49,3333333333333;50,1470299658325;49,3699039685018;43,7244579388328
"vanschaik2009_unk_absent";"swap";0,979105050577257;49,375350140056;49,9956188769214;49,4032273866567;43,303766126095
"vanschaik2009_unk_absent";"swap";0,981812111922306;49,4873949579832;50,0087491290222;49,5108266061198;42,5533758120261
"vanschaik2009_unk_absent";"swap";0,982384485918799;49,4873949579832;50,0087491290222;49,5108266061198;42,3776906897923
"vanschaik2009_unk_absent";"swap";0,982384485918799;49,4873949579832;50,0087491290222;49,5108266061198;42,0644449321554
"vanschaik2009_unk_absent";"swap";0,983053522470681;49,4873949579832;50,2188331626357;49,5202685851586;43,040221224618
"vanschaik2009_unk_absent";"swap";0,983230483952751;49,5714285714286;50,2319634147365;49,6011155306784;41,7233511155298
"vanschaik2009_unk_absent";"swap";0,983230483952751;49,5714285714286;50,2319634147365;49,6011155306784;41,9306665431202
"vanschaik2009_unk_absent";"swap";0,980346606970256;49,5434173669468;50,4104307807039;49,5823842619471;42,5527579189764
"vanschaik2009_unk_absent";"swap";0,980403442753178;49,4873949579832;50,3833745036476;49,5276637016086;42,821505407115
"vanschaik2009_unk_absent";"swap";0,981804146938847;49,515406162465;50,3965047557485;49,5550060992418;42,2831341312673
"vanschaik2009_unk_absent";"swap";0,981063721488667;49,4145658263305;50,3833745036476;49,458107789356;42,5262105021702
"vanschaik2009_unk_absent";"swap";0,981249003034135;49,8347338935574;50,663302908576;49,8719729504122;41,6933425834947
"vanschaik2009_unk_absent";"swap";0,980075478409203;50,1344537815126;50,6764331606769;50,1588124052953;41,997471535214
"vanschaik2009_unk_absent";"swap";0,980682640606181;50,2128851540616;50,1539645578511;50,210237037378;42,9638910568104
"vanschaik2009_unk_absent";"swap";0,983443188334708;50,2128851540616;50,4515836054702;50,2236131743496;43,4158678559815
"vanschaik2009_unk_absent";"swap";0,983242737622947;50,2885154061625;50,4515836054702;50,2958443139965;43,2974442470577
"vanschaik2009_unk_absent";"swap";0,982055723824847;50,2885154061625;50,2283693197559;50,2858122112678;43,3722848232452
"vanschaik2009_unk_absent";"swap";0,983308824172512;50,3641456582633;49,9405137929298;50,3451060238663;43,7345287863037
"vanschaik2009_unk_absent";"swap";0,983872150557439;50,3641456582633;50,163728078644;50,355138126595;43,5096784922671
"vanschaik2009_unk_absent";"swap";0,981751598704102;50,1120448179272;49,7244614629068;50,094625341297;44,1621405423452
"vanschaik2009_unk_absent";"swap";0,981561631287714;50,1120448179272;49,7244614629068;50,094625341297;43,5360246430588
"vanschaik2009_unk_absent";"swap";0,983780902394206;50,2857142857143;49,9224252638118;50,2693866892243;43,4716478498887
"vanschaik2009_unk_absent";"swap";0,984035570631298;50,3641456582633;50,2617917796489;50,3595454839436;43,4491061334233
"vanschaik2009_unk_absent";"swap";0,984583797996477;50,1792717086835;50,1513629927495;50,1780173843718;43,8919376535946
"vanschaik2009_unk_absent";"swap";0,983206795998843;50,218487394958;50,3639480267631;50,2250249514436;43,796860130577
"vanschaik2009_unk_absent";"swap";0,982698926555304;50,1708683473389;50,9746468517477;50,2069932239416;42,189113015002
"vanschaik2009_unk_absent";"swap";0,982802667075609;50,1120448179272;51,2722658993667;50,1641895856323;41,9565960223947
"vanschaik2009_unk_absent";"swap";0,986239101926806;49,6918767507003;51,0621818657533;49,7534634974442;41,7802991186091
"vanschaik2009_unk_absent";"swap";0,985325118111327;49,6918767507003;51,0106708767423;49,7511483968145;41,1705153521053
"vanschaik2009_unk_absent";"swap";0,985849930658108;49,859943977591;51,2207549103558;49,921104019513;41,4114367422711
"vanschaik2009_unk_absent";"swap";0,985390953965754;50,1260504201681;51,2436486832495;50,1762795555875;41,5046080731378
"vanschaik2009_unk_absent";"swap";0,985390953965754;50,1260504201681;51,2436486832495;50,1762795555875;41,6150570532976
"vanschaik2009_unk_absent";"swap";0,983202332626206;50,1932773109244;51,1561136692439;50,2365508551185;41,053398005042
"vanschaik2009_unk_absent";"swap";0,982899098009059;50,2072829131653;51,0144661011258;50,2435608092534;41,2081284419482
"vanschaik2009_unk_absent";"swap";0,98229147010786;50,375350140056;51,23768038684;50,4141065556418;41,2606563168422
"vanschaik2009_unk_absent";"swap";0,983807442335326;50,0952380952381;51,5124056615653;50,1589310195674;41,1607958408019
"vanschaik2009_unk_absent";"swap";0,983042536720895;50,1512605042017;51,289191375851;50,2024034647252;41,2414587767927
"vanschaik2009_unk_absent";"swap";0,983937008826952;50,0896358543417;51,239241325901;50,1413035159849;41,5036454704394
"vanschaik2009_unk_absent";"swap";0,983937008826952;50,1736694677871;51,239241325901;50,2215603378147;41,5922606441739
"vanschaik2009_unk_absent";"swap";0,983937008826952;50,1736694677871;51,239241325901;50,2215603378147;41,4178052261935
"vanschaik2009_unk_absent";"swap";0,984687208703768;50,1736694677871;51,290752314912;50,2238754384444;41,4682671226002
"vanschaik2009_unk_absent";"swap";0,982935596013059;50,2408963585434;50,7936784853802;50,2657404990754;41,4890040692878
"vanschaik2009_unk_absent";"swap";0,983544145357826;50,2408963585434;50,7936784853802;50,2657404990754;42,113503038379
"vanschaik2009_unk_absent";"swap";0,983544145357826;50,2408963585434;50,7936784853802;50,2657404990754;42,3446762019389
"vanschaik2009_unk_absent";"swap";0,979800246649404;50,4033613445378;50,7421674963692;50,4185885873168;43,2852355590063
"vanschaik2009_unk_absent";"swap";0,972515486040704;50,4173669467787;50,0658611346637;50,4015689327511;42,9672178946865
"vanschaik2009_unk_absent";"swap";0,975250626815882;50,3501400560224;50,4378849441875;50,3540836465017;43,0742227663757
"vanschaik2009_unk_absent";"swap";0,978563117586652;50,327731092437;50,0397711532165;50,3147890726967;43,5350260158059
"vanschaik2009_unk_absent";"swap";0,985627804600528;50,2605042016807;49,9932883992758;50,2484945026962;43,7150034129818
"vanschaik2009_unk_absent";"swap";0,989897642435045;50,1288515406162;50,3841659041239;50,1403263434705;43,759287859456
"vanschaik2009_unk_absent";"swap";0,989011739728677;50,1288515406162;50,3841659041239;50,1403263434705;43,020402951053
"vanschaik2009_unk_absent";"swap";0,987273852951213;50,1624649859944;50,3195246630121;50,1695238478828;42,9352179952885
"vanschaik2009_unk_absent";"swap";0,987079507702686;50,1624649859944;50,3195246630121;50,1695238478828;43,0091874662257
"vanschaik2009_unk_absent";"swap";0,983193192751906;50,1820728291317;50,2067391641971;50,1831814284604;42,8313498460254
"vanschaik2009_unk_absent";"swap";0,981710320469519;50,1820728291317;50,1552281751862;50,1808663278307;42,6086468337974
"vanschaik2009_unk_absent";"swap";0,981710320469519;50,1820728291317;50,1552281751862;50,1808663278307;43,2831421402739
"vanschaik2009_unk_absent";"swap";0,98229269496901;50,2380952380952;50,3915727130013;50,244993102136;42,4891283863241
"vanschaik2009_unk_absent";"swap";0,982698926555304;50,3781512605042;50,4415227629513;50,3809994179176;41,9568474684617
"vanschaik2009_unk_absent";"swap";0,983338746405438;50,3921568627451;50,704057846915;50,4061748845055;42,279202839952
"vanschaik2009_unk_absent";"swap";0,98213310968912;50,3081232492997;50,704057846915;50,3259180626757;42,3031834499425
"vanschaik2009_unk_absent";"swap";0,98213310968912;50,3081232492997;50,704057846915;50,3259180626757;42,4423611289637
"vanschaik2009_unk_absent";"swap";0,981386334460895;50,3081232492997;50,7784626088198;50,3292620969186;42,1540857010628
"vanschaik2009_unk_absent";"swap";0,981859334990409;50,3781512605042;50,7784626088198;50,3961427817768;42,0711332802509
"vanschaik2009_unk_absent";"swap";0,983000877377165;50,546218487395;50,5429838019124;50,5460731082721;42,1880153516776
"vanschaik2009_unk_absent";"swap";0,984211470049415;50,546218487395;50,7661980876267;50,5561052110009;42,2419984374621
"vanschaik2009_unk_absent";"swap";0,98490758749026;50,4761904761905;50,7661980876267;50,4892245261427;42,0109322479604
"vanschaik2009_unk_absent";"swap";0,986376990737085;50,5182072829132;50,5536130536131;50,5197985535064;42,3503325338343
"vanschaik2009_unk_absent";"swap";0,985984784508542;50,1708683473389;50,3767066267066;50,1801195059622;43,7670656411962
"vanschaik2009_unk_absent";"swap";0,985479150559458;49,952380952381;50,5867906603201;49,9808937482434;41,7093096640581
"vanschaik2009_unk_absent";"swap";0,985479074402984;49,6358543417367;50,5326781062075;49,6761610277803;40,8756563229138
"vanschaik2009_unk_absent";"swap";0,981646270118735;49,6498599439776;49,6952976994994;49,6519020902932;41,6113900360833
"vanschaik2009_unk_absent";"swap";0,9793887934981;49,6358543417367;49,5660152172757;49,6327155046823;42,0876792918459
"vanschaik2009_unk_absent";"swap";0,979435932793799;49,843137254902;50,0787202993085;49,8537252568978;41,4571780620227
"vanschaik2009_unk_absent";"swap";0,97773836210519;49,6610644257703;49,7786002512893;49,6663469347824;41,5930911737232
"vanschaik2009_unk_absent";"swap";0,976451282050093;49,8487394957983;50,0716589083186;49,8587583457992;40,8553986261955
"vanschaik2009_unk_absent";"swap";0,976451282050093;49,6526610644258;50,0716589083186;49,6714924281962;41,5331163263388
"vanschaik2009_unk_absent";"swap";0,974287211167074;49,6526610644258;49,5614548266859;49,6485619076734;40,793300110439
"vanschaik2009_unk_absent";"swap";0,973319435560833;49,6022408963585;49,5614548266859;49,6004078145755;41,894258715601
"vanschaik2009_unk_absent";"swap";0,979732360706474;49,7002801120448;50,4732399952988;49,7350198820787;41,8786588382267
"vanschaik2009_unk_absent";"swap";0,979586512455709;49,7142857142857;50,4732399952988;49,7483960190503;42,1974845075314
"vanschaik2009_unk_absent";"swap";0,980787853597892;49,546218487395;50,4732399952988;49,5878823753906;42,3656145228921
"vanschaik2009_unk_absent";"swap";0,978040954280052;49,7226890756302;50,1985147205735;49,7440744978749;42,9709124314685
"vanschaik2009_unk_absent";"swap";0,978343990623863;49,4285714285714;50,2116449726744;49,4637657451603;42,6708388423421
"vanschaik2009_unk_absent";"swap";0,977148209950047;49,5686274509804;50,3971737296317;49,605865485976;42,6869924652574
"vanschaik2009_unk_absent";"swap";0,97791860501147;49,8627450980392;50,4783425608005;49,8904123997363;42,7772131668442
"vanschaik2009_unk_absent";"swap";0,980062830055706;49,8627450980392;50,688426594414;49,8998543787752;43,0714159211006
"vanschaik2009_unk_absent";"swap";0,980310357338811;49,1848739495798;50,2975490895659;49,2348818210399;43,6546633302974
"vanschaik2009_unk_absent";"swap";0,975845121896633;49,1848739495798;50,1585030865493;49,2286325624773;43,4789882461088
"vanschaik2009_unk_absent";"swap";0,975989366919126;49,1288515406162;50,3204428624597;49,1824062067665;43,5693863766706
"vanschaik2009_unk_absent";"swap";0,976637371106753;49,1708683473389;50,3745554165722;49,2249666425854;43,1243565830479
"vanschaik2009_unk_absent";"swap";0,977979663982616;48,9159663865546;50,0351145703036;48,9662651813299;43,7229600736947
"vanschaik2009_unk_absent";"swap";0,979680533657602;48,8879551820728;50,1512668004265;48,9447332323359;43,9401770060701
"vanschaik2009_unk_absent";"swap";0,980871657083934;48,5686274509804;49,6516919704945;48,6173045080372;44,0720708397289
"vanschaik2009_unk_absent";"swap";0,978868725427375;48,8655462184874;49,9640765397068;48,9149183677557;43,7420818940515
"vanschaik2009_unk_absent";"swap";0,979312229230193;48,5742296918768;49,4609338490641;48,6140815641099;43,5776500815498
"vanschaik2009_unk_absent";"swap";0,982444512861772;48,9747899159664;49,3505050621647;48,9916759899528;44,728121864416
"vanschaik2009_unk_absent";"swap";0,980104695862738;48,9747899159664;49,0528860145457;48,9782998529812;45,5028188647573
"vanschaik2009_unk_absent";"swap";0,980104695862738;49,2689075630252;49,0528860145457;49,2591987293857;45,1800508077345
"vanschaik2009_unk_absent";"swap";0,979724661964939;49,2997198879552;49,8754746653906;49,3255965071658;44,2418008299983
"vanschaik2009_unk_absent";"swap";0,979694655702542;49,5182072829132;49,8623444132898;49,5336741202335;43,6811623055252
"vanschaik2009_unk_absent";"swap";0,97949781624114;49,5042016806723;49,6522603796763;49,510856004223;44,0463110729507
"vanschaik2009_unk_absent";"swap";0,978974433624002;49,6330532212885;50,1003242205973;49,6540541650777;43,2221609080036
"vanschaik2009_unk_absent";"swap";0,980558784063286;49,4229691876751;50,2393702236139;49,4596613690656;42,7112301258091
"vanschaik2009_unk_absent";"swap";0,980274561316673;49,5350140056022;50,2525004757148;49,5672605885286;42,242312376618
"vanschaik2009_unk_absent";"swap";0,97980845224364;49,5910364145658;50,2525004757148;49,6207651364152;42,1945038756972
"vanschaik2009_unk_absent";"swap";0,978894903592466;49,6890756302521;50,0424164421013;49,7049561161779;42,3731652726387
"vanschaik2009_unk_absent";"swap";0,981778199607121;48,7086834733894;49,9409554031403;48,764066481468;44,3487891234461
"vanschaik2009_unk_absent";"swap";0,981715194266073;48,7142857142857;50,1493779329914;48,7787842409691;43,2047422592767
"vanschaik2009_unk_absent";"swap";0,980981003607933;48,9159663865546;50,0520793981928;48,9670276455047;42,3573915413422
"vanschaik2009_unk_absent";"swap";0,980236340470182;48,8823529411765;49,979235575349;48,9316510370943;43,5675828309389
"vanschaik2009_unk_absent";"swap";0,979772373117514;49,0980392156863;49,8876604837739;49,1335278120048;43,8738435544302
"vanschaik2009_unk_absent";"swap";0,976650884990353;49,2380952380952;49,8361494947629;49,2649740810915;43,8232944140218
"vanschaik2009_unk_absent";"swap";0,97613638649061;49,3501400560224;49,8632057718192;49,3731991893167;43,8952273737999
"vanschaik2009_unk_absent";"swap";0,977854937797354;49,3501400560224;49,9147167608302;49,3755142899464;44,3611409394923
"vanschaik2009_unk_absent";"swap";0,978563301137577;49,6022408963585;49,989121522735;49,6196287896788;42,8563213437997
"vanschaik2009_unk_absent";"swap";0,976899067639479;49,5322128851541;49,8729692926122;49,5475277798713;42,5703542005333
"vanschaik2009_unk_absent";"swap";0,976899067639479;49,5322128851541;49,8729692926122;49,5475277798713;43,8991957160019
"vanschaik2009_unk_absent";"swap";0,976184001738388;49,5322128851541;49,8500755197184;49,5464988462581;43,0982626265579
"vanschaik2009_unk_absent";"swap";0,975625486491743;49,5882352941176;49,9473740545169;49,6043763620008;43,8428764380217
"vanschaik2009_unk_absent";"swap";0,97518043989025;49,5126050420168;50,8164454593026;49,571204611333;42,2628410068305
"vanschaik2009_unk_absent";"swap";0,976503136412362;49,4285714285714;51,0324977893255;49,5006580065828;41,7680162431649
"vanschaik2009_unk_absent";"swap";0,978317594027061;49,5546218487395;51,242581822939;49,6304852183664;41,1540138688875
"vanschaik2009_unk_absent";"swap";0,978680020181071;49,5546218487395;51,2557120750398;49,6310753420564;41,7611748239766
"vanschaik2009_unk_absent";"swap";0,979378909979838;49,5406162464986;51,2557120750398;49,6176992050847;41,7761930160905
"vanschaik2009_unk_absent";"swap";0,979159661645575;49,7927170868347;51,242581822939;49,8578795468844;41,8240584847645
"vanschaik2009_unk_absent";"swap";0,98081627217618;49,7927170868347;51,3072230640508;49,860784771204;41,3076931284189
"vanschaik2009_unk_absent";"swap";0,981720840387462;49,8627450980392;51,3072230640508;49,9276654560622;41,6961999468227
"vanschaik2009_unk_absent";"swap";0,9773394979668;49,7871148459384;50,9056419770705;49,8373857282364;41,4815361618932
"vanschaik2009_unk_absent";"swap";0,977540856607493;49,7871148459384;50,9056419770705;49,8373857282364;42,0949714141234
"vanschaik2009_unk_absent";"swap";0,977742011831618;49,7871148459384;50,9056419770705;49,8373857282364;41,5439052860834
"vanschaik2009_unk_absent";"swap";0,977239764878807;49,8571428571429;50,9326982541268;49,9054824255466;41,7637118838078
"vanschaik2009_unk_absent";"swap";0,976844588960713;49,3529411764706;50,7226142205134;49,4144995155287;41,8652499840478
"vanschaik2009_unk_absent";"swap";0,976686975657437;49,3193277310924;50,7741252095244;49,3847118874265;42,0911628700062
"vanschaik2009_unk_absent";"swap";0,978305812235767;48,7170868347339;50,6997204476196;48,8061939634029;44,4490836480131
"vanschaik2009_unk_absent";"swap";0,978359625125503;48,8291316526611;50,6865901955188;48,9126129354861;44,4087058002315
"vanschaik2009_unk_absent";"swap";0,980256943228602;48,6106442577031;50,5892916607202;48,6995722308724;42,2915634328326
"vanschaik2009_unk_absent";"swap";0,980476777163555;48,5070028011204;50,562235383664;48,5993728048303;44,5617535351258
"vanschaik2009_unk_absent";"swap";0,981116083140146;48,6750700280112;50,164121592693;48,7419936938396;41,7105148790386
"vanschaik2009_unk_absent";"swap";0,980952155983146;48,1848739495798;50,0371652157366;48,2681229952498;45,6325009748775
"vanschaik2009_unk_absent";"swap";0,979816653353322;48,0168067226891;50,0469287365296;48,1080481615134;45,2706557640619
"vanschaik2009_unk_absent";"swap";0,979154371522216;47,3081232492997;49,7974539466136;47,4200032806397;43,6832640499782
"vanschaik2009_unk_absent";"swap";0,978604130191029;47,3081232492997;50,0075379802271;47,4294452596785;45,2699624961512
"vanschaik2009_unk_absent";"swap";0,978604130191029;47,3081232492997;50,0075379802271;47,4294452596785;44,5768138889257
"vanschaik2009_unk_absent";"swap";0,978414096357911;46,0756302521008;49,1849493293821;46,2153749297315;46,7210296880934
"vanschaik2009_unk_absent";"swap";0,975389658608464;47,4481792717087;49,9331332183223;47,559862595152;43,1500770505982
"vanschaik2009_unk_absent";"swap";0,974658207692986;47,4481792717087;49,8816222293113;47,5575474945223;43,2047182152753
"vanschaik2009_unk_absent";"swap";0,973603100739599;47,0672268907563;49,7088783065674;47,1859527970849;43,3300629388565
"vanschaik2009_unk_absent";"swap";0,976867799881441;47,0672268907563;49,8103393455284;47,1905128437798;42,9692128465521
"vanschaik2009_unk_absent";"swap";0,977180859518918;47,3557422969188;49,8790206642097;47,4691480662352;43,3384020950955
"vanschaik2009_unk_absent";"swap";0,976988418859963;48,2240896358543;50,0409604401201;48,3057467506528;41,6919059452119
"vanschaik2009_unk_absent";"swap";0,97378438220308;48,218487394958;49,179991052365;48,2617010424819;43,9152345540471
"vanschaik2009_unk_absent";"swap";0,974862664495285;49,2296918767507;49,5343242191982;49,2433832179843;42,1794799570765
"vanschaik2009_unk_absent";"swap";0,974862664495285;49,2577030812325;49,5343242191982;49,2701354919276;42,728643417518
"vanschaik2009_unk_absent";"swap";0,974417955090133;49,4033613445378;49,615493050367;49,4128953537886;42,4429972674987
"vanschaik2009_unk_absent";"swap";0,973622706031819;50,327731092437;49,7571406184852;50,3020865767538;41,430640949716
"vanschaik2009_unk_absent";"swap";0,97294447498435;50,1456582633053;49,506970620416;50,1169532007036;41,4444872505009
"vanschaik2009_unk_absent";"swap";0,974138749662953;50,5406162464986;49,7793391832257;50,5064015470257;40,9268348788534
"vanschaik2009_unk_absent";"swap";0,974427112809926;50,5406162464986;49,9894232168392;50,5158435260645;41,205623814488
"vanschaik2009_unk_absent";"swap";0,976967933634188;50,4425770308123;50,1439561838721;50,4291558691521;41,1765306540321
"vanschaik2009_unk_absent";"swap";0,975872779664107;50,5266106442577;49,8692309091469;50,4970654876235;41,5819886836959
"vanschaik2009_unk_absent";"swap";0,977089533704168;50,3165266106443;49,9722528871688;50,3010536343083;41,370958717137
"vanschaik2009_unk_absent";"swap";0,975616996585809;50,140056022409;49,6475775624935;50,117922159042;41,3097670004322
"vanschaik2009_unk_absent";"swap";0,976890321859504;49,9439775910364;49,8707918482078;49,9406883441677;40,93977274012
"vanschaik2009_unk_absent";"swap";0,97585646790623;50,0280112044818;49,8445313440061;50,0197649186177;41,0287404968362
"vanschaik2009_unk_absent";"swap";0,974780038014362;50,2801120448179;49,7415093659842;50,2559051828479;41,3604550774916
"vanschaik2009_unk_absent";"swap";0,975296748987815;50,2380952380952;49,5900982770731;50,2089717791729;41,7004268505421
"vanschaik2009_unk_absent";"swap";0,974262277617689;50,1960784313725;49,4045695201157;50,1605049971588;42,5607901818171
"vanschaik2009_unk_absent";"swap";0,972847670805631;49,8039215686275;49,1944854865023;49,776531182914;41,7381757701258
"vanschaik2009_unk_absent";"swap";0,973545655902104;49,9859943977591;50,113506941238;49,9917252985896;40,7710947883933
"vanschaik2009_unk_absent";"swap";0,972822315479725;49,4817927170868;50,0391021793333;49,5068403333676;40,9897856822106
"vanschaik2009_unk_absent";"swap";0,973945813817409;49,8739495798319;50,0391021793333;49,8813721685736;41,2250869312892
"vanschaik2009_unk_absent";"swap";0,974048081199757;49,8879551820728;50,0259719272324;49,8941581818553;41,7160800465301
"vanschaik2009_unk_absent";"swap";0,972327487684793;49,6778711484594;50,0846448719348;49,6961531135594;41,5236496303459
"vanschaik2009_unk_absent";"swap";0,97282244226862;49,6162464985994;50,0846448719348;49,6372981108842;41,0991667203508
"vanschaik2009_unk_absent";"swap";0,975250440868543;49,4201680672269;50,4240113877719;49,4652846209592;40,9287099055294
"vanschaik2009_unk_absent";"swap";0,977114673255057;49,7058823529412;50,9220252786429;49,7605404619615;40,1727656712648
"vanschaik2009_unk_absent";"swap";0,975838950031538;49,8487394957983;51,3481616422793;49,9161292551907;40,4619162217107
"vanschaik2009_unk_absent";"swap";0,981525956931272;49,9747899159664;51,9459007379175;50,0633791663912;39,9859478401925
"vanschaik2009_unk_absent";"swap";0,983886863800162;49,750700280112;52,1209707659288;49,8572292907105;39,4248954185405
"vanschaik2009_unk_absent";"swap";0,983869879792699;49,8067226890756;52,1341010180296;49,911323962287;39,430965989836
"vanschaik2009_unk_absent";"swap";0,982955801723613;49,8487394957983;51,5234021930451;49,9240052350004;40,3726935334335
"vanschaik2009_unk_absent";"swap";0,982924264593945;49,7422969187675;51,8944597069597;49,8390233362143;39,3158416410185
"vanschaik2009_unk_absent";"swap";0,983511856831581;49,7675070028011;51,8944597069597;49,8631003827633;39,1311815071866
"vanschaik2009_unk_absent";"swap";0,984263243687744;49,6834733893557;51,8944597069597;49,7828435609335;39,7680740379155
"vanschaik2009_unk_absent";"swap";0,983155046777483;49,6834733893557;51,8429487179487;49,7805284603037;39,7487725084449
"vanschaik2009_unk_absent";"swap";0,982935309509505;49,5574229691877;51,8429487179487;49,660143227559;39,7143672214255
"vanschaik2009_unk_absent";"swap";0,981670269976945;49,5574229691877;51,6328646843353;49,6507012485202;39,8983974550471
"vanschaik2009_unk_absent";"swap";0,981421132243951;49,5574229691877;51,5829146343852;49,648456302455;39,2952892836682
"vanschaik2009_unk_absent";"swap";0,978278485542005;49,6974789915966;51,8759732914145;49,7953888477682;38,7711949248116
"vanschaik2009_unk_absent";"swap";0,978492109580163;50,2436974789916;51,8628430393136;50,3164680659724;39,1320221401853
"vanschaik2009_unk_absent";"swap";0,983168360432961;50,3837535014006;52,0379130673248;50,4580977515545;38,925619377193
"vanschaik2009_unk_absent";"swap";0,983138649312738;50,3697478991597;52,4605821349519;50,4637179771728;38,5507621658985
"vanschaik2009_unk_absent";"swap";0,983595010137964;50,2156862745098;52,4605821349519;50,3165804704847;38,7237562673333
"vanschaik2009_unk_absent";"swap";0,983252257339287;49,8515406162465;52,4605821349519;49,968800909222;38,6154978956616
"vanschaik2009_unk_absent";"swap";0,983943605356727;49,9019607843137;52,4834759078457;50,0179839359331;38,7392540701175
"vanschaik2009_unk_absent";"swap";0,983575407000264;49,8179271708683;52,3861773730471;49,9333541462472;39,9846861397245
"vanschaik2009_unk_absent";"swap";0,982161034732241;49,7619047619048;52,2568948908235;49,8740391497213;39,4276545112506
"vanschaik2009_unk_absent";"swap";0,982161034732241;50,1316526610644;52,2568948908235;50,2271691657727;38,5839346007052
"vanschaik2009_unk_absent";"swap";0,982085740952164;49,8151260504202;52,2340011179297;49,9238395366004;38,7141170989246
"vanschaik2009_unk_absent";"swap";0,981211512902231;49,8151260504202;52,1824901289187;49,9215244359707;38,7128659543089
"vanschaik2009_unk_absent";"swap";0,979313390324262;49,9775910364146;52,2053839018125;50,0777165584549;39,0540285385919
"vanschaik2009_unk_absent";"swap";0,979129014835571;49,9355742296919;52,2929189158181;50,0415223054728;39,0515134709451
"vanschaik2009_unk_absent";"swap";0,979129014835571;49,9439775910364;52,2929189158181;50,0495479876558;39,3280813402953
"vanschaik2009_unk_absent";"swap";0,979250457182126;50,140056022409;52,2929189158181;50,2368139052588;39,3871068285267
"vanschaik2009_unk_absent";"swap";0,981106810523988;50,2408963585434;52,2797886637172;50,3325319677647;39,9459451935581
"vanschaik2009_unk_absent";"swap";0,981106810523988;49,9607843137255;52,2797886637172;50,0650092283319;39,9144371912028
"vanschaik2009_unk_absent";"swap";0,980699494085458;49,8711484593838;52,3158126887119;49,9810210090165;39,8598811208315
"vanschaik2009_unk_absent";"swap";0,980857593658238;50,0672268907563;52,3428689657681;50,1695029390714;39,8876804729422
"vanschaik2009_unk_absent";"swap";0,982684429380863;49,8991596638655;52,4458909437901;50,0136194966711;39,8647670785724
"vanschaik2009_unk_absent";"swap";0,983646698929866;49,7310924369748;52,1122478711764;49,8381106587367;40,5469173925099
"vanschaik2009_unk_absent";"swap";0,983646698929866;49,6050420168067;52,1122478711764;49,7177254259919;40,6074665393081
"vanschaik2009_unk_absent";"swap";0,983646698929866;49,3249299719888;52,1122478711764;49,450202686559;39,6866904905912
"vanschaik2009_unk_absent";"swap";0,984910937534522;49,4089635854342;52,2152698491984;49,5350897096483;39,2544757725647
"vanschaik2009_unk_absent";"swap";0,984910937534522;49,8571428571429;52,2152698491984;49,9631260927409;39,381821400024
"vanschaik2009_unk_absent";"swap";0,984687439923966;49,6890756302521;52,0736222810803;49,7962462662444;39,1710371287131
"vanschaik2009_unk_absent";"swap";0,985017412033109;49,7535014005602;52,1194098268678;49,8598343635403;39,3379991834354
"vanschaik2009_unk_absent";"swap";0,982047685788771;49,6666666666667;52,1964161538741;49,7803632728333;39,2002535948367
"vanschaik2009_unk_absent";"swap";0,983182679951689;49,8011204481793;52,1964161538741;49,9087741877611;39,6249700284762
"vanschaik2009_unk_absent";"swap";0,981187043225737;49,8011204481793;52,1449051648631;49,9064590871314;39,7950875535838
"vanschaik2009_unk_absent";"swap";0,980745216323575;49,8011204481793;52,1449051648631;49,9064590871314;40,0959415647483
"vanschaik2009_unk_absent";"swap";0,981223022384411;50,0252100840336;52,3549891984766;50,1299192577164;40,770652090571
"vanschaik2009_unk_absent";"swap";0,982971410313694;49,7787114845938;52,5037987222861;49,9011873155014;40,7619626547641
"vanschaik2009_unk_absent";"swap";0,982744133683994;49,7787114845938;52,5037987222861;49,9011873155014;40,4297292638736
"vanschaik2009_unk_absent";"swap";0,985254355746269;49,9047619047619;52,5553097112971;50,0238876488758;40,5664900586258
"vanschaik2009_unk_absent";"swap";0,987334004560544;50,0560224089636;52,5324159384033;50,1673209945564;40,3813334977543
"vanschaik2009_unk_absent";"swap";0,988552361405648;50,0840336134454;52,4677746972915;50,19116804418;40,6773646732673
"vanschaik2009_unk_absent";"swap";0,988552361405648;50,140056022409;52,4677746972915;50,2446725920666;40,4230907417361
"vanschaik2009_unk_absent";"swap";0,987789930231271;50,2296918767507;52,370476162493;50,325906900829;39,3157837637763
"vanschaik2009_unk_absent";"swap";0,987789930231271;50,2296918767507;52,370476162493;50,325906900829;39,674950622053
"vanschaik2009_unk_absent";"swap";0,985471723294813;50,2072829131653;52,370476162493;50,3045050816744;40,2856898992687
"vanschaik2009_unk_absent";"swap";0,985675259888295;49,9551820728291;52,3933699353867;50,064763549798;39,8927825748281
"vanschaik2009_unk_absent";"swap";0,984144305899319;50,0756302521008;52,668095210112;50,1921455311126;39,3563676013172
"vanschaik2009_unk_absent";"swap";0,985538807164196;50,187675070028;52,7556302241176;50,3030887848186;39,418146078267
"vanschaik2009_unk_absent";"swap";0,985538807164196;50,187675070028;52,7556302241176;50,3030887848186;39,3338271200287
"vanschaik2009_unk_absent";"swap";0,985139123449268;50,1316526610644;52,7556302241176;50,249584236932;38,7573717235028
"vanschaik2009_unk_absent";"swap";0,981864543798828;50,187675070028;52,2551896632779;50,280597074219;39,1517227577499
"vanschaik2009_unk_absent";"swap";0,983441003925699;50,1148459383754;52,2551896632779;50,2110411619665;39,2416860266016
"vanschaik2009_unk_absent";"swap";0,983441003925699;50,1148459383754;52,2551896632779;50,2110411619665;38,8218622029253
"vanschaik2009_unk_absent";"swap";0,984716793596184;50,2829131652661;52,4407184202352;50,3798931767254;38,7631493131438
"vanschaik2009_unk_absent";"swap";0,984083700305297;50,3389355742297;52,4407184202352;50,433397724612;38,6373139613712
"vanschaik2009_unk_absent";"swap";0,983694261620734;50,3389355742297;52,4407184202352;50,433397724612;38,6351066556098
"vanschaik2009_unk_absent";"swap";0,981563574688748;50,1848739495798;51,7047990524881;50,25318519016;39,5630559348631
"vanschaik2009_unk_absent";"swap";0,981787977580396;50,0840336134454;51,0941002275036;50,1294298657626;40,0379973092185
"vanschaik2009_unk_absent";"swap";0,981680965558814;50,1120448179272;51,0941002275036;50,1561821397059;40,0717361733243
"vanschaik2009_unk_absent";"swap";0,982050584664991;50,1960784313725;51,1072304796044;50,2370290852257;39,7009898269777
"vanschaik2009_unk_absent";"swap";0,9791479924757;50,3361344537815;50,9526975125715;50,363845153053;39,7069637863152
"vanschaik2009_unk_absent";"swap";0,982681249774197;50,4481792717087;51,0688497426943;50,4760745737754;39,6919780432891
"vanschaik2009_unk_absent";"swap";0,983719889716832;50,5826330532213;50,9542584516324;50,5993353183184;39,632444394494
"vanschaik2009_unk_absent";"swap";0,986298157195815;50,4929971988796;51,4759312816036;50,5371740115862;40,5895554152899
"vanschaik2009_unk_absent";"swap";0,985132753965971;50,436974789916;51,4628010295027;50,4830793400098;39,9724466921409
"vanschaik2009_unk_absent";"swap";0,98519941896189;50,4789915966387;51,6728850631162;50,5326497299635;38,9958641405125
"vanschaik2009_unk_absent";"swap";0,983901912013274;49,7787114845938;51,2982596884908;49,8470057858926;40,466530298384
"vanschaik2009_unk_absent";"swap";0,985590652860335;49,7787114845938;51,3629009296026;49,8499110102122;40,8105529262233
"vanschaik2009_unk_absent";"swap";0,984956356546951;49,7787114845938;51,3497706775018;49,8493208865223;40,8218322187208
"vanschaik2009_unk_absent";"swap";0,9836914291973;49,7787114845938;51,1396866438883;49,8398789074835;40,6370333255533
"vanschaik2009_unk_absent";"swap";0,983418563640554;49,750700280112;51,1396866438883;49,8131266335402;40,1228574649484
"vanschaik2009_unk_absent";"swap";0,983418563640554;49,750700280112;51,1396866438883;49,8131266335402;39,8155070718393
"vanschaik2009_unk_absent";"swap";0,982875622679714;49,7450980392157;51,1396866438883;49,8077761787515;39,9558513655593
"vanschaik2009_unk_absent";"swap";0,983375958101733;49,4985994397759;50,9296026102749;49,5629141890118;39,8914454723172
"vanschaik2009_unk_absent";"swap";0,981698556525575;49,4985994397759;50,8551978483701;49,5595701547689;39,607856679146
"vanschaik2009_unk_absent";"swap";0,985764730121598;49,624649859944;50,6941238033675;49,6727161045922;39,9451759278361
"vanschaik2009_unk_absent";"swap";0,982464337254085;49,5742296918767;50,6197190414627;49,6212179772514;40,2228820046371
"vanschaik2009_unk_absent";"swap";0,982603468245846;49,5742296918767;50,8298030750762;49,6306599562902;40,3651389039325
"vanschaik2009_unk_absent";"swap";0,982603468245846;49,5742296918767;50,8298030750762;49,6306599562902;40,1097616121631
"vanschaik2009_unk_absent";"swap";0,982603468245846;49,7002801120448;50,8298030750762;49,751045189035;40,0379445670135
"vanschaik2009_unk_absent";"swap";0,983959421904;49,4761904761905;51,0530173607905;49,5470591002174;41,5822107392218
"vanschaik2009_unk_absent";"swap";0,983959421904;49,4761904761905;51,0530173607905;49,5470591002174;41,686518707142
"vanschaik2009_unk_absent";"swap";0,980502576005446;49,3557422969188;50,8099087537113;49,4210980927297;41,7823707325838
"vanschaik2009_unk_absent";"swap";0,980502576005446;49,3557422969188;50,8099087537113;49,4210980927297;41,7055807761174
"vanschaik2009_unk_absent";"swap";0,980838797000269;49,327731092437;50,9113697926723;49,3989058654813;42,6681376903581
"vanschaik2009_unk_absent";"swap";0,980999609161888;49,2352941176471;50,9342635655661;49,3116522950816;42,4875399362113
"vanschaik2009_unk_absent";"swap";0,980051971454768;49,2352941176471;50,842566047398;49,30753105831;43,0320622675145
"vanschaik2009_unk_absent";"swap";0,97914540178204;49,2352941176471;50,842566047398;49,30753105831;42,6278197329061
"vanschaik2009_unk_absent";"swap";0,979659176009553;49,4677871148459;50,9237348785668;49,5332229693952;42,8405640985176
"vanschaik2009_unk_absent";"swap";0,980571382775302;49,4677871148459;50,9752458675778;49,5355380700249;42,2736543404876
"vanschaik2009_unk_absent";"swap";0,979748214100033;49,4985994397759;50,8035425708745;49,5572485692635;41,1664176676843
"vanschaik2009_unk_absent";"swap";0,979444060231154;49,2885154061625;51,0267568565888;49,3666386174176;42,2976961044482
"vanschaik2009_unk_absent";"swap";0,979152380953034;48,8683473389356;51,0136266044879;48,9647643845784;44,3710869324103
"vanschaik2009_unk_absent";"swap";0,980149777513877;48,8683473389356;51,1297788346108;48,9699847095277;44,5220527426975
"vanschaik2009_unk_absent";"swap";0,980043188962098;48,7142857142857;51,0527725076044;48,8193862443225;45,9990796908983
"vanschaik2009_unk_absent";"swap";0,980693007079412;48,8627450980392;51,0527725076044;48,9611732962219;43,4628124851748
"vanschaik2009_unk_absent";"swap";0,981299317045348;49,0588235294118;51,0659027597053;49,1490293375148;43,2275602577802
"vanschaik2009_unk_absent";"swap";0,981342435781461;49,0560224089636;51,0396422555036;49,1451738627407;41,7942776949246
"vanschaik2009_unk_absent";"swap";0,981370597646669;49,0196078431373;50,952107241498;49,1064617486816;41,653319659372
"vanschaik2009_unk_absent";"swap";0,98231961753854;49,7002801120448;51,2582961506281;49,7703033047901;40,8822103406748
"vanschaik2009_unk_absent";"swap";0,985058262835631;49,6862745098039;51,5854724757036;49,7716317217545;42,1169409326919
"vanschaik2009_unk_absent";"swap";0,985438058636246;50,1904761904762;51,5986027278044;50,2537627764235;41,3794365573942
"vanschaik2009_unk_absent";"swap";0,984956356546951;50,1344537815126;51,388518694191;50,1908162494982;40,3486438064356
"vanschaik2009_unk_absent";"swap";0,985121892201082;50,1904761904762;51,388518694191;50,2443207973847;41,8957589441913
"vanschaik2009_unk_absent";"swap";0,985069227375608;50,1904761904762;51,388518694191;50,2443207973847;41,5552605706975
"vanschaik2009_unk_absent";"swap";0,983254051959135;50,3025210084034;51,2397091703814;50,344641824672;41,4905449641059
"vanschaik2009_unk_absent";"swap";0,983838949089957;50,3865546218487;51,285496716169;50,4269565137283;41,5386882845368
"vanschaik2009_unk_absent";"swap";0,983838949089957;50,4425770308123;51,285496716169;50,4804610616149;40,4200399425472
"vanschaik2009_unk_absent";"swap";0,982875622679714;50,4033613445378;51,5218412539841;50,4536301045129;39,6998861560852
"vanschaik2009_unk_absent";"swap";0,979083975196376;50,4033613445378;51,4072499629222;50,4484799341281;39,95156755378
"vanschaik2009_unk_absent";"swap";0,979138844106324;50,5014005602241;51,6173339965357;50,5515548719684;38,5177634895654
"vanschaik2009_unk_absent";"swap";0,980848975518427;50,5350140056022;51,4318052395783;50,5753192296012;39,4232473380276
"vanschaik2009_unk_absent";"swap";0,98042877673058;50,5350140056022;51,4089114666846;50,574290295988;38,9831658511141
"vanschaik2009_unk_absent";"swap";0,980226245999225;50,1148459383754;51,1112924190655;50,159630049867;40,6111592765263
"vanschaik2009_unk_absent";"swap";0,982272300786111;50,0756302521008;51,0597814300545;50,1198617657167;40,9729426358139
"vanschaik2009_unk_absent";"swap";0,982408187139485;50,1512605042017;51,013993884267;50,1900350381372;40,827251596904
"vanschaik2009_unk_absent";"swap";0,98179474087706;49,6470588235294;50,7907795985527;49,6984620044293;40,8929122306512
"vanschaik2009_unk_absent";"swap";0,980302676290186;49,5070028011204;50,6893185595917;49,560140588018;41,0744948746885
"vanschaik2009_unk_absent";"swap";0,981504572461491;49,5322128851541;50,6893185595917;49,584217634567;41,0926863512956
"vanschaik2009_unk_absent";"swap";0,981389815126261;49,7422969187675;50,4661042738774;49,7748275864129;40,9105482553029
"vanschaik2009_unk_absent";"swap";0,982939404384266;49,5602240896359;50,837161787792;49,61761454798;40,7072638973187
"vanschaik2009_unk_absent";"swap";0,980543268316966;49,4005602240896;50,837161787792;49,4651265865032;41,3036711555388
"vanschaik2009_unk_absent";"swap";0,980744888302657;49,4705882352941;50,6516330308347;49,5236689002622;41,3025851441452
"vanschaik2009_unk_absent";"swap";0,978619566284436;50,2997198879552;51,1340856272579;50,3372194717441;40,1722452316328
"vanschaik2009_unk_absent";"swap";0,976869286095008;50,3333333333333;50,9485568703006;50,3609838293768;39,9781004844058
"vanschaik2009_unk_absent";"swap";0,977417890124898;50,4677871148459;51,3966207112216;50,5095324450201;39,5208379740963
"vanschaik2009_unk_absent";"swap";0,978271064659519;50,4677871148459;51,4097509633224;50,51012256871;39,5247756561853
"vanschaik2009_unk_absent";"swap";0,977182626421179;50,327731092437;51,3067289853004;50,3717309977342;39,4857893986274
"vanschaik2009_unk_absent";"swap";0,975904792437641;50,3417366946779;50,7711301303738;50,3610352760575;40,1788364266799
"vanschaik2009_unk_absent";"swap";0,97645082007608;50,6218487394958;50,8725911693349;50,6331180621852;39,8775681556299
"vanschaik2009_unk_absent";"swap";0,975383723274671;50,3977591036415;50,6197190414627;50,407734831184;40,3365661812903
"vanschaik2009_unk_absent";"swap";0,977829331382244;50,5378151260504;50,8087150944294;50,5499904055281;40,3883634790907
"vanschaik2009_unk_absent";"swap";0,976898574642213;50,5658263305322;50,7955848423285;50,5761525557815;40,5444010154977
"vanschaik2009_unk_absent";"swap";0,977202604498002;50,5658263305322;50,8226411193848;50,5773685682335;40,5088793355561
"vanschaik2009_unk_absent";"swap";0,975100321166319;50,2016806722689;50,6125570857714;50,2201470279319;40,2683806368918
"vanschaik2009_unk_absent";"swap";0,976210255888943;50,06162464986;50,8226411193848;50,0958276372543;40,243416347341
"vanschaik2009_unk_absent";"swap";0,974778824798209;50,4257703081233;50,5250220717658;50,4302310615454;40,3943139481826
"vanschaik2009_unk_absent";"swap";0,972262158421526;50,484593837535;49,9842944170675;50,462108470323;40,7853548547095
"vanschaik2009_unk_absent";"swap";0,970972528462275;50,4005602240896;50,0358054060785;50,3841667491228;40,5104037676415
"vanschaik2009_unk_absent";"swap";0,971241557222082;50,4089635854342;50,1372664450396;50,3967524780007;40,4363343815271
"vanschaik2009_unk_absent";"swap";0,972633366736354;50,4593837535014;50,2476952319389;50,4498696626447;40,7122898370699
"vanschaik2009_unk_absent";"swap";0,975796790683459;50,2072829131653;49,7996313910179;50,1889614964395;40,9922287178671
"vanschaik2009_unk_absent";"swap";0,976961226408831;50,2072829131653;50,0228456767322;50,1989935991683;41,3155533520958
"vanschaik2009_unk_absent";"swap";0,977642176020685;50,4313725490196;50,3974710513576;50,4298488862033;41,0281534083831
"vanschaik2009_unk_absent";"swap";0,975182007021439;50,375350140056;50,3459600623466;50,3740292376871;40,9077067240942
"vanschaik2009_unk_absent";"swap";0,974697558729906;50,5714285714286;50,8684286651724;50,5847768902485;40,8149055033675
"vanschaik2009_unk_absent";"swap";0,974676119280344;50,6694677871148;51,0916429508867;50,6884419517787;40,3375985342067
"vanschaik2009_unk_absent";"swap";0,976554705214513;50,6190476190476;51,4178792146229;50,654950162669;40,5975539540098
"vanschaik2009_unk_absent";"swap";0,976024595521087;50,6190476190476;51,4178792146229;50,654950162669;40,5114996384227
"vanschaik2009_unk_absent";"swap";0,973800650237254;49,8067226890756;51,0785126987858;49,8638817906356;41,4275724096351
"vanschaik2009_unk_absent";"swap";0,973869313093463;49,750700280112;50,8684286651724;49,8009352637103;41,2024666956437
"vanschaik2009_unk_absent";"swap";0,974502038214739;49,750700280112;51,0270017097748;49,8080621421194;41,2250991480533
"vanschaik2009_unk_absent";"swap";0,97252444540196;49,6526610644258;51,1284627487359;49,7189892300127;40,8181772399546
"vanschaik2009_unk_absent";"swap";0,970817886604478;49,6526610644258;50,9428334270771;49,7106463391517;40,3356496928789
"vanschaik2009_unk_absent";"swap";0,970817886604478;49,6022408963585;50,9428334270771;49,6624922460538;40,1021693847977
"vanschaik2009_unk_absent";"swap";0,97198493402002;49,6386554621849;51,4994196979491;49,7222853154776;40,1582012554668
"vanschaik2009_unk_absent";"swap";0,971441166182206;49,6386554621849;51,4723634208928;49,7210693030257;39,9182548873816
"vanschaik2009_unk_absent";"swap";0,972245854920598;49,4285714285714;51,459233168792;49,5198371247611;40,2262831446194
"vanschaik2009_unk_absent";"swap";0,970645786950052;49,4285714285714;51,6718182028056;49,5293915083123;39,9850492623838
"vanschaik2009_unk_absent";"swap";0,970843079639565;49,5126050420168;51,6947119756994;49,6106772637553;39,9026027252165
"vanschaik2009_unk_absent";"swap";0,972937831702529;49,2605042016807;51,7977339537213;49,3745369995252;39,8214482492097
"vanschaik2009_unk_absent";"swap";0,973270858524434;49,2605042016807;51,8206277266151;49,3755659331384;39,7027552580374
"vanschaik2009_unk_absent";"swap";0,974271994594218;49,2605042016807;51,833757978716;49,3761560568283;39,4744106860658
"vanschaik2009_unk_absent";"swap";0,977594227676753;49,4509803921569;51,8108642058222;49,5570425860295;39,176929002332
"vanschaik2009_unk_absent";"swap";0,977499424173829;49,6470588235294;52,0209482394356;49,7537504826713;39,3293051994159
"vanschaik2009_unk_absent";"swap";0,977895501299598;50,4033613445378;52,0724592284466;50,4783769797697;38,9364866778725
"vanschaik2009_unk_absent";"swap";0,975664642910049;50,4033613445378;52,0454029513904;50,4771609673177;38,8287262204855
"vanschaik2009_unk_absent";"swap";0,975799107172938;50,4453781512605;51,7477839037713;50,503913241261;39,3017289768792
"vanschaik2009_unk_absent";"swap";0,97718161189913;50,0392156862745;51,9194872004746;50,1237222711824;39,1512397851758
"vanschaik2009_unk_absent";"swap";0,97727736614639;49,8291316526611;51,8679762114636;49,920765115978;39,499906630811
"vanschaik2009_unk_absent";"swap";0,976535475177325;49,4089635854342;51,7762786932955;49,5153597700572;39,475701670242
"vanschaik2009_unk_absent";"swap";0,976734403686552;49,96918767507;51,7894089453963;50,0509953726128;39,517387998673
"vanschaik2009_unk_absent";"swap";0,976027654332176;50,1512605042017;51,3813611108779;50,2065459247264;39,3975514404213
"vanschaik2009_unk_absent";"swap";0,975913033470686;50,2072829131653;51,2783391328559;50,2554202713536;39,4439997887164
"vanschaik2009_unk_absent";"swap";0,975945482394222;50,2352941176471;51,4884231664694;50,2916145243357;39,2442846052313
"vanschaik2009_unk_absent";"swap";0,975311369514086;50,1680672268908;51,5113169393632;50,228438000485;39,8392106471573
"vanschaik2009_unk_absent";"swap";0,975282454325302;50,2801120448179;51,3012329057497;50,3260051172194;39,601723852876
"vanschaik2009_unk_absent";"swap";0,970193878242597;50,3473389355742;50,9160788441251;50,3729002797788;39,7998947275485
"vanschaik2009_unk_absent";"swap";0,970498252800122;50,3473389355742;50,9431351211813;50,3741162922307;40,5016403494018
"vanschaik2009_unk_absent";"swap";0,970797709090623;49,9971988795518;50,1434402432302;50,0037715251104;40,7846512294573
"vanschaik2009_unk_absent";"swap";0,977218850294186;49,9131652661064;50,0356829794855;49,9186716801909;40,8547015902588
"vanschaik2009_unk_absent";"swap";0,978685428032006;49,8655462184874;49,9841719904745;49,8708777138576;41,7316766491587
"vanschaik2009_unk_absent";"swap";0,978685428032006;50,06162464986;49,9841719904745;50,0581436314606;41,6610611310782
"vanschaik2009_unk_absent";"swap";0,976148567628783;50,4817927170868;50,0987632815364;50,4645779109947;39,0816961642124
"vanschaik2009_unk_absent";"swap";0,974787674719808;50,4817927170868;50,0987632815364;50,4645779109947;39,3172649987884
"vanschaik2009_unk_absent";"swap";0,975327137605432;50,4453781512605;49,8886792479229;50,4203579758296;39,0988733169729
"vanschaik2009_unk_absent";"swap";0,976052270022722;50,4453781512605;49,9018095000238;50,4209480995195;39,3207115792893
"vanschaik2009_unk_absent";"swap";0,976110372953879;50,4173669467787;49,8502985110128;50,3918807249465;39,5847243692914
"vanschaik2009_unk_absent";"swap";0,976259378779862;50,3725490196078;49,8960860568003;50,3511349538637;39,3962742084945
"vanschaik2009_unk_absent";"swap";0,977281246316942;50,1120448179272;50,1061700904138;50,1117807852299;40,3350355432695
"vanschaik2009_unk_absent";"swap";0,977281246316942;50,2464985994398;50,1061700904138;50,2401917001577;39,8889985851097
"vanschaik2009_unk_absent";"swap";0,975553461711225;50,1204481792717;49,7210160287891;50,1024961725084;40,9978123383184
"vanschaik2009_unk_absent";"swap";0,975977365641568;50,078431372549;49,9311000624026;50,0718097406323;39,5245324493551
"vanschaik2009_unk_absent";"swap";0,975850841249312;50,1204481792717;50,0096673284699;50,1154692646289;40,9451608780027
"vanschaik2009_unk_absent";"swap";0,976365745316622;50,078431372549;50,0096673284699;50,075340853714;41,2218756292758
"vanschaik2009_unk_absent";"swap";0,976460764123262;50,078431372549;50,0096673284699;50,075340853714;41,1994680470602
"vanschaik2009_unk_absent";"swap";0,97659608495317;50,1064425770308;49,9867735555761;50,1010641940441;41,9176434263954
"vanschaik2009_unk_absent";"swap";0,97659608495317;50,1064425770308;49,9867735555761;50,1010641940441;41,9617054517251
"vanschaik2009_unk_absent";"swap";0,97428373596818;49,9663865546218;49,2532808577977;49,9343368603826;42,569822382376
"vanschaik2009_unk_absent";"swap";0,973955860904195;49,8459383753501;49,4764951435119;49,8293341851552;42,7424600719673
"vanschaik2009_unk_absent";"swap";0,976552092100448;49,8459383753501;49,774114191131;49,8427103221268;43,106501362015
"vanschaik2009_unk_absent";"swap";0,978232102676053;49,8459383753501;49,824064241081;49,844955268192;43,0602541135867
"vanschaik2009_unk_absent";"swap";0,977051934144061;49,5658263305322;49,5877197032659;49,5668103023405;43,400556682004
"vanschaik2009_unk_absent";"swap";0,976572157590556;49,5602240896359;49,637669753216;49,563704793617;43,4749421537002
"vanschaik2009_unk_absent";"swap";0,976665408691995;49,5602240896359;49,637669753216;49,563704793617;43,377880052744
"vanschaik2009_unk_absent";"swap";0,976272325672081;49,733893557423;50,3212124010443;49,7602899099453;42,1285316270827
"vanschaik2009_unk_absent";"swap";0,977385799672063;49,7450980392157;49,4521409962586;49,7319314305435;43,3358232532923
"vanschaik2009_unk_absent";"swap";0,975249476770596;49,6498599439776;49,5036519852696;49,643288799766;42,2740809426589
"vanschaik2009_unk_absent";"swap";0,976014051598552;49,0700280112045;49,3188184364655;49,081209603351;42,1911176840203
"vanschaik2009_unk_absent";"swap";0,976566408208471;49,0700280112045;49,3188184364655;49,081209603351;42,2677608731098
"vanschaik2009_unk_absent";"swap";0,976566408208471;49,0140056022409;49,3188184364655;49,0277050554645;41,9890476271383
"vanschaik2009_unk_absent";"swap";0,972719479998431;49,0140056022409;49,0211993888464;49,0143289184928;42,1824458445108
"vanschaik2009_unk_absent";"swap";0,975513662674793;49,0224089635854;49,0211993888464;49,0223546006758;42,7722384709314
"vanschaik2009_unk_absent";"swap";0,974730177152626;49,0560224089636;48,9441930618401;49,0509963708906;42,2408574812876
