"matrix_id";"baseline";"ceof_cor";"stat_nodf_columns";"stat_nodf_rows";"stat_nodf_general";"stat_temp"
"loire_city";"c0";0,9952366418773;9,39632906320162;13,3925390486958;9,50143836161065;19,9149924009908
"loire_city";"c0";0,996822666756141;9,28159886115359;13,3686520326898;9,38909753939622;19,9236142046985
"loire_city";"c0";0,996343866119728;9,46248660425437;13,0400440828665;9,55658440140714;20,0755480955271
"loire_city";"c0";0,997098120007228;9,21096539631087;13,1493994576113;9,31455505814451;20,5199665977372
"loire_city";"c0";0,996475724479307;9,24462866062677;13,0960010880205;9,34592840594163;20,5115063312597
"loire_city";"c0";0,996554881405024;9,28205906265896;13,0599805988009;9,38142688455763;19,4180982231821
"loire_city";"c0";0,996580174037787;9,37036169436858;13,544359794727;9,48014721952413;18,6025375195903
"loire_city";"c0";0,995724633238822;9,54859362508087;13,5927313893951;9,6549635317223;18,66469976208
"loire_city";"c0";0,995430521080633;9,37537424790707;13,6529882838863;9,4878851048987;18,4075668275352
"loire_city";"c0";0,995192908217704;9,44769985849157;13,5943744334965;9,55676671355962;18,8825307270379
"loire_city";"c0";0,995729929383431;9,39211404143947;13,7591522593317;9,5069769552689;18,1975307800489
"loire_city";"c0";0,99654617961058;9,39696039231753;13,0292947508792;9,492498944446;20,5429867494333
"loire_city";"c0";0,994938796001786;9,4627027309272;13,2263265267604;9,56169449014194;19,3044052067777
"loire_city";"c0";0,99714055398175;9,2627254524709;13,0767252338888;9,3630422132548;20,136835791117
"loire_city";"c0";0,995115467847889;9,48815804561439;13,802287149385;9,60162933090454;19,0075042141669
"loire_city";"c0";0,995818189864685;9,35710817573239;13,3386088612029;9,4618305865126;18,9959523949652
"loire_city";"c0";0,996329620429704;9,37724821345147;13,1249979799438;9,47582245004028;20,3173375137441
"loire_city";"c0";0,995466459428129;9,51139709547254;13,5338054372955;9,61719546949653;18,9354324747155
"loire_city";"c0";0,99704467908832;9,38749454332138;13,3020844889851;9,49045705135808;20,1220211324109
"loire_city";"c0";0,996401750519181;9,37020192668251;13,1675830630662;9,47008157977528;19,1392217172516
"loire_city";"c0";0,99734230703326;9,36750445897796;13,0902680984032;9,46542150430417;19,9108228140744
"loire_city";"c0";0,995139349981855;9,53902929741977;13,7514119033017;9,6498244212851;19,0146322146273
"loire_city";"c0";0,997110205085629;9,34845971592494;13,2696078978892;9,45159472030665;20,0145900909068
"loire_city";"c0";0,994892890688449;9,5454855121221;13,4765187544098;9,64888051579291;19,2539558511555
"loire_city";"c0";0,997058674086322;9,29233868424247;13,0650638389367;9,3915698296376;19,7477810882287
"loire_city";"c0";0,996666565964089;9,40727872373765;13,3073152023423;9,50985844290251;18,7125223854822
"loire_city";"c0";0,997150317890279;9,20469458920171;12,7906635001461;9,29901362591754;20,3285261550315
"loire_city";"c0";0,997582614438643;9,23535005633526;12,8884225937592;9,33143406914733;19,8600549909009
"loire_city";"c0";0,996637372254683;9,26557752734085;13,0450479839961;9,36498608932801;19,5973368213233
"loire_city";"c0";0,995431918270949;9,36485891170398;13,1321277878859;9,46394654471903;20,0622897840699
"loire_city";"c0";0,995209912263449;9,39708360589187;13,707882865997;9,51046730881453;18,3285274001581
"loire_city";"c0";0,996381473864539;9,39693738605545;13,0336732345988;9,49259170725652;20,2217372651396
"loire_city";"c0";0,996522779126709;9,37134286272198;13,34078356948;9,47574806897443;18,3956198459432
"loire_city";"c0";0,997267813881254;9,38200852006198;13,1050475771125;9,47993280949034;19,703400342266
"loire_city";"c0";0,996302268116315;9,38784871434568;13,1187189002266;9,48597898005158;19,6776723626938
"loire_city";"c0";0,996288900334449;9,44644832291891;13,4966626982459;9,55297805807851;19,5829076603891
"loire_city";"c0";0,996597976565451;9,40560179009225;13,0864232986539;9,50241566317154;19,4168295246618
"loire_city";"c0";0,99676719895481;9,31816132631583;13,1442004810799;9,41879474966009;18,9360002503407
"loire_city";"c0";0,995519916382788;9,42512474986728;13,3048488728261;9,52717020845556;19,584481585789
"loire_city";"c0";0,996919863895626;9,38266277070236;13,1998495417059;9,48306335647058;19,7552529683018
"loire_city";"c0";0,995028583093825;9,48746957792567;13,6858383939571;9,5978961076419;18,4558916844517
"loire_city";"c0";0,995726160886414;9,42283354987183;13,1603232220078;9,52113792293411;19,8504238091718
"loire_city";"c0";0,996361364641039;9,41361673116385;13,3379238444392;9,51683482253424;18,8873984221566
"loire_city";"c0";0,994129521906256;9,65225631690945;13,554948485995;9,75490588669884;18,3652171129003
"loire_city";"c0";0,996299543580238;9,50057477353788;12,5352956326503;9,58039474834562;19,9195807730703
"loire_city";"c0";0,994292043697617;9,46981821273663;13,6066946679455;9,57862735524671;19,2779621796231
"loire_city";"c0";0,994703902502746;9,34083732693233;13,4425861797759;9,44872253460094;19,7897933825267
"loire_city";"c0";0,997576404880583;9,3799105896155;13,0801311437831;9,47723470116595;19,6416422168472
"loire_city";"c0";0,996597643089036;9,34995876328775;13,3789540836269;9,45593038964155;19,2450605260116
"loire_city";"c0";0,994690576995396;9,42335750456812;13,6004995646943;9,53322572292713;20,2406414604014
"loire_city";"c0";0,995029895646388;9,48944733179389;13,5173816563304;9,59539105157501;19,6384741147886
"loire_city";"c0";0,996200695305701;9,36836547956388;13,2919471176346;9,47156448930691;20,4061620910229
"loire_city";"c0";0,997295448422059;9,39218643786697;13,0646517560647;9,48878052437106;20,568995846452
"loire_city";"c0";0,996760741677724;9,25068939471821;13,0815152412896;9,35144871880827;19,5932008695913
"loire_city";"c0";0,996350640576414;9,45166742439041;13,4748166333297;9,55748528488359;19,0540239465009
"loire_city";"c0";0,997023766588121;9,4667143807221;13,3928080369093;9,56997946218377;19,7153908401242
"loire_city";"c0";0,997110921792595;9,28881658058851;13,1722175382841;9,39095874818881;20,2883516059445
"loire_city";"c0";0,9961468477336;9,50637153301562;13,4752388657101;9,61076165824236;19,71722341906
"loire_city";"c0";0,997797033035436;9,35332980180855;12,819790175849;9,44450549557857;20,4990896825044
"loire_city";"c0";0,997327240934322;9,30006594958987;13,044461001805;9,39855194965824;20,7611831789335
"loire_city";"c0";0,995801707180387;9,31258445247147;13,4661727450014;9,42183315383916;19,301199502967
"loire_city";"c0";0,996828456597456;9,27554705332236;12,9531406730282;9,37227602567466;20,4652036060193
"loire_city";"c0";0,996277787686324;9,31453048566143;13,4983465436504;9,42457424515454;19,916970944339
"loire_city";"c0";0,994930757985145;9,42995838840855;13,6220696487421;9,54022033035497;18,692071522615
"loire_city";"c0";0,997221245282026;9,38571352816002;13,1677516387384;9,48518962521251;19,3805769465815
"loire_city";"c0";0,995781975812407;9,49773730912726;13,4104338421966;9,60065001615997;18,8320551409396
"loire_city";"c0";0,993858076195651;9,51225542648661;13,3940537160678;9,6143554403158;19,5723653878254
"loire_city";"c0";0,996768152587374;9,37512936128821;13,3357629447117;9,47930292041549;20,2921627501809
"loire_city";"c0";0,994996725408459;9,65056259843757;13,6745698714119;9,75640302794215;18,6426164244538
"loire_city";"c0";0,996677394034807;9,26788559520564;13,1067854434388;9,36885728367422;20,7182409890297
"loire_city";"c0";0,994921399970105;9,58860516871648;13,4744223981133;9,69081088968966;18,8064936710066
"loire_city";"c0";0,996139889039386;9,43624077237047;13,4986680313393;9,5430917338009;19,3163917502536
"loire_city";"c0";0,996344786917821;9,21602183037516;13,1297515497792;9,3189617125291;19,5223013262716
"loire_city";"c0";0,996283023831679;9,35711928483352;13,2945275983863;9,46068196719749;19,7129196870868
"loire_city";"c0";0,994956301672891;9,47520938071142;13,8354479651149;9,5898934489076;18,4784937745933
"loire_city";"c0";0,996544782377019;9,36304138988396;13,5434827421525;9,47299638703678;19,7682053099652
"loire_city";"c0";0,996356386743916;9,37779057824168;13,2844218961308;9,48054375649223;19,3540021324464
"loire_city";"c0";0,996043618592005;9,37531292499091;13,4264401765869;9,48186667084677;18,8892160930973
"loire_city";"c0";0,996652357404551;9,17733977583241;13,2117990217759;9,283455115702;18,8889869065249
"loire_city";"c0";0,996987077024629;9,27323529598187;13,2230304414573;9,37712377984717;20,207525474632
"loire_city";"c0";0,996162983046412;9,38926059551493;13,229950487659;9,49027936615895;19,6420597781304
"loire_city";"c0";0,995681846373595;9,46789437741191;13,6908667784331;9,57896803667488;19,4359700922727
"loire_city";"c0";0,996672678077857;9,32938246582862;13,186807189563;9,43084140013116;19,4743310319137
"loire_city";"c0";0,996719312901425;9,32768236491968;13,1453780215648;9,42809633552328;19,2147362716561
"loire_city";"c0";0,997443724778404;9,32207993251632;13,075663942423;9,42080762281108;19,8949632262428
"loire_city";"c0";0,995366337770148;9,47780480399224;13,4643612735306;9,58266019324911;19,0621153725193
"loire_city";"c0";0,995681035412721;9,4624828995259;13,6291154662835;9,5720746946042;18,6143877683532
"loire_city";"c0";0,995918762288877;9,44212897898599;13,3131696819843;9,54394604412569;19,543173305556
"loire_city";"c0";0,995683187458838;9,41776088008079;13,405476376354;9,52264675434405;19,9079518329341
"loire_city";"c0";0,99459819174741;9,5405716135028;13,8385848353287;9,65361901490031;19,4366739840672
"loire_city";"c0";0,997244053949269;9,3519977095762;13,119779550186;9,45109883470785;19,0616023459406
"loire_city";"c0";0,996456539249341;9,47297514811881;13,5560457290163;9,58036907528244;19,2862743321749
"loire_city";"c0";0,996322587530362;9,36520646472066;13,2943396675503;9,46855149308609;19,5852800596395
"loire_city";"c0";0,995199170516825;9,41889914688544;13,7030778388005;9,53158266907288;18,7468732704707
"loire_city";"c0";0,997559876118263;9,33181521322848;13,1129991421606;9,43126884338511;19,3532891983194
"loire_city";"c0";0,994668115660285;9,45301998923019;13,8676031621436;9,56913344216624;18,2562946498989
"loire_city";"c0";0,996067432969173;9,43628636629081;13,3700088292758;9,53975210250614;19,4995921661379
"loire_city";"c0";0,995446429363935;9,63872796368701;13,887362634598;9,7504765982875;18,5391642386915
"loire_city";"c0";0,995730663772347;9,3669602282655;12,8040171723894;9,45736254578639;19,3280263526278
"loire_city";"c0";0,996615936203803;9,49392717385111;13,595682050313;9,60181253995443;19,3239312963103
"loire_city";"c0";0,99618538185637;9,43121751816613;13,3656192846265;9,53470112158864;19,0686606804217
"loire_city";"c0";0,996826186480448;9,30611013612013;13,1722703636185;9,40779883379227;20,2188934894611
"loire_city";"c0";0,996468160571066;9,33327023770629;13,3238574397968;9,43823164428262;19,1437652916685
"loire_city";"c0";0,995143656460741;9,58211752652804;13,8790623657114;9,69513682706238;19,1660214239196
"loire_city";"c0";0,996845693700189;9,38179632182491;13,3167329300813;9,48529399278795;18,8299030916782
"loire_city";"c0";0,997311893072796;9,25353627517246;13,2836465748721;9,35953722798777;19,3739125605751
"loire_city";"c0";0,997145905715008;9,39978207688976;13,3554625842814;9,50382535899242;19,2246756689632
"loire_city";"c0";0,99573746259562;9,52702026588155;13,3886304417434;9,62858928697588;19,6759444103495
"loire_city";"c0";0,996257266979836;9,43152892211688;13,4126743739843;9,53624198945545;19,9816181479423
"loire_city";"c0";0,996294209403912;9,24053038526431;13,4783056636971;9,35199339345159;19,5231051795288
"loire_city";"c0";0,994481548320296;9,59120481531996;13,6110148275848;9,69693484744052;19,2551769249371
"loire_city";"c0";0,99759861666894;9,31374684746419;13,0940978430572;9,41317856960318;19,1596727699372
"loire_city";"c0";0,99648315595586;9,41287246036712;13,5859566413353;9,52263394738997;19,3155807551486
"loire_city";"c0";0,995856105325386;9,45061426635005;13,3486649337488;9,55314175421991;19,7316116578608
"loire_city";"c0";0,997598378780597;9,20573492983065;12,8150848383008;9,3006689392969;19,9443996955983
"loire_city";"c0";0,997079783453075;9,31962625662068;13,1230129841689;9,41966387025009;20,0506309836446
"loire_city";"c0";0,994938994164452;9,40114702020012;13,2658467204958;9,50279730272637;20,2558019299239
"loire_city";"c0";0,995822058032085;9,44875871089957;13,2941399564478;9,54990087467524;19,6846221074177
"loire_city";"c0";0,994871587289754;9,5335775844201;13,5780961522344;9,6399575070489;18,9293444633003
"loire_city";"c0";0,996265223115601;9,33269792325396;13,3505948452615;9,4383776368038;18,8360403679536
"loire_city";"c0";0,996299794067305;9,35137739973956;13,4388360260957;9,45888674235463;19,7733081739682
"loire_city";"c0";0,995432135707535;9,46810820091641;13,5393876708147;9,57519199537703;19,8988328359606
"loire_city";"c0";0,996241132506534;9,53791403518245;13,5677739075604;9,64390840119673;18,9765149617468
"loire_city";"c0";0,996252017661552;9,45583808601187;13,5136543822991;9,5625677687672;18,9699711930922
"loire_city";"c0";0,995255856610219;9,52819480546905;13,3660583109095;9,62913923579448;19,6470452238108
"loire_city";"c0";0,996302361603502;9,45069782272125;13,4949778558834;9,55707147135293;18,5582710861187
"loire_city";"c0";0,994082273968863;9,68794785904827;14,0521756789685;9,80273685309866;17,7914859789615
"loire_city";"c0";0,99701156010289;9,28711312745958;13,145594813433;9,38859986224302;20,1536897602481
"loire_city";"c0";0,995798530661324;9,37504864023755;13,4803425373897;9,48302709053393;19,5970161664119
"loire_city";"c0";0,997051798442465;9,30743733051842;12,6600029971888;9,39561733766846;19,8224110334377
"loire_city";"c0";0,996033263675897;9,3990705198961;13,3741011622848;9,50362275401106;19,0504600204439
"loire_city";"c0";0,996511494424141;9,42411344542899;13,2387707139574;9,52444749960067;19,2055622012741
"loire_city";"c0";0,997630386345081;9,14811844027067;12,8311211115092;9,24498968282742;21,0261524398276
"loire_city";"c0";0,997197718235483;9,36784025210864;12,9667460272052;9,46249955740885;19,4313808532501
"loire_city";"c0";0,995846941739083;9,27283441589024;13,3416578932065;9,37985361222961;19,6532527523477
"loire_city";"c0";0,996452200608047;9,33731851109776;13,0309020332979;9,43446805380019;19,8867823219759
"loire_city";"c0";0,995856799502621;9,47990232939293;13,3974516615081;9,58294267594031;19,7011130414622
"loire_city";"c0";0,997280284479876;9,19805514805237;13,1833283975436;9,3028767857398;20,2846374171222
"loire_city";"c0";0,995300096451938;9,38265406814945;13,5865493849659;9,49322595724926;19,4050910462272
"loire_city";"c0";0,996297103795117;9,34381784877163;13,1653635445795;9,44433308405268;19,5506437340122
"loire_city";"c0";0,997825273175218;9,27500527830595;12,7032052232512;9,36517463685494;20,6300403903449
"loire_city";"c0";0,994567012906168;9,38087908800093;13,6671255649397;9,4936169975789;18,4903823413684
"loire_city";"c0";0,996691283346476;9,39522710646437;13,2168312491055;9,49574387902842;20,0448106189451
"loire_city";"c0";0,996158092475028;9,4779760587092;13,3961177905552;9,58103198670008;18,8616274733632
"loire_city";"c0";0,996441215581207;9,33457887117771;13,2170631828942;9,43669692892991;19,8474939109876
"loire_city";"c0";0,995902700391004;9,43256341923998;13,461894960848;9,53854388896834;20,1064397584525
"loire_city";"c0";0,995832967372136;9,33268249761879;12,9982690733604;9,4290956577461;20,0127772367995
"loire_city";"c0";0,996428856854463;9,39152662166015;13,1369213449587;9,49003891532335;19,8033818643633
"loire_city";"c0";0,996999681188678;9,3330541771288;12,8801099556883;9,42634971106106;20,271604454468
"loire_city";"c0";0,996535644944342;9,31704156451123;13,1273990562669;9,41726252489616;19,4271978142416
"loire_city";"c0";0,996405570491649;9,49026844774284;13,6798160392769;9,60046295944165;18,8637035149874
"loire_city";"c0";0,995801673503753;9,46408190337763;13,6052031517087;9,57300269348096;19,307438885995
"loire_city";"c0";0,996210719496535;9,51150691541969;13,4069415775904;9,61396559647631;19,1482721186433
"loire_city";"c0";0,997699015126475;9,26254337506593;12,8363482249262;9,35654246965384;19,3795320716052
"loire_city";"c0";0,996594651938712;9,25313099719867;13,2707130650257;9,35880242937639;19,9115570686691
"loire_city";"c0";0,995781072702451;9,53587759373785;13,4561998898131;9,63899087546567;19,1863273120974
"loire_city";"c0";0,995331009891499;9,4319113955041;13,2297005733173;9,53180178100296;19,293023909375
"loire_city";"c0";0,99646001311057;9,23563562887189;13,3448199341492;9,34371640564012;19,4270222600263
"loire_city";"c0";0,996603542002472;9,33894231086997;13,2170553365452;9,44094539398105;19,4434064229309
"loire_city";"c0";0,996302546912021;9,30402748047586;13,2744207624274;9,40845774159546;19,5348509262977
"loire_city";"c0";0,997114746183071;9,23779088600869;12,88944255404;9,33383752676436;19,3538827705412
"loire_city";"c0";0,996526841979148;9,32284128472119;13,5254448558348;9,43337919800766;18,5282190481728
"loire_city";"c0";0,996313037672235;9,29948266839558;13,3427142996006;9,405828741701;19,7764815263107
"loire_city";"c0";0,99593221441261;9,3506434516789;13,3164561413278;9,45495323293258;20,1053639566428
"loire_city";"c0";0,996983125186171;9,29082801596334;12,8219249555202;9,38370379658508;20,8641270523084
"loire_city";"c0";0,997430990922294;9,28002846472019;12,7487644858257;9,3712640131193;21,1129277998902
"loire_city";"c0";0,996702305734133;9,26346695573717;12,9950358840855;9,3616155999394;19,9150745077108
"loire_city";"c0";0,996837089172651;9,43893897898701;13,2704789952452;9,5397170873439;19,6392689346107
"loire_city";"c0";0,995940508842557;9,39050651976283;13,3999665615295;9,49596432441246;18,973481400803
"loire_city";"c0";0,995740879502802;9,38775745702015;13,3377206722976;9,49165036149874;19,5979772935706
"loire_city";"c0";0,994754182568471;9,52879644252517;13,7309928066439;9,63932364535306;19,0069662490825
"loire_city";"c0";0,99493634979521;9,40437007973166;13,831461301266;9,52081252244047;18,7576752990428
"loire_city";"c0";0,996210885876498;9,26979508275763;13,0693009134658;9,36973062008336;20,0146762356762
"loire_city";"c0";0,995625191805263;9,49825951992346;13,6820689800966;9,60830310587919;18,6408955592734
"loire_city";"c0";0,996101621489079;9,46912395577415;13,1804232578059;9,56673946327714;19,4789891672552
"loire_city";"c0";0,994921691123625;9,56128709757641;13,6682031590816;9,66930821443878;18,4927261795747
"loire_city";"c0";0,996693768287134;9,32642720935617;13,1105432412671;9,42595796040687;20,2906365061404
"loire_city";"c0";0,99520021658643;9,46479097925396;13,4769613185412;9,57032007081592;19,6905810047833
"loire_city";"c0";0,996301083880948;9,48903283097826;13,5964212182609;9,59706637106945;19,3408489503411
"loire_city";"c0";0,996756705732616;9,4129612975864;13,3689780192628;9,51701342287991;18,8500282213663
"loire_city";"c0";0,99706985803714;9,41554914701932;13,4263403223282;9,52104196347094;18,4197155600603
"loire_city";"c0";0,996159565329536;9,33897225205834;12,8151537796921;9,43040363400231;20,1308205232408
"loire_city";"c0";0,995633574906738;9,41971278558737;13,3615028136294;9,52339071688406;19,186814284197
"loire_city";"c0";0,996410497797546;9,40316151121331;13,2671185723819;9,5047922606625;19,5159095745592
"loire_city";"c0";0,996873402385885;9,31366464520006;13,1691393531209;9,41507228970681;19,9713573067889
"loire_city";"c0";0,994839779482096;9,65749737220187;14,1119032013189;9,77465825044078;17,0217124899989
"loire_city";"c0";0,996849856764335;9,34012047044831;13,2019188364931;9,44169444136715;19,2616973417302
"loire_city";"c0";0,997082463477672;9,22742651494837;12,7713996716702;9,32064096900251;20,3168501372471
"loire_city";"c0";0,99702071290149;9,38217655813914;13,2999624105692;9,48522312570204;19,4848419797856
"loire_city";"c0";0,995697575059188;9,47420438583585;13,5604953986942;9,58168301759338;19,5329071046474
"loire_city";"c0";0,996771761606401;9,41214043754504;13,1541246866086;9,51056302807568;19,050730261535
"loire_city";"c0";0,995515173535445;9,45650773347661;13,8324226540387;9,57160412452401;18,1855460891125
"loire_city";"c0";0,996272051234859;9,43495331482867;13,3302711987953;9,53740892435623;19,2531459013763
"loire_city";"c0";0,995665713573709;9,51342572749868;13,5698313460734;9,62011830626169;20,1676688070079
"loire_city";"c0";0,996634859838846;9,34066997014558;13,3229904197283;9,4454139425632;19,6542033826997
"loire_city";"c0";0,99650223776133;9,45549549353508;13,0942246299246;9,55120224268358;19,0309226580717
"loire_city";"c0";0,997304630679994;9,40312962444934;13,167260996289;9,5021347340531;19,0427794554583
"loire_city";"c0";0,996306783072186;9,48413396311683;13,7154977090561;9,59542833359875;19,3703781167418
"loire_city";"c0";0,997757486861017;9,3483825487698;13,0469196565161;9,44566238189822;19,3749736833081
"loire_city";"c0";0,995918320524752;9,31118550904105;13,5874325643503;9,42366041137071;19,0871756694404
"loire_city";"c0";0,996249396014714;9,35204302894667;13,679817284053;9,46587321236499;19,7322003257997
"loire_city";"c0";0,994903164102608;9,41155698687553;13,226077134439;9,51188743445785;19,5947165784348
"loire_city";"c0";0,996391999822923;9,43605100587445;13,5469150304649;9,54417596303339;18,9163365508589
"loire_city";"c0";0,995560857209221;9,4469714217653;13,5878862567694;9,55588678273451;19,8429091950279
"loire_city";"c0";0,99612719232969;9,43042580277958;13,5361702336772;9,53841610312539;18,760817335059
"loire_city";"c0";0,997314080305569;9,24794737367122;13,0998576832821;9,34926126649651;20,4796061347289
"loire_city";"c0";0,994747326013146;9,50586518340592;13,566351980644;9,61266510633442;18,430846513284
"loire_city";"c0";0,996597237088855;9,38713446608542;13,0464582524988;9,48338290078669;19,9714032160626
"loire_city";"c0";0,996699107642956;9,38030018265701;13,2183295051318;9,48124897434288;19,640797646665
"loire_city";"c0";0,996582787379899;9,43629987685591;13,3700972003768;9,53976758207148;19,4318109441008
"loire_city";"c0";0,997208617420635;9,26380182861736;13,0879292973162;9,36438497032431;19,4705706016199
"loire_city";"c0";0,996265554788612;9,28838693377183;13,5710127304125;9,40102961132564;19,0234468085896
"loire_city";"c0";0,998006041596582;9,27520952476537;12,8100169485729;9,36818289945692;21,4064154502666
"loire_city";"c0";0,995105844065931;9,55199759433305;13,6655919535482;9,66019436542515;19,4661971455434
"loire_city";"c0";0,996706919449672;9,37814773880898;13,1433748416372;9,47718166859884;19,6007330288776
"loire_city";"c0";0,995696496715522;9,47013828703999;13,4797514095063;9,57560011805586;18,8507192937829
"loire_city";"c0";0,99645108147364;9,41629527526455;12,9507784173106;9,50926012061741;20,5330950085544
"loire_city";"c0";0,996391765710482;9,44875486889616;13,4026482863713;9,55275114652009;19,2925130251685
"loire_city";"c0";0,996693395763744;9,48463663002985;13,1941128758983;9,58220418706102;19,3472620423453
"loire_city";"c0";0,996332017421294;9,37091625629088;13,1506825159277;9,47033259856085;20,8145375890376
"loire_city";"c0";0,995648904364178;9,55473306177301;13,5622888501682;9,66014078028188;18,9427181559241
"loire_city";"c0";0,995673171782625;9,47687186150946;13,4108307499711;9,58034381624585;19,2359377403432
"loire_city";"c0";0,99577319492428;9,54358768954999;13,504872102363;9,64777836695203;18,7465861364984
"loire_city";"c0";0,995158809759432;9,47506087634894;13,252749713915;9,57442257775241;19,0339467178949
"loire_city";"c0";0,996311569974509;9,35079412193478;13,3393920502373;9,45570320614242;19,3027307730595
"loire_city";"c0";0,996798797660682;9,34285372962607;13,1999772815497;9,44430474243353;19,1241612892167
"loire_city";"c0";0,995206017280742;9,40598759366769;13,2730072074235;9,50769889512864;19,5838073874587
"loire_city";"c0";0,997115508110657;9,30518308459624;13,0463616229686;9,40358448312601;21,349472399196
"loire_city";"c0";0,994822987646119;9,595173837011;13,8692502886551;9,70759164758892;17,93593589195
"loire_city";"c0";0,995830009367796;9,52096239083719;13,6004506122656;9,62826209390053;18,7403499227979
"loire_city";"c0";0,997089414791234;9,27960554776478;13,0277486390913;9,37819012968016;19,6424556416279
"loire_city";"c0";0,996194387154679;9,52044215442738;13,2731650608528;9,61914719576648;19,4187795690032
"loire_city";"c0";0,994317539697783;9,4191025747795;13,7815882608564;9,53384574679686;18,8514765049164
"loire_city";"c0";0,996186720479442;9,51418917611212;13,2338414925967;9,61202438665671;19,1506879165014
"loire_city";"c0";0,99690928044354;9,41870961765473;13,2774446478687;9,52020301596074;19,5162123828674
"loire_city";"c0";0,996028379897116;9,3453612427171;13,338724314037;9,45039566088897;19,4364257721799
"loire_city";"c0";0,997363293888757;9,2763587955965;12,9672732818948;9,37343813665986;20,178924864534
"loire_city";"c0";0,996020639585831;9,42706523952256;13,4172052345191;9,53201488354785;18,8215446781159
"loire_city";"c0";0,996317177546324;9,25021141187201;13,2036341982167;9,35419531084013;20,246527570955
"loire_city";"c0";0,995576105498558;9,44753292878241;13,438465693265;9,5525034244258;18,8652026509503
"loire_city";"c0";0,996093968053174;9,41669156935654;13,3662178549942;9,52057298160422;19,0750126438354
"loire_city";"c0";0,996308443931358;9,48339548159385;13,5640999844161;9,59072717558971;19,8153612927675
"loire_city";"c0";0,995815255086012;9,39694137550229;13,3137278282246;9,49996165660816;19,1295819266735
"loire_city";"c0";0,996461117700683;9,32981677151929;12,9447305241418;9,42489712258357;20,0139216632448
"loire_city";"c0";0,996303485278951;9,19636101945043;13,127704505483;9,29976418322856;20,2521966404445
"loire_city";"c0";0,996485367462508;9,48007403830351;13,4533319986763;9,58457964689986;19,0139335538383
"loire_city";"c0";0,995887208246059;9,47613390027542;13,5168355138408;9,5824134284343;19,2639058358548
"loire_city";"c0";0,997334552586643;9,24452179293808;12,9275568545984;9,34139388743567;19,5273637367712
"loire_city";"c0";0,995770415463749;9,35167390512309;13,0989271300453;9,45023508155333;19,4490119995688
"loire_city";"c0";0,994785908381909;9,38680764497326;13,1352696928562;9,48540061616248;19,7585841028269
"loire_city";"c0";0,996009185597164;9,42590351395698;13,4740520365208;9,53237891254884;19,7663500319731
"loire_city";"c0";0,997773801125263;9,21981553333329;12,8440316043698;9,31514055626556;20,4912881252917
"loire_city";"c0";0,996145145289519;9,49910694351191;13,1870612495399;9,59610842518536;19,0697930684892
"loire_city";"c0";0,997417232901141;9,40955032731259;13,0545422331937;9,50542180136538;19,4811494554669
"loire_city";"c0";0,997031597551505;9,38559015527896;13,2887784119293;9,48825277328556;18,5601982522396
"loire_city";"c0";0,996527185684951;9,20865776399741;13,0586424768727;9,30992100930352;20,015487023071
"loire_city";"c0";0,996413946963484;9,44977310656599;13,3005363073046;9,55105682785145;19,5537655031038
"loire_city";"c0";0,996095391195219;9,39245254108952;13,4008994600898;9,49788369833485;18,8307540295157
"loire_city";"c0";0,996113537435843;9,3721223047126;13,2814741492093;9,47494703892343;19,3872691020413
"loire_city";"c0";0,996355168412521;9,40015751366555;13,1476039307753;9,49872377148425;19,444605313244
"loire_city";"c0";0,995937021610217;9,42345412747933;13,4400871010759;9,52910059634704;19,5591961972624
"loire_city";"c0";0,996472859613854;9,48050885919886;13,5496269213334;9,58753580378061;19,0120730039644
"loire_city";"c0";0,996225894098982;9,40604345439728;13,3793269791039;9,51054973539304;18,8462571433355
"loire_city";"c0";0,994630352663901;9,5124995453827;13,4455535952047;9,61594770083054;18,8785133390932
"loire_city";"c0";0,997144540622077;9,33344286856209;13,2878274218997;9,43745206416233;20,1830391090358
"loire_city";"c0";0,996379845342867;9,36143727296463;13,0852133410271;9,45938094743799;19,1256989039012
"loire_city";"c0";0,995541453532381;9,47875447029044;13,4587728279755;9,58343789252047;18,8803772156205
"loire_city";"c0";0,997589007646783;9,3290101795973;12,9833240217042;9,4251268415106;20,293663660682
"loire_city";"c0";0,995703581776141;9,38509516220423;13,1471651325957;9,48404605231985;19,8228029134396
"loire_city";"c0";0,995214250885767;9,5518946737224;13,6689215951536;9,66018172891057;18,56177373158
"loire_city";"c0";0,996308543148274;9,41691145329515;13,2670635623074;9,51817910149565;19,8294394130252
"loire_city";"c0";0,995167205077883;9,47535937476114;13,3541508864386;9,57738030357801;19,215850416021
"loire_city";"c0";0,995766558228637;9,46011589326139;13,7519664086435;9,57300120163752;18,4225288743919
"loire_city";"c0";0,995093895159393;9,57611091435037;13,6020471008244;9,68200207861248;18,3069010031348
"loire_city";"c0";0,996163626658633;9,51622381095079;13,4101955061441;9,61864401268997;19,0821395761038
"loire_city";"c0";0,996629658711573;9,31250944782022;13,2308926853536;9,41557172795312;19,9379282613148
"loire_city";"c0";0,995557538936144;9,49976026034377;13,446165302774;9,60355957688456;19,354018745386
"loire_city";"c0";0,997388822340937;9,26955670737699;12,9589715615381;9,36659660474685;20,0936218524851
"loire_city";"c0";0,995323920224421;9,43270035861297;13,3064760703784;9,53458936062628;19,7975756692712
"loire_city";"c0";0,99634755769391;9,37677276764943;13,1005439780477;9,47471631435531;20,3511005103705
"loire_city";"c0";0,996679023444666;9,39962333113931;13,0033493801387;9,49440942046986;19,5931300885461
"loire_city";"c0";0,995816986221655;9,40539172724305;13,5556287355585;9,51455228230865;18,7895909541719
"loire_city";"c0";0,996873593879413;9,28883712776503;13,2117052807833;9,39201737124864;19,1143274592914
"loire_city";"c0";0,995310814625847;9,5363455402611;13,4860326077408;9,64023118143235;18,2380146056885
"loire_city";"c0";0,996575057216349;9,43152987965191;13,4683604356432;9,53770759030191;18,941357023334
"loire_city";"c0";0,996502327121433;9,32285016013883;13,3275813865077;9,42818358632223;19,2545011131451
"loire_city";"c0";0,994558326239692;9,53267614738203;13,8306080784006;9,64572141064872;18,1793615775546
"loire_city";"c0";0,997575492965864;9,23382302522296;12,7853314996142;9,32723567505669;20,3350160488293
"loire_city";"c0";0,993582026077475;9,61923064212435;13,77879083997;9,72863641801519;18,131678680665
"loire_city";"c0";0,994865620371278;9,5367875638536;13,4430913751026;9,63953212794392;18,9466530158229
"loire_city";"c0";0,995995934300365;9,44928104710743;13,2913049607181;9,55033490551233;19,6654636053824
"loire_city";"c0";0,99740431751442;9,24231985384998;12,5639966813013;9,32968741514989;20,2549990996504
"loire_city";"c0";0,994294771382708;9,37705218484582;13,5994820812674;9,48811157501931;19,380937296377
"loire_city";"c0";0,996618696980233;9,42515308951475;13,5125950253303;9,53266199313111;18,9727550761201
"loire_city";"c0";0,994922646077916;9,3696585179249;13,5511833227968;9,47964201231471;19,6512484545156
"loire_city";"c0";0,995881481340832;9,44257958649875;13,3566271670638;9,54552782911516;18,324361546586
"loire_city";"c0";0,995539883023436;9,57182510448063;14,0233282693007;9,68890963612893;18,4957005659487
"loire_city";"c0";0,996274147799848;9,44242723504862;13,2541834574835;9,54268498519206;19,6086118492687
"loire_city";"c0";0,997567499133401;9,41769616427058;13,1634859187651;9,5162188481415;19,7081065636327
"loire_city";"c0";0,995770157256976;9,54962756463048;13,6145599011418;9,65654441522688;18,1773342091161
"loire_city";"c0";0,995550513848329;9,36462349366605;13,5266885066932;9,47409515182217;18,4182175904093
"loire_city";"c0";0,996723234547136;9,36415391509636;13,159918447306;9,46399104786834;19,6775443528166
"loire_city";"c0";0,995226510584732;9,41856271483315;13,6058932324108;9,52869891250719;18,9201935294125
"loire_city";"c0";0,997357443137734;9,35160155275915;13,5661578240661;9,46245384890737;18,8704334855492
"loire_city";"c0";0,997224175756365;9,20307346205384;12,9563178606085;9,30179221980724;19,7873272593248
"loire_city";"c0";0,995100168651124;9,47564786735594;13,4358577504815;9,57981028221373;19,2821876799419
"loire_city";"c0";0,995140756730801;9,43091517605578;13,4892075646793;9,53765738110891;19,4326524203643
"loire_city";"c0";0,99530104429904;9,34354601220215;13,3235879610659;9,44823005493317;20,0213309700889
"loire_city";"c0";0,995891716176515;9,45252642822112;13,5113561946118;9,55928276751651;18,9156574591777
"loire_city";"c0";0,996625496536987;9,26495727004152;13,1236991811568;9,36645084933068;19,1147732470529
"loire_city";"c0";0,996195740753821;9,44207282167474;13,7278521292894;9,5547984436502;19,1693038313048
"loire_city";"c0";0,996719116043055;9,3212614858022;13,0508264613099;9,41935742154369;19,4306630788079
"loire_city";"c0";0,994493192805864;9,45434789034017;13,2491491988998;9,55415968816668;19,4769672986518
"loire_city";"c0";0,995435987769407;9,51973361239802;13,7045159228277;9,6298027865006;19,6628232051289
"loire_city";"c0";0,994734719437579;9,55311450048007;13,6923784537218;9,66198643955093;18,2115639562796
"loire_city";"c0";0,996974339964464;9,38478753077204;13,2258394939279;9,48581582469691;19,447317378449
"loire_city";"c0";0,997404543350908;9,33344685122994;13,2107692615978;9,43542913938265;18,8289170752634
"loire_city";"c0";0,996125323923026;9,48270954755978;13,2617011608168;9,58210551489005;19,2588138484887
"loire_city";"c0";0,996176942979674;9,38249545628443;13,4627091913171;9,48981424198511;19,8414966515885
"loire_city";"c0";0,996213604520412;9,36191875716901;13,2322119843321;9,46371616201536;20,2119443456812
"loire_city";"c0";0,996823458038704;9,33496191908595;13,100364893187;9,43400047468531;19,4570639839047
"loire_city";"c0";0,997197647970405;9,18813381404642;13,2014842931212;9,29369394593548;19,6435527715312
"loire_city";"c0";0,996262737588409;9,4181436127651;13,2080275584793;9,517826072904;19,2165381693028
"loire_city";"c0";0,995774007331931;9,40047749984179;13,5120160801892;9,50862019933224;20,2144774968717
"loire_city";"c0";0,995221554633898;9,50365526542413;13,8210575031459;9,6172126414889;19,0478537146531
"loire_city";"c0";0,995461804039695;9,43688505108848;13,5167899760512;9,54419571439072;18,7902321244005
"loire_city";"c0";0,995634955051039;9,41415913154386;13,5231648671996;9,52223521152995;18,7834940173304
"loire_city";"c0";0,996332403760858;9,51508996067056;13,3350374968507;9,61556316076382;19,1389935950052
"loire_city";"c0";0,996732566147001;9,36387690953246;13,0392027889409;9,46054623522142;19,7337150907934
"loire_city";"c0";0,993918562101253;9,57908288955398;13,7823742751514;9,68963889390625;18,9199892245359
"loire_city";"c0";0,996950824006185;9,37949349413414;13,2242843783965;9,480620130082;19,7543439689631
"loire_city";"c0";0,996305666753088;9,3448256382937;13,1204772669225;9,44413375652639;19,3692134479426
"loire_city";"c0";0,995071926814537;9,41535653842374;13,2442189529607;9,51606421984128;19,3681690561768
"loire_city";"c0";0,997219515570923;9,34797697760389;12,7268589367915;9,43684916235552;19,4798615864578
"loire_city";"c0";0,996166278726987;9,36064797937907;13,3652113111077;9,46597698955632;18,7815947476333
"loire_city";"c0";0,994745962228789;9,44754982885205;13,6153205565118;9,55717156011848;18,5607270174857
"loire_city";"c0";0,995870325943864;9,40115643963324;13,2768634958242;9,5030962403429;20,0207195640215
"loire_city";"c0";0,995389924763369;9,44229924566237;13,7058584953825;9,55444043020727;19,2917676883109
"loire_city";"c0";0,995716561083202;9,32087815148082;13,3470263436641;9,42677489196927;19,4525334014695
"loire_city";"c0";0,9957837370124;9,38765393477244;13,4462154958526;9,49440321966576;18,8873695648432
"loire_city";"c0";0,996807821735843;9,37609900024191;13,3368079799971;9,48027454246206;19,2401012484594
"loire_city";"c0";0,996932496956043;9,35697401575313;12,9765705499977;9,45217753449194;20,5473906997003
"loire_city";"c0";0,994790932968315;9,52171508963697;13,8425374506218;9,63536242262542;18,9014151271215
"loire_city";"c0";0,994505673324966;9,65687158831539;13,8111116559464;9,76613743283217;18,0636668839794
"loire_city";"c0";0,996213121421817;9,4637877130257;13,4200558063594;9,5678464499584;18,4884227016048
"loire_city";"c0";0,993461508916135;9,63813882203938;14,048338928519;9,75413699048353;18,2927966166778
"loire_city";"c0";0,9961758982657;9,45788552300919;13,2920946347022;9,55873383457102;19,1300708606415
"loire_city";"c0";0,997459493231809;9,35399618518043;13,2751299239244;9,45713080967299;19,7757907789752
"loire_city";"c0";0,996310950051391;9,36706569100456;13,4326950901121;9,4740008759129;19,5927369178038
"loire_city";"c0";0,996799921391802;9,37439034252876;13,4555451737859;9,48173388117392;19,0767505602721
"loire_city";"c0";0,994824715803857;9,45127090489637;13,6484783467501;9,56166688786318;18,6421692605639
"loire_city";"c0";0,996018109159077;9,53229709231014;13,6940017955424;9,64175927350937;19,0782094957723
"loire_city";"c0";0,997512429166915;9,21797761008543;12,9707804514628;9,3166847538933;20,6371434184645
"loire_city";"c0";0,997353281965993;9,26802536481492;12,7730749814795;9,36021604234032;20,3160155471482
"loire_city";"c0";0,996641336197293;9,60484942346392;13,523673670136;9,7079233031277;18,5748254190806
"loire_city";"c0";0,995250244935372;9,47300254548402;13,514047596525;9,57929110681989;19,2253915513211
"loire_city";"c0";0,995017789967801;9,54534659836273;13,4222612289505;9,64731816099132;18,8910414594455
"loire_city";"c0";0,997188319636492;9,29085497438772;13,0899347833401;9,39077930638439;20,1955530246521
"loire_city";"c0";0,994775636462858;9,53200502378805;13,741891421413;9,64273449176955;19,0816992180231
"loire_city";"c0";0,995957410635961;9,34958587202987;13,1202205272512;9,44876203259344;19,9207976304817
"loire_city";"c0";0,995728744717443;9,31585519046863;13,2380805277585;9,41901852645477;19,5135995474925
"loire_city";"c0";0,9967636332182;9,40226247055495;13,2549762740686;9,5035974970746;19,0419368894024
"loire_city";"c0";0,996929299685378;9,37720016552984;13,4114362470706;9,4833096356744;19,6068320907647
"loire_city";"c0";0,99532884663017;9,37332496871402;13,3666196442818;9,47835758792399;18,8471006159793
"loire_city";"c0";0,996166188179891;9,41660904847897;13,6386901037614;9,52765926334698;18,8803316387691
"loire_city";"c0";0,996602735559064;9,37409523192634;13,1332031220868;9,47296821267882;19,5494235996553
"loire_city";"c0";0,995450966091383;9,43398793139792;13,7514442954171;9,54754673110588;18,6463583691071
"loire_city";"c0";0,997262793285513;9,29418667770832;13,1389112098449;9,39531156844624;19,9849058152383
"loire_city";"c0";0,996057385029106;9,60001658992998;13,6044914616302;9,7053432734098;18,2425448348435
"loire_city";"c0";0,996261977159572;9,44773966652766;13,3880946862913;9,5513798538835;19,0262882973501
"loire_city";"c0";0,995818004257391;9,51906017546719;13,2927569201741;9,61831687586192;19,1292911225845
"loire_city";"c0";0,996036607997557;9,36524168336761;13,4170016629212;9,4718120713899;20,1274242929024
"loire_city";"c0";0,995951959328734;9,3716520058732;13,4172684224228;9,47806080438958;18,8679953777632
"loire_city";"c0";0,997459695621765;9,36151652466507;13,2811980442797;9,46461295253274;19,7406036454319
"loire_city";"c0";0,997798107041173;9,3486245475308;12,8587619437516;9,44094904508607;19,2489726368508
"loire_city";"c0";0,99523442572803;9,45916865045894;13,4933514063543;9,56527671801925;20,0391938616406
"loire_city";"c0";0,996241524012835;9,36365755435655;13,2358951935641;9,46550610160697;19,316422811434
"loire_city";"c0";0,995248699944476;9,49312366976776;13,5110641763526;9,59880452968988;19,625061056796
"loire_city";"c0";0,995910598831772;9,48523207954544;13,5279398367562;9,59156437378814;18,2879009241212
"loire_city";"c0";0,996379396259137;9,39668578482808;13,2272805370939;9,49743903061885;19,5341721771764
"loire_city";"c0";0,995579960075661;9,50047661009685;13,614608516021;9,60868751987477;18,7778633604036
"loire_city";"c0";0,996499838154004;9,42004134043109;13,5182794351764;9,5278342072763;19,4478251265076
"loire_city";"c0";0,997455712356049;9,18026223037466;12,7068801139582;9,27302020176399;20,242355948853
"loire_city";"c0";0,994919320053694;9,53425346009945;13,9220331911644;9,64966192231233;18,1925134272796
"loire_city";"c0";0,995938020722392;9,57066778527095;13,6002952803632;9,67665603924068;18,9742826885569
"loire_city";"c0";0,995737527433685;9,41368920216046;13,6049083518483;9,52392767959315;18,8097089546435
"loire_city";"c0";0,99617841303478;9,40598369912697;13,4341854940039;9,5119344539788;19,5944316062247
"loire_city";"c0";0,995614052507633;9,49435519709511;13,6342202205234;9,60324294566192;19,1515913922989
"loire_city";"c0";0,99561710341087;9,37481014283474;13,3977341834417;9,48062208089504;19,8293958287947
"loire_city";"c0";0,995949431818476;9,46489570308103;13,4842500034096;9,5706137489541;19,0205605660385
"loire_city";"c0";0,995226798996468;9,42810693595331;13,5913385214217;9,53760927758485;18,6064246591511
"loire_city";"c0";0,997137016744378;9,24609822607907;13,2088392244766;9,35032721495359;19,5304529191828
"loire_city";"c0";0,994768279750093;9,47551803407923;13,7439133874573;9,58778641901258;18,157852650867
"loire_city";"c0";0,99678785756845;9,34507178750301;13,3723812832307;9,45099907288305;19,4703046256032
"loire_city";"c0";0,99579935729533;9,32722552580283;13,209878063304;9,42934800827101;20,6565247101023
"loire_city";"c0";0,995444413718325;9,39662421786759;13,6299096388791;9,50796913272013;18,848007035641
"loire_city";"c0";0,99675067607331;9,36823897139113;13,324497032343;9,47229744444965;20,0675060759539
"loire_city";"c0";0,995858363533168;9,37494677715231;13,6413166632961;9,48716188774805;19,0714304939871
"loire_city";"c0";0,996453917900433;9,46171393618858;13,4608449489594;9,56690006417584;19,4223192986147
"loire_city";"c0";0,9965918604098;9,30203751591753;13,0485255424522;9,40057856591149;19,662009768489
"loire_city";"c0";0,995778026330015;9,38145891698483;13,4524494990646;9,48853511304696;19,7896271030891
"loire_city";"c0";0,996352096594274;9,39701092135648;13,2314978614816;9,49786654043009;20,17410881576
"loire_city";"c0";0,99471226824449;9,4564742146662;13,648539234969;9,56673494039596;19,2400010545232
"loire_city";"c0";0,99787874927834;9,29396582098189;12,7668640135124;9,38531084383803;19,6743640026028
"loire_city";"c0";0,996297962943977;9,37119582770972;13,1955150554927;9,47178401311129;19,7678965630134
"loire_city";"c0";0,996674572931259;9,25934907548043;13,2694094817155;9,36482267106406;19,9209918986175
"loire_city";"c0";0,996639704458435;9,32687657800502;13,085498712938;9,42573678230398;19,6884048524847
"loire_city";"c0";0,997578781237428;9,27055256923258;13,0447865808176;9,36982340095294;20,1348739731485
"loire_city";"c0";0,996266650132009;9,41039136168498;13,3855326524839;9,51494650610165;19,9983828927757
"loire_city";"c0";0,996534895366917;9,40967385272135;13,1965597296486;9,50927745691726;20,0199862518207
"loire_city";"c0";0,99680139908622;9,29582911467125;13,201155469332;9,39854796945784;20,6269851368409
"loire_city";"c0";0,996673280318308;9,35536718892492;13,2488863705009;9,45777548853958;19,8555144639086
"loire_city";"c0";0,996057601824986;9,34039155963205;13,4869645110516;9,44945574177154;19,9625531619061
"loire_city";"c0";0,995916648666802;9,5139883988106;13,7018620714008;9,62413888268143;19,3751089759328
"loire_city";"c0";0,995061766103164;9,3970549713575;13,325737896684;9,50038815641323;19,998404098944
"loire_city";"c0";0,995848095919533;9,47668678269822;13,2489505455505;9,57590579245159;19,7493882337362
"loire_city";"c0";0,997608191671859;9,1794893233488;12,6729061354492;9,271374031986;20,8363451640162
"loire_city";"c0";0,994988462073534;9,46755646753565;13,2465442831253;9,56695233497874;20,1083237487197
"loire_city";"c0";0,99612929560707;9,34131927210932;13,1879279457882;9,44249372000173;19,4152480034769
"loire_city";"c0";0,99616024070675;9,40170267184813;13,309843297228;9,50449554827571;19,4268085204564
"loire_city";"c0";0,995921544323375;9,52198236901759;13,5983520396323;9,62920004719003;18,0981517025081
"loire_city";"c0";0,996307793240001;9,32473027593922;13,1954754372357;9,42653956766836;19,2958433490519
"loire_city";"c0";0,996165716449484;9,42416850793027;13,3289962549614;9,5268742482163;19,9838546563773
"loire_city";"c0";0,997118451702316;9,40660888985015;13,4169998447246;9,51209117960543;19,622155531853
"loire_city";"c0";0,995573179052898;9,34004204578699;13,1145544766498;9,43932020055971;19,7723840900871
"loire_city";"c0";0,997275512321025;9,30258438874879;13,198105815929;9,40504535192003;19,5562220488825
"loire_city";"c0";0,996174520151494;9,33616684897117;12,9758797646691;9,43189947372512;19,6577644498245
"loire_city";"c0";0,997299965828956;9,32922903651605;13,3326910408353;9,43452907930877;19,7168047475495
"loire_city";"c0";0,99711701941909;9,17383658900328;12,9750954724515;9,27381823555356;20,5936183755915
"loire_city";"c0";0,995922629921603;9,2903944373214;13,4705889255802;9,40034294139629;19,3182447089826
"loire_city";"c0";0,995352818502932;9,52983925071342;13,6185204569266;9,63738074992473;18,8273204575141
"loire_city";"c0";0,997513094525848;9,29653401298322;13,096408629625;9,39647925020733;18,6031627210136
"loire_city";"c0";0,997244562013606;9,23814653994123;13,0465573032356;9,33831629699512;20,6548735947139
"loire_city";"c0";0,996115563641755;9,51174372654399;13,4113547121858;9,61431225428824;19,5803903942444
"loire_city";"c0";0,995223049781933;9,43643015754722;13,5793858836044;9,54539919853512;19,140383874216
"loire_city";"c0";0,99534126220023;9,51153414161493;13,6117270420132;9,61937842423945;18,6707944994685
"loire_city";"c0";0,995452490921338;9,41024361657152;13,1027474231173;9,50736476032711;19,5349662446872
"loire_city";"c0";0,99609268165851;9,40831245144323;13,297889353578;9,51061706025393;19,4530169058742
"loire_city";"c0";0,996731994088616;9,44745692422732;13,0670272478477;9,54265975356785;19,6551340173711
"loire_city";"c0";0,995076642884929;9,47946246152531;13,310147980866;9,58021809469401;19,284296347184
"loire_city";"c0";0,995686961771995;9,49298708629276;13,6877369036509;9,60331842821532;18,9405942915586
"loire_city";"c0";0,9943065699695;9,67829228592491;13,7154851930207;9,78447952722282;18,0840403151703
"loire_city";"c0";0,995558836226713;9,42612870924922;13,2790312245676;9,52746869931319;20,2321195560965
"loire_city";"c0";0,996124053081238;9,45530817256659;13,8352338289499;9,5705100549745;18,2403579349058
"loire_city";"c0";0,997695351297916;9,34057014076307;13,2462533095423;9,44329838056242;19,9972896382485
"loire_city";"c0";0,994385515862588;9,56174034720796;13,3638343429422;9,66174395908709;19,1738201751203
"loire_city";"c0";0,995545426115502;9,27083061367963;13,2532692346949;9,37557769427134;21,4621990142982
"loire_city";"c0";0,99596558427093;9,42153352065769;13,2519237090414;9,52228138595889;20,1600469978625
"loire_city";"c0";0,996733642891776;9,36272647271176;13,1065371930246;9,46119710353865;19,2069504068685
"loire_city";"c0";0,9972296328254;9,2931239239806;12,7087990576922;9,38296385186247;20,2043774643976
"loire_city";"c0";0,994241743652355;9,70355462425529;14,0582670491998;9,81809334204552;17,7841582731361
"loire_city";"c0";0,995528710283356;9,52088249513089;13,422020076003;9,62349117575854;19,5826962192765
"loire_city";"c0";0,99487776114456;9,56741499639509;13,8481130011538;9,68000696869245;18,5525201126929
"loire_city";"c0";0,998018018591519;9,22704268067509;12,836342372889;9,321975369341;20,5615789642662
"loire_city";"c0";0,997670156752894;9,37136729427072;12,7584865790712;9,46045613918763;20,7659682901109
"loire_city";"c0";0,996466854952743;9,36727560641032;13,5051610914403;9,47611128867107;19,2705404650735
"loire_city";"c0";0,996407238366;9,36383956227667;13,5477469002745;9,47388572263904;19,480247610991
"loire_city";"c0";0,995816051737934;9,30553049016947;13,3523899945556;9,41197198468803;18,9284879944089
"loire_city";"c0";0,993710917562068;9,6285447209704;13,815228286178;9,73866390234399;17,7003054748733
"loire_city";"c0";0,996540090852898;9,29707075966965;13,231456114807;9,4005539314375;20,1781583420157
"loire_city";"c0";0,996583523157976;9,49075544836587;13,4456680871716;9,59477853380003;18,7406035510787
"loire_city";"c0";0,995724386168455;9,41940985539797;13,4669058554438;9,525868091182;19,4737139522431
"loire_city";"c0";0,995796956371358;9,451609284219;13,5308919489047;9,55890358067832;19,6123604027729
"loire_city";"c0";0,99532727284611;9,40181148850194;13,5470022728671;9,51083931654345;19,4038216520704
"loire_city";"c0";0,997185295538802;9,29879595308071;12,8212632617585;9,39144475502752;19,9817393367705
"loire_city";"c0";0,995513980047235;9,47889851914919;13,6102457521306;9,58756223069565;18,8549352744079
"loire_city";"c0";0,99527963782176;9,53443782033572;13,2061651585265;9,63101249630806;19,4534850776636
"loire_city";"c0";0,996245871175284;9,36591916228259;13,2774808785483;9,4688020210845;19,6540351186527
"loire_city";"c0";0,995369401108102;9,40847654244234;13,5932595238532;9,51854573419323;19,078930515703
"loire_city";"c0";0,996908425269695;9,27737689768615;13,0059698802325;9,37544726782958;20,7809049290667
"loire_city";"c0";0,996580949578918;9,35394467487991;12,9701396672149;9,44905872542638;19,9777576931195
"loire_city";"c0";0,996409589923692;9,32667247559955;13,3412433723359;9,43226470721426;19,2053292097461
"loire_city";"c0";0,996974292712364;9,37714014248867;13,302309802629;9,48038092077894;19,9030483897997
"loire_city";"c0";0,996557302389836;9,36030568348393;12,9212267640676;9,45396590600195;20,2880719321194
"loire_city";"c0";0,996413154975648;9,43618717413515;13,3426538373748;9,53893602159859;19,3576326439335
"loire_city";"c0";0,996169643315071;9,37766154319329;13,270916683734;9,48006289793566;20,4652856211305
"loire_city";"c0";0,995786452801022;9,48145891190057;13,3790578943097;9,58397451944069;19,2523559634392
"loire_city";"c0";0,996601694435427;9,36897153992343;13,2990146677667;9,47234050136048;18,9260346976142
"loire_city";"c0";0,995992120358462;9,35105969808938;13,3178730885369;9,45539580002171;19,3146577847248
"loire_city";"c0";0,996594757993559;9,40658971711772;13,2616585673639;9,50798668665604;19,7900056254162
"loire_city";"c0";0,99494602373407;9,49552034097602;13,4898885028052;9,6005811952858;19,0818467966805
"loire_city";"c0";0,99712928060871;9,28305683958461;12,9658070984772;9,37992144312972;19,4805352699133
"loire_city";"c0";0,995898069290349;9,34889944821239;13,4642138122885;9,45714145929559;19,26122043976
"loire_city";"c0";0,995456112835586;9,37954876170044;13,6319363166488;9,49139610558037;18,7657892748639
"loire_city";"c0";0,996826168221435;9,30856600841471;13,0426475056097;9,40678073882103;19,9747878011869
"loire_city";"c0";0,995540985968966;9,45107007505752;13,2613645555638;9,55128937810507;19,0317681131093
"loire_city";"c0";0,996948350883026;9,37964237473162;13,2650974938441;9,481838571391;20,2858692602468
"loire_city";"c0";0,996824758301877;9,36058673272676;13,0857443937641;9,45856674619851;19,1981062184386
"loire_city";"c0";0,996883248445682;9,27957402537255;13,1104793852554;9,38033544084128;20,3888930314911
"loire_city";"c0";0,994847221182917;9,3709503784331;13,369401580695;9,47611862587707;20,56989726277
"loire_city";"c0";0,996805321934206;9,34797230347712;13,2875236616867;9,451591352729;19,9324435688392
"loire_city";"c0";0,995966596149838;9,53630198173823;13,7704749698726;9,64767024159965;18,6092542504658
"loire_city";"c0";0,996397904199808;9,3327134031212;13,2419008121597;9,43553381231015;20,2459597564646
"loire_city";"c0";0,996830452400932;9,32050458401678;13,0320276182025;9,41812597617794;19,6292827431088
"loire_city";"c0";0,994895254680759;9,58373840285258;13,6361446044889;9,69032578796712;19,3926727833427
"loire_city";"c0";0,99630707500299;9,31522146497301;13,4805690191425;9,42477946133401;19,8011759250245
"loire_city";"c0";0,997302558902589;9,2590370817559;13,1221264329534;9,3606450084839;20,5173137091525
"loire_city";"c0";0,99465487545308;9,50917346016588;13,3720233552131;9,61077508865929;19,2318044458381
"loire_city";"c0";0,993435138748884;9,46953225379647;13,6484402514072;9,57944692027776;18,8600302219415
"loire_city";"c0";0,994910371746152;9,61112281337554;13,6219558963604;9,71661673209317;18,8459866012542
"loire_city";"c0";0,995124522368844;9,5089255026559;13,8545606613716;9,62322546795609;17,8236934601185
"loire_city";"c0";0,996366776862533;9,50442779113073;13,5607986256629;9,6111194549953;19,8112241169007
"loire_city";"c0";0,996988905452884;9,17613793548058;13,163261126866;9,28100823079493;19,5712577888087
"loire_city";"c0";0,997216773892841;9,38275054022771;12,7615503391069;9,47162056397869;20,1047372398888
"loire_city";"c0";0,997094464764395;9,33845428661657;13,0842299168662;9,43697659898814;19,6401619294974
"loire_city";"c0";0,99569447357913;9,4799070814783;13,5663149299943;9,58738878627605;19,3574388792028
"loire_city";"c0";0,99694793443281;9,35050073150593;13,1141626446812;9,44949349329238;19,3858395071359
"loire_city";"c0";0,996380055677809;9,49641898506235;13,5236459080062;9,60234409859271;19,3799526860797
"loire_city";"c0";0,995259530429848;9,45294214586888;13,3618006609372;9,5557539044077;19,4276999394695
"loire_city";"c0";0,995985332360991;9,46612826929152;13,3085648443206;9,5671929816186;19,4009686152607
"loire_city";"c0";0,997063858090637;9,32367817034003;13,1931739329718;9,42545460007803;19,1964756801155
"loire_city";"c0";0,995594821737132;9,37986299249797;13,3060408466329;9,48313028855479;18,6212242327038
"loire_city";"c0";0,996201773255683;9,37745878133686;13,1939463393636;9,47784097623331;18,8451911092092
"loire_city";"c0";0,996824562844859;9,39464430827449;13,417529896351;9,50045523494687;19,1683387676032
"loire_city";"c0";0,995677396832053;9,50616846949329;13,2687715411666;9,60513338137;18,9144872404053
"loire_city";"c0";0,995838339085189;9,4732609138572;13,1821491334001;9,57081300447525;20,128762201034
"loire_city";"c0";0,995387167872673;9,49145422353789;13,4825424964049;9,59642880940108;19,7253775477812
"loire_city";"c0";0,996844713386939;9,35585898739162;13,338876223229;9,46062128685277;19,2685856735951
"loire_city";"c0";0,996363193102584;9,3655634998763;12,7961263333395;9,45579500770055;20,6002545641949
"loire_city";"c0";0,997468981433924;9,18865086940622;12,821043636559;9,28419095781183;21,3493145226562
"loire_city";"c0";0,995273897247386;9,61823314144331;13,4686501426652;9,7195077569039;18,5807817883643
"loire_city";"c0";0,996010020321075;9,38040847563236;13,005159727065;9,47574757501111;19,4789454504219
"loire_city";"c0";0,99592626349614;9,43758281279865;13,3576048604538;9,54068819731863;18,9204878278698
"loire_city";"c0";0,995002673183187;9,55841687360439;13,3984570222661;9,65941855453545;18,6482519690058
"loire_city";"c0";0,99447800301804;9,57725593982707;13,4672310522843;9,67957102246366;18,794346289616
"loire_city";"c0";0,996145893955073;9,42324174281952;13,2381503991936;9,52358240905617;19,2916717994985
"loire_city";"c0";0,99703475544401;9,35787767461143;13,3970101408559;9,46411593067135;19,9134056164371
"loire_city";"c0";0,99710312501195;9,26340251617158;12,7652656563496;9,35550938220832;20,2331197127506
"loire_city";"c0";0,995323610424829;9,50825039978358;13,4641836129407;9,61230032861548;18,1985680562802
"loire_city";"c0";0,996959153583265;9,29959599139568;13,0401766004928;9,39798166304251;20,4435076251548
"loire_city";"c0";0,996813450462509;9,43998598846613;13,3644446551302;9,54320806603103;19,5263595494278
"loire_city";"c0";0,997028355441367;9,24220558517813;13,2559199166587;9,3477752872027;19,7642613956698
"loire_city";"c0";0,997422726069997;9,28161756443965;13,2100789396073;9,38494492222859;20,6153425177056
"loire_city";"c0";0,995874438308057;9,48609913175468;13,42033123669;9,58957827269801;18,8998259179939
"loire_city";"c0";0,99536367765676;9,39406259472606;13,4121436379824;9,4997471510783;19,6698381217736
"loire_city";"c0";0,996287416242076;9,30977873754989;13,2938830859013;9,41456963051189;19,8640186842414
"loire_city";"c0";0,99637711938201;9,36981524861491;13,2836163310137;9,47275700777589;18,6818723058066
"loire_city";"c0";0,99559745876386;9,41412033696963;13,5960388883977;9,52411418777824;18,8506682650779
"loire_city";"c0";0,995084525620542;9,53340876167265;13,7112968281744;9,64329660167493;18,6711517762492
"loire_city";"c0";0,995929019029787;9,40877300545707;13,4061818023056;9,51391383529735;20,2127565754448
"loire_city";"c0";0,995672566361108;9,47213817267811;13,4352733239313;9,57637752865802;19,4470179270099
"loire_city";"c0";0,996503410559246;9,36370255341884;13,4060601476844;9,4700256375896;18,326636887407
"loire_city";"c0";0,995450028584299;9,41950900857433;13,3006511124567;9,52159176324579;19,3364313308108
"loire_city";"c0";0,995266634836451;9,49102024662916;13,579566599558;9,59855819889621;19,0668058791714
"loire_city";"c0";0,996432555155959;9,29020403190378;13,0390447183706;9,3888069621382;19,5826084991457
"loire_city";"c0";0,996176952213468;9,53927775827118;13,7749079514353;9,65068434589787;18,4613665439914
"loire_city";"c0";0,99599476855197;9,36773096939796;13,2797459884288;9,47062575108074;18,9456908176257
"loire_city";"c0";0,99641544318606;9,34559546256517;13,5872599203878;9,45716076490581;19,3635426724401
"loire_city";"c0";0,995679765057149;9,46137754481035;13,4842373222314;9,56718779260452;19,0134670922744
"loire_city";"c0";0,995629772349109;9,45104335559323;13,290895945417;9,55204010330557;18,3161511150425
"loire_city";"c0";0,997110052856254;9,3234939575472;13,3319221604012;9,42892462251585;19,5897699391908
"loire_city";"c0";0,996480699585166;9,35788409602778;13,1267855335251;9,45701466907227;20,8534163097155
"loire_city";"c0";0,995671656518687;9,37879209718035;13,3717266790095;9,48381524511619;19,9338531492931
"loire_city";"c0";0,996109685709133;9,36032530871523;13,2463852165611;9,46253741267669;19,4013624564051
"loire_city";"c0";0,994509899073055;9,47553039051804;13,6767154523813;9,58603099382514;18,5604058118173
"loire_city";"c0";0,996311321685712;9,31315855997171;13,5936276420035;9,42574451108716;18,992066829069
"loire_city";"c0";0,9968717968998;9,25330813101127;13,1123892657622;9,35481063264396;19,2311651329562
"loire_city";"c0";0,996537325167399;9,48043718643058;13,3275253676452;9,58162424644819;19,5374693715844
"loire_city";"c0";0,9947284169678;9,54491569573462;13,4307830785805;9,64712273585616;18,6035118569678
"loire_city";"c0";0,996663856922627;9,26718060198753;13,0679518560228;9,367149422789;20,1915224057501
"loire_city";"c0";0,996386297476528;9,50221241604664;13,4338624819504;9,60562364356397;19,3851612513433
"loire_city";"c0";0,996507943084237;9,41897401426175;12,9517030024524;9,51189272142825;18,8975443555347
"loire_city";"c0";0,996570521935799;9,53421086419588;13,1579320637627;9,62952287089697;19,3079840073792
"loire_city";"c0";0,996708072066693;9,24065661719244;13,2729163666708;9,34671410536477;20,0893075137047
"loire_city";"c0";0,99661224240418;9,38211248125054;13,2747721498717;9,48449817374395;19,8483116863525
"loire_city";"c0";0,996644821891701;9,40336798966147;13,3376717710372;9,50684901585617;19,9367551225317
"loire_city";"c0";0,997152073360834;9,39892420345881;13,0395856636755;9,49468177706411;19,8989702242076
"loire_city";"c0";0,996680939686079;9,4015634191383;13,5417850412242;9,51046054705076;19,2935234083319
"loire_city";"c0";0,995882840439601;9,30155584359565;13,0660437013547;9,40057032957979;20,0059164818791
"loire_city";"c0";0,995581316471973;9,62150919248885;13,8089532435208;9,73164837634774;18,7095820515826
"loire_city";"c0";0,996315936451097;9,41246499616291;13,2207320485093;9,51263097329609;19,1693022465763
"loire_city";"c0";0,99703366859974;9,30848960559285;12,9314267900876;9,40378099093659;20,1230559055156
"loire_city";"c0";0,995770016512574;9,39988921573881;13,3402618375964;9,50352986606926;19,5987492022797
"loire_city";"c0";0,99621562064094;9,54972080481616;13,5246270191408;9,65426976619356;18,5345836979638
"loire_city";"c0";0,99595534868798;9,43141690238129;13,3345466763503;9,534077982162;18,78127538956
"loire_city";"c0";0,996921288816695;9,30169091535163;13,0864138704331;9,40123762984491;20,1007392601676
"loire_city";"c0";0,997180908847701;9,31976647364455;13,0679400904782;9,41835185844933;19,6617919057833
"loire_city";"c0";0,99611860914856;9,4045468813728;13,2633902220271;9,50604312848665;19,6008969709534
"loire_city";"c0";0,996583612161676;9,30336586952638;13,3043798849981;9,40860152471404;20,3412913254782
"loire_city";"c0";0,997173394342949;9,19048232717416;13,0649127082488;9,29238854846075;20,2958293406581
"loire_city";"c0";0,996328024514862;9,33207392224687;13,2679742067682;9,43559694006016;20,0762620739957
"loire_city";"c0";0,996932928234398;9,44094714518471;13,1985569603001;9,53978072319872;19,2772251548855
"loire_city";"c0";0,995887248662044;9,42389665949753;12,8985650387174;9,51528824223957;19,9500114348016
"loire_city";"c0";0,995862781196771;9,40305357413594;13,2563793853164;9,50440469783184;19,1797572675362
"loire_city";"c0";0,997449365394291;9,21202218281585;12,8376184842875;9,30738350890866;19,3772190806571
"loire_city";"c0";0,997200646091819;9,31544553156023;13,1377504558242;9,41598073625497;19,5754300354003
"loire_city";"c0";0,995821201919257;9,31567035231222;13,1112933034111;9,41550376118298;19,6250234526836
"loire_city";"c0";0,996208164778584;9,39071760285291;13,6652957387204;9,50314860885273;18,8703720869568
"loire_city";"c0";0,99617977647501;9,38827126353984;13,4424486663452;9,49490523522338;19,1192790964302
"loire_city";"c0";0,997181142361318;9,2925906311993;12,9091852371895;9,38771519248246;20,8153151255815
"loire_city";"c0";0,996920528568806;9,37435010572034;13,1762929073828;9,47434974085579;19,8031541816661
"loire_city";"c0";0,996753088747127;9,2323896444264;13,057279796643;9,33299284642291;20,6235194894977
"loire_city";"c0";0,996696047482058;9,36820791505576;13,4346411415181;9,47516424242898;18,9434783604976
"loire_city";"c0";0,996946764049951;9,27250858620816;13,0974316899352;9,37311265490341;19,675603273952
"loire_city";"c0";0,997156898630416;9,31672103262476;13,3613484972451;9,42310381948415;19,8966280267511
"loire_city";"c0";0,996091151001055;9,36269662812427;13,2676284456915;9,46540510569915;19,9270401261447
"loire_city";"c0";0,996168037423273;9,44114140616375;13,2303081978474;9,54080500354087;18,845962020392
"loire_city";"c0";0,99643689416832;9,33863196783414;13,1420409779274;9,43867016754453;20,2123327990403
"loire_city";"c0";0,9960681893677;9,42289215101585;13,1048944509596;9,51973708156063;20,0737685097115
"loire_city";"c0";0,995647538620127;9,47115486554734;13,563767901297;9,57879978070665;19,5245411167739
"loire_city";"c0";0,995738960458038;9,34231909460097;13,3293380788423;9,44718664903337;19,8070462451764
"loire_city";"c0";0,99550661495989;9,49497386471681;13,5206545905899;9,60085830979133;19,2838085232655
"loire_city";"c0";0,996183945332803;9,38914069687604;13,5862572061642;9,49953428811214;18,8924006205445
"loire_city";"c0";0,996924363692349;9,19043264890085;13,0487075076452;9,29191394366362;20,4769048161284
"loire_city";"c0";0,995979986873342;9,42201820285961;13,2508027952204;9,52272383737911;19,2668312787691
"loire_city";"c0";0,996740410732789;9,37087648214983;12,9805130460863;9,4658180312987;19,493927530583
"loire_city";"c0";0,996831599306785;9,29578051764988;13,3768511733448;9,40312184228869;19,6847742715144
"loire_city";"c0";0,995664195279246;9,44413979577625;13,5081969165915;9,55103362623404;18,7109461389871
"loire_city";"c0";0,994362031430881;9,54593149465592;13,5215371148266;9,65049885197798;19,2189913544192
"loire_city";"c0";0,995440299168228;9,56979067301223;13,8357099417066;9,68199393135692;18,0501176807933
"loire_city";"c0";0,997326566790702;9,36713055934248;13,2552030767384;9,46939559945559;19,3267908854932
"loire_city";"c0";0,99696483816658;9,38390553254252;13,1994291291478;9,48426237308845;19,6687578054683
"loire_city";"c0";0,997349668120972;9,34001621267812;13,1630753042029;9,44057125366574;19,9523242311636
"loire_city";"c0";0,997068976999574;9,25546577435926;12,7916271351962;9,34847476063573;19,7857068468737
"loire_city";"c0";0,996476675918806;9,28501332092232;12,8446566523431;9,37863993576743;20,3895865183847
"loire_city";"c0";0,995275869551369;9,48814981928687;13,6473516914617;9,59754617040774;18,7430931389424
"loire_city";"c0";0,996410412316649;9,27085106256053;13,0525185885877;9,37031741240696;20,1477652150748
"loire_city";"c0";0,996050470343607;9,36301400099251;13,0997319221311;9,46129807527015;19,5124162512456
"loire_city";"c0";0,997613451928761;9,29397341686157;12,8143559021901;9,38656738327162;20,4017449065784
"loire_city";"c0";0,997093560523556;9,33905358321981;13,0849868052767;9,43758004060987;18,9956608694289
"loire_city";"c0";0,996125179199056;9,38187688356886;13,1437854570919;9,48082352858433;19,8148878691902
"loire_city";"c0";0,996622237766498;9,36013735729889;13,0329561354112;9,45674074059262;19,9957649160327
"loire_city";"c0";0,996784302259992;9,45469661104117;12,8143819901469;9,54306388261968;18,742269726834
"loire_city";"c0";0,997291809456507;9,33480006515984;13,0140500191165;9,43157260282318;19,8646485592823
"loire_city";"c0";0,995766425924844;9,43872975673492;13,3389744775688;9,54131495313814;19,2120263996475
"loire_city";"c0";0,997233578925901;9,37594191195918;13,0624925022302;9,47290647275537;21,0683541276103
"loire_city";"c0";0,996759273858498;9,30447257834899;13,3185547981133;9,41005195666173;20,1229063858713
"loire_city";"c0";0,99694756380434;9,26225510956794;12,9260168596501;9,3586202726817;20,0680756552163
"loire_city";"c0";0,996093783620217;9,39280717647594;13,45787536122;9,49972760018599;19,5360422857271
"loire_city";"c0";0,996750188570884;9,29487588600378;13,1093784489197;9,39520587107036;20,2142330320456
"loire_city";"c0";0,996634138885674;9,38757129356746;13,0649848627156;9,48429553018569;19,22662096182
"loire_city";"c0";0,995304660408174;9,49752838684632;13,6179672734996;9,60590518438337;18,9435899782998
"loire_city";"c0";0,996428599202849;9,51355968580242;13,300425456214;9,61316276115181;19,2410269905385
"loire_city";"c0";0,996130079587172;9,39296336653997;13,2570217991646;9,49459678228613;19,7587682077316
"loire_city";"c0";0,995549806013791;9,35467361325286;13,140913020565;9,45426021384587;19,8346393438249
"loire_city";"c0";0,996624240441631;9,3600426511525;13,574494661963;9,47089220501549;18,7285882281572
"loire_city";"c0";0,996973758506398;9,4629151732086;13,4500742127272;9,56778641140937;19,3206005987213
"loire_city";"c0";0,995640966404011;9,45095893489836;13,6084557957476;9,56031044039179;19,4955731230279
"loire_city";"c0";0,996314619052584;9,36599080793484;13,2871052307002;9,46912492437379;19,8000792294192
"loire_city";"c0";0,997545161037671;9,21083749844125;12,9178145892198;9,30833932208026;20,8025650393502
"loire_city";"c0";0,9947067270288;9,5172070316492;13,3528864898037;9,61809401662546;19,7331209812832
"loire_city";"c0";0,996526692160569;9,26176990877183;13,1106250686591;9,36300344429729;18,8908143287228
"loire_city";"c0";0,996276534463683;9,43791721453771;13,2826870090838;9,53904329577866;18,8281299820979
"loire_city";"c0";0,996919724685179;9,39117423520999;13,4441610745321;9,49777689239982;19,281448118172
"loire_city";"c0";0,996988530830135;9,30430758235216;13,198907324533;9,40674430313775;19,2543329416101
"loire_city";"c0";0,995774686185344;9,50535932866388;13,4335740848481;9,60868019981963;18,7432928737757
"loire_city";"c0";0,995775676555377;9,29626026303843;13,1925228322247;9,3987407199091;19,9959903635808
"loire_city";"c0";0,996273249668389;9,32606020905718;13,4983756600812;9,43580147675588;19,1103457724471
"loire_city";"c0";0,995476326184956;9,35532488451873;13,2744710203939;9,45840723059154;20,0128272952483
"loire_city";"c0";0,996338715803639;9,47717754228178;13,7423068157673;9,5893600219781;19,1274364146213
"loire_city";"c0";0,996565224310822;9,31021479730915;13,1165628173621;9,41033029958272;19,7427806500567
"loire_city";"c0";0,996091219406874;9,43057637643458;13,6437976943344;9,54139356030979;18,7234311963096
"loire_city";"c0";0,99468781917008;9,56951411486292;13,6685096314702;9,67732690360433;19,1782809587939
"loire_city";"c0";0,99753667048034;9,25894248068415;12,9476147227285;9,35596284568737;19,9820158220952
"loire_city";"c0";0,996066848761031;9,32629298497633;13,2615586915735;9,4297993119649;19,5133120563167
"loire_city";"c0";0,997184590040625;9,31865963093651;13,1955639596107;9,42063092260163;20,3245641195397
"loire_city";"c0";0,996126746037101;9,32923057874062;12,7934004111049;9,42034602611982;20,4186658823462
"loire_city";"c0";0,996993030847042;9,43630503568182;13,5597958575682;9,54476210597038;18,8758473573814
"loire_city";"c0";0,995208390333288;9,33802471436899;13,1993810589457;9,4395870591304;19,8233772610707
"loire_city";"c0";0,995724058346595;9,37474945206117;13,4546504180166;9,48206001123262;19,6213918760252
"loire_city";"c0";0,996040623949314;9,42865306648307;13,3160856631994;9,53090127524498;19,4250653660652
"loire_city";"c0";0,994659540762816;9,5739182065779;13,7170937081548;9,6828930281556;18,142713955777
"loire_city";"c0";0,996527113117317;9,50140057886637;13,1962582383199;9,59858363424037;19,5546241926455
"loire_city";"c0";0,995388205108146;9,39126986838588;13,3194412771733;9,49458959940773;19,7177228876668
"loire_city";"c0";0,996732418848472;9,2302474114608;13,1181616133371;9,33250828752015;20,5010407055766
"loire_city";"c0";0,996368512873144;9,52839099168666;13,2622438288815;9,62659970782139;19,1414742964957
"loire_city";"c0";0,996048609905819;9,44488979991992;13,3805145228631;9,54840556984477;19,4571822145276
"loire_city";"c0";0,996525618514114;9,39430699834053;13,0968898399083;9,49169324335548;19,7706726703207
"loire_city";"c0";0,997234638946315;9,25940777153058;12,8862844762973;9,35480277510594;20,5361418520103
"loire_city";"c0";0,996297624524393;9,38720896231098;13,0014550478477;9,48227175223126;20,5650978458542
"loire_city";"c0";0,996682677631674;9,26136337498661;13,0325181943632;9,3605532170358;20,1521380678573
"loire_city";"c0";0,994211276963833;9,58576351148874;13,6841028550534;9,69355904140532;18,6191502407529
"loire_city";"c0";0,99527746437347;9,38687266244938;13,3495473070522;9,49109990607006;19,6130088477881
"loire_city";"c0";0,995772216162414;9,37633250151502;13,303175446601;9,4796172909577;20,6111184665653
"loire_city";"c0";0,995451860276847;9,44479606147707;13,4958969915439;9,55134911501759;19,4108806465195
"loire_city";"c0";0,995008900938186;9,54801898542842;13,6787910149222;9,6566675678312;18,5281934454588
"loire_city";"c0";0,995039249624859;9,44115986879499;13,4841931893353;9,5475007260845;18,9040528683851
"loire_city";"c0";0,99525197322568;9,50982077757471;13,625757134826;9,61807914847547;18,8261158078994
"loire_city";"c0";0,996412559437502;9,37519459569261;13,3605623151811;9,48001871815315;19,6447787369962
"loire_city";"c0";0,996471043408185;9,33958089352559;13,2603771775938;9,44270664220224;19,4511117446299
"loire_city";"c0";0,995222365127437;9,40849939956622;13,6550764828373;9,52019391499027;19,047414571174
"loire_city";"c0";0,995466088119105;9,53458437064883;13,5362864277304;9,63983812287622;19,8442134455597
"loire_city";"c0";0,995980368842637;9,34360245084227;13,3480487326711;9,44892838234426;18,9411113399337
"loire_city";"c0";0,996763145832239;9,29305773034641;12,8644972140636;9,38699461049197;19,528224700244
"loire_city";"c0";0,996673612472139;9,43118860399764;13,1717338470111;9,52957334543705;19,3050300080655
"loire_city";"c0";0,996520092087092;9,37147379589292;13,1827877342934;9,47171991297285;19,518890442964
"loire_city";"c0";0,995778836770719;9,49348560445221;13,5198006893191;9,59938673459308;19,3059426768789
"loire_city";"c0";0,996310306411039;9,39705798123753;13,2224693534817;9,49767489249146;20,7189091157737
"loire_city";"c0";0,997503808128091;9,2586215640889;12,9996080193353;9,35701791040103;20,6078889141409
"loire_city";"c0";0,995274941285786;9,54045169113736;13,3330026715756;9,64020430027987;18,9790550064176
"loire_city";"c0";0,995497381528112;9,42981711894351;13,4775625217409;9,53628191458008;18,9589911427815
"loire_city";"c0";0,995618227822648;9,37307691290841;13,5006545411125;9,4816414753824;20,0763840815095
"loire_city";"c0";0,995435547077922;9,35286753101066;13,2435081143777;9,45520011702688;19,4422024176638
"loire_city";"c0";0,996397852905359;9,44609583986787;13,5699137386534;9,55456151301352;19,1365570039958
"loire_city";"c0";0,994974701350398;9,45402428078358;13,6094927539961;9,56332243512624;17,8695644031219
"loire_city";"c0";0,993779816928385;9,59091005722602;14,0743864186829;9,70883555576009;18,0535126752431
"loire_city";"c0";0,996003318361134;9,35166251469308;13,4941956255717;9,46062043995256;19,608296335269
"loire_city";"c0";0,992919918313867;9,76007169751167;14,0044689594334;9,87170887873819;17,9682906247833
"loire_city";"c0";0,996761642367958;9,38845412561511;13,1550555415402;9,48752420292623;19,992853068527
"loire_city";"c0";0,996444977262286;9,31346282901539;13,2491739554016;9,41698087154487;19,8425787281318
"loire_city";"c0";0,996197307109963;9,30283013630181;13,446526641711;9,41181866145051;18,7034122691265
"loire_city";"c0";0,996150329158497;9,27798796264915;13,1667928743827;9,38027226637835;20,3618374668227
"loire_city";"c0";0,994770547643289;9,34358602530326;13,3268700880422;9,44835534291123;19,6240231131202
"loire_city";"c0";0,996643658007098;9,4039541417661;13,0779620462954;9,50058880175546;19,2379937433467
"loire_city";"c0";0,997207361198088;9,26621100540263;12,9239295196171;9,36241721783951;19,6466640297186
"loire_city";"c0";0,994829592756698;9,39325757892368;13,4252541451561;9,49930814478551;19,1742951871645
"loire_city";"c0";0,996173658397777;9,44885894702262;13,3226968301934;9,55074958428354;19,0409179575813
"loire_city";"c0";0,996413798531611;9,29141719489553;13,3863280833154;9,39912254874122;19,0134365023506
"loire_city";"c0";0,995283013255893;9,38026949069339;13,6945824294783;9,49374561125732;18,3520285641113
"loire_city";"c0";0,995155498826701;9,53083949180887;13,737414673138;9,64148186736455;19,0534473168523
"loire_city";"c0";0,995025091861862;9,51467024679695;13,5748373934494;9,62146176219708;19,02470523915
"loire_city";"c0";0,994779927738352;9,58308246932321;13,8962213490279;9,6965277094963;18,2843795629047
"loire_city";"c0";0,996350426442837;9,54768287029481;13,4681388220225;9,65079966746649;19,9242163807405
"loire_city";"c0";0,994936415011813;9,36135622143728;13,5837061257913;9,47241350763973;19,4925996468603
"loire_city";"c0";0,996285320454287;9,41492087523651;13,251504544725;9,51583164300179;19,3875581920532
"loire_city";"c0";0,995246315032551;9,58219693245094;14,0911511203611;9,70079255504586;18,19271602502
"loire_city";"c0";0,996039199101148;9,30076108951827;13,3145020724667;9,4063314925363;19,2629502216346
"loire_city";"c0";0,994242268725454;9,57107697134346;13,4791911468939;9,67386915208112;19,403793417224
"loire_city";"c0";0,995929716601055;9,54580058860103;13,5694645994231;9,65163198954001;19,1769629723524
"loire_city";"c0";0,997096290009309;9,27634187180033;13,0665681506918;9,3760333360707;19,6312245728638
"loire_city";"c0";0,996013916265884;9,48522548018009;13,6584571205684;9,5949908457169;18,8492983182007
"loire_city";"c0";0,995849812536273;9,4018912401543;13,4477989528453;9,50830770041347;19,6141575148267
"loire_city";"c0";0,997234932105877;9,32765199665375;13,0511965105168;9,42558958073157;20,0118124325177
"loire_city";"c0";0,994733291686942;9,46498675364678;13,5696174231424;9,57294775956613;18,5533576628534
"loire_city";"c0";0,997280449850296;9,40064281784155;13,1022264847361;9,49800278231838;19,9887216028545
"loire_city";"c0";0,994680856912537;9,50251430396338;13,5568316939397;9,60915195762393;17,7668722144167
"loire_city";"c0";0,997478640507344;9,33946659604295;13,1130327607888;9,43871986189141;19,7216479663572
"loire_city";"c0";0,995953551910305;9,45942977449931;13,6801031527002;9,57044296429833;19,3049673884267
"loire_city";"c0";0,995633815196158;9,2987369113011;13,2034008760401;9,40143834374498;20,7892800706472
"loire_city";"c0";0,994773701943735;9,56465194008292;13,6540422881726;9,67221209131837;18,221869892074
"loire_city";"c0";0,996322361829493;9,24661233765417;13,3313238553762;9,35404942514196;20,0023698235129
"loire_city";"c0";0,996035611883513;9,44973306126458;13,2226996506069;9,54897055693324;20,4035164469562
"loire_city";"c0";0,995370681100357;9,50662472053112;13,5757829877202;9,6136527225961;18,781243853398
"loire_city";"c0";0,995851851346311;9,38130042883673;13,1596711453344;9,48068006518765;19,2068482291406
"loire_city";"c0";0,99569976380359;9,35965947952734;13,6476285001752;9,47244269587383;19,1853243353543
"loire_city";"c0";0,996488822132311;9,37645638112701;13,2815177603349;9,47916826646404;19,490835982637
"loire_city";"c0";0,996332422827552;9,47284425223242;13,2094036269013;9,5711241563818;19,1442496453483
"loire_city";"c0";0,99639227604316;9,37410851031038;13,1612774697596;9,47371956021245;19,7427984832738
"loire_city";"c0";0,996315741259273;9,4263178588554;13,2375151326875;9,52656090739516;20,7306847908039
"loire_city";"c0";0,996527381963819;9,45995427151633;13,2423564337875;9,55943994394602;19,5168202604836
"loire_city";"c0";0,996251914970248;9,36035179430372;13,3617682927796;9,46559803569839;19,6433251020259
"loire_city";"c0";0,995306703652223;9,64780722104793;13,8176930674284;9,75748458468743;18,4941614227154
"loire_city";"c0";0,996928800174947;9,21624858483949;12,9099658134519;9,31340164432087;20,0706617973901
"loire_city";"c0";0,997170367358745;9,39203281874214;13,1661109337209;9,49129955003161;19,516976649247
"loire_city";"c0";0,996864390533935;9,31302092066603;13,2112489698999;9,41555307407657;19,601586786085
"loire_city";"c0";0,996057966405016;9,40816452838078;13,3305362713015;9,51133171516385;19,2197330174199
"loire_city";"c0";0,99582911318819;9,50705204214767;13,8112896864875;9,62026315983783;18,1936285661471
"loire_city";"c0";0,996998016638354;9,32995406001124;13,1311545903553;9,42993417174382;19,886154093331
"loire_city";"c0";0,996511888246089;9,37308234797894;13,2494403592883;9,4750392702703;19,8718172787071
"loire_city";"c0";0,995353862644836;9,4424404371688;13,6984375511815;9,55438272055946;18,0918564459895
"loire_city";"c0";0,996256334666893;9,34375982214863;13,2042242310222;9,44529870699769;18,9164229151449
"loire_city";"c0";0,997281756995005;9,30298640262968;12,706286829028;9,39250084791469;20,6943973563473
"loire_city";"c0";0,997165221444052;9,29688158125268;12,8228629543513;9,38962281098661;20,3920321199667
"loire_city";"c0";0,994908920637548;9,51304692494488;13,5132528138711;9,61826132458928;18,9770972067532
"loire_city";"c0";0,9957174720338;9,52245187471293;13,4573247375307;9,62594786902775;18,8871253560365
"loire_city";"c0";0,997036085886623;9,42729660371306;13,3172533049486;9,52961120209316;19,1039775571578
"loire_city";"c0";0,995745813838365;9,42514888652912;13,7170436641674;9,538035359102;19,8722009461868
"loire_city";"c0";0,997179666596414;9,32395768583205;13,0707935035912;9,42250788351637;19,8219258957239
"loire_city";"c0";0,995770657415209;9,44091230616228;13,2621354484509;9,5414190575613;19,6722353604012
"loire_city";"c0";0,996682758333939;9,37753519771675;13,1413262826613;9,47653135701086;19,2276388103033
"loire_city";"c0";0,996075177366683;9,52278209380339;13,7737414654593;9,63459187325491;18,2287518740309
"loire_city";"c0";0,997303935290597;9,17986673281624;13,1174212419485;9,28343326045231;20,3582538383564
"loire_city";"c0";0,995919315045616;9,49086255670938;13,5137320204216;9,59667305927476;18,8301928170613
"loire_city";"c0";0,99611006322293;9,45976168495253;13,4556156883699;9,56486162023339;19,0043909329791
"loire_city";"c0";0,997365810743508;9,27426300562214;12,8520528823059;9,36836691536618;20,183099292662
"loire_city";"c0";0,995809421823804;9,50682155922836;13,5066156862696;9,61202512861034;18,9360028906087
"loire_city";"c0";0,996393783002595;9,45944888961017;13,6157516066013;9,56876898643799;18,9620048317362
"loire_city";"c0";0,995908255637557;9,45863569493334;13,5640705327795;9,56661785228653;19,5015006547543
"loire_city";"c0";0,997068552204066;9,33013472907708;13,3606578530253;9,43614654009736;18,876305088763
"loire_city";"c0";0,995876702237124;9,40143155385362;13,3853106855348;9,50621652311134;19,3705580075872
"loire_city";"c0";0,996577033183359;9,11774255980874;13,0069143579869;9,22003651347548;20,3092216436318
"loire_city";"c0";0,996529168785556;9,46288749281976;13,3126128598947;9,56414391674882;19,4061235818546
"loire_city";"c0";0,997030928177191;9,36619843203554;13,1729914446278;9,46632563861237;18,5115592524437
"loire_city";"c0";0,997948155075583;9,25939230522136;12,856473813147;9,35400362819753;20,5918300452801
"loire_city";"c0";0,99522487703522;9,3371668460223;13,5377360886182;9,44765125189949;19,4145867670807
"loire_city";"c0";0,996508012205712;9,42421799978083;13,3761929142127;9,52816381646561;19,170808850666
"loire_city";"c0";0,995345136150462;9,54015449260015;13,4852422160182;9,64391916069211;18,1892408401197
"loire_city";"c0";0,994703418419027;9,5157385135538;13,727631509774;9,62652075958532;18,6603277932486
"loire_city";"c0";0,996616534150155;9,35587491467346;13,2499092069101;9,45829676285547;19,9715404026893
"loire_city";"c0";0,995655425415587;9,44225320263268;13,4460669517672;9,54756249710409;19,2168455780891
"loire_city";"c0";0,995468023613075;9,37209710374633;13,5086492835011;9,48089771708363;19,54248615365
"loire_city";"c0";0,997355408044998;9,424110647393;13,177621385105;9,52283641046446;19,9834987838046
"loire_city";"c0";0,99615641797665;9,40843540402572;13,234894570704;9,50907987462669;19,1640289707091
"loire_city";"c0";0,996926747112257;9,30594665353708;13,0265676492323;9,40380734252065;20,1248344710924
"loire_city";"c0";0,998148571963457;9,12564714200197;12,7116097702788;9,21996601346953;20,1666158096718
"loire_city";"c0";0,997013265335011;9,24949636029918;13,080182433943;9,3502520080473;20,1341100113181
"loire_city";"c0";0,996565085333494;9,38237893020255;13,1365388673497;9,4811217686773;19,6194107831247
"loire_city";"c0";0,995784319471581;9,45562065268503;13,522593385291;9,5625911702816;18,5169379388363
"loire_city";"c0";0,997130669805754;9,35888341009375;12,9163307933306;9,45245226656936;19,5928881526903
"loire_city";"c0";0,996190794241932;9,38248483188244;13,3534152920145;9,48692922199472;18,5798177133631
"loire_city";"c0";0,99661972194416;9,11461839076696;13,2677714311565;9,22385564402575;18,6843137230438
"loire_city";"c0";0,99641613005718;9,27277838399067;12,8605011454196;9,36714355091352;20,1703190930952
"loire_city";"c0";0,995964592217684;9,45262180887892;13,7169748218588;9,5647838711804;18,3557824259792
"loire_city";"c0";0,996539187139376;9,32244302302182;13,1791865489762;9,42388404029272;19,7126366551177
"loire_city";"c0";0,996669100103568;9,31320399289058;12,88591522678;9,40717432292212;20,6258078663738
"loire_city";"c0";0,996031787151494;9,50219569731548;13,586898389668;9,60963255267622;18,5733617834272
"loire_city";"c0";0,996181901359911;9,34190718506156;13,4634637032202;9,45031337881749;19,0086318071861
"loire_city";"c0";0,995972049100393;9,47325770908066;13,4583415724463;9,5780743654876;18,0921938710921
"loire_city";"c0";0,99704173929455;9,3254203892324;13,3160171440393;9,43038204706662;19,7892756238366
"loire_city";"c0";0,995857853309527;9,50762951542593;13,4130940917515;9,61035200575276;18,1170108516118
"loire_city";"c0";0,996537391985954;9,39169814414797;13,0575909743448;9,48811935945532;19,8505704020349
"loire_city";"c0";0,994372768521194;9,61962456525791;13,8551217331599;9,73102765402143;18,4971408675054
"loire_city";"c0";0,996324021201128;9,37410300744975;13,0975297431798;9,47203749369814;20,4855128810899
"loire_city";"c0";0,996448853965537;9,36754654645586;13,2197696695602;9,46886866697863;19,9666914100761
"loire_city";"c0";0,99640158398747;9,28164464488618;12,9881899824638;9,37913511244626;19,9425859068968
"loire_city";"c0";0,995983456446025;9,32429543470684;13,4122137096174;9,4318168671113;20,5841141455219
"loire_city";"c0";0,996240373730193;9,38506438041873;13,5432148826913;9,49443307814972;18,7621932945174
"loire_city";"c0";0,996108546945398;9,36480620151886;12,9882399520871;9,46011064766566;19,9301752012717
"loire_city";"c0";0,995036205653863;9,58366914341153;13,5499373150909;9,68799090486566;18,8369893732682
"loire_city";"c0";0,995779921528865;9,52906714361063;13,6532410666645;9,63754218099419;19,2547844566683
"loire_city";"c0";0,996125367713372;9,54514377380046;13,6775130233629;9,65383436667853;18,8578631571283
"loire_city";"c0";0,997319181333628;9,3665007843144;12,7832731574618;9,45636957205792;20,509387809333
"loire_city";"c0";0,995609641231259;9,51022504039188;13,3308967121023;9,61071728687605;19,1188641918435
"loire_city";"c0";0,99722477297991;9,36059097299693;13,1782121897729;9,46100298566477;19,841236696214
"loire_city";"c0";0,994841037420321;9,62566788068551;13,4681353437525;9,72673340543735;19,3901353294306
"loire_city";"c0";0,996935452979807;9,36475037298955;13,2633118079818;9,46729129519434;19,1456166915709
"loire_city";"c0";0,996737162114404;9,42306167200124;13,5346075539386;9,5312045635399;19,1447500983731
"loire_city";"c0";0,994468553209302;9,70350520527907;14,0803264324081;9,81862543422481;17,6785330193904
"loire_city";"c0";0,996153274731587;9,43908697661856;13,5389591953866;9,54692282459593;17,8469796247709
"loire_city";"c0";0,995798782787456;9,49524284054446;13,6935555584;9,60566789475265;18,5916100856393
"loire_city";"c0";0,995412424384866;9,43861675234825;13,304441424351;9,54029662415717;19,11375886359
"loire_city";"c0";0,996917876553963;9,34513113772753;12,952438912254;9,44001143448428;19,8984444306522
"loire_city";"c0";0,995815551605748;9,38583566387192;13,2574123468272;9,48766682648834;19,5722530225642
"loire_city";"c0";0,996837610089686;9,34083129700374;13,0241938189108;9,43771200444132;19,7234905194416
"loire_city";"c0";0,996929852882002;9,32379791984073;13,4162400312768;9,43143833930669;20,1292340700786
"loire_city";"c0";0,996277808859801;9,32416324233496;13,3255748118158;9,429409354086;19,117465374756
"loire_city";"c0";0,995233740720537;9,54366812757702;13,437098762845;9,6460740982249;18,5592607583268
"loire_city";"c0";0,995843828539417;9,51845765883464;13,4163511359129;9,62098101224601;18,9775808088953
"loire_city";"c0";0,996848295208855;9,32765517939851;13,240562059527;9,43057341903134;20,1904406385926
"loire_city";"c0";0,995241714515471;9,37586153155373;13,3460480504633;9,48028635434092;18,9535213943811
"loire_city";"c0";0,996176709918028;9,2839940748749;13,3309775003752;9,39043882879709;20,4057672064591
"loire_city";"c0";0,996366745736658;9,54089595688713;13,5403368813281;9,6460902362474;19,7882803201037
"loire_city";"c0";0,997641421680753;9,26122554586869;12,9744554098888;9,35889183148816;19,2693466042505
"loire_city";"c0";0,996484200326067;9,297614717527;13,3629463554586;9,40454207064761;20,2045299898741
"loire_city";"c0";0,997267724402977;9,29322764790383;12,8147429676642;9,38585141040386;19,6553695107391
"loire_city";"c0";0,997857212146146;9,24308915105351;12,2185380005375;9,32135013887859;20,9995019658842
"loire_city";"c0";0,996901464892247;9,26758926946585;13,2391712318643;9,37205079555106;19,6454315729447
"loire_city";"c0";0,997182438959709;9,28048630543564;12,9241335450053;9,37632241174422;20,1499453291515
"loire_city";"c0";0,997408631059569;9,31065224168103;13,1420353988768;9,41142622429227;19,7546063129667
"loire_city";"c0";0,995612392545954;9,58553704852181;13,7159252882955;9,69417553639293;18,7576265715729
"loire_city";"c0";0,994992394209328;9,42591519249487;13,5847901748278;9,53530294567869;18,9418888696468
"loire_city";"c0";0,995552577383114;9,42253752579794;13,586490680714;9,53205884632665;19,6074292732688
"loire_city";"c0";0,996576175414923;9,41311307621026;13,1939369234888;9,51255723541064;19,3807247410789
"loire_city";"c0";0,99554188900728;9,36423490900214;13,4547816233909;9,47182547526855;19,1688166970991
"loire_city";"c0";0,996905402272777;9,34659153118054;13,0445658631169;9,44385656204113;19,8804534829891
"loire_city";"c0";0,997742620705925;9,28230705575874;12,8386064156541;9,37584571664192;20,2529264939762
"loire_city";"c0";0,995235595029783;9,43955541970421;13,822887057048;9,55484688706147;19,0661703053863
"loire_city";"c0";0,995433280077225;9,31188511294693;13,3453841311618;9,41797519667052;19,5493751856998
"loire_city";"c0";0,996898705463959;9,34526219969964;13,2687577467173;9,44845894505461;19,4883202709411
"loire_city";"c0";0,995964460642079;9,42491130937679;12,9155612789728;9,51672324384159;19,1200860159083
"loire_city";"c0";0,996066263773401;9,43873143962392;13,2110881103229;9,53795289306234;19,2013648145041
"loire_city";"c0";0,99687856922275;9,4037780095521;13,1766148134562;9,50301209157222;19,2678743665029
"loire_city";"c0";0,997200108984111;9,33954097702536;12,9906960922926;9,43557455732804;19,9221610484902
"loire_city";"c0";0,99565757005932;9,40541782303851;13,4931341142583;9,51293394281823;19,0644058249075
"loire_city";"c0";0,995724406911134;9,46516220795987;13,2051624733157;9,56353261526281;19,4252974446627
"loire_city";"c0";0,997419099117122;9,25180203178427;13,0222664427496;9,35097371454152;20,7819868658911
"loire_city";"c0";0,99651056499349;9,43415631181503;13,4256754517558;9,53914223045002;18,6137611046145
"loire_city";"c0";0,995006105701245;9,36981297934161;13,4216436029866;9,47638522546219;18,9377571664628
"loire_city";"c0";0,996242900211469;9,43472329796622;13,703492192716;9,54700150787666;18,3283396763253
"loire_city";"c0";0,996247266504976;9,38487192435087;12,9949377646064;9,47982476443111;19,6128329608415
"loire_city";"c0";0,995495334686053;9,48481106410207;13,618899465632;9,59354687453823;19,2576173188879
"loire_city";"c0";0,996351873728185;9,4790869010326;13,3486664875072;9,58086553552595;18,6446408021243
"loire_city";"c0";0,994923543481602;9,56605889630207;13,5326621215732;9,67038947041822;18,9297515433516
"loire_city";"c0";0,996198220222457;9,3835642196037;13,4179986963209;9,489678907987;19,8661953119249
"loire_city";"c0";0,997352458917814;9,33571852428971;12,9803757934455;9,431581196645;19,3842312774964
"loire_city";"c0";0,996846294429297;9,36932736163645;13,1887813281525;9,46978757973894;19,7524797224703
"loire_city";"c0";0,996622620739957;9,32002027974462;13,3409517191659;9,4257798079182;19,7915332083171
"loire_city";"c0";0,997208019934842;9,25806721570539;12,5548140376326;9,34477906186534;20,1705998514448
"loire_city";"c0";0,99576629138439;9,33901023654098;13,1903835670623;9,44031000561013;19,9931021479472
"loire_city";"c0";0,996302620789884;9,34282395621818;13,3844559465356;9,44912795537533;18,6714504112704
"loire_city";"c0";0,99401129600711;9,5034376439798;13,7039221147044;9,61391982016637;19,3872695598985
"loire_city";"c0";0,994975420619313;9,54400971337095;13,8064239593799;9,65612078174648;18,8545629540168
"loire_city";"c0";0,99720241851299;9,16448463752825;13,0531859804944;9,26676621716624;20,1779255570203
"loire_city";"c0";0,996089127729337;9,42664846095987;13,6549874242367;9,53786327286387;19,2279912171558
"loire_city";"c0";0,996852357431671;9,1778297710827;13,1816057729191;9,28313807271538;19,739931402621
"loire_city";"c0";0,996866354103127;9,31423307528018;12,9224716392486;9,40913785388987;19,7195778525631
"loire_city";"c0";0,996791064090217;9,41201868993141;13,4058201578128;9,51706463891752;19,7480863695551
"loire_city";"c0";0,995495374495737;9,43847238318132;13,4747908958402;9,54463662594158;19,0128874669483
"loire_city";"c0";0,995925009015204;9,50357806437395;13,6821824563552;9,61348474534526;19,0690835918626
"loire_city";"c0";0,995680647048686;9,43901749516495;13,4797886833246;9,54529885329194;18,7336717478946
"loire_city";"c0";0,996437012197216;9,43085771378529;12,9143024501265;9,52248013443199;19,9056549044939
"loire_city";"c0";0,995996147585035;9,46201498859246;13,5042623188796;9,56833517257291;18,3025289076438
"loire_city";"c0";0,995823951544741;9,47203569270305;13,4570118690139;9,57684951669857;19,9671182766948
"loire_city";"c0";0,996501069611016;9,35772668743687;13,3321511889231;9,46226297868465;20,3669581050974
"loire_city";"c0";0,995900204996716;9,40282471309454;13,1245305634958;9,50071393619354;19,5787554299372
"loire_city";"c0";0,996658786157175;9,37272259952492;13,2121608596921;9,47370844943668;19,5740374543309
"loire_city";"c0";0,994791924447032;9,51910776072145;13,820279778091;9,63223824553665;18,1850934637514
"loire_city";"c0";0,995434997895061;9,46568844209796;13,5448548281976;9,57297968016929;19,112352234655
"loire_city";"c0";0,996658900483872;9,261579723672;13,2684721155161;9,36696999336153;19,7018515325398
"loire_city";"c0";0,995481261090605;9,46004618640573;13,5149854176904;9,5667001958894;19,5679815469839
"loire_city";"c0";0,996176964593059;9,41960130986725;13,1825863318127;9,51857626789401;18,7237382559794
"loire_city";"c0";0,996976367127418;9,38240424980147;13,1036394828916;9,48028109460814;19,9110089757907
"loire_city";"c0";0,996022865077033;9,52211000081111;13,7240574092555;9,63263065554559;18,2742511860193
"loire_city";"c0";0,995388850063154;9,45530916738618;13,5017338940248;9,56173922627343;18,8768609066466
"loire_city";"c0";0,994712856805137;9,69399853139547;13,6353713636314;9,79766548950542;19,173949846402
"loire_city";"c0";0,996138719314435;9,33635593756627;13,3602322245815;9,44219292184593;19,2786941486757
"loire_city";"c0";0,996331921559623;9,37896484836356;13,2830834478059;9,48165193647521;19,0013377342606
"loire_city";"c0";0,996679980399849;9,35575125876878;13,0242997852284;9,45224232485273;19,7130136677684
"loire_city";"c0";0,99652355236783;9,36086198083255;12,9400742504283;9,45500330270499;19,2533626950939
"loire_city";"c0";0,996183603346452;9,41830245172693;13,4260505430462;9,52371522823463;19,4390647601338
"loire_city";"c0";0,995924181257258;9,48421318092223;13,5761346723011;9,59183990691133;18,6828447878297
"loire_city";"c0";0,99665398904696;9,39589865035691;13,4217151242865;9,50178666591022;19,2774128195278
"loire_city";"c0";0,995846563848221;9,38740328938536;13,4561840622059;9,49442136250057;18,4895514456417
"loire_city";"c0";0,995638324990653;9,33043365117734;13,3421407183753;9,43595055764281;19,2361892000791
"loire_city";"c0";0,996735805867439;9,28450324794188;13,1855774062808;9,38711026041446;20,429872556143
"loire_city";"c0";0,996608564985072;9,39912459774631;13,3077734810309;9,50193084249837;19,9144517442445
"loire_city";"c0";0,994650769260489;9,47974686637763;13,5054219445792;9,5856311629057;18,9127804143244
"loire_city";"c0";0,995598214516746;9,46232267764622;13,4450085589804;9,56707626173969;18,5122624030098
"loire_city";"c0";0,996212052348712;9,40387345291573;13,4148440115457;9,50937098755161;18,3069774753648
"loire_city";"c0";0,996550958695544;9,3579016468823;12,8251233359748;9,44909736494816;19,7240930474828
"loire_city";"c0";0,996377480069264;9,37082627511382;13,4533553818025;9,47820596028956;18,9997274865346
"loire_city";"c0";0,997390690895962;9,29462749294246;13,0148026984787;9,39247645664356;20,0247424011462
"loire_city";"c0";0,997349264548509;9,24401543315987;13,2266935158723;9,34876881213207;19,9780479693298
"loire_city";"c0";0,996331352356515;9,37692803576822;13,2267223852981;9,47818627409078;20,2438484755303
"loire_city";"c0";0,996781310715237;9,44965084544242;13,4674266107842;9,55532737229983;19,1494440601796
"loire_city";"c0";0,997470120899274;9,26468117455959;12,9428727245214;9,36142587382061;20,2753762576229
"loire_city";"c0";0,995936814202523;9,49929299172144;13,2895330694569;9,5989848189324;20,4644504520672
"loire_city";"c0";0,996379892347707;9,39479316514544;13,0974965156351;9,49218257981571;20,0761929597786
"loire_city";"c0";0,996482289456672;9,45480210937003;13,3225813122987;9,55653338973232;19,6817041853721
"loire_city";"c0";0,995498925561976;9,58078192615849;13,7316254504803;9,68995843395735;17,9599633522734
"loire_city";"c0";0,99657624310434;9,34876114117432;13,2268979380354;9,45076484952098;19,7405561516331
"loire_city";"c0";0,996844382185205;9,24902751894674;12,9043561377171;9,34517087176555;19,4594730132531
"loire_city";"c0";0,996982288822946;9,31166354781406;13,0471578334673;9,40991543773006;19,9678460165912
"loire_city";"c0";0,996385365089103;9,34739769602496;13,3312559310338;9,45218211565327;18,8567788477238
"loire_city";"c0";0,997588733066527;9,21780404033687;12,8895989463806;9,3143804934955;20,1720819300778
"loire_city";"c0";0,996895515375798;9,34850392523268;12,9684049515535;9,44371545279702;19,8040937593214
"loire_city";"c0";0,996938804799943;9,21415611657957;12,9034966161952;9,31119405825788;21,2609197607219
"loire_city";"c0";0,996350534683601;9,33364660829058;13,2952177430786;9,43784482712457;19,3421006566611
"loire_city";"c0";0,995487771774549;9,44261174103358;13,4009143111315;9,54672398927477;19,928183921512
"loire_city";"c0";0,996116104777074;9,47007469824004;13,2862044639825;9,57044748239578;18,9349765472701
"loire_city";"c0";0,995347892732203;9,53270429552249;13,4172264177278;9,63487595226763;19,0437580537982
"loire_city";"c0";0,99545877853579;9,41866194596811;13,3812498658276;9,52288690853325;19,6335263401374
"loire_city";"c0";0,997706974188412;9,24260036077209;13,0241891688725;9,34206464016023;19,6592525374094
"loire_city";"c0";0,995309685025692;9,42720822238214;13,6749877336656;9,53893436436366;18,3862857780042
"loire_city";"c0";0,995243457452336;9,31617858309694;13,4260491612044;9,42427741038201;18,9467831755825
"loire_city";"c0";0,995168784949827;9,41019772437478;13,4936011257734;9,51760040546512;19,297674363014
"loire_city";"c0";0,995404396489412;9,32667910885994;13,2601058999216;9,43013706823959;19,8293098809241
"loire_city";"c0";0,995997455544911;9,52130997944367;13,6225948582702;9,62918298355352;18,6970781240919
"loire_city";"c0";0,995546685320707;9,47173388105015;13,5333374874024;9,57856317856679;20,032116797407
"loire_city";"c0";0,995001372351603;9,48933981332032;13,820969734367;9,603271409413;18,9005070787508
"loire_city";"c0";0,997466853230644;9,30628834101615;13,1706622563028;9,40793005466493;19,655493554551
"loire_city";"c0";0,99569167051962;9,39793646116134;13,4243957073418;9,50384138306856;19,5871442564047
"loire_city";"c0";0,996101539625389;9,39446226984883;13,226875522071;9,49526334627293;20,0548388528455
"loire_city";"c0";0,996086275289373;9,35113198605273;13,4821634212784;9,4597873914089;19,9813318331238
"loire_city";"c0";0,996285514928082;9,41449808030326;13,2946823028445;9,51655564054398;19,6722712436783
"loire_city";"c0";0,995615784237235;9,46133124078881;13,4398328441844;9,56597476897429;18,8414307795897
"loire_city";"c0";0,99395095837293;9,5309372078353;13,9252742258748;9,64651814142377;18,1181248107988
"loire_city";"c0";0,996356588386554;9,39179744307302;13,2009015885146;9,49198543763477;19,2029520490263
"loire_city";"c0";0,995666268868661;9,58042120152716;13,437598493964;9,68187362783083;18,9533912128413
"loire_city";"c0";0,995205476081321;9,51083740861938;13,7674302817476;9,6227953618129;18,2199658878938
"loire_city";"c0";0,995796699001971;9,53661825132274;13,3594907741002;9,63716838513326;18,9351112859953
"loire_city";"c0";0,995839901005926;9,43582634442918;13,3108206713033;9,53774739875695;19,7765518054306
"loire_city";"c0";0,996842678156348;9,34805338720477;13,1463620426891;9,44795743613315;20,1029100089055
"loire_city";"c0";0,997060550172032;9,28453737855786;13,1599562678955;9,38646959983203;19,6830899269389
"loire_city";"c0";0,996497796674528;9,55888435068126;13,3980044416319;9,65986183202799;19,4334092956437
"loire_city";"c0";0,996015018150273;9,46032271065999;13,562569405823;9,56822101269981;20,2019428322601
"loire_city";"c0";0,994854610276495;9,54032321874672;13,7022298420947;9,64979071089853;18,2564275336897
"loire_city";"c0";0,995232673188771;9,58938241091865;13,7859820845587;9,69976240821635;18,7807093999211
"loire_city";"c0";0,995549497510891;9,46340392112121;13,2783456811678;9,5637454580588;18,8489012824801
"loire_city";"c0";0,996440925680306;9,3646341655211;13,0336706748235;9,46113806664987;19,7678190408146
"loire_city";"c0";0,997032587009561;9,49450055260787;13,2233479416983;9,59257761421484;19,3888241534522
"loire_city";"c0";0,996301894110539;9,33756397562716;13,3839771379477;9,44399373034687;19,0864902131468
"loire_city";"c0";0,995519766244806;9,55810970653432;13,3632452722648;9,65819331853595;19,252800791137
"loire_city";"c0";0,996577364805288;9,41068749252826;13,2926229691603;9,51279111468502;19,5925589965383
"loire_city";"c0";0,995489859857872;9,49384222778304;13,7505018266181;9,60580193601252;18,5129942184815
"loire_city";"c0";0,996294764958865;9,37416488116041;13,2766355314743;9,47680862450856;19,3559666683364
"loire_city";"c0";0,995392667542814;9,43110549673579;13,6738590734736;9,54269944535013;18,6145205243041
"loire_city";"c0";0,99582200102435;9,35013188392696;13,3348101732727;9,45493787282623;18,7938243356044
"loire_city";"c0";0,996243181415365;9,34014313267568;13,1093171418813;9,43928087496832;19,7397120341738
"loire_city";"c0";0,99653276538506;9,39906896919777;13,4296962195837;9,50508351897725;19,9648773730405
"loire_city";"c0";0,995836875036023;9,25868076856473;13,2240768862151;9,3629795930392;19,7970531931565
"loire_city";"c0";0,995667533616682;9,40980792965775;13,2690808721526;9,51131547626493;19,2598664743753
"loire_city";"c0";0,995660094567193;9,42972984428583;13,2397381362808;9,52994161993271;19,2590989556859
"loire_city";"c0";0,994776447467359;9,42093243439605;13,4638676606185;9,52727071158468;20,0887676018623
"loire_city";"c0";0,993939804734522;9,47583748640851;13,7010315239181;9,58696957970109;19,1969754389374
"loire_city";"c0";0,996016651941948;9,47200859700374;13,1925120746378;9,56986619499834;19,188726093914
"loire_city";"c0";0,996766367615506;9,19552604381741;12,8619444399545;9,29196108268945;20,1187719425469
"loire_city";"c0";0,997126946351284;9,27838569050156;12,8317560358885;9,37184731172438;20,4790497839114
"loire_city";"c0";0,997418200894444;9,29500231452318;12,6519183355292;9,38329674576347;20,638645236555
"loire_city";"c0";0,997901106792726;9,23647209927642;12,5755855944348;9,3242982841011;19,5520990383577
"loire_city";"c0";0,995623169713151;9,50448395691574;13,2941703673665;9,60416122143353;19,7880591930628
"loire_city";"c0";0,997332997281912;9,3324327894297;12,7416176014847;9,42210200727426;19,2173959915795
"loire_city";"c0";0,996680149688173;9,45738758276026;13,3703977029823;9,56030853783944;19,4726856653664
"loire_city";"c0";0,996706716071034;9,33410118830267;13,3265016441692;9,43911028752601;19,397358275568
"loire_city";"c0";0,995849710051668;9,56545887434486;13,5413154258468;9,67003283172455;19,4528358236511
"loire_city";"c0";0,996954485335808;9,28588050023799;13,0344840530625;9,384477193325;20,1019228031685
"loire_city";"c0";0,996336707812307;9,49083644227164;13,7120153673132;9,60186292908806;18,7519921813953
"loire_city";"c0";0,997214441354763;9,33782378115027;13,2021102453092;9,43946319463796;20,1350308340788
"loire_city";"c0";0,996378406494034;9,29230969889438;13,1507396354686;9,39379507255239;20,5733517392027
"loire_city";"c0";0,996405811785652;9,41256552886762;13,3776462897508;9,51685605875078;19,2508659437578
"loire_city";"c0";0,995820632737945;9,50219105538901;13,680604706483;9,61209271944657;18,2835598202222
"loire_city";"c0";0,995335042391479;9,33264709424385;13,5435332752532;9,44340285877395;19,5960892682182
"loire_city";"c0";0,997924238249461;9,19516585303305;12,8194574932109;9,29049286360347;20,3849565775711
"loire_city";"c0";0,995052763292622;9,36388806100241;13,6963095078858;9,47784047600241;19,731959609839
"loire_city";"c0";0,996276463413294;9,42071677208534;13,2578575048157;9,52164219186509;19,3139127714869
"loire_city";"c0";0,996271150070032;9,41841418165989;13,1077079549122;9,51545089432989;19,1857345862674
"loire_city";"c0";0,995180870939389;9,51120281246173;13,4457721659886;9,6146908238005;18,4405726764461
"loire_city";"c0";0,996885232422162;9,38820530886572;13,1876009013675;9,48813794667901;19,19072141043
"loire_city";"c0";0,995436241944024;9,48347842276999;13,5555948231997;9,59058423038339;18,7715270222646
"loire_city";"c0";0,996259685799366;9,46050503041453;13,5447805677201;9,56793065063812;19,4324764774227
