"matrix_id";"baseline";"ceof_cor";"stat_nodf_columns";"stat_nodf_rows";"stat_nodf_general";"stat_temp"
"superheroes";"r1";0,994951336252228;65,3352449334708;57,961550110316;57,9803669565813;29,5644027708817
"superheroes";"r1";0,994558468488926;65,1799506522795;57,1385320913232;57,1590528940477;30,7395255360514
"superheroes";"r1";0,997651075726045;65,9395248242983;57,9388176981437;57,9592346098301;30,2079465574255
"superheroes";"r1";0,994424845541978;65,6742006521324;58,0022802691597;58,0218581537709;29,8837974178689
"superheroes";"r1";0,994284301825732;65,3343301300498;57,5225683434548;57,5425030877213;30,0823132417425
"superheroes";"r1";0,997214767859087;64,9509698438019;57,1869696393344;57,2067825013737;32,5122900694962
"superheroes";"r1";0,997211131780701;65,5679796520133;57,9034023853229;57,9229615311209;29,7787899278431
"superheroes";"r1";0,996268480012443;66,5860400682284;58,8507843569246;58,8705238662253;29,3547622212235
"superheroes";"r1";0,99824472143109;66,0287563055961;57,7019073384294;57,7231565276957;31,0956141468693
"superheroes";"r1";0,997949526185132;63,9154730488381;55,855753538254;55,8763210429594;33,2614364507424
"superheroes";"r1";0,996867638793248;66,5005270499883;58,4731151069691;58,4936001663677;29,4304170107676
"superheroes";"r1";0,997031879381234;64,9957985705779;57,0656322728032;57,085869172168;31,208731197024
"superheroes";"r1";0,997468429332969;66,4484642740271;57,9487537848689;57,9704440974476;29,8720029222176
"superheroes";"r1";0,997333850450772;66,1709925744739;57,7399400358149;57,7614551409663;29,9982003052866
"superheroes";"r1";0,996347859111631;65,0404096932723;56,5928149994084;56,6143723182937;31,2664918832704
"superheroes";"r1";0,99660713084834;66,2165348753212;58,3948364039005;58,4147965054778;29,4437808591008
"superheroes";"r1";0,995394306073432;66,1910161158016;58,218519789327;58,238864710201;29,368211519046
"superheroes";"r1";0,9975839635863;65,7500726569409;58,1632675712377;58,1826282511093;30,4367693337311
"superheroes";"r1";0,996134829118708;63,75548020385;55,9783483209447;55,9981946935619;33,0550795006788
"superheroes";"r1";0,995804173456795;65,6871532764891;57,8425465764956;57,8625651373155;30,5945978082208
"superheroes";"r1";0,998130227487004;64,4689204468323;56,7613351618371;56,781004059298;31,4912719743523
"superheroes";"r1";0,994372321766065;65,5569460618754;58,7052238349112;58,7227086653645;29,1242756913192
"superheroes";"r1";0,995841952991123;66,4994660724672;57,7953414337153;57,8175533883905;29,5946509095518
"superheroes";"r1";0,992517867860654;66,7033276123958;59,4434355350878;59,4619619694463;27,5354212595686
"superheroes";"r1";0,995212914389902;66,3392168837163;58,5648021290428;58,5846415678519;27,7723727466455
"superheroes";"r1";0,994202288381596;64,8878016329708;57,6734722992733;57,6918824625951;29,8793256720696
"superheroes";"r1";0,996643225003237;66,1711922056164;58,1983056375737;58,2186515543006;30,1491697410914
"superheroes";"r1";0,99642551584049;65,8221836527531;57,1656786991452;57,1877691336985;30,1512535979444
"superheroes";"r1";0,997062112714059;64,8009874086908;56,7573693237663;56,7778957394305;32,2887059549917
"superheroes";"r1";0,99736306038806;66,3662972641935;57,8047839484573;57,8266319749521;30,1901139669656
"superheroes";"r1";0,996447475792979;65,9423789411709;57,9525750342129;57,9729641221007;29,9185227043563
"superheroes";"r1";0,996626845897004;64,6901816029951;58,1773349914355;58,1939550491377;29,8876148555652
"superheroes";"r1";0,997275670784489;64,655526096964;57,844789047306;57,8621692881609;30,9652407864393
"superheroes";"r1";0,996510335759368;64,75201446632;56,8924417876685;56,9124985399958;31,9249700347747
"superheroes";"r1";0,995738768729908;66,2838542098972;58,5198680854245;58,5396809115332;29,5237110817919
"superheroes";"r1";0,996331824445464;66,3075325992589;57,8826739239497;57,9041732230531;29,4148596991068
"superheroes";"r1";0,996290454902941;65,0574758135683;57,5189344360417;57,5381719523165;31,3460537783335
"superheroes";"r1";0,995479509816756;65,8551623888416;58,1008558040672;58,1206439290709;29,8738580365125
"superheroes";"r1";0,997580928984231;65,4231860596495;57,6130370242965;57,6329676530019;30,9050098840404
"superheroes";"r1";0,99777639045907;65,2273733343561;57,3419279011857;57,3620506778951;31,4464714812348
"superheroes";"r1";0,996480679259961;66,0916474501813;57,9232273226693;57,9440722192179;30,4655497062748
"superheroes";"r1";0,993233568853979;64,632032749314;57,1492432599009;57,1683385035792;31,4109714579917
"superheroes";"r1";0,995249257982849;65,51059928933;58,0256102592912;58,0447111159517;30,2653480600045
"superheroes";"r1";0,99703648802479;65,1318100940834;57,6246170234499;57,643774542344;31,3829753616885
"superheroes";"r1";0,997227716284614;65,5770596487223;58,049490314055;58,0686998309009;30,832949564275
"superheroes";"r1";0,99562433987509;64,6480259194862;56,4360767559398;56,4570327337304;32,9843214492358
"superheroes";"r1";0,995301907610044;66,2760733703788;58,3810314125121;58,4011786784815;30,0433342357106
"superheroes";"r1";0,995976705296623;64,5095935509036;57,6072063743539;57,6248204961042;30,2047297043683
"superheroes";"r1";0,997874344559428;65,1226971120202;57,3379563022847;57,3578220920339;31,5294394176626
"superheroes";"r1";0,995269177926456;64,9162883785402;57,4130075610303;57,432155096291;31,0223194236897
"superheroes";"r1";0,994658350683254;66,3685366715071;58,1896949001795;58,2105663916001;30,0748217544475
"superheroes";"r1";0,993467130504608;65,4846110775191;57,3649056828073;57,3856262647945;32,2883831062559
"superheroes";"r1";0,997336313753046;64,5861445243515;56,747053333272;56,7670578191288;31,4323346558509
"superheroes";"r1";0,997410953234482;67,1220834297766;58,3913911839645;58,4136709362079;28,5630376684389
"superheroes";"r1";0,997544199325649;64,9059055477192;57,0016318620154;57,0218026863239;31,4478015921134
"superheroes";"r1";0,997140058307647;64,4336019882529;57,2222877009554;57,2406901702152;32,3333721695286
"superheroes";"r1";0,9968922505114;65,0967360930178;57,6062551882464;57,6253700595583;31,1214138422011
"superheroes";"r1";0,997581251948605;64,5587620909737;57,0420126319105;57,0611945376414;33,147970168414
"superheroes";"r1";0,997364190858536;65,9071540527351;57,970382152846;57,9906359089703;31,8301515370595
"superheroes";"r1";0,996138103837048;65,5164764130443;57,2680383287459;57,28908742219;31,9920428070741
"superheroes";"r1";0,996501433894365;66,0352308510055;57,6161453641291;57,6376299306999;30,2636734343217
"superheroes";"r1";0,997306070942495;66,3676604219293;57,8705444551793;57,8922281468264;30,7698209092551
"superheroes";"r1";0,996770949760425;65,9778697692064;58,6777626262532;58,6963916849711;29,3839382037709
"superheroes";"r1";0,995633435883868;63,9144693145462;56,06693256117;56,0869585991593;33,4028400644645
"superheroes";"r1";0,992775901808817;65,0627883166358;57,2693585663543;57,2892465293101;31,2901897172938
"superheroes";"r1";0,995957176940629;66,1677948852507;58,3162327886506;58,3362690988665;29,24978631405
"superheroes";"r1";0,99539210365862;64,559958770881;57,4789214532398;57,4969914702124;31,5270271746919
"superheroes";"r1";0,995514703815122;65,8329853698192;57,990359305934;58,0103728123917;31,1093317040395
"superheroes";"r1";0,996810519487392;65,6516407547839;57,9182779445322;57,9380126233606;32,0521279175653
"superheroes";"r1";0,992894789274845;64,984890685425;57,2521716227401;57,2719046587966;31,2937366351554
"superheroes";"r1";0,997185488476924;65,542047296338;57,4971650223837;57,5176946641172;30,4000078466832
"superheroes";"r1";0,995209959994434;65,9668099827606;58,2455640883189;58,2652678461305;29,2102122987786
"superheroes";"r1";0,995874087157983;66,3236498968321;58,8562626698881;58,8753186087115;27,8905464751624
"superheroes";"r1";0,993965532206485;64,4737036512791;56,3194213216752;56,3402301401413;32,4332509129529
"superheroes";"r1";0,997093605508669;65,7013389998245;56,8243505450201;56,8470036288619;30,0729654021386
"superheroes";"r1";0,996347306295105;67,317155818066;58,4742811882745;58,4968472174421;28,0417488682941
"superheroes";"r1";0,996389552730095;64,4537613387072;56,9176609379699;56,9368922251443;32,0656973601246
"superheroes";"r1";0,996488209654656;63,7388549688902;56,7542146471144;56,7720386697117;32,9078764849646
"superheroes";"r1";0,997538713658004;64,1143644715974;56,9414495294103;56,959754007827;31,3653437223438
"superheroes";"r1";0,995645567933334;65,3558910043294;57,5704477062266;57,5903152886477;31,4272524790214
"superheroes";"r1";0,997093067510357;65,3072727675437;57,4658582701759;57,4858686848511;31,1872228668499
"superheroes";"r1";0,995301009065074;67,4299795662035;59,5401621950683;59,5602961284754;26,9668894576978
"superheroes";"r1";0,99507076851483;64,7128190234158;57,4810654895814;57,4995201175173;32,6183519119502
"superheroes";"r1";0,997003219623879;64,2939817322946;57,2378889219366;57,2558952833104;31,8640028733384
"superheroes";"r1";0,995858728688674;65,1037472604815;57,4814151287069;57,5008664696352;32,0937005434333
"superheroes";"r1";0,99526774495675;65,4116211510046;58,7182409178096;58,7353216771662;28,499901508894
"superheroes";"r1";0,996458688540439;64,8308218785875;56,685839913466;56,7066249984399;32,6033551964724
"superheroes";"r1";0,998345979785806;65,4905653678353;57,0816409237744;57,1030995604979;31,3460486183222
"superheroes";"r1";0,995571482007161;66,700533431082;58,6637958921164;58,6843047493951;28,3151284667804
"superheroes";"r1";0,998131649978106;63,891085042778;56,5469281739597;56,565669642662;31,870657698693
"superheroes";"r1";0,996134908101493;66,3094034180331;58,0083203847854;58,0295038222639;30,1361630257068
"superheroes";"r1";0,993499447730266;63,5714231308065;55,931801008188;55,9512964712434;33,4553995360195
"superheroes";"r1";0,993997716474932;65,3697692580241;56,9944807851413;57,0158535866203;31,971504068291
"superheroes";"r1";0,996682786128279;65,5985487868185;57,1559404550194;57,1774850492653;31,3361000610906
"superheroes";"r1";0,997941187906438;66,3304432401733;58,3872109645726;58,4074812068547;30,0080923036709
"superheroes";"r1";0,997923823087737;64,8427974452165;57,5988262594949;57,6173120655149;32,1972070400766
"superheroes";"r1";0,997321396897736;66,1475383869569;58,3625196469669;58,3823861459631;29,8700157730014
"superheroes";"r1";0,995411139164444;64,4630955295389;56,7921452182313;56,8117206273279;32,0158855494468
"superheroes";"r1";0,994369612861314;64,5313652733946;56,8907960225789;56,9102939025997;31,0638702089471
"superheroes";"r1";0,998148090417106;65,1632844283171;57,5970198808336;57,6163281435441;30,564628466931
"superheroes";"r1";0,998043371293811;67,8353850688566;59,8307932912962;59,8512201161794;27,5951386963909
"superheroes";"r1";0,996369152206982;66,491047223835;58,7449722860653;58,7647394048245;28,4827626972775
"superheroes";"r1";0,994364089012886;64,639629177804;56,6951766777551;56,7154500339138;33,128518785239
"superheroes";"r1";0,998562878268806;66,5441766763458;57,8252904217793;57,8475400464507;28,924956487816
"superheroes";"r1";0,996364763793624;65,44673727866;56,5911033363703;56,6137019258793;31,4147884542967
"superheroes";"r1";0,994795286331556;65,7693311297164;58,012391330963;58,0321861756349;29,1332725235104
"superheroes";"r1";0,996358829490143;65,5059618811201;58,1358831601272;58,1546907785033;30,0077653834817
"superheroes";"r1";0,996757739385196;65,258060221884;57,1681353889999;57,1887799743169;31,354183087996
"superheroes";"r1";0,992766519067543;64,3561018297716;58,0927982348513;58,1087814866247;29,9711203992052
"superheroes";"r1";0,994515361709323;66,4667613813353;58,5237030944982;58,5439728927803;29,1616206207733
"superheroes";"r1";0,997031015263756;64,9966967753868;57,8138038535568;57,8321337946639;30,5510853215709
"superheroes";"r1";0,997396359537506;66,3986739565615;58,4408363093093;58,4611438228698;29,9874816992168
"superheroes";"r1";0,995002823523213;64,3054567764355;57,2425780079102;57,260601686292;30,4508084059224
"superheroes";"r1";0,99495966083704;66,1483516349046;58,2539760905907;58,2741216559471;29,3991720442817
"superheroes";"r1";0,994218148921187;65,2150920763843;58,3775520603327;58,3950006993665;30,7277304692573
"superheroes";"r1";0,997217476544847;65,9933699647439;57,9228071268957;57,9434023025622;30,8067243942633
"superheroes";"r1";0,996965316169824;64,9340737917244;57,8814165551209;57,8994141492939;31,1357767801184
"superheroes";"r1";0,993681538506358;66,1575830767723;59,0541681853419;59,0722953073854;29,077424822069
"superheroes";"r1";0,996935429942713;64,8332535073631;57,6427469108568;57,661096281212;30,4624028846856
"superheroes";"r1";0,998056764993887;65,1279836736111;58,4688416189232;58,4858350062693;30,743279665233
"superheroes";"r1";0,995864742204073;66,0254222593604;58,0175009372641;58,0379362587734;29,6297140047823
"superheroes";"r1";0,997086104506569;66,1551807173057;57,911449196932;57,9324862797502;28,9720957366482
"superheroes";"r1";0,997231572824564;65,4741334224955;57,5318159095357;57,5520838174456;31,800246419101
"superheroes";"r1";0,995946808556926;65,7356090743704;57,9373978968896;57,957298061514;29,1009804992179
"superheroes";"r1";0,994583963548641;66,2502191873625;58,3234099515379;58,3436382840553;29,1412326979632
"superheroes";"r1";0,995294678174968;65,5751556983292;57,6308707292967;57,6511436579349;29,5670711998296
"superheroes";"r1";0,994174838932449;65,2706725521309;57,8148752327622;57,833901595435;29,2659234030475
"superheroes";"r1";0,996069321793197;65,2263479177568;58,2689281025092;58,2866826614116;31,8145787415506
"superheroes";"r1";0,997299169280082;66,7897733283968;59,2577867202633;59,277007509498;29,2243103749501
"superheroes";"r1";0,996033811676577;67,5329099803067;58,8909665472127;58,9130198223908;27,9809522690974
"superheroes";"r1";0,999122436723233;65,9932551284388;57,7475551773205;57,7685972833544;30,180578266181
"superheroes";"r1";0,997443099178944;66,9723173281558;58,5735451559262;58,594977885185;28,5318938692548
"superheroes";"r1";0,995213857495472;64,3231022030591;57,974187512576;57,9903892343108;31,006999728982
"superheroes";"r1";0,996902955766024;66,056377200733;57,7735269341224;57,7946638436153;30,3776955484659
"superheroes";"r1";0,996390557008507;65,7109279551157;58,6283945013021;58,6464683362472;29,9750411191801
"superheroes";"r1";0,994956771180019;66,6719542488954;58,7080555534662;58,7283785341453;27,8049621800956
"superheroes";"r1";0,99455316155163;66,695017882128;58,3091910593677;58,3305907535394;29,7926929542832
"superheroes";"r1";0,997943125087017;64,0855624436119;56,4432218691374;56,4627242693785;31,6086348793844
"superheroes";"r1";0,998434143840168;65,6853380567457;59,1498281383396;59,1665060302716;28,5646100003942
"superheroes";"r1";0,998437872055355;65,6780925664284;57,2540932247689;57,2755903309487;30,4179885269458
"superheroes";"r1";0,998380924939048;65,7857080821396;58,0212835106113;58,0410974555879;30,4551175456004
"superheroes";"r1";0,994549854479148;65,9696174225631;58,6759984531116;58,6946109547349;29,2920266001001
"superheroes";"r1";0,997834205207291;67,0766014179177;58,9567163436587;58,977437384168;28,3070298835066
"superheroes";"r1";0,996522976943216;65,2443086386231;56,5956880580062;56,6177583725195;30,9314545165274
"superheroes";"r1";0,995368695781807;66,6154642865058;58,8065881052772;58,8265154858009;28,0846220408026
"superheroes";"r1";0,996648869872303;65,3965067969342;57,0174175580355;57,0388000586451;30,8782529553252
"superheroes";"r1";0,996603104583677;64,7534732044331;56,546815161615;56,567757637056;32,0611848723982
"superheroes";"r1";0,998555556459671;66,449076896971;58,7874411338143;58,8069927732235;29,0919482697881
"superheroes";"r1";0,998138929786704;64,7378026612492;56,1617872285254;56,1836722628042;32,347045364618
"superheroes";"r1";0,997520711066031;65,5032933368323;57,4277674438489;57,4483752846782;29,9638351585767
"superheroes";"r1";0,994933162115261;64,254202053287;57,3083034357735;57,3260285938652;32,178189564293
"superheroes";"r1";0,996533134495985;65,9755347974331;58,3562554269286;58,3756989775509;30,1691217551611
"superheroes";"r1";0,996202851507249;64,6778247950123;57,5501401438269;57,5683291995887;30,5176912709656
"superheroes";"r1";0,995141412242408;64,8439279066561;57,9279789731533;57,9456277029938;30,4380403686614
"superheroes";"r1";0,99555753165302;66,1832897714851;58,0727261768172;58,0934234299509;30,6227288920666
"superheroes";"r1";0,994608151712755;63,8448585742417;55,736054992713;55,7567477544896;32,4288511749961
"superheroes";"r1";0,996671876758726;65,3638714532626;57,2569975284334;57,2776853659415;31,7523061282381
"superheroes";"r1";0,996169870232787;65,9716707540152;57,8446905925525;57,8654297389325;29,9087095898066
"superheroes";"r1";0,998077121698854;65,201822980245;57,1136679420469;57,1343080110453;31,8115719820697
"superheroes";"r1";0,996735143436554;65,6994669682138;57,5613062016293;57,5820738796658;30,9015011074934
"superheroes";"r1";0,99456905342496;64,342835548267;57,1020575497806;57,1205352071431;32,3209570352208
"superheroes";"r1";0,993987911389003;65,886982988107;57,1491548866004;57,1714528487512;30,0646504851405
"superheroes";"r1";0,996321696473964;65,6435683153131;57,3289131104486;57,3501311825944;31,3082223498135
"superheroes";"r1";0,998537559590347;65,6971120727704;57,4123603195751;57,4335020814495;31,1987472008417
"superheroes";"r1";0,996427933396186;64,6245954957196;56,7517167592093;56,7718074671112;32,2137588558095
"superheroes";"r1";0,997222431755484;65,8404506328095;57,7300890836136;57,7507858211498;30,9567885045987
"superheroes";"r1";0,996804194534045;64,990688328081;57,5558595394248;57,5748323927473;30,8351607429259
"superheroes";"r1";0,997706963247846;66,2776119847836;57,4296776864941;57,4522566273709;30,3572519157426
"superheroes";"r1";0,997343261185295;65,2564458035815;57,4725755605851;57,4924391287452;32,6506646578097
"superheroes";"r1";0,99758015388492;65,0830635418752;57,1428892128315;57,1631516515752;32,4039943481681
"superheroes";"r1";0,997686084589008;65,4384380802361;57,2120914505359;57,2330841690534;30,8711572236798
"superheroes";"r1";0,995135263611128;66,1218124832108;58,5272493047645;58,546629782423;29,4971788882661
"superheroes";"r1";0,996448186075723;65,1137059562566;57,698196248061;57,7171198012463;30,6262393372093
"superheroes";"r1";0,997388619719268;66,0983808121504;58,3938376368507;58,4134987711871;30,9852707289448
"superheroes";"r1";0,998205566359966;67,1512531288531;59,211983264577;59,2322433952276;28,0669814328048
"superheroes";"r1";0,997135143889948;66,3455866009846;58,4928865875968;58,5129258016493;28,332855815504
"superheroes";"r1";0,996471584256544;66,3312657711402;58,0576186360037;58,0787320601321;29,8812823029265
"superheroes";"r1";0,994500209180531;64,6455088818744;57,0732777465679;57,0926012353446;31,8060923248499
"superheroes";"r1";0,996426949180464;65,7136219063238;58,2604988447926;58,2795183830578;29,2725171969145
"superheroes";"r1";0,997307197453414;65,6212949957332;58,0423896917769;58,0617302122872;29,5109550636136
"superheroes";"r1";0,996294878552312;65,7232502565248;58,3492065507002;58,3680242872751;30,6132969694484
"superheroes";"r1";0,997396613468695;66,3938266632664;58,3309779921705;58,3515534821443;29,0849491703959
"superheroes";"r1";0,997365649776378;64,0296477776892;57,7682125546456;57,7841910385425;32,6127637378227
"superheroes";"r1";0,99723710139349;65,0919244036438;57,3484840032926;57,3682443990063;30,8889521868624
"superheroes";"r1";0,997848931459749;65,0720938743507;56,2950634222655;56,3174614244399;31,554044972825
"superheroes";"r1";0,998249003333454;65,1619886803624;57,7731483826608;57,7920038784869;31,5283619564056
"superheroes";"r1";0,995191322025736;65,6835656829869;57,7811845854169;57,8013505800518;30,6137374298589
"superheroes";"r1";0,993285689048111;65,2442252749445;57,2591627554348;57,2795397438309;32,4246526674366
"superheroes";"r1";0,998032199494016;65,7798414865053;57,4081662863613;57,4295298671714;31,3586741169598
"superheroes";"r1";0,998999040973078;65,0180957362002;57,3681329918995;57,3876548430673;30,863041165445
"superheroes";"r1";0,996135074377044;65,7652218909862;57,8317637964698;57,8520090961326;29,7671374811327
"superheroes";"r1";0,995575685953103;66,6307699044284;58,2027941087175;58,2243013623642;28,9556319098185
"superheroes";"r1";0,995697875755305;64,413802223594;55,7745891933655;55,7966355008602;32,7460241833464
"superheroes";"r1";0,995616805275667;66,7720093366868;58,2797552111774;58,3014264959482;29,267271319255
"superheroes";"r1";0,9951046276759;65,7222033305416;58,3414963419715;58,3603310825003;29,7025541425953
"superheroes";"r1";0,997723392966323;66,0800818362642;58,1973950409783;58,2175107779516;29,6585008652297
"superheroes";"r1";0,994153179540429;64,2918650091267;57,6040367208955;57,6211033123081;30,4454304977128
"superheroes";"r1";0,996151402320551;65,680974240009;59,2570133626029;59,2734065938314;28,803336136343
"superheroes";"r1";0,997958079294665;65,6442888743912;59,0674226523134;59,0842060809168;29,3218379079972
"superheroes";"r1";0,99581769693277;66,0270445124639;57,7903205658377;57,8113397661098;30,0012690707745
"superheroes";"r1";0,996160499987824;65,4765632753751;57,61899909149;57,6390507183628;29,9376353143882
"superheroes";"r1";0,99598781013604;65,4987457795883;57,6756181206609;57,6955818693652;31,2498159516082
"superheroes";"r1";0,995149499736009;65,5794738487628;57,9297499145943;57,9492711563454;31,3095302663503
"superheroes";"r1";0,995994263032614;66,3136979699526;58,1154418004154;58,1363628352134;30,0063024050316
"superheroes";"r1";0,996714080509125;65,5703693675046;56,8444916654025;56,8667591314677;31,9084649876771
"superheroes";"r1";0,998763927153017;65,4922603108296;58,4251140500379;58,4431486185837;30,2997855320704
"superheroes";"r1";0,993955395120834;65,094084663963;57,5588334463606;57,5780625665144;32,3618837391091
"superheroes";"r1";0,995788861968365;65,1856959011482;57,4887327625443;57,508374553473;31,4549310704793
"superheroes";"r1";0,996908560211981;64,6766033820124;57,3346826698962;57,3534184321762;31,0058058852248
"superheroes";"r1";0,997358958305046;64,8935869817189;57,421318160518;57,4403865566252;30,8334138305521
"superheroes";"r1";0,997098756999973;64,9245841971804;57,0564502327861;57,0765288325591;33,0197844872471
"superheroes";"r1";0,995198375173543;65,6559754420276;57,1405074611015;57,1622379850406;30,567279821997
"superheroes";"r1";0,99591411706856;66,5536666986605;59,4213627920774;59,4395636356635;28,1993071061768
"superheroes";"r1";0,997066091716282;65,4126588472093;58,0455618402428;58,0643618496175;31,1955630358151
"superheroes";"r1";0,997150463333424;64,1771124604073;56,9917395900559;57,0100758597148;32,3214855520411
"superheroes";"r1";0,997317666596886;66,6296324050059;58,4137084174242;58,4346745385222;29,9672302511243
"superheroes";"r1";0,997114559974429;64,7779910699621;56,4502704275736;56,4715218412578;31,9650599946301
"superheroes";"r1";0,996290949412419;64,9112594447001;58,4329930064683;58,4495248194274;30,178049319298
"superheroes";"r1";0,997793109100634;65,6834621989642;57,050544157888;57,0725744012729;31,6388653155451
"superheroes";"r1";0,99710126694466;66,5443890787267;57,9916282572772;58,0134539483834;29,6959155736687
"superheroes";"r1";0,994751076679168;65,8353063789481;57,939667366521;57,959816156107;30,3877065504978
"superheroes";"r1";0,997383900729569;65,7389563050332;58,267753339389;58,2868190155518;29,6058778166868
"superheroes";"r1";0,994879862827552;66,1400210438793;58,5345457141344;58,5539540383852;29,2682301580689
"superheroes";"r1";0,996834139731166;65,9611775983452;57,8974019734479;57,9179798289044;29,8463225859547
"superheroes";"r1";0,997876985298689;66,4206101623709;58,1735959353464;58,1946413952656;29,3067237858862
"superheroes";"r1";0,997140883111819;65,544196871064;57,8933538474607;57,9128779450031;29,1847904343885
"superheroes";"r1";0,995250021728222;64,9916660260214;57,3903856932414;57,4097833123281;31,8555659017471
"superheroes";"r1";0,998303087450528;66,3645916635743;58,3190853935962;58,3396166276979;29,2577065235715
"superheroes";"r1";0,996840214429755;66,7265951530509;57,946249615495;57,9686560773976;29,6830025478756
"superheroes";"r1";0,99691493269275;65,1148946465929;57,7056545218871;57,724562075795;29,8085324006531
"superheroes";"r1";0,996298794107053;66,3295345813405;58,2259819780835;58,2466613399496;30,1806744227787
"superheroes";"r1";0,997648565893899;65,7088284340073;57,3985965397602;57,419803324111;30,631130056817
"superheroes";"r1";0,993682513570724;65,4195291713378;57,5175667053911;57,5377316317247;31,5593541117236
"superheroes";"r1";0,997562380490343;65,1927215612109;57,8456862831025;57,8644350971841;30,3923827233166
"superheroes";"r1";0,99690115939216;66,3448482343402;58,2771701940947;58,2977580080797;29,229312271243
"superheroes";"r1";0,996711878502747;65,2916227847627;57,271434426109;57,2919010517265;32,2575507571169
"superheroes";"r1";0,998371357634271;65,5332019231318;57,7944130001828;57,8141615258453;30,7058128294921
"superheroes";"r1";0,996264582570904;66,2065384270867;58,176541180123;58,1970328369288;29,9161779922522
"superheroes";"r1";0,996847334464952;66,5155208797067;58,784315099037;58,8040442733667;29,5044387404783
"superheroes";"r1";0,99760785310213;65,6626911092445;58,7308670891551;58,7485563304449;30,3857221396724
"superheroes";"r1";0,99463526363946;64,3235268515178;57,5005305035031;57,5179420287192;32,2810619318795
"superheroes";"r1";0,996882207111212;64,7370539951113;57,0387091879015;57,0583545046943;32,7438260706012
"superheroes";"r1";0,997377334421717;64,314182227026;57,298450921657;57,3163542849745;31,8807262628471
"superheroes";"r1";0,996966763920053;65,0848453590221;57,1708774428006;57,1910730057036;32,1363443849689
"superheroes";"r1";0,995815634919404;65,8268258938907;57,8535897906771;57,8739365993787;30,714243750711
"superheroes";"r1";0,99742698137663;65,9714923075482;57,8305439068457;57,8513186986133;30,2812833513186
"superheroes";"r1";0,995754105563565;65,6831891033642;58,2754075625838;58,2943113943483;29,9749532693548
"superheroes";"r1";0,99594427149489;65,6271447913076;57,6326346049306;57,6530357027182;30,7211751234601
"superheroes";"r1";0,996194659997088;66,1974724661322;58,3535489455789;58,3735657630012;29,5334947231104
"superheroes";"r1";0,997372996437553;64,434571444789;56,6964839467337;56,7162306824382;32,7711553395727
"superheroes";"r1";0,994771486642549;66,1697187620875;58,4185759403834;58,4383559918168;29,1881259055978
"superheroes";"r1";0,992847730839594;64,6548397189801;57,038313894872;57,0577504187511;31,4320765191854
"superheroes";"r1";0,997099181513797;64,382461255872;57,0792350806849;57,097872098825;31,5697758376669
"superheroes";"r1";0,996982300928552;65,0802444721114;57,6397130290798;57,6587004349398;31,973503810212
"superheroes";"r1";0,994343887861547;64,9307308260199;57,1488197915429;57,1686783600215;31,8055477370031
"superheroes";"r1";0,996662964113088;65,8681720219329;57,7759763282777;57,7966267085779;29,4411698483283
"superheroes";"r1";0,995913945060585;65,8588331636073;57,6276112758533;57,6486164354852;29,1907892398941
"superheroes";"r1";0,995230404063981;65,9012872787069;58,5901016672684;58,6087589970016;29,8282175992792
"superheroes";"r1";0,997241548040652;66,057811347768;57,6461382278126;57,6676038788503;29,7700313532498
"superheroes";"r1";0,994957036102297;66,8645652603366;57,9664467619805;57,9891537673353;28,4040850469846
"superheroes";"r1";0,994544545392143;65,2006956383309;57,5208416698025;57,5404398000386;31,0043735696605
"superheroes";"r1";0,994555102695473;66,2501563719028;58,3159186678838;58,336165957023;27,921714674487
"superheroes";"r1";0,997116912709585;66,3263472060833;59,4517847767647;59,4693278928654;28,3330165978078
"superheroes";"r1";0,99898982002375;66,8909258134198;58,6011256786823;58,622280323463;29,4180515974427
"superheroes";"r1";0,995737458861496;67,0360664922583;58,9433816510399;58,9640332795901;29,0712511944812
"superheroes";"r1";0,997598913918447;65,901564700904;57,8744373903483;57,8949217233967;29,707464407958
"superheroes";"r1";0,996834520629035;65,0737226668963;57,4102576976532;57,4298140049922;31,7629955478493
"superheroes";"r1";0,996573532224092;65,5764640508969;57,0158605043233;57,0377062091886;31,210868122502
"superheroes";"r1";0,995427457767415;66,1227209762361;58,3750811171561;58,3948522294198;30,2134344232165
"superheroes";"r1";0,996954340301295;64,8159744121961;58,1985246708329;58,2154116640483;29,4136335493683
"superheroes";"r1";0,994618873820108;65,9037268588091;57,602741507739;57,6239246959435;30,7003173621066
"superheroes";"r1";0,998697813608924;65,280467857569;57,8033993680542;57,8224800123793;31,4552399121764
"superheroes";"r1";0,995429964730234;65,4430659960801;58,4543373966146;58,4721718520403;30,0385109504802
"superheroes";"r1";0,996745626621463;64,8788521029183;57,3508666475456;57,3700772262851;31,3433341522154
"superheroes";"r1";0,997008680173784;63,693286290214;56,5062468807504;56,5245874032312;32,2799344421047
"superheroes";"r1";0,99801249092227;63,6321717523827;56,0587397476728;56,0780663009342;33,2885611645162
"superheroes";"r1";0,996141554575486;65,3746740072724;58,3658284731602;58,3837142647579;29,7264548158172
"superheroes";"r1";0,996577585294105;64,9233249936903;57,627553978581;57,6461719719846;31,6440905843391
"superheroes";"r1";0,996551348307995;66,5508607883591;57,8555527057026;57,8777421615106;29,8009630686419
"superheroes";"r1";0,995887558366896;65,5009054465316;58,0607737656786;58,0797601513902;30,6525506766848
"superheroes";"r1";0,995769582741012;64,7120685357816;56,4079604083503;56,4291515655315;32,1024766248606
"superheroes";"r1";0,997394256922566;66,7847340924708;58,1771617811188;58,19912734503;29,8887070639362
"superheroes";"r1";0,993493349052746;63,8182156652955;57,3640879018428;57,3805581155978;33,281598768825
"superheroes";"r1";0,994284931288588;64,9044088014346;57,719682799542;57,7380174184648;31,2399663293847
"superheroes";"r1";0,997465971038666;66,0975466199644;58,1688544339308;58,189087571527;30,021989782934
"superheroes";"r1";0,99462257896774;66,3790605066316;58,6304967107701;58,6502701808174;29,8453872545121
"superheroes";"r1";0,996816305641814;66,7903564659502;58,1798616767307;58,2018346984793;29,8700900875224
"superheroes";"r1";0,996022029200735;66,0667936220191;57,9462471610567;57,9669698893511;29,628125374167
"superheroes";"r1";0,997823537911932;64,5381191832366;57,0545544801167;57,0736517020539;31,6276766367545
"superheroes";"r1";0,994668263375847;65,6194484648777;57,0878397259333;57,1096114392855;31,1795243267148
"superheroes";"r1";0,997618075813756;65,5731195005577;57,488184219258;57,5088160717962;32,0420646100845
"superheroes";"r1";0,997605353502893;65,9550386063033;57,7406229105749;57,7615851826804;30,3784169858395
"superheroes";"r1";0,994626620261873;65,2014750147349;57,1078084676681;57,1284626014221;32,0092304304352
"superheroes";"r1";0,996364809508374;66,3281399449286;57,9225929754669;57,9440429932522;30,9766740100068
"superheroes";"r1";0,995706910725154;66,6170981885297;58,3320290123852;58,3531715842876;28,6947210251393
"superheroes";"r1";0,994149609586546;65,7283644248299;57,6762845445992;57,6968325538206;29,6071346453313
"superheroes";"r1";0,996160190203375;63,3345070123371;57,4801784434225;57,4951180365722;30,7589150953834
"superheroes";"r1";0,996870691674278;64,958256000428;57,1650175086373;57,1849049835228;31,7930031621071
"superheroes";"r1";0,995226452977026;65,0282479920695;57,0539349474439;57,0742845043798;32,4972693017849
"superheroes";"r1";0,995090885195952;65,4348574403855;57,4710491636858;57,4913719136263;31,3762255289092
"superheroes";"r1";0,996761497123937;64,9201393105771;56,7596568534655;56,7804814939651;32,2667733887489
"superheroes";"r1";0,994764930295739;66,0921733948584;57,6993804638112;57,7207979347138;29,3834159119378
"superheroes";"r1";0,995849548467506;65,2896531244873;57,2894205970276;57,3098362975911;31,3990449611368
"superheroes";"r1";0,995386231503665;64,0305846904824;56,3604947570372;56,3800679705455;32,840772491863
"superheroes";"r1";0,995930224594478;65,1134304491525;57,8750060086407;57,893477659986;32,2819762971109
"superheroes";"r1";0,996430064691156;62,6256102662326;55,9461454688788;55,9631907175961;33,9240857751765
"superheroes";"r1";0,996531338378212;65,0310092364078;57,0362296034794;57,0566313888646;30,9770234273087
"superheroes";"r1";0,996133606564394;66,2174524263311;58,3015871825842;58,3217875872553;28,9348808974879
"superheroes";"r1";0,996505300256809;64,6058927843328;56,5417731977392;56,5623519309476;32,1339868051776
"superheroes";"r1";0,993961146872388;65,048894745107;57,5865927036098;57,6056356656075;29,7558150270321
"superheroes";"r1";0,99620378052522;65,8082796846186;58,1156589269208;58,1352896365781;30,4042684832705
"superheroes";"r1";0,994242385576249;65,41036413364;58,2114702031371;58,2298409770325;32,6298827307047
"superheroes";"r1";0,997510055908919;66,3569894405816;58,3849361938955;58,4052799840793;30,1626304056453
"superheroes";"r1";0,995757777923137;65,3552563065473;56,9372386261595;56,9587204678073;31,2161104417506
"superheroes";"r1";0,997009641253194;63,6690700654663;56,8820772425704;56,8993968908085;32,2662869299402
"superheroes";"r1";0,996807673147289;65,5218743043977;57,2384908746108;57,2596291446767;30,9500733020128
"superheroes";"r1";0,994745924536496;65,5993007549434;57,7712803590584;57,7912565934814;31,0234541910852
"superheroes";"r1";0,996854181876722;66,0961106298337;57,9319654068685;57,9527993943378;30,1821179887028
"superheroes";"r1";0,996312344604935;65,4018301077685;57,5547212007094;57,5747461468825;30,4973471200061
"superheroes";"r1";0,99715937734497;63,9431832574914;57,136830043192;57,1541990969882;32,5195453088898
"superheroes";"r1";0,997553719990217;65,2947743623631;56,9374098215379;56,9587368831426;30,2766414998002
"superheroes";"r1";0,996031945600845;66,9217143154973;58,6135921357407;58,6347935363355;29,346880592661
"superheroes";"r1";0,997460532366591;64,5783190783739;57,0161572479377;57,0354550409721;32,0258345584091
"superheroes";"r1";0,997525100082447;63,8307653417602;56,5516219253945;56,5701974870218;31,9700371164526
"superheroes";"r1";0,995829242443743;66,7246759397646;59,8106862761111;59,8283300061136;27,7085030028974
"superheroes";"r1";0,993765181435514;64,5799150109288;57,1675775283144;57,186492986334;31,3273710500385
"superheroes";"r1";0,99787253997196;65,6561702142734;57,5939547269437;57,6145286011033;31,2412463684864
"superheroes";"r1";0,998069340336935;65,4890016131174;58,3789101422687;58,3970543021978;30,6995625372664
"superheroes";"r1";0,997408124584847;64,4471512770167;56,7115128981921;56,7312533840176;32,0612839101214
"superheroes";"r1";0,996430588268687;64,7828977834814;57,4486255239039;57,4673417681866;31,2370633184916
"superheroes";"r1";0,99417250719943;65,1381565982702;57,9004481950317;57,9189180191298;30,3919198927102
"superheroes";"r1";0,995941805320052;65,3263588229828;58,6242664133676;58,6413694052261;29,7608659489346
"superheroes";"r1";0,997131253116873;64,9266370076642;57,029162187114;57,0493156614774;31,1639430980686
"superheroes";"r1";0,993727406732266;64,8814349303117;56,9943041467249;57,0144312242604;31,6331700098224
"superheroes";"r1";0,995440150413461;65,1256333694783;57,8011632192817;57,8198544496752;30,6990293941728
"superheroes";"r1";0,994180811171635;65,136301996334;58,1696882465017;58,1874662672991;31,7182657400723
"superheroes";"r1";0,993838810751515;67,5579883760988;59,5527883934599;59,5732167704146;27,2205800593797
"superheroes";"r1";0,99469772167874;64,116070768291;57,1194942984129;57,137348780728;31,9746938668786
"superheroes";"r1";0,995706695615784;64,9050559018785;57,0176173276731;57,037745190656;30,8219169404463
"superheroes";"r1";0,995975757943684;65,1186639146651;57,422162886211;57,4418034978862;32,2451636889739
"superheroes";"r1";0,996072283146478;67,9479254072937;59,7163137672628;59,737319921499;27,5102641165516
"superheroes";"r1";0,995203892880417;65,250442487417;57,4957146522167;57,5155038522044;30,9315535796417
"superheroes";"r1";0,998535828909761;65,3425987101521;57,7760365735805;57,7953455957051;32,0940790333864
"superheroes";"r1";0,996989798716465;64,4665649442461;57,7319557008161;57,7491416720055;31,2224993027008
"superheroes";"r1";0,997029586569216;65,4407153416509;57,6419939459948;57,6618954126391;30,4399060342993
"superheroes";"r1";0,996870674633941;65,6910253158017;57,5332914461469;57,554109072558;30,0176007502649
"superheroes";"r1";0,996184531700779;65,1102686910004;56,8583398562566;56,8793978577063;32,0812126379753
"superheroes";"r1";0,992716263006363;63,7499412824608;56,6776384384386;56,6956861660093;34,3810753496205
"superheroes";"r1";0,994539587911474;66,3157015499413;58,1339851761503;58,1548640032355;29,9625843153095
"superheroes";"r1";0,995624605865397;66,4803900273759;58,3849865943991;58,4056451604921;30,4834477352794
"superheroes";"r1";0,999166514047427;65,900122021372;58,036615980745;58,0566827705731;30,1259085373967
"superheroes";"r1";0,998294377760684;66,3920105419474;58,2308893603087;58,251715630762;30,2008150950038
"superheroes";"r1";0,99695493535335;66,1622266085265;59,0009489520954;59,0192237334575;29,9219795938566
"superheroes";"r1";0,996930675176437;65,6526479655288;58,1353542320624;58,1545375267208;30,8721429675909
"superheroes";"r1";0,99621615383057;64,1437453821894;56,6685807498653;56,6876565357593;31,8445215825894
"superheroes";"r1";0,997738915180663;66,6901867007577;58,3558457318234;58,3771140398421;29,6270386324691
"superheroes";"r1";0,99613048791586;64,7424598670716;56,9958596385218;57,0156280977645;32,514989829676
"superheroes";"r1";0,997396833267094;64,8691348907677;57,2452800604527;57,2647352871377;31,7259472904743
"superheroes";"r1";0,994042316577568;64,0022345231235;56,4318496452825;56,4511684226163;32,5286680999963
"superheroes";"r1";0,997138860221594;65,4632493146191;58,263862980366;58,2822350108209;29,8513753638408
"superheroes";"r1";0,994811908318362;66,150139628695;58,5417315385518;58,5611473468798;30,068402754728
"superheroes";"r1";0,997148916719191;66,2608922838646;58,1593679759538;58,1800421618366;29,5400443734438
"superheroes";"r1";0,998193455435574;65,8839443404755;58,1252831647559;58,1450824021897;30,3448136908701
"superheroes";"r1";0,99146460631021;64,3194073149579;56,7157277839888;56,7351315255615;33,1703400603794
"superheroes";"r1";0,99878171125409;65,5245032543671;57,7198324120914;57,7397490610594;32,0205809339558
"superheroes";"r1";0,99715053259425;64,0747311480578;57,5093959074613;57,5261499102869;30,7970309662416
"superheroes";"r1";0,998166642070814;64,2880987237123;57,5803331490327;57,5974506181753;30,615534648593
"superheroes";"r1";0,997210353082565;65,8068558165404;57,8300970097588;57,8504528080068;31,1182483995213
"superheroes";"r1";0,997858125627454;63,8106361675274;55,9378706649728;55,9579610839144;33,6521922536591
"superheroes";"r1";0,997722606531692;66,350306374549;58,6809735183313;58,700544799863;29,1067600356593
"superheroes";"r1";0,997967516169103;66,1790006685432;58,0867352043737;58,1073857627205;30,5454393882699
"superheroes";"r1";0,996196432440492;65,9024303577865;57,97602604235;57,9962533415557;28,8340238546484
"superheroes";"r1";0,996312408760175;64,5067132486859;56,403002720283;56,4236824851564;32,7396180603449
"superheroes";"r1";0,996387988690395;66,5947299505716;58,505319744081;58,5259630161288;28,8064242143494
"superheroes";"r1";0,996280099075213;64,6331454969574;57,770981553175;57,7884930297243;30,5176064092976
"superheroes";"r1";0,994834994183319;66,0613076514407;58,5664766779993;58,585602650201;29,9348370849643
"superheroes";"r1";0,992537840087631;64,4835447820095;56,7125704838602;56,7324011430082;30,5526784397314
"superheroes";"r1";0,994089756133608;65,0788650109975;57,5691777812218;57,5883416649317;31,0333074549476
"superheroes";"r1";0,996008896853235;64,5186209258902;57,5014690184886;57,519376007024;31,093513647923
"superheroes";"r1";0,997450254375049;66,236191033221;57,904604336587;57,9258656160102;29,8251792244179
"superheroes";"r1";0,996311913990809;62,7861720878379;56,7454190425122;56,7608343701202;32,5331614847214
"superheroes";"r1";0,998020791325403;64,9260698590856;56,5864750095763;56,6077567249119;32,9157190681199
"superheroes";"r1";0,995719030264799;65,344458171684;57,1341467606788;57,1550985591077;31,4748880381496
"superheroes";"r1";0,997443510130227;66,7501536408898;58,3462717998304;58,3677175683939;29,6454895825414
"superheroes";"r1";0,997719741690364;66,4932887998259;58,2357724348051;58,2568446950085;29,6587257530962
"superheroes";"r1";0,995779820507483;64,8259485981989;57,2944042291159;57,3136238898059;32,2877382181535
"superheroes";"r1";0,998586353761048;66,883185413413;58,264776991538;58,286770207994;28,9583539413663
"superheroes";"r1";0,995414132582346;66,1113435570207;58,7818004154716;58,8005045915729;29,620357205013
"superheroes";"r1";0,995414010566736;65,8149512486847;58,029730368611;58,0495973834462;29,8231231543589
"superheroes";"r1";0,995617544828023;63,8632187815623;56,289174751566;56,3085028666477;33,2409783421522
"superheroes";"r1";0,996697644039486;65,4607776048579;57,5669077639059;57,5870520387637;29,9665126295563
"superheroes";"r1";0,99768474615143;64,0009154600282;57,0217679044828;57,0395779101536;32,8943758042492
"superheroes";"r1";0,996727503773438;66,8037509405191;58,355500203713;58,3770591967467;29,673769589447
"superheroes";"r1";0,996790064208092;65,4875913781965;56,954628402388;56,9764035716015;30,7574713193669
"superheroes";"r1";0,996718037429008;64,5854998664963;56,8575205133769;56,8772414542235;31,9387069690034
"superheroes";"r1";0,993224722676243;66,3931756417564;58,1031510824888;58,1243062999759;29,0764012721632
"superheroes";"r1";0,995996230579566;65,6649493997721;58,3609586309935;58,3795976002911;30,1520292431774
"superheroes";"r1";0,998169170459321;65,5988504672576;58,1222945109059;58,1413738473035;30,0478319328939
"superheroes";"r1";0,99686365005227;65,9417944299111;56,9286393901413;56,9516399559114;30,5171859736159
"superheroes";"r1";0,995648706230478;66,3821965217349;58,6597381579838;58,6794450098818;28,1831189000432
"superheroes";"r1";0,996742041993385;64,1967356119517;57,4234376389538;57,4407223394634;32,7444198833643
"superheroes";"r1";0,995096795236971;65,9013117633753;58,145231182377;58,165023834421;30,952117743213
"superheroes";"r1";0,995906057753187;66,4667308849314;57,9461521276414;57,9678956937114;29,0989394276963
"superheroes";"r1";0,996773838660783;65,2133237084387;57,796025512029;57,8149536292366;31,1613199473996
"superheroes";"r1";0,995825982058136;65,3283712036036;57,9627585256103;57,9815547471431;30,6663862444176
"superheroes";"r1";0,997325947305157;64,8208982980416;56,9446683257263;56,964767585608;31,1616455580632
"superheroes";"r1";0,997040496526503;65,3370691962223;57,2381790392438;57,2588465030674;31,2327536904096
"superheroes";"r1";0,998194745606102;65,7667495684028;56,9013230271484;56,9239466062772;30,2214826660843
"superheroes";"r1";0,996045779325478;64,2069090069059;56,6841856288385;56,703382779344;32,6400698826088
"superheroes";"r1";0,995634088342455;65,0138281925016;56,7820254205211;56,8030320625047;31,9820253418258
"superheroes";"r1";0,994519192047287;65,2202252361856;57,3247635816774;57,3449119186658;30,7429731148176
"superheroes";"r1";0,995961943295808;65,9290627075079;57,7892344600027;57,8100063932645;30,5115507538234
"superheroes";"r1";0,997328565547978;65,1358973907864;57,2904948363636;57,3105154281153;30,8450040681254
"superheroes";"r1";0,99649173933497;65,6057334523085;57,2626679569736;57,2839585290101;31,1880844341536
"superheroes";"r1";0,997720156848111;66,0829199354014;57,5035539657503;57,5254475502254;31,0549766399371
"superheroes";"r1";0,997244595505884;65,3142158805348;56,9287488662017;56,9501476421824;30,8445024781814
"superheroes";"r1";0,997722817038396;66,6589817123153;58,5492640608257;58,5699591552068;30,5034738616271
"superheroes";"r1";0,99599970558126;65,0703626689936;57,6792117766387;57,6980731688445;30,7324929035694
"superheroes";"r1";0,994977284128644;65,7870752159314;57,7537034099374;57,7742036782412;30,1826086022362
"superheroes";"r1";0,998320671199284;64,6472843623169;56,7172962444155;56,7375326890852;32,5431528725499
"superheroes";"r1";0,997076718457048;64,9642960559316;57,638009993764;57,6567058581622;30,0358260242581
"superheroes";"r1";0,996992013782144;67,7663946700292;59,4096391846203;59,4309646919835;27,1335100974043
"superheroes";"r1";0,993212686571048;66,0589224445879;58,0154800352895;58,0360060026491;29,70336155982
"superheroes";"r1";0,99402269452429;65,435052380865;57,2447736685938;57,2656743458112;32,4262028194429
"superheroes";"r1";0,99724735317346;65,50891059658;58,4388846995752;58,4569266166312;31,1341889661785
"superheroes";"r1";0,996697400876507;67,073243080502;59,0988983483075;59,1192479861065;27,5112105110545
"superheroes";"r1";0,997009017696663;66,6170386113341;58,364200801946;58,3852611229975;29,3638279454566
"superheroes";"r1";0,996034664315371;66,4834087494775;58,8571656259456;58,8766269472884;29,5709806729533
"superheroes";"r1";0,997359653621397;65,5435447065723;57,5488925859896;57,5692940459775;30,169538078303
"superheroes";"r1";0,995908404023278;63,7624643294412;56,0755629611164;56,0951790755303;32,422236289998
"superheroes";"r1";0,996736121512706;65,9260230399025;57,6757869630241;57,6968406447446;29,5307023446713
"superheroes";"r1";0,998033830254226;65,1398695435166;56,9795980316557;57,0004221338466;30,8176178183822
"superheroes";"r1";0,997568451130861;65,6449871550338;57,78385124807;57,8039119895814;30,7568338424919
"superheroes";"r1";0,998330892942443;63,4927780710679;57,0980995753784;57,1144180812367;31,9615218906376
"superheroes";"r1";0,996086663891926;64,4586665240899;56,8912933336924;56,9106044255359;32,824542823394
"superheroes";"r1";0,998451350157577;66,443240501761;57,7892117344738;57,8112958500759;29,1844365095431
"superheroes";"r1";0,996591155496334;65,14537588984;57,2783071777979;57,2983830591659;31,2214254176112
"superheroes";"r1";0,993681320716435;65,3347432885792;57,6486281438646;57,6682422519236;31,7477753302899
"superheroes";"r1";0,995368176412576;64,4797873156205;56,7059763683871;56,7258142663471;32,4808429815621
"superheroes";"r1";0,997301622856607;64,9410063482843;57,0797820350097;57,0998430021243;33,1404325451241
"superheroes";"r1";0,996409779571082;66,885147174454;58,8591959940733;58,8796773257687;28,6744680749993
"superheroes";"r1";0,997948192592197;65,2731903572424;58,4211721748575;58,438657760556;29,3179838086763
"superheroes";"r1";0,996147652026661;65,3895078026449;57,3396347864563;57,3601771640069;30,4028491077887
"superheroes";"r1";0,9968563976838;64,729598354059;57,3134076936981;57,3323329845973;30,2390278427543
"superheroes";"r1";0,996031054730261;64,3106054323196;56,848339305029;56,8673821753776;32,3401727642752
"superheroes";"r1";0,997014649582232;66,447600528788;57,8435252414931;57,8654818813893;28,9155053930334
"superheroes";"r1";0,996865426134742;65,3574090255746;57,3404709588038;57,3609292900392;31,4390954508703
"superheroes";"r1";0,99470010451496;65,2189511981122;57,0288004110279;57,0497007617946;31,1423173067625
"superheroes";"r1";0,996989594772166;64,9142269808886;56,813569570325;56,8342415439825;32,1186184687008
"superheroes";"r1";0,994898996138365;65,5710413493906;57,046603154946;57,0683565698689;30,7782954027363
"superheroes";"r1";0,99507482416526;65,7057173993126;58,2433282505771;58,2623714348627;30,1204312306561
"superheroes";"r1";0,995210367852386;66,1278102263409;58,0320166947564;58,0526762563375;29,6913804360585
"superheroes";"r1";0,997206445515919;65,3927993688409;57,3070091827554;57,3276432169152;31,4807622533755
"superheroes";"r1";0,996750899217919;63,9627298745181;57,8792621127725;57,8947864435697;31,9849690369769
"superheroes";"r1";0,998132211464257;66,2596286348687;58,5069086784445;58,5266927545497;29,1293612407534
"superheroes";"r1";0,997431155715291;65,7451857956193;57,9465651223771;57,966466331989;30,1630390390957
"superheroes";"r1";0,994049562827484;66,096279853706;59,1887434530767;59,2063707150722;28,1333498350395
"superheroes";"r1";0,995595418457446;65,3996752093663;58,3682841487841;58,3862274740493;31,6127827413889
"superheroes";"r1";0,9952244845838;65,3558333444459;57,3763764222696;57,3967391058069;30,2700571764695
"superheroes";"r1";0,997546544239907;63,5097821452079;56,7942839129579;56,8114211149797;33,3395864325882
"superheroes";"r1";0,999115029554032;65,7586786880399;56,9834454075822;57,0058388235752;30,860897944972
"superheroes";"r1";0,996050687505918;66,1968788802315;58,4658926214931;58,4856212356274;29,8431448692943
"superheroes";"r1";0,995142803649175;64,67173878125;57,9349259259593;57,9521175205202;30,8582059640387
"superheroes";"r1";0,994885261824039;65,5026074329223;56,9338356523123;56,9557022015993;31,3087291024413
"superheroes";"r1";0,99600402288982;65,9002714650086;57,8822280884243;57,902689240287;29,2512125046471
"superheroes";"r1";0,99688828419373;65,3830932474064;57,5182949635936;57,538365051082;31,3825739893493
"superheroes";"r1";0,996478410923316;65,7888652833859;57,678596280604;57,6992927819721;30,8663597916046
"superheroes";"r1";0,996942984477851;66,573231907902;58,2093420023173;58,2306857159246;30,0923191643254
"superheroes";"r1";0,995463823913089;66,4045367741194;58,6493185401594;58,6691089915901;29,2461630452096
"superheroes";"r1";0,995621273165377;65,8573076186911;58,4414304929765;58,4603549837703;30,2034448115975
"superheroes";"r1";0,993654189503776;65,1453474792665;57,0846202399405;57,1051903162573;32,0235416879273
"superheroes";"r1";0,995491071871937;64,4120853322393;56,9102280537187;56,9293719562668;32,0274964740345
"superheroes";"r1";0,996673171422538;64,5688681657166;57,3015909190101;57,3201361994967;31,5133877964568
"superheroes";"r1";0,995414306120706;64,4251272080939;57,2552669128045;57,2735635961031;32,5279259760304
"superheroes";"r1";0,997885332504253;65,1234252452417;57,5367495535742;57,5561099032467;30,4304564690676
"superheroes";"r1";0,995517227875142;65,6568108847741;57,5473733157513;57,5680676953932;31,3005774265365
"superheroes";"r1";0,995241044471236;63,4437952392911;56,4063274225673;56,424286255036;31,9427001513312
"superheroes";"r1";0,998315261665781;62,9377565149969;56,1838668209736;56,2011019937212;35,0541640003988
"superheroes";"r1";0,997184160621334;65,2011689393904;57,9676387805454;57,9860979422301;31,4471496930258
"superheroes";"r1";0,994362900811233;66,2582072355331;58,2560552364529;58,2764758352937;28,7584850063229
"superheroes";"r1";0,994930528744405;66,8273718996777;58,1752433434897;58,1973226099652;29,4411436606496
"superheroes";"r1";0,99596782736988;64,0773650328043;56,3407005238345;56,3604436282296;32,2150552827717
"superheroes";"r1";0,995457619656696;64,6445722198951;57,1426700240569;57,161814041229;30,8273103531382
"superheroes";"r1";0,995246463204917;64,7927563752395;57,3651527967334;57,384107212126;31,0811231395746
"superheroes";"r1";0,99610471283517;65,5692219074733;57,490391462456;57,5110077361333;31,0530756840561
"superheroes";"r1";0,994899642374431;65,1232543305646;56,808362597878;56,8295812736164;31,6015006566974
"superheroes";"r1";0,997668611492931;65,1418860887074;56,6519979564252;56,6736632034454;32,3062759642913
"superheroes";"r1";0,997563140367028;66,583089723661;58,5915781369718;58,6119715826676;30,4543483592951
"superheroes";"r1";0,99617019099324;65,4770869467955;58,4166494970934;58,434666945502;29,4406786986834
"superheroes";"r1";0,994908107954233;64,750518733779;57,8885955571465;57,9061064192849;31,9563625146048
"superheroes";"r1";0,996541697201656;64,6377512231991;58,1238145113903;58,1404373509067;30,2936904902101
"superheroes";"r1";0,994466420940055;64,1329150065185;55,7663614632865;55,7877119741998;32,0110970573706
"superheroes";"r1";0,994727720138328;65,7081042574554;57,8083478333838;57,8285071301448;30,2639474220494
"superheroes";"r1";0,995558818088709;66,8955907346223;59,5659279548561;59,5846324362607;28,3607471447404
"superheroes";"r1";0,998606647896285;64,182892251826;57,9906724057086;58,0064742596881;31,2189448980093
"superheroes";"r1";0,996402690652117;64,87486619792;57,621098535489;57,6396093410243;30,9262507769492
"superheroes";"r1";0,997111224101418;65,8033180472468;57,1096874652465;57,1318726402601;30,5567393754928
"superheroes";"r1";0,997045134811001;65,1850275160541;57,5283369833332;57,5478760030662;30,4065960471083
"superheroes";"r1";0,997883854834537;66,3993772985595;58,7438545768021;58,7633906164119;29,1896125994133
"superheroes";"r1";0,996967331458123;65,9960241577046;57,3723303112207;57,3943370154904;30,4065911756286
"superheroes";"r1";0,995041893246076;65,4283571533669;58,0948592327457;58,1135735010018;29,6230511447989
"superheroes";"r1";0,998264917636704;67,0083817547109;58,3850842445297;58,4070899373934;29,3578522410742
"superheroes";"r1";0,997285521160168;65,5572219734971;57,6552203931532;57,6753854193024;31,9665400335101
"superheroes";"r1";0,997997913427969;65,0446910502243;58,0097886662663;58,0277409520369;31,2910397852659
"superheroes";"r1";0,991979085936312;64,5166509036503;57,3991930967273;57,4173560547238;31,4036205032535
"superheroes";"r1";0,995395102873403;64,6077859281107;57,1612559163423;57,1802586298803;32,6163824768348
"superheroes";"r1";0,996533105441006;66,1316986238973;58,0372453311709;58,057901472612;29,8918263077399
"superheroes";"r1";0,995762239633606;64,6348938014484;56,9916137172661;57,0111185150311;31,2786015821154
"superheroes";"r1";0,997301155684612;66,1700098838667;58,932410961114;58,9508805058301;29,7095990573437
"superheroes";"r1";0,997205028786055;65,5552847061479;57,6635096802734;57,6836486093969;30,4926694232672
"superheroes";"r1";0,995375708745257;65,6963375714865;57,4953187236026;57,5162468084475;30,9289280537111
"superheroes";"r1";0,996376867951698;65,5366804456331;58,12813602664;58,1470418051845;30,8553888030011
"superheroes";"r1";0,997901981428494;63,8968962875123;56,1519280813401;56,1716923758438;32,6221764860723
"superheroes";"r1";0,997883935390565;64,7640645535605;56,748599298062;56,7690538708474;32,0324655137622
"superheroes";"r1";0,9974118641041;65,5268116530821;57,0112693727494;57,0330000862922;32,0839179231837
"superheroes";"r1";0,997204537056505;65,0324342761202;57,8700788556786;57,8883563873742;31,3652005291403
"superheroes";"r1";0,994790735922419;65,1371336607749;57,3188369652272;57,3387883858521;32,5331796755167
"superheroes";"r1";0,995944610755257;66,208095840566;58,6013118102979;58,6207234742064;28,5136836188184
"superheroes";"r1";0,998488396874321;66,6615047849926;59,0282102356004;59,047689551395;28,8344413813501
"superheroes";"r1";0,996722353358851;65,5488351772059;57,6845601734128;57,704628925549;30,0605288878604
"superheroes";"r1";0,992599964012227;65,3891904490326;57,541480851829;57,5615073308964;32,1617401004761
"superheroes";"r1";0,998383093466929;65,6494738450862;57,4555930791159;57,4765029483724;30,7816401778881
"superheroes";"r1";0,995835895120799;65,0454765078491;56,4426746037818;56,464627994146;32,1850074358502
"superheroes";"r1";0,997864193785997;66,2686091521513;57,9848906687312;58,0060297938165;30,2863798943796
"superheroes";"r1";0,997097092755807;64,5258433326066;57,3491459578543;57,3674600886167;31,6551592503746
"superheroes";"r1";0,992725468484836;65,7725538405902;58,0554406635033;58,0751338750815;30,2462548943526
"superheroes";"r1";0,995484919401488;66,1692985135356;58,2098567514371;58,2301683585197;30,6314982592658
"superheroes";"r1";0,99751861896212;65,7367643963929;57,699731766275;57,7202413765934;31,141956756634
"superheroes";"r1";0,996508251318883;65,5081690028577;58,1274514547339;58,1462862222096;29,1826144929255
"superheroes";"r1";0,998292826294339;65,276003953491;58,0061818523357;58,0247336270069;30,7247504560149
"superheroes";"r1";0,995158616390138;65,4733653190844;57,7899750309657;57,8095821854948;29,8142033543437
"superheroes";"r1";0,99761239928151;65,169649121352;56,5782821893175;56,6002063989093;30,9979140199346
"superheroes";"r1";0,992103530114455;66,5776787059023;58,7778447738;58,7977490795131;28,5919967953174
"superheroes";"r1";0,996159076593409;66,3700267397535;58,3290304393591;58,3495501645218;30,1001938904114
"superheroes";"r1";0,99598505673495;64,4913093737851;57,3264373665802;57,3447213203243;32,4102907688888
"superheroes";"r1";0,997756431266099;65,0791531239878;57,9426298396962;57,9608414506633;29,4232212733219
"superheroes";"r1";0,997494166462076;65,1433533259009;57,550142557696;57,5695195841545;31,1942360000524
"superheroes";"r1";0,996357463880413;65,9460763055392;57,7910953501826;57,8119059514637;29,9402412356158
"superheroes";"r1";0,996565026229988;64,9952681673465;56,7886431134768;56,8095855047337;31,3227195580204
"superheroes";"r1";0,996449041104935;64,7323784946563;57,2713434225702;57,2903831514034;32,324860939718
"superheroes";"r1";0,996671327114601;66,8372471728172;58,2489365676301;58,2708529778168;27,7570404634362
"superheroes";"r1";0,995141214301005;66,2531954683905;58,7554032903196;58,774536819185;29,6596536190933
"superheroes";"r1";0,996413343327443;66,703594678013;58,7230704476873;58,7434358548759;29,7271767796471
"superheroes";"r1";0,99612947957362;66,2431560910084;57,2049343423701;57,2279988755837;29,1823274439864
"superheroes";"r1";0,994527311379195;64,1755537944812;57,0863365413937;57,1044274326486;31,3830607003641
"superheroes";"r1";0,995382171019143;65,5843600644219;57,6598333847792;57,6800558924679;31,1194648752038
"superheroes";"r1";0,996308663616876;65,7240345623519;57,2786769460218;57,3002285561349;31,0721186700683
"superheroes";"r1";0,995703713364028;66,7736463701622;59,4076931261089;59,4264902167282;29,1131248196859
"superheroes";"r1";0,994612849545095;65,5939278519144;57,937234504326;57,9567735312422;29,1353347833734
"superheroes";"r1";0,994635198917792;65,0134004877813;57,1593591629653;57,1794017998949;31,6817673967884
"superheroes";"r1";0,996792703196866;66,3250913325153;58,1486826229279;58,1695479054464;29,530497693441
"superheroes";"r1";0,997877433418176;66,8491035471247;58,6771289078738;58,6979828751396;29,675793555511
"superheroes";"r1";0,995796801769313;66,0498454882732;57,8445229875507;57,8654620548373;30,4915914861114
"superheroes";"r1";0,995559127210617;66,4441663913423;58,8178684263088;58,837329887601;28,5881451698182
"superheroes";"r1";0,997870953597845;66,6127414438374;58,4164267585115;58,4373428388585;29,2547017958273
"superheroes";"r1";0,9946800194931;65,500800543088;57,8775155669603;57,896969339441;29,929324658563
"superheroes";"r1";0,998291831828518;65,1377843521368;58,1840730262431;58,2018181214946;30,2402558719911
"superheroes";"r1";0,997437843878037;65,1862937987487;57,5399113501255;57,5594240647784;30,6605807164669
"superheroes";"r1";0,997009729538779;65,3240530756077;56,7181185758949;56,7400799602937;31,5021635063501
"superheroes";"r1";0,996910214842006;66,294503095518;57,7934343757545;57,8151281543861;29,2186928974771
"superheroes";"r1";0,996264228058559;66,307960928658;58,0256718433785;58,0468073207993;28,8409960350526
"superheroes";"r1";0,992931533741716;65,0567986350663;57,6069790582107;57,6259901663518;31,3193242597758
"superheroes";"r1";0,997153864338151;64,004974981623;57,3146199360229;57,3316929754384;32,0608998295276
"superheroes";"r1";0,998739784973732;64,0452559968204;56,3167536312684;56,3364759067844;33,9195781769035
"superheroes";"r1";0,996586231809542;64,7198072398792;57,2144274807465;57,233580372272;32,2606261080261
"superheroes";"r1";0,997704899783956;65,4440137934352;58,1282528457305;58,1469218512112;30,0070405645727
"superheroes";"r1";0,995608138597766;66,2107058801308;58,0042759438364;58,025217837175;29,8748704465381
"superheroes";"r1";0,996464046971248;67,4080682350559;59,010387991407;59,0318179341859;27,5731600928108
"superheroes";"r1";0,996748154681554;65,5621914977771;57,7791850837098;57,7990464474749;30,9207758522407
"superheroes";"r1";0,9950227279617;65,1180947672797;58,29688639915;58,314293361641;29,8121698087555
"superheroes";"r1";0,995553589820917;66,1432238248251;58,1096911665124;58,1301918452934;30,0641415440718
"superheroes";"r1";0,995478581310576;66,2473191457245;58,1225127868728;58,1432463859512;29,8372573253956
"superheroes";"r1";0,995826858470846;65,6682689986035;57,6179350755994;57,6384786293328;29,7489414937526
"superheroes";"r1";0,99461515553538;64,6886542668923;57,0737524876678;57,0931848671657;32,0207687322609
"superheroes";"r1";0,995074131383915;66,9182220317878;58,6313603687693;58,6525075148981;28,8526600565012
"superheroes";"r1";0,997414874098349;66,4783451332343;57,7040575953858;57,7264485979492;29,2918565530545
"superheroes";"r1";0,997047398124823;65,8751226966251;57,3895971085976;57,4112512228917;31,6125760090817
"superheroes";"r1";0,994123603175378;65,0489430600955;56,8038746676572;56,8249151620238;31,851527523133
"superheroes";"r1";0,994735178303088;65,8065045947512;58,0370934737909;58,0569201438852;28,8790638626043
"superheroes";"r1";0,993912958174484;66,8154557844824;58,2602447597209;58,2820767034724;29,2497583403134
"superheroes";"r1";0,991987123876731;64,473978095781;56,4909142956705;56,5112861835578;31,4052205683797
"superheroes";"r1";0,997296896568369;63,9605199208608;57,2169931665923;57,2342018942742;31,7598115537766
"superheroes";"r1";0,996982493898279;65,5289709122083;58,3580209591394;58,376320423123;29,5246747794294
"superheroes";"r1";0,994218339478021;65,5753712224138;59,0493213324041;59,0659750833994;30,7900758932046
"superheroes";"r1";0,998167514268147;65,8730537232431;57,4115881451838;57,4331808610176;30,502087359691
"superheroes";"r1";0,994680474837187;65,4804631994988;57,6028947309496;57,6229974065243;31,3787386039147
"superheroes";"r1";0,998685763970935;65,6059205081379;57,1447044491074;57,1662965281964;31,5814670496619
"superheroes";"r1";0,998647463264688;65,0425231826775;57,5932595529462;57,6122692423722;31,1235304735677
"superheroes";"r1";0,995146974993357;66,6847261789539;58,7215452340571;58,7418663831169;29,770749126894
"superheroes";"r1";0,993991281798228;64,651441660081;56,8486911822235;56,8686029306359;31,01718383074
"superheroes";"r1";0,994447020288185;65,1181617292971;57,7516728389636;57,7704712964925;30,5381893275337
"superheroes";"r1";0,996277499388538;65,7190694279262;57,884846365512;57,9048384284478;31,0330012956735
"superheroes";"r1";0,993686444701415;65,2330345682718;57,7953430429613;57,8143232016683;30,7094292393682
"superheroes";"r1";0,996114585963609;66,0550531396421;57,5121637091984;57,5339642096163;30,5081939730639
"superheroes";"r1";0,99495104760313;65,7222985071004;57,6697952802945;57,6903443698492;30,4339784019399
"superheroes";"r1";0,994089290254857;65,4258383474689;57,6008891506199;57,6208575476857;31,0980821307881
"superheroes";"r1";0,994709641757181;65,2559973235482;57,2142358520005;57,2347575297945;31,042516407929
"superheroes";"r1";0,997611594451051;64,4764287429858;57,3567015640186;57,3748703131994;31,2821765321195
"superheroes";"r1";0,996705616874513;64,5052161005604;56,0319360918152;56,0535589567576;33,6522825874556
"superheroes";"r1";0,995250875042949;66,0333162142311;58,3722385598558;58,3917887750337;29,5047162725075
"superheroes";"r1";0,997511886016462;66,4933892454487;58,4739516850089;58,4944163946732;29,2309997961099
"superheroes";"r1";0,995698377205245;66,5040688215558;59,2376409411813;59,2561840541799;28,3300309963066
"superheroes";"r1";0,995813044570237;64,2550389897283;57,5958390323294;57,6128325674367;32,4248928626483
"superheroes";"r1";0,996989692699148;65,8937043472085;58,0761261823492;58,096075769364;31,2400140579052
"superheroes";"r1";0,994272223096118;65,4131118696446;57,7480345027432;57,7675949247411;30,8884593904834
"superheroes";"r1";0,994770648609633;66,5807380165098;59,0402886277134;59,05953101302;29,3097431801187
"superheroes";"r1";0,998639880267409;66,4469122521272;59,0116608982499;59,0306348299117;30,106771843466
"superheroes";"r1";0,995979919275877;66,7540117503666;59,4496700652131;59,4683099300102;27,4581923783121
"superheroes";"r1";0,995347434551333;66,2720764519673;58,8344885366766;58,8534684309824;27,9267871057974
"superheroes";"r1";0,995002874421149;66,0555050154321;58,0643989574693;58,0847913683011;28,762468059561
"superheroes";"r1";0,996284893975585;65,4974654786685;57,8187744764461;57,838369638922;30,9250218448434
"superheroes";"r1";0,99386067702287;65,6604908452137;57,7384566422967;57,758672789463;30,0382237158683
"superheroes";"r1";0,994660206553045;64,7384454129777;56,9317499409968;56,9516717565939;31,0347603434958
"superheroes";"r1";0,99600308921821;65,5178082411942;57,2096769594394;57,2308783832615;31,6071862885532
"superheroes";"r1";0,997541762093959;65,7620885520125;57,77664087927;57,7970188505342;31,1276477209986
"superheroes";"r1";0,997046420122545;66,4259903135172;58,4023714279434;58,4228468078828;29,363282564974
"superheroes";"r1";0,994975270352605;65,1084181494312;57,3456083482642;57,3654181725272;31,5472631917449
"superheroes";"r1";0,997065098852767;65,1781634167941;57,3494809650118;57,3694588889275;31,1027354293107
"superheroes";"r1";0,996483733633976;66,3006920991841;58,0757251893433;58,0967143869696;30,0229989214494
"superheroes";"r1";0,996441387430464;65,5699373966497;57,3086526015914;57,3297344784076;30,0905466525009
"superheroes";"r1";0,997058502530069;64,9320620886892;58,2501628536691;58,2672143147996;30,1129430839877
"superheroes";"r1";0,996268611362138;64,3655598513864;56,8126581961527;56,8319323582536;32,6772452571628
"superheroes";"r1";0,994502805509872;66,1278875862587;57,9753026997855;57,9961071865663;28,2262450262537
"superheroes";"r1";0,997035181367705;65,7940803972736;57,8886782034244;57,9088519075598;29,9815316006413
"superheroes";"r1";0,997937833291208;65,9350771798275;57,6398487466688;57,6610172438612;31,9331019938501
"superheroes";"r1";0,994607234563474;66,376809761219;58,1363437222822;58,1573724719562;29,2182787579654
"superheroes";"r1";0,994912920673049;65,9282392207692;57,5396428426935;57,5610496044613;30,1650578148893
"superheroes";"r1";0,996087921936708;65,3023694367093;57,6885881703016;57,7080176903758;30,4896927523151
"superheroes";"r1";0,99528528210494;66,0789750673347;58,2745219431095;58,2944380364853;30,788404130881
"superheroes";"r1";0,994967971667228;65,6181513453437;58,8811692207686;58,8983612472859;30,1612000697993
"superheroes";"r1";0,995841878030189;66,0941978217897;58,163325774556;58,1835644749147;28,6832957886082
"superheroes";"r1";0,998172545500782;66,1592289321172;58,9385394365171;58,9569658302622;29,0679355446489
"superheroes";"r1";0,996383063701643;65,8592987596723;58,8128797839209;58,8308614587485;28,0092554613397
"superheroes";"r1";0,995276635963086;64,6058577792818;57,899771899248;57,9168850819973;30,5982638659602
"superheroes";"r1";0,996252569449062;66,1706610204214;57,4575681987173;57,4798030391946;29,7146635570979
"superheroes";"r1";0,994992057718404;64,2272822734445;56,9963498703052;57,0148024028072;31,897200317698
"superheroes";"r1";0,997067578668427;66,5583406170062;58,4068676410481;58,4276692903573;29,6175467516511
"superheroes";"r1";0,99402026274215;66,0730822211075;58,3159969394467;58,3357921553747;28,9845930705771
"superheroes";"r1";0,997747744116713;65,5866709554994;57,3379598791382;57,3590096692276;31,3604207715473
"superheroes";"r1";0,995822745144984;63,868556773481;56,5865599547771;56,6051427979688;32,5635719359018
"superheroes";"r1";0,995816034981519;64,6421383958564;56,8807263684338;56,9005326257341;32,0324751642716
"superheroes";"r1";0,997635668551372;65,6937746066049;58,1240448364178;58,1433619419899;29,6460809887308
"superheroes";"r1";0,995944782893104;65,6219502585802;57,5022108065284;57,5229314754262;30,1297824850437
"superheroes";"r1";0,996284613278943;66,0350280415337;57,949680291363;57,9703131964757;29,6751980399733
"superheroes";"r1";0,998009080409399;66,2050483548935;58,8386675795608;58,8574657611923;28,7225226463127
"superheroes";"r1";0,993695030836037;64,6700139778236;57,0985767100628;57,1178981729781;31,0347165803711
"superheroes";"r1";0,995129671468912;65,8749942933328;58,3390373531939;58,3582682742729;30,5306154960345
"superheroes";"r1";0,995497446428858;64,7440444668087;57,2193507255397;57,2385529041921;31,0853644066739
"superheroes";"r1";0,99739327115594;66,8781827092835;58,9299956113021;58,9502784977379;27,3780308256626
"superheroes";"r1";0,996354955957923;65,1273608259147;57,8961088157989;57,9145621639023;30,6585952269897
"superheroes";"r1";0,997772241802278;66,9014308866578;58,5423047411669;58,56363629819;28,7484798636196
"superheroes";"r1";0,997029643854596;66,1471283835984;58,808124035945;58,8268523559883;29,4187329298792
"superheroes";"r1";0,994079474629899;66,6834356143818;57,8953490420682;57,9177752582275;28,8488345745455
"superheroes";"r1";0,994842948599423;65,9529794127016;58,5183144260043;58,5372868613225;31,1614862180838
"superheroes";"r1";0,996418772719579;65,737334034234;57,0466416010506;57,0688192782363;31,0478177070572
"superheroes";"r1";0,997249956185011;65,7464893331701;57,424021024445;57,4452590347599;30,892841734398
"superheroes";"r1";0,996534887221446;65,5523347392245;57,8214906470797;57,8412188984207;31,2719587002099
"superheroes";"r1";0,996387761872099;65,5718035848481;57,9632385339483;57,9826547428227;31,0467747346931
"superheroes";"r1";0,993080014853194;63,7399610864768;57,1088869532499;57,1258087143929;32,2661933018779
"superheroes";"r1";0,994802657284517;66,1424252794505;58,2656194250697;58,2857201545382;29,4406005767861
"superheroes";"r1";0,997705432280095;66,1810903042518;57,3522925409453;57,3748226475207;30,3514325208284
"superheroes";"r1";0,997114840337924;65,3016466510149;57,081706118523;57,1026824893953;32,3931288820769
"superheroes";"r1";0,994777584342207;64,823241779068;57,3239249346069;57,3430623542508;30,4442878979453
"superheroes";"r1";0,995572993031047;63,7107089257932;56,2525651144959;56,2715974651542;34,187415693884
"superheroes";"r1";0,997129443401837;65,9484610023765;57,7925096543064;57,8133227319214;31,5449373488273
"superheroes";"r1";0,998506352546305;66,6491690923148;58,3626006704757;58,3837470682858;29,8843384591434
"superheroes";"r1";0,996327806247957;64,807825356311;57,441402686828;57,4602009753687;31,1762465340555
"superheroes";"r1";0,994236035631294;66,160356257836;58,3248259325231;58,3448213314479;30,0473257842584
"superheroes";"r1";0,996606971619847;65,828767971972;57,383950507717;57,4055007394223;31,0151661133406
"superheroes";"r1";0,996435926125964;65,3393832094971;57,1883083291796;57,2091089625932;29,861424149094
"superheroes";"r1";0,995371348150566;63,2921156689719;57,2577710010399;57,273169975184;30,8002839449624
"superheroes";"r1";0,996052751337797;64,7918652726635;57,7560910036361;57,7740455143601;30,9536777244943
"superheroes";"r1";0,996636121931604;65,6884869145739;56,9222904547945;56,9446608098297;30,9429299367139
"superheroes";"r1";0,994484435580293;63,97390782368;56,869508064228;56,8876376995447;31,4872335792359
"superheroes";"r1";0,998037946777188;65,8932497192248;57,1436970070044;57,1660248890533;30,1420540663473
"superheroes";"r1";0,994038918346624;66,6996246758787;58,3923337491111;58,4135330284411;30,1088343550484
"superheroes";"r1";0,996746249385351;63,7553038437841;56,6410812844257;56,6592359864316;31,4179440572107
"superheroes";"r1";0,995712637485253;66,5065704985493;58,3640932732086;58,3848719663661;29,6640129291437
"superheroes";"r1";0,99585332395719;64,6376903239656;56,6711546847874;56,6914843946526;31,8352562475767
"superheroes";"r1";0,995887220736671;66,1742914572737;57,5912071760126;57,613110249204;29,8212544695057
"superheroes";"r1";0,997093602466982;66,755563989582;57,9890821934144;58,0114532765962;29,2639234438559
"superheroes";"r1";0,994411154748724;65,1809196139333;57,2847341548153;57,3048843388722;30,5948133690346
"superheroes";"r1";0,99719088469143;65,0826170087546;58,0670320761327;58,0849350659234;31,0659469561566
"superheroes";"r1";0,9943897344123;65,3675403208032;57,2716508156069;57,2923106221019;29,7566594395665
"superheroes";"r1";0,996896481824478;66,5019833518979;57,743933318968;57,766282885231;29,4187080534053
"superheroes";"r1";0,996044146888913;66,2015047223998;58,7568212118662;58,7758192133391;30,1553073145393
"superheroes";"r1";0,996941044348934;65,6077706409427;58,3143124104602;58,3329245018956;30,1166802201019
"superheroes";"r1";0,99666412409522;66,17839280204;59,7768245821412;59,7931606698068;29,0697005644292
"superheroes";"r1";0,993614549822434;65,5276317222702;57,9982951201367;58,0175091468519;31,92718145012
"superheroes";"r1";0,997057515735669;66,019225986502;57,208969756666;57,2314525473171;30,0495053626789
"superheroes";"r1";0,994668560919881;65,7327695167023;58,3158550756197;58,3347822135265;29,9189087409419
"superheroes";"r1";0,996237510063438;66,6498208837989;57,9612806833148;57,9834528682428;27,7850499165446
"superheroes";"r1";0,997357393884899;67,2514341202808;58,7011233610975;58,7229427999182;28,0853458359521
"superheroes";"r1";0,993679513750015;66,4641975354448;58,8410165986858;58,8604701056697;29,2551223213643
"superheroes";"r1";0,993627913369814;66,8539603238695;58,7105878305532;58,7313688083348;28,3283460706276
"superheroes";"r1";0,9939685891054;64,9356089723122;56,7853910301097;56,8061894767128;32,6967454104883
"superheroes";"r1";0,997178078228468;65,9017809988009;57,6097720872458;57,6309323685785;31,3738230653566
"superheroes";"r1";0,99595414208114;65,6018775794691;57,9739709743243;57,9934365406865;31,128646031857
"superheroes";"r1";0,998456973910139;64,652841819076;55,8768857242944;55,8992809848289;32,6335637596381
"superheroes";"r1";0,997094372179804;67,1534119925293;59,0584901265684;59,0791474637561;29,0694020858447
"superheroes";"r1";0,997624815645468;64,9009204484218;57,6745729288918;57,6930137612825;30,4338073717956
"superheroes";"r1";0,997995829890664;66,6274374537313;59,0160706650924;59,0354940236888;27,7727985516221
"superheroes";"r1";0,997846237817307;64,6491683143804;57,4827741099274;57,5010619481491;30,8912491977655
"superheroes";"r1";0,995983568153647;66,1603662510615;57,8659331336532;57,8870996012887;30,4540031573439
"superheroes";"r1";0,996461210245526;65,6039338144817;57,3197523354683;57,3408926420667;30,6835062799516
"superheroes";"r1";0,996252844045612;64,7549750976639;56,992693386117;57,0125018627542;31,5238148725245
"superheroes";"r1";0,996753795025028;65,098772175137;57,9962977280294;58,0144224501639;30,5264008041143
"superheroes";"r1";0,995385927203572;64,7617354824305;57,5670092072592;57,5853693457634;32,9073555775589
"superheroes";"r1";0,993049319358741;64,438191685877;56,8586083028348;56,8779505537272;31,2691057447438
"superheroes";"r1";0,996969211537614;65,6430535098166;57,3356380346342;57,3568376317978;32,0308861341517
"superheroes";"r1";0,993815147781625;64,8304428073602;57,650454347355;57,6687768765997;31,200751494503
"superheroes";"r1";0,991961193475843;66,1761174749269;59,0063044484842;59,024601011158;27,8394106887462
"superheroes";"r1";0,997020969788024;65,3774278030415;58,3474466778967;58,365386405164;31,0284614402298
"superheroes";"r1";0,997090533713672;66,3396223443348;57,9381905722638;57,9596300885246;28,9214932564181
"superheroes";"r1";0,996847318018051;65,6571924541632;58,2389637454694;58,2578942372405;29,362632255828
"superheroes";"r1";0,99590014376943;65,1670476128003;56,5385231022642;56,5605421338495;30,7236249679432
"superheroes";"r1";0,995390655515133;67,2713507070752;58,9643477060938;58,9855462506693;28,0959169096589
"superheroes";"r1";0,995476134805141;65,0090708323054;56,9232037898128;56,9438380201016;31,1561811593516
"superheroes";"r1";0,998012614181041;65,1253751240374;57,403728114298;57,4234328957111;31,78675169692
"superheroes";"r1";0,996408133912194;65,4161064912868;57,7883305235222;57,8077957565124;30,5394041813126
"superheroes";"r1";0,992857477372999;65,8772185402604;58,1703329794263;58,1900000912692;29,8850790969211
"superheroes";"r1";0,995662639772889;65,2999659282089;56,9737999385181;56,9950473849022;31,4470924158276
"superheroes";"r1";0,995707167697566;64,4068723745734;56,3299654599818;56,3505768250241;33,2624740390869
"superheroes";"r1";0,99584651067521;66,1055917955164;58,1285766219735;58,1489330744408;29,9662915626737
"superheroes";"r1";0,99681782835892;64,8648638545701;56,1279070147031;56,1502027534915;31,421380442446
"superheroes";"r1";0,995164124500115;63,9829918469567;56,6425613106981;56,6612932702156;33,0339243555742
"superheroes";"r1";0,994648364228556;66,4484576859876;58,2998769191844;58,3206711878986;29,3721182296548
"superheroes";"r1";0,996456665138123;65,4925921151118;57,6335985027294;57,6536537773442;30,5657164347321
"superheroes";"r1";0,998345288213774;67,5020139583972;58,7999282000403;58,8221349517203;28,1047122180005
"superheroes";"r1";0,996869805607129;66,1017152758856;58,1717083573764;58,1919448500231;30,1000057046229
"superheroes";"r1";0,995001560449798;65,1628111631166;57,5785468183314;57,5979010145158;30,0199154822362
"superheroes";"r1";0,996103670100078;66,5730706801272;58,360009405732;58,3809682215054;28,8128123746411
"superheroes";"r1";0,99542169834559;65,6621006913497;57,8046570546753;57,8247083739251;32,8980842111916
"superheroes";"r1";0,994449446901291;65,9740309788609;58,5706446928152;58,5895373083801;29,3605137003756
"superheroes";"r1";0,997308511163114;65,5533180500788;57,8042149177112;57,823989764085;30,4591343911769
"superheroes";"r1";0,996557425292407;65,5038894813118;57,843629017577;57,8631771473756;30,7359067637311
"superheroes";"r1";0,993830706455242;65,1855036419605;57,9536676176012;57,9721224560438;31,2364099815832
"superheroes";"r1";0,996415719802519;65,1965541711006;57,1695844339055;57,1900683648442;32,0973315206307
"superheroes";"r1";0,997525137508335;65,5374837565726;57,5790622368435;57,5993712403814;30,3286064162
"superheroes";"r1";0,995768523028241;64,5689853805951;56,3551909526057;56,3761516393053;32,3456962735096
"superheroes";"r1";0,993760814274569;65,0251283095525;57,8271467208749;57,8455151665759;30,6859103878002
"superheroes";"r1";0,99482600615759;64,9896811194961;56,7683294386469;56,7893094106123;32,1431694937541
"superheroes";"r1";0,997690174615652;65,7582484653334;58,1394804335278;58,1589226792708;31,1978403682831
"superheroes";"r1";0,996410176484615;64,9943390764974;57,4959333135913;57,5150684082567;31,391244260079
"superheroes";"r1";0,995752718800695;66,8189558448129;58,2827103751302;58,3044939209017;29,4656597620382
"superheroes";"r1";0,995271815197073;65,5069055985775;57,220360473327;57,2415068116868;31,0337469362831
"superheroes";"r1";0,995057812933503;63,6959757922933;56,8222451441062;56,8397861375943;31,954821685802
"superheroes";"r1";0,995348047713337;65,8341576618363;58,3210119585939;58,3401846679421;30,24995411578
"superheroes";"r1";0,995351862965321;65,903836928367;58,0639842723491;58,0839907013794;31,1686447619869
"superheroes";"r1";0,996826426448081;64,97359281842;56,8784173099979;56,8990752944529;32,3292257762888
"superheroes";"r1";0,994336136762324;64,8051969156285;56,6167525542906;56,6376485504492;31,1634485889587
"superheroes";"r1";0,997484729017108;65,559682749391;57,3394316292881;57,3604087927453;30,1702225165994
"superheroes";"r1";0,994318167507974;65,0418336530344;57,453846952519;57,4732106477398;31,7627822686745
"superheroes";"r1";0,995077077743257;65,583796862709;57,4323622063687;57,4531637578905;30,2603801519904
"superheroes";"r1";0,997587730344531;65,9033640699566;57,9468434543238;57,9671476069666;29,7271236053521
"superheroes";"r1";0,995668784891747;65,5681083303627;58,140530277235;58,1594846274897;30,8763309527194
"superheroes";"r1";0,994860057793963;65,2475559314704;57,1310955085108;57,1518078096922;30,69968713126
"superheroes";"r1";0,996056737382763;66,4410096298472;58,7242093543719;58,74390176746;28,8024551466805
"superheroes";"r1";0,997933877619365;65,2534794011098;57,3114799792391;57,331747075416;30,840462416268
"superheroes";"r1";0,994120813617472;65,3436733387115;57,0855303429437;57,1066042022388;30,6848420981478
"superheroes";"r1";0,996629152464847;65,2318370832155;57,2327198884788;57,2531327428376;31,0275109557487
"superheroes";"r1";0,997459624787627;64,0508141545913;55,9347825691847;55,9554937760206;32,6439542559724
"superheroes";"r1";0,997661402331349;65,9514725062492;57,2780410909964;57,3001747199908;30,6269945219986
"superheroes";"r1";0,994833419199252;65,5505414212005;57,5157805842974;57,5362843972531;31,6790941026312
"superheroes";"r1";0,996431075722587;66,1119820817766;58,0296867364069;58,0503118521232;29,0951546579872
"superheroes";"r1";0,998549165625903;66,3123893545607;57,8904459398965;57,9119377995801;30,566159337022
"superheroes";"r1";0,994598037605566;65,7210769537572;57,8659321667533;57,8859776195953;31,4902054674249
"superheroes";"r1";0,994873620920496;65,2655386026692;57,5887732319715;57,6083634804506;30,0823014825502
"superheroes";"r1";0,994945665863262;64,3615595677865;56,5997580913762;56,6195653425069;34,0692263181115
"superheroes";"r1";0,995570925103378;65,7308518541201;58,030022581995;58,049674238865;30,2064553957325
"superheroes";"r1";0,997062040114142;66,5866287429009;58,1279100966121;58,1494958025826;29,8657317573243
"superheroes";"r1";0,997309002935681;64,6641555381527;57,9488890629579;57,9660256735615;30,134296151888
"superheroes";"r1";0,994714906290351;65,284404919348;57,1255510136142;57,1463714982324;31,5426411561972
"superheroes";"r1";0,996834033977664;65,0557974414259;57,2565492858005;57,2764520966774;31,861989526457
"superheroes";"r1";0,996798185672291;64,842850277493;57,1734728456056;57,1930442408894;31,4564162847539
"superheroes";"r1";0,99638868199207;64,594116191139;57,184529143363;57,2034375825798;31,279395055395
"superheroes";"r1";0,997797614808263;64,5354427804162;56,902011879108;56,9214915428575;32,5155932722882
"superheroes";"r1";0,996122541744816;65,6466011053041;58,5435078554155;58,5616341566656;30,624344374084
"superheroes";"r1";0,99381280939278;65,4644757372574;57,9062882773197;57,9255759282042;30,4035707121462
"superheroes";"r1";0,995056375110406;65,6605564265268;57,8111936159377;57,8312243138211;30,7174411408432
"superheroes";"r1";0,997968280278467;66,1890789416927;57,718874477969;57,7404894944637;29,6508873041037
"superheroes";"r1";0,99741876760985;65,621920653367;59,4366982170033;59,4524822143741;28,8495143559817
"superheroes";"r1";0,998004238225238;65,3606888763974;56,6507999336147;56,6730265981505;31,4561728094784
"superheroes";"r1";0,997046430860241;65,8340411309643;58,2495205616596;58,2688754117004;31,2898076305107
"superheroes";"r1";0,997371644707283;66,186881292022;58,5400287263668;58,5595426407058;29,5722973269785
"superheroes";"r1";0,992836806914282;65,0380321498693;57,036425248579;57,056844456391;32,3505579780812
"superheroes";"r1";0,995040778421159;65,46394162349;57,0793699868893;57,100766477966;31,2287140732878
"superheroes";"r1";0,995979251892944;64,6283539569847;57,6272155095161;57,6450816334889;31,0576894954269
"superheroes";"r1";0,9948585317968;67,1227567145482;58,9754849732677;58,9962759014948;28,2241196307517
"superheroes";"r1";0,997084225865099;64,4162102603389;56,5379044350682;56,558008992295;31,5536328764877
"superheroes";"r1";0,995511417025326;64,892455790223;57,5734015854871;57,5920789949922;30,8687712318914
"superheroes";"r1";0,99851208261675;65,2800428999235;57,9773717912408;57,9960073929132;31,3179302093471
"superheroes";"r1";0,996186073058523;66,0954498175603;58,0121985257094;58,0328260808945;29,488958819799
"superheroes";"r1";0,994986952492915;65,4585681143379;57,3944097075843;57,4149885398574;30,7375248954846
"superheroes";"r1";0,99702835846414;65,8302843399797;57,8442131468374;57,8645927092561;29,9337778007173
"superheroes";"r1";0,996529104864838;64,6813397317007;56,8463042714401;56,8662984075245;32,9256931845588
"superheroes";"r1";0,996770641844118;65,3969622339795;58,4446629678837;58,4624044597162;30,5699906573891
"superheroes";"r1";0,994887661517427;64,9661529995946;57,6766048792193;57,6952069924901;30,7409169400005
"superheroes";"r1";0,995710514396863;64,5748897433334;57,2218670251126;57,2406311184731;31,621712925685
"superheroes";"r1";0,996173920788931;64,5477661255051;56,3905857035898;56,4114019176641;30,9979118772908
"superheroes";"r1";0,996600884574312;65,9496752788142;58,9178293394809;58,9357738255458;28,1252956961747
"superheroes";"r1";0,996362132305724;65,5641798244322;57,6296802388394;57,6499281962711;31,1100606087798
"superheroes";"r1";0,996621299912675;65,5327129377392;57,2252477535;57,2464474775156;30,2804122855883
"superheroes";"r1";0,995530547071407;65,8481100935174;58,3401506066037;58,3593100813066;29,9329311902092
"superheroes";"r1";0,993734179519428;66,2171614934631;58,7301014937403;58,7492076352843;28,4035891165958
"superheroes";"r1";0,997241657522916;67,449582663401;59,008831154064;59,0303710099061;28,712039326865
"superheroes";"r1";0,995791310730385;65,553510000664;58,0758603524862;58,0949424798633;31,4228997623173
"superheroes";"r1";0,99663498931692;66,2007842916697;58,8261694514588;58,8449886455049;28,6833329023884
"superheroes";"r1";0,995230964115998;66,8089695979057;59,1653197277451;59,1848254691627;28,6824221771435
"superheroes";"r1";0,993312113353868;64,8024218945847;56,6479300732243;56,66873942629;30,8626842856455
"superheroes";"r1";0,994337164389586;65,4407954107349;57,1707846677389;57,1918888122005;31,6101511766406
"superheroes";"r1";0,995955761370646;62,7795415512502;56,053273788039;56,0704384727019;33,9206244632863
"superheroes";"r1";0,995378387308301;66,0493448192308;57,9170102440734;57,9377630543197;29,4309405302578
"superheroes";"r1";0,997233297850256;65,7236888196597;57,9961598737944;58,0158796652521;29,9760913132654
"superheroes";"r1";0,99682191584158;65,717969951543;57,8523532406235;57,8724254166466;29,9267993461141
"superheroes";"r1";0,998238538688016;66,9389957066125;58,3997949033523;58,4215859908053;28,9557624608193
"superheroes";"r1";0,995281123725473;65,7286470921267;58,4414120069319;58,460008217595;30,9758414973244
"superheroes";"r1";0,995860549551461;65,736675337926;57,6207691606927;57,6414800475008;30,7312206671835
"superheroes";"r1";0,997772386674194;66,1696751361638;58,7637011105007;58,7826003296883;30,2869218978537
"superheroes";"r1";0,997296097334573;63,9816191761541;57,0675317984107;57,0851757777687;31,6170505160455
"superheroes";"r1";0,995211673984899;67,199668348716;58,7508676236412;58,7724280201836;27,9627886696311
"superheroes";"r1";0,997984234296203;65,0179176568525;57,0019863964943;57,0224421584721;32,5010643191148
"superheroes";"r1";0,998379229196348;65,0341300497035;56,9397063440825;56,9603624100206;31,7772039126577
"superheroes";"r1";0,994883041792252;65,240989644354;57,9168489475865;57,9355393372516;31,4195731110952
"superheroes";"r1";0,997553360135813;64,8114078103027;56,7148247265082;56,7354863029384;31,2635337948102
"superheroes";"r1";0,996627592678904;66,6524307476079;58,2591582617167;58,2805769563898;29,0950699801757
"superheroes";"r1";0,997604714104969;66,2546422573954;58,6417992502152;58,6612263759566;29,4277082120637
"superheroes";"r1";0,995618446328177;65,1525115817929;57,4450185544579;57,4646872164875;30,2179878644395
"superheroes";"r1";0,994242522623512;65,2690346263849;57,3384141192552;57,3586521777117;31,3552145617767
"superheroes";"r1";0,997160561320521;65,7194997042195;58,3000285737183;58,3189622360112;29,9227660785399
"superheroes";"r1";0,996031728775465;65,2207677603375;57,7435309736545;57,7626120474552;30,3975164980421
"superheroes";"r1";0,998259950643869;65,8406888319796;57,216403066894;57,2384112816739;31,0631139036312
"superheroes";"r1";0,997088571801319;66,3495639422265;57,7707018553976;57,79259415402;29,4972621309894
"superheroes";"r1";0,994065323322178;65,010479768968;57,4636723596301;57,4829309698955;30,2941576816173
"superheroes";"r1";0,995971586666046;65,1499825005395;57,5190498960631;57,5385231844379;32,0426349808185
"superheroes";"r1";0,996094071471683;64,4863702735189;56,9808241216102;56,9999774377515;30,9480334691831
"superheroes";"r1";0,997969324786175;65,7427424642841;57,7471204510019;57,7675243860477;29,5287134315066
"superheroes";"r1";0,997276263346704;65,05769442687;56,8821156210596;56,9029787857563;31,1731522308998
"superheroes";"r1";0,997867327607639;64,6035909010388;57,9244792619832;57,94152360948;29,7531756842591
"superheroes";"r1";0,993838482873754;66,3711550751916;58,4697549268953;58,4899184182571;29,988361064095
"superheroes";"r1";0,997135252617545;65,8941996507776;57,7953779865892;57,8160452756268;30,3925404295362
"superheroes";"r1";0,998465143535358;64,9507319946917;57,0977608426136;57,1178007485818;32,5401578989174
"superheroes";"r1";0,995915224621903;65,9670827659392;58,3311900272379;58,3506759733217;30,0722737977026
"superheroes";"r1";0,996336345844886;65,8706141600971;57,1158443932012;57,1381855885914;30,3225895199492
"superheroes";"r1";0,996766666965971;65,6371040776773;57,3769529583228;57,3980319421252;30,5778689846387
"superheroes";"r1";0,994904797270746;67,1548321968659;59,9692337718945;59,9875706171437;28,2604287071025
"superheroes";"r1";0,997395186799659;64,8609150328376;56,3742985516334;56,3959554497651;32,1146975071509
"superheroes";"r1";0,993196150493152;64,6743160783963;56,6374815430638;56,6579906478664;30,9808750624338
"superheroes";"r1";0,996688366644314;65,6041463814242;58,6187241362554;58,6365501542339;30,6601625839635
"superheroes";"r1";0,996304861340267;64,4496149482103;58,0028285555076;58,0192800349037;30,0745517701135
"superheroes";"r1";0,997145547721628;63,8613525226068;56,815825320796;56,8338047199159;32,1831373860909
"superheroes";"r1";0,997777892160036;64,591170933144;56,9762820517554;56,9957143983394;30,9439588148403
"superheroes";"r1";0,998022636199774;65,2503839098531;57,4507078071197;57,4706117100698;30,5057873826277
"superheroes";"r1";0,995997980949173;66,3906452943506;58,2550001187461;58,2757613772752;29,6374790141063
"superheroes";"r1";0,998568851962288;66,0642607078267;58,2834072597967;58,3032631294327;29,6919792092861
"superheroes";"r1";0,992760969921667;65,7577873484267;59,0258672545288;59,0430463633088;31,4881028662516
"superheroes";"r1";0,995662932675943;65,5731280165845;57,6575303035428;57,6777300255053;30,7506086615226
"superheroes";"r1";0,997390409289903;66,2538677324379;57,7697280992766;57,7913786767685;30,3752125170997
"superheroes";"r1";0,996441971813648;66,876507684519;58,4950412125067;58,5164297795499;29,3146511026192
"superheroes";"r1";0,996454677613707;65,8029887083287;57,5466599532168;57,5677291827722;30,4668138099001
"superheroes";"r1";0,994142081417961;65,0741599354391;57,8246528358002;57,8431527688548;30,229036668796
"superheroes";"r1";0,994347995703424;64,5019581109862;57,4667377028431;57,4846908001759;31,4414287567081
"superheroes";"r1";0,996693350822663;65,5240992571983;57,5854686114548;57,605727110891;30,4022042080139
"superheroes";"r1";0,994760355276263;64,4285438067531;56,7623588181079;56,7819220666329;33,4774469581327
"superheroes";"r1";0,996935079632249;66,2300686745037;57,7552021656698;57,7768290791833;29,5759181560295
"superheroes";"r1";0,995570709350706;67,6002816558618;58,9284899520396;58,9506193966733;27,449655680958
"superheroes";"r1";0,99820672083297;66,3485183677977;58,3150876883973;58,3355881069395;29,3684488339276
"superheroes";"r1";0,995717966873842;65,2439966352388;57,4020949121458;57,4221065701667;29,8883188097078
"superheroes";"r1";0,996264565529794;66,2021655192918;58,1955543001814;58,215986278454;29,3453423026264
"superheroes";"r1";0,995588419401477;65,1375380597302;57,6332393095508;57,6523894424621;31,2905351706395
"superheroes";"r1";0,997442762166658;66,1293831459944;58,2052072475064;58,2254288600408;29,5580914589952
"superheroes";"r1";0,99580763940543;66,5117500579076;57,8681632511339;57,8902207200182;29,3237576483938
"superheroes";"r1";0,994812167896591;65,7722399747042;58,0430819042208;58,0628058530226;30,7411652665666
"superheroes";"r1";0,996339113156007;64,8668635489155;57,3340183623193;57,3532413425505;31,2834432212856
"superheroes";"r1";0,995847585221724;65,2083693445935;57,5059711208928;57,5256267815521;31,050455217158
"superheroes";"r1";0,997821167540935;65,4196669151877;58,1182239163282;58,1368563840014;29,5753050222247
"superheroes";"r1";0,99220946542046;64,8325236935364;58,4560258540547;58,4722979649074;29,793883730267
"superheroes";"r1";0,99803307522679;64,8322377896989;57,6526204060255;57,6709419883248;30,9380041130311
"superheroes";"r1";0,99590637160701;65,5483059086887;57,9486913555893;57,9680847237922;28,882681879026
"superheroes";"r1";0,995705925309415;65,1062985164838;57,1928942205617;57,2130883451685;30,3992470238586
"superheroes";"r1";0,995774255155577;66,3126295215967;57,9247697106058;57,9461745927366;29,7824416395139
"superheroes";"r1";0,993832893945129;64,8817088466382;57,8700199964911;57,8879130439141;31,1382568291762
"superheroes";"r1";0,994932339681404;65,4497220047488;58,2588833308236;58,2772335486032;30,3487763607508
"superheroes";"r1";0,996001859279845;65,5497419968849;58,0327510924353;58,0519336143078;30,6427659106374
"superheroes";"r1";0,995682462603147;65,9568895113467;57,4777877799856;57,4994255013143;30,183619017613
"superheroes";"r1";0,996004850194686;65,0805821600279;57,2639304240021;57,2838776468738;31,057454708031
"superheroes";"r1";0,997273534424818;66,6696192992526;58,1762171266569;58,1978913411157;29,3055712638709
"superheroes";"r1";0,996354379243824;66,086208628557;57,9942964953686;58,0149461520542;30,0867109527491
"superheroes";"r1";0,995472729119843;65,6323690753046;57,5390799311391;57,559733101803;30,9336506809636
"superheroes";"r1";0,996281011202652;64,5490434358955;56,7307277149264;56,7506791841021;33,2876464628737
"superheroes";"r1";0,99491193799103;64,6790580237207;57,7938197293232;57,8113900890402;30,3451525943609
"superheroes";"r1";0,997004451275583;65,7736094039494;57,7398545902603;57,760355835957;31,1409761976314
"superheroes";"r1";0,994963625399967;65,9238778770035;57,5069613413587;57,528440373008;29,9272422520878
"superheroes";"r1";0,993443325163496;64,8147406105572;56,9461989621099;56,9662786022471;30,831005255757
"superheroes";"r1";0,994422527383773;66,1308749256572;58,5186572089303;58,5380827390003;29,5678124432317
"superheroes";"r1";0,995548789497984;65,6835494956394;57,4675110199342;57,4884774331931;31,0409702580338
"superheroes";"r1";0,995048719508255;65,2489404371321;57,2268106965117;57,2472822763194;31,1267069467069
"superheroes";"r1";0,996238631578369;65,662899253216;57,579410807646;57,6000389680209;30,3381385934384
"superheroes";"r1";0,996521325760207;65,5157810789975;56,7968460016656;56,8190957509272;31,1130769768241
"superheroes";"r1";0,996177467567808;65,5093261385434;56,827669560851;56,849824179542;31,4483393597385
"superheroes";"r1";0,995802619301816;66,0717827961381;57,306415864565;57,3287841027368;29,769101973189
"superheroes";"r1";0,994638316239015;65,4225385582829;57,4666890265316;57,4869914666433;31,0253055619033
"superheroes";"r1";0,996960976181946;65,5053600148355;57,6233029726488;57,6434171025625;31,0247655136428
"superheroes";"r1";0,99648481552774;66,7736993311917;58,6851805539825;58,7058215512023;28,1847223342207
"superheroes";"r1";0,997457181488886;66,0092790141278;57,7882101343396;57,8091893846283;30,2730797102176
"superheroes";"r1";0,995915069977347;63,6562567701273;58,3649932406663;58,3784959546748;31,0029235910214
"superheroes";"r1";0,997031998053295;64,4948970649303;57,3159188274561;57,3342387787256;30,70329028354
"superheroes";"r1";0,995800239413772;65,6218128086125;57,6506892702283;57,6710306879002;31,0915086169351
"superheroes";"r1";0,99676800065974;65,536075830648;57,8660260642303;57,8855991752368;30,9491297348899
"superheroes";"r1";0,994904676774143;66,8329376914265;58,5532085053905;58,574337450234;28,3013591326878
"superheroes";"r1";0,995382126542725;65,9105738119476;57,4718508927592;57,4933855718657;30,4521225553747
"superheroes";"r1";0,991912134432904;63,8665530703368;56,488467437092;56,5072954882146;32,2868741596951
"superheroes";"r1";0,997409500870961;65,5693004468299;57,4493018534952;57,4700231836926;30,7853862638332
"superheroes";"r1";0,995003187357074;65,7033502244687;58,018837334948;58,0384473542306;30,6699066150719
"superheroes";"r1";0,9972016684335;65,7967939999234;57,3598415072794;57,3813716684549;30,9732716209852
"superheroes";"r1";0,994358804399552;65,3530473935059;58,7380213371905;58,7549021454322;29,1047451310676
"superheroes";"r1";0,99662211485539;64,3559815652004;56,2153795837186;56,2361534914631;34,2391138141797
"superheroes";"r1";0,994020808126345;65,1627176117639;57,4146566866042;57,4344288733816;31,6462737271709
"superheroes";"r1";0,99711887525704;64,5322329082385;57,3854869455001;57,4037246436017;31,316005732098
"superheroes";"r1";0,997000734677596;65,5413554796002;58,6676341399667;58,6851751097004;30,3953125224401
"superheroes";"r1";0,99670134092564;65,3045602141648;57,690179768711;57,7096108178232;30,9530831491498
"superheroes";"r1";0,994966374606646;65,208808309997;57,6254443719905;57,6447962704373;30,8325780629146
"superheroes";"r1";0,995539132695866;65,6449978790124;57,0912542214411;57,1130824206353;31,3604839849657
"superheroes";"r1";0,996970785906981;64,5007574164731;57,2534899738793;57,2719841915791;31,0890022835253
"superheroes";"r1";0,99192273808336;64,8894956261505;57,549309712025;57,5680410472942;31,0602984268372
"superheroes";"r1";0,996290113601321;66,6488007211938;58,3142545316956;58,3355233634143;29,5647298345022
"superheroes";"r1";0,995898391866326;66,6966902899854;58,5897695202415;58,6104574772925;29,6615263679662
"superheroes";"r1";0,994283876731429;65,4663003195088;57,6508630417526;57,6708071654625;30,7267086837574
"superheroes";"r1";0,995967418771885;66,1350712568491;58,3819081338026;58,4016933408195;28,8610060926986
"superheroes";"r1";0,994789256052576;65,9767881068629;58,1315466951173;58,1515668756508;30,8474138504581
"superheroes";"r1";0,99608720879778;65,4796494752472;57,3977711723503;57,4183952238207;30,536672779438
"superheroes";"r1";0,996297049652982;64,2413772780209;56,8476650174221;56,8665329459537;32,572759622125
"superheroes";"r1";0,99636066171297;65,5157271280524;57,6463263811282;57,6664082135888;30,4620667155877
"superheroes";"r1";0,997478279400751;65,839039438809;57,7554943655307;57,7761226704131;30,6445503186465
"superheroes";"r1";0,997657507290622;63,367339785411;57,4531698453508;57,4682621470012;31,7607672837155
"superheroes";"r1";0,997377207940578;65,3019793276908;57,0438499648923;57,0649237893976;30,6731370446491
"superheroes";"r1";0,997982991162232;65,3194067274707;57,1583032271125;57,1791294524451;31,1295819973877
"superheroes";"r1";0,996929668962432;65,4729631419731;58,1591317751499;58,1777958565555;29,6853599854697
"superheroes";"r1";0,995860978875344;64,6286536386812;56,4428349874611;56,4637242831005;32,4820954351504
"superheroes";"r1";0,997234504779679;62,594052948055;56,0563093331544;56,0729929252306;33,1138453616741
"superheroes";"r1";0,997082299133177;66,8461264775736;59,0560648643419;59,0759442321879;28,3738590215013
"superheroes";"r1";0,995944577242995;66,5376719539953;59,057930068383;59,0770175349166;29,5976765699944
"superheroes";"r1";0,996369432370355;65,8207585578599;58,3500103420427;58,3690748577347;28,4497528164405
"superheroes";"r1";0,994146450391138;64,4491422946325;56,9183649087282;56,9375826121628;33,0391041296671
"superheroes";"r1";0,997025009030016;65,5623696228274;57,836463673858;57,8561793236087;31,2809392257034
"superheroes";"r1";0,998648243229243;66,4028412023928;58,2617456791453;58,2825208463534;29,8956862378465
"superheroes";"r1";0,996601673016081;65,594437333202;56,8465304651679;56,8688541472061;31,504174164742
"superheroes";"r1";0,996322594947496;66,5440847538596;58,4891711968903;58,5097264373385;29,8859828977899
"superheroes";"r1";0,997774402851655;65,9656498622611;57,2123402751311;57,2346777443055;30,3642311732773
"superheroes";"r1";0,997439659949739;64,2287910117035;56,7570762787132;56,7761432608491;32,9507264569072
"superheroes";"r1";0,996398230607314;65,7803419145865;58,1116900934888;58,1312596370948;29,268965794077
"superheroes";"r1";0,995464645914904;66,7014436315217;58,3515818316384;58,3728897470855;29,5935819234206
"superheroes";"r1";0,9938136776706;66,2218147650231;57,9410520280626;57,9621836104128;30,0730677997844
"superheroes";"r1";0,994806625525859;64,7668506646087;57,2259674042647;57,245210896763;31,8718581043665
"superheroes";"r1";0,997819176647232;65,7714957153369;57,5187096689984;57,5397698579564;31,1372050477524
"superheroes";"r1";0,996860137740558;66,049375689142;57,3887963937548;57,4108972255736;30,6180167925999
"superheroes";"r1";0,997103261043716;65,1340910967118;58,7563675464799;58,7726427852096;30,2681971004323
"superheroes";"r1";0,996712684819016;65,6825346595353;57,8896704253055;57,9095569451275;30,4659688498296
"superheroes";"r1";0,997056732240916;66,1510655349144;58,2367399905959;58,2569364661258;29,9437788921451
"superheroes";"r1";0,99722403876373;67,4776908564843;58,5767215844456;58,5994358646566;29,7030327730767
"superheroes";"r1";0,996757909485081;65,5395666118762;57,1286687519845;57,150132424645;31,6853547662781
"superheroes";"r1";0,997490696448034;65,5849024227832;56,6740310159696;56,6967705653235;32,2170652891821
"superheroes";"r1";0,996478582509661;65,5934037278794;57,7833823962695;57,8033126990892;29,991243108263
"superheroes";"r1";0,996883076209678;66,596132817173;58,0470935719955;58,0689097660543;29,8541540205844
"superheroes";"r1";0,99792065796832;65,9124051824771;58,4801910969646;58,4991572778565;29,8966961928474
"superheroes";"r1";0,997850504940446;64,5534353596753;56,9191909590535;56,9386726987625;31,190385936187
"superheroes";"r1";0,996845596994512;63,8215249427561;57,394337413221;57,4107388785056;32,4656177133499
"superheroes";"r1";0,99577759292534;67,1192931543319;58,7773688156232;58,7986564755553;29,045731784278
"superheroes";"r1";0,995229780908016;64,20125984591;57,0492645638841;57,0675156576627;32,8304768405239
"superheroes";"r1";0,998042907995589;65,7020827859664;57,2310705532971;57,252687631128;30,966546373769
"superheroes";"r1";0,992769303065547;64,5724434658865;57,1110166889388;57,130057417359;29,9942459359541
"superheroes";"r1";0,995937157706093;65,6980503309249;58,0837016065812;58,1031325747447;30,4360595757735
"superheroes";"r1";0,99359345279719;66,1686212121438;57,9854607069465;58,0063432192939;29,8237551903837
"superheroes";"r1";0,995291152535143;66,0531885658042;58,0688120780346;58,0891873157543;29,3123864278228
"superheroes";"r1";0,99685013840744;64,980997125506;57,2507180881733;57,2704448975575;30,7267039158554
"superheroes";"r1";0,994244621917095;64,7523481392402;56,8216105332038;56,8418488904836;31,7147451981957
"superheroes";"r1";0,997359053947255;65,4075814685985;57,143415246958;57,1645044768533;30,8796586577351
"superheroes";"r1";0,998639406691961;65,5924043199941;57,1162098881331;57,137840190358;32,8337512075165
"superheroes";"r1";0,997993236184763;64,9265797360212;57,8938875086021;57,9118341542998;30,8813531164955
"superheroes";"r1";0,997981180423583;66,7439106195574;58,1448622458223;58,166806057596;29,016368850233
"superheroes";"r1";0,996493507995457;65,7347199949999;57,4733977974031;57,4944797696664;31,5231657810695
"superheroes";"r1";0,998053322907642;66,2616784108699;58,1900917213166;58,2106895097384;29,5830395286567
"superheroes";"r1";0,995239963067021;66,1472261140553;58,5632086847335;58,5825622508172;30,3929078425573
"superheroes";"r1";0,996136657932886;65,2073269946837;57,6343948022879;57,6537200800841;31,5731168417599
"superheroes";"r1";0,995338900683555;64,999671074492;57,5500251773978;57,5690358423274;30,6256514702291
"superheroes";"r1";0,995902555017604;66,9548214670603;58,5634303888001;58,5848442823309;28,5667580252835
"superheroes";"r1";0,997662800783322;66,7557925634895;58,1832388417876;58,2051150421662;29,0147740655922
"superheroes";"r1";0,997201874798033;65,3068480053087;57,3381110536029;57,358446380972;31,7247811805777
"superheroes";"r1";0,996882336411144;65,9595641260229;58,9233384039188;58,9412940667006;29,0755933068855
"superheroes";"r1";0,996038487071153;65,4033118584808;56,7656124228211;56,7876548677913;31,2265349754919
"superheroes";"r1";0,99749951268373;64,8132199629837;58,0473036529785;58,0645695163078;29,961042099049
"superheroes";"r1";0,995598265333243;65,4195342852503;57,5562412755707;57,5763075217676;31,196119230503
"superheroes";"r1";0,997890883439482;65,6700661207643;58,1249756500116;58,1442298788413;30,0061171293159
"superheroes";"r1";0,996001749634397;65,9945182724107;58,3276471774559;58,3472121768476;29,8593594129886
"superheroes";"r1";0,995560050460095;65,0100416221995;57,4976088159247;57,5167797060393;31,2548771844278
"superheroes";"r1";0,994521039434332;63,0002484657031;56,8651273922832;56,8807835365672;31,2779393915353
"superheroes";"r1";0,998040642939339;66,1513553625602;59,1747607279027;59,1925642188043;30,1290729012824
"superheroes";"r1";0,995970205692003;65,1037996425558;56,4442750936136;56,4663732338371;31,4159880279846
"superheroes";"r1";0,995976735940585;66,045364781749;58,8158611217869;58,8343100082958;29,7536859430639
"superheroes";"r1";0,996350772663923;63,569419251234;56,5742194719315;56,5920704410859;32,7310955946411
